0.340   0.340   0.000   0.000   0.000   -23.000   
0.340   0.340   0.000   0.000   0.000   -21.000   
0.340   0.340   0.000   0.000   0.000   -23.000   
0.340   0.340   0.000   0.000   0.000   -20.000   
0.340   0.340   0.000   0.000   0.000   -22.000   
0.340   0.340   0.000   0.000   0.000   -21.000   
0.340   0.340   0.000   0.000   0.000   -21.000   
0.340   0.340   0.000   0.000   0.000   -21.000   
0.340   0.340   0.000   0.000   0.000   -21.000   
0.340   0.340   0.000   0.000   0.000   -23.000   
0.340   0.340   0.000   0.000   0.000   -21.000   
0.340   0.340   0.000   0.000   0.000   -23.000   
0.340   0.340   0.000   0.000   0.000   -21.000   
0.340   0.340   0.000   0.000   0.000   -24.000   
0.340   0.340   0.000   0.000   0.000   -23.000   
0.340   0.340   0.000   0.000   0.000   -22.000   
0.340   0.340   0.000   0.000   0.000   -24.000   
0.340   0.340   0.000   0.000   0.000   -21.000   
0.340   0.340   0.000   0.000   0.000   -30.000   
0.340   0.340   0.000   0.000   0.000   -27.000   
0.340   0.340   0.000   0.000   0.000   -29.000   
0.340   0.340   0.000   0.000   0.000   -28.000   
0.340   0.340   0.000   0.000   0.000   -28.000   
0.340   0.340   0.000   0.000   0.000   -30.000   
0.340   0.340   0.000   0.000   0.000   -29.000   
0.340   0.340   0.000   0.000   0.000   -29.000   
0.340   0.340   0.000   0.000   0.000   -27.000   
0.340   0.340   0.000   0.000   0.000   -26.000   
0.340   0.340   0.000   0.000   0.000   -27.000   
0.340   0.340   0.000   0.000   0.000   -27.000   
0.340   0.340   0.000   0.000   0.000   -27.000   
0.340   0.340   0.000   0.000   0.000   -27.000   
0.340   0.340   0.000   0.000   0.000   -28.000   
0.340   0.340   0.000   0.000   0.000   -28.000   
0.340   0.340   0.000   0.000   0.000   -26.000   
0.340   0.340   0.000   0.000   0.000   -26.000   
0.340   0.340   0.000   0.000   0.000   -25.000   
0.340   0.340   0.000   0.000   0.000   -26.000   
0.340   0.340   0.000   0.000   0.000   -27.000   
0.340   0.340   0.000   0.000   0.000   -26.000   
0.340   0.340   0.000   0.000   0.000   -26.000   
0.340   0.340   0.000   0.000   0.000   -26.000   
0.340   0.340   0.000   0.000   0.000   -26.000   
0.340   0.340   0.000   0.000   0.000   -28.000   
0.340   0.340   0.000   0.000   0.000   -26.000   
0.340   0.340   0.000   0.000   0.000   -29.000   
0.340   0.340   0.000   0.000   0.000   -25.000   
0.340   0.340   0.000   0.000   0.000   -28.000   
0.340   0.340   0.000   0.000   0.000   -25.000   
0.340   0.340   0.000   0.000   0.000   -30.000   
0.340   0.340   0.000   0.000   0.000   -26.000   
0.340   0.340   0.000   0.000   0.000   -28.000   
0.340   0.340   0.000   0.000   0.000   -27.000   
0.340   0.340   0.000   0.000   0.000   -27.000   
0.340   0.340   0.000   0.000   0.000   -28.000   
0.340   0.340   0.000   0.000   0.000   -28.000   
0.340   0.340   0.000   0.000   0.000   -27.000   
0.340   0.340   0.000   0.000   0.000   -28.000   
0.340   0.340   0.000   0.000   0.000   -29.000   
0.340   0.340   0.000   0.000   0.000   -19.000   
0.340   0.340   0.000   0.000   0.000   -20.000   
0.340   0.340   0.000   0.000   0.000   -18.000   
0.340   0.340   0.000   0.000   0.000   -21.000   
0.340   0.340   0.000   0.000   0.000   -18.000   
0.340   0.340   0.000   0.000   0.000   -21.000   
0.340   0.340   0.000   0.000   0.000   -19.000   
0.340   0.340   0.000   0.000   0.000   -20.000   
0.340   0.340   0.000   0.000   0.000   -18.000   
0.340   0.340   0.000   0.000   0.000   -20.000   
0.340   0.340   0.000   0.000   0.000   -18.000   
0.340   0.340   0.000   0.000   0.000   -19.000   
0.340   0.340   0.000   0.000   0.000   -20.000   
0.340   0.340   0.000   0.000   0.000   -19.000   
0.340   0.340   0.000   0.000   0.000   -19.000   
0.340   0.340   0.000   0.000   0.000   -19.000   
0.340   0.340   0.000   0.000   0.000   -21.000   
0.340   0.340   0.000   0.000   0.000   -18.000   
0.340   0.340   0.000   0.000   0.000   -19.000   
0.340   0.340   0.000   0.000   0.000   -18.000   
0.340   0.340   0.000   0.000   0.000   -19.000   
0.340   0.340   0.000   0.000   0.000   -18.000   
0.340   0.340   0.000   0.000   0.000   -18.000   
0.340   0.340   0.000   0.000   0.000   -18.000   
0.340   0.340   0.000   0.000   0.000   -18.000   
0.340   0.340   0.000   0.000   0.000   -18.000   
0.340   0.340   0.000   0.000   0.000   -18.000   
0.340   0.340   0.000   0.000   0.000   -18.000   
0.340   0.340   0.000   0.000   0.000   -18.000   
0.340   0.340   0.000   0.000   0.000   -19.000   
0.340   0.340   0.000   0.000   0.000   -18.000   
0.340   0.340   0.000   0.000   0.000   -20.000   
0.340   0.340   0.000   0.000   0.000   -17.000   
0.340   0.340   0.000   0.000   0.000   -20.000   
0.340   0.340   0.000   0.000   0.000   -17.000   
0.340   0.340   0.000   0.000   0.000   -20.000   
0.340   0.340   0.000   0.000   0.000   -18.000   
0.340   0.340   0.000   0.000   0.000   -18.000   
0.340   0.340   0.000   0.000   0.000   -20.000   
0.340   0.340   0.000   0.000   0.000   -18.000   
0.340   0.340   0.000   0.000   0.000   -20.000   
0.340   0.340   0.000   0.000   0.000   -18.000   
0.340   0.340   0.000   0.000   0.000   -21.000   
0.340   0.340   0.000   0.000   0.000   -20.000   
0.340   0.340   0.000   0.000   0.000   -20.000   
0.340   0.340   0.000   0.000   0.000   -19.000   
0.340   0.340   0.000   0.000   0.000   -18.000   
0.340   0.340   0.000   0.000   0.000   -21.000   
0.340   0.340   0.000   0.000   0.000   -18.000   
0.340   0.340   0.000   0.000   0.000   -21.000   
0.340   0.340   0.000   0.000   0.000   -19.000   
0.340   0.340   0.000   0.000   0.000   -21.000   
0.340   0.340   0.000   0.000   0.000   -21.000   
0.340   0.340   0.000   0.000   0.000   -19.000   
0.340   0.340   0.000   0.000   0.000   -21.000   
0.340   0.340   0.000   0.000   0.000   -19.000   
0.340   0.340   0.000   0.000   0.000   -20.000   
0.340   0.340   0.000   0.000   0.000   -19.000   
0.340   0.340   0.000   0.000   0.000   -20.000   
0.340   0.340   0.000   0.000   0.000   -20.000   
0.340   0.340   0.000   0.000   0.000   -20.000   
0.340   0.340   0.000   0.000   0.000   -19.000   
0.340   0.340   0.000   0.000   0.000   -18.000   
0.340   0.340   0.000   0.000   0.000   -19.000   
0.340   0.340   0.000   0.000   0.000   -19.000   
0.340   0.340   0.000   0.000   0.000   -20.000   
0.340   0.340   0.000   0.000   0.000   -19.000   
0.340   0.340   0.000   0.000   0.000   -19.000   
0.340   0.340   0.000   0.000   0.000   -21.000   
0.340   0.340   0.000   0.000   0.000   -18.000   
0.340   0.340   0.000   0.000   0.000   -20.000   
0.340   0.340   0.000   0.000   0.000   -18.000   
0.340   0.340   0.000   0.000   0.000   -20.000   
0.340   0.340   0.000   0.000   0.000   -18.000   
0.340   0.340   0.000   0.000   0.000   -20.000   
0.340   0.340   0.000   0.000   0.000   -19.000   
0.340   0.340   0.000   0.000   0.000   -19.000   
0.340   0.340   0.000   0.000   0.000   -20.000   
0.340   0.340   0.000   0.000   0.000   -18.000   
0.340   0.340   0.000   0.000   0.000   -21.000   
0.340   0.340   0.000   0.000   0.000   -18.000   
0.340   0.340   0.000   0.000   0.000   -21.000   
0.340   0.340   0.000   0.000   0.000   -19.000   
0.340   0.340   0.000   0.000   0.000   -21.000   
0.340   0.340   0.000   0.000   0.000   -21.000   
0.340   0.340   0.000   0.000   0.000   -19.000   
0.340   0.340   0.000   0.000   0.000   -20.000   
0.340   0.340   0.000   0.000   0.000   -19.000   
0.340   0.340   0.000   0.000   0.000   -21.000   
0.340   0.340   0.000   0.000   0.000   -20.000   
0.340   0.340   0.000   0.000   0.000   -21.000   
0.340   0.340   0.000   0.000   0.000   -21.000   
0.340   0.340   0.000   0.000   0.000   -21.000   
0.340   0.340   0.000   0.000   0.000   -23.000   
0.340   0.340   0.000   0.000   0.000   -18.000   
0.340   0.340   0.000   0.000   0.000   -20.000   
0.340   0.340   0.000   0.000   0.000   -19.000   
0.340   0.340   0.000   0.000   0.000   -21.000   
0.340   0.340   0.000   0.000   0.000   -20.000   
0.340   0.340   0.000   0.000   0.000   -20.000   
0.340   0.340   0.000   0.000   0.000   -21.000   
0.340   0.340   0.000   0.000   0.000   -18.000   
0.340   0.340   0.000   0.000   0.000   -21.000   
0.340   0.340   0.000   0.000   0.000   -18.000   
0.340   0.340   0.000   0.000   0.000   -21.000   
0.340   0.340   0.000   0.000   0.000   -18.000   
0.340   0.340   0.000   0.000   0.000   -19.000   
0.340   0.340   0.000   0.000   0.000   -21.000   
0.340   0.340   0.000   0.000   0.000   -18.000   
0.340   0.340   0.000   0.000   0.000   -22.000   
0.340   0.340   0.000   0.000   0.000   -18.000   
0.340   0.340   0.000   0.000   0.000   -21.000   
0.340   0.340   0.000   0.000   0.000   -18.000   
0.340   0.340   0.000   0.000   0.000   -20.000   
0.340   0.340   0.000   0.000   0.000   -19.000   
0.340   0.340   0.000   0.000   0.000   -19.000   
0.340   0.340   0.000   0.000   0.000   -20.000   
0.340   0.340   0.000   0.000   0.000   -18.000   
0.340   0.340   0.000   0.000   0.000   -20.000   
0.340   0.340   0.000   0.000   0.000   -18.000   
0.340   0.340   0.000   0.000   0.000   -19.000   
0.340   0.340   0.000   0.000   0.000   -18.000   
0.340   0.340   0.000   0.000   0.000   -20.000   
0.340   0.340   0.000   0.000   0.000   -16.000   
0.340   0.340   0.000   0.000   0.000   -15.000   
0.340   0.340   0.000   0.000   0.000   -14.000   
0.340   0.340   0.000   0.000   0.000   -14.000   
0.340   0.340   0.000   0.000   0.000   -16.000   
0.340   0.340   0.000   0.000   0.000   -13.000   
0.340   0.340   0.000   0.000   0.000   -14.000   
0.340   0.340   0.000   0.000   0.000   -17.000   
0.340   0.340   0.000   0.000   0.000   -15.000   
0.340   0.340   0.000   0.000   0.000   -16.000   
0.340   0.340   0.000   0.000   0.000   -15.000   
0.340   0.340   0.000   0.000   0.000   -17.000   
0.340   0.340   0.000   0.000   0.000   -14.000   
0.340   0.340   0.000   0.000   0.000   -16.000   
0.340   0.340   0.000   0.000   0.000   -15.000   
0.340   0.340   0.000   0.000   0.000   -15.000   
0.340   0.340   0.000   0.000   0.000   -16.000   
0.340   0.340   0.000   0.000   0.000   -17.000   
0.340   0.340   0.000   0.000   0.000   -17.000   
0.340   0.340   0.000   0.000   0.000   -15.000   
0.340   0.340   0.000   0.000   0.000   -17.000   
0.340   0.340   0.000   0.000   0.000   -14.000   
0.340   0.340   0.000   0.000   0.000   -14.000   
0.340   0.340   0.000   0.000   0.000   -14.000   
0.340   0.340   0.000   0.000   0.000   -15.000   
0.340   0.340   0.000   0.000   0.000   -14.000   
0.340   0.340   0.000   0.000   0.000   -16.000   
0.340   0.340   0.000   0.000   0.000   -14.000   
0.340   0.340   0.000   0.000   0.000   -15.000   
0.340   0.340   0.000   0.000   0.000   -15.000   
0.340   0.340   0.000   0.000   0.000   -14.000   
0.340   0.340   0.000   0.000   0.000   -17.000   
0.340   0.340   0.000   0.000   0.000   -13.000   
0.340   0.340   0.000   0.000   0.000   -15.000   
0.340   0.340   0.000   0.000   0.000   -15.000   
0.340   0.340   0.000   0.000   0.000   -14.000   
0.340   0.340   0.000   0.000   0.000   -15.000   
0.340   0.340   0.000   0.000   0.000   -15.000   
0.340   0.340   0.000   0.000   0.000   -13.000   
0.340   0.340   0.000   0.000   0.000   -15.000   
0.340   0.340   0.000   0.000   0.000   -16.000   
0.340   0.340   0.000   0.000   0.000   -19.000   
0.340   0.340   0.000   0.000   0.000   -20.000   
0.340   0.340   0.000   0.000   0.000   -19.000   
0.340   0.340   0.000   0.000   0.000   -22.000   
0.340   0.340   0.000   0.000   0.000   -18.000   
0.340   0.340   0.000   0.000   0.000   -23.000   
0.340   0.340   0.000   0.000   0.000   -20.000   
0.340   0.340   0.000   0.000   0.000   -23.000   
0.340   0.340   0.000   0.000   0.000   -20.000   
0.340   0.340   0.000   0.000   0.000   -20.000   
0.340   0.340   0.000   0.000   0.000   -20.000   
0.340   0.340   0.000   0.000   0.000   -21.000   
0.340   0.340   0.000   0.000   0.000   -23.000   
0.340   0.340   0.000   0.000   0.000   -20.000   
0.340   0.340   0.000   0.000   0.000   -23.000   
0.340   0.340   0.000   0.000   0.000   -20.000   
0.340   0.340   0.000   0.000   0.000   -23.000   
0.340   0.340   0.000   0.000   0.000   -20.000   
0.340   0.340   0.000   0.000   0.000   -21.000   
0.340   0.340   0.000   0.000   0.000   -21.000   
0.340   0.340   0.000   0.000   0.000   -20.000   
0.340   0.340   0.000   0.000   0.000   -21.000   
0.340   0.340   0.000   0.000   0.000   -20.000   
0.340   0.340   0.000   0.000   0.000   -22.000   
0.340   0.340   0.000   0.000   0.000   -20.000   
0.340   0.340   0.000   0.000   0.000   -21.000   
0.340   0.340   0.000   0.000   0.000   -20.000   
0.340   0.340   0.000   0.000   0.000   -21.000   
0.340   0.340   0.000   0.000   0.000   -19.000   
0.340   0.340   0.000   0.000   0.000   -22.000   
0.340   0.340   0.000   0.000   0.000   -19.000   
0.340   0.340   0.000   0.000   0.000   -20.000   
0.340   0.340   0.000   0.000   0.000   -20.000   
0.340   0.340   0.000   0.000   0.000   -21.000   
0.340   0.340   0.000   0.000   0.000   -20.000   
0.340   0.340   0.000   0.000   0.000   -19.000   
0.340   0.340   0.000   0.000   0.000   -21.000   
0.340   0.340   0.000   0.000   0.000   -19.000   
0.340   0.340   0.000   0.000   0.000   -19.000   
0.340   0.340   0.000   0.000   0.000   -18.000   
0.340   0.340   0.000   0.000   0.000   -20.000   
0.340   0.340   0.000   0.000   0.000   -19.000   
0.340   0.340   0.000   0.000   0.000   -20.000   
0.340   0.340   0.000   0.000   0.000   -19.000   
0.340   0.340   0.000   0.000   0.000   -22.000   
0.340   0.340   0.000   0.000   0.000   -21.000   
0.340   0.340   0.000   0.000   0.000   -20.000   
0.340   0.340   0.000   0.000   0.000   -21.000   
0.340   0.340   0.000   0.000   0.000   -20.000   
0.340   0.340   0.000   0.000   0.000   -21.000   
0.340   0.340   0.000   0.000   0.000   -20.000   
0.340   0.340   0.000   0.000   0.000   -23.000   
0.340   0.340   0.000   0.000   0.000   -20.000   
0.340   0.340   0.000   0.000   0.000   -21.000   
0.340   0.340   0.000   0.000   0.000   -21.000   
0.340   0.340   0.000   0.000   0.000   -22.000   
0.340   0.340   0.000   0.000   0.000   -21.000   
0.340   0.340   0.000   0.000   0.000   -21.000   
0.340   0.340   0.000   0.000   0.000   -23.000   
0.340   0.340   0.000   0.000   0.000   -21.000   
0.340   0.340   0.000   0.000   0.000   -23.000   
0.340   0.340   0.000   0.000   0.000   -21.000   
0.340   0.340   0.000   0.000   0.000   -21.000   
0.340   0.340   0.000   0.000   0.000   -21.000   
0.340   0.340   0.000   0.000   0.000   -23.000   
0.340   0.340   0.000   0.000   0.000   -21.000   
0.340   0.340   0.000   0.000   0.000   -22.000   
0.340   0.340   0.000   0.000   0.000   -24.000   
0.340   0.340   0.000   0.000   0.000   -20.000   
0.340   0.340   0.000   0.000   0.000   -21.000   
0.340   0.340   0.000   0.000   0.000   -21.000   
0.340   0.340   0.000   0.000   0.000   -20.000   
0.340   0.340   0.000   0.000   0.000   -20.000   
0.340   0.340   0.000   0.000   0.000   -21.000   
0.340   0.340   0.000   0.000   0.000   -21.000   
0.340   0.340   0.000   0.000   0.000   -21.000   
0.340   0.340   0.000   0.000   0.000   -20.000   
0.340   0.340   0.000   0.000   0.000   -20.000   
0.340   0.340   0.000   0.000   0.000   -19.000   
0.340   0.340   0.000   0.000   0.000   -20.000   
0.340   0.340   0.000   0.000   0.000   -20.000   
0.340   0.340   0.000   0.000   0.000   -20.000   
0.340   0.340   0.000   0.000   0.000   -21.000   
0.340   0.340   0.000   0.000   0.000   -21.000   
0.340   0.340   0.000   0.000   0.000   -21.000   
0.340   0.340   0.000   0.000   0.000   -21.000   
0.340   0.340   0.000   0.000   0.000   -20.000   
0.340   0.340   0.000   0.000   0.000   -21.000   
0.340   0.340   0.000   0.000   0.000   -20.000   
0.340   0.340   0.000   0.000   0.000   -23.000   
0.340   0.340   0.000   0.000   0.000   -18.000   
0.340   0.340   0.000   0.000   0.000   -23.000   
0.340   0.340   0.000   0.000   0.000   -20.000   
0.340   0.340   0.000   0.000   0.000   -23.000   
0.340   0.340   0.000   0.000   0.000   -21.000   
0.340   0.340   0.000   0.000   0.000   -20.000   
0.340   0.340   0.000   0.000   0.000   -23.000   
0.340   0.340   0.000   0.000   0.000   -20.000   
0.340   0.340   0.000   0.000   0.000   -23.000   
0.340   0.340   0.000   0.000   0.000   -20.000   
0.340   0.340   0.000   0.000   0.000   -23.000   
0.340   0.340   0.000   0.000   0.000   -23.000   
0.340   0.340   0.000   0.000   0.000   -22.000   
0.340   0.340   0.000   0.000   0.000   -23.000   
0.340   0.340   0.000   0.000   0.000   -21.000   
0.340   0.340   0.000   0.000   0.000   -24.000   
0.340   0.340   0.000   0.000   0.000   -21.000   
0.340   0.340   0.000   0.000   0.000   -23.000   
0.340   0.340   0.000   0.000   0.000   -21.000   
0.340   0.340   0.000   0.000   0.000   -22.000   
0.340   0.340   0.000   0.000   0.000   -24.000   
0.340   0.340   0.000   0.000   0.000   -20.000   
0.340   0.340   0.000   0.000   0.000   -22.000   
0.340   0.340   0.000   0.000   0.000   -20.000   
0.340   0.340   0.000   0.000   0.000   -22.000   
0.340   0.340   0.000   0.000   0.000   -21.000   
0.340   0.340   0.000   0.000   0.000   -22.000   
0.340   0.340   0.000   0.000   0.000   -23.000   
0.340   0.340   0.000   0.000   0.000   -20.000   
0.340   0.340   0.000   0.000   0.000   -23.000   
0.340   0.340   0.000   0.000   0.000   -20.000   
0.340   0.340   0.000   0.000   0.000   -22.000   
0.340   0.340   0.000   0.000   0.000   -21.000   
0.340   0.340   0.000   0.000   0.000   -20.000   
0.340   0.340   0.000   0.000   0.000   -28.000   
0.340   0.340   0.000   0.000   0.000   -25.000   
0.340   0.340   0.000   0.000   0.000   -27.000   
0.340   0.340   0.000   0.000   0.000   -24.000   
0.340   0.340   0.000   0.000   0.000   -27.000   
0.340   0.340   0.000   0.000   0.000   -25.000   
0.340   0.340   0.000   0.000   0.000   -28.000   
0.340   0.340   0.000   0.000   0.000   -26.000   
0.340   0.340   0.000   0.000   0.000   -26.000   
0.340   0.340   0.000   0.000   0.000   -27.000   
0.340   0.340   0.000   0.000   0.000   -26.000   
0.340   0.340   0.000   0.000   0.000   -26.000   
0.340   0.340   0.000   0.000   0.000   -26.000   
0.340   0.340   0.000   0.000   0.000   -28.000   
0.340   0.340   0.000   0.000   0.000   -28.000   
0.340   0.340   0.000   0.000   0.000   -28.000   
0.340   0.340   0.000   0.000   0.000   -27.000   
0.340   0.340   0.000   0.000   0.000   -27.000   
0.340   0.340   0.000   0.000   0.000   -28.000   
0.340   0.340   0.000   0.000   0.000   -27.000   
0.340   0.340   0.000   0.000   0.000   -26.000   
0.340   0.340   0.000   0.000   0.000   -29.000   
0.340   0.340   0.000   0.000   0.000   -28.000   
0.340   0.340   0.000   0.000   0.000   -30.000   
0.340   0.340   0.000   0.000   0.000   -27.000   
0.340   0.340   0.000   0.000   0.000   -28.000   
0.340   0.340   0.000   0.000   0.000   -26.000   
0.340   0.340   0.000   0.000   0.000   -27.000   
0.340   0.340   0.000   0.000   0.000   -28.000   
0.340   0.340   0.000   0.000   0.000   -27.000   
0.340   0.340   0.000   0.000   0.000   -29.000   
0.340   0.340   0.000   0.000   0.000   -27.000   
0.340   0.340   0.000   0.000   0.000   -31.000   
0.340   0.340   0.000   0.000   0.000   -26.000   
0.340   0.340   0.000   0.000   0.000   -30.000   
0.340   0.340   0.000   0.000   0.000   -27.000   
0.340   0.340   0.000   0.000   0.000   -28.000   
0.340   0.340   0.000   0.000   0.000   -26.000   
0.340   0.340   0.000   0.000   0.000   -27.000   
0.340   0.340   0.000   0.000   0.000   -28.000   
0.340   0.340   0.000   0.000   0.000   -24.000   
0.340   0.340   0.000   0.000   0.000   -19.000   
0.340   0.340   0.000   0.000   0.000   -17.000   
0.340   0.340   0.000   0.000   0.000   -19.000   
0.340   0.340   0.000   0.000   0.000   -18.000   
0.340   0.340   0.000   0.000   0.000   -18.000   
0.340   0.340   0.000   0.000   0.000   -19.000   
0.340   0.340   0.000   0.000   0.000   -18.000   
0.340   0.340   0.000   0.000   0.000   -19.000   
0.340   0.340   0.000   0.000   0.000   -17.000   
0.340   0.340   0.000   0.000   0.000   -18.000   
0.340   0.340   0.000   0.000   0.000   -18.000   
0.340   0.340   0.000   0.000   0.000   -18.000   
0.340   0.340   0.000   0.000   0.000   -19.000   
0.340   0.340   0.000   0.000   0.000   -17.000   
0.340   0.340   0.000   0.000   0.000   -19.000   
0.340   0.340   0.000   0.000   0.000   -19.000   
0.340   0.340   0.000   0.000   0.000   -18.000   
0.340   0.340   0.000   0.000   0.000   -19.000   
0.340   0.340   0.000   0.000   0.000   -19.000   
0.340   0.340   0.000   0.000   0.000   -18.000   
0.340   0.340   0.000   0.000   0.000   -19.000   
0.340   0.340   0.000   0.000   0.000   -18.000   
0.340   0.340   0.000   0.000   0.000   -19.000   
0.340   0.340   0.000   0.000   0.000   -19.000   
0.340   0.340   0.000   0.000   0.000   -20.000   
0.340   0.340   0.000   0.000   0.000   -21.000   
0.340   0.340   0.000   0.000   0.000   -20.000   
0.340   0.340   0.000   0.000   0.000   -20.000   
0.340   0.340   0.000   0.000   0.000   -19.000   
0.340   0.340   0.000   0.000   0.000   -20.000   
0.340   0.340   0.000   0.000   0.000   -18.000   
0.340   0.340   0.000   0.000   0.000   -20.000   
0.340   0.340   0.000   0.000   0.000   -18.000   
0.340   0.340   0.000   0.000   0.000   -20.000   
0.340   0.340   0.000   0.000   0.000   -18.000   
0.340   0.340   0.000   0.000   0.000   -19.000   
0.340   0.340   0.000   0.000   0.000   -19.000   
0.340   0.340   0.000   0.000   0.000   -19.000   
0.340   0.340   0.000   0.000   0.000   -20.000   
0.340   0.340   0.000   0.000   0.000   -19.000   
0.340   0.340   0.000   0.000   0.000   -19.000   
0.340   0.340   0.000   0.000   0.000   -18.000   
0.340   0.340   0.000   0.000   0.000   -19.000   
0.340   0.340   0.000   0.000   0.000   -18.000   
0.340   0.340   0.000   0.000   0.000   -19.000   
0.340   0.340   0.000   0.000   0.000   -20.000   
0.340   0.340   0.000   0.000   0.000   -19.000   
0.340   0.340   0.000   0.000   0.000   -21.000   
0.340   0.340   0.000   0.000   0.000   -18.000   
0.340   0.340   0.000   0.000   0.000   -19.000   
0.340   0.340   0.000   0.000   0.000   -18.000   
0.340   0.340   0.000   0.000   0.000   -21.000   
0.340   0.340   0.000   0.000   0.000   -18.000   
0.340   0.340   0.000   0.000   0.000   -20.000   
0.340   0.340   0.000   0.000   0.000   -18.000   
0.340   0.340   0.000   0.000   0.000   -19.000   
0.340   0.340   0.000   0.000   0.000   -19.000   
0.340   0.340   0.000   0.000   0.000   -18.000   
0.340   0.340   0.000   0.000   0.000   -20.000   
0.340   0.340   0.000   0.000   0.000   -18.000   
0.340   0.340   0.000   0.000   0.000   -21.000   
0.340   0.340   0.000   0.000   0.000   -18.000   
0.340   0.340   0.000   0.000   0.000   -20.000   
0.340   0.340   0.000   0.000   0.000   -18.000   
0.340   0.340   0.000   0.000   0.000   -21.000   
0.340   0.340   0.000   0.000   0.000   -18.000   
0.340   0.340   0.000   0.000   0.000   -20.000   
0.340   0.340   0.000   0.000   0.000   -18.000   
0.340   0.340   0.000   0.000   0.000   -21.000   
0.340   0.340   0.000   0.000   0.000   -18.000   
0.340   0.340   0.000   0.000   0.000   -20.000   
0.340   0.340   0.000   0.000   0.000   -20.000   
0.340   0.340   0.000   0.000   0.000   -19.000   
0.340   0.340   0.000   0.000   0.000   -20.000   
0.340   0.340   0.000   0.000   0.000   -19.000   
0.340   0.340   0.000   0.000   0.000   -21.000   
0.340   0.340   0.000   0.000   0.000   -18.000   
0.340   0.340   0.000   0.000   0.000   -20.000   
0.340   0.340   0.000   0.000   0.000   -18.000   
0.340   0.340   0.000   0.000   0.000   -20.000   
0.340   0.340   0.000   0.000   0.000   -19.000   
0.340   0.340   0.000   0.000   0.000   -19.000   
0.340   0.340   0.000   0.000   0.000   -19.000   
0.340   0.340   0.000   0.000   0.000   -20.000   
0.340   0.340   0.000   0.000   0.000   -21.000   
0.340   0.340   0.000   0.000   0.000   -18.000   
0.340   0.340   0.000   0.000   0.000   -20.000   
0.340   0.340   0.000   0.000   0.000   -18.000   
0.340   0.340   0.000   0.000   0.000   -21.000   
0.340   0.340   0.000   0.000   0.000   -18.000   
0.340   0.340   0.000   0.000   0.000   -19.000   
0.340   0.340   0.000   0.000   0.000   -19.000   
0.340   0.340   0.000   0.000   0.000   -19.000   
0.340   0.340   0.000   0.000   0.000   -20.000   
0.340   0.340   0.000   0.000   0.000   -18.000   
0.340   0.340   0.000   0.000   0.000   -19.000   
0.340   0.340   0.000   0.000   0.000   -18.000   
0.340   0.340   0.000   0.000   0.000   -20.000   
0.340   0.340   0.000   0.000   0.000   -18.000   
0.340   0.340   0.000   0.000   0.000   -19.000   
0.340   0.340   0.000   0.000   0.000   -18.000   
0.340   0.340   0.000   0.000   0.000   -21.000   
0.340   0.340   0.000   0.000   0.000   -19.000   
0.340   0.340   0.000   0.000   0.000   -21.000   
0.340   0.340   0.000   0.000   0.000   -20.000   
0.340   0.340   0.000   0.000   0.000   -19.000   
0.340   0.340   0.000   0.000   0.000   -18.000   
0.340   0.340   0.000   0.000   0.000   -20.000   
0.340   0.340   0.000   0.000   0.000   -19.000   
0.340   0.340   0.000   0.000   0.000   -19.000   
0.340   0.340   0.000   0.000   0.000   -22.000   
0.340   0.340   0.000   0.000   0.000   -20.000   
0.340   0.340   0.000   0.000   0.000   -21.000   
0.340   0.340   0.000   0.000   0.000   -21.000   
0.340   0.340   0.000   0.000   0.000   -21.000   
0.340   0.340   0.000   0.000   0.000   -21.000   
0.340   0.340   0.000   0.000   0.000   -20.000   
0.340   0.340   0.000   0.000   0.000   -19.000   
0.340   0.340   0.000   0.000   0.000   -19.000   
0.340   0.340   0.000   0.000   0.000   -21.000   
0.340   0.340   0.000   0.000   0.000   -20.000   
0.340   0.340   0.000   0.000   0.000   -22.000   
0.340   0.340   0.000   0.000   0.000   -19.000   
0.340   0.340   0.000   0.000   0.000   -15.000   
0.340   0.340   0.000   0.000   0.000   -14.000   
0.340   0.340   0.000   0.000   0.000   -16.000   
0.340   0.340   0.000   0.000   0.000   -14.000   
0.340   0.340   0.000   0.000   0.000   -16.000   
0.340   0.340   0.000   0.000   0.000   -13.000   
0.340   0.340   0.000   0.000   0.000   -15.000   
0.340   0.340   0.000   0.000   0.000   -14.000   
0.340   0.340   0.000   0.000   0.000   -13.000   
0.340   0.340   0.000   0.000   0.000   -14.000   
0.340   0.340   0.000   0.000   0.000   -15.000   
0.340   0.340   0.000   0.000   0.000   -15.000   
0.340   0.340   0.000   0.000   0.000   -13.000   
0.340   0.340   0.000   0.000   0.000   -13.000   
0.340   0.340   0.000   0.000   0.000   -16.000   
0.340   0.340   0.000   0.000   0.000   -13.000   
0.340   0.340   0.000   0.000   0.000   -16.000   
0.340   0.340   0.000   0.000   0.000   -13.000   
0.340   0.340   0.000   0.000   0.000   -16.000   
0.340   0.340   0.000   0.000   0.000   -16.000   
0.340   0.340   0.000   0.000   0.000   -13.000   
0.340   0.340   0.000   0.000   0.000   -13.000   
0.340   0.340   0.000   0.000   0.000   -13.000   
0.340   0.340   0.000   0.000   0.000   -16.000   
0.340   0.340   0.000   0.000   0.000   -13.000   
0.340   0.340   0.000   0.000   0.000   -15.000   
0.340   0.340   0.000   0.000   0.000   -13.000   
0.340   0.340   0.000   0.000   0.000   -16.000   
0.340   0.340   0.000   0.000   0.000   -15.000   
0.340   0.340   0.000   0.000   0.000   -16.000   
0.340   0.340   0.000   0.000   0.000   -14.000   
0.340   0.340   0.000   0.000   0.000   -17.000   
0.340   0.340   0.000   0.000   0.000   -15.000   
0.340   0.340   0.000   0.000   0.000   -15.000   
0.340   0.340   0.000   0.000   0.000   -15.000   
0.340   0.340   0.000   0.000   0.000   -15.000   
0.340   0.340   0.000   0.000   0.000   -15.000   
0.340   0.340   0.000   0.000   0.000   -15.000   
0.340   0.340   0.000   0.000   0.000   -16.000   
0.340   0.340   0.000   0.000   0.000   -15.000   
0.340   0.340   0.000   0.000   0.000   -23.000   
0.340   0.340   0.000   0.000   0.000   -20.000   
0.340   0.340   0.000   0.000   0.000   -21.000   
0.340   0.340   0.000   0.000   0.000   -23.000   
0.340   0.340   0.000   0.000   0.000   -20.000   
0.340   0.340   0.000   0.000   0.000   -21.000   
0.340   0.340   0.000   0.000   0.000   -20.000   
0.340   0.340   0.000   0.000   0.000   -22.000   
0.340   0.340   0.000   0.000   0.000   -19.000   
0.340   0.340   0.000   0.000   0.000   -23.000   
0.340   0.340   0.000   0.000   0.000   -21.000   
0.340   0.340   0.000   0.000   0.000   -21.000   
0.340   0.340   0.000   0.000   0.000   -22.000   
0.340   0.340   0.000   0.000   0.000   -20.000   
0.340   0.340   0.000   0.000   0.000   -20.000   
0.340   0.340   0.000   0.000   0.000   -19.000   
0.340   0.340   0.000   0.000   0.000   -21.000   
0.340   0.340   0.000   0.000   0.000   -19.000   
0.340   0.340   0.000   0.000   0.000   -20.000   
0.340   0.340   0.000   0.000   0.000   -21.000   
0.340   0.340   0.000   0.000   0.000   -20.000   
0.340   0.340   0.000   0.000   0.000   -23.000   
0.340   0.340   0.000   0.000   0.000   -18.000   
0.340   0.340   0.000   0.000   0.000   -23.000   
0.340   0.340   0.000   0.000   0.000   -18.000   
0.340   0.340   0.000   0.000   0.000   -23.000   
0.340   0.340   0.000   0.000   0.000   -18.000   
0.340   0.340   0.000   0.000   0.000   -21.000   
0.340   0.340   0.000   0.000   0.000   -21.000   
0.340   0.340   0.000   0.000   0.000   -20.000   
0.340   0.340   0.000   0.000   0.000   -20.000   
0.340   0.340   0.000   0.000   0.000   -19.000   
0.340   0.340   0.000   0.000   0.000   -23.000   
0.340   0.340   0.000   0.000   0.000   -19.000   
0.340   0.340   0.000   0.000   0.000   -21.000   
0.340   0.340   0.000   0.000   0.000   -21.000   
0.340   0.340   0.000   0.000   0.000   -21.000   
0.340   0.340   0.000   0.000   0.000   -21.000   
0.340   0.340   0.000   0.000   0.000   -20.000   
0.340   0.340   0.000   0.000   0.000   -21.000   
0.340   0.340   0.000   0.000   0.000   -20.000   
0.340   0.340   0.000   0.000   0.000   -23.000   
0.340   0.340   0.000   0.000   0.000   -22.000   
0.340   0.340   0.000   0.000   0.000   -23.000   
0.340   0.340   0.000   0.000   0.000   -23.000   
0.340   0.340   0.000   0.000   0.000   -20.000   
0.340   0.340   0.000   0.000   0.000   -24.000   
0.340   0.340   0.000   0.000   0.000   -20.000   
0.340   0.340   0.000   0.000   0.000   -24.000   
0.340   0.340   0.000   0.000   0.000   -19.000   
0.340   0.340   0.000   0.000   0.000   -23.000   
0.340   0.340   0.000   0.000   0.000   -22.000   
0.340   0.340   0.000   0.000   0.000   -20.000   
0.340   0.340   0.000   0.000   0.000   -23.000   
0.340   0.340   0.000   0.000   0.000   -20.000   
0.340   0.340   0.000   0.000   0.000   -23.000   
0.340   0.340   0.000   0.000   0.000   -20.000   
0.340   0.340   0.000   0.000   0.000   -21.000   
0.340   0.340   0.000   0.000   0.000   -20.000   
0.340   0.340   0.000   0.000   0.000   -21.000   
0.340   0.340   0.000   0.000   0.000   -23.000   
0.340   0.340   0.000   0.000   0.000   -20.000   
0.340   0.340   0.000   0.000   0.000   -22.000   
0.340   0.340   0.000   0.000   0.000   -19.000   
0.340   0.340   0.000   0.000   0.000   -21.000   
0.340   0.340   0.000   0.000   0.000   -20.000   
0.340   0.340   0.000   0.000   0.000   -22.000   
0.340   0.340   0.000   0.000   0.000   -20.000   
0.340   0.340   0.000   0.000   0.000   -21.000   
0.340   0.340   0.000   0.000   0.000   -21.000   
0.340   0.340   0.000   0.000   0.000   -20.000   
0.340   0.340   0.000   0.000   0.000   -20.000   
0.340   0.340   0.000   0.000   0.000   -19.000   
0.340   0.340   0.000   0.000   0.000   -24.000   
0.340   0.340   0.000   0.000   0.000   -20.000   
0.340   0.340   0.000   0.000   0.000   -21.000   
0.340   0.340   0.000   0.000   0.000   -20.000   
0.340   0.340   0.000   0.000   0.000   -21.000   
0.340   0.340   0.000   0.000   0.000   -24.000   
0.340   0.340   0.000   0.000   0.000   -21.000   
0.340   0.340   0.000   0.000   0.000   -21.000   
0.340   0.340   0.000   0.000   0.000   -21.000   
0.340   0.340   0.000   0.000   0.000   -24.000   
0.340   0.340   0.000   0.000   0.000   -21.000   
0.340   0.340   0.000   0.000   0.000   -23.000   
0.340   0.340   0.000   0.000   0.000   -23.000   
0.340   0.340   0.000   0.000   0.000   -23.000   
0.340   0.340   0.000   0.000   0.000   -24.000   
0.340   0.340   0.000   0.000   0.000   -24.000   
0.340   0.340   0.000   0.000   0.000   -24.000   
0.340   0.340   0.000   0.000   0.000   -22.000   
0.340   0.340   0.000   0.000   0.000   -21.000   
0.340   0.340   0.000   0.000   0.000   -20.000   
0.340   0.340   0.000   0.000   0.000   -23.000   
0.340   0.340   0.000   0.000   0.000   -21.000   
0.340   0.340   0.000   0.000   0.000   -23.000   
0.340   0.340   0.000   0.000   0.000   -21.000   
0.340   0.340   0.000   0.000   0.000   -21.000   
0.340   0.340   0.000   0.000   0.000   -21.000   
0.340   0.340   0.000   0.000   0.000   -22.000   
0.340   0.340   0.000   0.000   0.000   -21.000   
0.340   0.340   0.000   0.000   0.000   -21.000   
0.340   0.340   0.000   0.000   0.000   -20.000   
0.340   0.340   0.000   0.000   0.000   -20.000   
0.340   0.340   0.000   0.000   0.000   -22.000   
0.340   0.340   0.000   0.000   0.000   -21.000   
0.340   0.340   0.000   0.000   0.000   -20.000   
0.340   0.340   0.000   0.000   0.000   -20.000   
0.340   0.340   0.000   0.000   0.000   -21.000   
0.340   0.340   0.000   0.000   0.000   -21.000   
0.340   0.340   0.000   0.000   0.000   -20.000   
0.340   0.340   0.000   0.000   0.000   -20.000   
0.340   0.340   0.000   0.000   0.000   -20.000   
0.340   0.340   0.000   0.000   0.000   -23.000   
0.340   0.340   0.000   0.000   0.000   -19.000   
0.340   0.340   0.000   0.000   0.000   -23.000   
0.340   0.340   0.000   0.000   0.000   -21.000   
0.340   0.340   0.000   0.000   0.000   -21.000   
0.340   0.340   0.000   0.000   0.000   -20.000   
0.340   0.340   0.000   0.000   0.000   -23.000   
0.340   0.340   0.000   0.000   0.000   -21.000   
0.340   0.340   0.000   0.000   0.000   -20.000   
0.340   0.340   0.000   0.000   0.000   -21.000   
0.340   0.340   0.000   0.000   0.000   -24.000   
0.340   0.340   0.000   0.000   0.000   -27.000   
0.340   0.340   0.000   0.000   0.000   -27.000   
0.340   0.340   0.000   0.000   0.000   -28.000   
0.340   0.340   0.000   0.000   0.000   -27.000   
0.340   0.340   0.000   0.000   0.000   -28.000   
0.340   0.340   0.000   0.000   0.000   -26.000   
0.340   0.340   0.000   0.000   0.000   -27.000   
0.340   0.340   0.000   0.000   0.000   -27.000   
0.340   0.340   0.000   0.000   0.000   -27.000   
0.340   0.340   0.000   0.000   0.000   -27.000   
0.340   0.340   0.000   0.000   0.000   -27.000   
0.340   0.340   0.000   0.000   0.000   -27.000   
0.340   0.340   0.000   0.000   0.000   -27.000   
0.340   0.340   0.000   0.000   0.000   -26.000   
0.340   0.340   0.000   0.000   0.000   -27.000   
0.340   0.340   0.000   0.000   0.000   -26.000   
0.340   0.340   0.000   0.000   0.000   -27.000   
0.340   0.340   0.000   0.000   0.000   -27.000   
0.340   0.340   0.000   0.000   0.000   -26.000   
0.340   0.340   0.000   0.000   0.000   -26.000   
0.340   0.340   0.000   0.000   0.000   -26.000   
0.340   0.340   0.000   0.000   0.000   -24.000   
0.340   0.340   0.000   0.000   0.000   -26.000   
0.340   0.340   0.000   0.000   0.000   -25.000   
0.340   0.340   0.000   0.000   0.000   -26.000   
0.340   0.340   0.000   0.000   0.000   -26.000   
0.340   0.340   0.000   0.000   0.000   -25.000   
0.340   0.340   0.000   0.000   0.000   -26.000   
0.340   0.340   0.000   0.000   0.000   -24.000   
0.340   0.340   0.000   0.000   0.000   -25.000   
0.340   0.340   0.000   0.000   0.000   -24.000   
0.340   0.340   0.000   0.000   0.000   -25.000   
0.340   0.340   0.000   0.000   0.000   -25.000   
0.340   0.340   0.000   0.000   0.000   -25.000   
0.340   0.340   0.000   0.000   0.000   -25.000   
0.340   0.340   0.000   0.000   0.000   -26.000   
0.340   0.340   0.000   0.000   0.000   -25.000   
0.340   0.340   0.000   0.000   0.000   -26.000   
0.340   0.340   0.000   0.000   0.000   -26.000   
0.340   0.340   0.000   0.000   0.000   -26.000   
0.340   0.340   0.000   0.000   0.000   -19.000   
0.340   0.340   0.000   0.000   0.000   -18.000   
0.340   0.340   0.000   0.000   0.000   -19.000   
0.340   0.340   0.000   0.000   0.000   -19.000   
0.340   0.340   0.000   0.000   0.000   -20.000   
0.340   0.340   0.000   0.000   0.000   -20.000   
0.340   0.340   0.000   0.000   0.000   -19.000   
0.340   0.340   0.000   0.000   0.000   -21.000   
0.340   0.340   0.000   0.000   0.000   -18.000   
0.340   0.340   0.000   0.000   0.000   -20.000   
0.340   0.340   0.000   0.000   0.000   -19.000   
0.340   0.340   0.000   0.000   0.000   -18.000   
0.340   0.340   0.000   0.000   0.000   -20.000   
0.340   0.340   0.000   0.000   0.000   -19.000   
0.340   0.340   0.000   0.000   0.000   -21.000   
0.340   0.340   0.000   0.000   0.000   -18.000   
0.340   0.340   0.000   0.000   0.000   -20.000   
0.340   0.340   0.000   0.000   0.000   -18.000   
0.340   0.340   0.000   0.000   0.000   -19.000   
0.340   0.340   0.000   0.000   0.000   -19.000   
0.340   0.340   0.000   0.000   0.000   -18.000   
0.340   0.340   0.000   0.000   0.000   -21.000   
0.340   0.340   0.000   0.000   0.000   -18.000   
0.340   0.340   0.000   0.000   0.000   -19.000   
0.340   0.340   0.000   0.000   0.000   -18.000   
0.340   0.340   0.000   0.000   0.000   -20.000   
0.340   0.340   0.000   0.000   0.000   -19.000   
0.340   0.340   0.000   0.000   0.000   -18.000   
0.340   0.340   0.000   0.000   0.000   -19.000   
0.340   0.340   0.000   0.000   0.000   -18.000   
0.340   0.340   0.000   0.000   0.000   -21.000   
0.340   0.340   0.000   0.000   0.000   -17.000   
0.340   0.340   0.000   0.000   0.000   -19.000   
0.340   0.340   0.000   0.000   0.000   -18.000   
0.340   0.340   0.000   0.000   0.000   -18.000   
0.340   0.340   0.000   0.000   0.000   -19.000   
0.340   0.340   0.000   0.000   0.000   -18.000   
0.340   0.340   0.000   0.000   0.000   -19.000   
0.340   0.340   0.000   0.000   0.000   -18.000   
0.340   0.340   0.000   0.000   0.000   -19.000   
0.340   0.340   0.000   0.000   0.000   -18.000   
0.340   0.340   0.000   0.000   0.000   -18.000   
0.340   0.340   0.000   0.000   0.000   -19.000   
0.340   0.340   0.000   0.000   0.000   -17.000   
0.340   0.340   0.000   0.000   0.000   -20.000   
0.340   0.340   0.000   0.000   0.000   -17.000   
0.340   0.340   0.000   0.000   0.000   -22.000   
0.340   0.340   0.000   0.000   0.000   -18.000   
0.340   0.340   0.000   0.000   0.000   -20.000   
0.340   0.340   0.000   0.000   0.000   -18.000   
0.340   0.340   0.000   0.000   0.000   -18.000   
0.340   0.340   0.000   0.000   0.000   -21.000   
0.340   0.340   0.000   0.000   0.000   -18.000   
0.340   0.340   0.000   0.000   0.000   -21.000   
0.340   0.340   0.000   0.000   0.000   -18.000   
0.340   0.340   0.000   0.000   0.000   -22.000   
0.340   0.340   0.000   0.000   0.000   -18.000   
0.340   0.340   0.000   0.000   0.000   -20.000   
0.340   0.340   0.000   0.000   0.000   -19.000   
0.340   0.340   0.000   0.000   0.000   -19.000   
0.340   0.340   0.000   0.000   0.000   -21.000   
0.340   0.340   0.000   0.000   0.000   -18.000   
0.340   0.340   0.000   0.000   0.000   -22.000   
0.340   0.340   0.000   0.000   0.000   -18.000   
0.340   0.340   0.000   0.000   0.000   -21.000   
0.340   0.340   0.000   0.000   0.000   -18.000   
0.340   0.340   0.000   0.000   0.000   -20.000   
0.340   0.340   0.000   0.000   0.000   -19.000   
0.340   0.340   0.000   0.000   0.000   -18.000   
0.340   0.340   0.000   0.000   0.000   -20.000   
0.340   0.340   0.000   0.000   0.000   -19.000   
0.340   0.340   0.000   0.000   0.000   -19.000   
0.340   0.340   0.000   0.000   0.000   -18.000   
0.340   0.340   0.000   0.000   0.000   -20.000   
0.340   0.340   0.000   0.000   0.000   -18.000   
0.340   0.340   0.000   0.000   0.000   -18.000   
0.340   0.340   0.000   0.000   0.000   -20.000   
0.340   0.340   0.000   0.000   0.000   -17.000   
0.340   0.340   0.000   0.000   0.000   -20.000   
0.340   0.340   0.000   0.000   0.000   -18.000   
0.340   0.340   0.000   0.000   0.000   -19.000   
0.340   0.340   0.000   0.000   0.000   -18.000   
0.340   0.340   0.000   0.000   0.000   -18.000   
0.340   0.340   0.000   0.000   0.000   -19.000   
0.340   0.340   0.000   0.000   0.000   -17.000   
0.340   0.340   0.000   0.000   0.000   -21.000   
0.340   0.340   0.000   0.000   0.000   -18.000   
0.340   0.340   0.000   0.000   0.000   -21.000   
0.340   0.340   0.000   0.000   0.000   -18.000   
0.340   0.340   0.000   0.000   0.000   -20.000   
0.340   0.340   0.000   0.000   0.000   -19.000   
0.340   0.340   0.000   0.000   0.000   -18.000   
0.340   0.340   0.000   0.000   0.000   -21.000   
0.340   0.340   0.000   0.000   0.000   -18.000   
0.340   0.340   0.000   0.000   0.000   -23.000   
0.340   0.340   0.000   0.000   0.000   -20.000   
0.340   0.340   0.000   0.000   0.000   -21.000   
0.340   0.340   0.000   0.000   0.000   -20.000   
0.340   0.340   0.000   0.000   0.000   -20.000   
0.340   0.340   0.000   0.000   0.000   -21.000   
0.340   0.340   0.000   0.000   0.000   -18.000   
0.340   0.340   0.000   0.000   0.000   -21.000   
0.340   0.340   0.000   0.000   0.000   -18.000   
0.340   0.340   0.000   0.000   0.000   -21.000   
0.340   0.340   0.000   0.000   0.000   -21.000   
0.340   0.340   0.000   0.000   0.000   -19.000   
0.340   0.340   0.000   0.000   0.000   -19.000   
0.340   0.340   0.000   0.000   0.000   -19.000   
0.340   0.340   0.000   0.000   0.000   -20.000   
0.340   0.340   0.000   0.000   0.000   -18.000   
0.340   0.340   0.000   0.000   0.000   -21.000   
0.340   0.340   0.000   0.000   0.000   -20.000   
0.340   0.340   0.000   0.000   0.000   -20.000   
0.340   0.340   0.000   0.000   0.000   -21.000   
0.340   0.340   0.000   0.000   0.000   -19.000   
0.340   0.340   0.000   0.000   0.000   -18.000   
0.340   0.340   0.000   0.000   0.000   -18.000   
0.340   0.340   0.000   0.000   0.000   -19.000   
0.340   0.340   0.000   0.000   0.000   -18.000   
0.340   0.340   0.000   0.000   0.000   -20.000   
0.340   0.340   0.000   0.000   0.000   -19.000   
0.340   0.340   0.000   0.000   0.000   -19.000   
0.340   0.340   0.000   0.000   0.000   -19.000   
0.340   0.340   0.000   0.000   0.000   -14.000   
0.340   0.340   0.000   0.000   0.000   -13.000   
0.340   0.340   0.000   0.000   0.000   -13.000   
0.340   0.340   0.000   0.000   0.000   -13.000   
0.340   0.340   0.000   0.000   0.000   -13.000   
0.340   0.340   0.000   0.000   0.000   -15.000   
0.340   0.340   0.000   0.000   0.000   -13.000   
0.340   0.340   0.000   0.000   0.000   -14.000   
0.340   0.340   0.000   0.000   0.000   -13.000   
0.340   0.340   0.000   0.000   0.000   -15.000   
0.340   0.340   0.000   0.000   0.000   -13.000   
0.340   0.340   0.000   0.000   0.000   -15.000   
0.340   0.340   0.000   0.000   0.000   -14.000   
0.340   0.340   0.000   0.000   0.000   -14.000   
0.340   0.340   0.000   0.000   0.000   -13.000   
0.340   0.340   0.000   0.000   0.000   -13.000   
0.340   0.340   0.000   0.000   0.000   -13.000   
0.340   0.340   0.000   0.000   0.000   -13.000   
0.340   0.340   0.000   0.000   0.000   -17.000   
0.340   0.340   0.000   0.000   0.000   -14.000   
0.340   0.340   0.000   0.000   0.000   -16.000   
0.340   0.340   0.000   0.000   0.000   -14.000   
0.340   0.340   0.000   0.000   0.000   -14.000   
0.340   0.340   0.000   0.000   0.000   -14.000   
0.340   0.340   0.000   0.000   0.000   -15.000   
0.340   0.340   0.000   0.000   0.000   -13.000   
0.340   0.340   0.000   0.000   0.000   -16.000   
0.340   0.340   0.000   0.000   0.000   -14.000   
0.340   0.340   0.000   0.000   0.000   -15.000   
0.340   0.340   0.000   0.000   0.000   -16.000   
0.340   0.340   0.000   0.000   0.000   -14.000   
0.340   0.340   0.000   0.000   0.000   -14.000   
0.340   0.340   0.000   0.000   0.000   -13.000   
0.340   0.340   0.000   0.000   0.000   -16.000   
0.340   0.340   0.000   0.000   0.000   -13.000   
0.340   0.340   0.000   0.000   0.000   -14.000   
0.340   0.340   0.000   0.000   0.000   -13.000   
0.340   0.340   0.000   0.000   0.000   -16.000   
0.340   0.340   0.000   0.000   0.000   -15.000   
0.340   0.340   0.000   0.000   0.000   -15.000   
0.340   0.340   0.000   0.000   0.000   -14.000   
0.340   0.340   0.000   0.000   0.000   -19.000   
0.340   0.340   0.000   0.000   0.000   -21.000   
0.340   0.340   0.000   0.000   0.000   -18.000   
0.340   0.340   0.000   0.000   0.000   -20.000   
0.340   0.340   0.000   0.000   0.000   -18.000   
0.340   0.340   0.000   0.000   0.000   -22.000   
0.340   0.340   0.000   0.000   0.000   -18.000   
0.340   0.340   0.000   0.000   0.000   -21.000   
0.340   0.340   0.000   0.000   0.000   -20.000   
0.340   0.340   0.000   0.000   0.000   -20.000   
0.340   0.340   0.000   0.000   0.000   -20.000   
0.340   0.340   0.000   0.000   0.000   -20.000   
0.340   0.340   0.000   0.000   0.000   -21.000   
0.340   0.340   0.000   0.000   0.000   -19.000   
0.340   0.340   0.000   0.000   0.000   -22.000   
0.340   0.340   0.000   0.000   0.000   -18.000   
0.340   0.340   0.000   0.000   0.000   -21.000   
0.340   0.340   0.000   0.000   0.000   -19.000   
0.340   0.340   0.000   0.000   0.000   -21.000   
0.340   0.340   0.000   0.000   0.000   -20.000   
0.340   0.340   0.000   0.000   0.000   -20.000   
0.340   0.340   0.000   0.000   0.000   -20.000   
0.340   0.340   0.000   0.000   0.000   -21.000   
0.340   0.340   0.000   0.000   0.000   -21.000   
0.340   0.340   0.000   0.000   0.000   -20.000   
0.340   0.340   0.000   0.000   0.000   -22.000   
0.340   0.340   0.000   0.000   0.000   -20.000   
0.340   0.340   0.000   0.000   0.000   -21.000   
0.340   0.340   0.000   0.000   0.000   -20.000   
0.340   0.340   0.000   0.000   0.000   -21.000   
0.340   0.340   0.000   0.000   0.000   -20.000   
0.340   0.340   0.000   0.000   0.000   -21.000   
0.340   0.340   0.000   0.000   0.000   -20.000   
0.340   0.340   0.000   0.000   0.000   -20.000   
0.340   0.340   0.000   0.000   0.000   -22.000   
0.340   0.340   0.000   0.000   0.000   -20.000   
0.340   0.340   0.000   0.000   0.000   -22.000   
0.340   0.340   0.000   0.000   0.000   -18.000   
0.340   0.340   0.000   0.000   0.000   -21.000   
0.340   0.340   0.000   0.000   0.000   -18.000   
0.340   0.340   0.000   0.000   0.000   -21.000   
0.340   0.340   0.000   0.000   0.000   -20.000   
0.340   0.340   0.000   0.000   0.000   -21.000   
0.340   0.340   0.000   0.000   0.000   -21.000   
0.340   0.340   0.000   0.000   0.000   -21.000   
0.340   0.340   0.000   0.000   0.000   -21.000   
0.340   0.340   0.000   0.000   0.000   -20.000   
0.340   0.340   0.000   0.000   0.000   -20.000   
0.340   0.340   0.000   0.000   0.000   -19.000   
0.340   0.340   0.000   0.000   0.000   -22.000   
0.340   0.340   0.000   0.000   0.000   -19.000   
0.340   0.340   0.000   0.000   0.000   -20.000   
0.340   0.340   0.000   0.000   0.000   -20.000   
0.340   0.340   0.000   0.000   0.000   -23.000   
0.340   0.340   0.000   0.000   0.000   -21.000   
0.340   0.340   0.000   0.000   0.000   -21.000   
0.340   0.340   0.000   0.000   0.000   -20.000   
0.340   0.340   0.000   0.000   0.000   -20.000   
0.340   0.340   0.000   0.000   0.000   -20.000   
0.340   0.340   0.000   0.000   0.000   -21.000   
0.340   0.340   0.000   0.000   0.000   -19.000   
0.340   0.340   0.000   0.000   0.000   -23.000   
0.340   0.340   0.000   0.000   0.000   -20.000   
0.340   0.340   0.000   0.000   0.000   -21.000   
0.340   0.340   0.000   0.000   0.000   -20.000   
0.340   0.340   0.000   0.000   0.000   -22.000   
0.340   0.340   0.000   0.000   0.000   -20.000   
0.340   0.340   0.000   0.000   0.000   -20.000   
0.340   0.340   0.000   0.000   0.000   -23.000   
0.340   0.340   0.000   0.000   0.000   -21.000   
0.340   0.340   0.000   0.000   0.000   -23.000   
0.340   0.340   0.000   0.000   0.000   -20.000   
0.340   0.340   0.000   0.000   0.000   -23.000   
0.340   0.340   0.000   0.000   0.000   -20.000   
0.340   0.340   0.000   0.000   0.000   -21.000   
0.340   0.340   0.000   0.000   0.000   -21.000   
0.340   0.340   0.000   0.000   0.000   -20.000   
0.340   0.340   0.000   0.000   0.000   -24.000   
0.340   0.340   0.000   0.000   0.000   -20.000   
0.340   0.340   0.000   0.000   0.000   -23.000   
0.340   0.340   0.000   0.000   0.000   -19.000   
0.340   0.340   0.000   0.000   0.000   -21.000   
0.340   0.340   0.000   0.000   0.000   -19.000   
0.340   0.340   0.000   0.000   0.000   -21.000   
0.340   0.340   0.000   0.000   0.000   -22.000   
0.340   0.340   0.000   0.000   0.000   -21.000   
0.340   0.340   0.000   0.000   0.000   -22.000   
0.340   0.340   0.000   0.000   0.000   -20.000   
0.340   0.340   0.000   0.000   0.000   -21.000   
0.340   0.340   0.000   0.000   0.000   -19.000   
0.340   0.340   0.000   0.000   0.000   -20.000   
0.340   0.340   0.000   0.000   0.000   -22.000   
0.340   0.340   0.000   0.000   0.000   -20.000   
0.340   0.340   0.000   0.000   0.000   -21.000   
0.340   0.340   0.000   0.000   0.000   -20.000   
0.340   0.340   0.000   0.000   0.000   -21.000   
0.340   0.340   0.000   0.000   0.000   -20.000   
0.340   0.340   0.000   0.000   0.000   -21.000   
0.340   0.340   0.000   0.000   0.000   -21.000   
0.340   0.340   0.000   0.000   0.000   -20.000   
0.340   0.340   0.000   0.000   0.000   -21.000   
0.340   0.340   0.000   0.000   0.000   -19.000   
0.340   0.340   0.000   0.000   0.000   -24.000   
0.340   0.340   0.000   0.000   0.000   -19.000   
0.340   0.340   0.000   0.000   0.000   -23.000   
0.340   0.340   0.000   0.000   0.000   -20.000   
0.340   0.340   0.000   0.000   0.000   -24.000   
0.340   0.340   0.000   0.000   0.000   -21.000   
0.340   0.340   0.000   0.000   0.000   -21.000   
0.340   0.340   0.000   0.000   0.000   -24.000   
0.340   0.340   0.000   0.000   0.000   -20.000   
0.340   0.340   0.000   0.000   0.000   -24.000   
0.340   0.340   0.000   0.000   0.000   -19.000   
0.340   0.340   0.000   0.000   0.000   -23.000   
0.340   0.340   0.000   0.000   0.000   -20.000   
0.340   0.340   0.000   0.000   0.000   -23.000   
0.340   0.340   0.000   0.000   0.000   -20.000   
0.340   0.340   0.000   0.000   0.000   -21.000   
0.340   0.340   0.000   0.000   0.000   -21.000   
0.340   0.340   0.000   0.000   0.000   -20.000   
0.340   0.340   0.000   0.000   0.000   -23.000   
0.340   0.340   0.000   0.000   0.000   -21.000   
0.340   0.340   0.000   0.000   0.000   -23.000   
0.340   0.340   0.000   0.000   0.000   -20.000   
0.340   0.340   0.000   0.000   0.000   -26.000   
0.340   0.340   0.000   0.000   0.000   -25.000   
0.340   0.340   0.000   0.000   0.000   -25.000   
0.340   0.340   0.000   0.000   0.000   -28.000   
0.340   0.340   0.000   0.000   0.000   -26.000   
0.340   0.340   0.000   0.000   0.000   -27.000   
0.340   0.340   0.000   0.000   0.000   -27.000   
0.340   0.340   0.000   0.000   0.000   -26.000   
0.340   0.340   0.000   0.000   0.000   -24.000   
0.340   0.340   0.000   0.000   0.000   -24.000   
0.340   0.340   0.000   0.000   0.000   -26.000   
0.340   0.340   0.000   0.000   0.000   -25.000   
0.340   0.340   0.000   0.000   0.000   -27.000   
0.340   0.340   0.000   0.000   0.000   -26.000   
0.340   0.340   0.000   0.000   0.000   -27.000   
0.340   0.340   0.000   0.000   0.000   -26.000   
0.340   0.340   0.000   0.000   0.000   -24.000   
0.340   0.340   0.000   0.000   0.000   -27.000   
0.340   0.340   0.000   0.000   0.000   -23.000   
0.340   0.340   0.000   0.000   0.000   -29.000   
0.340   0.340   0.000   0.000   0.000   -23.000   
0.340   0.340   0.000   0.000   0.000   -28.000   
0.340   0.340   0.000   0.000   0.000   -27.000   
0.340   0.340   0.000   0.000   0.000   -25.000   
0.340   0.340   0.000   0.000   0.000   -26.000   
0.340   0.340   0.000   0.000   0.000   -24.000   
0.340   0.340   0.000   0.000   0.000   -30.000   
0.340   0.340   0.000   0.000   0.000   -25.000   
0.340   0.340   0.000   0.000   0.000   -29.000   
0.340   0.340   0.000   0.000   0.000   -26.000   
0.340   0.340   0.000   0.000   0.000   -27.000   
0.340   0.340   0.000   0.000   0.000   -27.000   
0.340   0.340   0.000   0.000   0.000   -26.000   
0.340   0.340   0.000   0.000   0.000   -27.000   
0.340   0.340   0.000   0.000   0.000   -26.000   
0.340   0.340   0.000   0.000   0.000   -28.000   
0.340   0.340   0.000   0.000   0.000   -26.000   
0.340   0.340   0.000   0.000   0.000   -29.000   
0.340   0.340   0.000   0.000   0.000   -25.000   
0.340   0.340   0.000   0.000   0.000   -28.000   
0.340   0.340   0.000   0.000   0.000   -20.000   
0.340   0.340   0.000   0.000   0.000   -20.000   
0.340   0.340   0.000   0.000   0.000   -18.000   
0.340   0.340   0.000   0.000   0.000   -19.000   
0.340   0.340   0.000   0.000   0.000   -20.000   
0.340   0.340   0.000   0.000   0.000   -18.000   
0.340   0.340   0.000   0.000   0.000   -21.000   
0.340   0.340   0.000   0.000   0.000   -19.000   
0.340   0.340   0.000   0.000   0.000   -19.000   
0.340   0.340   0.000   0.000   0.000   -17.000   
0.340   0.340   0.000   0.000   0.000   -20.000   
0.340   0.340   0.000   0.000   0.000   -17.000   
0.340   0.340   0.000   0.000   0.000   -19.000   
0.340   0.340   0.000   0.000   0.000   -18.000   
0.340   0.340   0.000   0.000   0.000   -18.000   
0.340   0.340   0.000   0.000   0.000   -18.000   
0.340   0.340   0.000   0.000   0.000   -18.000   
0.340   0.340   0.000   0.000   0.000   -20.000   
0.340   0.340   0.000   0.000   0.000   -18.000   
0.340   0.340   0.000   0.000   0.000   -18.000   
0.340   0.340   0.000   0.000   0.000   -18.000   
0.340   0.340   0.000   0.000   0.000   -18.000   
0.340   0.340   0.000   0.000   0.000   -18.000   
0.340   0.340   0.000   0.000   0.000   -18.000   
0.340   0.340   0.000   0.000   0.000   -19.000   
0.340   0.340   0.000   0.000   0.000   -17.000   
0.340   0.340   0.000   0.000   0.000   -21.000   
0.340   0.340   0.000   0.000   0.000   -18.000   
0.340   0.340   0.000   0.000   0.000   -19.000   
0.340   0.340   0.000   0.000   0.000   -19.000   
0.340   0.340   0.000   0.000   0.000   -20.000   
0.340   0.340   0.000   0.000   0.000   -19.000   
0.340   0.340   0.000   0.000   0.000   -18.000   
0.340   0.340   0.000   0.000   0.000   -19.000   
0.340   0.340   0.000   0.000   0.000   -18.000   
0.340   0.340   0.000   0.000   0.000   -19.000   
0.340   0.340   0.000   0.000   0.000   -20.000   
0.340   0.340   0.000   0.000   0.000   -19.000   
0.340   0.340   0.000   0.000   0.000   -20.000   
0.340   0.340   0.000   0.000   0.000   -19.000   
0.340   0.340   0.000   0.000   0.000   -19.000   
0.340   0.340   0.000   0.000   0.000   -21.000   
0.340   0.340   0.000   0.000   0.000   -18.000   
0.340   0.340   0.000   0.000   0.000   -21.000   
0.340   0.340   0.000   0.000   0.000   -18.000   
0.340   0.340   0.000   0.000   0.000   -20.000   
0.340   0.340   0.000   0.000   0.000   -18.000   
0.340   0.340   0.000   0.000   0.000   -21.000   
0.340   0.340   0.000   0.000   0.000   -18.000   
0.340   0.340   0.000   0.000   0.000   -20.000   
0.340   0.340   0.000   0.000   0.000   -19.000   
0.340   0.340   0.000   0.000   0.000   -20.000   
0.340   0.340   0.000   0.000   0.000   -20.000   
0.340   0.340   0.000   0.000   0.000   -19.000   
0.340   0.340   0.000   0.000   0.000   -20.000   
0.340   0.340   0.000   0.000   0.000   -18.000   
0.340   0.340   0.000   0.000   0.000   -21.000   
0.340   0.340   0.000   0.000   0.000   -18.000   
0.340   0.340   0.000   0.000   0.000   -20.000   
0.340   0.340   0.000   0.000   0.000   -17.000   
0.340   0.340   0.000   0.000   0.000   -21.000   
0.340   0.340   0.000   0.000   0.000   -18.000   
0.340   0.340   0.000   0.000   0.000   -20.000   
0.340   0.340   0.000   0.000   0.000   -18.000   
0.340   0.340   0.000   0.000   0.000   -19.000   
0.340   0.340   0.000   0.000   0.000   -19.000   
0.340   0.340   0.000   0.000   0.000   -18.000   
0.340   0.340   0.000   0.000   0.000   -20.000   
0.340   0.340   0.000   0.000   0.000   -18.000   
0.340   0.340   0.000   0.000   0.000   -21.000   
0.340   0.340   0.000   0.000   0.000   -18.000   
0.340   0.340   0.000   0.000   0.000   -21.000   
0.340   0.340   0.000   0.000   0.000   -18.000   
0.340   0.340   0.000   0.000   0.000   -20.000   
0.340   0.340   0.000   0.000   0.000   -20.000   
0.340   0.340   0.000   0.000   0.000   -20.000   
0.340   0.340   0.000   0.000   0.000   -20.000   
0.340   0.340   0.000   0.000   0.000   -19.000   
0.340   0.340   0.000   0.000   0.000   -21.000   
0.340   0.340   0.000   0.000   0.000   -19.000   
0.340   0.340   0.000   0.000   0.000   -21.000   
0.340   0.340   0.000   0.000   0.000   -19.000   
0.340   0.340   0.000   0.000   0.000   -21.000   
0.340   0.340   0.000   0.000   0.000   -21.000   
0.340   0.340   0.000   0.000   0.000   -21.000   
0.340   0.340   0.000   0.000   0.000   -18.000   
0.340   0.340   0.000   0.000   0.000   -20.000   
0.340   0.340   0.000   0.000   0.000   -19.000   
0.340   0.340   0.000   0.000   0.000   -20.000   
0.340   0.340   0.000   0.000   0.000   -20.000   
0.340   0.340   0.000   0.000   0.000   -20.000   
0.340   0.340   0.000   0.000   0.000   -21.000   
0.340   0.340   0.000   0.000   0.000   -19.000   
0.340   0.340   0.000   0.000   0.000   -20.000   
0.340   0.340   0.000   0.000   0.000   -18.000   
0.340   0.340   0.000   0.000   0.000   -21.000   
0.340   0.340   0.000   0.000   0.000   -18.000   
0.340   0.340   0.000   0.000   0.000   -18.000   
0.340   0.340   0.000   0.000   0.000   -20.000   
0.340   0.340   0.000   0.000   0.000   -18.000   
0.340   0.340   0.000   0.000   0.000   -21.000   
0.340   0.340   0.000   0.000   0.000   -19.000   
0.340   0.340   0.000   0.000   0.000   -20.000   
0.340   0.340   0.000   0.000   0.000   -18.000   
0.340   0.340   0.000   0.000   0.000   -18.000   
0.340   0.340   0.000   0.000   0.000   -19.000   
0.340   0.340   0.000   0.000   0.000   -17.000   
0.340   0.340   0.000   0.000   0.000   -21.000   
0.340   0.340   0.000   0.000   0.000   -17.000   
0.340   0.340   0.000   0.000   0.000   -21.000   
0.340   0.340   0.000   0.000   0.000   -18.000   
0.340   0.340   0.000   0.000   0.000   -20.000   
0.340   0.340   0.000   0.000   0.000   -18.000   
0.340   0.340   0.000   0.000   0.000   -18.000   
0.340   0.340   0.000   0.000   0.000   -21.000   
0.340   0.340   0.000   0.000   0.000   -18.000   
0.340   0.340   0.000   0.000   0.000   -23.000   
0.340   0.340   0.000   0.000   0.000   -18.000   
0.340   0.340   0.000   0.000   0.000   -22.000   
0.340   0.340   0.000   0.000   0.000   -19.000   
0.340   0.340   0.000   0.000   0.000   -20.000   
0.340   0.340   0.000   0.000   0.000   -19.000   
0.340   0.340   0.000   0.000   0.000   -19.000   
0.340   0.340   0.000   0.000   0.000   -16.000   
0.340   0.340   0.000   0.000   0.020   -12.000   
0.340   0.340   0.000   0.000   -0.020   -15.000   
0.340   0.340   0.000   0.000   0.000   -13.000   
0.340   0.340   0.000   0.000   0.000   -18.000   
0.340   0.340   0.000   0.000   0.000   -12.000   
0.340   0.340   0.000   0.000   0.000   -16.000   
0.340   0.340   0.000   0.000   0.000   -13.000   
0.340   0.340   0.000   0.000   0.000   -13.000   
0.340   0.340   0.000   0.000   0.000   -16.000   
0.340   0.340   0.000   0.000   0.020   -12.000   
0.340   0.340   0.000   0.000   -0.020   -17.000   
0.340   0.340   0.000   0.000   0.000   -13.000   
0.340   0.340   0.000   0.000   0.000   -15.000   
0.340   0.340   0.000   0.000   0.000   -12.000   
0.340   0.340   0.000   0.000   0.000   -15.000   
0.340   0.340   0.000   0.000   0.000   -13.000   
0.340   0.340   0.000   0.000   0.000   -14.000   
0.340   0.340   0.000   0.000   0.000   -15.000   
0.340   0.340   0.000   0.000   0.000   -13.000   
0.340   0.340   0.000   0.000   0.000   -16.000   
0.340   0.340   0.000   0.000   0.000   -13.000   
0.340   0.340   0.000   0.000   0.000   -14.000   
0.340   0.340   0.000   0.000   0.000   -13.000   
0.340   0.340   0.000   0.000   0.000   -15.000   
0.340   0.340   0.000   0.000   0.000   -13.000   
0.340   0.340   0.000   0.000   0.000   -13.000   
0.340   0.340   0.000   0.000   0.000   -16.000   
0.340   0.340   0.000   0.000   0.000   -13.000   
0.340   0.340   0.000   0.000   0.000   -15.000   
0.340   0.340   0.000   0.000   0.000   -13.000   
0.340   0.340   0.000   0.000   0.000   -15.000   
0.340   0.340   0.000   0.000   0.000   -14.000   
0.340   0.340   0.000   0.000   0.000   -13.000   
0.340   0.340   0.000   0.000   0.000   -16.000   
0.340   0.340   0.000   0.000   0.000   -13.000   
0.340   0.340   0.000   0.000   0.000   -16.000   
0.340   0.340   0.000   0.000   0.000   -13.000   
0.340   0.340   0.000   0.000   0.000   -16.000   
0.340   0.340   0.000   0.000   0.000   -15.000   
0.340   0.340   0.000   0.000   0.000   -14.000   
0.340   0.340   0.000   0.000   0.000   -21.000   
0.340   0.340   0.000   0.000   0.000   -20.000   
0.340   0.340   0.000   0.000   0.000   -23.000   
0.340   0.340   0.000   0.000   0.000   -19.000   
0.340   0.340   0.000   0.000   0.000   -21.000   
0.340   0.340   0.000   0.000   0.000   -19.000   
0.340   0.340   0.000   0.000   0.000   -22.000   
0.340   0.340   0.000   0.000   0.000   -21.000   
0.340   0.340   0.000   0.000   0.000   -21.000   
0.340   0.340   0.000   0.000   0.000   -22.000   
0.340   0.340   0.000   0.000   0.000   -21.000   
0.340   0.340   0.000   0.000   0.000   -23.000   
0.340   0.340   0.000   0.000   0.000   -20.000   
0.340   0.340   0.000   0.000   0.000   -21.000   
0.340   0.340   0.000   0.000   0.000   -22.000   
0.340   0.340   0.000   0.000   0.000   -21.000   
0.340   0.340   0.000   0.000   0.000   -18.000   
0.340   0.340   0.000   0.000   0.000   -19.000   
0.340   0.340   0.000   0.000   0.000   -22.000   
0.340   0.340   0.000   0.000   0.000   -20.000   
0.340   0.340   0.000   0.000   0.000   -21.000   
0.340   0.340   0.000   0.000   0.000   -21.000   
0.340   0.340   0.000   0.000   0.000   -19.000   
0.340   0.340   0.000   0.000   0.000   -23.000   
0.340   0.340   0.000   0.000   0.000   -19.000   
0.340   0.340   0.000   0.000   0.000   -20.000   
0.340   0.340   0.000   0.000   0.000   -19.000   
0.340   0.340   0.000   0.000   0.000   -19.000   
0.340   0.340   0.000   0.000   0.000   -19.000   
0.340   0.340   0.000   0.000   0.000   -20.000   
0.340   0.340   0.000   0.000   0.000   -21.000   
0.340   0.340   0.000   0.000   0.000   -19.000   
0.340   0.340   0.000   0.000   0.000   -22.000   
0.340   0.340   0.000   0.000   0.000   -18.000   
0.340   0.340   0.000   0.000   0.000   -21.000   
0.340   0.340   0.000   0.000   0.000   -18.000   
0.340   0.340   0.000   0.000   0.000   -23.000   
0.340   0.340   0.000   0.000   0.000   -18.000   
0.340   0.340   0.000   0.000   0.000   -21.000   
0.340   0.340   0.000   0.000   0.000   -21.000   
0.340   0.340   0.000   0.000   0.000   -21.000   
0.340   0.340   0.000   0.000   0.000   -23.000   
0.340   0.340   0.000   0.000   0.000   -20.000   
0.340   0.340   0.000   0.000   0.000   -23.000   
0.340   0.340   0.000   0.000   0.000   -20.000   
0.340   0.340   0.000   0.000   0.000   -23.000   
0.340   0.340   0.000   0.000   0.000   -20.000   
0.340   0.340   0.000   0.000   0.000   -23.000   
0.340   0.340   0.000   0.000   0.000   -23.000   
0.340   0.340   0.000   0.000   0.000   -21.000   
0.340   0.340   0.000   0.000   0.000   -23.000   
0.340   0.340   0.000   0.000   0.000   -21.000   
0.340   0.340   0.000   0.000   0.000   -24.000   
0.340   0.340   0.000   0.000   0.000   -20.000   
0.340   0.340   0.000   0.000   0.000   -24.000   
0.340   0.340   0.000   0.000   0.000   -21.000   
0.340   0.340   0.000   0.000   0.000   -21.000   
0.340   0.340   0.000   0.000   0.000   -21.000   
0.340   0.340   0.000   0.000   0.000   -21.000   
0.340   0.340   0.000   0.000   0.000   -19.000   
0.340   0.340   0.000   0.000   0.000   -21.000   
0.340   0.340   0.000   0.000   0.000   -22.000   
0.340   0.340   0.000   0.000   0.000   -20.000   
0.340   0.340   0.000   0.000   0.000   -21.000   
0.340   0.340   0.000   0.000   0.000   -20.000   
0.340   0.340   0.000   0.000   0.000   -21.000   
0.340   0.340   0.000   0.000   0.000   -21.000   
0.340   0.340   0.000   0.000   0.000   -21.000   
0.340   0.340   0.000   0.000   0.000   -19.000   
0.340   0.340   0.000   0.000   0.000   -21.000   
0.340   0.340   0.000   0.000   0.000   -19.000   
0.340   0.340   0.000   0.000   0.000   -21.000   
0.340   0.340   0.000   0.000   0.000   -19.000   
0.340   0.340   0.000   0.000   0.000   -20.000   
0.340   0.340   0.000   0.000   0.000   -19.000   
0.340   0.340   0.000   0.000   0.000   -20.000   
0.340   0.340   0.000   0.000   0.000   -21.000   
0.340   0.340   0.000   0.000   0.000   -20.000   
0.340   0.340   0.000   0.000   0.000   -20.000   
0.340   0.340   0.000   0.000   0.000   -20.000   
0.340   0.340   0.000   0.000   0.000   -20.000   
0.340   0.340   0.000   0.000   0.000   -22.000   
0.340   0.340   0.000   0.000   0.000   -19.000   
0.340   0.340   0.000   0.000   0.000   -24.000   
0.340   0.340   0.000   0.000   0.000   -21.000   
0.340   0.340   0.000   0.000   0.000   -21.000   
0.340   0.340   0.000   0.000   0.000   -21.000   
0.340   0.340   0.000   0.000   0.000   -22.000   
0.340   0.340   0.000   0.000   0.000   -21.000   
0.340   0.340   0.000   0.000   0.000   -22.000   
0.340   0.340   0.000   0.000   0.000   -20.000   
0.340   0.340   0.000   0.000   0.000   -21.000   
0.340   0.340   0.000   0.000   0.000   -21.000   
0.340   0.340   0.000   0.000   0.000   -22.000   
0.340   0.340   0.000   0.000   0.000   -24.000   
0.340   0.340   0.000   0.000   0.000   -21.000   
0.340   0.340   0.000   0.000   0.000   -23.000   
0.340   0.340   0.000   0.000   0.000   -21.000   
0.340   0.340   0.000   0.000   0.000   -23.000   
0.340   0.340   0.000   0.000   0.000   -21.000   
0.340   0.340   0.000   0.000   0.000   -22.000   
0.340   0.340   0.000   0.000   0.000   -21.000   
0.340   0.340   0.000   0.000   0.000   -22.000   
0.340   0.340   0.000   0.000   0.000   -23.000   
0.340   0.340   0.000   0.000   0.000   -21.000   
0.340   0.340   0.000   0.000   0.000   -21.000   
0.340   0.340   0.000   0.000   0.000   -20.000   
0.340   0.340   0.000   0.000   0.000   -24.000   
0.340   0.340   0.000   0.000   0.000   -20.000   
0.340   0.340   0.000   0.000   0.000   -23.000   
0.340   0.340   0.000   0.000   0.000   -20.000   
0.340   0.340   0.000   0.000   0.000   -20.000   
0.340   0.340   0.000   0.000   0.000   -21.000   
0.340   0.340   0.000   0.000   0.000   -20.000   
0.340   0.340   0.000   0.000   0.000   -24.000   
0.340   0.340   0.000   0.000   0.000   -20.000   
0.340   0.340   0.000   0.000   0.000   -21.000   
0.340   0.340   0.000   0.000   0.000   -20.000   
0.340   0.340   0.000   0.000   0.000   -21.000   
0.340   0.340   0.000   0.000   0.000   -19.000   
0.340   0.340   0.000   0.000   0.000   -21.000   
0.340   0.340   0.000   0.000   0.000   -19.000   
0.340   0.340   0.000   0.000   0.000   -22.000   
0.340   0.340   0.000   0.000   0.000   -27.000   
0.340   0.340   0.000   0.000   0.000   -27.000   
0.340   0.340   0.000   0.000   0.000   -28.000   
0.340   0.340   0.000   0.000   0.000   -27.000   
0.340   0.340   0.000   0.000   0.000   -28.000   
0.340   0.340   0.000   0.000   0.000   -27.000   
0.340   0.340   0.000   0.000   0.000   -30.000   
0.340   0.340   0.000   0.000   0.000   -27.000   
0.340   0.340   0.000   0.000   0.000   -28.000   
0.340   0.340   0.000   0.000   0.000   -27.000   
0.340   0.340   0.000   0.000   0.000   -29.000   
0.340   0.340   0.000   0.000   0.000   -28.000   
0.340   0.340   0.000   0.000   0.000   -27.000   
0.340   0.340   0.000   0.000   0.000   -28.000   
0.340   0.340   0.000   0.000   0.000   -27.000   
0.340   0.340   0.000   0.000   0.000   -29.000   
0.340   0.340   0.000   0.000   0.000   -27.000   
0.340   0.340   0.000   0.000   0.000   -29.000   
0.340   0.340   0.000   0.000   0.000   -29.000   
0.340   0.340   0.000   0.000   0.000   -30.000   
0.340   0.340   0.000   0.000   0.000   -30.000   
0.340   0.340   0.000   0.000   0.000   -27.000   
0.340   0.340   0.000   0.000   0.000   -29.000   
0.340   0.340   0.000   0.000   0.000   -26.000   
0.340   0.340   0.000   0.000   0.000   -28.000   
0.340   0.340   0.000   0.000   0.000   -28.000   
0.340   0.340   0.000   0.000   0.000   -29.000   
0.340   0.340   0.000   0.000   0.000   -29.000   
0.340   0.340   0.000   0.000   0.000   -27.000   
0.340   0.340   0.000   0.000   0.000   -30.000   
0.340   0.340   0.000   0.000   0.000   -27.000   
0.340   0.340   0.000   0.000   0.000   -27.000   
0.340   0.340   0.000   0.000   0.000   -27.000   
0.340   0.340   0.000   0.000   0.000   -27.000   
0.340   0.340   0.000   0.000   0.000   -28.000   
0.340   0.340   0.000   0.000   0.000   -27.000   
0.340   0.340   0.000   0.000   0.000   -29.000   
0.340   0.340   0.000   0.000   0.000   -26.000   
0.340   0.340   0.000   0.000   0.000   -27.000   
0.340   0.340   0.000   0.000   0.000   -25.000   
0.340   0.340   0.000   0.000   0.000   -28.000   
0.340   0.340   0.000   0.000   0.000   -17.000   
0.340   0.340   0.000   0.000   0.000   -20.000   
0.340   0.340   0.000   0.000   0.000   -19.000   
0.340   0.340   0.000   0.000   0.000   -19.000   
0.340   0.340   0.000   0.000   0.000   -19.000   
0.340   0.340   0.000   0.000   0.000   -17.000   
0.340   0.340   0.000   0.000   0.000   -20.000   
0.340   0.340   0.000   0.000   0.000   -17.000   
0.340   0.340   0.000   0.000   0.000   -21.000   
0.340   0.340   0.000   0.000   0.000   -19.000   
0.340   0.340   0.000   0.000   0.000   -21.000   
0.340   0.340   0.000   0.000   0.000   -20.000   
0.340   0.340   0.000   0.000   0.000   -19.000   
0.340   0.340   0.000   0.000   0.000   -20.000   
0.340   0.340   0.000   0.000   0.000   -18.000   
0.340   0.340   0.000   0.000   0.000   -21.000   
0.340   0.340   0.000   0.000   0.000   -18.000   
0.340   0.340   0.000   0.000   0.000   -20.000   
0.340   0.340   0.000   0.000   0.000   -21.000   
0.340   0.340   0.000   0.000   0.000   -18.000   
0.340   0.340   0.000   0.000   0.000   -20.000   
0.340   0.340   0.000   0.000   0.000   -18.000   
0.340   0.340   0.000   0.000   0.000   -20.000   
0.340   0.340   0.000   0.000   0.000   -19.000   
0.340   0.340   0.000   0.000   0.000   -20.000   
0.340   0.340   0.000   0.000   0.000   -19.000   
0.340   0.340   0.000   0.000   0.000   -19.000   
0.340   0.340   0.000   0.000   0.000   -21.000   
0.340   0.340   0.000   0.000   0.000   -18.000   
0.340   0.340   0.000   0.000   0.000   -20.000   
0.340   0.340   0.000   0.000   0.000   -18.000   
0.340   0.340   0.000   0.000   0.000   -19.000   
0.340   0.340   0.000   0.000   0.000   -19.000   
0.340   0.340   0.000   0.000   0.000   -19.000   
0.340   0.340   0.000   0.000   0.000   -20.000   
0.340   0.340   0.000   0.000   0.000   -18.000   
0.340   0.340   0.000   0.000   0.000   -21.000   
0.340   0.340   0.000   0.000   0.000   -18.000   
0.340   0.340   0.000   0.000   0.000   -20.000   
0.340   0.340   0.000   0.000   0.000   -17.000   
0.340   0.340   0.000   0.000   0.000   -19.000   
0.340   0.340   0.000   0.000   0.000   -19.000   
0.340   0.340   0.000   0.000   0.000   -18.000   
0.340   0.340   0.000   0.000   0.000   -20.000   
0.340   0.340   0.000   0.000   0.000   -18.000   
0.340   0.340   0.000   0.000   0.000   -19.000   
0.340   0.340   0.000   0.000   0.000   -18.000   
0.340   0.340   0.000   0.000   0.000   -19.000   
0.340   0.340   0.000   0.000   0.000   -18.000   
0.340   0.340   0.000   0.000   0.000   -20.000   
0.340   0.340   0.000   0.000   0.000   -18.000   
0.340   0.340   0.000   0.000   0.000   -19.000   
0.340   0.340   0.000   0.000   0.000   -20.000   
0.340   0.340   0.000   0.000   0.000   -18.000   
0.340   0.340   0.000   0.000   0.000   -20.000   
0.340   0.340   0.000   0.000   0.000   -18.000   
0.340   0.340   0.000   0.000   0.000   -18.000   
0.340   0.340   0.000   0.000   0.000   -20.000   
0.340   0.340   0.000   0.000   0.000   -20.000   
0.340   0.340   0.000   0.000   0.000   -21.000   
0.340   0.340   0.000   0.000   0.000   -19.000   
0.340   0.340   0.000   0.000   0.000   -21.000   
0.340   0.340   0.000   0.000   0.000   -18.000   
0.340   0.340   0.000   0.000   0.000   -20.000   
0.340   0.340   0.000   0.000   0.000   -20.000   
0.340   0.340   0.000   0.000   0.000   -18.000   
0.340   0.340   0.000   0.000   0.000   -21.000   
0.340   0.340   0.000   0.000   0.000   -19.000   
0.340   0.340   0.000   0.000   0.000   -21.000   
0.340   0.340   0.000   0.000   0.000   -18.000   
0.340   0.340   0.000   0.000   0.000   -21.000   
0.340   0.340   0.000   0.000   0.000   -18.000   
0.340   0.340   0.000   0.000   0.000   -20.000   
0.340   0.340   0.000   0.000   0.000   -19.000   
0.340   0.340   0.000   0.000   0.000   -20.000   
0.340   0.340   0.000   0.000   0.000   -20.000   
0.340   0.340   0.000   0.000   0.000   -18.000   
0.340   0.340   0.000   0.000   0.000   -21.000   
0.340   0.340   0.000   0.000   0.000   -17.000   
0.340   0.340   0.000   0.000   0.000   -20.000   
0.340   0.340   0.000   0.000   0.000   -18.000   
0.340   0.340   0.000   0.000   0.000   -20.000   
0.340   0.340   0.000   0.000   0.000   -19.000   
0.340   0.340   0.000   0.000   0.000   -20.000   
0.340   0.340   0.000   0.000   0.000   -21.000   
0.340   0.340   0.000   0.000   0.000   -18.000   
0.340   0.340   0.000   0.000   0.000   -21.000   
0.340   0.340   0.000   0.000   0.000   -18.000   
0.340   0.340   0.000   0.000   0.000   -21.000   
0.340   0.340   0.000   0.000   0.000   -18.000   
0.340   0.340   0.000   0.000   0.000   -19.000   
0.340   0.340   0.000   0.000   0.000   -18.000   
0.340   0.340   0.000   0.000   0.000   -21.000   
0.340   0.340   0.000   0.000   0.000   -20.000   
0.340   0.340   0.000   0.000   0.000   -19.000   
0.340   0.340   0.000   0.000   0.000   -19.000   
0.340   0.340   0.000   0.000   0.000   -19.000   
0.340   0.340   0.000   0.000   0.000   -20.000   
0.340   0.340   0.000   0.000   0.000   -19.000   
0.340   0.340   0.000   0.000   0.000   -19.000   
0.340   0.340   0.000   0.000   0.000   -19.000   
0.340   0.340   0.000   0.000   0.000   -21.000   
0.340   0.340   0.000   0.000   0.000   -20.000   
0.340   0.340   0.000   0.000   0.000   -21.000   
0.340   0.340   0.000   0.000   0.000   -21.000   
0.340   0.340   0.000   0.000   0.000   -20.000   
0.340   0.340   0.000   0.000   0.000   -21.000   
0.340   0.340   0.000   0.000   0.000   -19.000   
0.340   0.340   0.000   0.000   0.000   -20.000   
0.340   0.340   0.000   0.000   0.000   -19.000   
0.340   0.340   0.000   0.000   0.000   -20.000   
0.340   0.340   0.000   0.000   0.000   -19.000   
0.340   0.340   0.000   0.000   0.000   -21.000   
0.340   0.340   0.000   0.000   0.000   -20.000   
0.340   0.340   0.000   0.000   0.000   -20.000   
0.340   0.340   0.000   0.000   0.000   -21.000   
0.340   0.340   0.000   0.000   0.000   -20.000   
0.340   0.340   0.000   0.000   0.000   -19.000   
0.340   0.340   0.000   0.000   0.000   -19.000   
0.340   0.340   0.000   0.000   0.000   -20.000   
0.340   0.340   0.000   0.000   0.000   -19.000   
0.340   0.340   0.000   0.000   0.000   -21.000   
0.340   0.340   0.000   0.000   0.000   -20.000   
0.340   0.340   0.000   0.000   0.000   -14.000   
0.340   0.340   0.000   0.000   0.000   -14.000   
0.340   0.340   0.000   0.000   0.000   -16.000   
0.340   0.340   0.000   0.000   0.000   -14.000   
0.340   0.340   0.000   0.000   0.000   -15.000   
0.340   0.340   0.000   0.000   0.000   -13.000   
0.340   0.340   0.000   0.000   0.000   -15.000   
0.340   0.340   0.000   0.000   0.000   -15.000   
0.340   0.340   0.000   0.000   0.000   -14.000   
0.340   0.340   0.000   0.000   0.000   -14.000   
0.340   0.340   0.000   0.000   0.000   -13.000   
0.340   0.340   0.000   0.000   0.000   -16.000   
0.340   0.340   0.000   0.000   0.000   -14.000   
0.340   0.340   0.000   0.000   0.000   -16.000   
0.340   0.340   0.000   0.000   0.000   -15.000   
0.340   0.340   0.000   0.000   0.000   -15.000   
0.340   0.340   0.000   0.000   0.000   -14.000   
0.340   0.340   0.000   0.000   0.000   -13.000   
0.340   0.340   0.000   0.000   0.000   -17.000   
0.340   0.340   0.000   0.000   0.000   -15.000   
0.340   0.340   0.000   0.000   0.000   -14.000   
0.340   0.340   0.000   0.000   0.000   -15.000   
0.340   0.340   0.000   0.000   0.000   -17.000   
0.340   0.340   0.000   0.000   0.000   -15.000   
0.340   0.340   0.000   0.000   0.000   -17.000   
0.340   0.340   0.000   0.000   0.000   -15.000   
0.340   0.340   0.000   0.000   0.000   -15.000   
0.340   0.340   0.000   0.000   0.000   -15.000   
0.340   0.340   0.000   0.000   0.000   -16.000   
0.340   0.340   0.000   0.000   0.000   -17.000   
0.340   0.340   0.000   0.000   0.000   -16.000   
0.340   0.340   0.000   0.000   0.000   -15.000   
0.340   0.340   0.000   0.000   0.000   -15.000   
0.340   0.340   0.000   0.000   0.000   -17.000   
0.340   0.340   0.000   0.000   0.000   -13.000   
0.340   0.340   0.000   0.000   0.000   -15.000   
0.340   0.340   0.000   0.000   0.000   -14.000   
0.340   0.340   0.000   0.000   0.000   -14.000   
0.340   0.340   0.000   0.000   0.000   -15.000   
0.340   0.340   0.000   0.000   0.000   -17.000   
0.340   0.340   0.000   0.000   0.000   -17.000   
0.340   0.340   0.000   0.000   0.000   -21.000   
0.340   0.340   0.000   0.000   0.000   -22.000   
0.340   0.340   0.000   0.000   0.000   -20.000   
0.340   0.340   0.000   0.000   0.000   -22.000   
0.340   0.340   0.000   0.000   0.000   -20.000   
0.340   0.340   0.000   0.000   0.000   -21.000   
0.340   0.340   0.000   0.000   0.000   -19.000   
0.340   0.340   0.000   0.000   0.000   -20.000   
0.340   0.340   0.000   0.000   0.000   -20.000   
0.340   0.340   0.000   0.000   0.000   -19.000   
0.340   0.340   0.000   0.000   0.000   -20.000   
0.340   0.340   0.000   0.000   0.000   -20.000   
0.340   0.340   0.000   0.000   0.000   -20.000   
0.340   0.340   0.000   0.000   0.000   -19.000   
0.340   0.340   0.000   0.000   0.000   -19.000   
0.340   0.340   0.000   0.000   0.000   -18.000   
0.340   0.340   0.000   0.000   0.000   -20.000   
0.340   0.340   0.000   0.000   0.000   -18.000   
0.340   0.340   0.000   0.000   0.000   -21.000   
0.345   0.340   0.002   1.665   0.000   -19.000   
0.360   0.340   0.005   4.790   0.000   -20.000   
0.385   0.340   0.012   6.870   0.450   -312.000   
0.435   0.345   0.043   9.995   0.155   -449.000   
0.480   0.355   0.069   12.080   1.940   -419.000   
0.560   0.390   0.112   15.205   5.905   -665.000   
0.625   0.425   0.136   16.665   9.260   -770.000   
0.690   0.500   0.163   16.665   12.400   -527.000   
0.790   0.560   0.176   16.665   13.890   -41.000   
0.855   0.630   0.184   16.665   15.755   -282.000   
0.955   0.735   0.185   16.665   17.835   23.000   
1.025   0.810   0.179   16.665   18.715   -559.000   
1.125   0.915   0.172   16.665   17.795   -10.000   
1.190   0.985   0.170   16.665   17.345   -533.000   
1.290   1.085   0.170   16.665   16.520   -529.000   
1.355   1.150   0.169   16.665   16.890   -516.000   
1.425   1.255   0.169   16.665   16.755   -326.000   
1.525   1.320   0.168   16.665   16.850   -470.000   
1.590   1.385   0.168   16.665   16.560   -581.000   
1.690   1.485   0.168   16.665   16.615   -595.000   
1.755   1.555   0.167   16.665   16.950   -525.000   
1.855   1.655   0.167   16.665   16.835   -276.000   
1.925   1.725   0.166   16.665   16.795   -391.000   
2.025   1.825   0.165   16.665   16.735   -501.000   
2.090   1.890   0.165   16.665   16.655   -363.000   
2.155   1.955   0.165   16.665   16.615   -517.000   
2.255   2.055   0.166   16.665   16.795   -338.000   
2.325   2.125   0.165   16.665   16.480   -287.000   
2.425   2.220   0.166   16.665   16.520   -539.000   
2.490   2.290   0.166   16.665   16.595   -517.000   
2.590   2.390   0.167   16.665   16.420   -632.000   
2.655   2.455   0.167   16.665   16.795   -384.000   
2.725   2.555   0.166   16.665   16.890   -340.000   
2.825   2.620   0.166   16.665   16.655   -522.000   
2.890   2.690   0.166   16.665   16.695   -293.000   
2.990   2.790   0.167   16.665   16.615   -371.000   
3.055   2.855   0.166   16.665   16.655   -340.000   
3.155   2.955   0.167   16.665   16.580   -185.000   
3.225   3.020   0.166   16.665   16.795   -317.000   
3.325   3.120   0.166   16.665   16.520   -454.000   
3.390   3.190   0.166   16.665   16.835   -336.000   
3.455   3.290   0.166   16.665   16.695   -513.000   
3.555   3.355   0.167   16.665   16.520   -270.000   
3.625   3.420   0.167   16.665   16.775   -381.000   
3.725   3.520   0.167   16.665   16.540   -497.000   
3.790   3.590   0.167   16.665   16.850   -343.000   
3.890   3.690   0.166   16.665   16.775   -505.000   
3.955   3.755   0.166   16.665   16.635   -338.000   
4.055   3.855   0.166   16.665   16.675   -327.000   
4.125   3.920   0.167   16.665   16.580   -587.000   
4.190   4.020   0.166   16.665   16.595   -321.000   
4.290   4.090   0.167   16.665   16.560   -377.000   
4.355   4.155   0.166   16.665   16.775   -375.000   
4.455   4.255   0.167   16.665   16.595   -209.000   
4.525   4.320   0.166   16.665   16.675   -336.000   
4.625   4.420   0.166   16.665   16.815   -322.000   
4.690   4.490   0.167   16.665   16.540   -362.000   
4.790   4.590   0.166   16.665   16.815   -352.000   
4.855   4.655   0.167   16.665   16.595   -200.000   
4.925   4.755   0.167   16.665   16.675   -363.000   
5.025   4.820   0.167   16.665   16.655   -498.000   
5.090   4.890   0.167   16.665   16.635   -582.000   
5.190   4.990   0.166   16.665   16.635   -529.000   
5.355   5.155   0.167   16.665   16.755   -382.000   
5.425   5.220   0.166   16.665   16.675   -574.000   
5.525   5.320   0.166   16.665   16.675   -343.000   
5.590   5.390   0.166   16.665   16.580   -578.000   
5.655   5.455   0.166   16.665   16.815   -536.000   
5.755   5.555   0.166   16.665   16.655   -550.000   
5.825   5.620   0.166   16.665   16.655   -383.000   
5.925   5.720   0.166   16.665   16.655   -357.000   
5.990   5.790   0.167   16.665   16.635   -412.000   
6.090   5.890   0.167   16.665   16.675   -358.000   
6.155   5.955   0.167   16.665   16.595   -209.000   
6.225   6.055   0.167   16.665   16.775   -390.000   
6.325   6.120   0.166   16.665   16.540   -493.000   
6.390   6.190   0.166   16.665   16.835   -560.000   
6.490   6.290   0.166   16.665   16.675   -525.000   
6.555   6.355   0.166   16.665   16.635   -365.000   
6.655   6.455   0.166   16.665   16.695   -339.000   
6.725   6.520   0.167   16.665   16.580   -417.000   
6.825   6.620   0.167   16.665   16.635   -391.000   
6.890   6.690   0.166   16.665   16.735   -495.000   
6.955   6.790   0.167   16.665   16.655   -405.000   
7.055   6.855   0.166   16.665   16.695   -344.000   
7.125   6.920   0.166   16.665   16.635   -191.000   
7.225   7.020   0.166   16.665   16.755   -332.000   
7.290   7.090   0.167   16.665   16.500   -428.000   
7.390   7.190   0.166   16.665   16.850   -357.000   
7.455   7.255   0.167   16.665   16.615   -196.000   
7.555   7.355   0.167   16.665   16.595   -374.000   
7.625   7.420   0.166   16.665   16.695   -471.000   
7.690   7.520   0.166   16.665   16.615   -569.000   
7.790   7.590   0.167   16.665   16.560   -569.000   
7.855   7.655   0.167   16.665   16.775   -607.000   
7.955   7.755   0.167   16.665   16.715   -390.000   
8.025   7.820   0.166   16.665   16.715   -479.000   
8.125   7.920   0.166   16.665   16.655   -566.000   
8.190   7.990   0.166   16.665   16.595   -541.000   
8.290   8.090   0.167   16.665   16.500   -396.000   
8.355   8.155   0.166   16.665   16.835   -348.000   
8.425   8.220   0.167   16.665   16.615   -203.000   
8.525   8.320   0.166   16.665   16.695   -327.000   
8.590   8.390   0.167   16.665   16.580   -501.000   
8.690   8.490   0.167   16.665   16.595   -394.000   
8.755   8.555   0.167   16.665   16.635   -245.000   
8.855   8.655   0.167   16.665   16.795   -291.000   
8.925   8.720   0.166   16.665   16.615   -339.000   
8.990   8.820   0.166   16.665   16.675   -487.000   
9.090   8.890   0.166   16.665   16.675   -350.000   
9.155   8.955   0.166   16.665   16.595   -517.000   
9.255   9.055   0.167   16.665   16.795   -378.000   
9.325   9.120   0.166   16.665   16.480   -351.000   
9.425   9.220   0.166   16.665   16.595   -584.000   
9.490   9.290   0.166   16.665   16.715   -530.000   
9.590   9.390   0.167   16.665   16.655   -389.000   
9.655   9.455   0.166   16.665   16.655   -373.000   
9.725   9.555   0.167   16.665   16.595   -236.000   
9.825   9.620   0.166   16.665   16.795   -378.000   
9.890   9.690   0.166   16.665   16.615   -354.000   
9.990   9.790   0.167   16.665   16.735   -364.000   
10.055   9.855   0.166   16.665   16.675   -334.000   
10.155   9.955   0.167   16.665   16.520   -212.000   
10.225   10.020   0.166   16.665   16.815   -338.000   
10.325   10.120   0.167   16.665   16.480   -508.000   
10.390   10.190   0.167   16.665   16.835   -347.000   
10.455   10.290   0.166   16.665   16.695   -551.000   
10.555   10.355   0.167   16.665   16.635   -384.000   
10.625   10.420   0.166   16.665   16.715   -339.000   
10.725   10.520   0.166   16.665   16.655   -583.000   
10.790   10.590   0.166   16.665   16.615   -539.000   
10.890   10.690   0.167   16.665   16.595   -622.000   
10.955   10.755   0.167   16.665   16.735   -359.000   
11.055   10.855   0.166   16.665   16.655   -353.000   
11.125   10.920   0.166   16.665   16.715   -543.000   
11.190   10.990   0.166   16.665   16.500   -335.000   
11.290   11.090   0.167   16.665   16.440   -424.000   
11.355   11.155   0.166   16.665   16.870   -346.000   
11.455   11.255   0.167   16.665   16.595   -238.000   
11.525   11.320   0.166   16.665   16.675   -344.000   
11.625   11.420   0.166   16.665   16.735   -514.000   
11.690   11.490   0.166   16.665   16.615   -381.000   
11.790   11.590   0.166   16.665   16.635   -531.000   
11.855   11.655   0.167   16.665   16.795   -308.000   
11.925   11.720   0.167   16.665   16.560   -375.000   
12.025   11.820   0.167   16.665   16.615   -531.000   
12.090   11.890   0.166   16.665   16.715   -551.000   
12.190   11.990   0.166   16.665   16.540   -576.000   
12.255   12.055   0.167   16.665   16.835   -385.000   
12.355   12.155   0.166   16.665   16.835   -380.000   
12.425   12.220   0.167   16.665   16.580   -596.000   
12.490   12.320   0.166   16.665   16.715   -348.000   
12.590   12.390   0.167   16.665   16.615   -428.000   
12.655   12.455   0.166   16.665   16.735   -372.000   
12.755   12.555   0.167   16.665   16.595   -222.000   
12.825   12.620   0.166   16.665   16.795   -300.000   
12.925   12.720   0.166   16.665   16.580   -373.000   
12.990   12.790   0.167   16.665   16.675   -408.000   
13.090   12.890   0.167   16.665   16.695   -382.000   
13.155   12.955   0.167   16.665   16.595   -233.000   
13.225   13.055   0.167   16.665   16.850   -382.000   
13.325   13.120   0.167   16.665   16.480   -540.000   
13.390   13.190   0.167   16.665   16.815   -613.000   
13.490   13.290   0.166   16.665   16.755   -539.000   
13.555   13.355   0.167   16.665   16.595   -399.000   
13.655   13.455   0.166   16.665   16.695   -372.000   
13.725   13.520   0.166   16.665   16.635   -602.000   
13.825   13.620   0.166   16.665   16.775   -344.000   
13.890   13.690   0.167   16.665   16.560   -625.000   
13.955   13.790   0.167   16.665   16.655   -420.000   
14.055   13.855   0.166   16.665   16.655   -402.000   
14.125   13.920   0.166   16.665   16.675   -225.000   
14.225   14.020   0.166   16.665   16.775   -379.000   
14.290   14.090   0.167   16.665   16.540   -421.000   
14.390   14.190   0.166   16.665   16.850   -382.000   
14.455   14.255   0.167   16.665   16.595   -232.000   
14.555   14.355   0.167   16.665   16.615   -417.000   
14.625   14.420   0.167   16.665   16.675   -533.000   
14.690   14.490   0.166   16.665   16.675   -598.000   
14.790   14.590   0.166   16.665   16.595   -567.000   
14.855   14.655   0.167   16.665   16.835   -614.000   
14.955   14.755   0.167   16.665   16.655   -419.000   
15.025   14.820   0.167   16.665   16.635   -550.000   
15.125   14.920   0.166   16.665   16.735   -574.000   
15.190   14.990   0.166   16.665   16.595   -569.000   
15.255   15.090   0.167   16.665   16.500   -432.000   
15.355   15.155   0.166   16.665   16.815   -370.000   
15.425   15.220   0.167   16.665   16.560   -253.000   
15.525   15.320   0.166   16.665   16.695   -376.000   
15.590   15.390   0.167   16.665   16.615   -521.000   
15.690   15.490   0.166   16.665   16.655   -407.000   
15.755   15.555   0.167   16.665   16.615   -219.000   
15.855   15.655   0.167   16.665   16.795   -302.000   
15.925   15.720   0.166   16.665   16.595   -385.000   
15.990   15.820   0.167   16.665   16.635   -552.000   
16.090   15.890   0.167   16.665   16.695   -405.000   
16.155   15.955   0.167   16.665   16.595   -582.000   
16.255   16.055   0.167   16.665   16.870   -384.000   
16.325   16.120   0.166   16.665   16.500   -527.000   
16.425   16.220   0.166   16.665   16.615   -593.000   
16.490   16.290   0.166   16.665   16.635   -579.000   
16.590   16.390   0.167   16.665   16.635   -434.000   
16.655   16.455   0.166   16.665   16.715   -375.000   
16.725   16.555   0.167   16.665   16.655   -222.000   
16.825   16.620   0.166   16.665   16.755   -388.000   
16.890   16.690   0.167   16.665   16.595   -369.000   
16.990   16.790   0.167   16.665   16.675   -423.000   
17.055   16.855   0.165   16.665   16.635   -407.000   
17.155   16.955   0.165   16.665   16.580   -246.000   
17.220   17.020   0.166   16.665   16.440   -244.000   
17.320   17.120   0.167   16.665   16.795   -189.000   
17.390   17.190   0.165   16.665   16.540   109.000   
17.455   17.290   0.166   16.665   15.950   45.000   
17.555   17.350   0.167   16.665   16.165   -925.000   
17.620   17.420   0.166   16.665   16.990   -385.000   
17.720   17.520   0.167   16.665   16.580   -234.000   
17.790   17.585   0.166   16.665   16.775   -347.000   
17.890   17.685   0.166   16.665   16.850   -325.000   
17.955   17.755   0.167   16.665   16.460   -424.000   
18.055   17.855   0.167   16.665   16.835   -388.000   
18.120   17.920   0.167   16.665   16.580   -243.000   
18.190   17.985   0.167   16.665   16.715   -421.000   
18.290   18.085   0.166   16.665   16.735   -491.000   
18.355   18.155   0.167   16.665   16.595   -615.000   
18.455   18.255   0.166   16.665   16.635   -554.000   
18.520   18.320   0.167   16.665   16.755   -443.000   
18.620   18.420   0.166   16.665   16.815   -393.000   
18.690   18.485   0.166   16.665   16.615   -605.000   
18.755   18.585   0.166   16.665   16.695   -360.000   
18.855   18.655   0.166   16.665   16.595   -599.000   
18.920   18.720   0.167   16.665   16.795   -399.000   
19.020   18.820   0.166   16.665   16.775   -410.000   
19.090   18.885   0.167   16.665   16.595   -257.000   
19.190   18.985   0.166   16.665   16.715   -360.000   
19.255   19.055   0.167   16.665   16.655   -414.000   
19.355   19.155   0.167   16.665   16.615   -382.000   
19.420   19.220   0.167   16.665   16.615   -243.000   
19.490   19.320   0.167   16.665   16.795   -409.000   
19.590   19.385   0.166   16.665   16.540   -498.000   
19.655   19.455   0.166   16.665   16.795   -611.000   
19.755   19.555   0.166   16.665   16.655   -556.000   
19.820   19.620   0.167   16.665   16.635   -281.000   
19.920   19.720   0.167   16.665   16.775   -400.000   
19.990   19.785   0.167   16.665   16.480   -530.000   
20.090   19.885   0.166   16.665   16.595   -592.000   
20.155   19.955   0.166   16.665   16.695   -553.000   
20.220   20.055   0.167   16.665   16.655   -419.000   
20.320   20.120   0.166   16.665   16.655   -368.000   
20.390   20.185   0.166   16.665   16.695   -222.000   
20.490   20.285   0.166   16.665   16.775   -358.000   
20.555   20.355   0.167   16.665   16.540   -407.000   
20.655   20.455   0.166   16.665   16.815   -379.000   
20.720   20.520   0.167   16.665   16.615   -214.000   
20.820   20.620   0.167   16.665   16.560   -284.000   
20.890   20.685   0.166   16.665   16.795   -352.000   
20.955   20.755   0.166   16.665   16.520   -518.000   
21.055   20.855   0.167   16.665   16.835   -368.000   
21.120   20.920   0.167   16.665   16.580   -571.000   
21.220   21.020   0.167   16.665   16.635   -386.000   
21.290   21.085   0.166   16.665   16.695   -513.000   
21.390   21.185   0.166   16.665   16.655   -573.000   
21.455   21.255   0.166   16.665   16.635   -534.000   
21.520   21.355   0.167   16.665   16.500   -407.000   
21.620   21.420   0.166   16.665   16.815   -370.000   
21.690   21.485   0.167   16.665   16.595   -228.000   
21.790   21.585   0.166   16.665   16.675   -348.000   
21.855   21.655   0.167   16.665   16.580   -347.000   
21.955   21.755   0.167   16.665   16.500   -387.000   
22.020   21.820   0.166   16.665   16.850   -369.000   
22.120   21.920   0.167   16.665   16.595   -225.000   
22.190   21.985   0.166   16.665   16.675   -337.000   
22.255   22.085   0.166   16.665   16.695   -493.000   
22.355   22.155   0.166   16.665   16.655   -364.000   
22.420   22.220   0.166   16.665   16.595   -539.000   
22.520   22.320   0.167   16.665   16.775   -407.000   
22.590   22.385   0.166   16.665   16.560   -480.000   
22.690   22.485   0.167   16.665   16.580   -611.000   
22.755   22.555   0.166   16.665   16.695   -545.000   
22.855   22.655   0.167   16.665   16.540   -605.000   
22.920   22.720   0.167   16.665   16.835   -377.000   
22.990   22.820   0.166   16.665   16.835   -360.000   
23.090   22.885   0.166   16.665   16.595   -550.000   
23.155   22.955   0.166   16.665   16.635   -348.000   
23.255   23.055   0.167   16.665   16.655   -399.000   
23.320   23.120   0.166   16.665   16.695   -352.000   
23.420   23.220   0.167   16.665   16.615   -222.000   
23.490   23.285   0.166   16.665   16.775   -345.000   
23.590   23.385   0.166   16.665   16.540   -493.000   
23.655   23.455   0.166   16.665   16.795   -392.000   
23.720   23.555   0.166   16.665   16.595   -536.000   
23.820   23.620   0.167   16.665   16.560   -297.000   
23.890   23.685   0.166   16.665   16.815   -371.000   
23.990   23.785   0.166   16.665   16.540   -502.000   
24.055   23.855   0.167   16.665   16.795   -362.000   
24.155   23.955   0.166   16.665   16.675   -545.000   
24.220   24.020   0.167   16.665   16.635   -379.000   
24.320   24.120   0.166   16.665   16.715   -349.000   
24.390   24.185   0.166   16.665   16.615   -594.000   
24.455   24.255   0.166   16.665   16.635   -351.000   
24.555   24.355   0.167   16.665   16.520   -411.000   
24.620   24.420   0.166   16.665   16.815   -389.000   
24.720   24.520   0.167   16.665   16.595   -225.000   
24.790   24.585   0.166   16.665   16.675   -360.000   
24.890   24.685   0.166   16.665   16.795   -345.000   
24.955   24.755   0.167   16.665   16.540   -377.000   
25.020   24.855   0.166   16.665   16.815   -357.000   
25.120   24.920   0.167   16.665   16.595   -215.000   
25.190   24.985   0.167   16.665   16.675   -382.000   
25.290   25.085   0.166   16.665   16.695   -505.000   
25.355   25.155   0.166   16.665   16.675   -584.000   
25.455   25.255   0.166   16.665   16.580   -557.000   
25.520   25.320   0.167   16.665   16.795   -408.000   
25.620   25.420   0.166   16.665   16.835   -365.000   
25.690   25.485   0.166   16.665   16.635   -576.000   
25.755   25.585   0.166   16.665   16.655   -364.000   
25.855   25.655   0.167   16.665   16.540   -617.000   
25.920   25.720   0.167   16.665   16.795   -395.000   
26.020   25.820   0.166   16.665   16.815   -390.000   
26.090   25.885   0.166   16.665   16.655   -564.000   
26.190   25.985   0.166   16.665   16.695   -328.000   
26.255   26.055   0.167   16.665   16.615   -416.000   
26.355   26.155   0.167   16.665   16.655   -385.000   
26.420   26.220   0.167   16.665   16.635   -210.000   
26.490   26.320   0.167   16.665   16.835   -371.000   
26.590   26.385   0.166   16.665   16.500   -499.000   
26.655   26.455   0.166   16.665   16.815   -581.000   
26.755   26.555   0.166   16.665   16.655   -550.000   
26.820   26.620   0.167   16.665   16.540   -316.000   
26.920   26.720   0.167   16.665   16.815   -406.000   
26.990   26.785   0.167   16.665   16.635   -233.000   
27.055   26.885   0.166   16.665   16.655   -378.000   
27.155   26.955   0.166   16.665   16.675   -518.000   
27.220   27.020   0.167   16.665   16.635   -419.000   
27.320   27.120   0.166   16.665   16.675   -382.000   
27.390   27.185   0.166   16.665   16.635   -238.000   
27.490   27.285   0.166   16.665   16.815   -347.000   
27.555   27.355   0.167   16.665   16.560   -396.000   
27.655   27.455   0.166   16.665   16.795   -377.000   
27.720   27.520   0.167   16.665   16.615   -213.000   
27.790   27.620   0.166   16.665   16.635   -395.000   
27.890   27.685   0.166   16.665   16.675   -510.000   
27.955   27.755   0.167   16.665   16.615   -416.000   
28.055   27.855   0.166   16.665   16.715   -351.000   
28.120   27.920   0.167   16.665   16.675   -494.000   
28.220   28.020   0.167   16.665   16.615   -381.000   
28.290   28.085   0.167   16.665   16.635   -542.000   
28.390   28.185   0.167   16.665   16.635   -612.000   
28.455   28.255   0.166   16.665   16.635   -547.000   
28.520   28.355   0.167   16.665   16.560   -404.000   
28.620   28.420   0.166   16.665   16.795   -362.000   
28.690   28.485   0.167   16.665   16.595   -229.000   
28.790   28.585   0.166   16.665   16.655   -374.000   
28.855   28.655   0.167   16.665   16.615   -519.000   
28.955   28.755   0.166   16.665   16.675   -392.000   
29.020   28.820   0.167   16.665   16.615   -214.000   
29.120   28.920   0.167   16.665   16.835   -269.000   
29.190   28.985   0.166   16.665   16.580   -366.000   
29.255   29.085   0.166   16.665   16.635   -512.000   
29.355   29.155   0.166   16.665   16.675   -373.000   
29.420   29.220   0.167   16.665   16.580   -563.000   
29.520   29.320   0.167   16.665   16.835   -373.000   
29.590   29.385   0.166   16.665   16.500   -509.000   
29.690   29.485   0.166   16.665   16.580   -584.000   
29.755   29.555   0.166   16.665   16.675   -550.000   
29.855   29.655   0.167   16.665   16.580   -438.000   
29.920   29.720   0.166   16.665   16.695   -377.000   
29.990   29.820   0.167   16.665   16.655   -213.000   
30.090   29.885   0.166   16.665   16.795   -356.000   
30.155   29.955   0.166   16.665   16.595   -360.000   
30.255   30.055   0.167   16.665   16.675   -391.000   
30.320   30.120   0.166   16.665   16.655   -392.000   
30.420   30.220   0.167   16.665   16.560   -245.000   
30.490   30.285   0.166   16.665   16.870   -342.000   
30.590   30.385   0.166   16.665   16.500   -511.000   
30.655   30.455   0.166   16.665   16.870   -370.000   
30.720   30.520   0.166   16.665   16.560   -553.000   
30.820   30.620   0.167   16.665   16.595   -402.000   
30.890   30.685   0.166   16.665   16.715   -367.000   
30.990   30.785   0.166   16.665   16.635   -586.000   
31.055   30.855   0.166   16.665   16.615   -555.000   
31.155   30.955   0.166   16.665   16.615   -602.000   
31.220   31.020   0.167   16.665   16.675   -384.000   
31.290   31.120   0.166   16.665   16.655   -375.000   
31.390   31.185   0.166   16.665   16.675   -582.000   
31.455   31.255   0.166   16.665   16.540   -362.000   
31.555   31.355   0.167   16.665   16.520   -416.000   
31.620   31.420   0.166   16.665   16.870   -346.000   
31.720   31.520   0.167   16.665   16.615   -211.000   
31.790   31.585   0.166   16.665   16.675   -344.000   
31.890   31.685   0.166   16.665   16.675   -511.000   
31.955   31.755   0.166   16.665   16.635   -388.000   
32.020   31.855   0.166   16.665   16.635   -542.000   
32.120   31.920   0.167   16.665   16.795   -294.000   
32.190   31.985   0.166   16.665   16.595   -381.000   
32.290   32.085   0.167   16.665   16.635   -522.000   
32.355   32.155   0.166   16.665   16.695   -361.000   
32.455   32.255   0.166   16.665   16.560   -560.000   
32.520   32.320   0.167   16.665   16.850   -379.000   
32.620   32.420   0.166   16.665   16.815   -378.000   
32.690   32.485   0.166   16.665   16.615   -594.000   
32.755   32.585   0.166   16.665   16.715   -336.000   
32.855   32.655   0.167   16.665   16.635   -398.000   
32.920   32.720   0.166   16.665   16.695   -390.000   
33.020   32.820   0.167   16.665   16.615   -228.000   
33.090   32.885   0.166   16.665   16.775   -368.000   
33.190   32.985   0.166   16.665   16.595   -355.000   
33.255   33.055   0.167   16.665   16.735   -368.000   
33.355   33.155   0.166   16.665   16.715   -358.000   
33.420   33.220   0.167   16.665   16.540   -226.000   
33.490   33.320   0.167   16.665   16.815   -384.000   
33.590   33.385   0.166   16.665   16.500   -526.000   
33.655   33.455   0.166   16.665   16.850   -576.000   
33.755   33.555   0.165   16.665   16.715   -542.000   
33.820   33.620   0.164   16.665   16.595   -382.000   
33.920   33.720   0.164   16.665   16.305   -575.000   
33.985   33.785   0.167   16.665   16.890   -210.000   
34.085   33.885   0.169   16.665   16.050   -9.000   
34.155   33.955   0.166   16.665   17.460   37.000   
34.220   34.015   0.166   16.665   16.225   -276.000   
34.320   34.120   0.167   16.665   16.950   -358.000   
34.385   34.185   0.167   16.665   16.635   -528.000   
34.485   34.285   0.167   16.665   16.615   -416.000   
34.555   34.350   0.167   16.665   16.655   -524.000   
34.655   34.450   0.167   16.665   16.655   -600.000   
34.720   34.520   0.166   16.665   16.635   -545.000   
34.785   34.620   0.167   16.665   16.520   -396.000   
34.885   34.685   0.166   16.665   16.795   -369.000   
34.955   34.750   0.167   16.665   16.580   -245.000   
35.055   34.850   0.166   16.665   16.675   -370.000   
35.120   34.920   0.167   16.665   16.580   -374.000   
35.220   35.020   0.167   16.665   16.560   -373.000   
35.285   35.085   0.166   16.665   16.835   -376.000   
35.385   35.185   0.167   16.665   16.560   -261.000   
35.455   35.250   0.166   16.665   16.675   -356.000   
35.520   35.350   0.167   16.665   16.655   -553.000   
35.620   35.420   0.167   16.665   16.675   -383.000   
35.685   35.485   0.167   16.665   16.635   -534.000   
35.785   35.585   0.167   16.665   16.835   -387.000   
35.855   35.650   0.167   16.665   16.480   -515.000   
35.955   35.750   0.166   16.665   16.655   -584.000   
36.020   35.820   0.166   16.665   16.675   -539.000   
36.120   35.920   0.167   16.665   16.540   -621.000   
36.185   35.985   0.167   16.665   16.795   -410.000   
36.255   36.085   0.166   16.665   16.540   -385.000   
36.355   36.150   0.166   16.665   16.615   -575.000   
36.420   36.220   0.166   16.665   16.655   -354.000   
36.520   36.320   0.167   16.665   16.595   -458.000   
36.585   36.385   0.166   16.665   16.655   -402.000   
36.685   36.485   0.167   16.665   16.655   -240.000   
36.755   36.550   0.166   16.665   16.815   -341.000   
36.855   36.650   0.166   16.665   16.520   -507.000   
36.920   36.720   0.166   16.665   16.795   -396.000   
36.985   36.785   0.166   16.665   16.595   -557.000   
37.085   36.885   0.167   16.665   16.540   -317.000   
37.155   36.950   0.166   16.665   16.850   -400.000   
37.255   37.050   0.166   16.665   16.520   -525.000   
37.320   37.120   0.166   16.665   16.835   -370.000   
37.420   37.220   0.166   16.665   16.655   -584.000   
37.485   37.285   0.167   16.665   16.655   -402.000   
37.585   37.385   0.166   16.665   16.655   -389.000   
37.655   37.450   0.166   16.665   16.635   -604.000   
37.720   37.520   0.166   16.665   16.635   -349.000   
37.820   37.620   0.167   16.665   16.520   -428.000   
37.885   37.685   0.166   16.665   16.795   -394.000   
37.985   37.785   0.167   16.665   16.635   -220.000   
38.055   37.850   0.166   16.665   16.675   -366.000   
38.155   37.950   0.166   16.665   16.815   -379.000   
38.220   38.020   0.167   16.665   16.520   -411.000   
38.285   38.120   0.167   16.665   16.815   -394.000   
38.385   38.185   0.167   16.665   16.615   -266.000   
38.455   38.250   0.166   16.665   16.675   -418.000   
38.555   38.350   0.167   16.665   16.675   -560.000   
38.620   38.420   0.167   16.665   16.635   -415.000   
38.720   38.520   0.166   16.665   16.615   -586.000   
38.785   38.585   0.167   16.665   16.835   -408.000   
38.885   38.685   0.166   16.665   16.795   -381.000   
38.955   38.750   0.166   16.665   16.580   -634.000   
39.020   38.850   0.166   16.665   16.675   -389.000   
39.120   38.920   0.166   16.665   16.580   -622.000   
39.185   38.985   0.167   16.665   16.835   -405.000   
39.285   39.085   0.166   16.665   16.795   -409.000   
39.355   39.150   0.166   16.665   16.615   -611.000   
39.455   39.250   0.166   16.665   16.675   -379.000   
39.520   39.320   0.167   16.665   16.635   -438.000   
39.620   39.420   0.167   16.665   16.615   -416.000   
39.685   39.485   0.167   16.665   16.615   -252.000   
39.755   39.550   0.167   16.665   16.775   -438.000   
39.855   39.650   0.166   16.665   16.560   -528.000   
39.920   39.720   0.166   16.665   16.815   -620.000   
40.020   39.820   0.166   16.665   16.695   -563.000   
40.085   39.885   0.167   16.665   16.540   -320.000   
40.185   39.985   0.167   16.665   16.775   -432.000   
40.255   40.050   0.167   16.665   16.520   -545.000   
40.320   40.150   0.166   16.665   16.635   -604.000   
40.420   40.220   0.166   16.665   16.695   -586.000   
40.485   40.285   0.167   16.665   16.635   -436.000   
40.585   40.385   0.166   16.665   16.695   -389.000   
40.655   40.450   0.166   16.665   16.615   -248.000   
40.755   40.550   0.166   16.665   16.835   -354.000   
40.820   40.620   0.167   16.665   16.480   -445.000   
40.920   40.720   0.166   16.665   16.815   -416.000   
40.985   40.785   0.167   16.665   16.615   -231.000   
41.055   40.885   0.167   16.665   16.560   -311.000   
41.155   40.950   0.166   16.665   16.795   -378.000   
41.220   41.020   0.167   16.665   16.480   -553.000   
41.320   41.120   0.167   16.665   16.835   -406.000   
41.385   41.185   0.167   16.665   16.615   -584.000   
41.485   41.285   0.167   16.665   16.635   -403.000   
41.555   41.350   0.166   16.665   16.715   -518.000   
41.655   41.450   0.166   16.665   16.595   -627.000   
41.720   41.520   0.167   16.665   16.580   -588.000   
41.785   41.620   0.167   16.665   16.775   -434.000   
41.885   41.685   0.166   16.665   16.815   -387.000   
41.955   41.750   0.166   16.665   16.655   -222.000   
42.055   41.850   0.166   16.665   16.675   -369.000   
42.120   41.920   0.166   16.665   16.540   -621.000   
42.220   42.020   0.167   16.665   16.520   -414.000   
42.285   42.085   0.166   16.665   16.835   -405.000   
42.385   42.185   0.167   16.665   16.635   -229.000   
42.455   42.250   0.166   16.665   16.675   -351.000   
42.520   42.350   0.166   16.665   16.635   -531.000   
42.620   42.420   0.167   16.665   16.635   -385.000   
42.685   42.485   0.167   16.665   16.615   -559.000   
42.785   42.585   0.167   16.665   16.775   -424.000   
42.855   42.650   0.166   16.665   16.540   -519.000   
42.955   42.750   0.166   16.665   16.635   -610.000   
43.020   42.820   0.166   16.665   16.695   -552.000   
43.120   42.920   0.166   16.665   16.580   -601.000   
43.185   42.985   0.167   16.665   16.795   -408.000   
43.255   43.050   0.166   16.665   16.500   -411.000   
43.355   43.150   0.166   16.665   16.615   -602.000   
43.420   43.220   0.166   16.665   16.695   -349.000   
43.520   43.320   0.167   16.665   16.695   -391.000   
43.585   43.385   0.166   16.665   16.675   -371.000   
43.685   43.485   0.167   16.665   16.595   -236.000   
43.755   43.550   0.166   16.665   16.795   -366.000   
43.855   43.650   0.166   16.665   16.560   -502.000   
43.920   43.720   0.166   16.665   16.815   -392.000   
43.985   43.785   0.166   16.665   16.595   -549.000   
44.085   43.885   0.167   16.665   16.540   -298.000   
44.155   43.950   0.166   16.665   16.795   -406.000   
44.255   44.050   0.167   16.665   16.520   -522.000   
44.320   44.120   0.166   16.665   16.835   -377.000   
44.420   44.220   0.166   16.665   16.635   -584.000   
44.485   44.285   0.167   16.665   16.675   -385.000   
44.555   44.385   0.166   16.665   16.695   -359.000   
44.655   44.450   0.166   16.665   16.655   -589.000   
44.720   44.520   0.166   16.665   16.580   -356.000   
44.820   44.620   0.167   16.665   16.480   -442.000   
44.885   44.685   0.166   16.665   16.835   -368.000   
44.985   44.785   0.167   16.665   16.635   -216.000   
45.055   44.850   0.166   16.665   16.715   -339.000   
45.155   44.950   0.166   16.665   16.835   -348.000   
45.220   45.020   0.167   16.665   16.500   -381.000   
45.285   45.120   0.167   16.665   16.795   -388.000   
45.385   45.185   0.167   16.665   16.580   -249.000   
45.455   45.250   0.166   16.665   16.695   -380.000   
45.555   45.350   0.166   16.665   16.715   -493.000   
45.620   45.420   0.167   16.665   16.615   -374.000   
45.720   45.520   0.166   16.665   16.615   -542.000   
45.785   45.585   0.167   16.665   16.775   -411.000   
45.885   45.685   0.166   16.665   16.835   -375.000   
45.955   45.750   0.166   16.665   16.615   -595.000   
46.020   45.850   0.166   16.665   16.675   -365.000   
46.120   45.920   0.167   16.665   16.580   -607.000   
46.185   45.985   0.167   16.665   16.795   -385.000   
46.285   46.085   0.166   16.665   16.815   -385.000   
46.355   46.150   0.166   16.665   16.580   -594.000   
46.455   46.250   0.166   16.665   16.675   -360.000   
46.520   46.320   0.167   16.665   16.655   -414.000   
46.585   46.420   0.166   16.665   16.655   -369.000   
46.685   46.485   0.167   16.665   16.595   -237.000   
46.755   46.550   0.167   16.665   16.775   -423.000   
46.855   46.650   0.166   16.665   16.500   -513.000   
46.920   46.720   0.167   16.665   16.795   -628.000   
47.020   46.820   0.166   16.665   16.715   -540.000   
47.085   46.885   0.167   16.665   16.595   -290.000   
47.185   46.985   0.167   16.665   16.795   -408.000   
47.255   47.050   0.167   16.665   16.480   -532.000   
47.320   47.150   0.167   16.665   16.595   -607.000   
47.420   47.220   0.166   16.665   16.695   -568.000   
47.485   47.285   0.167   16.665   16.675   -410.000   
47.585   47.385   0.166   16.665   16.715   -354.000   
47.655   47.450   0.166   16.665   16.615   -237.000   
47.755   47.550   0.166   16.665   16.795   -360.000   
47.820   47.620   0.167   16.665   16.520   -421.000   
47.920   47.720   0.166   16.665   16.795   -397.000   
47.985   47.785   0.167   16.665   16.635   -228.000   
48.055   47.885   0.167   16.665   16.560   -307.000   
48.155   47.950   0.166   16.665   16.835   -355.000   
48.220   48.020   0.166   16.665   16.595   -248.000   
48.320   48.120   0.166   16.665   16.675   -354.000   
48.385   48.185   0.167   16.665   16.615   -437.000   
48.485   48.285   0.167   16.665   16.615   -399.000   
48.555   48.350   0.166   16.665   16.715   -523.000   
48.655   48.450   0.166   16.665   16.675   -592.000   
48.720   48.520   0.166   16.665   16.635   -542.000   
48.785   48.620   0.167   16.665   16.775   -430.000   
48.885   48.685   0.166   16.665   16.815   -368.000   
48.955   48.750   0.166   16.665   16.635   -203.000   
49.055   48.850   0.166   16.665   16.695   -352.000   
49.120   48.920   0.167   16.665   16.635   -414.000   
49.285   49.085   0.166   16.665   16.695   -504.000   
49.385   49.185   0.167   16.665   16.615   -435.000   
49.455   49.250   0.166   16.665   16.655   -382.000   
49.520   49.320   0.166   16.665   16.655   -518.000   
49.620   49.420   0.166   16.665   16.675   -374.000   
49.685   49.485   0.167   16.665   16.595   -553.000   
49.785   49.585   0.167   16.665   16.775   -411.000   
49.855   49.650   0.166   16.665   16.520   -498.000   
49.955   49.750   0.167   16.665   16.595   -613.000   
50.020   49.820   0.166   16.665   16.715   -544.000   
50.120   49.920   0.167   16.665   16.615   -430.000   
50.185   49.985   0.166   16.665   16.715   -366.000   
50.255   50.050   0.166   16.665   16.635   -522.000   
50.350   50.150   0.166   16.665   16.635   -392.000   
50.420   50.220   0.165   16.665   16.675   -382.000   
50.520   50.320   0.166   16.665   16.635   -433.000   
50.585   50.385   0.164   16.665   16.325   -578.000   
50.685   50.485   0.165   16.665   16.460   -1239.000   
50.750   50.550   0.169   16.665   15.990   -36.000   
50.820   50.650   0.167   16.665   17.480   -87.000   
50.920   50.715   0.166   16.665   16.205   -398.000   
50.985   50.785   0.167   16.665   16.870   -452.000   
51.085   50.885   0.167   16.665   16.635   -350.000   
51.150   50.950   0.167   16.665   16.695   -429.000   
51.250   51.050   0.167   16.665   16.595   -514.000   
51.320   51.115   0.166   16.665   16.795   -402.000   
51.420   51.215   0.166   16.665   16.775   -409.000   
51.485   51.285   0.167   16.665   16.540   -415.000   
51.550   51.385   0.167   16.665   16.795   -413.000   
51.650   51.450   0.167   16.665   16.615   -243.000   
51.720   51.515   0.166   16.665   16.695   -375.000   
51.820   51.615   0.166   16.665   16.655   -505.000   
51.885   51.685   0.167   16.665   16.635   -384.000   
51.985   51.785   0.166   16.665   16.595   -550.000   
52.050   51.850   0.167   16.665   16.795   -423.000   
52.150   51.950   0.166   16.665   16.815   -386.000   
52.220   52.015   0.166   16.665   16.615   -598.000   
52.285   52.115   0.166   16.665   16.695   -368.000   
52.385   52.185   0.166   16.665   16.560   -597.000   
52.450   52.250   0.167   16.665   16.795   -433.000   
52.550   52.350   0.166   16.665   16.850   -409.000   
52.620   52.415   0.166   16.665   16.635   -590.000   
52.720   52.515   0.166   16.665   16.655   -389.000   
52.785   52.585   0.167   16.665   16.635   -428.000   
52.885   52.685   0.166   16.665   16.655   -378.000   
52.950   52.750   0.167   16.665   16.595   -226.000   
53.020   52.815   0.167   16.665   16.755   -428.000   
53.120   52.915   0.166   16.665   16.520   -528.000   
53.185   52.985   0.166   16.665   16.835   -608.000   
53.285   53.085   0.166   16.665   16.675   -569.000   
53.350   53.150   0.167   16.665   16.580   -297.000   
53.450   53.250   0.167   16.665   16.815   -393.000   
53.520   53.315   0.166   16.665   16.500   -536.000   
53.585   53.415   0.166   16.665   16.595   -597.000   
53.685   53.485   0.166   16.665   16.675   -586.000   
53.750   53.550   0.167   16.665   16.675   -410.000   
53.850   53.650   0.166   16.665   16.695   -357.000   
53.920   53.715   0.166   16.665   16.635   -236.000   
54.020   53.815   0.166   16.665   16.755   -382.000   
54.085   53.885   0.167   16.665   16.520   -445.000   
54.185   53.985   0.166   16.665   16.835   -408.000   
54.250   54.050   0.167   16.665   16.635   -214.000   
54.320   54.150   0.167   16.665   16.540   -319.000   
54.420   54.215   0.166   16.665   16.795   -388.000   
54.485   54.285   0.167   16.665   16.540   -538.000   
54.585   54.385   0.167   16.665   16.775   -418.000   
54.650   54.450   0.167   16.665   16.615   -250.000   
54.750   54.550   0.167   16.665   16.675   -383.000   
54.820   54.615   0.166   16.665   16.675   -520.000   
54.920   54.715   0.166   16.665   16.615   -608.000   
54.985   54.785   0.166   16.665   16.635   -550.000   
55.050   54.885   0.167   16.665   16.775   -449.000   
55.150   54.950   0.166   16.665   16.815   -382.000   
55.220   55.015   0.166   16.665   16.615   -229.000   
55.320   55.115   0.166   16.665   16.715   -354.000   
55.385   55.185   0.166   16.665   16.560   -617.000   
55.485   55.285   0.167   16.665   16.500   -426.000   
55.550   55.350   0.166   16.665   16.795   -410.000   
55.650   55.450   0.167   16.665   16.615   -250.000   
55.720   55.515   0.166   16.665   16.715   -361.000   
55.785   55.585   0.166   16.665   16.635   -521.000   
55.885   55.685   0.167   16.665   16.615   -402.000   
55.950   55.750   0.167   16.665   16.595   -568.000   
56.050   55.850   0.167   16.665   16.795   -427.000   
56.120   55.915   0.166   16.665   16.520   -531.000   
56.220   56.015   0.166   16.665   16.615   -616.000   
56.285   56.085   0.166   16.665   16.695   -566.000   
56.385   56.185   0.166   16.665   16.595   -614.000   
56.450   56.250   0.167   16.665   16.775   -416.000   
56.520   56.315   0.166   16.665   16.520   -402.000   
56.620   56.415   0.166   16.665   16.595   -590.000   
56.685   56.485   0.166   16.665   16.695   -352.000   
56.785   56.585   0.167   16.665   16.615   -441.000   
56.850   56.650   0.166   16.665   16.655   -398.000   
56.950   56.750   0.167   16.665   16.615   -252.000   
57.020   56.815   0.166   16.665   16.815   -359.000   
57.085   56.915   0.166   16.665   16.500   -531.000   
57.185   56.985   0.166   16.665   16.815   -419.000   
57.250   57.050   0.167   16.665   16.615   -566.000   
57.350   57.150   0.167   16.665   16.560   -328.000   
57.420   57.215   0.166   16.665   16.815   -410.000   
57.520   57.315   0.166   16.665   16.520   -538.000   
57.585   57.385   0.166   16.665   16.835   -393.000   
57.685   57.485   0.166   16.665   16.675   -586.000   
57.750   57.550   0.167   16.665   16.595   -425.000   
57.820   57.650   0.166   16.665   16.695   -393.000   
57.920   57.715   0.166   16.665   16.715   -595.000   
57.985   57.785   0.166   16.665   16.580   -393.000   
58.085   57.885   0.167   16.665   16.540   -436.000   
58.150   57.950   0.166   16.665   16.815   -382.000   
58.250   58.050   0.167   16.665   16.595   -260.000   
58.320   58.115   0.166   16.665   16.675   -398.000   
58.420   58.215   0.166   16.665   16.850   -382.000   
58.485   58.285   0.167   16.665   16.500   -422.000   
58.550   58.385   0.166   16.665   16.850   -398.000   
58.650   58.450   0.167   16.665   16.580   -272.000   
58.720   58.515   0.166   16.665   16.675   -436.000   
58.820   58.615   0.166   16.665   16.695   -552.000   
58.885   58.685   0.167   16.665   16.655   -411.000   
58.985   58.785   0.166   16.665   16.635   -565.000   
59.050   58.850   0.167   16.665   16.795   -419.000   
59.150   58.950   0.166   16.665   16.795   -401.000   
59.220   59.015   0.166   16.665   16.595   -636.000   
59.285   59.085   0.166   16.665   16.695   -380.000   
59.385   59.185   0.166   16.665   16.560   -629.000   
59.450   59.250   0.167   16.665   16.835   -426.000   
59.550   59.350   0.166   16.665   16.835   -397.000   
59.620   59.415   0.166   16.665   16.580   -600.000   
59.720   59.515   0.166   16.665   16.635   -389.000   
59.785   59.585   0.167   16.665   16.635   -459.000   
59.850   59.685   0.167   16.665   16.655   -416.000   
59.950   59.750   0.167   16.665   16.655   -242.000   
60.020   59.815   0.167   16.665   16.795   -422.000   
60.120   59.915   0.166   16.665   16.520   -531.000   
60.185   59.985   0.167   16.665   16.775   -631.000   
60.285   60.085   0.166   16.665   16.695   -577.000   
60.350   60.150   0.167   16.665   16.540   -337.000   
60.450   60.250   0.166   16.665   16.835   -405.000   
60.520   60.315   0.166   16.665   16.540   -540.000   
60.585   60.415   0.166   16.665   16.615   -589.000   
60.685   60.485   0.166   16.665   16.655   -587.000   
60.750   60.550   0.167   16.665   16.595   -462.000   
60.850   60.650   0.166   16.665   16.715   -389.000   
60.920   60.715   0.166   16.665   16.655   -631.000   
61.020   60.815   0.166   16.665   16.815   -368.000   
61.085   60.885   0.167   16.665   16.540   -433.000   
61.185   60.985   0.167   16.665   16.775   -443.000   
61.250   61.050   0.167   16.665   16.560   -285.000   
61.320   61.150   0.167   16.665   16.595   -336.000   
61.420   61.215   0.166   16.665   16.815   -391.000   
61.485   61.285   0.167   16.665   16.560   -542.000   
61.585   61.385   0.167   16.665   16.795   -417.000   
61.650   61.450   0.167   16.665   16.615   -267.000   
61.750   61.550   0.167   16.665   16.615   -448.000   
61.820   61.615   0.167   16.665   16.695   -557.000   
61.920   61.715   0.166   16.665   16.655   -639.000   
61.985   61.785   0.166   16.665   16.635   -569.000   
62.050   61.885   0.167   16.665   16.835   -451.000   
62.150   61.950   0.166   16.665   16.795   -402.000   
62.220   62.015   0.166   16.665   16.580   -288.000   
62.320   62.115   0.166   16.665   16.635   -426.000   
62.385   62.185   0.167   16.665   16.580   -643.000   
62.485   62.285   0.167   16.665   16.540   -419.000   
62.550   62.350   0.166   16.665   16.815   -417.000   
62.650   62.450   0.167   16.665   16.580   -278.000   
62.720   62.515   0.166   16.665   16.695   -377.000   
62.785   62.585   0.166   16.665   16.635   -557.000   
62.885   62.685   0.167   16.665   16.635   -430.000   
62.950   62.750   0.167   16.665   16.635   -576.000   
63.050   62.850   0.167   16.665   16.835   -421.000   
63.120   62.915   0.166   16.665   16.520   -536.000   
63.220   63.015   0.166   16.665   16.615   -644.000   
63.285   63.085   0.166   16.665   16.655   -598.000   
63.350   63.185   0.166   16.665   16.580   -632.000   
63.450   63.250   0.167   16.665   16.815   -426.000   
63.520   63.315   0.166   16.665   16.520   -396.000   
63.620   63.415   0.166   16.665   16.615   -599.000   
63.685   63.485   0.166   16.665   16.695   -368.000   
63.785   63.585   0.167   16.665   16.580   -456.000   
63.850   63.650   0.166   16.665   16.695   -402.000   
63.950   63.750   0.167   16.665   16.615   -272.000   
64.020   63.815   0.166   16.665   16.815   -395.000   
64.085   63.915   0.166   16.665   16.540   -545.000   
64.185   63.985   0.166   16.665   16.775   -443.000   
64.250   64.050   0.167   16.665   16.655   -594.000   
64.350   64.150   0.167   16.665   16.540   -347.000   
64.420   64.215   0.166   16.665   16.815   -406.000   
64.520   64.315   0.166   16.665   16.520   -550.000   
64.585   64.385   0.166   16.665   16.870   -383.000   
64.685   64.485   0.166   16.665   16.655   -607.000   
64.750   64.550   0.167   16.665   16.615   -421.000   
64.820   64.650   0.166   16.665   16.715   -378.000   
64.920   64.715   0.166   16.665   16.655   -614.000   
64.985   64.785   0.166   16.665   16.615   -372.000   
65.085   64.885   0.167   16.665   16.560   -433.000   
65.150   64.950   0.166   16.665   16.795   -396.000   
65.250   65.050   0.167   16.665   16.595   -256.000   
65.320   65.115   0.166   16.665   16.655   -397.000   
65.420   65.215   0.166   16.665   16.815   -399.000   
65.485   65.285   0.167   16.665   16.540   -426.000   
65.550   65.350   0.166   16.665   16.835   -392.000   
65.650   65.450   0.167   16.665   16.615   -264.000   
65.720   65.515   0.166   16.665   16.675   -412.000   
65.820   65.615   0.166   16.665   16.655   -549.000   
65.885   65.685   0.167   16.665   16.655   -408.000   
65.985   65.785   0.166   16.665   16.635   -568.000   
66.050   65.850   0.167   16.665   16.795   -428.000   
66.120   65.950   0.166   16.665   16.815   -387.000   
66.220   66.015   0.166   16.665   16.595   -616.000   
66.285   66.085   0.166   16.665   16.695   -374.000   
66.385   66.185   0.167   16.665   16.520   -641.000   
66.450   66.250   0.167   16.665   16.835   -401.000   
66.550   66.350   0.166   16.665   16.815   -409.000   
66.620   66.415   0.166   16.665   16.615   -588.000   
66.720   66.515   0.166   16.665   16.675   -365.000   
66.785   66.585   0.167   16.665   16.615   -435.000   
66.850   66.685   0.167   16.665   16.595   -410.000   
66.950   66.750   0.167   16.665   16.615   -269.000   
67.015   66.815   0.166   16.665   16.795   -427.000   
67.115   66.915   0.165   16.665   16.560   -524.000   
67.185   66.985   0.165   16.665   16.835   -404.000   
67.285   67.085   0.164   16.665   17.050   -193.000   
67.350   67.150   0.166   16.665   16.305   -1298.000   
67.450   67.245   0.167   16.665   16.125   -1332.000   
67.515   67.315   0.167   16.665   17.380   -163.000   
67.585   67.415   0.167   16.665   16.775   -203.000   
67.685   67.480   0.166   16.665   16.775   -443.000   
67.750   67.550   0.167   16.665   16.580   -530.000   
67.850   67.650   0.166   16.665   16.795   -379.000   
67.915   67.715   0.167   16.665   16.595   -250.000   
68.015   67.815   0.167   16.665   16.655   -375.000   
68.085   67.880   0.166   16.665   16.655   -553.000   
68.185   67.980   0.166   16.665   16.675   -590.000   
68.250   68.050   0.166   16.665   16.580   -585.000   
68.315   68.150   0.167   16.665   16.815   -640.000   
68.415   68.215   0.167   16.665   16.695   -409.000   
68.485   68.280   0.167   16.665   16.655   -397.000   
68.585   68.380   0.166   16.665   16.735   -570.000   
68.650   68.450   0.166   16.665   16.540   -594.000   
68.750   68.550   0.167   16.665   16.480   -446.000   
68.815   68.615   0.166   16.665   16.850   -376.000   
68.915   68.715   0.167   16.665   16.595   -254.000   
68.985   68.780   0.166   16.665   16.655   -391.000   
69.050   68.850   0.166   16.665   16.635   -518.000   
69.150   68.950   0.166   16.665   16.655   -396.000   
69.215   69.015   0.167   16.665   16.615   -559.000   
69.315   69.115   0.167   16.665   16.795   -301.000   
69.385   69.180   0.166   16.665   16.580   -368.000   
69.485   69.280   0.167   16.665   16.635   -531.000   
69.550   69.350   0.167   16.665   16.675   -400.000   
69.615   69.450   0.167   16.665   16.560   -599.000   
69.715   69.515   0.167   16.665   16.835   -395.000   
69.785   69.580   0.166   16.665   16.540   -384.000   
69.885   69.680   0.166   16.665   16.615   -604.000   
69.950   69.750   0.166   16.665   16.655   -378.000   
70.050   69.850   0.167   16.665   16.615   -441.000   
70.115   69.915   0.166   16.665   16.715   -395.000   
70.215   70.015   0.167   16.665   16.655   -236.000   
70.285   70.080   0.166   16.665   16.815   -362.000   
70.350   70.180   0.166   16.665   16.580   -376.000   
70.450   70.250   0.167   16.665   16.675   -420.000   
70.515   70.315   0.166   16.665   16.615   -399.000   
70.615   70.415   0.167   16.665   16.580   -241.000   
70.685   70.480   0.166   16.665   16.850   -358.000   
70.785   70.580   0.166   16.665   16.500   -534.000   
70.850   70.650   0.166   16.665   16.815   -392.000   
70.950   70.750   0.166   16.665   16.695   -561.000   
71.015   70.815   0.167   16.665   16.580   -437.000   
71.085   70.915   0.166   16.665   16.695   -396.000   
71.185   70.980   0.167   16.665   16.635   -626.000   
71.250   71.050   0.166   16.665   16.635   -372.000   
71.350   71.150   0.166   16.665   16.615   -627.000   
71.415   71.215   0.166   16.665   16.715   -399.000   
71.515   71.315   0.166   16.665   16.540   -590.000   
71.585   71.380   0.167   16.665   16.815   -411.000   
71.685   71.480   0.166   16.665   16.835   -401.000   
71.750   71.550   0.167   16.665   16.540   -434.000   
71.815   71.615   0.166   16.665   16.850   -377.000   
71.915   71.715   0.167   16.665   16.595   -243.000   
71.985   71.780   0.166   16.665   16.695   -423.000   
72.085   71.880   0.166   16.665   16.695   -531.000   
72.150   71.950   0.167   16.665   16.615   -413.000   
72.250   72.050   0.166   16.665   16.635   -545.000   
72.315   72.115   0.166   16.665   16.850   -389.000   
72.385   72.215   0.166   16.665   16.795   -378.000   
72.485   72.280   0.167   16.665   16.480   -440.000   
72.550   72.350   0.167   16.665   16.815   -408.000   
72.650   72.450   0.167   16.665   16.500   -539.000   
72.715   72.515   0.167   16.665   16.815   -445.000   
72.815   72.615   0.166   16.665   16.890   -360.000   
72.885   72.680   0.166   16.665   16.595   -602.000   
72.985   72.780   0.166   16.665   16.675   -364.000   
73.050   72.850   0.167   16.665   16.580   -451.000   
73.115   72.950   0.167   16.665   16.675   -415.000   
73.215   73.015   0.167   16.665   16.635   -236.000   
73.285   73.080   0.167   16.665   16.795   -411.000   
73.385   73.180   0.166   16.665   16.540   -514.000   
73.450   73.250   0.166   16.665   16.815   -599.000   
73.550   73.350   0.166   16.665   16.635   -580.000   
73.615   73.415   0.167   16.665   16.560   -326.000   
73.715   73.515   0.167   16.665   16.815   -411.000   
73.785   73.580   0.166   16.665   16.540   -526.000   
73.850   73.680   0.166   16.665   16.595   -582.000   
73.950   73.750   0.166   16.665   16.655   -592.000   
74.015   73.815   0.167   16.665   16.615   -458.000   
74.110   73.915   0.166   13.955   16.655   -405.000   
74.160   73.980   0.162   11.870   16.655   -613.000   
74.225   74.080   0.143   8.745   16.400   -241.000   
74.255   74.140   0.123   6.665   15.400   31.000   
74.285   74.220   0.082   3.540   13.930   835.000   
74.295   74.260   0.056   1.455   11.280   -188.000   
74.295   74.305   0.021   0.000   9.005   335.000   
74.295   74.320   -0.002   0.000   4.220   211.000   
74.295   74.325   -0.014   0.000   1.275   188.000   
74.295   74.320   -0.021   0.000   -0.510   303.000   
74.295   74.315   -0.018   0.000   -1.235   -203.000   
74.295   74.305   -0.009   0.000   -1.470   198.000   
74.295   74.300   -0.005   0.000   -0.940   -581.000   
74.295   74.295   -0.002   0.000   -0.430   -168.000   
74.295   74.295   -0.002   0.000   -0.430   -187.000   
74.295   74.295   -0.001   0.000   0.060   -272.000   
74.295   74.295   -0.001   0.000   0.040   -85.000   
74.295   74.295   -0.000   0.000   -0.155   -169.000   
74.295   74.295   -0.000   0.000   0.080   -142.000   
74.295   74.295   -0.000   0.000   -0.100   -153.000   
74.295   74.295   -0.000   0.000   -0.040   -171.000   
74.295   74.295   -0.000   0.000   0.020   -117.000   
74.295   74.295   -0.000   0.000   -0.020   -133.000   
74.295   74.295   -0.000   0.000   0.000   -141.000   
74.295   74.295   -0.000   0.000   -0.020   -132.000   
74.295   74.295   -0.000   0.000   0.000   -153.000   
74.295   74.295   0.000   0.000   -0.020   -159.000   
74.295   74.295   0.000   0.000   -0.020   -153.000   
74.295   74.295   0.000   0.000   0.000   -153.000   
74.295   74.295   0.000   0.000   0.000   -144.000   
74.295   74.295   -0.000   0.000   0.020   -144.000   
74.295   74.295   -0.000   0.000   0.000   -141.000   
74.295   74.295   -0.000   0.000   0.000   -144.000   
74.295   74.295   0.000   0.000   0.000   -147.000   
74.295   74.295   0.000   0.000   0.000   -150.000   
74.295   74.295   0.000   0.000   -0.020   -155.000   
74.295   74.295   0.000   0.000   0.000   -155.000   
74.295   74.295   0.000   0.000   0.000   -153.000   
74.295   74.295   0.000   0.000   0.020   -153.000   
74.295   74.295   0.000   0.000   0.000   -154.000   
74.295   74.295   0.000   0.000   0.000   -152.000   
74.295   74.295   0.000   0.000   0.000   -151.000   
74.295   74.295   0.000   0.000   0.000   -150.000   
74.295   74.295   -0.000   0.000   0.000   -149.000   
74.295   74.295   -0.000   0.000   0.000   -151.000   
74.295   74.295   0.000   0.000   0.000   -150.000   
74.295   74.295   0.000   0.000   -0.020   -151.000   
74.295   74.295   0.000   0.000   0.000   -155.000   
74.295   74.295   0.000   0.000   0.000   -154.000   
74.295   74.295   0.000   0.000   0.000   -154.000   
74.295   74.295   0.000   0.000   0.000   -155.000   
74.295   74.295   0.000   0.000   0.000   -152.000   
74.295   74.295   0.000   0.000   0.000   -152.000   
74.295   74.295   0.000   0.000   0.000   -153.000   
74.295   74.295   0.000   0.000   0.000   -154.000   
74.295   74.295   0.000   0.000   0.000   -156.000   
74.295   74.295   0.000   0.000   0.000   -155.000   
74.295   74.295   0.000   0.000   0.000   -156.000   
74.295   74.295   0.000   0.000   0.000   -161.000   
74.295   74.295   0.000   0.000   0.000   -159.000   
74.295   74.295   0.000   0.000   0.000   -157.000   
74.295   74.295   -0.000   0.000   0.020   -159.000   
74.295   74.295   0.000   0.000   -0.020   -157.000   
74.295   74.295   0.000   0.000   0.020   -158.000   
74.295   74.295   0.000   0.000   -0.020   -159.000   
74.295   74.295   0.000   0.000   0.000   -158.000   
74.295   74.295   0.000   0.000   0.000   -158.000   
74.295   74.295   0.000   0.000   0.000   -160.000   
74.295   74.295   0.000   0.000   0.000   -162.000   
74.295   74.295   0.000   0.000   0.000   -162.000   
74.295   74.295   0.000   0.000   0.000   -163.000   
74.295   74.295   0.000   0.000   0.000   -161.000   
74.295   74.295   0.000   0.000   0.000   -160.000   
74.295   74.295   -0.000   0.000   0.000   -158.000   
74.295   74.295   -0.000   0.000   0.000   -158.000   
74.295   74.295   0.000   0.000   -0.020   -158.000   
74.295   74.295   0.000   0.000   0.000   -159.000   
74.295   74.295   0.000   0.000   0.000   -161.000   
74.295   74.295   0.000   0.000   0.000   -160.000   
74.295   74.295   0.000   0.000   0.000   -160.000   
74.295   74.295   0.000   0.000   0.000   -161.000   
74.295   74.295   0.000   0.000   0.000   -159.000   
74.295   74.295   0.000   0.000   0.000   -158.000   
74.295   74.295   0.000   0.000   0.000   -157.000   
74.295   74.295   0.000   0.000   0.000   -158.000   
74.295   74.295   0.000   0.000   0.000   -158.000   
74.295   74.295   0.000   0.000   0.000   -160.000   
74.295   74.295   0.000   0.000   0.000   -160.000   
74.295   74.295   0.000   0.000   0.000   -162.000   
74.295   74.295   0.000   0.000   0.000   -162.000   
74.295   74.295   0.000   0.000   0.000   -161.000   
74.295   74.295   0.000   0.000   0.000   -162.000   
74.295   74.295   0.000   0.000   0.000   -160.000   
74.295   74.295   0.000   0.000   0.000   -159.000   
74.295   74.295   -0.000   0.000   0.020   -158.000   
74.295   74.295   -0.000   0.000   0.000   -158.000   
74.295   74.295   -0.000   0.000   0.000   -156.000   
74.295   74.295   -0.000   0.000   0.000   -158.000   
74.295   74.295   0.000   0.000   -0.020   -160.000   
74.295   74.295   0.000   0.000   0.000   -162.000   
74.295   74.295   0.000   0.000   0.000   -162.000   
74.295   74.295   0.000   0.000   0.000   -164.000   
74.295   74.295   0.000   0.000   0.000   -161.000   
74.295   74.295   0.000   0.000   0.000   -160.000   
74.295   74.295   0.000   0.000   0.000   -164.000   
74.295   74.295   0.000   0.000   0.000   -163.000   
74.295   74.295   0.000   0.000   0.000   -162.000   
74.295   74.295   0.000   0.000   0.000   -161.000   
74.295   74.295   0.000   0.000   0.000   -162.000   
74.295   74.295   0.000   0.000   0.000   -162.000   
74.295   74.295   0.000   0.000   0.000   -162.000   
74.295   74.295   0.000   0.000   0.000   -161.000   
74.295   74.295   0.000   0.000   0.000   -162.000   
74.295   74.295   0.000   0.000   0.000   -162.000   
74.295   74.295   0.000   0.000   0.000   -162.000   
74.295   74.295   0.000   0.000   0.000   -160.000   
74.295   74.295   0.000   0.000   0.000   -159.000   
74.295   74.295   0.000   0.000   0.000   -161.000   
74.295   74.295   0.000   0.000   0.000   -161.000   
74.295   74.295   0.000   0.000   0.000   -162.000   
74.295   74.295   0.000   0.000   0.000   -163.000   
74.295   74.295   0.000   0.000   0.000   -162.000   
74.295   74.295   0.000   0.000   0.000   -164.000   
74.295   74.295   0.000   0.000   0.000   -164.000   
74.295   74.295   0.000   0.000   0.000   -164.000   
74.295   74.295   0.000   0.000   0.000   -161.000   
74.295   74.295   0.000   0.000   0.000   -159.000   
74.295   74.295   -0.000   0.000   0.020   -161.000   
74.295   74.295   -0.000   0.000   0.000   -161.000   
74.295   74.295   -0.000   0.000   0.000   -159.000   
74.295   74.295   0.000   0.000   -0.020   -159.000   
74.295   74.295   0.000   0.000   0.000   -159.000   
74.295   74.295   0.000   0.000   0.000   -162.000   
74.295   74.295   0.000   0.000   0.000   -163.000   
74.295   74.295   0.000   0.000   0.000   -162.000   
74.295   74.295   0.000   0.000   0.000   -162.000   
74.295   74.295   0.000   0.000   0.000   -161.000   
74.295   74.295   0.000   0.000   0.000   -161.000   
74.295   74.295   0.000   0.000   0.000   -160.000   
74.295   74.295   0.000   0.000   0.000   -161.000   
74.295   74.295   0.000   0.000   0.000   -162.000   
74.295   74.295   0.000   0.000   0.000   -162.000   
74.295   74.295   0.000   0.000   0.000   -162.000   
74.295   74.295   0.000   0.000   0.000   -162.000   
74.295   74.295   0.000   0.000   0.000   -163.000   
74.290   74.295   -0.002   -2.705   0.000   -164.000   
74.275   74.295   -0.005   -4.790   0.000   -157.000   
74.235   74.290   -0.021   -7.915   -0.610   -313.000   
74.200   74.290   -0.044   -9.995   -0.785   375.000   
74.130   74.270   -0.080   -13.120   -2.905   419.000   
74.075   74.240   -0.108   -15.205   -5.750   -61.000   
74.010   74.180   -0.142   -16.665   -11.240   476.000   
73.910   74.135   -0.167   -16.665   -11.200   433.000   
73.845   74.080   -0.183   -16.665   -14.300   993.000   
73.745   73.975   -0.188   -16.665   -17.400   285.000   
73.680   73.900   -0.183   -16.665   -18.675   -432.000   
73.580   73.790   -0.175   -16.665   -18.205   -401.000   
73.510   73.715   -0.170   -16.665   -18.030   -331.000   
73.410   73.615   -0.168   -16.665   -16.775   -112.000   
73.345   73.545   -0.167   -16.665   -17.285   -144.000   
73.280   73.445   -0.166   -16.665   -16.560   -109.000   
73.180   73.380   -0.167   -16.665   -16.520   -21.000   
73.110   73.320   -0.171   -16.665   -15.540   871.000   
73.010   73.220   -0.173   -16.665   -16.225   698.000   
72.945   73.150   -0.170   -16.665   -17.145   185.000   
72.845   73.045   -0.166   -16.665   -17.125   85.000   
72.780   72.980   -0.167   -16.665   -16.595   305.000   
72.680   72.880   -0.168   -16.665   -16.305   741.000   
72.610   72.815   -0.168   -16.665   -16.580   612.000   
72.545   72.745   -0.167   -16.665   -16.870   416.000   
72.445   72.645   -0.166   -16.665   -16.835   337.000   
72.380   72.580   -0.166   -16.665   -16.635   333.000   
72.280   72.480   -0.167   -16.665   -16.540   636.000   
72.210   72.415   -0.166   -16.665   -16.735   466.000   
72.110   72.315   -0.166   -16.665   -16.715   384.000   
72.045   72.245   -0.166   -16.665   -16.615   355.000   
71.980   72.145   -0.167   -16.665   -16.615   205.000   
71.880   72.080   -0.167   -16.665   -16.460   487.000   
71.810   72.015   -0.167   -16.665   -16.655   464.000   
71.710   71.915   -0.167   -16.665   -16.695   382.000   
71.645   71.845   -0.167   -16.665   -16.795   489.000   
71.545   71.745   -0.166   -16.665   -16.815   292.000   
71.480   71.680   -0.166   -16.665   -16.635   382.000   
71.380   71.580   -0.166   -16.665   -16.615   538.000   
71.310   71.515   -0.167   -16.665   -16.520   350.000   
71.245   71.415   -0.167   -16.665   -16.675   503.000   
71.145   71.345   -0.167   -16.665   -16.675   346.000   
71.080   71.280   -0.167   -16.665   -16.675   397.000   
70.980   71.180   -0.166   -16.665   -16.735   590.000   
70.910   71.115   -0.167   -16.665   -16.580   514.000   
70.810   71.015   -0.167   -16.665   -16.695   442.000   
70.745   70.945   -0.167   -16.665   -16.675   416.000   
70.645   70.845   -0.167   -16.665   -16.675   201.000   
70.580   70.780   -0.166   -16.665   -16.775   391.000   
70.510   70.680   -0.166   -16.665   -16.615   407.000   
70.410   70.615   -0.166   -16.665   -16.735   270.000   
70.345   70.545   -0.166   -16.665   -16.675   330.000   
70.245   70.445   -0.167   -16.665   -16.655   220.000   
70.180   70.380   -0.167   -16.665   -16.675   402.000   
70.080   70.280   -0.167   -16.665   -16.635   393.000   
70.010   70.215   -0.167   -16.665   -16.695   362.000   
69.910   70.115   -0.167   -16.665   -16.595   493.000   
69.845   70.045   -0.167   -16.665   -16.695   335.000   
69.780   69.945   -0.166   -16.665   -16.695   376.000   
69.680   69.880   -0.166   -16.665   -16.675   542.000   
69.610   69.815   -0.166   -16.665   -16.655   386.000   
69.510   69.715   -0.167   -16.665   -16.580   436.000   
69.445   69.645   -0.167   -16.665   -16.635   432.000   
69.345   69.545   -0.167   -16.665   -16.675   325.000   
69.280   69.480   -0.166   -16.665   -16.595   606.000   
69.180   69.380   -0.166   -16.665   -16.715   374.000   
69.110   69.315   -0.166   -16.665   -16.655   431.000   
69.045   69.245   -0.167   -16.665   -16.675   332.000   
68.945   69.145   -0.167   -16.665   -16.715   158.000   
68.880   69.080   -0.166   -16.665   -16.560   322.000   
68.780   68.980   -0.167   -16.665   -16.655   386.000   
68.710   68.915   -0.166   -16.665   -16.675   318.000   
68.610   68.815   -0.167   -16.665   -16.675   491.000   
68.545   68.745   -0.166   -16.665   -16.715   304.000   
68.480   68.645   -0.167   -16.665   -16.675   408.000   
68.380   68.580   -0.167   -16.665   -16.635   563.000   
68.310   68.515   -0.167   -16.665   -16.580   623.000   
68.210   68.415   -0.167   -16.665   -16.715   511.000   
68.145   68.345   -0.167   -16.665   -16.735   434.000   
68.045   68.245   -0.166   -16.665   -16.695   378.000   
67.980   68.180   -0.166   -16.665   -16.775   543.000   
67.880   68.080   -0.166   -16.665   -16.540   390.000   
67.810   68.015   -0.166   -16.665   -16.695   407.000   
67.745   67.915   -0.167   -16.665   -16.595   352.000   
67.645   67.845   -0.167   -16.665   -16.655   190.000   
67.580   67.780   -0.166   -16.665   -16.735   325.000   
67.480   67.680   -0.167   -16.665   -16.635   406.000   
67.410   67.615   -0.167   -16.665   -16.735   271.000   
67.310   67.515   -0.167   -16.665   -16.595   317.000   
67.145   67.345   -0.167   -16.665   -16.675   345.000   
67.080   67.280   -0.166   -16.665   -16.655   385.000   
67.010   67.180   -0.166   -16.665   -16.695   555.000   
66.910   67.115   -0.167   -16.665   -16.560   492.000   
66.845   67.045   -0.167   -16.665   -16.675   420.000   
66.745   66.945   -0.167   -16.665   -16.635   415.000   
66.680   66.880   -0.166   -16.665   -16.615   582.000   
66.580   66.780   -0.166   -16.665   -16.715   411.000   
66.510   66.715   -0.167   -16.665   -16.595   470.000   
66.410   66.615   -0.167   -16.665   -16.715   303.000   
66.345   66.545   -0.166   -16.665   -16.675   327.000   
66.280   66.480   -0.166   -16.665   -16.655   192.000   
66.180   66.380   -0.166   -16.665   -16.735   361.000   
66.110   66.315   -0.166   -16.665   -16.655   374.000   
66.010   66.215   -0.167   -16.665   -16.635   346.000   
65.945   66.145   -0.167   -16.665   -16.715   165.000   
65.845   66.045   -0.167   -16.665   -16.675   343.000   
65.780   65.980   -0.167   -16.665   -16.655   420.000   
65.710   65.880   -0.166   -16.665   -16.635   591.000   
65.610   65.815   -0.167   -16.665   -16.695   524.000   
65.545   65.745   -0.167   -16.665   -16.755   435.000   
65.445   65.645   -0.167   -16.665   -16.695   402.000   
65.380   65.580   -0.166   -16.665   -16.655   322.000   
65.280   65.480   -0.166   -16.665   -16.615   588.000   
65.210   65.415   -0.166   -16.665   -16.735   489.000   
65.110   65.315   -0.167   -16.665   -16.615   462.000   
65.045   65.245   -0.167   -16.665   -16.675   414.000   
64.980   65.145   -0.167   -16.665   -16.715   176.000   
64.880   65.080   -0.166   -16.665   -16.595   414.000   
64.810   65.015   -0.167   -16.665   -16.715   419.000   
64.710   64.915   -0.167   -16.665   -16.635   357.000   
64.645   64.845   -0.167   -16.665   -16.635   208.000   
64.545   64.745   -0.167   -16.665   -16.755   331.000   
64.480   64.680   -0.166   -16.665   -16.655   398.000   
64.380   64.580   -0.166   -16.665   -16.655   540.000   
64.310   64.515   -0.167   -16.665   -16.595   332.000   
64.245   64.415   -0.167   -16.665   -16.695   492.000   
64.145   64.345   -0.167   -16.665   -16.655   367.000   
64.080   64.280   -0.167   -16.665   -16.615   420.000   
63.980   64.180   -0.166   -16.665   -16.735   609.000   
63.910   64.115   -0.167   -16.665   -16.595   518.000   
63.810   64.015   -0.167   -16.665   -16.695   451.000   
63.745   63.945   -0.167   -16.665   -16.675   429.000   
63.645   63.845   -0.166   -16.665   -16.695   179.000   
63.580   63.780   -0.166   -16.665   -16.715   407.000   
63.510   63.715   -0.166   -16.665   -16.615   408.000   
63.410   63.615   -0.167   -16.665   -16.695   296.000   
63.345   63.545   -0.166   -16.665   -16.655   347.000   
63.245   63.445   -0.167   -16.665   -16.695   216.000   
63.180   63.380   -0.167   -16.665   -16.675   405.000   
63.080   63.280   -0.167   -16.665   -16.635   417.000   
63.010   63.215   -0.167   -16.665   -16.695   373.000   
62.910   63.115   -0.167   -16.665   -16.560   524.000   
62.845   63.045   -0.167   -16.665   -16.735   334.000   
62.780   62.980   -0.167   -16.665   -16.635   445.000   
62.680   62.880   -0.166   -16.665   -16.655   582.000   
62.610   62.815   -0.167   -16.665   -16.675   415.000   
62.510   62.715   -0.166   -16.665   -16.635   434.000   
62.445   62.645   -0.167   -16.665   -16.675   415.000   
62.345   62.545   -0.166   -16.665   -16.635   346.000   
62.280   62.480   -0.166   -16.665   -16.595   623.000   
62.210   62.380   -0.166   -16.665   -16.715   415.000   
62.110   62.315   -0.167   -16.665   -16.635   473.000   
62.045   62.245   -0.167   -16.665   -16.695   365.000   
61.945   62.145   -0.167   -16.665   -16.715   198.000   
61.880   62.080   -0.166   -16.665   -16.580   337.000   
61.780   61.980   -0.166   -16.665   -16.675   410.000   
61.710   61.915   -0.166   -16.665   -16.635   355.000   
61.610   61.815   -0.167   -16.665   -16.655   535.000   
61.545   61.745   -0.166   -16.665   -16.715   340.000   
61.480   61.645   -0.167   -16.665   -16.695   410.000   
61.380   61.580   -0.167   -16.665   -16.635   575.000   
61.310   61.515   -0.167   -16.665   -16.580   633.000   
61.210   61.415   -0.167   -16.665   -16.695   519.000   
61.145   61.345   -0.167   -16.665   -16.715   362.000   
61.045   61.245   -0.167   -16.665   -16.695   405.000   
60.980   61.180   -0.166   -16.665   -16.755   585.000   
60.880   61.080   -0.166   -16.665   -16.560   429.000   
60.810   61.015   -0.167   -16.665   -16.695   448.000   
60.745   60.915   -0.166   -16.665   -16.675   346.000   
60.645   60.845   -0.166   -16.665   -16.675   176.000   
60.580   60.780   -0.166   -16.665   -16.695   332.000   
60.480   60.680   -0.167   -16.665   -16.595   432.000   
60.410   60.615   -0.167   -16.665   -16.675   332.000   
60.310   60.515   -0.167   -16.665   -16.635   350.000   
60.245   60.445   -0.167   -16.665   -16.695   214.000   
60.145   60.345   -0.167   -16.665   -16.715   351.000   
60.080   60.280   -0.166   -16.665   -16.655   400.000   
60.010   60.215   -0.166   -16.665   -16.675   600.000   
59.910   60.115   -0.167   -16.665   -16.595   522.000   
59.845   60.045   -0.167   -16.665   -16.695   434.000   
59.745   59.945   -0.167   -16.665   -16.675   425.000   
59.680   59.880   -0.166   -16.665   -16.595   595.000   
59.580   59.780   -0.166   -16.665   -16.755   407.000   
59.510   59.715   -0.167   -16.665   -16.595   446.000   
59.410   59.615   -0.167   -16.665   -16.715   302.000   
59.345   59.545   -0.166   -16.665   -16.655   342.000   
59.280   59.480   -0.166   -16.665   -16.595   192.000   
59.180   59.380   -0.166   -16.665   -16.695   382.000   
59.110   59.315   -0.166   -16.665   -16.675   374.000   
59.010   59.215   -0.167   -16.665   -16.655   363.000   
58.945   59.145   -0.167   -16.665   -16.675   198.000   
58.845   59.045   -0.167   -16.665   -16.675   357.000   
58.780   58.980   -0.167   -16.665   -16.675   432.000   
58.710   58.880   -0.166   -16.665   -16.675   578.000   
58.610   58.815   -0.167   -16.665   -16.675   521.000   
58.545   58.745   -0.167   -16.665   -16.735   449.000   
58.445   58.645   -0.167   -16.665   -16.675   434.000   
58.380   58.580   -0.167   -16.665   -16.675   339.000   
58.280   58.480   -0.166   -16.665   -16.615   606.000   
58.210   58.415   -0.166   -16.665   -16.755   475.000   
58.110   58.315   -0.166   -16.665   -16.635   433.000   
58.045   58.245   -0.166   -16.665   -16.655   392.000   
57.980   58.145   -0.167   -16.665   -16.675   204.000   
57.880   58.080   -0.167   -16.665   -16.560   426.000   
57.810   58.015   -0.167   -16.665   -16.735   411.000   
57.710   57.915   -0.166   -16.665   -16.695   321.000   
57.645   57.845   -0.167   -16.665   -16.635   192.000   
57.545   57.745   -0.166   -16.665   -16.695   340.000   
57.480   57.680   -0.164   -16.665   -16.595   438.000   
57.380   57.580   -0.164   -16.665   -16.540   782.000   
57.315   57.515   -0.167   -16.665   -16.205   38.000   
57.245   57.415   -0.168   -16.665   -17.145   20.000   
57.145   57.350   -0.166   -16.665   -16.245   -59.000   
57.080   57.280   -0.167   -16.665   -16.635   152.000   
56.980   57.180   -0.167   -16.665   -16.595   192.000   
56.915   57.115   -0.166   -16.665   -16.850   419.000   
56.815   57.015   -0.167   -16.665   -16.595   440.000   
56.745   56.950   -0.166   -16.665   -16.795   293.000   
56.645   56.850   -0.167   -16.665   -16.595   523.000   
56.580   56.780   -0.167   -16.665   -16.655   330.000   
56.515   56.715   -0.166   -16.665   -16.695   383.000   
56.415   56.615   -0.166   -16.665   -16.580   570.000   
56.345   56.550   -0.167   -16.665   -16.815   595.000   
56.245   56.450   -0.167   -16.665   -16.635   486.000   
56.180   56.380   -0.167   -16.665   -16.655   328.000   
56.080   56.280   -0.167   -16.665   -16.695   382.000   
56.015   56.215   -0.166   -16.665   -16.580   586.000   
55.945   56.115   -0.166   -16.665   -16.695   408.000   
55.845   56.050   -0.167   -16.665   -16.655   428.000   
55.780   55.980   -0.167   -16.665   -16.695   345.000   
55.680   55.880   -0.167   -16.665   -16.715   183.000   
55.615   55.815   -0.166   -16.665   -16.580   317.000   
55.515   55.715   -0.166   -16.665   -16.675   415.000   
55.445   55.650   -0.167   -16.665   -16.595   295.000   
55.345   55.550   -0.167   -16.665   -16.755   345.000   
55.280   55.480   -0.167   -16.665   -16.655   194.000   
55.215   55.380   -0.167   -16.665   -16.655   340.000   
55.115   55.315   -0.166   -16.665   -16.715   380.000   
55.045   55.250   -0.167   -16.665   -16.615   564.000   
54.945   55.150   -0.167   -16.665   -16.715   489.000   
54.880   55.080   -0.167   -16.665   -16.695   323.000   
54.780   54.980   -0.166   -16.665   -16.675   401.000   
54.715   54.915   -0.166   -16.665   -16.695   571.000   
54.615   54.815   -0.166   -16.665   -16.580   394.000   
54.545   54.750   -0.167   -16.665   -16.695   434.000   
54.480   54.650   -0.167   -16.665   -16.675   282.000   
54.380   54.580   -0.166   -16.665   -16.735   320.000   
54.315   54.515   -0.167   -16.665   -16.635   214.000   
54.215   54.415   -0.167   -16.665   -16.635   395.000   
54.145   54.350   -0.167   -16.665   -16.655   446.000   
54.045   54.250   -0.167   -16.665   -16.615   339.000   
53.980   54.180   -0.166   -16.665   -16.695   161.000   
53.880   54.080   -0.167   -16.665   -16.695   329.000   
53.815   54.015   -0.167   -16.665   -16.595   417.000   
53.745   53.950   -0.166   -16.665   -16.695   567.000   
53.645   53.850   -0.167   -16.665   -16.595   504.000   
53.580   53.780   -0.166   -16.665   -16.715   428.000   
53.480   53.680   -0.166   -16.665   -16.655   399.000   
53.415   53.615   -0.167   -16.665   -16.635   449.000   
53.315   53.515   -0.167   -16.665   -16.560   363.000   
53.245   53.450   -0.166   -16.665   -16.775   379.000   
53.180   53.350   -0.167   -16.665   -16.580   472.000   
53.080   53.280   -0.166   -16.665   -16.815   342.000   
53.015   53.215   -0.166   -16.665   -16.540   144.000   
52.915   53.115   -0.166   -16.665   -16.635   417.000   
52.845   53.050   -0.167   -16.665   -16.655   396.000   
52.745   52.950   -0.167   -16.665   -16.635   355.000   
52.680   52.880   -0.167   -16.665   -16.755   169.000   
52.580   52.780   -0.166   -16.665   -16.775   294.000   
52.515   52.715   -0.167   -16.665   -16.615   409.000   
52.445   52.615   -0.167   -16.665   -16.635   449.000   
52.345   52.550   -0.167   -16.665   -16.715   392.000   
52.280   52.480   -0.167   -16.665   -16.595   163.000   
52.180   52.380   -0.166   -16.665   -16.715   393.000   
52.115   52.315   -0.166   -16.665   -16.655   319.000   
52.015   52.215   -0.166   -16.665   -16.595   579.000   
51.945   52.150   -0.167   -16.665   -16.695   490.000   
51.845   52.050   -0.167   -16.665   -16.635   438.000   
51.780   51.980   -0.167   -16.665   -16.655   409.000   
51.715   51.880   -0.167   -16.665   -16.755   172.000   
51.615   51.815   -0.166   -16.665   -16.560   408.000   
51.545   51.750   -0.167   -16.665   -16.735   420.000   
51.445   51.650   -0.167   -16.665   -16.655   342.000   
51.380   51.580   -0.167   -16.665   -16.675   175.000   
51.280   51.480   -0.167   -16.665   -16.735   313.000   
51.215   51.415   -0.166   -16.665   -16.595   412.000   
51.115   51.315   -0.166   -16.665   -16.635   549.000   
51.045   51.250   -0.167   -16.665   -16.615   326.000   
50.980   51.150   -0.167   -16.665   -16.675   502.000   
50.880   51.080   -0.167   -16.665   -16.695   339.000   
50.815   51.015   -0.166   -16.665   -16.635   384.000   
50.715   50.915   -0.166   -16.665   -16.735   580.000   
50.645   50.850   -0.167   -16.665   -16.580   496.000   
50.545   50.750   -0.166   -16.665   -16.695   426.000   
50.480   50.680   -0.166   -16.665   -16.675   397.000   
50.380   50.580   -0.167   -16.665   -16.655   179.000   
50.315   50.515   -0.166   -16.665   -16.735   404.000   
50.245   50.450   -0.166   -16.665   -16.635   404.000   
50.145   50.350   -0.167   -16.665   -16.695   282.000   
50.080   50.280   -0.166   -16.665   -16.655   346.000   
49.980   50.180   -0.167   -16.665   -16.715   201.000   
49.915   50.115   -0.166   -16.665   -16.695   382.000   
49.815   50.015   -0.166   -16.665   -16.675   376.000   
49.745   49.950   -0.167   -16.665   -16.655   352.000   
49.680   49.850   -0.167   -16.665   -16.580   495.000   
49.580   49.780   -0.167   -16.665   -16.695   319.000   
49.515   49.715   -0.166   -16.665   -16.655   405.000   
49.415   49.615   -0.166   -16.665   -16.635   562.000   
49.345   49.550   -0.167   -16.665   -16.675   381.000   
49.245   49.450   -0.167   -16.665   -16.615   429.000   
49.180   49.380   -0.167   -16.665   -16.695   404.000   
49.080   49.280   -0.166   -16.665   -16.655   322.000   
49.015   49.215   -0.166   -16.665   -16.595   589.000   
48.945   49.115   -0.166   -16.665   -16.675   393.000   
48.845   49.050   -0.167   -16.665   -16.635   449.000   
48.780   48.980   -0.167   -16.665   -16.715   340.000   
48.680   48.880   -0.167   -16.665   -16.715   169.000   
48.615   48.815   -0.166   -16.665   -16.595   384.000   
48.515   48.715   -0.167   -16.665   -16.635   401.000   
48.445   48.650   -0.167   -16.665   -16.635   331.000   
48.345   48.550   -0.167   -16.665   -16.655   509.000   
48.280   48.480   -0.166   -16.665   -16.735   310.000   
48.215   48.380   -0.167   -16.665   -16.695   398.000   
48.115   48.315   -0.166   -16.665   -16.675   542.000   
48.045   48.250   -0.167   -16.665   -16.580   599.000   
47.945   48.150   -0.167   -16.665   -16.715   463.000   
47.880   48.080   -0.167   -16.665   -16.695   327.000   
47.780   47.980   -0.166   -16.665   -16.695   365.000   
47.715   47.915   -0.166   -16.665   -16.695   574.000   
47.615   47.815   -0.166   -16.665   -16.560   403.000   
47.545   47.750   -0.167   -16.665   -16.695   422.000   
47.480   47.650   -0.167   -16.665   -16.655   334.000   
47.380   47.580   -0.167   -16.665   -16.675   171.000   
47.315   47.515   -0.166   -16.665   -16.735   307.000   
47.215   47.415   -0.167   -16.665   -16.615   419.000   
47.145   47.350   -0.167   -16.665   -16.675   287.000   
47.045   47.250   -0.167   -16.665   -16.595   333.000   
46.980   47.180   -0.167   -16.665   -16.715   190.000   
46.880   47.080   -0.167   -16.665   -16.735   315.000   
46.815   47.015   -0.166   -16.665   -16.635   371.000   
46.745   46.950   -0.166   -16.665   -16.655   578.000   
46.645   46.850   -0.167   -16.665   -16.560   493.000   
46.580   46.780   -0.167   -16.665   -16.695   421.000   
46.480   46.680   -0.167   -16.665   -16.655   396.000   
46.415   46.615   -0.166   -16.665   -16.635   561.000   
46.315   46.515   -0.166   -16.665   -16.715   385.000   
46.245   46.450   -0.167   -16.665   -16.615   427.000   
46.180   46.350   -0.167   -16.665   -16.695   290.000   
46.080   46.280   -0.166   -16.665   -16.655   315.000   
46.015   46.215   -0.167   -16.665   -16.595   194.000   
45.915   46.115   -0.166   -16.665   -16.715   376.000   
45.845   46.050   -0.167   -16.665   -16.635   384.000   
45.745   45.950   -0.167   -16.665   -16.675   356.000   
45.680   45.880   -0.167   -16.665   -16.715   173.000   
45.580   45.780   -0.167   -16.665   -16.715   323.000   
45.515   45.715   -0.166   -16.665   -16.675   390.000   
45.445   45.615   -0.166   -16.665   -16.635   555.000   
45.345   45.550   -0.167   -16.665   -16.675   503.000   
45.280   45.480   -0.166   -16.665   -16.715   417.000   
45.180   45.380   -0.167   -16.665   -16.675   388.000   
45.115   45.315   -0.167   -16.665   -16.635   549.000   
45.015   45.215   -0.166   -16.665   -16.615   589.000   
44.945   45.150   -0.167   -16.665   -16.695   477.000   
44.845   45.050   -0.166   -16.665   -16.675   426.000   
44.780   44.980   -0.166   -16.665   -16.655   389.000   
44.715   44.880   -0.167   -16.665   -16.715   165.000   
44.615   44.815   -0.166   -16.665   -16.560   402.000   
44.545   44.750   -0.167   -16.665   -16.655   392.000   
44.445   44.650   -0.167   -16.665   -16.635   330.000   
44.380   44.580   -0.167   -16.665   -16.695   168.000   
44.280   44.480   -0.166   -16.665   -16.735   304.000   
44.215   44.415   -0.166   -16.665   -16.615   389.000   
44.145   44.315   -0.166   -16.665   -16.635   533.000   
44.045   44.250   -0.167   -16.665   -16.580   331.000   
43.980   44.180   -0.167   -16.665   -16.715   475.000   
43.880   44.080   -0.167   -16.665   -16.695   334.000   
43.815   44.015   -0.166   -16.665   -16.675   378.000   
43.715   43.915   -0.166   -16.665   -16.695   585.000   
43.645   43.850   -0.167   -16.665   -16.580   492.000   
43.545   43.750   -0.167   -16.665   -16.695   414.000   
43.480   43.680   -0.167   -16.665   -16.655   395.000   
43.415   43.580   -0.167   -16.665   -16.635   182.000   
43.315   43.515   -0.166   -16.665   -16.735   387.000   
43.245   43.450   -0.167   -16.665   -16.615   402.000   
43.145   43.350   -0.167   -16.665   -16.715   270.000   
43.080   43.280   -0.166   -16.665   -16.655   342.000   
42.980   43.180   -0.167   -16.665   -16.715   193.000   
42.915   43.115   -0.166   -16.665   -16.715   380.000   
42.815   43.015   -0.166   -16.665   -16.635   383.000   
42.745   42.950   -0.167   -16.665   -16.715   347.000   
42.680   42.850   -0.167   -16.665   -16.580   521.000   
42.580   42.780   -0.167   -16.665   -16.695   329.000   
42.515   42.715   -0.167   -16.665   -16.655   405.000   
42.415   42.615   -0.166   -16.665   -16.655   568.000   
42.345   42.550   -0.167   -16.665   -16.655   505.000   
42.245   42.450   -0.167   -16.665   -16.615   420.000   
42.180   42.380   -0.167   -16.665   -16.695   392.000   
42.080   42.280   -0.166   -16.665   -16.655   321.000   
42.015   42.215   -0.167   -16.665   -16.560   614.000   
41.945   42.115   -0.166   -16.665   -16.715   391.000   
41.845   42.050   -0.167   -16.665   -16.655   449.000   
41.780   41.980   -0.166   -16.665   -16.695   360.000   
41.680   41.880   -0.167   -16.665   -16.715   187.000   
41.615   41.815   -0.166   -16.665   -16.540   429.000   
41.515   41.715   -0.167   -16.665   -16.675   418.000   
41.445   41.650   -0.167   -16.665   -16.655   354.000   
41.345   41.550   -0.167   -16.665   -16.655   535.000   
41.280   41.480   -0.166   -16.665   -16.735   328.000   
41.215   41.380   -0.167   -16.665   -16.615   412.000   
41.115   41.315   -0.166   -16.665   -16.695   542.000   
41.045   41.250   -0.167   -16.665   -16.595   603.000   
40.950   41.150   -0.167   -16.665   -16.675   502.000   
40.880   41.080   -0.166   -16.665   -16.695   355.000   
40.780   40.980   -0.165   -16.665   -16.635   396.000   
40.715   40.915   -0.164   -16.665   -16.560   627.000   
40.615   40.815   -0.166   -16.665   -16.125   1205.000   
40.550   40.750   -0.169   -16.665   -17.205   17.000   
40.480   40.685   -0.167   -16.665   -16.145   182.000   
40.380   40.585   -0.167   -16.665   -16.835   253.000   
40.315   40.515   -0.167   -16.665   -16.580   524.000   
40.215   40.415   -0.166   -16.665   -16.795   342.000   
40.150   40.350   -0.167   -16.665   -16.500   612.000   
40.050   40.250   -0.166   -16.665   -16.595   599.000   
39.980   40.185   -0.166   -16.665   -16.695   495.000   
39.915   40.085   -0.167   -16.665   -16.580   489.000   
39.815   40.015   -0.167   -16.665   -16.735   384.000   
39.750   39.950   -0.166   -16.665   -16.580   173.000   
39.650   39.850   -0.166   -16.665   -16.655   419.000   
39.580   39.785   -0.167   -16.665   -16.655   398.000   
39.480   39.685   -0.167   -16.665   -16.655   371.000   
39.415   39.615   -0.167   -16.665   -16.755   175.000   
39.315   39.515   -0.166   -16.665   -16.715   327.000   
39.250   39.450   -0.166   -16.665   -16.655   430.000   
39.180   39.350   -0.166   -16.665   -16.635   542.000   
39.080   39.285   -0.167   -16.665   -16.755   342.000   
39.015   39.215   -0.167   -16.665   -16.655   512.000   
38.915   39.115   -0.167   -16.665   -16.655   370.000   
38.850   39.050   -0.167   -16.665   -16.715   405.000   
38.750   38.950   -0.166   -16.665   -16.615   592.000   
38.680   38.885   -0.167   -16.665   -16.715   499.000   
38.580   38.785   -0.167   -16.665   -16.615   430.000   
38.515   38.715   -0.167   -16.665   -16.675   427.000   
38.450   38.615   -0.167   -16.665   -16.695   200.000   
38.350   38.550   -0.166   -16.665   -16.595   400.000   
38.280   38.485   -0.167   -16.665   -16.715   417.000   
38.180   38.385   -0.167   -16.665   -16.595   292.000   
38.115   38.315   -0.166   -16.665   -16.775   333.000   
38.015   38.215   -0.167   -16.665   -16.655   200.000   
37.950   38.150   -0.166   -16.665   -16.635   398.000   
37.850   38.050   -0.166   -16.665   -16.715   409.000   
37.780   37.985   -0.167   -16.665   -16.595   360.000   
37.715   37.915   -0.167   -16.665   -16.735   495.000   
37.615   37.815   -0.167   -16.665   -16.675   344.000   
37.550   37.750   -0.167   -16.665   -16.635   422.000   
37.450   37.650   -0.166   -16.665   -16.715   589.000   
37.380   37.585   -0.167   -16.665   -16.580   527.000   
37.280   37.485   -0.166   -16.665   -16.735   428.000   
37.215   37.415   -0.166   -16.665   -16.675   395.000   
37.150   37.315   -0.166   -16.665   -16.755   331.000   
37.050   37.250   -0.166   -16.665   -16.655   615.000   
36.980   37.185   -0.166   -16.665   -16.655   377.000   
36.880   37.085   -0.167   -16.665   -16.635   450.000   
36.815   37.015   -0.167   -16.665   -16.675   363.000   
36.715   36.915   -0.167   -16.665   -16.715   168.000   
36.650   36.850   -0.166   -16.665   -16.735   394.000   
36.550   36.750   -0.166   -16.665   -16.635   394.000   
36.480   36.685   -0.167   -16.665   -16.655   343.000   
36.415   36.585   -0.167   -16.665   -16.560   523.000   
36.315   36.515   -0.167   -16.665   -16.695   321.000   
36.250   36.450   -0.167   -16.665   -16.675   398.000   
36.150   36.350   -0.166   -16.665   -16.595   556.000   
36.080   36.285   -0.167   -16.665   -16.775   608.000   
35.980   36.185   -0.167   -16.665   -16.655   488.000   
35.915   36.115   -0.167   -16.665   -16.635   340.000   
35.815   36.015   -0.167   -16.665   -16.715   391.000   
35.750   35.950   -0.166   -16.665   -16.615   583.000   
35.680   35.850   -0.166   -16.665   -16.695   412.000   
35.580   35.785   -0.167   -16.665   -16.635   425.000   
35.515   35.715   -0.167   -16.665   -16.675   342.000   
35.415   35.615   -0.167   -16.665   -16.735   170.000   
35.350   35.550   -0.166   -16.665   -16.580   390.000   
35.250   35.450   -0.166   -16.665   -16.655   407.000   
35.180   35.385   -0.167   -16.665   -16.595   288.000   
35.080   35.285   -0.167   -16.665   -16.775   330.000   
35.015   35.215   -0.167   -16.665   -16.635   207.000   
34.950   35.150   -0.167   -16.665   -16.655   329.000   
34.850   35.050   -0.166   -16.665   -16.695   385.000   
34.780   34.985   -0.167   -16.665   -16.595   582.000   
34.680   34.885   -0.167   -16.665   -16.695   504.000   
34.615   34.815   -0.167   -16.665   -16.695   327.000   
34.515   34.715   -0.166   -16.665   -16.655   399.000   
34.450   34.650   -0.166   -16.665   -16.695   570.000   
34.350   34.550   -0.166   -16.665   -16.560   407.000   
34.280   34.485   -0.167   -16.665   -16.715   434.000   
34.215   34.415   -0.167   -16.665   -16.675   278.000   
34.115   34.315   -0.166   -16.665   -16.775   329.000   
34.050   34.250   -0.166   -16.665   -16.675   181.000   
33.950   34.150   -0.166   -16.665   -16.635   378.000   
33.880   34.085   -0.166   -16.665   -16.635   435.000   
33.780   33.985   -0.167   -16.665   -16.595   349.000   
33.715   33.915   -0.167   -16.665   -16.715   167.000   
33.650   33.815   -0.167   -16.665   -16.695   316.000   
33.550   33.750   -0.166   -16.665   -16.655   387.000   
33.480   33.685   -0.166   -16.665   -16.675   556.000   
33.380   33.585   -0.167   -16.665   -16.560   506.000   
33.315   33.515   -0.166   -16.665   -16.715   423.000   
33.215   33.415   -0.167   -16.665   -16.635   396.000   
33.150   33.350   -0.166   -16.665   -16.615   543.000   
33.050   33.250   -0.166   -16.665   -16.655   590.000   
32.980   33.185   -0.167   -16.665   -16.635   486.000   
32.915   33.085   -0.166   -16.665   -16.675   418.000   
32.815   33.015   -0.166   -16.665   -16.715   373.000   
32.750   32.950   -0.167   -16.665   -16.580   172.000   
32.650   32.850   -0.166   -16.665   -16.715   394.000   
32.580   32.785   -0.167   -16.665   -16.635   416.000   
32.480   32.685   -0.167   -16.665   -16.715   314.000   
32.415   32.615   -0.167   -16.665   -16.715   157.000   
32.315   32.515   -0.166   -16.665   -16.695   304.000   
32.250   32.450   -0.167   -16.665   -16.655   401.000   
32.180   32.350   -0.167   -16.665   -16.635   443.000   
32.080   32.285   -0.166   -16.665   -16.715   366.000   
32.015   32.215   -0.166   -16.665   -16.595   346.000   
31.915   32.115   -0.167   -16.665   -16.520   352.000   
31.850   32.050   -0.166   -16.665   -16.795   360.000   
31.750   31.950   -0.166   -16.665   -16.520   594.000   
31.680   31.885   -0.167   -16.665   -16.775   482.000   
31.580   31.785   -0.166   -16.665   -16.695   397.000   
31.515   31.715   -0.166   -16.665   -16.675   395.000   
31.450   31.650   -0.167   -16.665   -16.755   144.000   
31.350   31.550   -0.166   -16.665   -16.500   396.000   
31.280   31.485   -0.167   -16.665   -16.715   401.000   
31.180   31.385   -0.167   -16.665   -16.675   316.000   
31.115   31.315   -0.166   -16.665   -16.735   374.000   
31.015   31.215   -0.166   -16.665   -16.595   562.000   
30.950   31.150   -0.167   -16.665   -16.715   487.000   
30.880   31.050   -0.166   -16.665   -16.655   516.000   
30.780   30.985   -0.167   -16.665   -16.580   354.000   
30.715   30.915   -0.167   -16.665   -16.715   486.000   
30.615   30.815   -0.167   -16.665   -16.715   317.000   
30.550   30.750   -0.167   -16.665   -16.655   382.000   
30.450   30.650   -0.166   -16.665   -16.715   552.000   
30.380   30.585   -0.167   -16.665   -16.560   505.000   
30.280   30.485   -0.167   -16.665   -16.715   412.000   
30.215   30.415   -0.167   -16.665   -16.675   383.000   
30.150   30.315   -0.167   -16.665   -16.675   181.000   
30.050   30.250   -0.166   -16.665   -16.735   383.000   
29.980   30.185   -0.166   -16.665   -16.615   398.000   
29.880   30.085   -0.167   -16.665   -16.715   289.000   
29.815   30.015   -0.166   -16.665   -16.655   336.000   
29.715   29.915   -0.166   -16.665   -16.735   184.000   
29.650   29.850   -0.166   -16.665   -16.675   377.000   
29.550   29.750   -0.166   -16.665   -16.655   378.000   
29.480   29.685   -0.167   -16.665   -16.655   343.000   
29.415   29.585   -0.167   -16.665   -16.560   495.000   
29.315   29.515   -0.167   -16.665   -16.695   309.000   
29.250   29.450   -0.167   -16.665   -16.675   398.000   
29.150   29.350   -0.166   -16.665   -16.635   548.000   
29.080   29.285   -0.167   -16.665   -16.675   501.000   
28.980   29.185   -0.167   -16.665   -16.580   435.000   
28.915   29.115   -0.167   -16.665   -16.715   393.000   
28.815   29.015   -0.166   -16.665   -16.655   326.000   
28.750   28.950   -0.166   -16.665   -16.615   587.000   
28.680   28.850   -0.166   -16.665   -16.715   385.000   
28.580   28.785   -0.167   -16.665   -16.655   439.000   
28.515   28.715   -0.167   -16.665   -16.655   345.000   
28.415   28.615   -0.167   -16.665   -16.735   156.000   
28.350   28.550   -0.166   -16.665   -16.595   382.000   
28.250   28.450   -0.166   -16.665   -16.655   385.000   
28.180   28.385   -0.167   -16.665   -16.615   333.000   
28.080   28.285   -0.167   -16.665   -16.635   528.000   
28.015   28.215   -0.167   -16.665   -16.755   319.000   
27.950   28.150   -0.167   -16.665   -16.595   390.000   
27.850   28.050   -0.166   -16.665   -16.675   547.000   
27.780   27.985   -0.167   -16.665   -16.580   597.000   
27.680   27.885   -0.167   -16.665   -16.715   489.000   
27.615   27.815   -0.167   -16.665   -16.675   340.000   
27.515   27.715   -0.167   -16.665   -16.675   399.000   
27.450   27.650   -0.166   -16.665   -16.715   595.000   
27.350   27.550   -0.166   -16.665   -16.595   399.000   
27.280   27.485   -0.167   -16.665   -16.715   424.000   
27.215   27.415   -0.167   -16.665   -16.655   335.000   
27.115   27.315   -0.167   -16.665   -16.635   179.000   
27.050   27.250   -0.166   -16.665   -16.735   324.000   
26.950   27.150   -0.166   -16.665   -16.615   411.000   
26.880   27.085   -0.167   -16.665   -16.695   289.000   
26.780   26.985   -0.167   -16.665   -16.595   322.000   
26.715   26.915   -0.167   -16.665   -16.695   199.000   
26.650   26.815   -0.167   -16.665   -16.675   351.000   
26.550   26.750   -0.166   -16.665   -16.635   392.000   
26.480   26.685   -0.167   -16.665   -16.715   580.000   
26.380   26.585   -0.167   -16.665   -16.595   494.000   
26.315   26.515   -0.167   -16.665   -16.695   316.000   
26.215   26.415   -0.167   -16.665   -16.655   406.000   
26.150   26.350   -0.166   -16.665   -16.595   583.000   
26.050   26.250   -0.166   -16.665   -16.735   410.000   
25.980   26.185   -0.167   -16.665   -16.635   430.000   
25.915   26.085   -0.167   -16.665   -16.715   276.000   
25.815   26.015   -0.166   -16.665   -16.675   305.000   
25.750   25.950   -0.166   -16.665   -16.595   198.000   
25.650   25.850   -0.166   -16.665   -16.695   379.000   
25.580   25.785   -0.167   -16.665   -16.635   443.000   
25.480   25.685   -0.167   -16.665   -16.675   349.000   
25.415   25.615   -0.167   -16.665   -16.735   155.000   
25.315   25.515   -0.166   -16.665   -16.735   303.000   
25.250   25.450   -0.166   -16.665   -16.635   400.000   
25.180   25.385   -0.166   -16.665   -16.635   551.000   
25.080   25.285   -0.167   -16.665   -16.655   516.000   
25.015   25.215   -0.167   -16.665   -16.715   426.000   
24.915   25.115   -0.167   -16.665   -16.715   393.000   
24.850   25.050   -0.167   -16.665   -16.635   553.000   
24.750   24.950   -0.166   -16.665   -16.615   595.000   
24.680   24.885   -0.167   -16.665   -16.695   485.000   
24.615   24.785   -0.167   -16.665   -16.635   439.000   
24.515   24.715   -0.167   -16.665   -16.695   387.000   
24.450   24.650   -0.167   -16.665   -16.735   167.000   
24.350   24.550   -0.166   -16.665   -16.560   406.000   
24.285   24.485   -0.167   -16.665   -16.715   408.000   
24.185   24.385   -0.166   -16.665   -16.655   332.000   
24.115   24.315   -0.165   -16.665   -16.615   172.000   
24.015   24.215   -0.165   -16.665   -16.635   132.000   
23.950   24.150   -0.166   -16.665   -16.050   1251.000   
23.885   24.055   -0.168   -16.665   -16.105   1306.000   
23.785   23.985   -0.167   -16.665   -16.755   114.000   
23.715   23.920   -0.166   -16.665   -16.795   416.000   
23.615   23.820   -0.167   -16.665   -16.635   477.000   
23.550   23.750   -0.166   -16.665   -16.795   337.000   
23.450   23.650   -0.167   -16.665   -16.755   173.000   
23.385   23.585   -0.167   -16.665   -16.655   412.000   
23.215   23.420   -0.167   -16.665   -16.695   341.000   
23.150   23.320   -0.167   -16.665   -16.560   506.000   
23.050   23.250   -0.167   -16.665   -16.695   319.000   
22.985   23.185   -0.167   -16.665   -16.635   421.000   
22.885   23.085   -0.166   -16.665   -16.635   536.000   
22.815   23.020   -0.167   -16.665   -16.795   316.000   
22.715   22.920   -0.166   -16.665   -16.615   471.000   
22.650   22.850   -0.167   -16.665   -16.635   337.000   
22.550   22.750   -0.167   -16.665   -16.675   396.000   
22.485   22.685   -0.166   -16.665   -16.595   584.000   
22.415   22.585   -0.166   -16.665   -16.715   401.000   
22.315   22.520   -0.167   -16.665   -16.635   416.000   
22.250   22.450   -0.166   -16.665   -16.695   326.000   
22.150   22.350   -0.167   -16.665   -16.715   166.000   
22.085   22.285   -0.166   -16.665   -16.580   389.000   
21.985   22.185   -0.166   -16.665   -16.655   412.000   
21.915   22.120   -0.167   -16.665   -16.580   291.000   
21.815   22.020   -0.167   -16.665   -16.775   344.000   
21.750   21.950   -0.167   -16.665   -16.635   197.000   
21.685   21.885   -0.167   -16.665   -16.675   328.000   
21.585   21.785   -0.166   -16.665   -16.715   384.000   
21.515   21.720   -0.167   -16.665   -16.580   585.000   
21.415   21.620   -0.167   -16.665   -16.695   521.000   
21.350   21.550   -0.167   -16.665   -16.695   324.000   
21.250   21.450   -0.167   -16.665   -16.675   400.000   
21.185   21.385   -0.166   -16.665   -16.755   551.000   
21.085   21.285   -0.166   -16.665   -16.540   403.000   
21.015   21.220   -0.167   -16.665   -16.715   434.000   
20.950   21.150   -0.167   -16.665   -16.615   294.000   
20.850   21.050   -0.166   -16.665   -16.795   311.000   
20.785   20.985   -0.166   -16.665   -16.675   180.000   
20.685   20.885   -0.166   -16.665   -16.635   370.000   
20.615   20.820   -0.167   -16.665   -16.615   451.000   
20.515   20.720   -0.167   -16.665   -16.595   358.000   
20.450   20.650   -0.167   -16.665   -16.695   173.000   
20.385   20.550   -0.167   -16.665   -16.695   339.000   
20.285   20.485   -0.167   -16.665   -16.675   398.000   
20.215   20.420   -0.167   -16.665   -16.675   565.000   
20.115   20.320   -0.167   -16.665   -16.560   522.000   
20.050   20.250   -0.167   -16.665   -16.695   328.000   
19.950   20.150   -0.167   -16.665   -16.655   417.000   
19.885   20.085   -0.167   -16.665   -16.595   566.000   
19.785   19.985   -0.166   -16.665   -16.655   598.000   
19.715   19.920   -0.167   -16.665   -16.635   489.000   
19.650   19.820   -0.167   -16.665   -16.655   451.000   
19.550   19.750   -0.167   -16.665   -16.675   406.000   
19.485   19.685   -0.166   -16.665   -16.615   176.000   
19.385   19.585   -0.166   -16.665   -16.715   415.000   
19.315   19.520   -0.167   -16.665   -16.635   427.000   
19.215   19.420   -0.167   -16.665   -16.655   366.000   
19.150   19.350   -0.167   -16.665   -16.715   184.000   
19.050   19.250   -0.166   -16.665   -16.715   320.000   
18.985   19.185   -0.166   -16.665   -16.655   427.000   
18.915   19.120   -0.167   -16.665   -16.595   574.000   
18.815   19.020   -0.167   -16.665   -16.755   357.000   
18.750   18.950   -0.167   -16.665   -16.655   502.000   
18.650   18.850   -0.167   -16.665   -16.695   344.000   
18.585   18.785   -0.166   -16.665   -16.695   404.000   
18.485   18.685   -0.166   -16.665   -16.595   601.000   
18.415   18.620   -0.167   -16.665   -16.695   516.000   
18.315   18.520   -0.167   -16.665   -16.615   457.000   
18.250   18.450   -0.167   -16.665   -16.695   423.000   
18.185   18.385   -0.167   -16.665   -16.715   193.000   
18.085   18.285   -0.166   -16.665   -16.595   424.000   
18.015   18.220   -0.167   -16.665   -16.695   422.000   
17.915   18.120   -0.167   -16.665   -16.580   318.000   
17.850   18.050   -0.166   -16.665   -16.755   346.000   
17.750   17.950   -0.167   -16.665   -16.675   197.000   
17.685   17.885   -0.166   -16.665   -16.655   383.000   
17.615   17.785   -0.166   -16.665   -16.715   375.000   
17.515   17.720   -0.167   -16.665   -16.560   363.000   
17.450   17.650   -0.167   -16.665   -16.695   519.000   
17.350   17.550   -0.167   -16.665   -16.695   345.000   
17.285   17.485   -0.167   -16.665   -16.655   402.000   
17.185   17.385   -0.166   -16.665   -16.695   582.000   
17.115   17.320   -0.167   -16.665   -16.580   542.000   
17.015   17.220   -0.167   -16.665   -16.695   465.000   
16.950   17.150   -0.167   -16.665   -16.675   489.000   
16.885   17.050   -0.166   -16.665   -16.755   342.000   
16.785   16.985   -0.166   -16.665   -16.655   623.000   
16.715   16.920   -0.167   -16.665   -16.635   400.000   
16.615   16.820   -0.167   -16.665   -16.615   472.000   
16.550   16.750   -0.167   -16.665   -16.735   388.000   
16.450   16.650   -0.167   -16.665   -16.715   176.000   
16.385   16.585   -0.166   -16.665   -16.695   409.000   
16.285   16.485   -0.167   -16.665   -16.635   428.000   
16.215   16.420   -0.167   -16.665   -16.675   359.000   
16.150   16.320   -0.167   -16.665   -16.715   553.000   
16.050   16.250   -0.167   -16.665   -16.715   336.000   
15.985   16.185   -0.167   -16.665   -16.655   432.000   
15.885   16.085   -0.166   -16.665   -16.635   564.000   
15.815   16.020   -0.167   -16.665   -16.755   366.000   
15.715   15.920   -0.167   -16.665   -16.655   501.000   
15.650   15.850   -0.167   -16.665   -16.635   362.000   
15.550   15.750   -0.166   -16.665   -16.715   399.000   
15.485   15.685   -0.166   -16.665   -16.595   608.000   
15.415   15.620   -0.166   -16.665   -16.695   406.000   
15.315   15.520   -0.166   -16.665   -16.635   430.000   
15.250   15.450   -0.166   -16.665   -16.675   363.000   
15.150   15.350   -0.167   -16.665   -16.715   208.000   
15.085   15.285   -0.166   -16.665   -16.540   438.000   
14.985   15.185   -0.166   -16.665   -16.655   436.000   
14.915   15.120   -0.167   -16.665   -16.615   311.000   
14.850   15.020   -0.167   -16.665   -16.795   358.000   
14.750   14.950   -0.167   -16.665   -16.595   235.000   
14.685   14.885   -0.167   -16.665   -16.615   375.000   
14.585   14.785   -0.167   -16.665   -16.715   415.000   
14.515   14.720   -0.167   -16.665   -16.635   600.000   
14.415   14.620   -0.167   -16.665   -16.695   514.000   
14.350   14.550   -0.167   -16.665   -16.695   346.000   
14.250   14.450   -0.167   -16.665   -16.675   437.000   
14.185   14.385   -0.166   -16.665   -16.715   597.000   
14.115   14.285   -0.166   -16.665   -16.560   433.000   
14.015   14.220   -0.167   -16.665   -16.715   447.000   
13.950   14.150   -0.166   -16.665   -16.695   301.000   
13.850   14.050   -0.166   -16.665   -16.775   337.000   
13.785   13.985   -0.166   -16.665   -16.635   628.000   
13.685   13.885   -0.166   -16.665   -16.615   421.000   
13.615   13.820   -0.167   -16.665   -16.655   468.000   
13.515   13.720   -0.167   -16.665   -16.615   377.000   
13.450   13.650   -0.166   -16.665   -16.715   176.000   
13.385   13.550   -0.167   -16.665   -16.695   342.000   
13.285   13.485   -0.167   -16.665   -16.615   441.000   
13.215   13.420   -0.167   -16.665   -16.655   597.000   
13.115   13.320   -0.167   -16.665   -16.560   547.000   
13.050   13.250   -0.167   -16.665   -16.715   342.000   
12.950   13.150   -0.166   -16.665   -16.695   409.000   
12.885   13.085   -0.166   -16.665   -16.595   570.000   
12.785   12.985   -0.166   -16.665   -16.635   623.000   
12.715   12.920   -0.167   -16.665   -16.595   537.000   
12.650   12.820   -0.167   -16.665   -16.655   475.000   
12.550   12.750   -0.167   -16.665   -16.735   408.000   
12.485   12.685   -0.166   -16.665   -16.615   176.000   
12.385   12.585   -0.166   -16.665   -16.695   423.000   
12.315   12.520   -0.166   -16.665   -16.635   456.000   
12.215   12.420   -0.167   -16.665   -16.655   373.000   
12.150   12.350   -0.167   -16.665   -16.715   199.000   
12.050   12.250   -0.166   -16.665   -16.695   332.000   
11.985   12.185   -0.166   -16.665   -16.655   433.000   
11.915   12.120   -0.166   -16.665   -16.615   570.000   
11.815   12.020   -0.167   -16.665   -16.755   366.000   
11.750   11.950   -0.167   -16.665   -16.635   536.000   
11.650   11.850   -0.167   -16.665   -16.675   372.000   
11.585   11.785   -0.166   -16.665   -16.715   402.000   
11.485   11.685   -0.166   -16.665   -16.635   589.000   
11.415   11.620   -0.167   -16.665   -16.695   524.000   
11.350   11.520   -0.167   -16.665   -16.615   459.000   
11.250   11.450   -0.166   -16.665   -16.715   423.000   
11.185   11.385   -0.167   -16.665   -16.715   198.000   
11.085   11.285   -0.166   -16.665   -16.595   403.000   
11.015   11.220   -0.167   -16.665   -16.695   424.000   
10.915   11.120   -0.167   -16.665   -16.655   346.000   
10.850   11.050   -0.166   -16.665   -16.695   415.000   
10.750   10.950   -0.167   -16.665   -16.595   481.000   
10.685   10.885   -0.166   -16.665   -16.775   385.000   
10.615   10.785   -0.166   -16.665   -16.795   380.000   
10.515   10.720   -0.167   -16.665   -16.540   382.000   
10.450   10.650   -0.166   -16.665   -16.775   480.000   
10.350   10.550   -0.167   -16.665   -16.635   371.000   
10.285   10.485   -0.167   -16.665   -16.655   416.000   
10.185   10.385   -0.166   -16.665   -16.775   570.000   
10.115   10.320   -0.167   -16.665   -16.540   527.000   
10.015   10.220   -0.167   -16.665   -16.755   435.000   
9.950   10.150   -0.166   -16.665   -16.595   431.000   
9.885   10.050   -0.166   -16.665   -16.675   409.000   
9.785   9.985   -0.166   -16.665   -16.635   345.000   
9.715   9.920   -0.166   -16.665   -16.695   508.000   
9.615   9.820   -0.167   -16.665   -16.695   284.000   
9.550   9.750   -0.166   -16.665   -16.635   336.000   
9.450   9.650   -0.167   -16.665   -16.695   195.000   
9.385   9.585   -0.166   -16.665   -16.715   399.000   
9.285   9.485   -0.166   -16.665   -16.655   387.000   
9.215   9.420   -0.167   -16.665   -16.675   349.000   
9.150   9.350   -0.167   -16.665   -16.715   521.000   
9.050   9.250   -0.167   -16.665   -16.695   336.000   
8.985   9.185   -0.167   -16.665   -16.635   422.000   
8.885   9.085   -0.167   -16.665   -16.655   462.000   
8.815   9.020   -0.167   -16.665   -16.735   396.000   
8.715   8.920   -0.166   -16.665   -16.715   170.000   
8.650   8.850   -0.167   -16.665   -16.675   408.000   
8.550   8.750   -0.167   -16.665   -16.655   354.000   
8.485   8.685   -0.166   -16.665   -16.580   597.000   
8.415   8.620   -0.166   -16.665   -16.715   416.000   
8.315   8.520   -0.166   -16.665   -16.675   423.000   
8.250   8.450   -0.166   -16.665   -16.675   343.000   
8.150   8.350   -0.167   -16.665   -16.715   169.000   
8.085   8.285   -0.166   -16.665   -16.540   415.000   
7.985   8.185   -0.167   -16.665   -16.675   410.000   
7.915   8.120   -0.167   -16.665   -16.635   329.000   
7.850   8.020   -0.167   -16.665   -16.695   497.000   
7.750   7.950   -0.166   -16.665   -16.735   298.000   
7.685   7.885   -0.166   -16.665   -16.595   392.000   
7.585   7.785   -0.166   -16.665   -16.615   566.000   
7.520   7.720   -0.166   -16.665   -16.595   354.000   
7.420   7.620   -0.166   -16.665   -16.675   386.000   
7.350   7.550   -0.165   -16.665   -16.595   164.000   
7.250   7.450   -0.165   -16.665   -17.185   -105.000   
7.185   7.390   -0.167   -16.665   -16.185   1248.000   
7.120   7.285   -0.167   -16.665   -16.695   850.000   
7.020   7.220   -0.167   -16.665   -16.870   389.000   
6.950   7.155   -0.167   -16.665   -16.580   551.000   
6.850   7.055   -0.167   -16.665   -16.480   494.000   
6.785   6.985   -0.166   -16.665   -16.775   304.000   
6.685   6.885   -0.167   -16.665   -16.580   445.000   
6.620   6.820   -0.166   -16.665   -16.655   517.000   
6.520   6.720   -0.166   -16.665   -16.675   598.000   
6.450   6.655   -0.167   -16.665   -16.615   489.000   
6.385   6.585   -0.166   -16.665   -16.695   417.000   
6.285   6.485   -0.166   -16.665   -16.675   387.000   
6.220   6.420   -0.166   -16.665   -16.635   167.000   
6.120   6.320   -0.166   -16.665   -16.735   397.000   
6.050   6.255   -0.167   -16.665   -16.595   434.000   
5.950   6.155   -0.167   -16.665   -16.695   336.000   
5.885   6.085   -0.167   -16.665   -16.715   184.000   
5.785   5.985   -0.166   -16.665   -16.735   305.000   
5.720   5.920   -0.166   -16.665   -16.655   405.000   
5.650   5.855   -0.167   -16.665   -16.580   558.000   
5.550   5.755   -0.167   -16.665   -16.775   340.000   
5.485   5.685   -0.167   -16.665   -16.635   477.000   
5.385   5.585   -0.167   -16.665   -16.655   336.000   
5.320   5.520   -0.166   -16.665   -16.715   374.000   
5.220   5.420   -0.166   -16.665   -16.595   575.000   
5.150   5.355   -0.167   -16.665   -16.675   505.000   
5.085   5.255   -0.167   -16.665   -16.635   435.000   
4.985   5.185   -0.167   -16.665   -16.695   406.000   
4.920   5.120   -0.167   -16.665   -16.735   162.000   
4.820   5.020   -0.166   -16.665   -16.580   392.000   
4.750   4.955   -0.167   -16.665   -16.695   409.000   
4.650   4.855   -0.167   -16.665   -16.580   285.000   
4.585   4.785   -0.166   -16.665   -16.795   306.000   
4.485   4.685   -0.167   -16.665   -16.635   194.000   
4.420   4.620   -0.166   -16.665   -16.655   379.000   
4.350   4.520   -0.166   -16.665   -16.695   381.000   
4.250   4.455   -0.167   -16.665   -16.595   358.000   
4.185   4.385   -0.167   -16.665   -16.695   506.000   
4.085   4.285   -0.167   -16.665   -16.695   337.000   
4.020   4.220   -0.167   -16.665   -16.655   413.000   
3.920   4.120   -0.166   -16.665   -16.715   562.000   
3.850   4.055   -0.167   -16.665   -16.580   507.000   
3.750   3.955   -0.167   -16.665   -16.695   427.000   
3.685   3.885   -0.167   -16.665   -16.635   406.000   
3.620   3.785   -0.166   -16.665   -16.795   306.000   
3.520   3.720   -0.166   -16.665   -16.675   585.000   
3.450   3.655   -0.166   -16.665   -16.635   375.000   
3.350   3.555   -0.167   -16.665   -16.635   436.000   
3.285   3.485   -0.167   -16.665   -16.695   392.000   
3.185   3.385   -0.167   -16.665   -16.715   171.000   
3.120   3.320   -0.166   -16.665   -16.715   404.000   
3.020   3.220   -0.166   -16.665   -16.655   401.000   
2.950   3.155   -0.167   -16.665   -16.655   349.000   
2.885   3.085   -0.167   -16.665   -16.715   524.000   
2.785   2.985   -0.167   -16.665   -16.695   304.000   
2.720   2.920   -0.166   -16.665   -16.675   387.000   
2.620   2.820   -0.166   -16.665   -16.615   530.000   
2.550   2.755   -0.167   -16.665   -16.775   322.000   
2.450   2.655   -0.167   -16.665   -16.615   480.000   
2.385   2.585   -0.167   -16.665   -16.635   334.000   
2.285   2.485   -0.167   -16.665   -16.715   394.000   
2.220   2.420   -0.166   -16.665   -16.580   584.000   
2.150   2.355   -0.166   -16.665   -16.735   397.000   
2.050   2.255   -0.166   -16.665   -16.635   419.000   
1.985   2.185   -0.166   -16.665   -16.695   340.000   
1.885   2.085   -0.167   -16.665   -16.675   187.000   
1.820   2.020   -0.166   -16.665   -16.560   401.000   
1.720   1.920   -0.167   -16.665   -16.655   410.000   
1.650   1.855   -0.167   -16.665   -16.655   260.000   
1.585   1.755   -0.167   -16.665   -16.775   314.000   
1.485   1.685   -0.166   -16.665   -16.655   180.000   
1.420   1.620   -0.167   -16.665   -16.615   349.000   
1.320   1.520   -0.166   -16.665   -16.715   392.000   
1.250   1.455   -0.167   -16.665   -16.595   581.000   
1.150   1.355   -0.167   -16.665   -16.715   490.000   
1.085   1.285   -0.167   -16.665   -16.695   331.000   
0.985   1.185   -0.166   -16.665   -16.695   398.000   
0.920   1.120   -0.166   -16.665   -16.695   573.000   
0.850   1.020   -0.166   -16.665   -16.580   392.000   
0.750   0.955   -0.167   -16.665   -16.715   429.000   
0.685   0.885   -0.167   -16.665   -16.655   286.000   
0.585   0.785   -0.166   -16.665   -16.795   313.000   
0.520   0.720   -0.166   -16.665   -16.635   594.000   
0.420   0.620   -0.166   -16.665   -16.655   379.000   
0.350   0.555   -0.167   -16.665   -16.615   454.000   
0.250   0.455   -0.167   -16.665   -16.580   358.000   
0.185   0.385   -0.167   -16.665   -16.715   169.000   
0.120   0.285   -0.166   -16.665   -16.715   322.000   
0.020   0.220   -0.166   -16.040   -16.635   393.000   
-0.040   0.155   -0.166   -13.955   -16.615   421.000   
-0.115   0.055   -0.157   -10.830   -16.560   603.000   
-0.155   -0.010   -0.144   -8.745   -16.245   219.000   
-0.200   -0.105   -0.109   -5.620   -15.755   -459.000   
-0.215   -0.150   -0.084   -3.540   -13.245   533.000   
-0.225   -0.210   -0.044   -1.455   -8.615   39.000   
-0.230   -0.235   -0.020   0.000   -6.710   -427.000   
-0.230   -0.250   0.003   0.000   -3.020   82.000   
-0.230   -0.260   0.017   0.000   -2.275   -407.000   
-0.230   -0.255   0.019   0.000   -0.120   -49.000   
-0.230   -0.250   0.017   0.000   0.920   -63.000   
-0.230   -0.240   0.012   0.000   1.450   17.000   
-0.230   -0.235   0.003   0.000   1.725   408.000   
-0.230   -0.230   0.001   0.000   1.080   539.000   
-0.230   -0.230   0.001   0.000   -0.135   217.000   
-0.230   -0.230   0.002   0.000   -0.275   -77.000   
-0.230   -0.230   0.001   0.000   0.175   105.000   
-0.230   -0.230   0.000   0.000   0.040   135.000   
-0.230   -0.230   0.000   0.000   0.235   83.000   
-0.230   -0.230   0.000   0.000   0.040   124.000   
-0.230   -0.230   0.001   0.000   -0.080   53.000   
-0.230   -0.230   0.000   0.000   0.100   133.000   
-0.230   -0.230   0.000   0.000   0.000   111.000   
-0.230   -0.230   0.000   0.000   -0.040   93.000   
-0.230   -0.230   0.000   0.000   0.040   114.000   
-0.230   -0.230   0.000   0.000   -0.020   106.000   
-0.230   -0.230   0.000   0.000   0.020   111.000   
-0.230   -0.230   -0.000   0.000   0.000   112.000   
-0.230   -0.230   -0.000   0.000   0.000   111.000   
-0.230   -0.230   -0.000   0.000   0.000   117.000   
-0.230   -0.230   0.000   0.000   -0.020   107.000   
-0.230   -0.230   0.000   0.000   0.000   98.000   
-0.230   -0.230   0.000   0.000   -0.020   101.000   
-0.230   -0.230   0.000   0.000   0.000   101.000   
-0.230   -0.230   0.000   0.000   0.020   109.000   
-0.230   -0.230   -0.000   0.000   0.020   115.000   
-0.230   -0.230   -0.000   0.000   0.000   117.000   
-0.230   -0.230   -0.000   0.000   0.000   119.000   
-0.230   -0.230   -0.000   0.000   0.000   116.000   
-0.230   -0.230   -0.000   0.000   -0.020   115.000   
-0.230   -0.230   0.000   0.000   0.000   111.000   
-0.230   -0.230   0.000   0.000   -0.020   111.000   
-0.230   -0.230   0.000   0.000   0.000   111.000   
-0.230   -0.230   0.000   0.000   0.000   110.000   
-0.230   -0.230   0.000   0.000   0.000   109.000   
-0.230   -0.230   0.000   0.000   0.000   111.000   
-0.230   -0.230   0.000   0.000   0.000   111.000   
-0.230   -0.230   0.000   0.000   0.000   110.000   
-0.230   -0.230   0.000   0.000   0.000   111.000   
-0.230   -0.230   0.000   0.000   0.000   111.000   
-0.230   -0.230   -0.000   0.000   0.000   113.000   
-0.230   -0.230   -0.000   0.000   0.000   114.000   
-0.230   -0.230   -0.000   0.000   0.000   111.000   
-0.230   -0.230   0.000   0.000   -0.020   113.000   
-0.230   -0.230   0.000   0.000   0.000   110.000   
-0.230   -0.230   0.000   0.000   0.000   111.000   
-0.230   -0.230   0.000   0.000   0.000   115.000   
-0.230   -0.230   -0.000   0.000   0.020   116.000   
-0.230   -0.230   -0.000   0.000   0.000   115.000   
-0.230   -0.230   0.000   0.000   0.000   116.000   
-0.230   -0.230   0.000   0.000   0.000   113.000   
-0.230   -0.230   0.000   0.000   0.000   111.000   
-0.230   -0.230   0.000   0.000   0.000   107.000   
-0.230   -0.230   0.000   0.000   0.000   108.000   
-0.230   -0.230   0.000   0.000   0.000   111.000   
-0.230   -0.230   0.000   0.000   0.000   111.000   
-0.230   -0.230   0.000   0.000   0.000   111.000   
-0.230   -0.230   0.000   0.000   0.000   111.000   
-0.230   -0.230   0.000   0.000   0.000   113.000   
-0.230   -0.230   0.000   0.000   0.000   112.000   
-0.230   -0.230   -0.000   0.000   0.020   115.000   
-0.230   -0.230   -0.000   0.000   0.000   114.000   
-0.230   -0.230   0.000   0.000   0.000   111.000   
-0.230   -0.230   0.000   0.000   0.000   112.000   
-0.230   -0.230   0.000   0.000   0.000   111.000   
-0.230   -0.230   0.000   0.000   0.000   109.000   
-0.230   -0.230   0.000   0.000   0.000   109.000   
-0.230   -0.230   0.000   0.000   0.000   112.000   
-0.230   -0.230   0.000   0.000   0.000   113.000   
-0.230   -0.230   -0.000   0.000   0.020   111.000   
-0.230   -0.230   0.000   0.000   -0.020   111.000   
-0.230   -0.230   0.000   0.000   0.000   111.000   
-0.230   -0.230   0.000   0.000   0.000   111.000   
-0.230   -0.230   0.000   0.000   0.000   112.000   
-0.230   -0.230   0.000   0.000   0.000   109.000   
-0.230   -0.230   0.000   0.000   0.000   111.000   
-0.230   -0.230   0.000   0.000   0.000   112.000   
-0.230   -0.230   0.000   0.000   0.000   111.000   
-0.230   -0.230   -0.000   0.000   0.020   114.000   
-0.230   -0.230   0.000   0.000   -0.020   112.000   
-0.230   -0.230   0.000   0.000   0.000   114.000   
-0.230   -0.230   0.000   0.000   0.000   113.000   
-0.230   -0.230   0.000   0.000   0.000   113.000   
-0.230   -0.230   0.000   0.000   0.000   111.000   
-0.230   -0.230   0.000   0.000   0.000   114.000   
-0.230   -0.230   0.000   0.000   0.000   109.000   
-0.230   -0.230   0.000   0.000   0.000   109.000   
-0.230   -0.230   0.000   0.000   0.000   109.000   
-0.230   -0.230   0.000   0.000   0.000   109.000   
-0.230   -0.230   0.000   0.000   0.000   111.000   
-0.230   -0.230   -0.000   0.000   0.020   113.000   
-0.230   -0.230   -0.000   0.000   0.000   116.000   
-0.230   -0.230   -0.000   0.000   0.000   113.000   
-0.230   -0.230   -0.000   0.000   0.000   113.000   
-0.230   -0.230   0.000   0.000   -0.020   113.000   
-0.230   -0.230   0.000   0.000   0.000   122.000   
-0.230   -0.230   0.000   0.000   0.000   120.000   
-0.230   -0.230   0.000   0.000   0.000   120.000   
-0.230   -0.230   0.000   0.000   0.000   119.000   
-0.230   -0.230   0.000   0.000   0.000   121.000   
-0.230   -0.230   0.000   0.000   0.000   121.000   
-0.230   -0.230   0.000   0.000   0.000   122.000   
-0.230   -0.230   0.000   0.000   0.000   121.000   
-0.230   -0.230   0.000   0.000   0.000   120.000   
-0.230   -0.230   0.000   0.000   0.000   120.000   
-0.230   -0.230   0.000   0.000   0.000   120.000   
-0.230   -0.230   0.000   0.000   0.000   119.000   
-0.230   -0.230   0.000   0.000   0.000   121.000   
-0.230   -0.230   0.000   0.000   0.000   120.000   
-0.230   -0.230   0.000   0.000   0.000   118.000   
-0.230   -0.230   0.000   0.000   0.000   122.000   
-0.230   -0.230   0.000   0.000   0.000   120.000   
-0.230   -0.230   0.000   0.000   0.020   119.000   
-0.230   -0.230   0.000   0.000   0.000   121.000   
-0.230   -0.230   0.000   0.000   0.000   121.000   
-0.230   -0.230   0.000   0.000   0.000   121.000   
-0.230   -0.230   0.000   0.000   0.000   119.000   
-0.230   -0.230   0.000   0.000   0.000   117.000   
-0.230   -0.230   0.000   0.000   0.000   117.000   
-0.230   -0.230   0.000   0.000   0.000   117.000   
-0.230   -0.230   0.000   0.000   0.000   117.000   
-0.230   -0.230   0.000   0.000   0.000   118.000   
-0.230   -0.230   0.000   0.000   0.000   118.000   
-0.230   -0.230   0.000   0.000   0.000   121.000   
-0.230   -0.230   0.000   0.000   0.000   118.000   
-0.230   -0.230   0.000   0.000   0.000   119.000   
-0.230   -0.230   0.000   0.000   0.000   118.000   
-0.230   -0.230   0.000   0.000   0.000   118.000   
-0.230   -0.230   0.000   0.000   0.000   118.000   
-0.230   -0.230   0.000   0.000   0.000   118.000   
-0.230   -0.230   0.000   0.000   0.000   120.000   
-0.230   -0.230   0.000   0.000   0.000   119.000   
-0.230   -0.230   0.000   0.000   0.000   118.000   
-0.230   -0.230   0.000   0.000   0.000   121.000   
-0.230   -0.230   0.000   0.000   0.000   120.000   
-0.230   -0.230   0.000   0.000   0.000   119.000   
-0.230   -0.230   0.000   0.000   0.000   109.000   
-0.230   -0.230   0.000   0.000   0.000   111.000   
-0.230   -0.230   0.000   0.000   0.000   108.000   
-0.230   -0.230   0.000   0.000   0.000   108.000   
-0.230   -0.230   0.000   0.000   0.000   109.000   
-0.230   -0.230   0.000   0.000   0.000   109.000   
-0.230   -0.230   0.000   0.000   0.000   110.000   
-0.230   -0.230   0.000   0.000   0.000   109.000   
-0.230   -0.230   0.000   0.000   0.000   111.000   
-0.230   -0.230   0.000   0.000   0.000   111.000   
-0.230   -0.230   0.000   0.000   0.000   108.000   
-0.230   -0.230   0.000   0.000   0.000   111.000   
-0.230   -0.230   0.000   0.000   0.000   109.000   
-0.230   -0.230   0.000   0.000   0.000   107.000   
-0.230   -0.230   0.000   0.000   0.000   106.000   
-0.230   -0.230   0.000   0.000   0.000   109.000   
-0.230   -0.230   0.000   0.000   0.000   109.000   
-0.230   -0.230   0.000   0.000   0.000   109.000   
-0.230   -0.230   0.000   0.000   0.000   109.000   
-0.230   -0.230   0.000   0.000   0.000   110.000   
-0.230   -0.230   0.000   0.000   0.000   109.000   
-0.230   -0.230   0.000   0.000   0.000   108.000   
-0.230   -0.230   0.000   0.000   0.000   108.000   
-0.230   -0.230   0.000   0.000   0.000   108.000   
-0.230   -0.230   0.000   0.000   0.000   109.000   
-0.230   -0.230   0.000   0.000   0.000   108.000   
-0.230   -0.230   0.000   0.000   0.000   107.000   
-0.230   -0.230   0.000   0.000   0.000   106.000   
-0.230   -0.230   0.000   0.000   0.000   108.000   
-0.230   -0.230   0.000   0.000   0.000   109.000   
-0.230   -0.230   0.000   0.000   0.000   108.000   
-0.230   -0.230   0.000   0.000   0.000   109.000   
-0.230   -0.230   0.000   0.000   0.000   108.000   
-0.230   -0.230   0.000   0.000   0.000   108.000   
-0.230   -0.230   0.000   0.000   0.000   108.000   
-0.230   -0.230   0.000   0.000   0.000   107.000   
-0.230   -0.230   0.000   0.000   0.000   107.000   
-0.230   -0.230   0.000   0.000   0.000   109.000   
-0.230   -0.230   0.000   0.000   0.000   108.000   
-0.230   -0.230   0.000   0.000   0.000   108.000   
-0.230   -0.230   0.000   0.000   0.000   108.000   
-0.230   -0.230   0.000   0.000   0.000   111.000   
-0.230   -0.230   0.000   0.000   0.000   108.000   
-0.230   -0.230   0.000   0.000   0.000   109.000   
-0.230   -0.230   0.000   0.000   0.000   109.000   
-0.230   -0.230   0.000   0.000   0.000   108.000   
-0.230   -0.230   0.000   0.000   0.000   109.000   
-0.230   -0.230   0.000   0.000   0.000   111.000   
-0.230   -0.230   0.000   0.000   0.000   111.000   
-0.230   -0.230   0.000   0.000   0.000   110.000   
-0.230   -0.230   0.000   0.000   0.000   109.000   
-0.230   -0.230   0.000   0.000   0.000   109.000   
-0.230   -0.230   0.000   0.000   0.000   109.000   
-0.230   -0.230   0.000   0.000   0.000   111.000   
-0.230   -0.230   0.000   0.000   0.000   111.000   
-0.230   -0.230   0.000   0.000   0.000   109.000   
-0.230   -0.230   0.000   0.000   0.000   111.000   
-0.230   -0.230   0.000   0.000   0.000   109.000   
-0.230   -0.230   0.000   0.000   0.000   107.000   
-0.230   -0.230   0.000   0.000   0.000   109.000   
-0.230   -0.230   0.000   0.000   0.000   109.000   
-0.230   -0.230   0.000   0.000   0.000   109.000   
-0.230   -0.230   0.000   0.000   0.000   109.000   
-0.230   -0.230   0.000   0.000   0.000   109.000   
-0.230   -0.230   0.000   0.000   0.000   109.000   
-0.230   -0.230   0.000   0.000   0.000   109.000   
-0.230   -0.230   0.000   0.000   0.000   109.000   
-0.230   -0.230   0.000   0.000   0.000   108.000   
-0.230   -0.230   0.000   0.000   0.000   108.000   
-0.230   -0.230   0.000   0.000   0.000   106.000   
-0.230   -0.230   0.000   0.000   0.000   109.000   
-0.230   -0.230   0.000   0.000   0.000   110.000   
-0.230   -0.230   0.000   0.000   0.000   109.000   
-0.230   -0.230   0.000   0.000   0.000   108.000   
-0.230   -0.230   0.000   0.000   0.000   109.000   
-0.230   -0.230   0.000   0.000   0.000   109.000   
-0.230   -0.230   0.000   0.000   0.000   108.000   
-0.230   -0.230   0.000   0.000   0.000   108.000   
-0.230   -0.230   0.000   0.000   0.000   110.000   
-0.230   -0.230   0.000   0.000   0.000   108.000   
-0.230   -0.230   0.000   0.000   0.000   109.000   
-0.230   -0.230   0.000   0.000   0.000   109.000   
-0.230   -0.230   0.000   0.000   0.000   109.000   
-0.230   -0.230   0.000   0.000   0.000   108.000   
-0.230   -0.230   0.000   0.000   0.000   111.000   
-0.230   -0.230   0.000   0.000   0.000   111.000   
-0.230   -0.230   0.000   0.000   0.000   108.000   
-0.230   -0.230   0.000   0.000   0.000   109.000   
-0.230   -0.230   0.000   0.000   0.000   111.000   
-0.230   -0.230   0.000   0.000   0.000   110.000   
-0.230   -0.230   0.000   0.000   0.000   109.000   
-0.230   -0.230   0.000   0.000   0.000   110.000   
-0.230   -0.230   0.000   0.000   0.000   110.000   
-0.230   -0.230   0.000   0.000   0.000   110.000   
-0.230   -0.230   0.000   0.000   0.000   109.000   
-0.230   -0.230   0.000   0.000   0.000   110.000   
-0.230   -0.230   0.000   0.000   0.000   111.000   
-0.230   -0.230   0.000   0.000   0.000   108.000   
-0.230   -0.230   0.000   0.000   0.000   111.000   
-0.230   -0.230   0.000   0.000   0.000   109.000   
-0.230   -0.230   0.000   0.000   0.000   109.000   
-0.230   -0.230   0.000   0.000   0.000   109.000   
-0.230   -0.230   0.000   0.000   0.000   110.000   
-0.230   -0.230   0.000   0.000   0.000   110.000   
-0.230   -0.230   0.000   0.000   0.000   108.000   
-0.230   -0.230   0.000   0.000   0.000   109.000   
-0.230   -0.230   0.000   0.000   0.000   108.000   
-0.230   -0.230   0.000   0.000   0.000   110.000   
-0.230   -0.230   0.000   0.000   0.000   109.000   
-0.230   -0.230   0.000   0.000   0.000   110.000   
-0.230   -0.230   0.000   0.000   0.000   109.000   
-0.230   -0.230   0.000   0.000   0.000   109.000   
-0.230   -0.230   0.000   0.000   0.000   109.000   
-0.230   -0.230   0.000   0.000   0.000   111.000   
-0.230   -0.230   0.000   0.000   0.000   109.000   
-0.230   -0.230   0.000   0.000   0.000   109.000   
-0.230   -0.230   0.000   0.000   0.000   109.000   
-0.230   -0.230   0.000   0.000   0.000   108.000   
-0.230   -0.230   0.000   0.000   0.000   106.000   
-0.230   -0.230   0.000   0.000   0.000   108.000   
-0.230   -0.230   0.000   0.000   0.000   109.000   
-0.230   -0.230   0.000   0.000   0.000   111.000   
-0.230   -0.230   0.000   0.000   0.000   110.000   
-0.230   -0.230   0.000   0.000   0.000   103.000   
-0.230   -0.230   0.000   0.000   0.000   105.000   
-0.230   -0.230   0.000   0.000   0.000   103.000   
-0.230   -0.230   0.000   0.000   0.000   105.000   
-0.230   -0.230   0.000   0.000   0.000   102.000   
-0.230   -0.230   0.000   0.000   0.000   103.000   
-0.230   -0.230   0.000   0.000   0.000   102.000   
-0.230   -0.230   0.000   0.000   0.000   105.000   
-0.230   -0.230   0.000   0.000   0.000   103.000   
-0.230   -0.230   0.000   0.000   0.000   102.000   
-0.230   -0.230   0.000   0.000   0.000   105.000   
-0.230   -0.230   0.000   0.000   0.000   103.000   
-0.230   -0.230   0.000   0.000   0.000   105.000   
-0.230   -0.230   0.000   0.000   0.000   105.000   
-0.230   -0.230   0.000   0.000   0.000   105.000   
-0.230   -0.230   0.000   0.000   0.000   103.000   
-0.230   -0.230   0.000   0.000   0.000   103.000   
-0.230   -0.230   0.000   0.000   0.000   103.000   
-0.230   -0.230   0.000   0.000   0.000   102.000   
-0.230   -0.230   0.000   0.000   0.000   103.000   
-0.230   -0.230   0.000   0.000   0.000   105.000   
-0.230   -0.230   0.000   0.000   0.000   103.000   
-0.230   -0.230   0.000   0.000   0.000   102.000   
-0.230   -0.230   0.000   0.000   0.000   103.000   
-0.230   -0.230   0.000   0.000   0.000   102.000   
-0.230   -0.230   0.000   0.000   0.000   105.000   
-0.230   -0.230   0.000   0.000   0.000   103.000   
-0.230   -0.230   0.000   0.000   0.000   103.000   
-0.230   -0.230   0.000   0.000   0.000   102.000   
-0.230   -0.230   0.000   0.000   0.000   103.000   
-0.230   -0.230   0.000   0.000   0.000   102.000   
-0.230   -0.230   0.000   0.000   0.000   105.000   
-0.230   -0.230   0.000   0.000   0.000   102.000   
-0.230   -0.230   0.000   0.000   0.000   105.000   
-0.230   -0.230   0.000   0.000   0.000   103.000   
-0.230   -0.230   0.000   0.000   0.000   104.000   
-0.230   -0.230   0.000   0.000   0.000   104.000   
-0.230   -0.230   0.000   0.000   0.000   103.000   
-0.230   -0.230   0.000   0.000   0.000   103.000   
-0.230   -0.230   0.000   0.000   0.000   104.000   
-0.230   -0.230   0.000   0.000   0.000   103.000   
-0.230   -0.230   0.000   0.000   0.000   106.000   
-0.230   -0.230   0.000   0.000   0.000   108.000   
-0.230   -0.230   0.000   0.000   0.000   109.000   
-0.230   -0.230   0.000   0.000   0.000   108.000   
-0.230   -0.230   0.000   0.000   0.000   106.000   
-0.230   -0.230   0.000   0.000   0.000   109.000   
-0.230   -0.230   0.000   0.000   0.000   108.000   
-0.230   -0.230   0.000   0.000   0.000   106.000   
-0.230   -0.230   0.000   0.000   0.000   108.000   
-0.230   -0.230   0.000   0.000   0.000   109.000   
-0.230   -0.230   0.000   0.000   0.000   108.000   
-0.230   -0.230   0.000   0.000   0.000   109.000   
-0.230   -0.230   0.000   0.000   0.000   108.000   
-0.230   -0.230   0.000   0.000   0.000   109.000   
-0.230   -0.230   0.000   0.000   0.000   108.000   
-0.230   -0.230   0.000   0.000   0.000   108.000   
-0.230   -0.230   0.000   0.000   0.000   108.000   
-0.230   -0.230   0.000   0.000   0.000   109.000   
-0.230   -0.230   0.000   0.000   0.000   108.000   
-0.230   -0.230   0.000   0.000   0.000   108.000   
-0.230   -0.230   0.000   0.000   0.000   110.000   
-0.230   -0.230   0.000   0.000   0.000   109.000   
-0.230   -0.230   0.000   0.000   0.000   106.000   
-0.230   -0.230   0.000   0.000   0.000   109.000   
-0.230   -0.230   0.000   0.000   0.000   108.000   
-0.230   -0.230   0.000   0.000   0.000   108.000   
-0.230   -0.230   0.000   0.000   0.000   108.000   
-0.230   -0.230   0.000   0.000   0.000   108.000   
-0.230   -0.230   0.000   0.000   0.000   107.000   
-0.230   -0.230   0.000   0.000   0.000   108.000   
-0.230   -0.230   0.000   0.000   0.000   108.000   
-0.230   -0.230   0.000   0.000   0.000   108.000   
-0.230   -0.230   0.000   0.000   0.000   108.000   
-0.230   -0.230   0.000   0.000   0.000   106.000   
-0.230   -0.230   0.000   0.000   0.000   107.000   
-0.230   -0.230   0.000   0.000   0.000   106.000   
-0.230   -0.230   0.000   0.000   0.000   108.000   
-0.230   -0.230   0.000   0.000   0.000   108.000   
-0.230   -0.230   0.000   0.000   0.000   108.000   
-0.230   -0.230   0.000   0.000   0.000   107.000   
-0.230   -0.230   0.000   0.000   0.000   105.000   
-0.230   -0.230   0.000   0.000   0.000   109.000   
-0.230   -0.230   0.000   0.000   0.000   109.000   
-0.230   -0.230   0.000   0.000   0.000   106.000   
-0.230   -0.230   0.000   0.000   0.000   108.000   
-0.230   -0.230   0.000   0.000   0.000   108.000   
-0.230   -0.230   0.000   0.000   0.000   109.000   
-0.230   -0.230   0.000   0.000   0.000   109.000   
-0.230   -0.230   0.000   0.000   0.000   111.000   
-0.230   -0.230   0.000   0.000   0.000   108.000   
-0.230   -0.230   0.000   0.000   0.000   107.000   
-0.230   -0.230   0.000   0.000   0.000   109.000   
-0.230   -0.230   0.000   0.000   0.000   111.000   
-0.230   -0.230   0.000   0.000   0.000   108.000   
-0.230   -0.230   0.000   0.000   0.000   107.000   
-0.230   -0.230   0.000   0.000   0.000   109.000   
-0.230   -0.230   0.000   0.000   0.000   109.000   
-0.230   -0.230   0.000   0.000   0.000   109.000   
-0.230   -0.230   0.000   0.000   0.000   108.000   
-0.230   -0.230   0.000   0.000   0.000   109.000   
-0.230   -0.230   0.000   0.000   0.000   108.000   
-0.230   -0.230   0.000   0.000   0.000   108.000   
-0.230   -0.230   0.000   0.000   0.000   108.000   
-0.230   -0.230   0.000   0.000   0.000   107.000   
-0.230   -0.230   0.000   0.000   0.000   109.000   
-0.230   -0.230   0.000   0.000   0.000   108.000   
-0.230   -0.230   0.000   0.000   0.000   108.000   
-0.230   -0.230   0.000   0.000   0.000   108.000   
-0.230   -0.230   0.000   0.000   0.000   108.000   
-0.230   -0.230   0.000   0.000   0.000   106.000   
-0.230   -0.230   0.000   0.000   0.000   106.000   
-0.230   -0.230   0.000   0.000   0.000   107.000   
-0.230   -0.230   0.000   0.000   0.000   109.000   
-0.230   -0.230   0.000   0.000   0.000   106.000   
-0.230   -0.230   0.000   0.000   0.000   109.000   
-0.230   -0.230   0.000   0.000   0.000   108.000   
-0.230   -0.230   0.000   0.000   0.000   106.000   
-0.230   -0.230   0.000   0.000   0.000   107.000   
-0.230   -0.230   0.000   0.000   0.000   106.000   
-0.230   -0.230   0.000   0.000   0.000   109.000   
-0.230   -0.230   0.000   0.000   0.000   108.000   
-0.230   -0.230   0.000   0.000   0.000   108.000   
-0.230   -0.230   0.000   0.000   0.000   108.000   
-0.230   -0.230   0.000   0.000   0.000   109.000   
-0.230   -0.230   0.000   0.000   0.000   107.000   
-0.230   -0.230   0.000   0.000   0.000   109.000   
-0.230   -0.230   0.000   0.000   0.000   107.000   
-0.230   -0.230   0.000   0.000   0.000   109.000   
-0.230   -0.230   0.000   0.000   0.000   107.000   
-0.230   -0.230   0.000   0.000   0.000   111.000   
-0.230   -0.230   0.000   0.000   0.000   108.000   
-0.230   -0.230   0.000   0.000   0.000   106.000   
-0.230   -0.230   0.000   0.000   0.000   106.000   
-0.230   -0.230   0.000   0.000   0.000   109.000   
-0.230   -0.230   0.000   0.000   0.000   106.000   
-0.230   -0.230   0.000   0.000   0.000   109.000   
-0.230   -0.230   0.000   0.000   0.000   109.000   
-0.230   -0.230   0.000   0.000   0.000   108.000   
-0.230   -0.230   0.000   0.000   0.000   109.000   
-0.230   -0.230   0.000   0.000   0.000   108.000   
-0.230   -0.230   0.000   0.000   0.000   109.000   
-0.230   -0.230   0.000   0.000   0.000   108.000   
-0.230   -0.230   0.000   0.000   0.000   109.000   
-0.230   -0.230   0.000   0.000   0.000   109.000   
-0.230   -0.230   0.000   0.000   0.000   108.000   
-0.230   -0.230   0.000   0.000   0.000   108.000   
-0.230   -0.230   0.000   0.000   0.000   108.000   
-0.230   -0.230   0.000   0.000   0.000   109.000   
-0.230   -0.230   0.000   0.000   0.000   108.000   
-0.230   -0.230   0.000   0.000   0.000   108.000   
-0.230   -0.230   0.000   0.000   0.000   109.000   
-0.230   -0.230   0.000   0.000   0.000   111.000   
-0.230   -0.230   0.000   0.000   0.000   108.000   
-0.230   -0.230   0.000   0.000   0.000   109.000   
-0.230   -0.230   0.000   0.000   0.000   106.000   
-0.230   -0.230   0.000   0.000   0.000   109.000   
-0.230   -0.230   0.000   0.000   0.000   106.000   
-0.230   -0.230   0.000   0.000   0.000   108.000   
-0.230   -0.230   0.000   0.000   0.000   108.000   
-0.230   -0.230   0.000   0.000   0.000   107.000   
-0.230   -0.230   0.000   0.000   0.000   109.000   
-0.230   -0.230   0.000   0.000   0.000   106.000   
-0.230   -0.230   0.000   0.000   0.000   108.000   
-0.230   -0.230   0.000   0.000   0.000   114.000   
-0.230   -0.230   0.000   0.000   0.000   116.000   
-0.230   -0.230   0.000   0.000   0.000   112.000   
-0.230   -0.230   0.000   0.000   0.000   116.000   
-0.230   -0.230   0.000   0.000   0.000   114.000   
-0.230   -0.230   0.000   0.000   0.000   115.000   
-0.230   -0.230   0.000   0.000   0.000   115.000   
-0.230   -0.230   0.000   0.000   0.000   115.000   
-0.230   -0.230   0.000   0.000   0.000   113.000   
-0.230   -0.230   0.000   0.000   0.000   116.000   
-0.230   -0.230   0.000   0.000   0.000   116.000   
-0.230   -0.230   0.000   0.000   0.000   117.000   
-0.230   -0.230   0.000   0.000   0.000   114.000   
-0.230   -0.230   0.000   0.000   0.000   116.000   
-0.230   -0.230   0.000   0.000   0.000   117.000   
-0.230   -0.230   0.000   0.000   0.000   116.000   
-0.230   -0.230   0.000   0.000   0.000   117.000   
-0.230   -0.230   0.000   0.000   0.000   117.000   
-0.230   -0.230   0.000   0.000   0.000   116.000   
-0.230   -0.230   0.000   0.000   0.000   113.000   
-0.230   -0.230   0.000   0.000   0.000   117.000   
-0.230   -0.230   0.000   0.000   0.000   114.000   
-0.230   -0.230   0.000   0.000   0.000   117.000   
-0.230   -0.230   0.000   0.000   0.000   117.000   
-0.230   -0.230   0.000   0.000   0.000   117.000   
-0.230   -0.230   0.000   0.000   0.000   117.000   
-0.230   -0.230   0.000   0.000   0.000   118.000   
-0.230   -0.230   0.000   0.000   0.000   117.000   
-0.230   -0.230   0.000   0.000   0.000   117.000   
-0.230   -0.230   0.000   0.000   0.000   116.000   
-0.230   -0.230   0.000   0.000   0.000   115.000   
-0.230   -0.230   0.000   0.000   0.000   114.000   
-0.230   -0.230   0.000   0.000   0.000   115.000   
-0.230   -0.230   0.000   0.000   0.000   114.000   
-0.230   -0.230   0.000   0.000   0.000   116.000   
-0.230   -0.230   0.000   0.000   0.000   117.000   
-0.230   -0.230   0.000   0.000   0.000   116.000   
-0.230   -0.230   0.000   0.000   0.000   116.000   
-0.230   -0.230   0.000   0.000   0.000   116.000   
-0.230   -0.230   0.000   0.000   0.000   113.000   
-0.230   -0.230   0.000   0.000   0.000   115.000   
-0.230   -0.230   0.000   0.000   0.000   106.000   
-0.230   -0.230   0.000   0.000   0.000   106.000   
-0.230   -0.230   0.000   0.000   0.000   104.000   
-0.230   -0.230   0.000   0.000   0.000   107.000   
-0.230   -0.230   0.000   0.000   0.000   106.000   
-0.230   -0.230   0.000   0.000   0.000   106.000   
-0.230   -0.230   0.000   0.000   0.000   105.000   
-0.230   -0.230   0.000   0.000   0.000   108.000   
-0.230   -0.230   0.000   0.000   0.000   106.000   
-0.230   -0.230   0.000   0.000   0.000   106.000   
-0.230   -0.230   0.000   0.000   0.000   106.000   
-0.230   -0.230   0.000   0.000   0.000   105.000   
-0.230   -0.230   0.000   0.000   0.000   106.000   
-0.230   -0.230   0.000   0.000   0.000   105.000   
-0.230   -0.230   0.000   0.000   0.000   106.000   
-0.230   -0.230   0.000   0.000   0.000   106.000   
-0.230   -0.230   0.000   0.000   0.000   106.000   
-0.230   -0.230   0.000   0.000   0.000   105.000   
-0.230   -0.230   0.000   0.000   0.000   107.000   
-0.230   -0.230   0.000   0.000   0.000   106.000   
-0.230   -0.230   0.000   0.000   0.000   107.000   
-0.230   -0.230   0.000   0.000   0.000   106.000   
-0.230   -0.230   0.000   0.000   0.000   106.000   
-0.230   -0.230   0.000   0.000   0.000   107.000   
-0.230   -0.230   0.000   0.000   0.000   107.000   
-0.230   -0.230   0.000   0.000   0.000   106.000   
-0.230   -0.230   0.000   0.000   0.000   106.000   
-0.230   -0.230   0.000   0.000   0.000   106.000   
-0.230   -0.230   0.000   0.000   0.000   107.000   
-0.230   -0.230   0.000   0.000   0.000   107.000   
-0.230   -0.230   0.000   0.000   0.000   109.000   
-0.230   -0.230   0.000   0.000   0.000   105.000   
-0.230   -0.230   0.000   0.000   0.000   106.000   
-0.230   -0.230   0.000   0.000   0.000   106.000   
-0.230   -0.230   0.000   0.000   0.000   106.000   
-0.230   -0.230   0.000   0.000   0.000   106.000   
-0.230   -0.230   0.000   0.000   0.000   106.000   
-0.230   -0.230   0.000   0.000   0.000   106.000   
-0.230   -0.230   0.000   0.000   0.000   105.000   
-0.230   -0.230   0.000   0.000   0.000   106.000   
-0.230   -0.230   0.000   0.000   0.000   106.000   
-0.230   -0.230   0.000   0.000   0.000   104.000   
-0.230   -0.230   0.000   0.000   0.000   109.000   
-0.230   -0.230   0.000   0.000   0.000   107.000   
-0.230   -0.230   0.000   0.000   0.000   107.000   
-0.230   -0.230   0.000   0.000   0.000   105.000   
-0.230   -0.230   0.000   0.000   0.000   107.000   
-0.230   -0.230   0.000   0.000   0.000   105.000   
-0.230   -0.230   0.000   0.000   0.000   106.000   
-0.230   -0.230   0.000   0.000   0.000   106.000   
-0.230   -0.230   0.000   0.000   0.000   105.000   
-0.230   -0.230   0.000   0.000   0.000   106.000   
-0.230   -0.230   0.000   0.000   0.000   108.000   
-0.230   -0.230   0.000   0.000   0.000   105.000   
-0.230   -0.230   0.000   0.000   0.000   107.000   
-0.230   -0.230   0.000   0.000   0.000   108.000   
-0.230   -0.230   0.000   0.000   0.000   108.000   
-0.230   -0.230   0.000   0.000   0.000   109.000   
-0.230   -0.230   0.000   0.000   0.000   107.000   
-0.230   -0.230   0.000   0.000   0.000   106.000   
-0.230   -0.230   0.000   0.000   0.000   105.000   
-0.230   -0.230   0.000   0.000   0.000   107.000   
-0.230   -0.230   0.000   0.000   0.000   106.000   
-0.230   -0.230   0.000   0.000   0.000   107.000   
-0.230   -0.230   0.000   0.000   0.000   106.000   
-0.230   -0.230   0.000   0.000   0.000   107.000   
-0.230   -0.230   0.000   0.000   0.000   107.000   
-0.230   -0.230   0.000   0.000   0.000   108.000   
-0.230   -0.230   0.000   0.000   0.000   106.000   
-0.230   -0.230   0.000   0.000   0.000   106.000   
-0.230   -0.230   0.000   0.000   0.000   108.000   
-0.230   -0.230   0.000   0.000   0.000   107.000   
-0.230   -0.230   0.000   0.000   0.000   107.000   
-0.230   -0.230   0.000   0.000   0.000   108.000   
-0.230   -0.230   0.000   0.000   0.000   106.000   
-0.230   -0.230   0.000   0.000   0.000   108.000   
-0.230   -0.230   0.000   0.000   0.000   107.000   
-0.230   -0.230   0.000   0.000   0.000   108.000   
-0.230   -0.230   0.000   0.000   0.000   108.000   
-0.230   -0.230   0.000   0.000   0.000   107.000   
-0.230   -0.230   0.000   0.000   0.000   107.000   
-0.230   -0.230   0.000   0.000   0.000   107.000   
-0.230   -0.230   0.000   0.000   0.000   108.000   
-0.230   -0.230   0.000   0.000   0.000   107.000   
-0.230   -0.230   0.000   0.000   0.000   107.000   
-0.230   -0.230   0.000   0.000   0.000   105.000   
-0.230   -0.230   0.000   0.000   0.000   108.000   
-0.230   -0.230   0.000   0.000   0.000   108.000   
-0.230   -0.230   0.000   0.000   0.000   106.000   
-0.230   -0.230   0.000   0.000   0.000   107.000   
-0.230   -0.230   0.000   0.000   0.000   107.000   
-0.230   -0.230   0.000   0.000   0.000   107.000   
-0.230   -0.230   0.000   0.000   0.000   108.000   
-0.230   -0.230   0.000   0.000   0.000   106.000   
-0.230   -0.230   0.000   0.000   0.000   106.000   
-0.230   -0.230   0.000   0.000   0.000   106.000   
-0.230   -0.230   0.000   0.000   0.000   107.000   
-0.230   -0.230   0.000   0.000   0.000   105.000   
-0.230   -0.230   0.000   0.000   0.000   105.000   
-0.230   -0.230   0.000   0.000   0.000   105.000   
-0.230   -0.230   0.000   0.000   0.000   108.000   
-0.230   -0.230   0.000   0.000   0.000   106.000   
-0.230   -0.230   0.000   0.000   0.000   107.000   
-0.230   -0.230   0.000   0.000   0.000   107.000   
-0.230   -0.230   0.000   0.000   0.000   107.000   
-0.230   -0.230   0.000   0.000   0.000   106.000   
-0.230   -0.230   0.000   0.000   0.000   107.000   
-0.230   -0.230   0.000   0.000   0.000   107.000   
-0.230   -0.230   0.000   0.000   0.000   108.000   
-0.230   -0.230   0.000   0.000   0.000   107.000   
-0.230   -0.230   0.000   0.000   0.000   108.000   
-0.230   -0.230   0.000   0.000   0.000   109.000   
-0.230   -0.230   0.000   0.000   0.000   106.000   
-0.230   -0.230   0.000   0.000   0.000   108.000   
-0.230   -0.230   0.000   0.000   0.000   109.000   
-0.230   -0.230   0.000   0.000   0.000   108.000   
-0.230   -0.230   0.000   0.000   0.000   109.000   
-0.230   -0.230   0.000   0.000   0.000   108.000   
-0.230   -0.230   0.000   0.000   0.000   107.000   
-0.230   -0.230   0.000   0.000   0.000   108.000   
-0.230   -0.230   0.000   0.000   0.000   108.000   
-0.230   -0.230   0.000   0.000   0.000   107.000   
-0.230   -0.230   0.000   0.000   0.000   107.000   
-0.230   -0.230   0.000   0.000   0.000   102.000   
-0.230   -0.230   0.000   0.000   0.000   101.000   
-0.230   -0.230   0.000   0.000   0.000   103.000   
-0.230   -0.230   0.000   0.000   0.000   101.000   
-0.230   -0.230   0.000   0.000   0.000   99.000   
-0.230   -0.230   0.000   0.000   0.000   101.000   
-0.230   -0.230   0.000   0.000   0.000   102.000   
-0.230   -0.230   0.000   0.000   0.000   100.000   
-0.230   -0.230   0.000   0.000   0.000   100.000   
-0.230   -0.230   0.000   0.000   0.000   99.000   
-0.230   -0.230   0.000   0.000   0.000   99.000   
-0.230   -0.230   0.000   0.000   0.000   100.000   
-0.230   -0.230   0.000   0.000   0.000   101.000   
-0.230   -0.230   0.000   0.000   0.000   102.000   
-0.230   -0.230   0.000   0.000   0.000   102.000   
-0.230   -0.230   0.000   0.000   0.000   99.000   
-0.230   -0.230   0.000   0.000   0.000   100.000   
-0.230   -0.230   0.000   0.000   0.000   102.000   
-0.230   -0.230   0.000   0.000   0.000   100.000   
-0.230   -0.230   0.000   0.000   0.000   102.000   
-0.230   -0.230   0.000   0.000   0.000   102.000   
-0.230   -0.230   0.000   0.000   0.000   101.000   
-0.230   -0.230   0.000   0.000   0.000   101.000   
-0.230   -0.230   0.000   0.000   0.000   101.000   
-0.230   -0.230   0.000   0.000   0.000   102.000   
-0.230   -0.230   0.000   0.000   0.000   102.000   
-0.230   -0.230   0.000   0.000   0.000   102.000   
-0.230   -0.230   0.000   0.000   0.000   102.000   
-0.230   -0.230   0.000   0.000   0.000   102.000   
-0.230   -0.230   0.000   0.000   0.000   101.000   
-0.230   -0.230   0.000   0.000   0.000   102.000   
-0.230   -0.230   0.000   0.000   0.000   100.000   
-0.230   -0.230   0.000   0.000   0.000   102.000   
-0.230   -0.230   0.000   0.000   0.000   101.000   
-0.230   -0.230   0.000   0.000   0.000   102.000   
-0.230   -0.230   0.000   0.000   0.000   102.000   
-0.230   -0.230   0.000   0.000   0.000   102.000   
-0.230   -0.230   0.000   0.000   0.000   102.000   
-0.230   -0.230   0.000   0.000   0.000   102.000   
-0.230   -0.230   0.000   0.000   0.000   101.000   
-0.230   -0.230   0.000   0.000   0.000   101.000   
-0.230   -0.230   0.000   0.000   0.000   105.000   
-0.230   -0.230   0.000   0.000   0.000   106.000   
-0.230   -0.230   0.000   0.000   0.000   106.000   
-0.230   -0.230   0.000   0.000   0.000   106.000   
-0.230   -0.230   0.000   0.000   0.000   107.000   
-0.230   -0.230   0.000   0.000   0.000   105.000   
-0.230   -0.230   0.000   0.000   0.000   108.000   
-0.230   -0.230   0.000   0.000   0.000   107.000   
-0.230   -0.230   0.000   0.000   0.000   106.000   
-0.230   -0.230   0.000   0.000   0.000   106.000   
-0.230   -0.230   0.000   0.000   0.000   106.000   
-0.230   -0.230   0.000   0.000   0.000   108.000   
-0.230   -0.230   0.000   0.000   0.000   105.000   
-0.230   -0.230   0.000   0.000   0.000   105.000   
-0.230   -0.230   0.000   0.000   0.000   106.000   
-0.230   -0.230   0.000   0.000   0.000   105.000   
-0.230   -0.230   0.000   0.000   0.000   106.000   
-0.230   -0.230   0.000   0.000   0.000   105.000   
-0.230   -0.230   0.000   0.000   0.000   106.000   
-0.230   -0.230   0.000   0.000   0.000   106.000   
-0.230   -0.230   0.000   0.000   0.000   106.000   
-0.230   -0.230   0.000   0.000   0.000   106.000   
-0.230   -0.230   0.000   0.000   0.000   106.000   
-0.230   -0.230   0.000   0.000   0.000   106.000   
-0.230   -0.230   0.000   0.000   0.000   106.000   
-0.230   -0.230   0.000   0.000   0.000   103.000   
-0.230   -0.230   0.000   0.000   0.000   108.000   
-0.230   -0.230   0.000   0.000   0.000   106.000   
-0.230   -0.230   0.000   0.000   0.000   106.000   
-0.230   -0.230   0.000   0.000   0.000   106.000   
-0.230   -0.230   0.000   0.000   0.000   108.000   
-0.230   -0.230   0.000   0.000   0.000   107.000   
-0.230   -0.230   0.000   0.000   0.000   105.000   
-0.230   -0.230   0.000   0.000   0.000   107.000   
-0.230   -0.230   0.000   0.000   0.000   106.000   
-0.230   -0.230   0.000   0.000   0.000   105.000   
-0.230   -0.230   0.000   0.000   0.000   106.000   
-0.230   -0.230   0.000   0.000   0.000   106.000   
-0.230   -0.230   0.000   0.000   0.000   107.000   
-0.230   -0.230   0.000   0.000   0.000   105.000   
-0.230   -0.230   0.000   0.000   0.000   106.000   
-0.230   -0.230   0.000   0.000   0.000   107.000   
-0.230   -0.230   0.000   0.000   0.000   108.000   
-0.230   -0.230   0.000   0.000   0.000   108.000   
-0.230   -0.230   0.000   0.000   0.000   107.000   
-0.230   -0.230   0.000   0.000   0.000   109.000   
-0.230   -0.230   0.000   0.000   0.000   108.000   
-0.230   -0.230   0.000   0.000   0.000   106.000   
-0.230   -0.230   0.000   0.000   0.000   107.000   
-0.230   -0.230   0.000   0.000   0.000   105.000   
-0.230   -0.230   0.000   0.000   0.000   106.000   
-0.230   -0.230   0.000   0.000   0.000   106.000   
-0.230   -0.230   0.000   0.000   0.000   107.000   
-0.230   -0.230   0.000   0.000   0.000   105.000   
-0.230   -0.230   0.000   0.000   0.000   105.000   
-0.230   -0.230   0.000   0.000   0.000   106.000   
-0.230   -0.230   0.000   0.000   0.000   108.000   
-0.230   -0.230   0.000   0.000   0.000   108.000   
-0.230   -0.230   0.000   0.000   0.000   106.000   
-0.230   -0.230   0.000   0.000   0.000   106.000   
-0.230   -0.230   0.000   0.000   0.000   107.000   
-0.230   -0.230   0.000   0.000   0.000   106.000   
-0.230   -0.230   0.000   0.000   0.000   106.000   
-0.230   -0.230   0.000   0.000   0.000   106.000   
-0.230   -0.230   0.000   0.000   0.000   106.000   
-0.230   -0.230   0.000   0.000   0.000   108.000   
-0.230   -0.230   0.000   0.000   0.000   108.000   
-0.230   -0.230   0.000   0.000   0.000   108.000   
-0.230   -0.230   0.000   0.000   0.000   104.000   
-0.230   -0.230   0.000   0.000   0.000   106.000   
-0.230   -0.230   0.000   0.000   0.000   107.000   
-0.230   -0.230   0.000   0.000   0.000   108.000   
-0.230   -0.230   0.000   0.000   0.000   106.000   
-0.230   -0.230   0.000   0.000   0.000   105.000   
-0.230   -0.230   0.000   0.000   0.000   108.000   
-0.230   -0.230   0.000   0.000   0.000   106.000   
-0.230   -0.230   0.000   0.000   0.000   107.000   
-0.230   -0.230   0.000   0.000   0.000   108.000   
-0.230   -0.230   0.000   0.000   0.000   108.000   
-0.230   -0.230   0.000   0.000   0.000   108.000   
-0.230   -0.230   0.000   0.000   0.000   108.000   
-0.230   -0.230   0.000   0.000   0.000   108.000   
-0.230   -0.230   0.000   0.000   0.000   108.000   
-0.230   -0.230   0.000   0.000   0.000   108.000   
-0.230   -0.230   0.000   0.000   0.000   106.000   
-0.230   -0.230   0.000   0.000   0.000   106.000   
-0.230   -0.230   0.000   0.000   0.000   108.000   
-0.230   -0.230   0.000   0.000   0.000   109.000   
-0.230   -0.230   0.000   0.000   0.000   108.000   
-0.230   -0.230   0.000   0.000   0.000   108.000   
-0.230   -0.230   0.000   0.000   0.000   108.000   
-0.230   -0.230   0.000   0.000   0.000   108.000   
-0.230   -0.230   0.000   0.000   0.000   107.000   
-0.230   -0.230   0.000   0.000   0.000   108.000   
-0.230   -0.230   0.000   0.000   0.000   105.000   
-0.230   -0.230   0.000   0.000   0.000   108.000   
-0.230   -0.230   0.000   0.000   0.000   107.000   
-0.230   -0.230   0.000   0.000   0.000   108.000   
-0.230   -0.230   0.000   0.000   0.000   108.000   
-0.230   -0.230   0.000   0.000   0.000   109.000   
-0.230   -0.230   0.000   0.000   0.000   106.000   
-0.230   -0.230   0.000   0.000   0.000   107.000   
-0.230   -0.230   0.000   0.000   0.000   107.000   
-0.230   -0.230   0.000   0.000   0.000   107.000   
-0.230   -0.230   0.000   0.000   0.000   108.000   
-0.230   -0.230   0.000   0.000   0.000   107.000   
-0.230   -0.230   0.000   0.000   0.000   105.000   
-0.230   -0.230   0.000   0.000   0.000   105.000   
-0.230   -0.230   0.000   0.000   0.000   106.000   
-0.230   -0.230   0.000   0.000   0.000   106.000   
-0.230   -0.230   0.000   0.000   0.000   108.000   
-0.230   -0.230   0.000   0.000   0.000   105.000   
-0.230   -0.230   0.000   0.000   0.000   108.000   
-0.230   -0.230   0.000   0.000   0.000   106.000   
-0.230   -0.230   0.000   0.000   0.000   107.000   
-0.230   -0.230   0.000   0.000   0.000   108.000   
-0.230   -0.230   0.000   0.000   0.000   108.000   
-0.230   -0.230   0.000   0.000   0.000   108.000   
-0.230   -0.230   0.000   0.000   0.000   108.000   
-0.230   -0.230   0.000   0.000   0.000   109.000   
-0.230   -0.230   0.000   0.000   0.000   108.000   
-0.230   -0.230   0.000   0.000   0.000   106.000   
-0.230   -0.230   0.000   0.000   0.000   108.000   
-0.230   -0.230   0.000   0.000   0.000   113.000   
-0.230   -0.230   0.000   0.000   0.000   113.000   
-0.230   -0.230   0.000   0.000   0.000   113.000   
-0.230   -0.230   0.000   0.000   0.000   113.000   
-0.230   -0.230   0.000   0.000   0.000   115.000   
-0.230   -0.230   0.000   0.000   0.000   113.000   
-0.230   -0.230   0.000   0.000   0.000   112.000   
-0.230   -0.230   0.000   0.000   0.000   113.000   
-0.230   -0.230   0.000   0.000   0.000   111.000   
-0.230   -0.230   0.000   0.000   0.000   113.000   
-0.230   -0.230   0.000   0.000   0.000   112.000   
-0.230   -0.230   0.000   0.000   0.000   112.000   
-0.230   -0.230   0.000   0.000   0.000   113.000   
-0.230   -0.230   0.000   0.000   0.000   113.000   
-0.230   -0.230   0.000   0.000   0.000   112.000   
-0.230   -0.230   0.000   0.000   0.000   114.000   
-0.230   -0.230   0.000   0.000   0.000   112.000   
-0.230   -0.230   0.000   0.000   0.000   114.000   
-0.230   -0.230   0.000   0.000   0.000   113.000   
-0.230   -0.230   0.000   0.000   0.000   110.000   
-0.230   -0.230   0.000   0.000   0.000   112.000   
-0.230   -0.230   0.000   0.000   0.000   111.000   
-0.230   -0.230   0.000   0.000   0.000   113.000   
-0.230   -0.230   0.000   0.000   0.000   111.000   
-0.230   -0.230   0.000   0.000   0.000   113.000   
-0.230   -0.230   0.000   0.000   0.000   111.000   
-0.230   -0.230   0.000   0.000   0.000   113.000   
-0.230   -0.230   0.000   0.000   0.000   110.000   
-0.230   -0.230   0.000   0.000   0.000   112.000   
-0.230   -0.230   0.000   0.000   0.000   112.000   
-0.230   -0.230   0.000   0.000   0.000   114.000   
-0.230   -0.230   0.000   0.000   0.000   113.000   
-0.230   -0.230   0.000   0.000   0.000   113.000   
-0.230   -0.230   0.000   0.000   0.000   112.000   
-0.230   -0.230   0.000   0.000   0.000   111.000   
-0.230   -0.230   0.000   0.000   0.000   113.000   
-0.230   -0.230   0.000   0.000   0.000   113.000   
-0.230   -0.230   0.000   0.000   0.000   114.000   
-0.230   -0.230   0.000   0.000   0.000   113.000   
-0.230   -0.230   0.000   0.000   0.000   113.000   
-0.230   -0.230   0.000   0.000   0.000   106.000   
-0.230   -0.230   0.000   0.000   0.000   106.000   
-0.230   -0.230   0.000   0.000   0.000   106.000   
-0.230   -0.230   0.000   0.000   0.000   105.000   
-0.230   -0.230   0.000   0.000   0.000   106.000   
-0.230   -0.230   0.000   0.000   0.000   107.000   
-0.230   -0.230   0.000   0.000   0.000   106.000   
-0.230   -0.230   0.000   0.000   0.000   106.000   
-0.230   -0.230   0.000   0.000   0.000   106.000   
-0.230   -0.230   0.000   0.000   0.000   107.000   
-0.230   -0.230   0.000   0.000   0.000   107.000   
-0.230   -0.230   0.000   0.000   0.000   106.000   
-0.230   -0.230   0.000   0.000   0.000   105.000   
-0.230   -0.230   0.000   0.000   0.000   105.000   
-0.230   -0.230   0.000   0.000   0.000   103.000   
-0.230   -0.230   0.000   0.000   0.000   106.000   
-0.230   -0.230   0.000   0.000   0.000   104.000   
-0.230   -0.230   0.000   0.000   0.000   106.000   
-0.230   -0.230   0.000   0.000   0.000   105.000   
-0.230   -0.230   0.000   0.000   0.000   105.000   
-0.230   -0.230   0.000   0.000   0.000   104.000   
-0.230   -0.230   0.000   0.000   0.000   104.000   
-0.230   -0.230   0.000   0.000   0.000   106.000   
-0.230   -0.230   0.000   0.000   0.000   104.000   
-0.230   -0.230   0.000   0.000   0.000   106.000   
-0.230   -0.230   0.000   0.000   0.000   102.000   
-0.230   -0.230   0.000   0.000   0.000   104.000   
-0.230   -0.230   0.000   0.000   0.000   105.000   
-0.230   -0.230   0.000   0.000   0.000   105.000   
-0.230   -0.230   0.000   0.000   0.000   104.000   
-0.230   -0.230   0.000   0.000   0.000   106.000   
-0.230   -0.230   0.000   0.000   0.000   106.000   
-0.230   -0.230   0.000   0.000   0.000   106.000   
-0.230   -0.230   0.000   0.000   0.000   106.000   
-0.230   -0.230   0.000   0.000   0.000   105.000   
-0.230   -0.230   0.000   0.000   0.000   104.000   
-0.230   -0.230   0.000   0.000   0.000   105.000   
-0.230   -0.230   0.000   0.000   0.000   104.000   
-0.230   -0.230   0.000   0.000   0.000   106.000   
-0.230   -0.230   0.000   0.000   0.000   107.000   
-0.230   -0.230   0.000   0.000   0.000   105.000   
-0.230   -0.230   0.000   0.000   0.000   106.000   
-0.230   -0.230   0.000   0.000   0.000   105.000   
-0.230   -0.230   0.000   0.000   0.000   108.000   
-0.230   -0.230   0.000   0.000   0.000   106.000   
-0.230   -0.230   0.000   0.000   0.000   106.000   
-0.230   -0.230   0.000   0.000   0.000   106.000   
-0.230   -0.230   0.000   0.000   0.000   106.000   
-0.230   -0.230   0.000   0.000   0.000   106.000   
-0.230   -0.230   0.000   0.000   0.000   107.000   
-0.230   -0.230   0.000   0.000   0.000   105.000   
-0.230   -0.230   0.000   0.000   0.000   105.000   
-0.230   -0.230   0.000   0.000   0.000   108.000   
-0.230   -0.230   0.000   0.000   0.000   107.000   
-0.230   -0.230   0.000   0.000   0.000   106.000   
-0.230   -0.230   0.000   0.000   0.000   105.000   
-0.230   -0.230   0.000   0.000   0.000   107.000   
-0.230   -0.230   0.000   0.000   0.000   105.000   
-0.230   -0.230   0.000   0.000   0.000   106.000   
-0.230   -0.230   0.000   0.000   0.000   107.000   
-0.230   -0.230   0.000   0.000   0.000   107.000   
-0.230   -0.230   0.000   0.000   0.000   103.000   
-0.230   -0.230   0.000   0.000   0.000   107.000   
-0.230   -0.230   0.000   0.000   0.000   105.000   
-0.230   -0.230   0.000   0.000   0.000   106.000   
-0.230   -0.230   0.000   0.000   0.000   105.000   
-0.230   -0.230   0.000   0.000   0.000   106.000   
-0.230   -0.230   0.000   0.000   0.000   106.000   
-0.230   -0.230   0.000   0.000   0.000   106.000   
-0.230   -0.230   0.000   0.000   0.000   104.000   
-0.230   -0.230   0.000   0.000   0.000   105.000   
-0.230   -0.230   0.000   0.000   0.000   106.000   
-0.230   -0.230   0.000   0.000   0.000   104.000   
-0.230   -0.230   0.000   0.000   0.000   106.000   
-0.230   -0.230   0.000   0.000   0.000   108.000   
-0.230   -0.230   0.000   0.000   0.000   106.000   
-0.230   -0.230   0.000   0.000   0.000   105.000   
-0.230   -0.230   0.000   0.000   0.000   106.000   
-0.230   -0.230   0.000   0.000   0.000   105.000   
-0.230   -0.230   0.000   0.000   0.000   106.000   
-0.230   -0.230   0.000   0.000   0.000   105.000   
-0.230   -0.230   0.000   0.000   0.000   106.000   
-0.230   -0.230   0.000   0.000   0.000   105.000   
-0.230   -0.230   0.000   0.000   0.000   106.000   
-0.230   -0.230   0.000   0.000   0.000   106.000   
-0.230   -0.230   0.000   0.000   0.000   106.000   
-0.230   -0.230   0.000   0.000   0.000   108.000   
-0.230   -0.230   0.000   0.000   0.000   105.000   
-0.230   -0.230   0.000   0.000   0.000   106.000   
-0.230   -0.230   0.000   0.000   0.000   108.000   
-0.230   -0.230   0.000   0.000   0.000   107.000   
-0.230   -0.230   0.000   0.000   0.000   106.000   
-0.230   -0.230   0.000   0.000   0.000   108.000   
-0.230   -0.230   0.000   0.000   0.000   105.000   
-0.230   -0.230   0.000   0.000   0.000   108.000   
-0.230   -0.230   0.000   0.000   0.000   107.000   
-0.230   -0.230   0.000   0.000   0.000   108.000   
-0.230   -0.230   0.000   0.000   0.000   105.000   
-0.230   -0.230   0.000   0.000   0.000   105.000   
-0.230   -0.230   0.000   0.000   0.000   107.000   
-0.230   -0.230   0.000   0.000   0.000   107.000   
-0.230   -0.230   0.000   0.000   0.000   106.000   
-0.230   -0.230   0.000   0.000   0.000   106.000   
-0.230   -0.230   0.000   0.000   0.000   107.000   
-0.230   -0.230   0.000   0.000   0.000   106.000   
-0.230   -0.230   0.000   0.000   0.000   108.000   
-0.230   -0.230   0.000   0.000   0.000   107.000   
-0.230   -0.230   0.000   0.000   0.000   106.000   
-0.230   -0.230   0.000   0.000   0.000   106.000   
-0.230   -0.230   0.000   0.000   0.000   106.000   
-0.230   -0.230   0.000   0.000   0.000   106.000   
-0.230   -0.230   0.000   0.000   0.000   105.000   
-0.230   -0.230   0.000   0.000   0.000   105.000   
-0.230   -0.230   0.000   0.000   0.000   106.000   
-0.230   -0.230   0.000   0.000   0.000   107.000   
-0.230   -0.230   0.000   0.000   0.000   105.000   
-0.230   -0.230   0.000   0.000   0.000   105.000   
-0.230   -0.230   0.000   0.000   0.000   107.000   
-0.230   -0.230   0.000   0.000   0.000   107.000   
-0.230   -0.230   0.000   0.000   0.000   108.000   
-0.230   -0.230   0.000   0.000   0.000   108.000   
-0.230   -0.230   0.000   0.000   0.000   107.000   
-0.230   -0.230   0.000   0.000   0.000   108.000   
-0.230   -0.230   0.000   0.000   0.000   106.000   
-0.230   -0.230   0.000   0.000   0.000   100.000   
-0.230   -0.230   0.000   0.000   0.000   98.000   
-0.230   -0.230   0.000   0.000   0.000   99.000   
-0.230   -0.230   0.000   0.000   0.000   99.000   
-0.230   -0.230   0.000   0.000   0.000   101.000   
-0.230   -0.230   0.000   0.000   0.000   99.000   
-0.230   -0.230   0.000   0.000   0.000   99.000   
-0.230   -0.230   0.000   0.000   0.000   101.000   
-0.230   -0.230   0.000   0.000   0.000   99.000   
-0.230   -0.230   0.000   0.000   0.000   98.000   
-0.230   -0.230   0.000   0.000   0.000   99.000   
-0.230   -0.230   0.000   0.000   0.000   100.000   
-0.230   -0.230   0.000   0.000   0.000   100.000   
-0.230   -0.230   0.000   0.000   0.000   100.000   
-0.230   -0.230   0.000   0.000   0.000   100.000   
-0.230   -0.230   0.000   0.000   0.000   101.000   
-0.230   -0.230   0.000   0.000   0.000   99.000   
-0.230   -0.230   0.000   0.000   0.000   99.000   
-0.230   -0.230   0.000   0.000   0.000   100.000   
-0.230   -0.230   0.000   0.000   0.000   99.000   
-0.230   -0.230   0.000   0.000   0.000   100.000   
-0.230   -0.230   0.000   0.000   0.000   99.000   
-0.230   -0.230   0.000   0.000   0.000   100.000   
-0.230   -0.230   0.000   0.000   0.000   99.000   
-0.230   -0.230   0.000   0.000   0.000   100.000   
-0.230   -0.230   0.000   0.000   0.000   97.000   
-0.230   -0.230   0.000   0.000   0.000   99.000   
-0.230   -0.230   0.000   0.000   0.000   100.000   
-0.230   -0.230   0.000   0.000   0.000   99.000   
-0.230   -0.230   0.000   0.000   0.000   98.000   
-0.230   -0.230   0.000   0.000   0.000   98.000   
-0.230   -0.230   0.000   0.000   0.000   99.000   
-0.230   -0.230   0.000   0.000   0.000   99.000   
-0.230   -0.230   0.000   0.000   0.000   100.000   
-0.230   -0.230   0.000   0.000   0.000   97.000   
-0.230   -0.230   0.000   0.000   0.000   100.000   
-0.230   -0.230   0.000   0.000   0.000   99.000   
-0.230   -0.230   0.000   0.000   0.000   101.000   
-0.230   -0.230   0.000   0.000   0.000   98.000   
-0.230   -0.230   0.000   0.000   0.000   98.000   
-0.230   -0.230   0.000   0.000   0.000   105.000   
-0.230   -0.230   0.000   0.000   0.000   103.000   
-0.230   -0.230   0.000   0.000   0.000   106.000   
-0.230   -0.230   0.000   0.000   0.000   105.000   
-0.230   -0.230   0.000   0.000   0.000   108.000   
-0.230   -0.230   0.000   0.000   0.000   107.000   
-0.230   -0.230   0.000   0.000   0.000   107.000   
-0.230   -0.230   0.000   0.000   0.000   105.000   
-0.230   -0.230   0.000   0.000   0.000   105.000   
-0.230   -0.230   0.000   0.000   0.000   105.000   
-0.230   -0.230   0.000   0.000   0.000   106.000   
-0.230   -0.230   0.000   0.000   0.000   105.000   
-0.230   -0.230   0.000   0.000   0.000   107.000   
-0.230   -0.230   0.000   0.000   0.000   105.000   
-0.230   -0.230   0.000   0.000   0.000   103.000   
-0.230   -0.230   0.000   0.000   0.000   106.000   
-0.230   -0.230   0.000   0.000   0.000   105.000   
-0.230   -0.230   0.000   0.000   0.000   106.000   
-0.230   -0.230   0.000   0.000   0.000   107.000   
-0.230   -0.230   0.000   0.000   0.000   105.000   
-0.230   -0.230   0.000   0.000   0.000   105.000   
-0.230   -0.230   0.000   0.000   0.000   106.000   
-0.230   -0.230   0.000   0.000   0.000   105.000   
-0.230   -0.230   0.000   0.000   0.000   106.000   
-0.230   -0.230   0.000   0.000   0.000   106.000   
-0.230   -0.230   0.000   0.000   0.000   105.000   
-0.230   -0.230   0.000   0.000   0.000   106.000   
-0.230   -0.230   0.000   0.000   0.000   105.000   
-0.230   -0.230   0.000   0.000   0.000   106.000   
-0.230   -0.230   0.000   0.000   0.000   104.000   
-0.230   -0.230   0.000   0.000   0.000   107.000   
-0.230   -0.230   0.000   0.000   0.000   106.000   
-0.230   -0.230   0.000   0.000   0.000   105.000   
-0.230   -0.230   0.000   0.000   0.000   103.000   
-0.230   -0.230   0.000   0.000   0.000   105.000   
-0.230   -0.230   0.000   0.000   0.000   106.000   
-0.230   -0.230   0.000   0.000   0.000   106.000   
-0.230   -0.230   0.000   0.000   0.000   105.000   
-0.230   -0.230   0.000   0.000   0.000   106.000   
-0.230   -0.230   0.000   0.000   0.000   106.000   
-0.230   -0.230   0.000   0.000   0.000   105.000   
-0.230   -0.230   0.000   0.000   0.000   103.000   
-0.230   -0.230   0.000   0.000   0.000   105.000   
-0.230   -0.230   0.000   0.000   0.000   106.000   
-0.230   -0.230   0.000   0.000   0.000   105.000   
-0.230   -0.230   0.000   0.000   0.000   107.000   
-0.230   -0.230   0.000   0.000   0.000   105.000   
-0.230   -0.230   0.000   0.000   0.000   105.000   
-0.230   -0.230   0.000   0.000   0.000   107.000   
-0.230   -0.230   0.000   0.000   0.000   109.000   
-0.230   -0.230   0.000   0.000   0.000   108.000   
-0.230   -0.230   0.000   0.000   0.000   108.000   
-0.230   -0.230   0.000   0.000   0.000   106.000   
-0.230   -0.230   0.000   0.000   0.000   106.000   
-0.230   -0.230   0.000   0.000   0.000   105.000   
-0.230   -0.230   0.000   0.000   0.000   108.000   
-0.230   -0.230   0.000   0.000   0.000   108.000   
-0.230   -0.230   0.000   0.000   0.000   106.000   
-0.230   -0.230   0.000   0.000   0.000   106.000   
-0.230   -0.230   0.000   0.000   0.000   108.000   
-0.230   -0.230   0.000   0.000   0.000   108.000   
-0.230   -0.230   0.000   0.000   0.000   107.000   
-0.230   -0.230   0.000   0.000   0.000   106.000   
-0.230   -0.230   0.000   0.000   0.000   106.000   
-0.230   -0.230   0.000   0.000   0.000   108.000   
-0.230   -0.230   0.000   0.000   0.000   106.000   
-0.230   -0.230   0.000   0.000   0.000   106.000   
-0.230   -0.230   0.000   0.000   0.000   108.000   
-0.230   -0.230   0.000   0.000   0.000   107.000   
-0.230   -0.230   0.000   0.000   0.000   107.000   
-0.230   -0.230   0.000   0.000   0.000   106.000   
-0.230   -0.230   0.000   0.000   0.000   106.000   
-0.230   -0.230   0.000   0.000   0.000   106.000   
-0.230   -0.230   0.000   0.000   0.000   106.000   
-0.230   -0.230   0.000   0.000   0.000   105.000   
-0.230   -0.230   0.000   0.000   0.000   106.000   
-0.230   -0.230   0.000   0.000   0.000   106.000   
-0.230   -0.230   0.000   0.000   0.000   107.000   
-0.230   -0.230   0.000   0.000   0.000   105.000   
-0.230   -0.230   0.000   0.000   0.000   106.000   
-0.230   -0.230   0.000   0.000   0.000   105.000   
-0.230   -0.230   0.000   0.000   0.000   106.000   
-0.230   -0.230   0.000   0.000   0.000   107.000   
-0.230   -0.230   0.000   0.000   0.000   106.000   
-0.230   -0.230   0.000   0.000   0.000   106.000   
-0.230   -0.230   0.000   0.000   0.000   108.000   
-0.230   -0.230   0.000   0.000   0.000   106.000   
-0.230   -0.230   0.000   0.000   0.000   106.000   
-0.230   -0.230   0.000   0.000   0.000   107.000   
-0.230   -0.230   0.000   0.000   0.000   105.000   
-0.230   -0.230   0.000   0.000   0.000   105.000   
-0.230   -0.230   0.000   0.000   0.000   107.000   
-0.230   -0.230   0.000   0.000   0.000   107.000   
-0.230   -0.230   0.000   0.000   0.000   105.000   
-0.230   -0.230   0.000   0.000   0.000   107.000   
-0.230   -0.230   0.000   0.000   0.000   105.000   
-0.230   -0.230   0.000   0.000   0.000   108.000   
-0.230   -0.230   0.000   0.000   0.000   108.000   
-0.230   -0.230   0.000   0.000   0.000   107.000   
-0.230   -0.230   0.000   0.000   0.000   107.000   
-0.230   -0.230   0.000   0.000   0.000   108.000   
-0.230   -0.230   0.000   0.000   0.000   108.000   
-0.230   -0.230   0.000   0.000   0.000   106.000   
-0.230   -0.230   0.000   0.000   0.000   109.000   
-0.230   -0.230   0.000   0.000   0.000   108.000   
-0.230   -0.230   0.000   0.000   0.000   108.000   
-0.230   -0.230   0.000   0.000   0.000   106.000   
-0.230   -0.230   0.000   0.000   0.000   109.000   
-0.230   -0.230   0.000   0.000   0.000   105.000   
-0.230   -0.230   0.000   0.000   0.000   108.000   
-0.230   -0.230   0.000   0.000   0.000   107.000   
-0.230   -0.230   0.000   0.000   0.000   108.000   
-0.230   -0.230   0.000   0.000   0.000   105.000   
-0.230   -0.230   0.000   0.000   0.000   108.000   
-0.230   -0.230   0.000   0.000   0.000   108.000   
-0.230   -0.230   0.000   0.000   0.000   103.000   
-0.230   -0.230   0.000   0.000   0.000   106.000   
-0.230   -0.230   0.000   0.000   0.000   107.000   
-0.230   -0.230   0.000   0.000   0.000   105.000   
-0.230   -0.230   0.000   0.000   0.000   109.000   
-0.230   -0.230   0.000   0.000   0.000   106.000   
-0.230   -0.230   0.000   0.000   0.000   105.000   
-0.230   -0.230   0.000   0.000   0.000   106.000   
-0.230   -0.230   0.000   0.000   0.000   105.000   
-0.230   -0.230   0.000   0.000   0.000   111.000   
-0.230   -0.230   0.000   0.000   0.000   111.000   
-0.230   -0.230   0.000   0.000   0.000   109.000   
-0.230   -0.230   0.000   0.000   0.000   111.000   
-0.230   -0.230   0.000   0.000   0.000   109.000   
-0.230   -0.230   0.000   0.000   0.000   111.000   
-0.230   -0.230   0.000   0.000   0.000   111.000   
-0.230   -0.230   0.000   0.000   0.000   111.000   
-0.230   -0.230   0.000   0.000   0.000   111.000   
-0.230   -0.230   0.000   0.000   0.000   112.000   
-0.230   -0.230   0.000   0.000   0.000   111.000   
-0.230   -0.230   0.000   0.000   0.000   111.000   
-0.230   -0.230   0.000   0.000   0.000   109.000   
-0.230   -0.230   0.000   0.000   0.000   111.000   
-0.230   -0.230   0.000   0.000   0.000   110.000   
-0.230   -0.230   0.000   0.000   0.000   111.000   
-0.230   -0.230   0.000   0.000   0.000   111.000   
-0.230   -0.230   0.000   0.000   0.000   112.000   
-0.230   -0.230   0.000   0.000   0.000   113.000   
-0.230   -0.230   0.000   0.000   0.000   112.000   
-0.230   -0.230   0.000   0.000   0.000   112.000   
-0.230   -0.230   0.000   0.000   0.000   112.000   
-0.230   -0.230   0.000   0.000   0.000   112.000   
-0.230   -0.230   0.000   0.000   0.000   111.000   
-0.230   -0.230   0.000   0.000   0.000   113.000   
-0.230   -0.230   0.000   0.000   0.000   111.000   
-0.230   -0.230   0.000   0.000   0.000   112.000   
-0.230   -0.230   0.000   0.000   0.000   112.000   
-0.230   -0.230   0.000   0.000   0.000   111.000   
-0.230   -0.230   0.000   0.000   0.000   111.000   
-0.230   -0.230   0.000   0.000   0.000   113.000   
-0.230   -0.230   0.000   0.000   0.000   112.000   
-0.230   -0.230   0.000   0.000   0.000   111.000   
-0.230   -0.230   0.000   0.000   0.000   111.000   
-0.230   -0.230   0.000   0.000   0.000   109.000   
-0.230   -0.230   0.000   0.000   0.000   111.000   
-0.230   -0.230   0.000   0.000   0.000   111.000   
-0.230   -0.230   0.000   0.000   0.000   111.000   
-0.230   -0.230   0.000   0.000   0.000   111.000   
-0.230   -0.230   0.000   0.000   0.000   111.000   
-0.230   -0.230   0.000   0.000   0.000   109.000   
-0.230   -0.230   0.000   0.000   0.000   105.000   
-0.230   -0.230   0.000   0.000   0.000   105.000   
-0.230   -0.230   0.000   0.000   0.000   102.000   
-0.230   -0.230   0.000   0.000   0.000   104.000   
-0.230   -0.230   0.000   0.000   0.000   104.000   
-0.230   -0.230   0.000   0.000   0.000   104.000   
-0.230   -0.230   0.000   0.000   0.000   102.000   
-0.230   -0.230   0.000   0.000   0.000   103.000   
-0.230   -0.230   0.000   0.000   0.000   104.000   
-0.230   -0.230   0.000   0.000   0.000   105.000   
-0.230   -0.230   0.000   0.000   0.000   105.000   
-0.230   -0.230   0.000   0.000   0.000   107.000   
-0.230   -0.230   0.000   0.000   0.000   104.000   
-0.230   -0.230   0.000   0.000   0.000   106.000   
-0.230   -0.230   0.000   0.000   0.000   106.000   
-0.230   -0.230   0.000   0.000   0.000   106.000   
-0.230   -0.230   0.000   0.000   0.000   105.000   
-0.230   -0.230   0.000   0.000   0.000   104.000   
-0.230   -0.230   0.000   0.000   0.000   105.000   
-0.230   -0.230   0.000   0.000   0.000   106.000   
-0.230   -0.230   0.000   0.000   0.000   106.000   
-0.230   -0.230   0.000   0.000   0.000   106.000   
-0.230   -0.230   0.000   0.000   0.000   106.000   
-0.230   -0.230   0.000   0.000   0.000   105.000   
-0.230   -0.230   0.000   0.000   0.000   105.000   
-0.230   -0.230   0.000   0.000   0.000   105.000   
-0.230   -0.230   0.000   0.000   0.000   105.000   
-0.230   -0.230   0.000   0.000   0.000   103.000   
-0.230   -0.230   0.000   0.000   0.000   106.000   
-0.230   -0.230   0.000   0.000   0.000   106.000   
-0.230   -0.230   0.000   0.000   0.000   106.000   
-0.230   -0.230   0.000   0.000   0.000   104.000   
-0.230   -0.230   0.000   0.000   0.000   105.000   
-0.230   -0.230   0.000   0.000   0.000   104.000   
-0.230   -0.230   0.000   0.000   0.000   105.000   
-0.230   -0.230   0.000   0.000   0.000   106.000   
-0.230   -0.230   0.000   0.000   0.000   105.000   
-0.230   -0.230   0.000   0.000   0.000   105.000   
-0.230   -0.230   0.000   0.000   0.000   103.000   
-0.230   -0.230   0.000   0.000   0.000   106.000   
-0.230   -0.230   0.000   0.000   0.000   104.000   
-0.230   -0.230   0.000   0.000   0.000   105.000   
-0.230   -0.230   0.000   0.000   0.000   106.000   
-0.230   -0.230   0.000   0.000   0.000   104.000   
-0.230   -0.230   0.000   0.000   0.000   105.000   
-0.230   -0.230   0.000   0.000   0.000   108.000   
-0.230   -0.230   0.000   0.000   0.000   108.000   
-0.230   -0.230   0.000   0.000   0.000   105.000   
-0.230   -0.230   0.000   0.000   0.000   105.000   
-0.230   -0.230   0.000   0.000   0.000   105.000   
-0.230   -0.230   0.000   0.000   0.000   105.000   
-0.230   -0.230   0.000   0.000   0.000   102.000   
-0.230   -0.230   0.000   0.000   0.000   106.000   
-0.230   -0.230   0.000   0.000   0.000   105.000   
-0.230   -0.230   0.000   0.000   0.000   104.000   
-0.230   -0.230   0.000   0.000   0.000   104.000   
-0.230   -0.230   0.000   0.000   0.000   106.000   
-0.230   -0.230   0.000   0.000   0.000   104.000   
-0.230   -0.230   0.000   0.000   0.000   105.000   
-0.230   -0.230   0.000   0.000   0.000   105.000   
-0.230   -0.230   0.000   0.000   0.000   106.000   
-0.230   -0.230   0.000   0.000   0.000   106.000   
-0.230   -0.230   0.000   0.000   0.000   106.000   
-0.230   -0.230   0.000   0.000   0.000   105.000   
-0.230   -0.230   0.000   0.000   0.000   107.000   
-0.230   -0.230   0.000   0.000   0.000   106.000   
-0.230   -0.230   0.000   0.000   0.000   105.000   
-0.230   -0.230   0.000   0.000   0.000   106.000   
-0.230   -0.230   0.000   0.000   0.000   107.000   
-0.230   -0.230   0.000   0.000   0.000   107.000   
-0.230   -0.230   0.000   0.000   0.000   106.000   
-0.230   -0.230   0.000   0.000   0.000   106.000   
-0.230   -0.230   0.000   0.000   0.000   106.000   
-0.230   -0.230   0.000   0.000   0.000   106.000   
-0.230   -0.230   0.000   0.000   0.000   105.000   
-0.230   -0.230   0.000   0.000   0.000   106.000   
-0.230   -0.230   0.000   0.000   0.000   105.000   
-0.230   -0.230   0.000   0.000   0.000   104.000   
-0.230   -0.230   0.000   0.000   0.000   105.000   
-0.230   -0.230   0.000   0.000   0.000   105.000   
-0.230   -0.230   0.000   0.000   0.000   107.000   
-0.230   -0.230   0.000   0.000   0.000   105.000   
-0.230   -0.230   0.000   0.000   0.000   107.000   
-0.230   -0.230   0.000   0.000   0.000   108.000   
-0.230   -0.230   0.000   0.000   0.000   109.000   
-0.230   -0.230   0.000   0.000   0.000   105.000   
-0.230   -0.230   0.000   0.000   0.000   105.000   
-0.230   -0.230   0.000   0.000   0.000   105.000   
-0.230   -0.230   0.000   0.000   0.000   108.000   
-0.230   -0.230   0.000   0.000   0.000   106.000   
-0.230   -0.230   0.000   0.000   0.000   105.000   
-0.230   -0.230   0.000   0.000   0.000   105.000   
-0.230   -0.230   0.000   0.000   0.000   106.000   
-0.230   -0.230   0.000   0.000   0.000   105.000   
-0.225   -0.230   0.001   1.875   0.000   107.000   
-0.215   -0.230   0.003   6.250   0.000   108.000   
-0.155   -0.230   0.019   14.060   0.490   -224.000   
-0.085   -0.225   0.055   19.270   0.255   -7.000   
0.000   -0.200   0.132   24.475   3.140   -570.000   
0.170   -0.160   0.195   32.290   7.730   -458.000   
0.310   -0.105   0.270   37.495   12.890   -2868.000   
0.550   0.020   0.378   41.560   22.190   -2817.000   
0.715   0.150   0.423   41.665   32.565   -1143.000   
0.965   0.385   0.461   41.665   38.825   -1375.000   
1.135   0.570   0.462   41.665   42.965   -525.000   
1.385   0.840   0.453   41.665   45.850   -1038.000   
1.550   1.020   0.441   41.665   45.105   -875.000   
1.715   1.285   0.427   41.665   43.610   -1032.000   
1.965   1.455   0.424   41.665   44.340   -236.000   
2.135   1.625   0.420   41.665   42.005   -190.000   
2.385   1.875   0.420   41.665   41.570   -730.000   
2.550   2.045   0.419   41.665   42.120   -345.000   
2.800   2.295   0.417   41.665   41.730   -405.000   
2.965   2.460   0.417   41.665   42.080   -381.000   
3.215   2.710   0.416   41.665   41.750   -295.000   
3.385   2.880   0.417   41.665   41.495   -532.000   
3.550   3.130   0.418   41.665   41.690   -514.000   
3.800   3.295   0.417   41.665   41.535   -552.000   
3.965   3.460   0.417   41.665   41.750   -602.000   
4.215   3.710   0.416   41.665   41.865   -385.000   
4.385   3.880   0.416   41.665   41.750   -431.000   
4.635   4.130   0.416   41.665   41.845   -358.000   
4.800   4.295   0.415   41.665   41.630   -386.000   
5.050   4.545   0.416   41.665   41.395   -541.000   
5.215   4.710   0.417   41.665   41.630   -426.000   
5.385   4.880   0.418   41.665   41.415   -647.000   
5.635   5.130   0.418   41.665   41.710   -567.000   
5.800   5.295   0.417   41.665   41.590   -500.000   
6.050   5.545   0.416   41.665   41.790   -518.000   
6.215   5.715   0.416   41.665   41.885   -331.000   
6.465   5.965   0.415   41.665   41.670   -458.000   
6.635   6.130   0.416   41.665   41.730   -394.000   
6.800   6.380   0.416   41.665   41.630   -420.000   
7.050   6.545   0.417   41.665   41.515   -538.000   
7.215   6.710   0.417   41.665   41.670   -520.000   
7.465   6.960   0.417   41.665   41.590   -560.000   
7.635   7.130   0.417   41.665   41.805   -510.000   
7.885   7.380   0.416   41.665   41.770   -428.000   
8.050   7.545   0.416   41.665   41.570   -508.000   
8.300   7.795   0.417   41.665   41.610   -562.000   
8.465   7.960   0.417   41.665   41.570   -576.000   
8.635   8.210   0.417   41.665   41.650   -554.000   
8.885   8.380   0.416   41.665   41.825   -447.000   
9.050   8.545   0.416   41.665   41.710   -421.000   
9.300   8.795   0.416   41.665   41.750   -424.000   
9.465   8.965   0.416   41.665   41.630   -461.000   
9.715   9.210   0.417   41.665   41.475   -571.000   
9.885   9.380   0.417   41.665   41.670   -506.000   
10.135   9.630   0.417   41.665   41.610   -534.000   
10.300   9.795   0.417   41.665   41.630   -567.000   
10.465   10.045   0.416   41.665   41.770   -493.000   
10.715   10.215   0.416   41.665   41.670   -481.000   
10.885   10.380   0.416   41.665   41.790   -403.000   
11.135   10.630   0.416   41.665   41.570   -483.000   
11.300   10.795   0.416   41.665   41.570   -527.000   
11.550   11.045   0.417   41.665   41.690   -525.000   
11.715   11.210   0.417   41.665   41.570   -564.000   
11.965   11.460   0.416   41.665   41.805   -445.000   
12.135   11.630   0.417   41.665   41.630   -519.000   
12.300   11.795   0.417   41.665   41.650   -482.000   
12.550   12.045   0.416   41.665   41.790   -503.000   
12.715   12.210   0.417   41.665   41.590   -517.000   
12.965   12.460   0.416   41.665   41.790   -467.000   
13.135   12.630   0.416   41.665   41.550   -527.000   
13.385   12.880   0.417   41.665   41.630   -460.000   
13.550   13.045   0.416   41.665   41.905   -411.000   
13.800   13.295   0.416   41.665   41.550   -460.000   
13.965   13.465   0.416   41.665   41.730   -423.000   
14.135   13.630   0.417   41.665   41.515   -445.000   
14.385   13.880   0.417   41.665   41.515   -529.000   
14.550   14.045   0.417   41.665   41.750   -499.000   
14.800   14.295   0.416   41.665   41.650   -497.000   
14.965   14.465   0.416   41.665   41.865   -422.000   
15.215   14.715   0.416   41.665   41.710   -411.000   
15.385   14.880   0.416   41.665   41.590   -454.000   
15.550   15.130   0.416   41.665   41.805   -393.000   
15.800   15.295   0.416   41.665   41.535   -494.000   
15.965   15.460   0.417   41.665   41.670   -553.000   
16.215   15.710   0.417   41.665   41.690   -462.000   
16.385   15.880   0.417   41.665   41.650   -525.000   
16.635   16.130   0.417   41.665   41.770   -463.000   
16.800   16.295   0.416   41.665   41.650   -479.000   
17.050   16.545   0.416   41.665   41.630   -471.000   
17.215   16.710   0.416   41.665   41.590   -435.000   
17.385   16.960   0.417   41.665   41.570   -554.000   
17.635   17.130   0.417   41.665   41.790   -451.000   
17.800   17.295   0.416   41.665   41.610   -419.000   
18.050   17.545   0.416   41.665   41.610   -463.000   
18.215   17.715   0.416   41.665   41.670   -428.000   
18.465   17.960   0.416   41.665   41.590   -526.000   
18.635   18.130   0.417   41.665   41.710   -457.000   
18.885   18.380   0.417   41.665   41.710   -511.000   
19.050   18.545   0.417   41.665   41.650   -521.000   
19.215   18.795   0.417   41.665   41.710   -519.000   
19.465   18.960   0.417   41.665   41.650   -538.000   
19.635   19.130   0.416   41.665   41.825   -498.000   
19.885   19.380   0.416   41.665   41.825   -404.000   
20.050   19.545   0.416   41.665   41.610   -450.000   
20.300   19.795   0.416   41.665   41.650   -460.000   
20.465   19.960   0.416   41.665   41.550   -513.000   
20.715   20.210   0.417   41.665   41.535   -532.000   
21.050   20.545   0.416   41.665   41.650   -462.000   
21.300   20.795   0.416   41.665   41.750   -464.000   
21.465   20.965   0.416   41.665   41.670   -478.000   
21.715   21.210   0.417   41.665   41.535   -567.000   
21.885   21.380   0.416   41.665   41.790   -444.000   
22.135   21.630   0.416   41.665   41.630   -474.000   
22.300   21.795   0.416   41.665   41.710   -469.000   
22.465   22.045   0.416   41.665   41.710   -491.000   
22.715   22.210   0.417   41.665   41.590   -513.000   
22.885   22.380   0.416   41.665   41.710   -470.000   
23.135   22.630   0.417   41.665   41.570   -521.000   
23.300   22.795   0.416   41.665   41.710   -436.000   
23.550   23.045   0.416   41.665   41.730   -507.000   
23.715   23.210   0.417   41.665   41.610   -506.000   
23.965   23.465   0.416   41.665   41.750   -457.000   
24.135   23.630   0.416   41.665   41.650   -475.000   
24.300   23.880   0.416   41.665   41.610   -381.000   
24.550   24.045   0.416   41.665   41.710   -475.000   
24.715   24.210   0.416   41.665   41.550   -488.000   
24.965   24.460   0.417   41.665   41.690   -461.000   
25.135   24.630   0.417   41.665   41.550   -499.000   
25.385   24.880   0.417   41.665   41.610   -452.000   
25.550   25.045   0.417   41.665   41.750   -515.000   
25.800   25.295   0.416   41.665   41.610   -498.000   
25.965   25.460   0.417   41.665   41.710   -496.000   
26.135   25.715   0.416   41.665   41.770   -414.000   
26.385   25.880   0.416   41.665   41.670   -413.000   
26.550   26.045   0.416   41.665   41.730   -416.000   
26.800   26.295   0.416   41.665   41.630   -454.000   
26.965   26.465   0.416   41.665   41.690   -452.000   
27.215   26.715   0.416   41.665   41.650   -408.000   
27.385   26.880   0.417   41.665   41.590   -470.000   
27.635   27.130   0.417   41.665   41.710   -451.000   
27.800   27.295   0.416   41.665   41.610   -472.000   
27.965   27.545   0.417   41.665   41.730   -528.000   
28.215   27.710   0.416   41.665   41.710   -423.000   
28.385   27.880   0.417   41.665   41.650   -509.000   
28.635   28.130   0.416   41.665   41.770   -427.000   
28.800   28.295   0.416   41.665   41.550   -515.000   
29.050   28.545   0.416   41.665   41.630   -464.000   
29.215   28.715   0.416   41.665   41.670   -410.000   
29.465   28.960   0.416   41.665   41.610   -517.000   
29.635   29.130   0.417   41.665   41.710   -453.000   
29.800   29.295   0.416   41.665   41.570   -440.000   
30.050   29.545   0.416   41.665   41.630   -501.000   
30.215   29.710   0.417   41.665   41.650   -525.000   
30.465   29.960   0.417   41.665   41.590   -552.000   
30.635   30.130   0.416   41.665   41.845   -417.000   
30.885   30.380   0.416   41.665   41.825   -419.000   
31.050   30.545   0.416   41.665   41.590   -459.000   
31.215   30.795   0.416   41.665   41.630   -486.000   
31.465   30.960   0.416   41.665   41.630   -506.000   
31.635   31.130   0.417   41.665   41.730   -539.000   
31.885   31.380   0.416   41.665   41.805   -443.000   
32.050   31.545   0.416   41.665   41.590   -490.000   
32.300   31.795   0.417   41.665   41.670   -514.000   
32.465   31.960   0.417   41.665   41.550   -548.000   
32.715   32.210   0.417   41.665   41.550   -569.000   
32.885   32.380   0.416   41.665   41.865   -437.000   
33.050   32.630   0.416   41.665   41.570   -508.000   
33.300   32.795   0.416   41.665   41.730   -462.000   
33.465   32.965   0.416   41.665   41.610   -493.000   
33.715   33.210   0.417   41.665   41.570   -529.000   
33.885   33.380   0.416   41.665   41.750   -433.000   
34.135   33.630   0.416   41.665   41.610   -480.000   
34.300   33.795   0.416   41.665   41.690   -490.000   
34.550   34.045   0.416   41.665   41.750   -497.000   
34.715   34.210   0.417   41.665   41.550   -538.000   
34.885   34.460   0.416   41.665   41.770   -454.000   
35.135   34.630   0.416   41.665   41.630   -500.000   
35.300   34.795   0.416   41.665   41.690   -446.000   
35.550   35.045   0.416   41.665   41.750   -509.000   
35.715   35.210   0.416   41.665   41.630   -487.000   
35.965   35.460   0.416   41.665   41.670   -499.000   
36.135   35.630   0.416   41.665   41.630   -504.000   
36.385   35.880   0.417   41.665   41.670   -445.000   
36.550   36.045   0.416   41.665   41.710   -514.000   
36.715   36.210   0.417   41.665   41.590   -543.000   
36.965   36.460   0.416   41.665   41.750   -473.000   
37.135   36.630   0.416   41.665   41.670   -445.000   
37.385   36.880   0.417   41.665   41.630   -465.000   
37.550   37.045   0.416   41.665   41.750   -521.000   
37.800   37.295   0.416   41.665   41.610   -501.000   
37.965   37.465   0.416   41.665   41.730   -457.000   
38.135   37.715   0.416   41.665   41.670   -437.000   
38.385   37.880   0.417   41.665   41.590   -474.000   
38.550   38.045   0.417   41.665   41.730   -476.000   
38.800   38.295   0.417   41.665   41.550   -541.000   
38.965   38.460   0.417   41.665   41.770   -554.000   
39.215   38.710   0.416   41.665   41.750   -446.000   
39.385   38.880   0.417   41.665   41.610   -478.000   
39.635   39.130   0.417   41.665   41.770   -454.000   
39.800   39.295   0.416   41.665   41.550   -545.000   
39.965   39.545   0.416   41.665   41.610   -555.000   
40.215   39.710   0.416   41.665   41.710   -436.000   
40.385   39.880   0.416   41.665   41.630   -527.000   
40.635   40.130   0.417   41.665   41.730   -485.000   
40.800   40.295   0.416   41.665   41.610   -457.000   
41.050   40.545   0.417   41.665   41.570   -554.000   
41.215   40.715   0.416   41.665   41.790   -446.000   
41.465   40.965   0.416   41.665   41.535   -559.000   
41.630   41.130   0.416   41.665   41.710   -519.000   
41.800   41.380   0.415   41.665   41.670   -507.000   
42.050   41.545   0.415   41.665   41.690   -457.000   
42.215   41.710   0.415   41.665   41.375   -381.000   
42.465   41.960   0.416   41.665   41.335   -1313.000   
42.630   42.125   0.419   41.665   41.945   -195.000   
42.880   42.375   0.418   41.665   41.415   -358.000   
43.050   42.545   0.416   41.665   42.045   -216.000   
43.300   42.795   0.417   41.665   41.455   -549.000   
43.465   42.960   0.416   41.665   41.925   -403.000   
43.630   43.210   0.416   41.665   41.495   -475.000   
43.880   43.375   0.416   41.665   41.535   -513.000   
44.050   43.545   0.416   41.665   41.825   -401.000   
44.300   43.795   0.416   41.665   41.570   -452.000   
44.465   43.960   0.416   41.665   41.750   -442.000   
44.715   44.210   0.416   41.665   41.770   -489.000   
44.880   44.375   0.416   41.665   41.590   -468.000   
45.130   44.625   0.416   41.665   41.730   -420.000   
45.300   44.795   0.417   41.665   41.630   -455.000   
45.465   44.960   0.417   41.665   41.670   -458.000   
45.715   45.210   0.416   41.665   41.750   -486.000   
45.880   45.375   0.416   41.665   41.610   -516.000   
46.130   45.625   0.416   41.665   41.670   -453.000   
46.300   45.795   0.417   41.665   41.670   -451.000   
46.550   46.045   0.416   41.665   41.650   -424.000   
46.715   46.210   0.416   41.665   41.730   -467.000   
46.880   46.460   0.416   41.665   41.630   -493.000   
47.130   46.630   0.416   41.665   41.690   -401.000   
47.300   46.795   0.417   41.665   41.630   -513.000   
47.550   47.045   0.417   41.665   41.630   -436.000   
47.715   47.210   0.417   41.665   41.690   -456.000   
47.965   47.460   0.416   41.665   41.710   -477.000   
48.130   47.630   0.416   41.665   41.750   -392.000   
48.380   47.880   0.416   41.665   41.690   -483.000   
48.550   48.045   0.416   41.665   41.630   -409.000   
48.715   48.295   0.416   41.665   41.670   -449.000   
48.965   48.460   0.416   41.665   41.630   -472.000   
49.130   48.625   0.416   41.665   41.750   -487.000   
49.380   48.875   0.417   41.665   41.670   -513.000   
49.550   49.045   0.417   41.665   41.670   -410.000   
49.800   49.295   0.416   41.665   41.690   -443.000   
49.965   49.460   0.416   41.665   41.690   -445.000   
50.215   49.710   0.417   41.665   41.570   -522.000   
50.380   49.875   0.417   41.665   41.690   -516.000   
50.550   50.125   0.417   41.665   41.710   -478.000   
50.800   50.295   0.416   41.665   41.670   -431.000   
50.965   50.460   0.416   41.665   41.670   -455.000   
51.215   50.710   0.416   41.665   41.570   -492.000   
51.380   50.880   0.416   41.665   41.730   -489.000   
51.630   51.125   0.417   41.665   41.590   -522.000   
51.800   51.295   0.416   41.665   41.690   -426.000   
52.050   51.545   0.416   41.665   41.730   -465.000   
52.215   51.710   0.417   41.665   41.590   -484.000   
52.380   51.875   0.416   41.665   41.690   -469.000   
52.630   52.125   0.417   41.665   41.610   -528.000   
52.800   52.295   0.416   41.665   41.750   -400.000   
53.050   52.545   0.416   41.665   41.710   -468.000   
53.215   52.710   0.416   41.665   41.590   -475.000   
53.465   52.960   0.416   41.665   41.670   -461.000   
53.630   53.125   0.417   41.665   41.650   -514.000   
53.800   53.375   0.416   41.665   41.630   -402.000   
54.050   53.545   0.416   41.665   41.690   -482.000   
54.215   53.710   0.417   41.665   41.670   -434.000   
54.465   53.960   0.416   41.665   41.610   -493.000   
54.630   54.125   0.417   41.665   41.650   -483.000   
54.880   54.375   0.416   41.665   41.610   -417.000   
55.050   54.545   0.416   41.665   41.730   -491.000   
55.300   54.795   0.417   41.665   41.650   -442.000   
55.465   54.960   0.416   41.665   41.670   -461.000   
55.630   55.210   0.416   41.665   41.730   -473.000   
55.880   55.380   0.416   41.665   41.630   -435.000   
56.050   55.545   0.416   41.665   41.690   -395.000   
56.300   55.795   0.417   41.665   41.670   -414.000   
56.465   55.960   0.416   41.665   41.590   -449.000   
56.715   56.210   0.417   41.665   41.690   -507.000   
56.880   56.375   0.416   41.665   41.710   -441.000   
57.130   56.630   0.416   41.665   41.690   -410.000   
57.300   56.795   0.416   41.665   41.690   -404.000   
57.465   57.045   0.417   41.665   41.650   -449.000   
57.715   57.210   0.416   41.665   41.710   -496.000   
57.880   57.380   0.416   41.665   41.730   -438.000   
58.130   57.625   0.416   41.665   41.610   -439.000   
58.300   57.795   0.417   41.665   41.670   -422.000   
58.550   58.045   0.417   41.665   41.690   -427.000   
58.715   58.210   0.417   41.665   41.670   -501.000   
58.965   58.460   0.417   41.665   41.670   -505.000   
59.130   58.625   0.416   41.665   41.670   -444.000   
59.300   58.875   0.416   41.665   41.710   -500.000   
59.550   59.045   0.417   41.665   41.650   -417.000   
59.715   59.210   0.416   41.665   41.710   -443.000   
59.965   59.460   0.416   41.665   41.670   -480.000   
60.130   59.625   0.416   41.665   41.650   -447.000   
60.380   59.875   0.417   41.665   41.610   -537.000   
60.550   60.045   0.417   41.665   41.690   -442.000   
60.800   60.295   0.416   41.665   41.750   -432.000   
60.965   60.460   0.416   41.665   41.630   -510.000   
61.130   60.625   0.416   41.665   41.670   -505.000   
61.380   60.875   0.416   41.665   41.690   -511.000   
61.550   61.045   0.417   41.665   41.630   -528.000   
61.800   61.295   0.416   41.665   41.710   -441.000   
61.965   61.460   0.417   41.665   41.610   -535.000   
62.215   61.710   0.416   41.665   41.650   -493.000   
62.380   61.875   0.416   41.665   41.690   -516.000   
62.550   62.125   0.417   41.665   41.630   -515.000   
62.800   62.295   0.416   41.665   41.730   -439.000   
62.965   62.460   0.417   41.665   41.610   -528.000   
63.215   62.710   0.417   41.665   41.650   -538.000   
63.380   62.875   0.416   41.665   41.730   -483.000   
63.630   63.125   0.416   41.665   41.670   -516.000   
63.800   63.295   0.416   41.665   41.690   -461.000   
64.050   63.545   0.416   41.665   41.710   -513.000   
64.215   63.710   0.416   41.665   41.690   -489.000   
64.380   63.960   0.416   41.665   41.650   -509.000   
64.630   64.125   0.417   41.665   41.590   -551.000   
64.800   64.295   0.416   41.665   41.710   -447.000   
65.050   64.545   0.416   41.665   41.670   -490.000   
65.215   64.710   0.416   41.665   41.650   -517.000   
65.465   64.960   0.416   41.665   41.670   -489.000   
65.630   65.125   0.416   41.665   41.670   -520.000   
65.880   65.375   0.416   41.665   41.610   -457.000   
66.050   65.545   0.416   41.665   41.690   -527.000   
66.215   65.795   0.416   41.665   41.710   -425.000   
66.465   65.960   0.416   41.665   41.710   -461.000   
66.630   66.125   0.417   41.665   41.610   -524.000   
66.880   66.375   0.416   41.665   41.650   -456.000   
67.050   66.545   0.416   41.665   41.710   -488.000   
67.300   66.795   0.417   41.665   41.670   -446.000   
67.465   66.960   0.416   41.665   41.630   -494.000   
67.715   67.210   0.416   41.665   41.710   -499.000   
67.880   67.380   0.416   41.665   41.670   -444.000   
68.050   67.545   0.416   41.665   41.690   -420.000   
68.300   67.795   0.417   41.665   41.650   -447.000   
68.465   67.960   0.416   41.665   41.650   -406.000   
68.715   68.210   0.416   41.665   41.610   -523.000   
68.880   68.375   0.416   41.665   41.670   -481.000   
69.130   68.630   0.416   41.665   41.730   -411.000   
69.300   68.795   0.417   41.665   41.650   -425.000   
69.550   69.045   0.416   41.665   41.670   -435.000   
69.715   69.210   0.416   41.665   41.650   -497.000   
69.880   69.380   0.416   41.665   41.710   -461.000   
70.130   69.625   0.416   41.665   41.690   -425.000   
70.300   69.795   0.417   41.665   41.570   -552.000   
70.550   70.045   0.416   41.665   41.750   -381.000   
70.715   70.210   0.416   41.665   41.690   -490.000   
70.965   70.460   0.416   41.665   41.650   -480.000   
71.130   70.630   0.416   41.665   41.690   -424.000   
71.300   70.875   0.417   41.665   41.630   -508.000   
71.550   71.045   0.417   41.665   41.650   -439.000   
71.715   71.210   0.416   41.665   41.690   -455.000   
71.965   71.460   0.416   41.665   41.750   -454.000   
72.130   71.630   0.416   41.665   41.670   -492.000   
72.380   71.875   0.417   41.665   41.630   -536.000   
72.550   72.045   0.416   41.665   41.710   -420.000   
72.800   72.295   0.416   41.665   41.750   -398.000   
72.965   72.460   0.416   41.665   41.650   -469.000   
73.130   72.710   0.417   41.665   41.590   -507.000   
73.380   72.875   0.416   41.665   41.730   -515.000   
73.550   73.045   0.416   41.665   41.670   -486.000   
73.800   73.295   0.417   41.665   41.690   -487.000   
73.965   73.460   0.416   41.665   41.670   -446.000   
74.215   73.710   0.416   41.665   41.710   -507.000   
74.380   73.875   0.416   41.665   41.630   -501.000   
74.630   74.125   0.416   41.665   41.610   -506.000   
74.800   74.295   0.417   41.665   41.730   -489.000   
74.965   74.460   0.416   41.665   41.730   -434.000   
75.215   74.710   0.416   41.665   41.670   -499.000   
75.380   74.875   0.416   41.665   41.630   -458.000   
75.630   75.130   0.416   41.665   41.650   -470.000   
75.800   75.295   0.417   41.665   41.690   -498.000   
76.050   75.545   0.417   41.665   41.630   -469.000   
76.215   75.710   0.416   41.665   41.750   -489.000   
76.465   75.960   0.417   41.665   41.670   -455.000   
76.630   76.130   0.416   41.665   41.610   -505.000   
76.800   76.295   0.416   41.665   41.690   -476.000   
77.050   76.545   0.416   41.665   41.650   -442.000   
77.215   76.710   0.416   41.665   41.710   -443.000   
77.465   76.960   0.417   41.665   41.590   -494.000   
77.630   77.125   0.416   41.665   41.650   -501.000   
77.880   77.375   0.416   41.665   41.690   -493.000   
78.050   77.545   0.416   41.665   41.670   -447.000   
78.215   77.795   0.416   41.665   41.690   -450.000   
78.465   77.960   0.416   41.665   41.670   -444.000   
78.630   78.125   0.417   41.665   41.650   -465.000   
78.880   78.375   0.417   41.665   41.670   -521.000   
79.050   78.545   0.416   41.665   41.710   -471.000   
79.300   78.795   0.416   41.665   41.730   -423.000   
79.465   78.960   0.416   41.665   41.630   -447.000   
79.715   79.210   0.416   41.665   41.630   -444.000   
79.880   79.380   0.416   41.665   41.710   -492.000   
80.050   79.625   0.416   41.665   41.670   -466.000   
80.300   79.795   0.417   41.665   41.610   -449.000   
80.465   79.960   0.417   41.665   41.670   -499.000   
80.715   80.210   0.417   41.665   41.670   -420.000   
80.880   80.375   0.416   41.665   41.690   -500.000   
81.130   80.625   0.416   41.665   41.650   -477.000   
81.300   80.795   0.416   41.665   41.690   -398.000   
81.550   81.045   0.416   41.665   41.610   -491.000   
81.715   81.210   0.417   41.665   41.610   -441.000   
81.880   81.460   0.416   41.665   41.690   -433.000   
82.130   81.625   0.416   41.665   41.690   -467.000   
82.300   81.795   0.416   41.665   41.690   -461.000   
82.550   82.045   0.416   41.665   41.650   -490.000   
82.715   82.210   0.417   41.665   41.630   -428.000   
82.965   82.460   0.416   41.665   41.710   -437.000   
83.130   82.625   0.417   41.665   41.610   -508.000   
83.380   82.875   0.416   41.665   41.670   -481.000   
83.545   83.045   0.415   41.665   41.710   -486.000   
83.715   83.210   0.416   41.665   41.590   -417.000   
83.965   83.460   0.414   41.665   41.590   -250.000   
84.130   83.625   0.415   41.665   41.080   20.000   
84.380   83.875   0.417   41.665   41.200   -1508.000   
84.545   84.040   0.417   41.665   41.710   -276.000   
84.795   84.290   0.416   41.665   41.885   -520.000   
84.965   84.460   0.416   41.665   41.650   -473.000   
85.215   84.710   0.417   41.665   41.590   -486.000   
85.380   84.875   0.416   41.665   41.790   -484.000   
85.545   85.045   0.416   41.665   41.650   -443.000   
85.795   85.290   0.416   41.665   41.730   -457.000   
85.965   85.460   0.416   41.665   41.590   -463.000   
86.215   85.710   0.417   41.665   41.670   -471.000   
86.380   85.875   0.416   41.665   41.805   -472.000   
86.630   86.125   0.416   41.665   41.610   -474.000   
86.795   86.295   0.416   41.665   41.730   -435.000   
86.965   86.545   0.416   41.665   41.670   -407.000   
87.215   86.710   0.417   41.665   41.570   -458.000   
87.380   86.875   0.416   41.665   41.730   -433.000   
87.630   87.125   0.416   41.665   41.590   -488.000   
87.795   87.295   0.416   41.665   41.805   -475.000   
88.045   87.545   0.416   41.665   41.690   -413.000   
88.215   87.710   0.417   41.665   41.570   -455.000   
88.465   87.960   0.416   41.665   41.790   -412.000   
88.630   88.125   0.416   41.665   41.610   -475.000   
88.795   88.375   0.416   41.665   41.590   -491.000   
89.045   88.545   0.416   41.665   41.710   -407.000   
89.215   88.710   0.417   41.665   41.610   -510.000   
89.465   88.960   0.417   41.665   41.730   -445.000   
89.630   89.125   0.416   41.665   41.610   -463.000   
89.880   89.375   0.416   41.665   41.610   -473.000   
90.045   89.545   0.416   41.665   41.690   -386.000   
90.295   89.790   0.417   41.665   41.570   -528.000   
90.465   89.960   0.417   41.665   41.710   -437.000   
90.630   90.210   0.416   41.665   41.650   -423.000   
90.880   90.375   0.416   41.665   41.630   -450.000   
91.045   90.540   0.416   41.665   41.650   -466.000   
91.295   90.790   0.417   41.665   41.610   -510.000   
91.465   90.960   0.417   41.665   41.750   -416.000   
91.715   91.210   0.416   41.665   41.790   -431.000   
91.880   91.375   0.416   41.665   41.630   -465.000   
92.130   91.625   0.416   41.665   41.710   -452.000   
92.295   91.790   0.416   41.665   41.610   -480.000   
92.465   91.960   0.417   41.665   41.730   -505.000   
92.715   92.210   0.416   41.665   41.790   -425.000   
92.880   92.375   0.416   41.665   41.610   -463.000   
93.130   92.625   0.417   41.665   41.610   -499.000   
93.295   92.790   0.416   41.665   41.630   -480.000   
93.545   93.040   0.417   41.665   41.550   -529.000   
93.715   93.210   0.416   41.665   41.770   -435.000   
93.880   93.460   0.416   41.665   41.650   -453.000   
94.130   93.625   0.416   41.665   41.670   -470.000   
94.295   93.795   0.416   41.665   41.690   -469.000   
94.545   94.040   0.417   41.665   41.550   -536.000   
94.715   94.210   0.416   41.665   41.770   -429.000   
94.965   94.460   0.416   41.665   41.650   -460.000   
95.130   94.625   0.416   41.665   41.650   -489.000   
95.380   94.875   0.416   41.665   41.710   -472.000   
95.545   95.040   0.417   41.665   41.590   -514.000   
95.715   95.290   0.416   41.665   41.790   -435.000   
95.965   95.460   0.416   41.665   41.570   -502.000   
96.130   95.625   0.417   41.665   41.670   -424.000   
96.380   95.875   0.416   41.665   41.770   -464.000   
96.545   96.040   0.417   41.665   41.590   -477.000   
96.795   96.295   0.416   41.665   41.770   -411.000   
96.965   96.460   0.416   41.665   41.570   -499.000   
97.215   96.710   0.416   41.665   41.610   -407.000   
97.380   96.875   0.416   41.665   41.730   -492.000   
97.545   97.125   0.416   41.665   41.570   -484.000   
97.795   97.290   0.416   41.665   41.750   -434.000   
97.965   97.460   0.416   41.665   41.570   -429.000   
98.215   97.710   0.417   41.665   41.630   -443.000   
98.380   97.875   0.416   41.665   41.790   -471.000   
98.630   98.125   0.416   41.665   41.550   -485.000   
98.795   98.290   0.416   41.665   41.750   -449.000   
99.045   98.540   0.417   41.665   41.690   -445.000   
99.215   98.710   0.417   41.665   41.650   -442.000   
99.380   98.875   0.416   41.665   41.790   -408.000   
99.630   99.125   0.416   41.665   41.590   -463.000   
99.795   99.295   0.416   41.665   41.750   -490.000   
100.045   99.540   0.416   41.665   41.650   -426.000   
100.215   99.710   0.417   41.665   41.610   -456.000   
100.465   99.960   0.416   41.665   41.770   -418.000   
100.630   100.125   0.416   41.665   41.610   -483.000   
100.880   100.375   0.416   41.665   41.590   -477.000   
101.045   100.540   0.416   41.665   41.690   -425.000   
101.215   100.710   0.416   41.665   41.610   -513.000   
101.465   100.960   0.416   41.665   41.770   -413.000   
101.630   101.125   0.416   41.665   41.570   -444.000   
101.880   101.375   0.416   41.665   41.630   -487.000   
102.045   101.545   0.416   41.665   41.710   -394.000   
102.295   101.790   0.417   41.665   41.590   -520.000   
102.465   101.960   0.416   41.665   41.750   -424.000   
102.630   102.210   0.416   41.665   41.710   -450.000   
102.880   102.375   0.416   41.665   41.650   -461.000   
103.045   102.540   0.417   41.665   41.610   -530.000   
103.295   102.790   0.417   41.665   41.630   -521.000   
103.465   102.960   0.416   41.665   41.790   -471.000   
103.715   103.210   0.416   41.665   41.710   -464.000   
103.880   103.375   0.416   41.665   41.650   -464.000   
104.130   103.625   0.417   41.665   41.650   -486.000   
104.295   103.790   0.417   41.665   41.590   -514.000   
104.465   104.040   0.416   41.665   41.750   -506.000   
104.715   104.210   0.417   41.665   41.610   -517.000   
104.880   104.375   0.416   41.665   41.750   -442.000   
105.130   104.625   0.416   41.665   41.630   -486.000   
105.295   104.790   0.416   41.665   41.650   -497.000   
105.545   105.045   0.416   41.665   41.750   -512.000   
105.715   105.210   0.417   41.665   41.610   -509.000   
105.965   105.460   0.416   41.665   41.730   -440.000   
106.130   105.625   0.416   41.665   41.630   -486.000   
106.295   105.875   0.417   41.665   41.670   -458.000   
106.545   106.045   0.416   41.665   41.790   -496.000   
106.715   106.210   0.417   41.665   41.570   -529.000   
106.965   106.460   0.416   41.665   41.750   -451.000   
107.130   106.625   0.416   41.665   41.610   -500.000   
107.380   106.875   0.417   41.665   41.630   -456.000   
107.545   107.045   0.416   41.665   41.770   -505.000   
107.795   107.295   0.416   41.665   41.630   -513.000   
107.965   107.460   0.416   41.665   41.710   -465.000   
108.130   107.625   0.416   41.665   41.610   -452.000   
108.380   107.875   0.417   41.665   41.610   -429.000   
108.545   108.045   0.416   41.665   41.750   -452.000   
108.795   108.290   0.416   41.665   41.590   -529.000   
108.965   108.460   0.416   41.665   41.730   -467.000   
109.215   108.710   0.416   41.665   41.650   -439.000   
109.380   108.875   0.417   41.665   41.630   -444.000   
109.630   109.125   0.416   41.665   41.710   -451.000   
109.795   109.295   0.416   41.665   41.650   -485.000   
109.965   109.460   0.416   41.665   41.730   -487.000   
110.215   109.710   0.417   41.665   41.610   -464.000   
110.380   109.875   0.417   41.665   41.630   -516.000   
110.630   110.125   0.416   41.665   41.770   -435.000   
110.795   110.295   0.416   41.665   41.650   -480.000   
111.045   110.540   0.416   41.665   41.610   -505.000   
111.215   110.710   0.416   41.665   41.670   -441.000   
111.380   110.960   0.416   41.665   41.650   -486.000   
111.630   111.125   0.417   41.665   41.710   -457.000   
111.795   111.290   0.416   41.665   41.590   -469.000   
112.045   111.545   0.416   41.665   41.690   -473.000   
112.215   111.710   0.416   41.665   41.670   -406.000   
112.465   111.960   0.416   41.665   41.610   -498.000   
112.630   112.125   0.417   41.665   41.710   -454.000   
112.880   112.375   0.416   41.665   41.790   -401.000   
113.045   112.540   0.416   41.665   41.550   -497.000   
113.215   112.795   0.416   41.665   41.690   -472.000   
113.465   112.960   0.416   41.665   41.630   -499.000   
113.630   113.125   0.417   41.665   41.750   -485.000   
113.880   113.375   0.416   41.665   41.790   -386.000   
114.045   113.540   0.416   41.665   41.550   -471.000   
114.295   113.795   0.416   41.665   41.750   -431.000   
114.465   113.960   0.417   41.665   41.550   -519.000   
114.715   114.210   0.417   41.665   41.610   -490.000   
114.880   114.375   0.416   41.665   41.790   -393.000   
115.045   114.625   0.416   41.665   41.630   -449.000   
115.295   114.795   0.416   41.665   41.710   -437.000   
115.465   114.960   0.416   41.665   41.590   -458.000   
115.715   115.210   0.417   41.665   41.590   -469.000   
115.880   115.375   0.416   41.665   41.710   -422.000   
116.130   115.625   0.416   41.665   41.610   -460.000   
116.295   115.790   0.416   41.665   41.730   -390.000   
116.545   116.045   0.416   41.665   41.690   -445.000   
116.715   116.210   0.416   41.665   41.650   -421.000   
116.880   116.375   0.416   41.665   41.670   -426.000   
117.130   116.625   0.416   41.665   41.670   -430.000   
117.295   116.790   0.416   41.665   41.690   -484.000   
117.545   117.040   0.416   41.665   41.670   -475.000   
117.715   117.210   0.416   41.665   41.670   -399.000   
117.965   117.460   0.416   41.665   41.750   -382.000   
118.130   117.625   0.416   41.665   41.590   -470.000   
118.295   117.875   0.416   41.665   41.670   -463.000   
118.545   118.040   0.416   41.665   41.670   -465.000   
118.715   118.210   0.417   41.665   41.630   -510.000   
118.965   118.460   0.416   41.665   41.690   -428.000   
119.130   118.625   0.416   41.665   41.690   -433.000   
119.380   118.875   0.416   41.665   41.630   -455.000   
119.545   119.040   0.416   41.665   41.650   -481.000   
119.795   119.290   0.417   41.665   41.610   -508.000   
119.965   119.460   0.416   41.665   41.770   -387.000   
120.130   119.710   0.416   41.665   41.650   -471.000   
120.380   119.875   0.417   41.665   41.630   -466.000   
120.545   120.040   0.416   41.665   41.710   -442.000   
120.795   120.290   0.417   41.665   41.630   -500.000   
120.965   120.460   0.416   41.665   41.710   -400.000   
121.215   120.710   0.416   41.665   41.690   -457.000   
121.380   120.875   0.416   41.665   41.670   -433.000   
121.630   121.125   0.416   41.665   41.630   -461.000   
121.795   121.290   0.417   41.665   41.610   -494.000   
121.965   121.545   0.416   41.665   41.750   -402.000   
122.215   121.710   0.416   41.665   41.650   -477.000   
122.380   121.875   0.416   41.665   41.670   -403.000   
122.630   122.125   0.416   41.665   41.670   -455.000   
122.795   122.290   0.417   41.665   41.630   -473.000   
123.045   122.540   0.416   41.665   41.650   -428.000   
123.215   122.710   0.416   41.665   41.690   -469.000   
123.465   122.960   0.416   41.665   41.690   -376.000   
123.630   123.125   0.416   41.665   41.630   -471.000   
123.795   123.290   0.416   41.665   41.630   -456.000   
124.045   123.540   0.416   41.665   41.670   -417.000   
124.215   123.710   0.416   41.665   41.690   -390.000   
124.465   123.960   0.417   41.665   41.610   -444.000   
124.630   124.125   0.416   41.665   41.630   -494.000   
124.880   124.375   0.416   41.665   41.750   -456.000   
125.045   124.545   0.415   41.665   41.670   -396.000   
125.295   124.790   0.414   41.665   41.670   -412.000   
125.460   124.955   0.416   41.665   41.570   -300.000   
125.630   125.125   0.417   41.665   41.515   40.000   
125.880   125.375   0.416   41.665   42.060   -13.000   
126.045   125.540   0.417   41.665   41.260   -45.000   
126.295   125.790   0.417   41.665   41.670   -949.000   
126.460   125.955   0.417   41.665   41.865   -519.000   
126.710   126.210   0.416   41.665   41.770   -360.000   
126.880   126.375   0.417   41.665   41.550   -496.000   
127.045   126.625   0.417   41.665   41.730   -405.000   
127.295   126.790   0.417   41.665   41.550   -518.000   
127.460   126.955   0.417   41.665   41.690   -508.000   
127.710   127.210   0.416   41.665   41.770   -392.000   
127.880   127.375   0.416   41.665   41.630   -417.000   
128.130   127.625   0.417   41.665   41.650   -421.000   
128.295   127.790   0.416   41.665   41.610   -494.000   
128.545   128.040   0.416   41.665   41.730   -484.000   
128.710   128.210   0.416   41.665   41.670   -410.000   
128.880   128.455   0.417   41.665   41.610   -430.000   
129.130   128.625   0.417   41.665   41.650   -449.000   
129.295   128.790   0.416   41.665   41.670   -395.000   
129.545   129.040   0.416   41.665   41.670   -498.000   
129.710   129.205   0.416   41.665   41.670   -440.000   
129.960   129.455   0.416   41.665   41.690   -409.000   
130.130   129.625   0.417   41.665   41.630   -449.000   
130.380   129.875   0.417   41.665   41.630   -456.000   
130.545   130.040   0.416   41.665   41.750   -490.000   
130.960   130.455   0.416   41.665   41.670   -441.000   
131.130   130.625   0.417   41.665   41.610   -509.000   
131.380   130.875   0.416   41.665   41.670   -414.000   
131.545   131.040   0.416   41.665   41.670   -500.000   
131.795   131.290   0.416   41.665   41.650   -493.000   
131.960   131.455   0.417   41.665   41.690   -449.000   
132.210   131.705   0.416   41.665   41.670   -488.000   
132.380   131.875   0.417   41.665   41.610   -459.000   
132.545   132.040   0.416   41.665   41.730   -450.000   
132.795   132.290   0.416   41.665   41.690   -480.000   
132.960   132.455   0.416   41.665   41.690   -505.000   
133.210   132.705   0.416   41.665   41.650   -504.000   
133.380   132.875   0.417   41.665   41.650   -458.000   
133.630   133.125   0.416   41.665   41.710   -446.000   
133.795   133.290   0.416   41.665   41.670   -475.000   
133.960   133.540   0.416   41.665   41.630   -502.000   
134.210   133.710   0.416   41.665   41.670   -495.000   
134.380   133.875   0.416   41.665   41.650   -499.000   
134.630   134.125   0.416   41.665   41.690   -445.000   
134.795   134.290   0.416   41.665   41.630   -464.000   
135.045   134.540   0.416   41.665   41.670   -454.000   
135.210   134.710   0.416   41.665   41.650   -492.000   
135.460   134.955   0.417   41.665   41.630   -512.000   
135.630   135.125   0.416   41.665   41.650   -431.000   
135.795   135.375   0.416   41.665   41.670   -479.000   
136.045   135.540   0.416   41.665   41.670   -429.000   
136.210   135.710   0.416   41.665   41.670   -393.000   
136.460   135.955   0.416   41.665   41.610   -508.000   
136.630   136.125   0.417   41.665   41.670   -483.000   
136.880   136.375   0.416   41.665   41.770   -413.000   
137.045   136.540   0.416   41.665   41.630   -423.000   
137.295   136.790   0.416   41.665   41.650   -407.000   
137.460   136.955   0.417   41.665   41.590   -521.000   
137.630   137.205   0.416   41.665   41.670   -447.000   
137.880   137.375   0.416   41.665   41.690   -438.000   
138.045   137.540   0.416   41.665   41.670   -416.000   
138.295   137.790   0.417   41.665   41.670   -415.000   
138.460   137.960   0.416   41.665   41.650   -464.000   
138.710   138.205   0.416   41.665   41.630   -501.000   
138.880   138.375   0.416   41.665   41.710   -427.000   
139.130   138.625   0.416   41.665   41.670   -423.000   
139.295   138.790   0.416   41.665   41.690   -410.000   
139.460   139.040   0.416   41.665   41.610   -396.000   
139.710   139.205   0.416   41.665   41.630   -486.000   
139.880   139.375   0.416   41.665   41.670   -448.000   
140.130   139.625   0.416   41.665   41.730   -393.000   
140.295   139.790   0.417   41.665   41.590   -456.000   
140.545   140.040   0.416   41.665   41.690   -393.000   
140.710   140.210   0.416   41.665   41.670   -469.000   
140.960   140.455   0.416   41.665   41.630   -476.000   
141.130   140.625   0.417   41.665   41.690   -422.000   
141.295   140.790   0.416   41.665   41.610   -459.000   
141.545   141.040   0.416   41.665   41.630   -408.000   
141.710   141.205   0.416   41.665   41.670   -440.000   
141.960   141.455   0.416   41.665   41.630   -464.000   
142.130   141.625   0.417   41.665   41.730   -414.000   
142.380   141.875   0.416   41.665   41.690   -483.000   
142.545   142.040   0.417   41.665   41.630   -423.000   
142.710   142.290   0.416   41.665   41.730   -417.000   
142.960   142.455   0.416   41.665   41.630   -491.000   
143.130   142.625   0.416   41.665   41.690   -490.000   
143.380   142.875   0.416   41.665   41.710   -467.000   
143.545   143.040   0.416   41.665   41.630   -487.000   
143.795   143.290   0.416   41.665   41.730   -407.000   
143.960   143.455   0.416   41.665   41.630   -478.000   
144.210   143.705   0.416   41.665   41.650   -481.000   
144.380   143.875   0.416   41.665   41.690   -476.000   
144.545   144.125   0.417   41.665   41.610   -516.000   
144.795   144.290   0.416   41.665   41.770   -397.000   
144.960   144.455   0.416   41.665   41.590   -471.000   
145.210   144.705   0.416   41.665   41.630   -477.000   
145.380   144.875   0.416   41.665   41.670   -503.000   
145.630   145.125   0.417   41.665   41.650   -494.000   
145.795   145.290   0.416   41.665   41.750   -400.000   
146.045   145.540   0.416   41.665   41.670   -506.000   
146.210   145.705   0.417   41.665   41.650   -496.000   
146.380   145.875   0.416   41.665   41.730   -449.000   
146.630   146.125   0.417   41.665   41.610   -501.000   
146.795   146.290   0.416   41.665   41.770   -424.000   
147.045   146.540   0.416   41.665   41.710   -476.000   
147.210   146.705   0.417   41.665   41.570   -387.000   
147.460   146.955   0.417   41.665   41.650   -461.000   
147.630   147.125   0.417   41.665   41.730   -411.000   
147.880   147.375   0.416   41.665   41.690   -398.000   
148.045   147.540   0.416   41.665   41.610   -463.000   
148.210   147.705   0.417   41.665   41.670   -472.000   
148.460   147.955   0.416   41.665   41.610   -477.000   
148.630   148.125   0.417   41.665   41.770   -468.000   
148.880   148.375   0.416   41.665   41.750   -393.000   
149.045   148.540   0.416   41.665   41.590   -465.000   
149.295   148.790   0.417   41.665   41.670   -470.000   
149.460   148.955   0.416   41.665   41.610   -485.000   
149.630   149.205   0.417   41.665   41.570   -477.000   
149.880   149.375   0.416   41.665   41.770   -405.000   
150.045   149.540   0.416   41.665   41.570   -469.000   
150.295   149.790   0.417   41.665   41.710   -466.000   
150.460   149.955   0.417   41.665   41.550   -466.000   
150.710   150.205   0.417   41.665   41.630   -488.000   
150.880   150.375   0.416   41.665   41.770   -380.000   
151.130   150.625   0.416   41.665   41.610   -449.000   
151.295   150.790   0.416   41.665   41.690   -463.000   
151.460   151.040   0.417   41.665   41.690   -487.000   
151.705   151.205   0.416   37.915   41.610   -523.000   
151.845   151.375   0.404   32.810   41.790   -420.000   
152.020   151.620   0.378   24.995   41.570   -236.000   
152.105   151.780   0.336   19.790   41.005   389.000   
152.205   151.995   0.247   11.975   34.765   939.000   
152.240   152.110   0.183   6.770   28.740   643.000   
152.260   152.235   0.094   0.830   21.975   796.000   
152.260   152.295   0.031   0.000   17.070   1347.000   
152.260   152.325   -0.025   0.000   2.670   1588.000   
152.260   152.325   -0.044   0.000   0.020   1025.000   
152.260   152.310   -0.039   0.000   -4.570   -41.000   
152.260   152.290   -0.027   0.000   -3.510   110.000   
152.260   152.275   -0.015   0.000   -3.650   -718.000   
152.260   152.260   0.001   0.000   -3.160   -944.000   
152.260   152.260   0.002   0.000   -0.120   -994.000   
152.260   152.260   0.001   0.000   -0.060   -316.000   
152.260   152.260   -0.002   0.000   0.920   325.000   
152.260   152.260   -0.002   0.000   -0.080   -162.000   
152.260   152.260   -0.002   0.000   0.000   177.000   
152.260   152.260   -0.001   0.000   -0.155   9.000   
152.260   152.260   0.000   0.000   0.040   -15.000   
152.260   152.260   0.000   0.000   -0.470   -217.000   
152.260   152.260   0.001   0.000   -0.020   -162.000   
152.260   152.260   -0.000   0.000   0.215   9.000   
152.260   152.260   -0.001   0.000   -0.020   -59.000   
152.260   152.260   -0.000   0.000   0.080   -14.000   
152.260   152.260   -0.000   0.000   -0.120   -41.000   
152.260   152.260   0.000   0.000   -0.100   -109.000   
152.260   152.260   0.000   0.000   0.020   -80.000   
152.260   152.260   0.000   0.000   -0.040   -92.000   
152.260   152.260   0.000   0.000   0.040   -77.000   
152.260   152.260   -0.000   0.000   0.060   -42.000   
152.260   152.260   -0.000   0.000   0.040   -45.000   
152.260   152.260   -0.000   0.000   0.060   -10.000   
152.260   152.260   -0.000   0.000   -0.020   -30.000   
152.260   152.260   0.000   0.000   -0.040   -80.000   
152.260   152.260   0.000   0.000   -0.080   -96.000   
152.260   152.260   0.001   0.000   -0.040   -112.000   
152.260   152.260   0.000   0.000   0.020   -98.000   
152.260   152.260   0.000   0.000   0.020   -96.000   
152.260   152.260   0.000   0.000   0.040   -83.000   
152.260   152.260   -0.000   0.000   0.060   -62.000   
152.260   152.260   -0.000   0.000   0.000   -61.000   
152.260   152.260   -0.000   0.000   0.000   -65.000   
152.260   152.260   -0.000   0.000   -0.020   -65.000   
152.260   152.260   -0.000   0.000   0.000   -70.000   
152.260   152.260   -0.000   0.000   0.000   -63.000   
152.260   152.260   -0.000   0.000   0.000   -62.000   
152.260   152.260   -0.000   0.000   0.000   -69.000   
152.260   152.260   0.000   0.000   0.000   -74.000   
152.260   152.260   0.000   0.000   -0.020   -80.000   
152.260   152.260   0.000   0.000   0.000   -79.000   
152.260   152.260   0.000   0.000   0.000   -77.000   
152.260   152.260   0.000   0.000   0.020   -68.000   
152.260   152.260   -0.000   0.000   0.000   -65.000   
152.260   152.260   -0.000   0.000   0.020   -62.000   
152.260   152.260   -0.000   0.000   -0.020   -67.000   
152.260   152.260   0.000   0.000   0.000   -75.000   
152.260   152.260   0.000   0.000   0.000   -86.000   
152.260   152.260   0.000   0.000   0.000   -84.000   
152.260   152.260   0.000   0.000   0.000   -75.000   
152.260   152.260   0.000   0.000   0.020   -74.000   
152.260   152.260   -0.000   0.000   0.020   -68.000   
152.260   152.260   -0.000   0.000   0.020   -64.000   
152.260   152.260   -0.000   0.000   -0.020   -68.000   
152.260   152.260   -0.000   0.000   0.000   -69.000   
152.260   152.260   -0.000   0.000   0.000   -68.000   
152.260   152.260   0.000   0.000   -0.020   -74.000   
152.260   152.260   0.000   0.000   0.000   -69.000   
152.260   152.260   0.000   0.000   0.000   -71.000   
152.260   152.260   0.000   0.000   0.000   -77.000   
152.260   152.260   0.000   0.000   -0.020   -80.000   
152.260   152.260   0.000   0.000   0.000   -78.000   
152.260   152.260   0.000   0.000   0.020   -76.000   
152.260   152.260   -0.000   0.000   0.000   -73.000   
152.260   152.260   -0.000   0.000   0.020   -65.000   
152.260   152.260   -0.000   0.000   0.000   -66.000   
152.260   152.260   -0.000   0.000   0.000   -65.000   
152.260   152.260   -0.000   0.000   0.000   -68.000   
152.260   152.260   0.000   0.000   0.000   -72.000   
152.260   152.260   0.000   0.000   -0.020   -75.000   
152.260   152.260   0.000   0.000   0.000   -80.000   
152.260   152.260   0.000   0.000   0.020   -74.000   
152.260   152.260   0.000   0.000   0.000   -71.000   
152.260   152.260   -0.000   0.000   0.020   -72.000   
152.260   152.260   -0.000   0.000   0.000   -66.000   
152.260   152.260   -0.000   0.000   0.000   -69.000   
152.260   152.260   -0.000   0.000   0.000   -71.000   
152.260   152.260   0.000   0.000   -0.020   -73.000   
152.260   152.260   0.000   0.000   0.000   -77.000   
152.260   152.260   0.000   0.000   0.000   -77.000   
152.260   152.260   0.000   0.000   0.000   -77.000   
152.260   152.260   0.000   0.000   0.000   -75.000   
152.260   152.260   0.000   0.000   0.000   -77.000   
152.260   152.260   0.000   0.000   0.000   -75.000   
152.260   152.260   0.000   0.000   0.000   -74.000   
152.260   152.260   -0.000   0.000   0.020   -67.000   
152.260   152.260   -0.000   0.000   0.000   -66.000   
152.260   152.260   -0.000   0.000   0.000   -65.000   
152.260   152.260   -0.000   0.000   0.000   -68.000   
152.260   152.260   -0.000   0.000   0.000   -74.000   
152.260   152.260   0.000   0.000   -0.020   -77.000   
152.260   152.260   0.000   0.000   0.000   -82.000   
152.260   152.260   0.000   0.000   -0.020   -82.000   
152.260   152.260   0.000   0.000   0.000   -81.000   
152.260   152.260   0.000   0.000   0.020   -83.000   
152.260   152.260   -0.000   0.000   0.000   -76.000   
152.260   152.260   -0.000   0.000   0.020   -70.000   
152.260   152.260   -0.000   0.000   0.000   -73.000   
152.260   152.260   -0.000   0.000   0.000   -72.000   
152.260   152.260   -0.000   0.000   0.000   -73.000   
152.260   152.260   0.000   0.000   -0.020   -75.000   
152.260   152.260   0.000   0.000   0.000   -77.000   
152.260   152.260   0.000   0.000   0.000   -77.000   
152.260   152.260   0.000   0.000   0.000   -78.000   
152.260   152.260   0.000   0.000   0.000   -74.000   
152.260   152.260   0.000   0.000   0.000   -73.000   
152.260   152.260   0.000   0.000   -0.020   -73.000   
152.260   152.260   -0.000   0.000   0.020   -72.000   
152.260   152.260   -0.000   0.000   0.000   -73.000   
152.260   152.260   -0.000   0.000   0.000   -74.000   
152.260   152.260   0.000   0.000   0.000   -77.000   
152.260   152.260   0.000   0.000   0.000   -77.000   
152.260   152.260   0.000   0.000   0.000   -77.000   
152.260   152.260   0.000   0.000   -0.020   -79.000   
152.260   152.260   0.000   0.000   0.000   -85.000   
152.260   152.260   0.000   0.000   0.000   -79.000   
152.260   152.260   0.000   0.000   0.000   -76.000   
152.260   152.260   -0.000   0.000   0.020   -70.000   
152.260   152.260   -0.000   0.000   0.000   -70.000   
152.255   152.260   -0.001   -1.875   0.000   -70.000   
152.230   152.260   -0.006   -8.850   0.000   -68.000   
152.185   152.260   -0.019   -14.060   -0.430   133.000   
152.075   152.250   -0.079   -21.870   -0.275   562.000   
151.975   152.230   -0.132   -27.080   -3.235   478.000   
151.790   152.160   -0.229   -34.890   -12.830   326.000   
151.640   152.100   -0.308   -39.475   -15.320   2885.000   
151.480   152.010   -0.402   -41.560   -23.110   2821.000   
151.230   151.805   -0.437   -41.665   -31.565   1785.000   
151.065   151.640   -0.459   -41.665   -39.120   866.000   
150.815   151.375   -0.463   -41.665   -45.360   -27.000   
150.645   151.190   -0.453   -41.665   -45.790   698.000   
150.395   150.920   -0.436   -41.665   -45.105   -102.000   
150.230   150.745   -0.428   -41.665   -43.555   1161.000   
150.065   150.490   -0.422   -41.665   -42.120   790.000   
149.815   150.320   -0.419   -41.665   -42.395   230.000   
149.645   150.155   -0.419   -41.665   -41.495   581.000   
149.395   149.905   -0.418   -41.665   -42.005   417.000   
149.230   149.735   -0.417   -41.665   -41.690   337.000   
148.980   149.485   -0.417   -41.665   -41.630   422.000   
148.815   149.320   -0.416   -41.665   -41.805   339.000   
148.565   149.070   -0.417   -41.665   -41.495   529.000   
148.395   148.900   -0.417   -41.665   -41.690   483.000   
148.230   148.650   -0.417   -41.665   -41.750   517.000   
147.980   148.485   -0.417   -41.665   -41.650   529.000   
147.815   148.315   -0.416   -41.665   -41.945   410.000   
147.565   148.065   -0.416   -41.665   -41.750   405.000   
147.395   147.900   -0.415   -41.665   -41.845   307.000   
147.145   147.650   -0.415   -41.665   -41.670   305.000   
146.980   147.485   -0.416   -41.665   -41.395   411.000   
146.730   147.235   -0.417   -41.665   -41.535   523.000   
146.565   147.070   -0.418   -41.665   -41.395   595.000   
146.395   146.820   -0.418   -41.665   -41.690   536.000   
146.145   146.650   -0.417   -41.665   -41.790   493.000   
145.980   146.485   -0.417   -41.665   -41.750   430.000   
145.730   146.235   -0.416   -41.665   -41.925   389.000   
145.565   146.065   -0.415   -41.665   -41.690   390.000   
145.315   145.815   -0.416   -41.665   -41.570   368.000   
145.145   145.650   -0.416   -41.665   -41.590   392.000   
144.895   145.400   -0.416   -41.665   -41.535   427.000   
144.730   145.235   -0.417   -41.665   -41.690   448.000   
144.565   144.985   -0.417   -41.665   -41.550   438.000   
144.315   144.820   -0.417   -41.665   -41.670   429.000   
144.145   144.650   -0.416   -41.665   -41.730   384.000   
143.895   144.400   -0.416   -41.665   -41.610   450.000   
143.730   144.235   -0.417   -41.665   -41.670   507.000   
143.480   143.985   -0.417   -41.665   -41.750   452.000   
143.315   143.820   -0.417   -41.665   -41.690   453.000   
143.065   143.565   -0.416   -41.665   -41.770   375.000   
142.895   143.400   -0.416   -41.665   -41.730   374.000   
142.730   143.235   -0.416   -41.665   -41.790   356.000   
142.480   142.985   -0.416   -41.665   -41.650   365.000   
142.315   142.820   -0.417   -41.665   -41.495   478.000   
142.065   142.570   -0.417   -41.665   -41.630   458.000   
141.895   142.400   -0.417   -41.665   -41.570   486.000   
141.645   142.150   -0.417   -41.665   -41.770   423.000   
141.480   141.985   -0.417   -41.665   -41.750   418.000   
141.315   141.735   -0.416   -41.665   -41.790   365.000   
141.065   141.565   -0.416   -41.665   -41.690   391.000   
140.895   141.400   -0.416   -41.665   -41.710   412.000   
140.645   141.150   -0.416   -41.665   -41.710   349.000   
140.480   140.985   -0.417   -41.665   -41.515   475.000   
140.230   140.735   -0.417   -41.665   -41.670   421.000   
140.065   140.570   -0.417   -41.665   -41.630   441.000   
139.815   140.320   -0.417   -41.665   -41.610   469.000   
139.645   140.150   -0.417   -41.665   -41.730   395.000   
139.480   139.900   -0.417   -41.665   -41.610   486.000   
139.230   139.735   -0.416   -41.665   -41.750   405.000   
139.065   139.565   -0.416   -41.665   -41.670   430.000   
138.815   139.320   -0.417   -41.665   -41.630   446.000   
138.645   139.150   -0.416   -41.665   -41.790   355.000   
138.395   138.900   -0.416   -41.665   -41.650   410.000   
138.230   138.735   -0.416   -41.665   -41.750   343.000   
137.980   138.485   -0.416   -41.665   -41.630   390.000   
137.815   138.320   -0.417   -41.665   -41.475   454.000   
137.645   138.070   -0.417   -41.665   -41.670   512.000   
137.395   137.900   -0.417   -41.665   -41.570   516.000   
137.230   137.735   -0.417   -41.665   -41.790   420.000   
136.980   137.485   -0.416   -41.665   -41.750   402.000   
136.815   137.320   -0.416   -41.665   -41.630   414.000   
136.565   137.065   -0.416   -41.665   -41.790   406.000   
136.395   136.900   -0.416   -41.665   -41.630   420.000   
136.145   136.650   -0.416   -41.665   -41.570   382.000   
135.980   136.485   -0.416   -41.665   -41.630   413.000   
135.815   136.320   -0.417   -41.665   -41.535   472.000   
135.565   136.070   -0.417   -41.665   -41.710   476.000   
135.395   135.900   -0.417   -41.665   -41.610   426.000   
135.145   135.650   -0.416   -41.665   -41.670   413.000   
134.980   135.485   -0.416   -41.665   -41.750   404.000   
134.730   135.235   -0.417   -41.665   -41.570   469.000   
134.565   135.070   -0.417   -41.665   -41.690   455.000   
134.395   134.815   -0.416   -41.665   -41.790   413.000   
134.145   134.650   -0.416   -41.665   -41.650   391.000   
133.980   134.485   -0.416   -41.665   -41.750   342.000   
133.730   134.235   -0.416   -41.665   -41.515   469.000   
133.565   134.070   -0.417   -41.665   -41.670   430.000   
133.315   133.820   -0.417   -41.665   -41.690   457.000   
133.145   133.650   -0.417   -41.665   -41.590   487.000   
132.895   133.400   -0.417   -41.665   -41.710   428.000   
132.730   133.235   -0.417   -41.665   -41.570   510.000   
132.565   132.985   -0.417   -41.665   -41.670   452.000   
132.315   132.815   -0.416   -41.665   -41.770   446.000   
132.145   132.650   -0.416   -41.665   -41.730   402.000   
131.895   132.400   -0.416   -41.665   -41.710   383.000   
131.730   132.235   -0.416   -41.665   -41.590   385.000   
131.480   131.985   -0.417   -41.665   -41.570   433.000   
131.315   131.820   -0.417   -41.665   -41.630   456.000   
131.065   131.570   -0.417   -41.665   -41.630   485.000   
130.895   131.400   -0.417   -41.665   -41.670   464.000   
130.730   131.150   -0.416   -41.665   -41.770   395.000   
130.480   130.985   -0.417   -41.665   -41.630   443.000   
130.315   130.815   -0.416   -41.665   -41.710   447.000   
130.065   130.570   -0.416   -41.665   -41.650   472.000   
129.895   130.400   -0.417   -41.665   -41.670   430.000   
129.645   130.150   -0.416   -41.665   -41.730   385.000   
129.480   129.985   -0.416   -41.665   -41.630   441.000   
129.230   129.735   -0.416   -41.665   -41.710   428.000   
129.065   129.570   -0.416   -41.665   -41.590   475.000   
128.895   129.320   -0.417   -41.665   -41.670   468.000   
128.645   129.150   -0.417   -41.665   -41.670   444.000   
128.480   128.985   -0.417   -41.665   -41.630   492.000   
128.230   128.735   -0.417   -41.665   -41.710   465.000   
128.065   128.570   -0.416   -41.665   -41.650   480.000   
127.815   128.315   -0.416   -41.665   -41.670   436.000   
127.645   128.150   -0.416   -41.665   -41.730   388.000   
127.395   127.900   -0.416   -41.665   -41.650   428.000   
127.230   127.735   -0.416   -41.665   -41.710   396.000   
127.065   127.565   -0.416   -41.665   -41.570   439.000   
126.815   127.320   -0.417   -41.665   -41.515   478.000   
126.645   127.150   -0.417   -41.665   -41.710   513.000   
126.395   126.900   -0.417   -41.665   -41.590   510.000   
126.230   126.735   -0.417   -41.665   -41.790   431.000   
125.980   126.485   -0.416   -41.665   -41.750   459.000   
125.815   126.320   -0.417   -41.665   -41.650   446.000   
125.565   126.065   -0.416   -41.665   -41.770   469.000   
125.395   125.900   -0.416   -41.665   -41.590   485.000   
125.230   125.735   -0.416   -41.665   -41.790   430.000   
124.980   125.485   -0.416   -41.665   -41.730   407.000   
124.815   125.315   -0.416   -41.665   -41.570   450.000   
124.565   125.070   -0.417   -41.665   -41.670   481.000   
124.395   124.900   -0.417   -41.665   -41.590   491.000   
124.145   124.650   -0.417   -41.665   -41.610   446.000   
123.980   124.485   -0.417   -41.665   -41.690   461.000   
123.815   124.235   -0.417   -41.665   -41.610   473.000   
123.565   124.070   -0.417   -41.665   -41.710   489.000   
123.395   123.900   -0.416   -41.665   -41.650   415.000   
123.145   123.650   -0.416   -41.665   -41.670   421.000   
122.980   123.485   -0.416   -41.665   -41.730   403.000   
122.730   123.235   -0.416   -41.665   -41.570   440.000   
122.565   123.070   -0.416   -41.665   -41.650   465.000   
122.315   122.820   -0.417   -41.665   -41.670   452.000   
122.145   122.650   -0.417   -41.665   -41.650   457.000   
121.980   122.400   -0.417   -41.665   -41.710   409.000   
121.730   122.235   -0.417   -41.665   -41.570   488.000   
121.565   122.070   -0.417   -41.665   -41.710   428.000   
121.315   121.815   -0.416   -41.665   -41.750   436.000   
121.145   121.650   -0.416   -41.665   -41.690   426.000   
120.895   121.400   -0.416   -41.665   -41.690   401.000   
120.730   121.235   -0.416   -41.665   -41.610   424.000   
120.480   120.985   -0.416   -41.665   -41.610   416.000   
120.315   120.815   -0.416   -41.665   -41.690   427.000   
120.145   120.650   -0.416   -41.665   -41.670   423.000   
119.895   120.400   -0.417   -41.665   -41.630   437.000   
119.730   120.235   -0.417   -41.665   -41.570   428.000   
119.480   119.985   -0.417   -41.665   -41.650   447.000   
119.315   119.820   -0.417   -41.665   -41.750   433.000   
119.065   119.570   -0.416   -41.665   -41.670   462.000   
118.895   119.400   -0.417   -41.665   -41.690   433.000   
118.645   119.150   -0.416   -41.665   -41.730   376.000   
118.480   118.985   -0.416   -41.665   -41.630   409.000   
118.315   118.815   -0.416   -41.665   -41.730   411.000   
118.065   118.565   -0.416   -41.665   -41.630   443.000   
117.895   118.400   -0.416   -41.665   -41.670   431.000   
117.645   118.150   -0.416   -41.665   -41.690   388.000   
117.480   117.985   -0.417   -41.665   -41.590   436.000   
117.230   117.735   -0.416   -41.665   -41.710   407.000   
117.065   117.565   -0.416   -41.665   -41.670   408.000   
116.895   117.320   -0.417   -41.665   -41.630   419.000   
116.645   117.150   -0.416   -41.665   -41.690   380.000   
116.480   116.985   -0.416   -41.665   -41.650   422.000   
116.230   116.735   -0.416   -41.665   -41.730   375.000   
116.065   116.565   -0.416   -41.665   -41.630   404.000   
115.815   116.320   -0.417   -41.665   -41.610   410.000   
115.645   116.150   -0.416   -41.665   -41.710   378.000   
115.395   115.900   -0.417   -41.665   -41.610   445.000   
115.230   115.735   -0.416   -41.665   -41.690   403.000   
115.065   115.485   -0.416   -41.665   -41.710   400.000   
114.815   115.320   -0.417   -41.665   -41.590   429.000   
114.645   115.150   -0.416   -41.665   -41.730   446.000   
114.395   114.900   -0.416   -41.665   -41.650   420.000   
114.230   114.735   -0.416   -41.665   -41.730   383.000   
113.980   114.485   -0.416   -41.665   -41.710   374.000   
113.815   114.320   -0.417   -41.665   -41.590   407.000   
113.565   114.065   -0.416   -41.665   -41.730   429.000   
113.395   113.900   -0.417   -41.665   -41.590   454.000   
113.230   113.650   -0.417   -41.665   -41.690   427.000   
112.980   113.485   -0.416   -41.665   -41.710   392.000   
112.815   113.320   -0.417   -41.665   -41.590   452.000   
112.565   113.070   -0.417   -41.665   -41.730   466.000   
112.395   112.900   -0.417   -41.665   -41.610   453.000   
112.145   112.650   -0.416   -41.665   -41.650   409.000   
111.980   112.485   -0.416   -41.665   -41.710   377.000   
111.730   112.235   -0.416   -41.665   -41.610   423.000   
111.565   112.070   -0.416   -41.665   -41.710   442.000   
111.395   111.900   -0.417   -41.665   -41.570   428.000   
111.145   111.650   -0.417   -41.665   -41.630   446.000   
110.980   111.485   -0.416   -41.665   -41.730   361.000   
110.730   111.235   -0.416   -41.665   -41.650   423.000   
110.565   111.065   -0.416   -41.665   -41.730   433.000   
110.315   110.820   -0.415   -41.665   -41.710   428.000   
110.150   110.650   -0.415   -41.665   -41.630   428.000   
109.900   110.405   -0.416   -41.665   -41.670   169.000   
109.730   110.235   -0.415   -41.665   -41.435   240.000   
109.565   110.070   -0.416   -41.665   -41.295   -9.000   
109.315   109.820   -0.417   -41.665   -41.355   1433.000   
109.150   109.655   -0.417   -41.665   -41.550   1040.000   
108.900   109.405   -0.417   -41.665   -41.845   466.000   
108.730   109.235   -0.417   -41.665   -41.630   461.000   
108.480   108.985   -0.417   -41.665   -41.570   472.000   
108.315   108.820   -0.416   -41.665   -41.790   408.000   
108.150   108.570   -0.416   -41.665   -41.590   480.000   
107.900   108.405   -0.416   -41.665   -41.710   405.000   
107.730   108.235   -0.416   -41.665   -41.710   463.000   
107.480   107.985   -0.417   -41.665   -41.630   473.000   
107.315   107.820   -0.416   -41.665   -41.730   394.000   
107.065   107.570   -0.416   -41.665   -41.630   449.000   
106.900   107.405   -0.416   -41.665   -41.650   432.000   
106.650   107.155   -0.417   -41.665   -41.590   500.000   
106.480   106.985   -0.417   -41.665   -41.690   474.000   
106.315   106.735   -0.417   -41.665   -41.690   451.000   
106.065   106.570   -0.416   -41.665   -41.650   442.000   
105.900   106.405   -0.417   -41.665   -41.650   447.000   
105.650   106.155   -0.416   -41.665   -41.630   468.000   
105.480   105.985   -0.416   -41.665   -41.710   447.000   
105.230   105.735   -0.416   -41.665   -41.650   441.000   
105.065   105.570   -0.416   -41.665   -41.670   408.000   
104.815   105.320   -0.416   -41.665   -41.690   455.000   
104.650   105.155   -0.417   -41.665   -41.590   491.000   
104.480   104.900   -0.416   -41.665   -41.670   416.000   
104.230   104.735   -0.416   -41.665   -41.710   435.000   
104.065   104.570   -0.416   -41.665   -41.670   389.000   
103.815   104.320   -0.416   -41.665   -41.710   465.000   
103.650   104.155   -0.416   -41.665   -41.650   473.000   
103.400   103.900   -0.416   -41.665   -41.690   399.000   
103.230   103.735   -0.416   -41.665   -41.670   429.000   
102.980   103.485   -0.416   -41.665   -41.630   374.000   
102.815   103.320   -0.416   -41.665   -41.710   448.000   
102.650   103.155   -0.417   -41.665   -41.630   427.000   
102.400   102.900   -0.416   -41.665   -41.670   413.000   
102.230   102.735   -0.416   -41.665   -41.650   437.000   
101.980   102.485   -0.417   -41.665   -41.610   379.000   
101.815   102.320   -0.416   -41.665   -41.710   458.000   
101.565   102.070   -0.417   -41.665   -41.670   415.000   
101.400   101.900   -0.416   -41.665   -41.670   415.000   
101.230   101.650   -0.416   -41.665   -41.690   412.000   
100.980   101.485   -0.416   -41.665   -41.630   364.000   
100.815   101.320   -0.416   -41.665   -41.710   373.000   
100.565   101.070   -0.416   -41.665   -41.710   367.000   
100.400   100.900   -0.416   -41.665   -41.650   405.000   
100.150   100.650   -0.416   -41.665   -41.650   418.000   
99.980   100.485   -0.417   -41.665   -41.610   383.000   
99.730   100.235   -0.416   -41.665   -41.690   393.000   
99.565   100.070   -0.417   -41.665   -41.710   384.000   
99.400   99.820   -0.416   -41.665   -41.710   398.000   
99.150   99.650   -0.416   -41.665   -41.650   419.000   
98.980   99.485   -0.417   -41.665   -41.630   414.000   
98.730   99.235   -0.416   -41.665   -41.710   372.000   
98.565   99.070   -0.416   -41.665   -41.710   369.000   
98.315   98.820   -0.416   -41.665   -41.690   404.000   
98.150   98.655   -0.416   -41.665   -41.610   442.000   
97.900   98.405   -0.417   -41.665   -41.670   401.000   
97.730   98.235   -0.416   -41.665   -41.710   370.000   
97.565   97.985   -0.417   -41.665   -41.650   458.000   
97.315   97.820   -0.416   -41.665   -41.710   396.000   
97.150   97.655   -0.416   -41.665   -41.630   419.000   
96.900   97.405   -0.417   -41.665   -41.650   408.000   
96.730   97.235   -0.416   -41.665   -41.730   374.000   
96.480   96.985   -0.416   -41.665   -41.690   407.000   
96.315   96.820   -0.416   -41.665   -41.670   357.000   
96.065   96.570   -0.416   -41.665   -41.590   422.000   
95.900   96.405   -0.417   -41.665   -41.610   431.000   
95.730   96.235   -0.416   -41.665   -41.750   427.000   
95.480   95.985   -0.417   -41.665   -41.650   443.000   
95.315   95.820   -0.416   -41.665   -41.670   428.000   
95.065   95.570   -0.416   -41.665   -41.650   413.000   
94.900   95.405   -0.417   -41.665   -41.690   402.000   
94.650   95.150   -0.416   -41.665   -41.650   428.000   
94.480   94.985   -0.416   -41.665   -41.670   414.000   
94.230   94.735   -0.416   -41.665   -41.670   416.000   
94.065   94.570   -0.416   -41.665   -41.630   419.000   
93.900   94.405   -0.416   -41.665   -41.650   406.000   
93.650   94.155   -0.416   -41.665   -41.650   440.000   
93.480   93.985   -0.416   -41.665   -41.690   374.000   
93.230   93.735   -0.416   -41.665   -41.670   403.000   
93.065   93.570   -0.416   -41.665   -41.630   400.000   
92.815   93.320   -0.416   -41.665   -41.690   419.000   
92.650   93.155   -0.417   -41.665   -41.650   455.000   
92.480   92.900   -0.416   -41.665   -41.670   386.000   
92.230   92.735   -0.416   -41.665   -41.690   396.000   
92.065   92.570   -0.416   -41.665   -41.690   348.000   
91.815   92.320   -0.416   -41.665   -41.670   419.000   
91.650   92.155   -0.417   -41.665   -41.610   464.000   
91.400   91.905   -0.416   -41.665   -41.650   387.000   
91.230   91.735   -0.416   -41.665   -41.670   401.000   
90.980   91.485   -0.417   -41.665   -41.650   367.000   
90.815   91.320   -0.416   -41.665   -41.690   434.000   
90.650   91.070   -0.417   -41.665   -41.670   405.000   
90.230   90.735   -0.416   -41.665   -41.730   395.000   
89.980   90.485   -0.416   -41.665   -41.650   342.000   
89.815   90.320   -0.416   -41.665   -41.670   416.000   
89.565   90.070   -0.417   -41.665   -41.650   407.000   
89.400   89.905   -0.416   -41.665   -41.630   401.000   
89.150   89.655   -0.416   -41.665   -41.670   406.000   
88.980   89.485   -0.417   -41.665   -41.650   344.000   
88.815   89.235   -0.416   -41.665   -41.690   382.000   
88.565   89.070   -0.417   -41.665   -41.670   413.000   
88.400   88.905   -0.416   -41.665   -41.610   368.000   
88.150   88.655   -0.416   -41.665   -41.630   422.000   
87.980   88.485   -0.417   -41.665   -41.670   365.000   
87.730   88.235   -0.416   -41.665   -41.690   380.000   
87.565   88.070   -0.417   -41.665   -41.690   397.000   
87.315   87.820   -0.416   -41.665   -41.730   388.000   
87.150   87.655   -0.416   -41.665   -41.630   432.000   
86.980   87.485   -0.417   -41.665   -41.670   401.000   
86.730   87.235   -0.417   -41.665   -41.690   391.000   
86.565   87.070   -0.417   -41.665   -41.630   488.000   
86.315   86.820   -0.416   -41.665   -41.730   384.000   
86.150   86.655   -0.417   -41.665   -41.630   460.000   
85.900   86.405   -0.417   -41.665   -41.670   426.000   
85.730   86.235   -0.416   -41.665   -41.690   394.000   
85.565   85.985   -0.416   -41.665   -41.650   451.000   
85.315   85.820   -0.416   -41.665   -41.650   423.000   
85.150   85.655   -0.416   -41.665   -41.630   421.000   
84.900   85.405   -0.417   -41.665   -41.690   416.000   
84.730   85.235   -0.417   -41.665   -41.670   475.000   
84.480   84.985   -0.417   -41.665   -41.670   448.000   
84.315   84.820   -0.416   -41.665   -41.670   419.000   
84.065   84.570   -0.416   -41.665   -41.670   412.000   
83.900   84.405   -0.417   -41.665   -41.630   455.000   
83.730   84.150   -0.416   -41.665   -41.730   422.000   
83.480   83.985   -0.416   -41.665   -41.670   399.000   
83.315   83.820   -0.416   -41.665   -41.630   421.000   
83.065   83.570   -0.416   -41.665   -41.670   395.000   
82.900   83.405   -0.417   -41.665   -41.630   416.000   
82.650   83.150   -0.416   -41.665   -41.670   425.000   
82.480   82.985   -0.416   -41.665   -41.650   414.000   
82.230   82.735   -0.416   -41.665   -41.670   410.000   
82.065   82.570   -0.416   -41.665   -41.670   390.000   
81.900   82.320   -0.417   -41.665   -41.610   439.000   
81.650   82.150   -0.416   -41.665   -41.710   424.000   
81.480   81.985   -0.416   -41.665   -41.670   383.000   
81.230   81.735   -0.416   -41.665   -41.690   393.000   
81.065   81.570   -0.416   -41.665   -41.610   403.000   
80.815   81.320   -0.416   -41.665   -41.730   429.000   
80.650   81.150   -0.416   -41.665   -41.690   414.000   
80.400   80.905   -0.416   -41.665   -41.630   397.000   
80.230   80.735   -0.416   -41.665   -41.630   413.000   
80.065   80.570   -0.417   -41.665   -41.690   347.000   
79.815   80.320   -0.416   -41.665   -41.690   447.000   
79.650   80.155   -0.416   -41.665   -41.670   380.000   
79.400   79.900   -0.416   -41.665   -41.690   357.000   
79.230   79.735   -0.416   -41.665   -41.730   363.000   
78.980   79.485   -0.417   -41.665   -41.590   355.000   
78.815   79.320   -0.416   -41.665   -41.690   433.000   
78.565   79.070   -0.417   -41.665   -41.690   372.000   
78.400   78.900   -0.416   -41.665   -41.650   378.000   
78.230   78.735   -0.416   -41.665   -41.670   398.000   
77.980   78.485   -0.417   -41.665   -41.630   332.000   
77.815   78.320   -0.416   -41.665   -41.710   354.000   
77.565   78.070   -0.417   -41.665   -41.630   406.000   
77.400   77.900   -0.416   -41.665   -41.650   378.000   
77.150   77.650   -0.416   -41.665   -41.650   410.000   
76.980   77.485   -0.416   -41.665   -41.650   323.000   
76.815   77.235   -0.416   -41.665   -41.690   352.000   
76.565   77.070   -0.417   -41.665   -41.650   392.000   
76.400   76.900   -0.416   -41.665   -41.650   331.000   
76.150   76.650   -0.416   -41.665   -41.630   400.000   
75.980   76.485   -0.416   -41.665   -41.650   390.000   
75.730   76.235   -0.416   -41.665   -41.710   339.000   
75.565   76.070   -0.417   -41.665   -41.630   390.000   
75.315   75.820   -0.416   -41.665   -41.710   359.000   
75.150   75.650   -0.416   -41.665   -41.670   411.000   
74.980   75.405   -0.416   -41.665   -41.670   369.000   
74.730   75.235   -0.416   -41.665   -41.690   344.000   
74.565   75.070   -0.417   -41.665   -41.610   422.000   
74.315   74.820   -0.416   -41.665   -41.690   348.000   
74.150   74.655   -0.416   -41.665   -41.610   413.000   
73.900   74.405   -0.417   -41.665   -41.650   391.000   
73.730   74.235   -0.417   -41.665   -41.690   361.000   
73.480   73.985   -0.417   -41.665   -41.670   416.000   
73.315   73.820   -0.416   -41.665   -41.690   367.000   
73.150   73.650   -0.416   -41.665   -41.670   378.000   
72.900   73.405   -0.417   -41.665   -41.650   390.000   
72.730   73.235   -0.416   -41.665   -41.690   430.000   
72.480   72.985   -0.417   -41.665   -41.670   415.000   
72.315   72.820   -0.416   -41.665   -41.710   348.000   
72.065   72.570   -0.416   -41.665   -41.650   382.000   
71.900   72.405   -0.417   -41.665   -41.710   343.000   
71.730   72.155   -0.417   -41.665   -41.670   349.000   
71.480   71.985   -0.417   -41.665   -41.670   376.000   
71.315   71.820   -0.416   -41.665   -41.690   375.000   
71.065   71.570   -0.416   -41.665   -41.630   404.000   
70.900   71.405   -0.417   -41.665   -41.730   400.000   
70.650   71.150   -0.416   -41.665   -41.750   334.000   
70.480   70.985   -0.417   -41.665   -41.610   378.000   
70.230   70.735   -0.416   -41.665   -41.690   382.000   
70.065   70.570   -0.416   -41.665   -41.650   391.000   
69.900   70.320   -0.417   -41.665   -41.590   388.000   
69.650   70.150   -0.416   -41.665   -41.710   346.000   
69.480   69.985   -0.417   -41.665   -41.610   407.000   
69.230   69.735   -0.416   -41.665   -41.730   359.000   
69.065   69.570   -0.416   -41.665   -41.630   378.000   
68.815   69.320   -0.417   -41.665   -41.590   405.000   
68.650   69.155   -0.416   -41.665   -41.730   354.000   
68.400   68.905   -0.414   -41.665   -41.610   420.000   
68.235   68.735   -0.416   -41.665   -41.690   256.000   
68.065   68.490   -0.417   -41.665   -41.200   -40.000   
67.815   68.320   -0.416   -41.665   -42.140   -10.000   
67.650   68.155   -0.417   -41.665   -41.335   -44.000   
67.400   67.905   -0.417   -41.665   -41.535   995.000   
67.235   67.740   -0.417   -41.665   -41.965   376.000   
66.985   67.485   -0.416   -41.665   -41.825   345.000   
66.815   67.320   -0.417   -41.665   -41.535   393.000   
66.565   67.070   -0.417   -41.665   -41.710   402.000   
66.400   66.905   -0.416   -41.665   -41.650   409.000   
66.235   66.655   -0.416   -41.665   -41.670   388.000   
65.985   66.490   -0.417   -41.665   -41.610   402.000   
65.815   66.320   -0.417   -41.665   -41.690   456.000   
65.565   66.070   -0.416   -41.665   -41.670   413.000   
65.400   65.905   -0.416   -41.665   -41.690   384.000   
65.150   65.655   -0.416   -41.665   -41.670   391.000   
64.985   65.490   -0.417   -41.665   -41.610   416.000   
64.735   65.240   -0.417   -41.665   -41.690   473.000   
64.565   65.070   -0.417   -41.665   -41.630   436.000   
64.400   64.820   -0.416   -41.665   -41.750   413.000   
64.150   64.655   -0.416   -41.665   -41.690   399.000   
63.985   64.490   -0.417   -41.665   -41.610   437.000   
63.735   64.240   -0.417   -41.665   -41.710   452.000   
63.565   64.070   -0.416   -41.665   -41.650   424.000   
63.315   63.820   -0.417   -41.665   -41.590   438.000   
63.150   63.655   -0.416   -41.665   -41.730   410.000   
62.900   63.405   -0.417   -41.665   -41.610   441.000   
62.735   63.240   -0.417   -41.665   -41.670   469.000   
62.565   63.070   -0.416   -41.665   -41.630   407.000   
62.315   62.820   -0.416   -41.665   -41.630   436.000   
62.150   62.655   -0.416   -41.665   -41.730   358.000   
61.900   62.405   -0.416   -41.665   -41.590   444.000   
61.735   62.240   -0.417   -41.665   -41.690   459.000   
61.485   61.985   -0.416   -41.665   -41.730   408.000   
61.315   61.820   -0.416   -41.665   -41.630   427.000   
61.150   61.570   -0.417   -41.665   -41.690   381.000   
60.900   61.405   -0.417   -41.665   -41.570   465.000   
60.735   61.240   -0.417   -41.665   -41.710   390.000   
60.485   60.990   -0.416   -41.665   -41.670   432.000   
60.315   60.820   -0.416   -41.665   -41.670   425.000   
60.065   60.570   -0.417   -41.665   -41.690   406.000   
59.900   60.405   -0.417   -41.665   -41.570   475.000   
59.650   60.155   -0.417   -41.665   -41.650   420.000   
59.485   59.985   -0.416   -41.665   -41.750   404.000   
59.315   59.735   -0.416   -41.665   -41.650   428.000   
59.065   59.570   -0.417   -41.665   -41.670   408.000   
58.900   59.405   -0.416   -41.665   -41.570   389.000   
58.650   59.155   -0.417   -41.665   -41.650   400.000   
58.485   58.985   -0.416   -41.665   -41.690   423.000   
58.235   58.740   -0.416   -41.665   -41.630   455.000   
58.065   58.570   -0.417   -41.665   -41.690   419.000   
57.815   58.320   -0.416   -41.665   -41.770   359.000   
57.650   58.155   -0.417   -41.665   -41.590   418.000   
57.485   57.905   -0.416   -41.665   -41.710   421.000   
57.235   57.735   -0.416   -41.665   -41.670   433.000   
57.065   57.570   -0.417   -41.665   -41.670   450.000   
56.815   57.320   -0.416   -41.665   -41.750   369.000   
56.650   57.155   -0.417   -41.665   -41.590   435.000   
56.400   56.905   -0.416   -41.665   -41.730   407.000   
56.235   56.735   -0.416   -41.665   -41.650   432.000   
55.985   56.490   -0.417   -41.665   -41.610   466.000   
55.815   56.320   -0.416   -41.665   -41.770   359.000   
55.650   56.155   -0.416   -41.665   -41.610   438.000   
55.400   55.905   -0.416   -41.665   -41.710   401.000   
55.235   55.735   -0.416   -41.665   -41.630   427.000   
54.985   55.490   -0.417   -41.665   -41.630   442.000   
54.815   55.320   -0.416   -41.665   -41.730   343.000   
54.565   55.070   -0.417   -41.665   -41.570   458.000   
54.400   54.905   -0.416   -41.665   -41.750   392.000   
54.235   54.655   -0.416   -41.665   -41.650   419.000   
53.985   54.490   -0.417   -41.665   -41.650   439.000   
53.815   54.320   -0.417   -41.665   -41.670   480.000   
53.565   54.070   -0.416   -41.665   -41.630   430.000   
53.400   53.905   -0.416   -41.665   -41.770   434.000   
53.150   53.655   -0.416   -41.665   -41.690   404.000   
52.985   53.490   -0.417   -41.665   -41.630   433.000   
52.735   53.240   -0.416   -41.665   -41.710   455.000   
52.565   53.070   -0.416   -41.665   -41.630   438.000   
52.400   52.820   -0.416   -41.665   -41.610   420.000   
52.150   52.655   -0.416   -41.665   -41.710   407.000   
51.985   52.490   -0.416   -41.665   -41.590   449.000   
51.735   52.240   -0.417   -41.665   -41.690   455.000   
51.565   52.070   -0.417   -41.665   -41.630   448.000   
51.315   51.820   -0.416   -41.665   -41.650   417.000   
51.150   51.655   -0.416   -41.665   -41.690   410.000   
50.900   51.405   -0.417   -41.665   -41.535   474.000   
50.735   51.240   -0.417   -41.665   -41.710   454.000   
50.565   50.985   -0.416   -41.665   -41.730   393.000   
50.315   50.820   -0.416   -41.665   -41.650   417.000   
50.150   50.655   -0.416   -41.665   -41.710   350.000   
49.900   50.405   -0.417   -41.665   -41.535   446.000   
49.735   50.240   -0.417   -41.665   -41.730   434.000   
49.485   49.985   -0.416   -41.665   -41.750   393.000   
49.315   49.820   -0.416   -41.665   -41.650   393.000   
49.065   49.570   -0.416   -41.665   -41.730   345.000   
48.900   49.405   -0.416   -41.665   -41.535   443.000   
48.735   49.155   -0.416   -41.665   -41.730   371.000   
48.485   48.985   -0.416   -41.665   -41.710   374.000   
48.315   48.820   -0.416   -41.665   -41.630   394.000   
48.065   48.570   -0.417   -41.665   -41.690   360.000   
47.900   48.405   -0.416   -41.665   -41.570   435.000   
47.650   48.155   -0.417   -41.665   -41.610   394.000   
47.485   47.990   -0.416   -41.665   -41.730   366.000   
47.235   47.735   -0.416   -41.665   -41.670   391.000   
47.065   47.570   -0.417   -41.665   -41.670   376.000   
46.900   47.405   -0.417   -41.665   -41.570   367.000   
46.650   47.155   -0.417   -41.665   -41.650   398.000   
46.485   46.985   -0.416   -41.665   -41.790   352.000   
46.235   46.735   -0.416   -41.665   -41.610   411.000   
46.065   46.570   -0.417   -41.665   -41.690   368.000   
45.815   46.320   -0.416   -41.665   -41.750   362.000   
45.650   46.155   -0.417   -41.665   -41.630   385.000   
45.485   45.905   -0.416   -41.665   -41.710   385.000   
45.235   45.740   -0.416   -41.665   -41.630   415.000   
45.065   45.570   -0.416   -41.665   -41.730   391.000   
44.815   45.320   -0.416   -41.665   -41.710   347.000   
44.650   45.155   -0.417   -41.665   -41.590   437.000   
44.400   44.905   -0.416   -41.665   -41.730   367.000   
44.235   44.735   -0.416   -41.665   -41.610   409.000   
43.985   44.490   -0.417   -41.665   -41.570   422.000   
43.815   44.320   -0.416   -41.665   -41.730   366.000   
43.650   44.070   -0.416   -41.665   -41.650   410.000   
43.400   43.905   -0.416   -41.665   -41.710   382.000   
43.235   43.735   -0.416   -41.665   -41.610   384.000   
42.985   43.490   -0.417   -41.665   -41.570   414.000   
42.815   43.320   -0.417   -41.665   -41.710   371.000   
42.565   43.070   -0.417   -41.665   -41.610   454.000   
42.400   42.905   -0.416   -41.665   -41.730   384.000   
42.150   42.655   -0.416   -41.665   -41.730   398.000   
41.985   42.490   -0.416   -41.665   -41.630   392.000   
41.815   42.240   -0.416   -41.665   -41.690   456.000   
41.565   42.070   -0.417   -41.665   -41.570   477.000   
41.400   41.905   -0.416   -41.665   -41.710   429.000   
41.150   41.655   -0.416   -41.665   -41.730   410.000   
40.985   41.490   -0.417   -41.665   -41.610   424.000   
40.735   41.235   -0.416   -41.665   -41.730   451.000   
40.565   41.070   -0.417   -41.665   -41.630   459.000   
40.315   40.820   -0.417   -41.665   -41.630   434.000   
40.150   40.655   -0.416   -41.665   -41.730   413.000   
39.985   40.490   -0.417   -41.665   -41.590   448.000   
39.735   40.240   -0.416   -41.665   -41.770   369.000   
39.565   40.070   -0.417   -41.665   -41.570   477.000   
39.315   39.820   -0.416   -41.665   -41.710   396.000   
39.150   39.655   -0.416   -41.665   -41.670   431.000   
38.900   39.405   -0.417   -41.665   -41.610   445.000   
38.735   39.240   -0.416   -41.665   -41.730   382.000   
38.565   38.990   -0.416   -41.665   -41.690   463.000   
38.315   38.820   -0.416   -41.665   -41.670   403.000   
38.150   38.655   -0.416   -41.665   -41.690   412.000   
37.900   38.405   -0.417   -41.665   -41.590   445.000   
37.735   38.240   -0.416   -41.665   -41.750   482.000   
37.485   37.985   -0.416   -41.665   -41.710   449.000   
37.315   37.820   -0.416   -41.665   -41.670   386.000   
37.065   37.570   -0.416   -41.665   -41.670   404.000   
36.900   37.405   -0.417   -41.665   -41.610   436.000   
36.735   37.155   -0.417   -41.665   -41.630   471.000   
36.485   36.985   -0.416   -41.665   -41.730   439.000   
36.315   36.820   -0.416   -41.665   -41.690   417.000   
36.065   36.570   -0.416   -41.665   -41.630   433.000   
35.900   36.405   -0.417   -41.665   -41.570   462.000   
35.650   36.155   -0.416   -41.665   -41.690   441.000   
35.485   35.985   -0.416   -41.665   -41.690   442.000   
35.235   35.735   -0.416   -41.665   -41.690   420.000   
35.065   35.570   -0.416   -41.665   -41.610   443.000   
34.900   35.320   -0.416   -41.665   -41.710   444.000   
34.650   35.155   -0.417   -41.665   -41.650   456.000   
34.485   34.990   -0.417   -41.665   -41.670   404.000   
34.235   34.735   -0.416   -41.665   -41.750   402.000   
34.065   34.570   -0.416   -41.665   -41.590   438.000   
33.815   34.320   -0.416   -41.665   -41.690   451.000   
33.650   34.155   -0.416   -41.665   -41.710   447.000   
33.400   33.905   -0.416   -41.665   -41.670   398.000   
33.235   33.735   -0.416   -41.665   -41.670   413.000   
33.065   33.485   -0.416   -41.665   -41.650   377.000   
32.815   33.320   -0.416   -41.665   -41.690   430.000   
32.650   33.155   -0.416   -41.665   -41.650   400.000   
32.400   32.905   -0.416   -41.665   -41.630   401.000   
32.235   32.735   -0.416   -41.665   -41.710   398.000   
31.985   32.490   -0.416   -41.665   -41.630   372.000   
31.815   32.320   -0.416   -41.665   -41.670   451.000   
31.565   32.070   -0.417   -41.665   -41.650   403.000   
31.400   31.905   -0.416   -41.665   -41.690   388.000   
31.235   31.740   -0.416   -41.665   -41.630   420.000   
30.985   31.490   -0.417   -41.665   -41.610   368.000   
30.815   31.320   -0.416   -41.665   -41.710   377.000   
30.565   31.070   -0.417   -41.665   -41.670   395.000   
30.400   30.905   -0.416   -41.665   -41.630   417.000   
30.150   30.655   -0.416   -41.665   -41.710   396.000   
29.985   30.490   -0.416   -41.665   -41.630   365.000   
29.815   30.240   -0.417   -41.665   -41.670   398.000   
29.565   30.070   -0.417   -41.665   -41.630   422.000   
29.400   29.905   -0.416   -41.665   -41.670   401.000   
29.150   29.655   -0.416   -41.665   -41.730   380.000   
28.985   29.490   -0.417   -41.665   -41.590   447.000   
28.735   29.240   -0.417   -41.665   -41.710   386.000   
28.565   29.070   -0.417   -41.665   -41.630   417.000   
28.315   28.820   -0.417   -41.665   -41.670   413.000   
28.150   28.655   -0.416   -41.665   -41.710   407.000   
27.985   28.405   -0.416   -41.665   -41.670   417.000   
27.735   28.240   -0.417   -41.665   -41.630   422.000   
27.565   28.070   -0.417   -41.665   -41.690   476.000   
27.315   27.820   -0.417   -41.665   -41.690   448.000   
27.150   27.655   -0.416   -41.665   -41.710   380.000   
26.900   27.405   -0.415   -41.665   -41.630   415.000   
26.735   27.240   -0.415   -41.665   -41.650   434.000   
26.485   26.990   -0.415   -41.665   -41.495   836.000   
26.320   26.825   -0.417   -41.665   -41.160   54.000   
26.150   26.575   -0.418   -41.665   -42.260   -31.000   
25.900   26.405   -0.416   -41.665   -41.180   14.000   
25.735   26.240   -0.417   -41.665   -41.710   153.000   
25.485   25.990   -0.416   -41.665   -41.710   430.000   
25.320   25.820   -0.416   -41.665   -41.750   373.000   
25.070   25.570   -0.416   -41.665   -41.610   408.000   
24.900   25.405   -0.417   -41.665   -41.710   404.000   
24.650   25.155   -0.417   -41.665   -41.670   427.000   
24.485   24.990   -0.416   -41.665   -41.690   412.000   
24.320   24.820   -0.417   -41.665   -41.670   420.000   
24.070   24.575   -0.417   -41.665   -41.590   450.000   
23.900   24.405   -0.417   -41.665   -41.710   487.000   
23.650   24.155   -0.416   -41.665   -41.710   431.000   
23.485   23.990   -0.416   -41.665   -41.710   377.000   
23.235   23.740   -0.416   -41.665   -41.650   432.000   
23.070   23.575   -0.417   -41.665   -41.590   450.000   
22.900   23.325   -0.416   -41.665   -41.650   445.000   
22.650   23.155   -0.417   -41.665   -41.630   455.000   
22.485   22.990   -0.416   -41.665   -41.710   407.000   
22.235   22.740   -0.416   -41.665   -41.670   417.000   
22.070   22.575   -0.417   -41.665   -41.630   425.000   
21.820   22.320   -0.416   -41.665   -41.650   461.000   
21.650   22.155   -0.416   -41.665   -41.670   432.000   
21.400   21.905   -0.416   -41.665   -41.670   416.000   
21.235   21.740   -0.416   -41.665   -41.630   411.000   
21.070   21.490   -0.417   -41.665   -41.690   459.000   
20.820   21.325   -0.417   -41.665   -41.670   466.000   
20.650   21.155   -0.417   -41.665   -41.670   409.000   
20.400   20.905   -0.416   -41.665   -41.670   420.000   
20.235   20.740   -0.416   -41.665   -41.690   397.000   
19.985   20.490   -0.417   -41.665   -41.690   469.000   
19.820   20.325   -0.417   -41.665   -41.650   477.000   
19.570   20.075   -0.416   -41.665   -41.690   414.000   
19.400   19.905   -0.417   -41.665   -41.650   443.000   
19.235   19.655   -0.417   -41.665   -41.630   382.000   
18.985   19.490   -0.416   -41.665   -41.690   458.000   
18.820   19.325   -0.417   -41.665   -41.630   455.000   
18.570   19.070   -0.416   -41.665   -41.670   418.000   
18.400   18.905   -0.416   -41.665   -41.690   443.000   
18.150   18.655   -0.417   -41.665   -41.570   399.000   
17.985   18.490   -0.416   -41.665   -41.750   460.000   
17.735   18.240   -0.417   -41.665   -41.630   457.000   
17.570   18.075   -0.416   -41.665   -41.670   434.000   
17.400   17.820   -0.416   -41.665   -41.670   412.000   
17.150   17.655   -0.417   -41.665   -41.550   398.000   
16.985   17.490   -0.416   -41.665   -41.730   387.000   
16.735   17.240   -0.417   -41.665   -41.630   437.000   
16.570   17.075   -0.416   -41.665   -41.650   421.000   
16.320   16.825   -0.416   -41.665   -41.650   424.000   
16.150   16.655   -0.417   -41.665   -41.630   393.000   
15.900   16.405   -0.416   -41.665   -41.730   379.000   
15.735   16.240   -0.417   -41.665   -41.630   427.000   
15.570   16.075   -0.416   -41.665   -41.650   422.000   
15.320   15.820   -0.416   -41.665   -41.690   431.000   
15.150   15.655   -0.417   -41.665   -41.610   443.000   
14.900   15.405   -0.416   -41.665   -41.750   372.000   
14.735   15.240   -0.417   -41.665   -41.610   433.000   
14.485   14.990   -0.416   -41.665   -41.650   414.000   
14.320   14.820   -0.416   -41.665   -41.690   450.000   
14.070   14.575   -0.417   -41.665   -41.650   419.000   
13.900   14.405   -0.416   -41.665   -41.690   389.000   
13.735   14.240   -0.416   -41.665   -41.630   443.000   
13.485   13.990   -0.416   -41.665   -41.670   392.000   
13.320   13.825   -0.416   -41.665   -41.630   428.000   
13.070   13.575   -0.417   -41.665   -41.630   433.000   
12.900   13.405   -0.416   -41.665   -41.770   354.000   
12.650   13.155   -0.416   -41.665   -41.650   452.000   
12.485   12.990   -0.416   -41.665   -41.630   415.000   
12.320   12.740   -0.416   -41.665   -41.650   427.000   
12.070   12.575   -0.417   -41.665   -41.690   424.000   
11.900   12.405   -0.416   -41.665   -41.710   450.000   
11.650   12.155   -0.416   -41.665   -41.690   438.000   
11.485   11.990   -0.416   -41.665   -41.650   387.000   
11.235   11.740   -0.416   -41.665   -41.630   435.000   
11.070   11.575   -0.417   -41.665   -41.650   433.000   
10.820   11.325   -0.416   -41.665   -41.630   445.000   
10.650   11.155   -0.416   -41.665   -41.710   433.000   
10.485   10.905   -0.416   -41.665   -41.650   442.000   
10.235   10.740   -0.416   -41.665   -41.630   408.000   
10.070   10.575   -0.416   -41.665   -41.670   423.000   
9.820   10.320   -0.416   -41.665   -41.630   440.000   
9.650   10.155   -0.416   -41.665   -41.670   437.000   
9.400   9.905   -0.416   -41.665   -41.650   430.000   
9.235   9.740   -0.416   -41.665   -41.670   385.000   
8.985   9.490   -0.416   -41.665   -41.610   418.000   
8.820   9.325   -0.416   -41.665   -41.670   379.000   
8.650   9.155   -0.417   -41.665   -41.630   436.000   
8.400   8.905   -0.416   -41.665   -41.690   411.000   
8.235   8.740   -0.416   -41.665   -41.650   395.000   
7.985   8.490   -0.417   -41.665   -41.610   427.000   
7.820   8.320   -0.416   -41.665   -41.750   356.000   
7.570   8.075   -0.416   -41.665   -41.610   431.000   
7.400   7.905   -0.416   -41.665   -41.690   392.000   
7.235   7.655   -0.416   -41.665   -41.710   388.000   
6.985   7.490   -0.417   -41.665   -41.570   423.000   
6.820   7.325   -0.416   -41.665   -41.710   437.000   
6.570   7.075   -0.417   -41.665   -41.630   437.000   
6.400   6.905   -0.416   -41.665   -41.730   369.000   
6.150   6.655   -0.416   -41.665   -41.630   404.000   
5.985   6.490   -0.417   -41.665   -41.610   419.000   
5.735   6.240   -0.416   -41.665   -41.710   441.000   
5.570   6.075   -0.417   -41.665   -41.630   444.000   
5.400   5.825   -0.416   -41.665   -41.650   386.000   
5.150   5.655   -0.416   -41.665   -41.670   405.000   
4.985   5.490   -0.416   -41.665   -41.630   425.000   
4.735   5.240   -0.417   -41.665   -41.710   452.000   
4.570   5.075   -0.417   -41.665   -41.590   389.000   
4.320   4.825   -0.416   -41.665   -41.630   394.000   
4.150   4.655   -0.416   -41.665   -41.710   397.000   
3.900   4.405   -0.416   -41.665   -41.590   430.000   
3.735   4.240   -0.417   -41.665   -41.710   445.000   
3.570   3.990   -0.416   -41.665   -41.790   375.000   
3.320   3.825   -0.416   -41.665   -41.590   396.000   
3.150   3.655   -0.416   -41.665   -41.690   364.000   
2.900   3.405   -0.416   -41.665   -41.610   419.000   
2.735   3.240   -0.416   -41.665   -41.730   423.000   
2.485   2.990   -0.416   -41.665   -41.770   387.000   
2.320   2.825   -0.416   -41.665   -41.610   415.000   
2.070   2.570   -0.416   -41.665   -41.750   329.000   
1.900   2.405   -0.416   -41.665   -41.570   428.000   
1.735   2.155   -0.417   -41.665   -41.690   413.000   
1.485   1.990   -0.416   -41.665   -41.770   376.000   
1.320   1.825   -0.416   -41.665   -41.590   420.000   
1.070   1.575   -0.417   -41.665   -41.710   365.000   
0.900   1.405   -0.416   -41.665   -41.590   427.000   
0.650   1.155   -0.417   -41.665   -41.630   394.000   
0.485   0.990   -0.416   -41.665   -41.730   383.000   
0.235   0.740   -0.416   -41.665   -41.610   432.000   
0.070   0.575   -0.416   -41.665   -41.730   357.000   
-0.100   0.405   -0.416   -41.665   -41.610   364.000   
-0.350   0.155   -0.417   -41.665   -41.590   420.000   
-0.515   -0.010   -0.417   -41.665   -41.670   412.000   
-0.765   -0.260   -0.416   -41.665   -41.710   374.000   
-0.930   -0.425   -0.416   -41.665   -41.710   388.000   
-1.180   -0.675   -0.417   -41.665   -41.630   393.000   
-1.350   -0.845   -0.417   -41.665   -41.670   383.000   
-1.515   -1.095   -0.417   -41.665   -41.670   430.000   
-1.765   -1.260   -0.416   -41.665   -41.710   390.000   
-1.930   -1.425   -0.416   -41.665   -41.610   404.000   
-2.180   -1.675   -0.416   -41.665   -41.630   384.000   
-2.350   -1.845   -0.416   -41.665   -41.710   446.000   
-2.600   -2.095   -0.417   -41.665   -41.550   460.000   
-2.765   -2.260   -0.416   -41.665   -41.730   387.000   
-3.015   -2.510   -0.416   -41.665   -41.710   398.000   
-3.180   -2.675   -0.417   -41.665   -41.570   411.000   
-3.350   -2.925   -0.417   -41.665   -41.710   389.000   
-3.600   -3.095   -0.417   -41.665   -41.630   420.000   
-3.765   -3.260   -0.416   -41.665   -41.710   412.000   
-4.015   -3.510   -0.416   -41.665   -41.690   434.000   
-4.180   -3.675   -0.417   -41.665   -41.630   401.000   
-4.430   -3.925   -0.417   -41.665   -41.710   394.000   
-4.600   -4.095   -0.417   -41.665   -41.650   423.000   
-4.850   -4.345   -0.416   -41.665   -41.710   420.000   
-5.015   -4.510   -0.416   -41.665   -41.690   415.000   
-5.180   -4.760   -0.417   -41.665   -41.590   460.000   
-5.430   -4.925   -0.417   -41.665   -41.730   395.000   
-5.600   -5.095   -0.417   -41.665   -41.650   474.000   
-5.845   -5.345   -0.416   -39.790   -41.690   410.000   
-5.995   -5.510   -0.413   -35.415   -41.690   425.000   
-6.185   -5.760   -0.392   -27.600   -41.590   464.000   
-6.285   -5.925   -0.358   -22.390   -41.240   489.000   
-6.395   -6.145   -0.279   -14.580   -36.255   -31.000   
-6.445   -6.275   -0.217   -9.370   -31.605   -794.000   
-6.470   -6.375   -0.124   -4.165   -25.445   -428.000   
-6.480   -6.485   -0.062   -0.100   -19.935   -1511.000   
-6.480   -6.535   -0.004   0.000   -15.045   -2453.000   
-6.480   -6.550   0.036   0.000   -1.140   -888.000   
-6.480   -6.535   0.040   0.000   3.120   -428.000   
-6.480   -6.515   0.033   0.000   3.140   -701.000   
-6.480   -6.500   0.020   0.000   4.020   317.000   
-6.480   -6.490   0.010   0.000   1.470   -153.000   
-6.480   -6.480   -0.001   0.000   2.765   773.000   
-6.480   -6.480   -0.003   0.000   0.235   373.000   
-6.480   -6.480   -0.000   0.000   0.080   184.000   
-6.480   -6.480   0.001   0.000   -0.980   53.000   
-6.480   -6.480   0.002   0.000   -0.430   -29.000   
-6.480   -6.480   0.001   0.000   0.295   -1.000   
-6.480   -6.480   0.001   0.000   -0.195   -128.000   
-6.480   -6.480   0.000   0.000   0.215   79.000   
-6.480   -6.480   0.000   0.000   0.120   -61.000   
-6.480   -6.480   0.001   0.000   -0.020   43.000   
-6.480   -6.480   0.000   0.000   0.060   15.000   
-6.480   -6.480   0.001   0.000   0.000   -34.000   
-6.480   -6.480   -0.000   0.000   0.020   46.000   
-6.480   -6.480   -0.000   0.000   0.120   6.000   
-6.480   -6.480   -0.001   0.000   0.120   159.000   
-6.480   -6.480   -0.001   0.000   -0.040   80.000   
-6.480   -6.480   -0.000   0.000   -0.060   38.000   
-6.480   -6.480   -0.000   0.000   -0.040   65.000   
-6.480   -6.480   0.000   0.000   -0.060   -9.000   
-6.480   -6.480   0.000   0.000   0.020   35.000   
-6.480   -6.480   0.000   0.000   -0.040   6.000   
-6.480   -6.480   0.000   0.000   0.040   31.000   
-6.480   -6.480   0.000   0.000   0.060   22.000   
-6.480   -6.480   0.000   0.000   0.020   10.000   
-6.480   -6.480   -0.001   0.000   0.195   136.000   
-6.480   -6.480   -0.001   0.000   -0.040   74.000   
-6.480   -6.480   -0.000   0.000   -0.040   30.000   
-6.480   -6.480   0.000   0.000   -0.020   46.000   
-6.480   -6.480   0.000   0.000   -0.040   28.000   
-6.480   -6.480   0.000   0.000   0.020   48.000   
-6.480   -6.480   0.000   0.000   -0.020   29.000   
-6.480   -6.480   0.000   0.000   -0.020   21.000   
-6.480   -6.480   0.000   0.000   0.020   38.000   
-6.480   -6.480   0.000   0.000   -0.020   26.000   
-6.480   -6.480   0.000   0.000   0.040   38.000   
-6.480   -6.480   -0.000   0.000   0.000   62.000   
-6.480   -6.480   -0.000   0.000   0.000   38.000   
-6.480   -6.480   -0.000   0.000   0.000   41.000   
-6.480   -6.480   -0.000   0.000   -0.020   48.000   
-6.480   -6.480   0.000   0.000   -0.020   31.000   
-6.480   -6.480   0.000   0.000   -0.020   45.000   
-6.480   -6.480   0.000   0.000   0.020   27.000   
-6.480   -6.480   0.000   0.000   -0.020   26.000   
-6.480   -6.480   0.000   0.000   0.020   49.000   
-6.480   -6.480   -0.000   0.000   0.000   37.000   
-6.480   -6.480   0.000   0.000   -0.020   49.000   
-6.480   -6.480   -0.000   0.000   0.040   56.000   
-6.480   -6.480   0.000   0.000   -0.040   29.000   
-6.480   -6.480   0.000   0.000   0.020   52.000   
-6.480   -6.480   -0.000   0.000   0.040   41.000   
-6.480   -6.480   0.000   0.000   -0.040   30.000   
-6.480   -6.480   0.000   0.000   0.020   44.000   
-6.480   -6.480   0.000   0.000   -0.040   20.000   
-6.480   -6.480   -0.000   0.000   0.040   52.000   
-6.480   -6.480   0.000   0.000   -0.020   25.000   
-6.480   -6.480   0.000   0.000   0.040   52.000   
-6.480   -6.480   -0.000   0.000   -0.020   40.000   
-6.480   -6.480   -0.000   0.000   -0.020   35.000   
-6.480   -6.480   -0.000   0.000   0.020   69.000   
-6.480   -6.480   -0.000   0.000   -0.020   46.000   
-6.480   -6.480   0.000   0.000   -0.020   28.000   
-6.480   -6.480   0.000   0.000   -0.020   49.000   
-6.480   -6.480   0.000   0.000   0.000   16.000   
-6.480   -6.480   0.000   0.000   0.000   54.000   
-6.480   -6.480   -0.000   0.000   0.020   47.000   
-6.480   -6.480   0.000   0.000   0.000   27.000   
-6.480   -6.480   -0.000   0.000   0.000   62.000   
-6.480   -6.480   -0.000   0.000   0.020   29.000   
-6.480   -6.480   0.000   0.000   -0.040   23.000   
-6.480   -6.480   -0.000   0.000   0.020   61.000   
-6.480   -6.480   0.000   0.000   -0.040   19.000   
-6.480   -6.480   0.000   0.000   -0.060   44.000   
-6.480   -6.480   -0.000   0.000   0.080   20.000   
-6.480   -6.480   0.000   0.000   -0.080   9.000   
-6.480   -6.480   -0.000   0.000   0.080   75.000   
-6.480   -6.480   -0.000   0.000   0.100   26.000   
-6.480   -6.480   0.000   0.000   -0.080   37.000   
-6.480   -6.480   -0.000   0.000   0.080   86.000   
-6.480   -6.480   -0.000   0.000   -0.080   12.000   
-6.480   -6.480   -0.000   0.000   0.080   28.000   
-6.480   -6.480   -0.000   0.000   0.100   53.000   
-6.480   -6.480   0.000   0.000   -0.100   22.000   
-6.480   -6.480   0.000   0.000   0.080   68.000   
-6.480   -6.480   0.000   0.000   -0.100   -7.000   
-6.480   -6.480   0.000   0.000   -0.080   4.000   
-6.480   -6.480   -0.000   0.000   0.100   55.000   
-6.480   -6.480   -0.000   0.000   -0.080   11.000   
-6.480   -6.480   0.000   0.000   0.100   67.000   
-6.480   -6.480   -0.000   0.000   -0.080   85.000   
-6.480   -6.480   0.000   0.000   -0.080   13.000   
-6.480   -6.480   -0.000   0.000   0.080   88.000   
-6.480   -6.480   -0.000   0.000   -0.080   20.000   
-6.480   -6.480   0.000   0.000   0.060   40.000   
-6.480   -6.480   -0.000   0.000   0.060   76.000   
-6.480   -6.480   0.000   0.000   -0.060   -8.000   
-6.480   -6.480   -0.000   0.000   0.060   31.000   
-6.480   -6.480   -0.000   0.000   -0.040   26.000   
-6.480   -6.480   0.000   0.000   0.040   26.000   
-6.480   -6.480   -0.000   0.000   0.020   84.000   
-6.480   -6.480   -0.000   0.000   0.000   0.000   
-6.480   -6.480   0.000   0.000   0.000   22.000   
-6.480   -6.480   -0.000   0.000   0.000   61.000   
-6.480   -6.480   -0.000   0.000   -0.020   4.000   
-6.480   -6.480   0.000   0.000   -0.040   65.000   
-6.480   -6.480   -0.000   0.000   0.040   70.000   
-6.480   -6.480   0.000   0.000   -0.060   -6.000   
-6.480   -6.480   -0.000   0.000   0.060   74.000   
-6.480   -6.480   -0.000   0.000   0.080   12.000   
-6.480   -6.480   0.000   0.000   -0.060   55.000   
-6.480   -6.480   -0.000   0.000   0.100   95.000   
-6.480   -6.480   0.000   0.000   -0.100   -3.000   
-6.480   -6.480   0.000   0.000   0.100   37.000   
-6.480   -6.480   -0.000   0.000   0.120   37.000   
-6.480   -6.480   0.000   0.000   -0.135   -4.000   
-6.480   -6.480   0.000   0.000   0.120   80.000   
-6.480   -6.480   0.000   0.000   -0.135   -12.000   
-6.480   -6.480   0.000   0.000   -0.120   7.000   
-6.480   -6.480   -0.000   0.000   0.120   37.000   
-6.480   -6.480   0.000   0.000   -0.100   -8.000   
-6.480   -6.480   0.000   0.000   0.120   73.000   
-6.480   -6.480   -0.000   0.000   -0.120   73.000   
-6.480   -6.480   0.000   0.000   -0.100   -2.000   
-6.480   -6.480   -0.000   0.000   0.100   64.000   
-6.480   -6.480   -0.000   0.000   -0.100   16.000   
-6.480   -6.480   0.000   0.000   0.080   50.000   
-6.480   -6.480   -0.000   0.000   0.060   88.000   
-6.480   -6.480   0.000   0.000   -0.080   -11.000   
-6.480   -6.480   0.000   0.000   0.060   32.000   
-6.480   -6.480   -0.000   0.000   -0.040   23.000   
-6.480   -6.480   0.000   0.000   0.040   -11.000   
-6.480   -6.480   -0.000   0.000   0.040   85.000   
-6.480   -6.480   0.000   0.000   -0.020   -7.000   
-6.480   -6.480   0.000   0.000   0.000   18.000   
-6.480   -6.480   -0.000   0.000   0.020   64.000   
-6.480   -6.480   -0.000   0.000   0.020   7.000   
-6.480   -6.480   0.000   0.000   -0.040   68.000   
-6.480   -6.480   -0.000   0.000   0.040   74.000   
-6.480   -6.480   0.000   0.000   -0.060   -6.000   
-6.480   -6.480   -0.000   0.000   0.080   50.000   
-6.480   -6.480   -0.000   0.000   0.080   13.000   
-6.480   -6.480   0.000   0.000   -0.080   45.000   
-6.480   -6.480   -0.000   0.000   0.100   94.000   
-6.480   -6.480   0.000   0.000   -0.100   -8.000   
-6.480   -6.480   0.000   0.000   -0.120   33.000   
-6.480   -6.480   -0.000   0.000   0.120   34.000   
-6.480   -6.480   0.000   0.000   -0.120   -4.000   
-6.480   -6.480   0.000   0.000   0.120   87.000   
-6.480   -6.480   0.000   0.000   -0.135   57.000   
-6.480   -6.480   0.000   0.000   -0.120   -3.000   
-6.480   -6.480   -0.000   0.000   0.120   60.000   
-6.480   -6.480   -0.000   0.000   -0.120   -1.000   
-6.480   -6.480   0.000   0.000   0.120   65.000   
-6.480   -6.480   -0.000   0.000   0.120   79.000   
-6.480   -6.480   0.000   0.000   -0.100   -11.000   
-6.480   -6.480   0.000   0.000   0.100   56.000   
-6.480   -6.480   -0.000   0.000   -0.100   16.000   
-6.480   -6.480   0.000   0.000   0.100   -13.000   
-6.480   -6.480   -0.000   0.000   0.060   94.000   
-6.480   -6.480   0.000   0.000   -0.060   -15.000   
-6.480   -6.480   0.000   0.000   0.040   27.000   
-6.480   -6.480   -0.000   0.000   -0.020   30.000   
-6.480   -6.480   0.000   0.000   -0.020   -5.000   
-6.480   -6.480   0.000   0.000   0.000   92.000   
-6.480   -6.480   -0.000   0.000   0.020   68.000   
-6.480   -6.480   0.000   0.000   -0.020   10.000   
-6.480   -6.480   -0.000   0.000   0.020   81.000   
-6.480   -6.480   -0.000   0.000   0.060   15.000   
-6.480   -6.480   0.000   0.000   -0.060   71.000   
-6.480   -6.480   -0.000   0.000   0.060   91.000   
-6.480   -6.480   0.000   0.000   -0.080   -4.000   
-6.480   -6.480   0.000   0.000   -0.080   51.000   
-6.480   -6.480   -0.000   0.000   0.100   21.000   
-6.480   -6.480   0.000   0.000   -0.120   -8.000   
-6.480   -6.480   -0.000   0.000   0.120   98.000   
-6.480   -6.480   0.000   0.000   -0.100   -6.000   
-6.480   -6.480   0.000   0.000   -0.135   28.000   
-6.480   -6.480   -0.000   0.000   0.135   44.000   
-6.480   -6.480   0.000   0.000   -0.135   -4.000   
-6.480   -6.480   0.000   0.000   0.135   91.000   
-6.480   -6.480   -0.000   0.000   0.120   75.000   
-6.480   -6.480   0.000   0.000   -0.120   5.000   
-6.480   -6.480   -0.000   0.000   0.120   76.000   
-6.480   -6.480   -0.000   0.000   -0.120   15.000   
-6.480   -6.480   0.000   0.000   0.120   70.000   
-6.480   -6.480   -0.000   0.000   0.120   99.000   
-6.480   -6.480   0.000   0.000   -0.100   -5.000   
-6.480   -6.480   0.000   0.000   0.080   53.000   
-6.480   -6.480   -0.000   0.000   -0.080   26.000   
-6.480   -6.480   0.000   0.000   0.080   -8.000   
-6.480   -6.480   -0.000   0.000   0.040   100.000   
-6.480   -6.480   0.000   0.000   -0.040   35.000   
-6.480   -6.480   0.000   0.000   0.040   29.000   
-6.480   -6.480   -0.000   0.000   -0.020   41.000   
-6.480   -6.480   0.000   0.000   -0.020   -8.000   
-6.480   -6.480   0.000   0.000   0.000   94.000   
-6.480   -6.480   -0.000   0.000   0.020   78.000   
-6.480   -6.480   0.000   0.000   -0.020   4.000   
-6.480   -6.480   0.000   0.000   0.040   84.000   
-6.480   -6.480   -0.000   0.000   0.060   12.000   
-6.480   -6.480   0.000   0.000   -0.080   -4.000   
-6.480   -6.480   -0.000   0.000   0.080   98.000   
-6.480   -6.480   0.000   0.000   -0.080   -7.000   
-6.480   -6.480   0.000   0.000   -0.100   50.000   
-6.480   -6.480   -0.000   0.000   0.120   10.000   
-6.480   -6.480   0.000   0.000   -0.120   -16.000   
-6.480   -6.480   -0.000   0.000   0.120   97.000   
-6.480   -6.480   -0.000   0.000   -0.120   21.000   
-6.480   -6.480   0.000   0.000   -0.135   30.000   
-6.480   -6.480   -0.000   0.000   0.135   97.000   
-6.480   -6.480   0.000   0.000   -0.135   -15.000   
-6.480   -6.480   -0.000   0.000   0.135   93.000   
-6.480   -6.480   -0.000   0.000   0.135   49.000   
-6.480   -6.480   0.000   0.000   -0.135   3.000   
-6.480   -6.480   0.000   0.000   0.135   81.000   
-6.480   -6.480   -0.000   0.000   -0.135   -10.000   
-6.480   -6.480   0.000   0.000   0.135   -5.000   
-6.480   -6.480   -0.000   0.000   0.120   83.000   
-6.480   -6.480   0.000   0.000   -0.120   -7.000   
-6.480   -6.480   0.000   0.000   0.120   58.000   
-6.480   -6.480   -0.000   0.000   -0.100   11.000   
-6.480   -6.480   0.000   0.000   -0.100   -12.000   
-6.480   -6.480   -0.000   0.000   0.080   97.000   
-6.480   -6.480   -0.000   0.000   -0.080   17.000   
-6.480   -6.480   0.000   0.000   0.080   33.000   
-6.480   -6.480   -0.000   0.000   -0.060   96.000   
-6.480   -6.480   0.000   0.000   -0.040   -18.000   
-6.480   -6.480   -0.000   0.000   0.040   95.000   
-6.480   -6.480   -0.000   0.000   -0.020   36.000   
-6.480   -6.480   0.000   0.000   0.020   16.000   
-6.480   -6.480   0.000   0.000   -0.020   88.000   
-6.480   -6.480   -0.000   0.000   0.020   -14.000   
-6.480   -6.480   0.000   0.000   -0.040   -4.000   
-6.480   -6.480   -0.000   0.000   0.040   78.000   
-6.480   -6.480   0.000   0.000   -0.040   -4.000   
-6.480   -6.480   0.000   0.000   -0.080   67.000   
-6.480   -6.480   -0.000   0.000   0.080   1.000   
-6.480   -6.480   0.000   0.000   -0.080   -14.000   
-6.480   -6.480   -0.000   0.000   0.100   101.000   
-6.480   -6.480   -0.000   0.000   0.120   10.000   
-6.480   -6.480   0.000   0.000   -0.120   45.000   
-6.480   -6.480   -0.000   0.000   0.135   105.000   
-6.480   -6.480   0.000   0.000   -0.135   -18.000   
-6.480   -6.480   -0.000   0.000   0.135   30.000   
-6.480   -6.480   -0.000   0.000   0.135   25.000   
-6.480   -6.480   0.000   0.000   -0.135   23.000   
-6.480   -6.480   -0.000   0.000   0.135   99.000   
-6.480   -6.480   0.000   0.000   -0.155   -20.000   
-6.480   -6.480   0.000   0.000   -0.155   4.000   
-6.480   -6.480   -0.000   0.000   0.155   58.000   
-6.480   -6.480   -0.000   0.000   -0.135   -14.000   
-6.480   -6.480   0.000   0.000   0.135   81.000   
-6.480   -6.480   -0.000   0.000   -0.135   -9.000   
-6.480   -6.480   0.000   0.000   -0.135   -8.000   
-6.480   -6.480   -0.000   0.000   0.135   91.000   
-6.480   -6.480   -0.000   0.000   -0.135   3.000   
-6.480   -6.480   0.000   0.000   0.120   58.000   
-6.480   -6.480   -0.000   0.000   -0.120   101.000   
-6.480   -6.480   0.000   0.000   -0.100   -15.000   
-6.480   -6.480   -0.000   0.000   0.100   44.000   
-6.480   -6.480   -0.000   0.000   -0.100   15.000   
-6.480   -6.480   0.000   0.000   0.080   35.000   
-6.480   -6.480   -0.000   0.000   0.060   102.000   
-6.480   -6.480   0.000   0.000   -0.060   -18.000   
-6.480   -6.480   0.000   0.000   0.040   21.000   
-6.480   -6.480   -0.000   0.000   -0.020   34.000   
-6.480   -6.480   0.000   0.000   0.020   -18.000   
-6.480   -6.480   0.000   0.000   0.000   92.000   
-6.480   -6.480   -0.000   0.000   0.020   62.000   
-6.480   -6.480   0.000   0.000   -0.040   -4.000   
-6.480   -6.480   -0.000   0.000   0.040   75.000   
-6.480   -6.480   -0.000   0.000   0.060   -15.000   
-6.480   -6.480   0.000   0.000   -0.080   75.000   
-6.480   -6.480   -0.000   0.000   0.080   93.000   
-6.480   -6.480   0.000   0.000   -0.080   -12.000   
-6.480   -6.480   0.000   0.000   0.100   61.000   
-6.480   -6.480   -0.000   0.000   0.100   7.000   
-6.480   -6.480   0.000   0.000   -0.120   -18.000   
-6.480   -6.480   -0.000   0.000   0.135   107.000   
-6.480   -6.480   0.000   0.000   -0.135   -20.000   
-6.480   -6.480   0.000   0.000   -0.135   36.000   
-6.480   -6.480   -0.000   0.000   0.135   20.000   
-6.480   -6.480   0.000   0.000   -0.155   -24.000   
-6.480   -6.480   -0.000   0.000   0.155   105.000   
-6.480   -6.480   -0.000   0.000   -0.155   31.000   
-6.480   -6.480   0.000   0.000   -0.175   13.000   
-6.480   -6.480   -0.000   0.000   0.175   100.000   
-6.480   -6.480   0.000   0.000   -0.175   -24.000   
-6.480   -6.480   0.000   0.000   0.155   94.000   
-6.480   -6.480   -0.000   0.000   0.155   69.000   
-6.480   -6.480   0.000   0.000   -0.155   -7.000   
-6.480   -6.480   0.000   0.000   0.155   84.000   
-6.480   -6.480   -0.000   0.000   -0.155   -18.000   
-6.480   -6.480   0.000   0.000   0.155   -13.000   
-6.480   -6.480   -0.000   0.000   0.135   101.000   
-6.480   -6.480   0.000   0.000   -0.135   -14.000   
-6.480   -6.480   0.000   0.000   0.135   60.000   
-6.480   -6.480   -0.000   0.000   -0.135   7.000   
-6.480   -6.480   0.000   0.000   -0.100   -19.000   
-6.480   -6.480   -0.000   0.000   0.100   108.000   
-6.480   -6.480   -0.000   0.000   -0.100   15.000   
-6.480   -6.480   0.000   0.000   0.080   35.000   
-6.480   -6.480   -0.000   0.000   -0.080   106.000   
-6.480   -6.480   0.000   0.000   -0.060   -23.000   
-6.480   -6.480   -0.000   0.000   0.040   105.000   
-6.480   -6.480   -0.000   0.000   -0.040   28.000   
-6.480   -6.480   0.000   0.000   0.040   12.000   
-6.480   -6.480   0.000   0.000   0.000   99.000   
-6.480   -6.480   0.000   0.000   0.000   -25.000   
-6.480   -6.480   0.000   0.000   0.000   -4.000   
-6.480   -6.480   -0.000   0.000   0.020   72.000   
-6.480   -6.480   0.000   0.000   -0.040   -20.000   
-6.480   -6.480   0.000   0.000   -0.040   83.000   
-6.480   -6.480   -0.000   0.000   0.060   -17.000   
-6.480   -6.480   0.000   0.000   -0.080   -13.000   
-6.480   -6.480   -0.000   0.000   0.080   104.000   
-6.480   -6.480   -0.000   0.000   0.100   2.000   
-6.480   -6.480   0.000   0.000   -0.100   63.000   
-6.480   -6.480   -0.000   0.000   0.100   111.000   
-6.480   -6.480   0.000   0.000   -0.120   -22.000   
-6.480   -6.480   -0.000   0.000   0.135   44.000   
-6.480   -6.480   -0.000   0.000   0.135   11.000   
-6.480   -6.480   0.000   0.000   -0.155   39.000   
-6.480   -6.480   -0.000   0.000   0.155   112.000   
-6.480   -6.480   0.000   0.000   -0.155   -30.000   
-6.480   -6.480   0.000   0.000   -0.175   17.000   
-6.480   -6.480   -0.000   0.000   0.175   19.000   
-6.480   -6.480   0.000   0.000   -0.175   -40.000   
-6.480   -6.480   -0.000   0.000   0.175   99.000   
-6.480   -6.480   0.000   0.000   -0.175   -38.000   
-6.480   -6.480   0.000   0.000   -0.175   -11.000   
-6.480   -6.480   -0.000   0.000   0.175   56.000   
-6.480   -6.480   -0.000   0.000   -0.175   -35.000   
-6.480   -6.480   0.000   0.000   0.175   83.000   
-6.480   -6.480   -0.000   0.000   -0.175   78.000   
-6.480   -6.480   0.000   0.000   -0.155   -19.000   
-6.480   -6.480   -0.000   0.000   0.155   71.000   
-6.480   -6.480   -0.000   0.000   -0.155   -20.000   
-6.480   -6.480   0.000   0.000   0.155   63.000   
-6.480   -6.480   -0.000   0.000   0.135   101.000   
-6.480   -6.480   0.000   0.000   -0.135   -25.000   
-6.480   -6.480   0.000   0.000   0.120   48.000   
-6.480   -6.480   -0.000   0.000   -0.120   4.000   
-6.480   -6.480   0.000   0.000   0.120   -33.000   
-6.480   -6.480   -0.000   0.000   0.100   106.000   
-6.480   -6.480   0.000   0.000   -0.100   9.000   
-6.480   -6.480   0.000   0.000   0.080   22.000   
-6.480   -6.480   -0.000   0.000   -0.060   15.000   
-6.480   -6.480   0.000   0.000   -0.060   -36.000   
-6.480   -6.480   -0.000   0.000   0.040   102.000   
-6.480   -6.480   -0.000   0.000   -0.020   24.000   
-6.480   -6.480   0.000   0.000   0.020   -5.000   
-6.480   -6.480   0.000   0.000   -0.020   95.000   
-6.480   -6.480   0.000   0.000   0.000   -38.000   
-6.480   -6.480   0.000   0.000   0.000   -14.000   
-6.480   -6.480   -0.000   0.000   0.020   71.000   
-6.480   -6.480   0.000   0.000   -0.040   -17.000   
-6.480   -6.480   0.000   0.000   -0.040   80.000   
-6.480   -6.480   -0.000   0.000   0.060   -31.000   
-6.480   -6.480   0.000   0.000   -0.080   -21.000   
-6.480   -6.480   -0.000   0.000   0.080   99.000   
-6.480   -6.480   -0.000   0.000   -0.080   -20.000   
-6.480   -6.480   0.000   0.000   -0.100   62.000   
-6.480   -6.480   -0.000   0.000   0.100   109.000   
-6.480   -6.480   0.000   0.000   -0.120   -33.000   
-6.480   -6.480   -0.000   0.000   0.135   111.000   
-6.480   -6.480   -0.000   0.000   0.135   3.000   
-6.480   -6.480   0.000   0.000   -0.155   46.000   
-6.480   -6.480   -0.000   0.000   0.155   117.000   
-6.480   -6.480   0.000   0.000   -0.155   -32.000   
-6.480   -6.480   -0.000   0.000   0.175   28.000   
-6.480   -6.480   -0.000   0.000   0.175   18.000   
-6.480   -6.480   0.000   0.000   -0.175   21.000   
-6.480   -6.480   -0.000   0.000   0.175   109.000   
-6.480   -6.480   0.000   0.000   -0.175   -34.000   
-6.480   -6.480   0.000   0.000   -0.175   4.000   
-6.480   -6.480   -0.000   0.000   0.175   36.000   
-6.480   -6.480   0.000   0.000   -0.175   -33.000   
-6.480   -6.480   0.000   0.000   0.175   97.000   
-6.480   -6.480   -0.000   0.000   -0.175   71.000   
-6.480   -6.480   0.000   0.000   -0.175   -10.000   
-6.480   -6.480   -0.000   0.000   0.175   83.000   
-6.480   -6.480   -0.000   0.000   -0.175   -23.000   
-6.480   -6.480   0.000   0.000   0.175   79.000   
-6.480   -6.480   -0.000   0.000   0.155   99.000   
-6.480   -6.480   0.000   0.000   -0.155   -17.000   
-6.480   -6.480   0.000   0.000   0.155   65.000   
-6.480   -6.480   -0.000   0.000   -0.135   -1.000   
-6.480   -6.480   0.000   0.000   0.135   -24.000   
-6.480   -6.480   -0.000   0.000   0.120   111.000   
-6.480   -6.480   0.000   0.000   -0.120   -26.000   
-6.480   -6.480   0.000   0.000   0.120   43.000   
-6.480   -6.480   -0.000   0.000   -0.100   12.000   
-6.480   -6.480   0.000   0.000   -0.100   -29.000   
-6.480   -6.480   -0.000   0.000   0.080   114.000   
-6.480   -6.480   -0.000   0.000   -0.060   18.000   
-6.480   -6.480   0.000   0.000   0.060   20.000   
-6.480   -6.480   -0.000   0.000   -0.060   110.000   
-6.480   -6.480   0.000   0.000   -0.020   -35.000   
-6.480   -6.480   -0.000   0.000   0.020   108.000   
-6.480   -6.480   -0.000   0.000   -0.020   45.000   
-6.480   -6.480   0.000   0.000   0.000   -3.000   
-6.480   -6.480   0.000   0.000   -0.020   100.000   
-6.480   -6.480   -0.000   0.000   0.020   -33.000   
-6.480   -6.480   0.000   0.000   -0.040   -11.000   
-6.480   -6.480   -0.000   0.000   0.060   88.000   
-6.480   -6.480   0.000   0.000   -0.060   -15.000   
-6.480   -6.480   0.000   0.000   -0.080   83.000   
-6.480   -6.480   -0.000   0.000   0.080   -27.000   
-6.480   -6.480   0.000   0.000   -0.080   -20.000   
-6.480   -6.480   -0.000   0.000   0.100   110.000   
-6.480   -6.480   -0.000   0.000   0.120   -4.000   
-6.480   -6.480   0.000   0.000   -0.120   59.000   
-6.480   -6.480   -0.000   0.000   0.135   117.000   
-6.480   -6.480   0.000   0.000   -0.135   -28.000   
-6.480   -6.480   -0.000   0.000   0.135   115.000   
-6.480   -6.480   -0.000   0.000   0.155   12.000   
-6.480   -6.480   0.000   0.000   -0.155   35.000   
-6.480   -6.480   -0.000   0.000   0.175   114.000   
-6.480   -6.480   0.000   0.000   -0.175   -33.000   
-6.480   -6.480   0.000   0.000   0.175   22.000   
-6.480   -6.480   -0.000   0.000   0.175   24.000   
-6.480   -6.480   0.000   0.000   -0.175   -36.000   
-6.480   -6.480   -0.000   0.000   0.175   107.000   
-6.480   -6.480   0.000   0.000   -0.175   -33.000   
-6.480   -6.480   0.000   0.000   -0.175   -6.000   
-6.480   -6.480   -0.000   0.000   0.175   59.000   
-6.480   -6.480   -0.000   0.000   -0.175   -30.000   
-6.480   -6.480   0.000   0.000   0.175   91.000   
-6.480   -6.480   -0.000   0.000   -0.175   85.000   
-6.480   -6.480   0.000   0.000   -0.175   -14.000   
-6.480   -6.480   -0.000   0.000   0.175   81.000   
-6.480   -6.480   -0.000   0.000   -0.175   -21.000   
-6.480   -6.480   0.000   0.000   0.155   73.000   
-6.480   -6.480   -0.000   0.000   0.155   110.000   
-6.480   -6.480   0.000   0.000   -0.135   -21.000   
-6.480   -6.480   0.000   0.000   0.135   56.000   
-6.480   -6.480   -0.000   0.000   -0.135   2.000   
-6.480   -6.480   0.000   0.000   0.120   -28.000   
-6.480   -6.480   -0.000   0.000   0.120   115.000   
-6.480   -6.480   0.000   0.000   -0.100   10.000   
-6.480   -6.480   0.000   0.000   0.100   34.000   
-6.480   -6.480   -0.000   0.000   -0.100   14.000   
-6.480   -6.480   0.000   0.000   -0.080   -34.000   
-6.480   -6.480   -0.000   0.000   0.080   117.000   
-6.480   -6.480   -0.000   0.000   -0.060   23.000   
-6.480   -6.480   0.000   0.000   0.040   12.000   
-6.480   -6.480   -0.000   0.000   -0.040   112.000   
-6.480   -6.480   0.000   0.000   -0.020   -40.000   
-6.480   -6.480   0.000   0.000   0.000   109.000   
-6.480   -6.480   -0.000   0.000   0.000   59.000   
-6.480   -6.480   0.000   0.000   0.000   -8.000   
-6.480   -6.480   0.000   0.000   -0.040   99.000   
-6.480   -6.480   -0.000   0.000   0.040   -35.000   
-6.480   -6.480   0.000   0.000   -0.040   -15.000   
-6.480   -6.480   -0.000   0.000   0.060   93.000   
-6.480   -6.480   0.000   0.000   -0.080   -27.000   
-6.480   -6.480   0.000   0.000   -0.080   77.000   
-6.480   -6.480   -0.000   0.000   0.100   -21.000   
-6.480   -6.480   0.000   0.000   -0.100   -23.000   
-6.480   -6.480   -0.000   0.000   0.100   112.000   
-6.480   -6.480   -0.000   0.000   0.135   2.000   
-6.480   -6.480   0.000   0.000   -0.135   56.000   
-6.480   -6.480   -0.000   0.000   0.135   117.000   
-6.480   -6.480   0.000   0.000   -0.135   -30.000   
-6.480   -6.480   -0.000   0.000   0.135   40.000   
-6.480   -6.480   -0.000   0.000   0.175   14.000   
-6.480   -6.480   0.000   0.000   -0.175   31.000   
-6.480   -6.480   -0.000   0.000   0.175   115.000   
-6.480   -6.480   0.000   0.000   -0.175   -34.000   
-6.480   -6.480   0.000   0.000   -0.175   17.000   
-6.480   -6.480   -0.000   0.000   0.175   27.000   
-6.480   -6.480   0.000   0.000   -0.175   -36.000   
-6.480   -6.480   -0.000   0.000   0.175   106.000   
-6.480   -6.480   0.000   0.000   -0.175   46.000   
-6.480   -6.480   0.000   0.000   -0.175   -6.000   
-6.480   -6.480   -0.000   0.000   0.175   68.000   
-6.480   -6.480   -0.000   0.000   -0.175   -32.000   
-6.480   -6.480   0.000   0.000   0.175   94.000   
-6.480   -6.480   -0.000   0.000   0.175   88.000   
-6.480   -6.480   0.000   0.000   -0.175   -16.000   
-6.480   -6.480   0.000   0.000   0.175   80.000   
-6.480   -6.480   -0.000   0.000   -0.175   -21.000   
-6.480   -6.480   0.000   0.000   0.175   -21.000   
-6.480   -6.480   -0.000   0.000   0.155   113.000   
-6.480   -6.480   0.000   0.000   -0.155   -26.000   
-6.480   -6.480   0.000   0.000   0.155   59.000   
-6.480   -6.480   -0.000   0.000   -0.135   4.000   
-6.480   -6.480   0.000   0.000   -0.135   -29.000   
-6.480   -6.480   -0.000   0.000   0.120   122.000   
-6.480   -6.480   0.000   0.000   -0.120   16.000   
-6.480   -6.480   0.000   0.000   0.120   43.000   
-6.480   -6.480   -0.000   0.000   -0.100   19.000   
-6.480   -6.480   0.000   0.000   -0.080   -32.000   
-6.480   -6.480   -0.000   0.000   0.080   124.000   
-6.480   -6.480   -0.000   0.000   -0.060   29.000   
-6.480   -6.480   0.000   0.000   0.040   23.000   
-6.480   -6.480   -0.000   0.000   -0.040   118.000   
-6.480   -6.480   0.000   0.000   -0.020   -32.000   
-6.480   -6.480   0.000   0.000   0.000   2.000   
-6.480   -6.480   -0.000   0.000   0.000   58.000   
-6.480   -6.480   0.000   0.000   0.000   -1.000   
-6.480   -6.480   0.000   0.000   -0.040   105.000   
-6.480   -6.480   -0.000   0.000   0.040   -27.000   
-6.480   -6.480   0.000   0.000   -0.040   -4.000   
-6.480   -6.480   -0.000   0.000   0.060   98.000   
-6.480   -6.480   -0.000   0.000   -0.060   -19.000   
-6.480   -6.480   0.000   0.000   -0.080   84.000   
-6.480   -6.480   -0.000   0.000   0.100   114.000   
-6.480   -6.480   0.000   0.000   -0.100   -15.000   
-6.480   -6.480   -0.000   0.000   0.100   116.000   
-6.480   -6.480   -0.000   0.000   0.120   9.000   
-6.480   -6.480   0.000   0.000   -0.120   62.000   
-6.480   -6.480   -0.000   0.000   0.135   123.000   
-6.480   -6.480   0.000   0.000   -0.135   -23.000   
-6.480   -6.480   0.000   0.000   0.135   46.000   
-6.480   -6.480   -0.000   0.000   0.175   18.000   
-6.480   -6.480   0.000   0.000   -0.175   -29.000   
-6.480   -6.480   -0.000   0.000   0.175   123.000   
-6.480   -6.480   0.000   0.000   -0.175   -29.000   
-6.480   -6.480   0.000   0.000   -0.175   24.000   
-6.480   -6.480   -0.000   0.000   0.175   32.000   
-6.480   -6.480   0.000   0.000   -0.175   -32.000   
-6.480   -6.480   -0.000   0.000   0.175   115.000   
-6.480   -6.480   0.000   0.000   -0.195   53.000   
-6.480   -6.480   0.000   0.000   -0.195   -1.000   
-6.480   -6.480   -0.000   0.000   0.195   73.000   
-6.480   -6.480   -0.000   0.000   -0.175   -30.000   
-6.480   -6.480   0.000   0.000   0.175   105.000   
-6.480   -6.480   -0.000   0.000   0.175   93.000   
-6.480   -6.480   0.000   0.000   -0.175   -6.000   
-6.480   -6.480   0.000   0.000   0.175   85.000   
-6.480   -6.480   -0.000   0.000   -0.175   -27.000   
-6.480   -6.480   0.000   0.000   0.175   -17.000   
-6.480   -6.480   -0.000   0.000   0.155   107.000   
-6.480   -6.480   0.000   0.000   -0.155   -21.000   
-6.480   -6.480   0.000   0.000   0.155   64.000   
-6.480   -6.480   -0.000   0.000   -0.135   -4.000   
-6.480   -6.480   0.000   0.000   -0.135   -25.000   
-6.480   -6.480   -0.000   0.000   0.120   117.000   
-6.480   -6.480   -0.000   0.000   -0.120   8.000   
-6.480   -6.480   0.000   0.000   0.120   41.000   
-6.480   -6.480   -0.000   0.000   -0.100   116.000   
-6.480   -6.480   0.000   0.000   -0.100   -33.000   
-6.480   -6.480   -0.000   0.000   0.080   116.000   
-6.480   -6.480   -0.000   0.000   -0.060   21.000   
-6.480   -6.480   0.000   0.000   0.040   19.000   
-6.480   -6.480   -0.000   0.000   0.040   111.000   
-6.480   -6.480   0.000   0.000   -0.020   -34.000   
-6.480   -6.480   0.000   0.000   0.020   0.000   
-6.480   -6.480   -0.000   0.000   -0.020   43.000   
-6.480   -6.480   0.000   0.000   0.000   -33.000   
-6.480   -6.480   0.000   0.000   -0.020   101.000   
-6.480   -6.480   -0.000   0.000   0.020   -30.000   
-6.480   -6.480   0.000   0.000   -0.040   -11.000   
-6.480   -6.480   -0.000   0.000   0.060   86.000   
-6.480   -6.480   -0.000   0.000   0.060   -29.000   
-6.480   -6.480   0.000   0.000   -0.080   81.000   
-6.480   -6.480   -0.000   0.000   0.100   105.000   
-6.480   -6.480   0.000   0.000   -0.100   -20.000   
-6.480   -6.480   -0.000   0.000   0.100   67.000   
-6.480   -6.480   -0.000   0.000   0.135   -5.000   
-6.480   -6.480   0.000   0.000   -0.135   59.000   
-6.480   -6.480   -0.000   0.000   0.135   119.000   
-6.480   -6.480   0.000   0.000   -0.135   -28.000   
-6.480   -6.480   0.000   0.000   -0.155   44.000   
-6.480   -6.480   -0.000   0.000   0.175   9.000   
-6.480   -6.480   0.000   0.000   -0.175   -35.000   
-6.480   -6.480   -0.000   0.000   0.175   122.000   
-6.480   -6.480   0.000   0.000   -0.175   -38.000   
-6.480   -6.480   0.000   0.000   -0.175   19.000   
-6.480   -6.480   -0.000   0.000   0.175   23.000   
-6.480   -6.480   0.000   0.000   -0.195   -42.000   
-6.480   -6.480   -0.000   0.000   0.215   118.000   
-6.480   -6.480   -0.000   0.000   -0.215   35.000   
-6.480   -6.480   0.000   0.000   -0.195   -6.000   
-6.480   -6.480   -0.000   0.000   0.195   105.000   
-6.480   -6.480   -0.000   0.000   -0.195   -39.000   
-6.480   -6.480   0.000   0.000   0.195   101.000   
-6.480   -6.480   -0.000   0.000   0.195   83.000   
-6.480   -6.480   0.000   0.000   -0.175   -13.000   
-6.480   -6.480   0.000   0.000   0.175   88.000   
-6.480   -6.480   -0.000   0.000   -0.175   -30.000   
-6.480   -6.480   0.000   0.000   0.175   -17.000   
-6.480   -6.480   -0.000   0.000   0.175   107.000   
-6.480   -6.480   0.000   0.000   -0.175   -18.000   
-6.480   -6.480   0.000   0.000   0.155   67.000   
-6.480   -6.480   -0.000   0.000   -0.155   -8.000   
-6.480   -6.480   0.000   0.000   -0.135   -26.000   
-6.480   -6.480   -0.000   0.000   0.135   117.000   
-6.480   -6.480   -0.000   0.000   -0.135   6.000   
-6.480   -6.480   0.000   0.000   0.120   45.000   
-6.480   -6.480   -0.000   0.000   -0.120   120.000   
