23.520   23.520   0.000   0.000   0.000   -13.000   
23.520   23.520   0.000   0.000   0.000   -10.000   
23.520   23.520   0.000   0.000   0.000   -11.000   
23.520   23.520   0.000   0.000   0.000   -12.000   
23.520   23.520   0.000   0.000   0.000   -6.000   
23.520   23.520   0.000   0.000   0.000   -12.000   
23.520   23.520   0.000   0.000   0.000   -7.000   
23.520   23.520   0.000   0.000   0.000   -4.000   
23.520   23.520   0.000   0.000   0.000   -7.000   
23.520   23.520   0.000   0.000   0.000   -8.000   
23.520   23.520   0.000   0.000   0.000   -8.000   
23.520   23.520   0.000   0.000   0.000   -8.000   
23.520   23.520   0.000   0.000   0.000   -7.000   
23.520   23.520   0.000   0.000   0.000   -8.000   
23.520   23.520   0.000   0.000   0.000   -5.000   
23.520   23.520   0.000   0.000   0.000   -6.000   
23.520   23.520   0.000   0.000   0.000   -8.000   
23.520   23.520   0.000   0.000   0.000   -9.000   
23.520   23.520   0.000   0.000   0.000   -7.000   
23.520   23.520   0.000   0.000   0.000   -5.000   
23.520   23.520   0.000   0.000   0.000   -4.000   
23.520   23.520   0.000   0.000   0.000   -7.000   
23.520   23.520   0.000   0.000   0.000   -7.000   
23.520   23.520   0.000   0.000   0.000   -5.000   
23.520   23.520   0.000   0.000   0.000   -4.000   
23.520   23.520   0.000   0.000   0.000   1.000   
23.520   23.520   0.000   0.000   0.000   2.000   
23.520   23.520   0.000   0.000   0.000   2.000   
23.520   23.520   0.000   0.000   0.000   -1.000   
23.520   23.520   0.000   0.000   0.000   1.000   
23.520   23.520   0.000   0.000   0.000   2.000   
23.520   23.520   0.000   0.000   0.000   1.000   
23.520   23.520   0.000   0.000   0.000   0.000   
23.520   23.520   0.000   0.000   0.000   0.000   
23.520   23.520   0.000   0.000   0.000   2.000   
23.520   23.520   0.000   0.000   0.000   5.000   
23.520   23.520   0.000   0.000   0.000   1.000   
23.520   23.520   0.000   0.000   0.000   1.000   
23.520   23.520   0.000   0.000   0.000   1.000   
23.520   23.520   0.000   0.000   0.000   -2.000   
23.520   23.520   0.000   0.000   0.000   1.000   
23.520   23.520   0.000   0.000   0.000   1.000   
23.520   23.520   0.000   0.000   0.000   2.000   
23.520   23.520   0.000   0.000   0.000   2.000   
23.520   23.520   0.000   0.000   0.000   2.000   
23.520   23.520   0.000   0.000   0.000   0.000   
23.520   23.520   0.000   0.000   0.000   0.000   
23.520   23.520   0.000   0.000   0.000   -2.000   
23.520   23.520   0.000   0.000   0.000   1.000   
23.520   23.520   0.000   0.000   0.000   1.000   
23.520   23.520   0.000   0.000   0.000   3.000   
23.520   23.520   0.000   0.000   0.000   -4.000   
23.520   23.520   0.000   0.000   0.000   -3.000   
23.520   23.520   0.000   0.000   0.000   -1.000   
23.520   23.520   0.000   0.000   0.000   -4.000   
23.520   23.520   0.000   0.000   0.000   -3.000   
23.520   23.520   0.000   0.000   0.000   1.000   
23.520   23.520   0.000   0.000   0.000   -2.000   
23.520   23.520   0.000   0.000   0.000   1.000   
23.520   23.520   0.000   0.000   0.000   -1.000   
23.520   23.520   0.000   0.000   0.000   -5.000   
23.520   23.520   0.000   0.000   0.000   -3.000   
23.520   23.520   0.000   0.000   0.000   2.000   
23.520   23.520   0.000   0.000   0.000   -7.000   
23.520   23.520   0.000   0.000   0.000   -2.000   
23.520   23.520   0.000   0.000   0.000   -2.000   
23.520   23.520   0.000   0.000   0.000   0.000   
23.520   23.520   0.000   0.000   0.000   0.000   
23.520   23.520   0.000   0.000   0.000   1.000   
23.520   23.520   0.000   0.000   0.000   1.000   
23.520   23.520   0.000   0.000   0.000   1.000   
23.520   23.520   0.000   0.000   0.000   -6.000   
23.520   23.520   0.000   0.000   0.000   4.000   
23.520   23.520   0.000   0.000   0.000   -1.000   
23.520   23.520   0.000   0.000   0.000   2.000   
23.520   23.520   0.000   0.000   0.000   -1.000   
23.520   23.520   0.000   0.000   0.000   5.000   
23.520   23.520   0.000   0.000   0.000   0.000   
23.520   23.520   0.000   0.000   0.000   -1.000   
23.520   23.520   0.000   0.000   0.000   0.000   
23.520   23.520   0.000   0.000   0.000   0.000   
23.520   23.520   0.000   0.000   0.000   6.000   
23.520   23.520   0.000   0.000   0.000   1.000   
23.520   23.520   0.000   0.000   0.000   0.000   
23.520   23.520   0.000   0.000   0.000   -1.000   
23.520   23.520   0.000   0.000   0.000   -3.000   
23.520   23.520   0.000   0.000   0.000   0.000   
23.520   23.520   0.000   0.000   0.000   0.000   
23.520   23.520   0.000   0.000   0.000   -2.000   
23.520   23.520   0.000   0.000   0.000   -1.000   
23.520   23.520   0.000   0.000   0.000   3.000   
23.520   23.520   0.000   0.000   0.000   -4.000   
23.520   23.520   0.000   0.000   0.000   -2.000   
23.520   23.520   0.000   0.000   0.000   0.000   
23.520   23.520   0.000   0.000   0.000   1.000   
23.520   23.520   0.000   0.000   0.000   -3.000   
23.520   23.520   0.000   0.000   0.000   1.000   
23.520   23.520   0.000   0.000   0.000   -1.000   
23.520   23.520   0.000   0.000   0.000   -3.000   
23.520   23.520   0.000   0.000   0.000   1.000   
23.520   23.520   0.000   0.000   0.000   -4.000   
23.520   23.520   0.000   0.000   0.000   0.000   
23.520   23.520   0.000   0.000   0.000   -5.000   
23.520   23.520   0.000   0.000   0.000   2.000   
23.520   23.520   0.000   0.000   0.000   -3.000   
23.520   23.520   0.000   0.000   0.000   1.000   
23.520   23.520   0.000   0.000   0.000   1.000   
23.520   23.520   0.000   0.000   0.000   1.000   
23.520   23.520   0.000   0.000   0.000   1.000   
23.520   23.520   0.000   0.000   0.000   2.000   
23.520   23.520   0.000   0.000   0.000   2.000   
23.520   23.520   0.000   0.000   0.000   -3.000   
23.520   23.520   0.000   0.000   0.000   0.000   
23.520   23.520   0.000   0.000   0.000   -4.000   
23.520   23.520   0.000   0.000   0.000   0.000   
23.520   23.520   0.000   0.000   0.000   -2.000   
23.520   23.520   0.000   0.000   0.000   6.000   
23.520   23.520   0.000   0.000   0.000   0.000   
23.520   23.520   0.000   0.000   0.000   5.000   
23.520   23.520   0.000   0.000   0.000   0.000   
23.520   23.520   0.000   0.000   0.000   4.000   
23.520   23.520   0.000   0.000   0.000   -1.000   
23.520   23.520   0.000   0.000   0.000   0.000   
23.520   23.520   0.000   0.000   0.000   -6.000   
23.520   23.520   0.000   0.000   0.000   -5.000   
23.520   23.520   0.000   0.000   0.000   -3.000   
23.520   23.520   0.000   0.000   0.000   -3.000   
23.520   23.520   0.000   0.000   0.000   2.000   
23.520   23.520   0.000   0.000   0.000   -1.000   
23.520   23.520   0.000   0.000   0.000   3.000   
23.520   23.520   0.000   0.000   0.000   0.000   
23.520   23.520   0.000   0.000   0.000   -3.000   
23.520   23.520   0.000   0.000   0.000   0.000   
23.520   23.520   0.000   0.000   0.000   -6.000   
23.520   23.520   0.000   0.000   0.000   3.000   
23.520   23.520   0.000   0.000   0.000   0.000   
23.520   23.520   0.000   0.000   0.000   -3.000   
23.520   23.520   0.000   0.000   0.000   0.000   
23.520   23.520   0.000   0.000   0.000   0.000   
23.520   23.520   0.000   0.000   0.000   3.000   
23.520   23.520   0.000   0.000   0.000   4.000   
23.520   23.520   0.000   0.000   0.000   -1.000   
23.520   23.520   0.000   0.000   0.000   -1.000   
23.520   23.520   0.000   0.000   0.000   -6.000   
23.520   23.520   0.000   0.000   0.000   -1.000   
23.520   23.520   0.000   0.000   0.000   -2.000   
23.520   23.520   0.000   0.000   0.000   -2.000   
23.520   23.520   0.000   0.000   0.000   -2.000   
23.520   23.520   0.000   0.000   0.000   -3.000   
23.520   23.520   0.000   0.000   0.000   2.000   
23.520   23.520   0.000   0.000   0.000   7.000   
23.520   23.520   0.000   0.000   0.000   7.000   
23.520   23.520   0.000   0.000   0.000   12.000   
23.520   23.520   0.000   0.000   0.000   7.000   
23.520   23.520   0.000   0.000   0.000   4.000   
23.520   23.520   0.000   0.000   0.000   10.000   
23.520   23.520   0.000   0.000   0.000   8.000   
23.520   23.520   0.000   0.000   0.000   7.000   
23.520   23.520   0.000   0.000   0.000   6.000   
23.520   23.520   0.000   0.000   0.000   9.000   
23.520   23.520   0.000   0.000   0.000   7.000   
23.520   23.520   0.000   0.000   0.000   6.000   
23.520   23.520   0.000   0.000   0.000   12.000   
23.520   23.520   0.000   0.000   0.000   8.000   
23.520   23.520   0.000   0.000   0.000   8.000   
23.520   23.520   0.000   0.000   0.000   10.000   
23.520   23.520   0.000   0.000   0.000   7.000   
23.520   23.520   0.000   0.000   0.000   10.000   
23.520   23.520   0.000   0.000   0.000   4.000   
23.520   23.520   0.000   0.000   0.000   4.000   
23.520   23.520   0.000   0.000   0.000   3.000   
23.520   23.520   0.000   0.000   0.000   8.000   
23.520   23.520   0.000   0.000   0.000   4.000   
23.520   23.520   0.000   0.000   0.000   9.000   
23.520   23.520   0.000   0.000   0.000   8.000   
23.520   23.520   0.000   0.000   0.000   5.000   
23.520   23.520   0.000   0.000   0.000   7.000   
23.520   23.520   0.000   0.000   0.000   7.000   
23.520   23.520   0.000   0.000   0.000   7.000   
23.520   23.520   0.000   0.000   0.000   7.000   
23.520   23.520   0.000   0.000   0.000   5.000   
23.520   23.520   0.000   0.000   0.000   4.000   
23.520   23.520   0.000   0.000   0.000   4.000   
23.520   23.520   0.000   0.000   0.000   13.000   
23.520   23.520   0.000   0.000   0.000   2.000   
23.520   23.520   0.000   0.000   0.000   7.000   
23.520   23.520   0.000   0.000   0.000   12.000   
23.520   23.520   0.000   0.000   0.000   5.000   
23.520   23.520   0.000   0.000   0.000   11.000   
23.520   23.520   0.000   0.000   0.000   7.000   
23.520   23.520   0.000   0.000   0.000   9.000   
23.520   23.520   0.000   0.000   0.000   5.000   
23.520   23.520   0.000   0.000   0.000   1.000   
23.520   23.520   0.000   0.000   0.000   1.000   
23.520   23.520   0.000   0.000   0.000   2.000   
23.520   23.520   0.000   0.000   0.000   2.000   
23.520   23.520   0.000   0.000   0.000   4.000   
23.520   23.520   0.000   0.000   0.000   -1.000   
23.520   23.520   0.000   0.000   0.000   0.000   
23.520   23.520   0.000   0.000   0.000   1.000   
23.520   23.520   0.000   0.000   0.000   2.000   
23.520   23.520   0.000   0.000   0.000   2.000   
23.520   23.520   0.000   0.000   0.000   -1.000   
23.520   23.520   0.000   0.000   0.000   1.000   
23.520   23.520   0.000   0.000   0.000   -4.000   
23.520   23.520   0.000   0.000   0.000   1.000   
23.520   23.520   0.000   0.000   0.000   -4.000   
23.520   23.520   0.000   0.000   0.000   1.000   
23.520   23.520   0.000   0.000   0.000   -6.000   
23.520   23.520   0.000   0.000   0.000   -1.000   
23.520   23.520   0.000   0.000   0.000   4.000   
23.520   23.520   0.000   0.000   0.000   -2.000   
23.520   23.520   0.000   0.000   0.000   3.000   
23.520   23.520   0.000   0.000   0.000   0.000   
23.520   23.520   0.000   0.000   0.000   2.000   
23.520   23.520   0.000   0.000   0.000   0.000   
23.520   23.520   0.000   0.000   0.000   4.000   
23.520   23.520   0.000   0.000   0.000   2.000   
23.520   23.520   0.000   0.000   0.000   1.000   
23.520   23.520   0.000   0.000   0.000   -2.000   
23.520   23.520   0.000   0.000   0.000   5.000   
23.520   23.520   0.000   0.000   0.000   3.000   
23.520   23.520   0.000   0.000   0.000   -3.000   
23.520   23.520   0.000   0.000   0.000   -2.000   
23.520   23.520   0.000   0.000   0.000   2.000   
23.520   23.520   0.000   0.000   0.000   0.000   
23.520   23.520   0.000   0.000   0.000   0.000   
23.520   23.520   0.000   0.000   0.000   -1.000   
23.520   23.520   0.000   0.000   0.000   -1.000   
23.520   23.520   0.000   0.000   0.000   -2.000   
23.520   23.520   0.000   0.000   0.000   3.000   
23.520   23.520   0.000   0.000   0.000   2.000   
23.520   23.520   0.000   0.000   0.000   -4.000   
23.520   23.520   0.000   0.000   0.000   0.000   
23.520   23.520   0.000   0.000   0.000   -1.000   
23.520   23.520   0.000   0.000   0.000   1.000   
23.520   23.520   0.000   0.000   0.000   1.000   
23.520   23.520   0.000   0.000   0.000   -1.000   
23.520   23.520   0.000   0.000   0.000   4.000   
23.520   23.520   0.000   0.000   0.000   -1.000   
23.520   23.520   0.000   0.000   0.000   5.000   
23.520   23.520   0.000   0.000   0.000   -1.000   
23.520   23.520   0.000   0.000   0.000   2.000   
23.520   23.520   0.000   0.000   0.000   1.000   
23.520   23.520   0.000   0.000   0.000   3.000   
23.520   23.520   0.000   0.000   0.000   -4.000   
23.520   23.520   0.000   0.000   0.000   -1.000   
23.520   23.520   0.000   0.000   0.000   2.000   
23.520   23.520   0.000   0.000   0.000   4.000   
23.520   23.520   0.000   0.000   0.000   -1.000   
23.520   23.520   0.000   0.000   0.000   3.000   
23.520   23.520   0.000   0.000   0.000   1.000   
23.520   23.520   0.000   0.000   0.000   2.000   
23.520   23.520   0.000   0.000   0.000   2.000   
23.520   23.520   0.000   0.000   0.000   -3.000   
23.520   23.520   0.000   0.000   0.000   -3.000   
23.520   23.520   0.000   0.000   0.000   3.000   
23.520   23.520   0.000   0.000   0.000   0.000   
23.520   23.520   0.000   0.000   0.000   0.000   
23.520   23.520   0.000   0.000   0.000   0.000   
23.520   23.520   0.000   0.000   0.000   -4.000   
23.520   23.520   0.000   0.000   0.000   2.000   
23.520   23.520   0.000   0.000   0.000   -3.000   
23.520   23.520   0.000   0.000   0.000   -1.000   
23.520   23.520   0.000   0.000   0.000   -1.000   
23.520   23.520   0.000   0.000   0.000   -4.000   
23.520   23.520   0.000   0.000   0.000   1.000   
23.520   23.520   0.000   0.000   0.000   -3.000   
23.520   23.520   0.000   0.000   0.000   -4.000   
23.520   23.520   0.000   0.000   0.000   1.000   
23.520   23.520   0.000   0.000   0.000   -1.000   
23.520   23.520   0.000   0.000   0.000   -3.000   
23.520   23.520   0.000   0.000   0.000   -3.000   
23.520   23.520   0.000   0.000   0.000   1.000   
23.520   23.520   0.000   0.000   0.000   -2.000   
23.520   23.520   0.000   0.000   0.000   -3.000   
23.520   23.520   0.000   0.000   0.000   -5.000   
23.520   23.520   0.000   0.000   0.000   1.000   
23.520   23.520   0.000   0.000   0.000   1.000   
23.520   23.520   0.000   0.000   0.000   -2.000   
23.520   23.520   0.000   0.000   0.000   -3.000   
23.520   23.520   0.000   0.000   0.000   2.000   
23.520   23.520   0.000   0.000   0.000   1.000   
23.520   23.520   0.000   0.000   0.000   2.000   
23.520   23.520   0.000   0.000   0.000   -1.000   
23.520   23.520   0.000   0.000   0.000   4.000   
23.520   23.520   0.000   0.000   0.000   -1.000   
23.520   23.520   0.000   0.000   0.000   1.000   
23.520   23.520   0.000   0.000   0.000   -1.000   
23.520   23.520   0.000   0.000   0.000   3.000   
23.520   23.520   0.000   0.000   0.000   2.000   
23.520   23.520   0.000   0.000   0.000   3.000   
23.520   23.520   0.000   0.000   0.000   2.000   
23.520   23.520   0.000   0.000   0.000   1.000   
23.520   23.520   0.000   0.000   0.000   1.000   
23.520   23.520   0.000   0.000   0.000   -2.000   
23.520   23.520   0.000   0.000   0.000   0.000   
23.520   23.520   0.000   0.000   0.000   -2.000   
23.520   23.520   0.000   0.000   0.000   3.000   
23.520   23.520   0.000   0.000   0.000   2.000   
23.520   23.520   0.000   0.000   0.000   -2.000   
23.520   23.520   0.000   0.000   0.000   -4.000   
23.520   23.520   0.000   0.000   0.000   -1.000   
23.520   23.520   0.000   0.000   0.000   -4.000   
23.520   23.520   0.000   0.000   0.000   -4.000   
23.520   23.520   0.000   0.000   0.000   0.000   
23.520   23.520   0.000   0.000   0.000   0.000   
23.520   23.520   0.000   0.000   0.000   -1.000   
23.520   23.520   0.000   0.000   0.000   -5.000   
23.520   23.520   0.000   0.000   0.000   1.000   
23.520   23.520   0.000   0.000   0.000   -1.000   
23.520   23.520   0.000   0.000   0.000   1.000   
23.520   23.520   0.000   0.000   0.000   -1.000   
23.520   23.520   0.000   0.000   0.000   -2.000   
23.520   23.520   0.000   0.000   0.000   -2.000   
23.520   23.520   0.000   0.000   0.000   1.000   
23.520   23.520   0.000   0.000   0.000   0.000   
23.520   23.520   0.000   0.000   0.000   1.000   
23.520   23.520   0.000   0.000   0.000   -6.000   
23.520   23.520   0.000   0.000   0.000   -8.000   
23.520   23.520   0.000   0.000   0.000   -13.000   
23.520   23.520   0.000   0.000   0.000   -9.000   
23.520   23.520   0.000   0.000   0.000   -13.000   
23.520   23.520   0.000   0.000   0.000   -4.000   
23.520   23.520   0.000   0.000   0.000   -7.000   
23.520   23.520   0.000   0.000   0.000   -6.000   
23.520   23.520   0.000   0.000   0.000   1.000   
23.520   23.520   0.000   0.000   0.000   -9.000   
23.520   23.520   0.000   0.000   0.000   -5.000   
23.520   23.520   0.000   0.000   0.000   -9.000   
23.520   23.520   0.000   0.000   0.000   -10.000   
23.520   23.520   0.000   0.000   0.000   -7.000   
23.520   23.520   0.000   0.000   0.000   -9.000   
23.520   23.520   0.000   0.000   0.000   -9.000   
23.520   23.520   0.000   0.000   0.000   -9.000   
23.520   23.520   0.000   0.000   0.000   -8.000   
23.520   23.520   0.000   0.000   0.000   -9.000   
23.520   23.520   0.000   0.000   0.000   -6.000   
23.520   23.520   0.000   0.000   0.000   -9.000   
23.520   23.520   0.000   0.000   0.000   -8.000   
23.520   23.520   0.000   0.000   0.000   -8.000   
23.520   23.520   0.000   0.000   0.000   -8.000   
23.520   23.520   0.000   0.000   0.000   -11.000   
23.520   23.520   0.000   0.000   0.000   -11.000   
23.520   23.520   0.000   0.000   0.000   -6.000   
23.520   23.520   0.000   0.000   0.000   -6.000   
23.520   23.520   0.000   0.000   0.000   -13.000   
23.520   23.520   0.000   0.000   0.000   -9.000   
23.520   23.520   0.000   0.000   0.000   -10.000   
23.520   23.520   0.000   0.000   0.000   -10.000   
23.520   23.520   0.000   0.000   0.000   -7.000   
23.520   23.520   0.000   0.000   0.000   -13.000   
23.520   23.520   0.000   0.000   0.000   -9.000   
23.520   23.520   0.000   0.000   0.000   -11.000   
23.520   23.520   0.000   0.000   0.000   -11.000   
23.520   23.520   0.000   0.000   0.000   -12.000   
23.520   23.520   0.000   0.000   0.000   -7.000   
23.520   23.520   0.000   0.000   0.000   -6.000   
23.520   23.520   0.000   0.000   0.000   -10.000   
23.520   23.520   0.000   0.000   0.000   -10.000   
23.520   23.520   0.000   0.000   0.000   2.000   
23.520   23.520   0.000   0.000   0.000   -2.000   
23.520   23.520   0.000   0.000   0.000   1.000   
23.520   23.520   0.000   0.000   0.000   -3.000   
23.520   23.520   0.000   0.000   0.000   -1.000   
23.520   23.520   0.000   0.000   0.000   -1.000   
23.520   23.520   0.000   0.000   0.000   -2.000   
23.520   23.520   0.000   0.000   0.000   0.000   
23.520   23.520   0.000   0.000   0.000   0.000   
23.520   23.520   0.000   0.000   0.000   -4.000   
23.520   23.520   0.000   0.000   0.000   1.000   
23.520   23.520   0.000   0.000   0.000   -1.000   
23.520   23.520   0.000   0.000   0.000   1.000   
23.520   23.520   0.000   0.000   0.000   0.000   
23.520   23.520   0.000   0.000   0.000   -2.000   
23.520   23.520   0.000   0.000   0.000   -1.000   
23.520   23.520   0.000   0.000   0.000   2.000   
23.520   23.520   0.000   0.000   0.000   1.000   
23.520   23.520   0.000   0.000   0.000   -6.000   
23.520   23.520   0.000   0.000   0.000   -1.000   
23.520   23.520   0.000   0.000   0.000   1.000   
23.520   23.520   0.000   0.000   0.000   0.000   
23.520   23.520   0.000   0.000   0.000   2.000   
23.520   23.520   0.000   0.000   0.000   3.000   
23.520   23.520   0.000   0.000   0.000   1.000   
23.520   23.520   0.000   0.000   0.000   2.000   
23.520   23.520   0.000   0.000   0.000   1.000   
23.520   23.520   0.000   0.000   0.000   2.000   
23.520   23.520   0.000   0.000   0.000   0.000   
23.520   23.520   0.000   0.000   0.000   2.000   
23.520   23.520   0.000   0.000   0.000   -3.000   
23.520   23.520   0.000   0.000   0.000   1.000   
23.520   23.520   0.000   0.000   0.000   -2.000   
23.520   23.520   0.000   0.000   0.000   3.000   
23.520   23.520   0.000   0.000   0.000   -1.000   
23.520   23.520   0.000   0.000   0.000   2.000   
23.520   23.520   0.000   0.000   0.000   1.000   
23.520   23.520   0.000   0.000   0.000   -1.000   
23.520   23.520   0.000   0.000   0.000   -1.000   
23.520   23.520   0.000   0.000   0.000   -1.000   
23.520   23.520   0.000   0.000   0.000   -1.000   
23.520   23.520   0.000   0.000   0.000   -3.000   
23.520   23.520   0.000   0.000   0.000   1.000   
23.520   23.520   0.000   0.000   0.000   -1.000   
23.520   23.520   0.000   0.000   0.000   1.000   
23.520   23.520   0.000   0.000   0.000   -6.000   
23.520   23.520   0.000   0.000   0.000   -2.000   
23.520   23.520   0.000   0.000   0.000   -1.000   
23.520   23.520   0.000   0.000   0.000   0.000   
23.520   23.520   0.000   0.000   0.000   -1.000   
23.520   23.520   0.000   0.000   0.000   -1.000   
23.520   23.520   0.000   0.000   0.000   -1.000   
23.520   23.520   0.000   0.000   0.000   0.000   
23.520   23.520   0.000   0.000   0.000   -4.000   
23.520   23.520   0.000   0.000   0.000   4.000   
23.520   23.520   0.000   0.000   0.000   0.000   
23.520   23.520   0.000   0.000   0.000   2.000   
23.520   23.520   0.000   0.000   0.000   2.000   
23.520   23.520   0.000   0.000   0.000   -1.000   
23.520   23.520   0.000   0.000   0.000   4.000   
23.520   23.520   0.000   0.000   0.000   1.000   
23.520   23.520   0.000   0.000   0.000   1.000   
23.520   23.520   0.000   0.000   0.000   1.000   
23.520   23.520   0.000   0.000   0.000   0.000   
23.520   23.520   0.000   0.000   0.000   2.000   
23.520   23.520   0.000   0.000   0.000   4.000   
23.520   23.520   0.000   0.000   0.000   1.000   
23.520   23.520   0.000   0.000   0.000   -1.000   
23.520   23.520   0.000   0.000   0.000   7.000   
23.520   23.520   0.000   0.000   0.000   2.000   
23.520   23.520   0.000   0.000   0.000   -2.000   
23.520   23.520   0.000   0.000   0.000   1.000   
23.520   23.520   0.000   0.000   0.000   -1.000   
23.520   23.520   0.000   0.000   0.000   2.000   
23.520   23.520   0.000   0.000   0.000   0.000   
23.520   23.520   0.000   0.000   0.000   -3.000   
23.520   23.520   0.000   0.000   0.000   -1.000   
23.520   23.520   0.000   0.000   0.000   -4.000   
23.520   23.520   0.000   0.000   0.000   -6.000   
23.520   23.520   0.000   0.000   0.000   -6.000   
23.520   23.520   0.000   0.000   0.000   0.000   
23.520   23.520   0.000   0.000   0.000   1.000   
23.520   23.520   0.000   0.000   0.000   4.000   
23.520   23.520   0.000   0.000   0.000   1.000   
23.520   23.520   0.000   0.000   0.000   -4.000   
23.520   23.520   0.000   0.000   0.000   -1.000   
23.520   23.520   0.000   0.000   0.000   -2.000   
23.520   23.520   0.000   0.000   0.000   0.000   
23.520   23.520   0.000   0.000   0.000   2.000   
23.520   23.520   0.000   0.000   0.000   -4.000   
23.520   23.520   0.000   0.000   0.000   -2.000   
23.520   23.520   0.000   0.000   0.000   1.000   
23.520   23.520   0.000   0.000   0.000   1.000   
23.520   23.520   0.000   0.000   0.000   0.000   
23.520   23.520   0.000   0.000   0.000   3.000   
23.520   23.520   0.000   0.000   0.000   -1.000   
23.520   23.520   0.000   0.000   0.000   -2.000   
23.520   23.520   0.000   0.000   0.000   2.000   
23.520   23.520   0.000   0.000   0.000   -3.000   
23.520   23.520   0.000   0.000   0.000   2.000   
23.520   23.520   0.000   0.000   0.000   -2.000   
23.520   23.520   0.000   0.000   0.000   0.000   
23.520   23.520   0.000   0.000   0.000   -1.000   
23.520   23.520   0.000   0.000   0.000   7.000   
23.520   23.520   0.000   0.000   0.000   -1.000   
23.520   23.520   0.000   0.000   0.000   -5.000   
23.520   23.520   0.000   0.000   0.000   -1.000   
23.520   23.520   0.000   0.000   0.000   -4.000   
23.520   23.520   0.000   0.000   0.000   3.000   
23.520   23.520   0.000   0.000   0.000   4.000   
23.520   23.520   0.000   0.000   0.000   0.000   
23.520   23.520   0.000   0.000   0.000   -2.000   
23.520   23.520   0.000   0.000   0.000   -2.000   
23.520   23.520   0.000   0.000   0.000   2.000   
23.520   23.520   0.000   0.000   0.000   -4.000   
23.520   23.520   0.000   0.000   0.000   -4.000   
23.520   23.520   0.000   0.000   0.000   -2.000   
23.520   23.520   0.000   0.000   0.000   -1.000   
23.520   23.520   0.000   0.000   0.000   -2.000   
23.520   23.520   0.000   0.000   0.000   -4.000   
23.520   23.520   0.000   0.000   0.000   -6.000   
23.520   23.520   0.000   0.000   0.000   -5.000   
23.520   23.520   0.000   0.000   0.000   -7.000   
23.520   23.520   0.000   0.000   0.000   0.000   
23.520   23.520   0.000   0.000   0.000   1.000   
23.520   23.520   0.000   0.000   0.000   0.000   
23.520   23.520   0.000   0.000   0.000   2.000   
23.520   23.520   0.000   0.000   0.000   2.000   
23.520   23.520   0.000   0.000   0.000   8.000   
23.520   23.520   0.000   0.000   0.000   6.000   
23.520   23.520   0.000   0.000   0.000   6.000   
23.520   23.520   0.000   0.000   0.000   5.000   
23.520   23.520   0.000   0.000   0.000   4.000   
23.520   23.520   0.000   0.000   0.000   10.000   
23.520   23.520   0.000   0.000   0.000   4.000   
23.520   23.520   0.000   0.000   0.000   8.000   
23.520   23.520   0.000   0.000   0.000   5.000   
23.520   23.520   0.000   0.000   0.000   5.000   
23.520   23.520   0.000   0.000   0.000   7.000   
23.520   23.520   0.000   0.000   0.000   3.000   
23.520   23.520   0.000   0.000   0.000   6.000   
23.520   23.520   0.000   0.000   0.000   7.000   
23.520   23.520   0.000   0.000   0.000   8.000   
23.520   23.520   0.000   0.000   0.000   10.000   
23.520   23.520   0.000   0.000   0.000   8.000   
23.520   23.520   0.000   0.000   0.000   7.000   
23.520   23.520   0.000   0.000   0.000   8.000   
23.520   23.520   0.000   0.000   0.000   9.000   
23.520   23.520   0.000   0.000   0.000   9.000   
23.520   23.520   0.000   0.000   0.000   11.000   
23.520   23.520   0.000   0.000   0.000   12.000   
23.520   23.520   0.000   0.000   0.000   11.000   
23.520   23.520   0.000   0.000   0.000   11.000   
23.520   23.520   0.000   0.000   0.000   5.000   
23.520   23.520   0.000   0.000   0.000   12.000   
23.520   23.520   0.000   0.000   0.000   10.000   
23.520   23.520   0.000   0.000   0.000   8.000   
23.520   23.520   0.000   0.000   0.000   10.000   
23.520   23.520   0.000   0.000   0.000   6.000   
23.520   23.520   0.000   0.000   0.000   8.000   
23.520   23.520   0.000   0.000   0.000   8.000   
23.520   23.520   0.000   0.000   0.000   9.000   
23.520   23.520   0.000   0.000   0.000   4.000   
23.520   23.520   0.000   0.000   0.000   7.000   
23.520   23.520   0.000   0.000   0.000   3.000   
23.520   23.520   0.000   0.000   0.000   6.000   
23.520   23.520   0.000   0.000   0.000   11.000   
23.520   23.520   0.000   0.000   0.000   8.000   
23.520   23.520   0.000   0.000   0.000   -3.000   
23.520   23.520   0.000   0.000   0.000   -3.000   
23.520   23.520   0.000   0.000   0.000   0.000   
23.520   23.520   0.000   0.000   0.000   1.000   
23.520   23.520   0.000   0.000   0.000   0.000   
23.520   23.520   0.000   0.000   0.000   -1.000   
23.520   23.520   0.000   0.000   0.000   1.000   
23.520   23.520   0.000   0.000   0.000   0.000   
23.520   23.520   0.000   0.000   0.000   -4.000   
23.520   23.520   0.000   0.000   0.000   -3.000   
23.520   23.520   0.000   0.000   0.000   -1.000   
23.520   23.520   0.000   0.000   0.000   0.000   
23.520   23.520   0.000   0.000   0.000   1.000   
23.520   23.520   0.000   0.000   0.000   -3.000   
23.520   23.520   0.000   0.000   0.000   -1.000   
23.520   23.520   0.000   0.000   0.000   -3.000   
23.520   23.520   0.000   0.000   0.000   4.000   
23.520   23.520   0.000   0.000   0.000   0.000   
23.520   23.520   0.000   0.000   0.000   -5.000   
23.520   23.520   0.000   0.000   0.000   -1.000   
23.520   23.520   0.000   0.000   0.000   -4.000   
23.520   23.520   0.000   0.000   0.000   0.000   
23.520   23.520   0.000   0.000   0.000   2.000   
23.520   23.520   0.000   0.000   0.000   1.000   
23.520   23.520   0.000   0.000   0.000   -1.000   
23.520   23.520   0.000   0.000   0.000   -2.000   
23.520   23.520   0.000   0.000   0.000   -1.000   
23.520   23.520   0.000   0.000   0.000   1.000   
23.520   23.520   0.000   0.000   0.000   0.000   
23.520   23.520   0.000   0.000   0.000   1.000   
23.520   23.520   0.000   0.000   0.000   1.000   
23.520   23.520   0.000   0.000   0.000   0.000   
23.520   23.520   0.000   0.000   0.000   2.000   
23.520   23.520   0.000   0.000   0.000   2.000   
23.520   23.520   0.000   0.000   0.000   -3.000   
23.520   23.520   0.000   0.000   0.000   -2.000   
23.520   23.520   0.000   0.000   0.000   2.000   
23.520   23.520   0.000   0.000   0.000   -5.000   
23.520   23.520   0.000   0.000   0.000   1.000   
23.520   23.520   0.000   0.000   0.000   1.000   
23.520   23.520   0.000   0.000   0.000   1.000   
23.520   23.520   0.000   0.000   0.000   -3.000   
23.520   23.520   0.000   0.000   0.000   -4.000   
23.520   23.520   0.000   0.000   0.000   -7.000   
23.520   23.520   0.000   0.000   0.000   1.000   
23.520   23.520   0.000   0.000   0.000   -1.000   
23.520   23.520   0.000   0.000   0.000   -1.000   
23.520   23.520   0.000   0.000   0.000   -2.000   
23.520   23.520   0.000   0.000   0.000   -1.000   
23.520   23.520   0.000   0.000   0.000   2.000   
23.520   23.520   0.000   0.000   0.000   2.000   
23.520   23.520   0.000   0.000   0.000   1.000   
23.520   23.520   0.000   0.000   0.000   0.000   
23.520   23.520   0.000   0.000   0.000   -1.000   
23.520   23.520   0.000   0.000   0.000   3.000   
23.520   23.520   0.000   0.000   0.000   -1.000   
23.520   23.520   0.000   0.000   0.000   0.000   
23.520   23.520   0.000   0.000   0.000   4.000   
23.520   23.520   0.000   0.000   0.000   -1.000   
23.520   23.520   0.000   0.000   0.000   2.000   
23.520   23.520   0.000   0.000   0.000   3.000   
23.520   23.520   0.000   0.000   0.000   4.000   
23.520   23.520   0.000   0.000   0.000   -1.000   
23.520   23.520   0.000   0.000   0.000   -1.000   
23.520   23.520   0.000   0.000   0.000   -1.000   
23.520   23.520   0.000   0.000   0.000   3.000   
23.520   23.520   0.000   0.000   0.000   1.000   
23.520   23.520   0.000   0.000   0.000   2.000   
23.520   23.520   0.000   0.000   0.000   1.000   
23.520   23.520   0.000   0.000   0.000   2.000   
23.520   23.520   0.000   0.000   0.000   -2.000   
23.520   23.520   0.000   0.000   0.000   1.000   
23.520   23.520   0.000   0.000   0.000   -5.000   
23.520   23.520   0.000   0.000   0.000   -2.000   
23.520   23.520   0.000   0.000   0.000   0.000   
23.520   23.520   0.000   0.000   0.000   -6.000   
23.520   23.520   0.000   0.000   0.000   -3.000   
23.520   23.520   0.000   0.000   0.000   -1.000   
23.520   23.520   0.000   0.000   0.000   2.000   
23.520   23.520   0.000   0.000   0.000   -4.000   
23.520   23.520   0.000   0.000   0.000   1.000   
23.520   23.520   0.000   0.000   0.000   -5.000   
23.520   23.520   0.000   0.000   0.000   0.000   
23.520   23.520   0.000   0.000   0.000   -1.000   
23.520   23.520   0.000   0.000   0.000   0.000   
23.520   23.520   0.000   0.000   0.000   -5.000   
23.520   23.520   0.000   0.000   0.000   -3.000   
23.520   23.520   0.000   0.000   0.000   3.000   
23.520   23.520   0.000   0.000   0.000   4.000   
23.520   23.520   0.000   0.000   0.000   1.000   
23.520   23.520   0.000   0.000   0.000   -1.000   
23.520   23.520   0.000   0.000   0.000   -1.000   
23.520   23.520   0.000   0.000   0.000   -1.000   
23.520   23.520   0.000   0.000   0.000   2.000   
23.520   23.520   0.000   0.000   0.000   -2.000   
23.520   23.520   0.000   0.000   0.000   2.000   
23.520   23.520   0.000   0.000   0.000   1.000   
23.520   23.520   0.000   0.000   0.000   1.000   
23.520   23.520   0.000   0.000   0.000   0.000   
23.520   23.520   0.000   0.000   0.000   0.000   
23.520   23.520   0.000   0.000   0.000   -1.000   
23.520   23.520   0.000   0.000   0.000   2.000   
23.520   23.520   0.000   0.000   0.000   -4.000   
23.520   23.520   0.000   0.000   0.000   1.000   
23.520   23.520   0.000   0.000   0.000   -3.000   
23.520   23.520   0.000   0.000   0.000   -1.000   
23.520   23.520   0.000   0.000   0.000   1.000   
23.520   23.520   0.000   0.000   0.000   -1.000   
23.520   23.520   0.000   0.000   0.000   3.000   
23.520   23.520   0.000   0.000   0.000   3.000   
23.520   23.520   0.000   0.000   0.000   -3.000   
23.520   23.520   0.000   0.000   0.000   3.000   
23.520   23.520   0.000   0.000   0.000   2.000   
23.520   23.520   0.000   0.000   0.000   -1.000   
23.520   23.520   0.000   0.000   0.000   2.000   
23.520   23.520   0.000   0.000   0.000   2.000   
23.520   23.520   0.000   0.000   0.000   -3.000   
23.520   23.520   0.000   0.000   0.000   -4.000   
23.520   23.520   0.000   0.000   0.000   -4.000   
23.520   23.520   0.000   0.000   0.000   -3.000   
23.520   23.520   0.000   0.000   0.000   -7.000   
23.520   23.520   0.000   0.000   0.000   -6.000   
23.520   23.520   0.000   0.000   0.000   -5.000   
23.520   23.520   0.000   0.000   0.000   -3.000   
23.520   23.520   0.000   0.000   0.000   -1.000   
23.520   23.520   0.000   0.000   0.000   -7.000   
23.520   23.520   0.000   0.000   0.000   -7.000   
23.520   23.520   0.000   0.000   0.000   -11.000   
23.520   23.520   0.000   0.000   0.000   -9.000   
23.520   23.520   0.000   0.000   0.000   -12.000   
23.520   23.520   0.000   0.000   0.000   -8.000   
23.520   23.520   0.000   0.000   0.000   -8.000   
23.520   23.520   0.000   0.000   0.000   -13.000   
23.520   23.520   0.000   0.000   0.000   -8.000   
23.520   23.520   0.000   0.000   0.000   -5.000   
23.520   23.520   0.000   0.000   0.000   -8.000   
23.520   23.520   0.000   0.000   0.000   -7.000   
23.520   23.520   0.000   0.000   0.000   -13.000   
23.520   23.520   0.000   0.000   0.000   -8.000   
23.520   23.520   0.000   0.000   0.000   -6.000   
23.520   23.520   0.000   0.000   0.000   -9.000   
23.520   23.520   0.000   0.000   0.000   -12.000   
23.520   23.520   0.000   0.000   0.000   -11.000   
23.520   23.520   0.000   0.000   0.000   -5.000   
23.520   23.520   0.000   0.000   0.000   -4.000   
23.520   23.520   0.000   0.000   0.000   -7.000   
23.520   23.520   0.000   0.000   0.000   -7.000   
23.520   23.520   0.000   0.000   0.000   0.000   
23.520   23.520   0.000   0.000   0.000   -9.000   
23.520   23.520   0.000   0.000   0.000   -3.000   
23.520   23.520   0.000   0.000   0.000   -9.000   
23.520   23.520   0.000   0.000   0.000   -8.000   
23.520   23.520   0.000   0.000   0.000   -6.000   
23.520   23.520   0.000   0.000   0.000   -8.000   
23.520   23.520   0.000   0.000   0.000   -5.000   
23.520   23.520   0.000   0.000   0.000   -8.000   
23.520   23.520   0.000   0.000   0.000   -8.000   
23.520   23.520   0.000   0.000   0.000   -5.000   
23.520   23.520   0.000   0.000   0.000   -9.000   
23.520   23.520   0.000   0.000   0.000   -4.000   
23.520   23.520   0.000   0.000   0.000   -5.000   
23.520   23.520   0.000   0.000   0.000   -6.000   
23.520   23.520   0.000   0.000   0.000   -5.000   
23.520   23.520   0.000   0.000   0.000   -4.000   
23.520   23.520   0.000   0.000   0.000   -8.000   
23.520   23.520   0.000   0.000   0.000   -5.000   
23.520   23.520   0.000   0.000   0.000   -1.000   
23.520   23.520   0.000   0.000   0.000   1.000   
23.520   23.520   0.000   0.000   0.000   1.000   
23.520   23.520   0.000   0.000   0.000   3.000   
23.520   23.520   0.000   0.000   0.000   2.000   
23.520   23.520   0.000   0.000   0.000   0.000   
23.520   23.520   0.000   0.000   0.000   0.000   
23.520   23.520   0.000   0.000   0.000   4.000   
23.520   23.520   0.000   0.000   0.000   1.000   
23.520   23.520   0.000   0.000   0.000   1.000   
23.520   23.520   0.000   0.000   0.000   0.000   
23.520   23.520   0.000   0.000   0.000   1.000   
23.520   23.520   0.000   0.000   0.000   4.000   
23.520   23.520   0.000   0.000   0.000   -1.000   
23.520   23.520   0.000   0.000   0.000   -2.000   
23.520   23.520   0.000   0.000   0.000   -1.000   
23.520   23.520   0.000   0.000   0.000   0.000   
23.520   23.520   0.000   0.000   0.000   0.000   
23.520   23.520   0.000   0.000   0.000   -2.000   
23.520   23.520   0.000   0.000   0.000   -1.000   
23.520   23.520   0.000   0.000   0.000   -1.000   
23.520   23.520   0.000   0.000   0.000   -1.000   
23.520   23.520   0.000   0.000   0.000   -3.000   
23.520   23.520   0.000   0.000   0.000   -1.000   
23.520   23.520   0.000   0.000   0.000   -3.000   
23.520   23.520   0.000   0.000   0.000   0.000   
23.520   23.520   0.000   0.000   0.000   2.000   
23.520   23.520   0.000   0.000   0.000   2.000   
23.520   23.520   0.000   0.000   0.000   2.000   
23.520   23.520   0.000   0.000   0.000   1.000   
23.520   23.520   0.000   0.000   0.000   2.000   
23.520   23.520   0.000   0.000   0.000   -2.000   
23.520   23.520   0.000   0.000   0.000   -1.000   
23.520   23.520   0.000   0.000   0.000   1.000   
23.520   23.520   0.000   0.000   0.000   3.000   
23.520   23.520   0.000   0.000   0.000   4.000   
23.520   23.520   0.000   0.000   0.000   -1.000   
23.520   23.520   0.000   0.000   0.000   0.000   
23.520   23.520   0.000   0.000   0.000   4.000   
23.520   23.520   0.000   0.000   0.000   2.000   
23.520   23.520   0.000   0.000   0.000   0.000   
23.520   23.520   0.000   0.000   0.000   1.000   
23.520   23.520   0.000   0.000   0.000   6.000   
23.520   23.520   0.000   0.000   0.000   0.000   
23.520   23.520   0.000   0.000   0.000   0.000   
23.520   23.520   0.000   0.000   0.000   4.000   
23.520   23.520   0.000   0.000   0.000   -2.000   
23.520   23.520   0.000   0.000   0.000   2.000   
23.520   23.520   0.000   0.000   0.000   0.000   
23.520   23.520   0.000   0.000   0.000   0.000   
23.520   23.520   0.000   0.000   0.000   0.000   
23.520   23.520   0.000   0.000   0.000   2.000   
23.520   23.520   0.000   0.000   0.000   -3.000   
23.520   23.520   0.000   0.000   0.000   -1.000   
23.520   23.520   0.000   0.000   0.000   1.000   
23.520   23.520   0.000   0.000   0.000   0.000   
23.520   23.520   0.000   0.000   0.000   -3.000   
23.520   23.520   0.000   0.000   0.000   1.000   
23.520   23.520   0.000   0.000   0.000   1.000   
23.520   23.520   0.000   0.000   0.000   -1.000   
23.520   23.520   0.000   0.000   0.000   0.000   
23.520   23.520   0.000   0.000   0.000   -4.000   
23.520   23.520   0.000   0.000   0.000   1.000   
23.520   23.520   0.000   0.000   0.000   -4.000   
23.520   23.520   0.000   0.000   0.000   2.000   
23.520   23.520   0.000   0.000   0.000   -1.000   
23.520   23.520   0.000   0.000   0.000   -1.000   
23.520   23.520   0.000   0.000   0.000   -3.000   
23.520   23.520   0.000   0.000   0.000   1.000   
23.520   23.520   0.000   0.000   0.000   2.000   
23.520   23.520   0.000   0.000   0.000   1.000   
23.520   23.520   0.000   0.000   0.000   1.000   
23.520   23.520   0.000   0.000   0.000   0.000   
23.520   23.520   0.000   0.000   0.000   0.000   
23.520   23.520   0.000   0.000   0.000   2.000   
23.520   23.520   0.000   0.000   0.000   -2.000   
23.520   23.520   0.000   0.000   0.000   0.000   
23.520   23.520   0.000   0.000   0.000   -1.000   
23.520   23.520   0.000   0.000   0.000   3.000   
23.520   23.520   0.000   0.000   0.000   1.000   
23.520   23.520   0.000   0.000   0.000   -2.000   
23.520   23.520   0.000   0.000   0.000   1.000   
23.520   23.520   0.000   0.000   0.000   1.000   
23.520   23.520   0.000   0.000   0.000   0.000   
23.520   23.520   0.000   0.000   0.000   -2.000   
23.520   23.520   0.000   0.000   0.000   -1.000   
23.520   23.520   0.000   0.000   0.000   1.000   
23.520   23.520   0.000   0.000   0.000   -1.000   
23.520   23.520   0.000   0.000   0.000   -4.000   
23.520   23.520   0.000   0.000   0.000   0.000   
23.520   23.520   0.000   0.000   0.000   0.000   
23.520   23.520   0.000   0.000   0.000   2.000   
23.520   23.520   0.000   0.000   0.000   -1.000   
23.520   23.520   0.000   0.000   0.000   -1.000   
23.520   23.520   0.000   0.000   0.000   -4.000   
23.520   23.520   0.000   0.000   0.000   1.000   
23.520   23.520   0.000   0.000   0.000   5.000   
23.520   23.520   0.000   0.000   0.000   -3.000   
23.520   23.520   0.000   0.000   0.000   -3.000   
23.520   23.520   0.000   0.000   0.000   0.000   
23.520   23.520   0.000   0.000   0.000   -1.000   
23.520   23.520   0.000   0.000   0.000   -7.000   
23.520   23.520   0.000   0.000   0.000   0.000   
23.520   23.520   0.000   0.000   0.000   -5.000   
23.520   23.520   0.000   0.000   0.000   3.000   
23.520   23.520   0.000   0.000   0.000   1.000   
23.520   23.520   0.000   0.000   0.000   1.000   
23.520   23.520   0.000   0.000   0.000   0.000   
23.520   23.520   0.000   0.000   0.000   0.000   
23.520   23.520   0.000   0.000   0.000   3.000   
23.520   23.520   0.000   0.000   0.000   -2.000   
23.520   23.520   0.000   0.000   0.000   1.000   
23.520   23.520   0.000   0.000   0.000   1.000   
23.520   23.520   0.000   0.000   0.000   -1.000   
23.520   23.520   0.000   0.000   0.000   0.000   
23.520   23.520   0.000   0.000   0.000   2.000   
23.520   23.520   0.000   0.000   0.000   2.000   
23.520   23.520   0.000   0.000   0.000   3.000   
23.520   23.520   0.000   0.000   0.000   -2.000   
23.520   23.520   0.000   0.000   0.000   0.000   
23.520   23.520   0.000   0.000   0.000   5.000   
23.520   23.520   0.000   0.000   0.000   0.000   
23.520   23.520   0.000   0.000   0.000   2.000   
23.520   23.520   0.000   0.000   0.000   -1.000   
23.520   23.520   0.000   0.000   0.000   -3.000   
23.520   23.520   0.000   0.000   0.000   2.000   
23.520   23.520   0.000   0.000   0.000   0.000   
23.520   23.520   0.000   0.000   0.000   3.000   
23.520   23.520   0.000   0.000   0.000   4.000   
23.520   23.520   0.000   0.000   0.000   8.000   
23.520   23.520   0.000   0.000   0.000   4.000   
23.520   23.520   0.000   0.000   0.000   7.000   
23.520   23.520   0.000   0.000   0.000   4.000   
23.520   23.520   0.000   0.000   0.000   3.000   
23.520   23.520   0.000   0.000   0.000   9.000   
23.520   23.520   0.000   0.000   0.000   4.000   
23.520   23.520   0.000   0.000   0.000   9.000   
23.520   23.520   0.000   0.000   0.000   4.000   
23.520   23.520   0.000   0.000   0.000   6.000   
23.520   23.520   0.000   0.000   0.000   4.000   
23.520   23.520   0.000   0.000   0.000   8.000   
23.520   23.520   0.000   0.000   0.000   9.000   
23.520   23.520   0.000   0.000   0.000   2.000   
23.520   23.520   0.000   0.000   0.000   8.000   
23.520   23.520   0.000   0.000   0.000   2.000   
23.520   23.520   0.000   0.000   0.000   7.000   
23.520   23.520   0.000   0.000   0.000   8.000   
23.520   23.520   0.000   0.000   0.000   4.000   
23.520   23.520   0.000   0.000   0.000   1.000   
23.520   23.520   0.000   0.000   0.000   7.000   
23.520   23.520   0.000   0.000   0.000   2.000   
23.520   23.520   0.000   0.000   0.000   -1.000   
23.520   23.520   0.000   0.000   0.000   9.000   
23.520   23.520   0.000   0.000   0.000   8.000   
23.520   23.520   0.000   0.000   0.000   13.000   
23.520   23.520   0.000   0.000   0.000   9.000   
23.520   23.520   0.000   0.000   0.000   8.000   
23.520   23.520   0.000   0.000   0.000   9.000   
23.520   23.520   0.000   0.000   0.000   8.000   
23.520   23.520   0.000   0.000   0.000   10.000   
23.520   23.520   0.000   0.000   0.000   7.000   
23.520   23.520   0.000   0.000   0.000   8.000   
23.520   23.520   0.000   0.000   0.000   8.000   
23.520   23.520   0.000   0.000   0.000   2.000   
23.520   23.520   0.000   0.000   0.000   5.000   
23.520   23.520   0.000   0.000   0.000   6.000   
23.520   23.520   0.000   0.000   0.000   12.000   
23.520   23.520   0.000   0.000   0.000   9.000   
23.520   23.520   0.000   0.000   0.000   -2.000   
23.520   23.520   0.000   0.000   0.000   -2.000   
23.520   23.520   0.000   0.000   0.000   -3.000   
23.520   23.520   0.000   0.000   0.000   -1.000   
23.520   23.520   0.000   0.000   0.000   1.000   
23.520   23.520   0.000   0.000   0.000   1.000   
23.520   23.520   0.000   0.000   0.000   4.000   
23.520   23.520   0.000   0.000   0.000   1.000   
23.520   23.520   0.000   0.000   0.000   1.000   
23.520   23.520   0.000   0.000   0.000   3.000   
23.520   23.520   0.000   0.000   0.000   3.000   
23.520   23.520   0.000   0.000   0.000   -1.000   
23.520   23.520   0.000   0.000   0.000   1.000   
23.520   23.520   0.000   0.000   0.000   1.000   
23.520   23.520   0.000   0.000   0.000   -2.000   
23.520   23.520   0.000   0.000   0.000   -2.000   
23.520   23.520   0.000   0.000   0.000   -1.000   
23.520   23.520   0.000   0.000   0.000   -3.000   
23.520   23.520   0.000   0.000   0.000   -1.000   
23.520   23.520   0.000   0.000   0.000   0.000   
23.520   23.520   0.000   0.000   0.000   2.000   
23.520   23.520   0.000   0.000   0.000   2.000   
23.520   23.520   0.000   0.000   0.000   4.000   
23.520   23.520   0.000   0.000   0.000   -2.000   
23.520   23.520   0.000   0.000   0.000   -2.000   
23.520   23.520   0.000   0.000   0.000   0.000   
23.520   23.520   0.000   0.000   0.000   -1.000   
23.520   23.520   0.000   0.000   0.000   -3.000   
23.520   23.520   0.000   0.000   0.000   2.000   
23.520   23.520   0.000   0.000   0.000   -2.000   
23.520   23.520   0.000   0.000   0.000   2.000   
23.520   23.520   0.000   0.000   0.000   -1.000   
23.520   23.520   0.000   0.000   0.000   0.000   
23.520   23.520   0.000   0.000   0.000   -2.000   
23.520   23.520   0.000   0.000   0.000   -1.000   
23.520   23.520   0.000   0.000   0.000   -1.000   
23.520   23.520   0.000   0.000   0.000   0.000   
23.520   23.520   0.000   0.000   0.000   0.000   
23.520   23.520   0.000   0.000   0.000   3.000   
23.520   23.520   0.000   0.000   0.000   0.000   
23.520   23.520   0.000   0.000   0.000   1.000   
23.520   23.520   0.000   0.000   0.000   1.000   
23.520   23.520   0.000   0.000   0.000   -1.000   
23.520   23.520   0.000   0.000   0.000   -2.000   
23.520   23.520   0.000   0.000   0.000   -1.000   
23.520   23.520   0.000   0.000   0.000   0.000   
23.520   23.520   0.000   0.000   0.000   1.000   
23.520   23.520   0.000   0.000   0.000   2.000   
23.520   23.520   0.000   0.000   0.000   0.000   
23.520   23.520   0.000   0.000   0.000   1.000   
23.520   23.520   0.000   0.000   0.000   -1.000   
23.520   23.520   0.000   0.000   0.000   1.000   
23.520   23.520   0.000   0.000   0.000   -5.000   
23.520   23.520   0.000   0.000   0.000   -1.000   
23.520   23.520   0.000   0.000   0.000   2.000   
23.520   23.520   0.000   0.000   0.000   -1.000   
23.520   23.520   0.000   0.000   0.000   3.000   
23.520   23.520   0.000   0.000   0.000   4.000   
23.520   23.520   0.000   0.000   0.000   -1.000   
23.520   23.520   0.000   0.000   0.000   -1.000   
23.520   23.520   0.000   0.000   0.000   -1.000   
23.520   23.520   0.000   0.000   0.000   1.000   
23.520   23.520   0.000   0.000   0.000   1.000   
23.520   23.520   0.000   0.000   0.000   -1.000   
23.520   23.520   0.000   0.000   0.000   0.000   
23.520   23.520   0.000   0.000   0.000   -2.000   
23.520   23.520   0.000   0.000   0.000   2.000   
23.520   23.520   0.000   0.000   0.000   -1.000   
23.520   23.520   0.000   0.000   0.000   0.000   
23.520   23.520   0.000   0.000   0.000   0.000   
23.520   23.520   0.000   0.000   0.000   0.000   
23.520   23.520   0.000   0.000   0.000   2.000   
23.520   23.520   0.000   0.000   0.000   5.000   
23.520   23.520   0.000   0.000   0.000   0.000   
23.520   23.520   0.000   0.000   0.000   -2.000   
23.520   23.520   0.000   0.000   0.000   9.000   
23.520   23.520   0.000   0.000   0.000   1.000   
23.520   23.520   0.000   0.000   0.000   5.000   
23.520   23.520   0.000   0.000   0.000   0.000   
23.520   23.520   0.000   0.000   0.000   2.000   
23.520   23.520   0.000   0.000   0.000   1.000   
23.520   23.520   0.000   0.000   0.000   3.000   
23.520   23.520   0.000   0.000   0.000   4.000   
23.520   23.520   0.000   0.000   0.000   1.000   
23.520   23.520   0.000   0.000   0.000   0.000   
23.520   23.520   0.000   0.000   0.000   -2.000   
23.520   23.520   0.000   0.000   0.000   -1.000   
23.520   23.520   0.000   0.000   0.000   2.000   
23.520   23.520   0.000   0.000   0.000   3.000   
23.520   23.520   0.000   0.000   0.000   3.000   
23.520   23.520   0.000   0.000   0.000   -4.000   
23.520   23.520   0.000   0.000   0.000   -1.000   
23.520   23.520   0.000   0.000   0.000   3.000   
23.520   23.520   0.000   0.000   0.000   -5.000   
23.520   23.520   0.000   0.000   0.000   1.000   
23.520   23.520   0.000   0.000   0.000   -2.000   
23.520   23.520   0.000   0.000   0.000   -5.000   
23.520   23.520   0.000   0.000   0.000   -4.000   
23.520   23.520   0.000   0.000   0.000   0.000   
23.520   23.520   0.000   0.000   0.000   2.000   
23.520   23.520   0.000   0.000   0.000   -1.000   
23.520   23.520   0.000   0.000   0.000   2.000   
23.520   23.520   0.000   0.000   0.000   -1.000   
23.520   23.520   0.000   0.000   0.000   0.000   
23.520   23.520   0.000   0.000   0.000   -5.000   
23.520   23.520   0.000   0.000   0.000   -5.000   
23.520   23.520   0.000   0.000   0.000   2.000   
23.520   23.520   0.000   0.000   0.000   -1.000   
23.520   23.520   0.000   0.000   0.000   1.000   
23.520   23.520   0.000   0.000   0.000   -6.000   
23.520   23.520   0.000   0.000   0.000   -2.000   
23.520   23.520   0.000   0.000   0.000   1.000   
23.520   23.520   0.000   0.000   0.000   1.000   
23.520   23.520   0.000   0.000   0.000   5.000   
23.520   23.520   0.000   0.000   0.000   2.000   
23.520   23.520   0.000   0.000   0.000   2.000   
23.520   23.520   0.000   0.000   0.000   2.000   
23.520   23.520   0.000   0.000   0.000   -8.000   
23.520   23.520   0.000   0.000   0.000   0.000   
23.520   23.520   0.000   0.000   0.000   2.000   
23.520   23.520   0.000   0.000   0.000   0.000   
23.520   23.520   0.000   0.000   0.000   3.000   
23.520   23.520   0.000   0.000   0.000   2.000   
23.520   23.520   0.000   0.000   0.000   4.000   
23.520   23.520   0.000   0.000   0.000   3.000   
23.520   23.520   0.000   0.000   0.000   1.000   
23.520   23.520   0.000   0.000   0.000   -12.000   
23.520   23.520   0.000   0.000   0.000   -4.000   
23.520   23.520   0.000   0.000   0.000   -4.000   
23.520   23.520   0.000   0.000   0.000   -3.000   
23.520   23.520   0.000   0.000   0.000   -4.000   
23.520   23.520   0.000   0.000   0.000   -11.000   
23.520   23.520   0.000   0.000   0.000   -1.000   
23.520   23.520   0.000   0.000   0.000   -4.000   
23.520   23.520   0.000   0.000   0.000   -7.000   
23.520   23.520   0.000   0.000   0.000   -9.000   
23.520   23.520   0.000   0.000   0.000   -3.000   
23.520   23.520   0.000   0.000   0.000   -11.000   
23.520   23.520   0.000   0.000   0.000   -8.000   
23.520   23.520   0.000   0.000   0.000   -12.000   
23.520   23.520   0.000   0.000   0.000   -7.000   
23.520   23.520   0.000   0.000   0.000   -10.000   
23.520   23.520   0.000   0.000   0.000   -8.000   
23.520   23.520   0.000   0.000   0.000   -6.000   
23.520   23.520   0.000   0.000   0.000   -7.000   
23.520   23.520   0.000   0.000   0.000   -1.000   
23.520   23.520   0.000   0.000   0.000   -11.000   
23.520   23.520   0.000   0.000   0.000   -10.000   
23.520   23.520   0.000   0.000   0.000   -10.000   
23.520   23.520   0.000   0.000   0.000   -11.000   
23.520   23.520   0.000   0.000   0.000   -10.000   
23.520   23.520   0.000   0.000   0.000   -5.000   
23.520   23.520   0.000   0.000   0.000   -12.000   
23.520   23.520   0.000   0.000   0.000   -7.000   
23.520   23.520   0.000   0.000   0.000   -5.000   
23.520   23.520   0.000   0.000   0.000   -6.000   
23.520   23.520   0.000   0.000   0.000   -3.000   
23.520   23.520   0.000   0.000   0.000   -2.000   
23.520   23.520   0.000   0.000   0.000   -6.000   
23.520   23.520   0.000   0.000   0.000   -3.000   
23.520   23.520   0.000   0.000   0.000   -8.000   
23.520   23.520   0.000   0.000   0.000   -4.000   
23.520   23.520   0.000   0.000   0.000   -11.000   
23.520   23.520   0.000   0.000   0.000   -2.000   
23.520   23.520   0.000   0.000   0.000   -4.000   
23.520   23.520   0.000   0.000   0.000   -4.000   
23.520   23.520   0.000   0.000   0.000   -7.000   
23.520   23.520   0.000   0.000   0.000   -13.000   
23.520   23.520   0.000   0.000   0.000   -1.000   
23.520   23.520   0.000   0.000   0.000   0.000   
23.520   23.520   0.000   0.000   0.000   2.000   
23.520   23.520   0.000   0.000   0.000   0.000   
23.520   23.520   0.000   0.000   0.000   2.000   
23.520   23.520   0.000   0.000   0.000   1.000   
23.520   23.520   0.000   0.000   0.000   -1.000   
23.520   23.520   0.000   0.000   0.000   2.000   
23.520   23.520   0.000   0.000   0.000   1.000   
23.520   23.520   0.000   0.000   0.000   3.000   
23.520   23.520   0.000   0.000   0.000   3.000   
23.520   23.520   0.000   0.000   0.000   2.000   
23.520   23.520   0.000   0.000   0.000   1.000   
23.520   23.520   0.000   0.000   0.000   -3.000   
23.520   23.520   0.000   0.000   0.000   -4.000   
23.520   23.520   0.000   0.000   0.000   1.000   
23.520   23.520   0.000   0.000   0.000   -3.000   
23.520   23.520   0.000   0.000   0.000   -1.000   
23.520   23.520   0.000   0.000   0.000   1.000   
23.520   23.520   0.000   0.000   0.000   1.000   
23.520   23.520   0.000   0.000   0.000   -2.000   
23.520   23.520   0.000   0.000   0.000   5.000   
23.520   23.520   0.000   0.000   0.000   -2.000   
23.520   23.520   0.000   0.000   0.000   3.000   
23.520   23.520   0.000   0.000   0.000   4.000   
23.520   23.520   0.000   0.000   0.000   -3.000   
23.520   23.520   0.000   0.000   0.000   -1.000   
23.520   23.520   0.000   0.000   0.000   -5.000   
23.520   23.520   0.000   0.000   0.000   2.000   
23.520   23.520   0.000   0.000   0.000   0.000   
23.520   23.520   0.000   0.000   0.000   -1.000   
23.520   23.520   0.000   0.000   0.000   0.000   
23.520   23.520   0.000   0.000   0.000   0.000   
23.520   23.520   0.000   0.000   0.000   3.000   
23.520   23.520   0.000   0.000   0.000   2.000   
23.520   23.520   0.000   0.000   0.000   2.000   
23.520   23.520   0.000   0.000   0.000   2.000   
23.520   23.520   0.000   0.000   0.000   2.000   
23.520   23.520   0.000   0.000   0.000   -1.000   
23.520   23.520   0.000   0.000   0.000   -4.000   
23.520   23.520   0.000   0.000   0.000   -1.000   
23.520   23.520   0.000   0.000   0.000   1.000   
23.520   23.520   0.000   0.000   0.000   -2.000   
23.520   23.520   0.000   0.000   0.000   1.000   
23.520   23.520   0.000   0.000   0.000   1.000   
23.520   23.520   0.000   0.000   0.000   4.000   
23.520   23.520   0.000   0.000   0.000   0.000   
23.520   23.520   0.000   0.000   0.000   0.000   
23.520   23.520   0.000   0.000   0.000   4.000   
23.520   23.520   0.000   0.000   0.000   1.000   
23.520   23.520   0.000   0.000   0.000   -5.000   
23.520   23.520   0.000   0.000   0.000   -1.000   
23.520   23.520   0.000   0.000   0.000   -5.000   
23.520   23.520   0.000   0.000   0.000   -1.000   
23.520   23.520   0.000   0.000   0.000   -1.000   
23.520   23.520   0.000   0.000   0.000   -2.000   
23.520   23.520   0.000   0.000   0.000   3.000   
23.520   23.520   0.000   0.000   0.000   2.000   
23.520   23.520   0.000   0.000   0.000   -2.000   
23.520   23.520   0.000   0.000   0.000   1.000   
23.520   23.520   0.000   0.000   0.000   2.000   
23.520   23.520   0.000   0.000   0.000   1.000   
23.520   23.520   0.000   0.000   0.000   -4.000   
23.520   23.520   0.000   0.000   0.000   0.000   
23.520   23.520   0.000   0.000   0.000   -3.000   
23.520   23.520   0.000   0.000   0.000   6.000   
23.520   23.520   0.000   0.000   0.000   2.000   
23.520   23.520   0.000   0.000   0.000   -4.000   
23.520   23.520   0.000   0.000   0.000   -1.000   
23.520   23.520   0.000   0.000   0.000   -4.000   
23.520   23.520   0.000   0.000   0.000   -1.000   
23.520   23.520   0.000   0.000   0.000   -1.000   
23.520   23.520   0.000   0.000   0.000   1.000   
23.520   23.520   0.000   0.000   0.000   -1.000   
23.520   23.520   0.000   0.000   0.000   -2.000   
23.520   23.520   0.000   0.000   0.000   0.000   
23.520   23.520   0.000   0.000   0.000   1.000   
23.520   23.520   0.000   0.000   0.000   -4.000   
23.520   23.520   0.000   0.000   0.000   -1.000   
23.520   23.520   0.000   0.000   0.000   1.000   
23.520   23.520   0.000   0.000   0.000   -1.000   
23.520   23.520   0.000   0.000   0.000   3.000   
23.520   23.520   0.000   0.000   0.000   2.000   
23.520   23.520   0.000   0.000   0.000   -2.000   
23.520   23.520   0.000   0.000   0.000   2.000   
23.520   23.520   0.000   0.000   0.000   -2.000   
23.520   23.520   0.000   0.000   0.000   -2.000   
23.520   23.520   0.000   0.000   0.000   3.000   
23.520   23.520   0.000   0.000   0.000   2.000   
23.520   23.520   0.000   0.000   0.000   0.000   
23.520   23.520   0.000   0.000   0.000   -2.000   
23.520   23.520   0.000   0.000   0.000   5.000   
23.520   23.520   0.000   0.000   0.000   -3.000   
23.520   23.520   0.000   0.000   0.000   -6.000   
23.520   23.520   0.000   0.000   0.000   0.000   
23.520   23.520   0.000   0.000   0.000   2.000   
23.520   23.520   0.000   0.000   0.000   -1.000   
23.520   23.520   0.000   0.000   0.000   -7.000   
23.520   23.520   0.000   0.000   0.000   -3.000   
23.520   23.520   0.000   0.000   0.000   0.000   
23.520   23.520   0.000   0.000   0.000   -6.000   
23.520   23.520   0.000   0.000   0.000   1.000   
23.520   23.520   0.000   0.000   0.000   0.000   
23.520   23.520   0.000   0.000   0.000   -1.000   
23.520   23.520   0.000   0.000   0.000   1.000   
23.520   23.520   0.000   0.000   0.000   0.000   
23.520   23.520   0.000   0.000   0.000   0.000   
23.520   23.520   0.000   0.000   0.000   -4.000   
23.520   23.520   0.000   0.000   0.000   -2.000   
23.520   23.520   0.000   0.000   0.000   -5.000   
23.520   23.520   0.000   0.000   0.000   -4.000   
23.520   23.520   0.000   0.000   0.000   0.000   
23.520   23.520   0.000   0.000   0.000   2.000   
23.520   23.520   0.000   0.000   0.000   -4.000   
23.520   23.520   0.000   0.000   0.000   1.000   
23.520   23.520   0.000   0.000   0.000   0.000   
23.520   23.520   0.000   0.000   0.000   0.000   
23.520   23.520   0.000   0.000   0.000   2.000   
23.520   23.520   0.000   0.000   0.000   0.000   
23.520   23.520   0.000   0.000   0.000   -3.000   
23.520   23.520   0.000   0.000   0.000   -4.000   
23.520   23.520   0.000   0.000   0.000   -2.000   
23.520   23.520   0.000   0.000   0.000   0.000   
23.520   23.520   0.000   0.000   0.000   0.000   
23.520   23.520   0.000   0.000   0.000   1.000   
23.520   23.520   0.000   0.000   0.000   12.000   
23.520   23.520   0.000   0.000   0.000   2.000   
23.520   23.520   0.000   0.000   0.000   11.000   
23.520   23.520   0.000   0.000   0.000   12.000   
23.520   23.520   0.000   0.000   0.000   10.000   
23.520   23.520   0.000   0.000   0.000   6.000   
23.520   23.520   0.000   0.000   0.000   4.000   
23.520   23.520   0.000   0.000   0.000   8.000   
23.520   23.520   0.000   0.000   0.000   2.000   
23.520   23.520   0.000   0.000   0.000   3.000   
23.520   23.520   0.000   0.000   0.000   3.000   
23.520   23.520   0.000   0.000   0.000   7.000   
23.520   23.520   0.000   0.000   0.000   5.000   
23.520   23.520   0.000   0.000   0.000   12.000   
23.520   23.520   0.000   0.000   0.000   2.000   
23.520   23.520   0.000   0.000   0.000   9.000   
23.520   23.520   0.000   0.000   0.000   8.000   
23.520   23.520   0.000   0.000   0.000   4.000   
23.520   23.520   0.000   0.000   0.000   5.000   
23.520   23.520   0.000   0.000   0.000   5.000   
23.520   23.520   0.000   0.000   0.000   7.000   
23.520   23.520   0.000   0.000   0.000   7.000   
23.520   23.520   0.000   0.000   0.000   7.000   
23.520   23.520   0.000   0.000   0.000   5.000   
23.520   23.520   0.000   0.000   0.000   2.000   
23.520   23.520   0.000   0.000   0.000   7.000   
23.520   23.520   0.000   0.000   0.000   7.000   
23.520   23.520   0.000   0.000   0.000   7.000   
23.520   23.520   0.000   0.000   0.000   2.000   
23.520   23.520   0.000   0.000   0.000   5.000   
23.520   23.520   0.000   0.000   0.000   7.000   
23.520   23.520   0.000   0.000   0.000   7.000   
23.520   23.520   0.000   0.000   0.000   8.000   
23.520   23.520   0.000   0.000   0.000   4.000   
23.520   23.520   0.000   0.000   0.000   9.000   
23.520   23.520   0.000   0.000   0.000   4.000   
23.520   23.520   0.000   0.000   0.000   9.000   
23.520   23.520   0.000   0.000   0.000   12.000   
23.520   23.520   0.000   0.000   0.000   7.000   
23.520   23.520   0.000   0.000   0.000   8.000   
23.520   23.520   0.000   0.000   0.000   3.000   
23.520   23.520   0.000   0.000   0.000   5.000   
23.520   23.520   0.000   0.000   0.000   3.000   
23.520   23.520   0.000   0.000   0.000   -3.000   
23.520   23.520   0.000   0.000   0.000   0.000   
23.520   23.520   0.000   0.000   0.000   -4.000   
23.520   23.520   0.000   0.000   0.000   1.000   
23.520   23.520   0.000   0.000   0.000   0.000   
23.520   23.520   0.000   0.000   0.000   1.000   
23.520   23.520   0.000   0.000   0.000   1.000   
23.520   23.520   0.000   0.000   0.000   1.000   
23.520   23.520   0.000   0.000   0.000   1.000   
23.520   23.520   0.000   0.000   0.000   1.000   
23.520   23.520   0.000   0.000   0.000   -1.000   
23.520   23.520   0.000   0.000   0.000   4.000   
23.520   23.520   0.000   0.000   0.000   2.000   
23.520   23.520   0.000   0.000   0.000   3.000   
23.520   23.520   0.000   0.000   0.000   0.000   
23.520   23.520   0.000   0.000   0.000   1.000   
23.520   23.520   0.000   0.000   0.000   2.000   
23.520   23.520   0.000   0.000   0.000   5.000   
23.520   23.520   0.000   0.000   0.000   5.000   
23.520   23.520   0.000   0.000   0.000   -4.000   
23.520   23.520   0.000   0.000   0.000   -4.000   
23.520   23.520   0.000   0.000   0.000   -4.000   
23.520   23.520   0.000   0.000   0.000   1.000   
23.520   23.520   0.000   0.000   0.000   0.000   
23.520   23.520   0.000   0.000   0.000   1.000   
23.520   23.520   0.000   0.000   0.000   1.000   
23.520   23.520   0.000   0.000   0.000   1.000   
23.520   23.520   0.000   0.000   0.000   1.000   
23.520   23.520   0.000   0.000   0.000   -1.000   
23.520   23.520   0.000   0.000   0.000   -2.000   
23.520   23.520   0.000   0.000   0.000   0.000   
23.520   23.520   0.000   0.000   0.000   1.000   
23.520   23.520   0.000   0.000   0.000   2.000   
23.520   23.520   0.000   0.000   0.000   0.000   
23.520   23.520   0.000   0.000   0.000   0.000   
23.520   23.520   0.000   0.000   0.000   3.000   
23.520   23.520   0.000   0.000   0.000   1.000   
23.520   23.520   0.000   0.000   0.000   2.000   
23.520   23.520   0.000   0.000   0.000   1.000   
23.520   23.520   0.000   0.000   0.000   1.000   
23.520   23.520   0.000   0.000   0.000   0.000   
23.520   23.520   0.000   0.000   0.000   -1.000   
23.520   23.520   0.000   0.000   0.000   2.000   
23.520   23.520   0.000   0.000   0.000   3.000   
23.520   23.520   0.000   0.000   0.000   1.000   
23.520   23.520   0.000   0.000   0.000   -1.000   
23.520   23.520   0.000   0.000   0.000   -1.000   
23.520   23.520   0.000   0.000   0.000   1.000   
23.520   23.520   0.000   0.000   0.000   -2.000   
23.520   23.520   0.000   0.000   0.000   6.000   
23.520   23.520   0.000   0.000   0.000   1.000   
23.520   23.520   0.000   0.000   0.000   2.000   
23.520   23.520   0.000   0.000   0.000   1.000   
23.520   23.520   0.000   0.000   0.000   0.000   
23.520   23.520   0.000   0.000   0.000   1.000   
23.520   23.520   0.000   0.000   0.000   -3.000   
23.520   23.520   0.000   0.000   0.000   4.000   
23.520   23.520   0.000   0.000   0.000   -2.000   
23.520   23.520   0.000   0.000   0.000   0.000   
23.520   23.520   0.000   0.000   0.000   5.000   
23.520   23.520   0.000   0.000   0.000   -1.000   
23.520   23.520   0.000   0.000   0.000   2.000   
23.520   23.520   0.000   0.000   0.000   1.000   
23.520   23.520   0.000   0.000   0.000   0.000   
23.520   23.520   0.000   0.000   0.000   0.000   
23.520   23.520   0.000   0.000   0.000   2.000   
23.520   23.520   0.000   0.000   0.000   1.000   
23.520   23.520   0.000   0.000   0.000   0.000   
23.520   23.520   0.000   0.000   0.000   0.000   
23.520   23.520   0.000   0.000   0.000   1.000   
23.520   23.520   0.000   0.000   0.000   -3.000   
23.520   23.520   0.000   0.000   0.000   -2.000   
23.520   23.520   0.000   0.000   0.000   0.000   
23.520   23.520   0.000   0.000   0.000   2.000   
23.520   23.520   0.000   0.000   0.000   -1.000   
23.520   23.520   0.000   0.000   0.000   -3.000   
23.520   23.520   0.000   0.000   0.000   1.000   
23.520   23.520   0.000   0.000   0.000   1.000   
23.520   23.520   0.000   0.000   0.000   -2.000   
23.520   23.520   0.000   0.000   0.000   -3.000   
23.520   23.520   0.000   0.000   0.000   -1.000   
23.520   23.520   0.000   0.000   0.000   -3.000   
23.520   23.520   0.000   0.000   0.000   0.000   
23.520   23.520   0.000   0.000   0.000   -2.000   
23.520   23.520   0.000   0.000   0.000   -6.000   
23.520   23.520   0.000   0.000   0.000   -4.000   
23.520   23.520   0.000   0.000   0.000   0.000   
23.520   23.520   0.000   0.000   0.000   5.000   
23.520   23.520   0.000   0.000   0.000   0.000   
23.520   23.520   0.000   0.000   0.000   -1.000   
23.520   23.520   0.000   0.000   0.000   2.000   
23.520   23.520   0.000   0.000   0.000   -4.000   
23.520   23.520   0.000   0.000   0.000   -1.000   
23.520   23.520   0.000   0.000   0.000   1.000   
23.520   23.520   0.000   0.000   0.000   0.000   
23.520   23.520   0.000   0.000   0.000   3.000   
23.520   23.520   0.000   0.000   0.000   -1.000   
23.520   23.520   0.000   0.000   0.000   3.000   
23.520   23.520   0.000   0.000   0.000   2.000   
23.520   23.520   0.000   0.000   0.000   1.000   
23.520   23.520   0.000   0.000   0.000   -1.000   
23.520   23.520   0.000   0.000   0.000   1.000   
23.520   23.520   0.000   0.000   0.000   -1.000   
23.520   23.520   0.000   0.000   0.000   -3.000   
23.520   23.520   0.000   0.000   0.000   -5.000   
23.520   23.520   0.000   0.000   0.000   -5.000   
23.520   23.520   0.000   0.000   0.000   5.000   
23.520   23.520   0.000   0.000   0.000   -4.000   
23.520   23.520   0.000   0.000   0.000   0.000   
23.520   23.520   0.000   0.000   0.000   -1.000   
23.520   23.520   0.000   0.000   0.000   -4.000   
23.520   23.520   0.000   0.000   0.000   -3.000   
23.520   23.520   0.000   0.000   0.000   -3.000   
23.520   23.520   0.000   0.000   0.000   -3.000   
23.520   23.520   0.000   0.000   0.000   0.000   
23.520   23.520   0.000   0.000   0.000   -4.000   
23.520   23.520   0.000   0.000   0.000   2.000   
23.520   23.520   0.000   0.000   0.000   -1.000   
23.520   23.520   0.000   0.000   0.000   2.000   
23.520   23.520   0.000   0.000   0.000   -4.000   
23.520   23.520   0.000   0.000   0.000   0.000   
23.520   23.520   0.000   0.000   0.000   6.000   
23.520   23.520   0.000   0.000   0.000   -1.000   
23.520   23.520   0.000   0.000   0.000   -3.000   
23.520   23.520   0.000   0.000   0.000   0.000   
23.520   23.520   0.000   0.000   0.000   -9.000   
23.520   23.520   0.000   0.000   0.000   -12.000   
23.520   23.520   0.000   0.000   0.000   -8.000   
23.520   23.520   0.000   0.000   0.000   -9.000   
23.520   23.520   0.000   0.000   0.000   -8.000   
23.520   23.520   0.000   0.000   0.000   -11.000   
23.520   23.520   0.000   0.000   0.000   -3.000   
23.520   23.520   0.000   0.000   0.000   -7.000   
23.520   23.520   0.000   0.000   0.000   -8.000   
23.520   23.520   0.000   0.000   0.000   -5.000   
23.520   23.520   0.000   0.000   0.000   -7.000   
23.520   23.520   0.000   0.000   0.000   -7.000   
23.520   23.520   0.000   0.000   0.000   -6.000   
23.520   23.520   0.000   0.000   0.000   -7.000   
23.520   23.520   0.000   0.000   0.000   -11.000   
23.520   23.520   0.000   0.000   0.000   -5.000   
23.520   23.520   0.000   0.000   0.000   -8.000   
23.520   23.520   0.000   0.000   0.000   -5.000   
23.520   23.520   0.000   0.000   0.000   -9.000   
23.520   23.520   0.000   0.000   0.000   -5.000   
23.520   23.520   0.000   0.000   0.000   -11.000   
23.520   23.520   0.000   0.000   0.000   -8.000   
23.520   23.520   0.000   0.000   0.000   -11.000   
23.520   23.520   0.000   0.000   0.000   -10.000   
23.520   23.520   0.000   0.000   0.000   -12.000   
23.520   23.520   0.000   0.000   0.000   -10.000   
23.520   23.520   0.000   0.000   0.000   -12.000   
23.520   23.520   0.000   0.000   0.000   -11.000   
23.520   23.520   0.000   0.000   0.000   -9.000   
23.520   23.520   0.000   0.000   0.000   -8.000   
23.520   23.520   0.000   0.000   0.000   -9.000   
23.520   23.520   0.000   0.000   0.000   -11.000   
23.520   23.520   0.000   0.000   0.000   -14.000   
23.520   23.520   0.000   0.000   0.000   -14.000   
23.520   23.520   0.000   0.000   0.000   -9.000   
23.520   23.520   0.000   0.000   0.000   -11.000   
23.520   23.520   0.000   0.000   0.000   -14.000   
23.520   23.520   0.000   0.000   0.000   -9.000   
23.520   23.520   0.000   0.000   0.000   -9.000   
23.520   23.520   0.000   0.000   0.000   -8.000   
23.520   23.520   0.000   0.000   0.000   -2.000   
23.520   23.520   0.000   0.000   0.000   -7.000   
23.520   23.520   0.000   0.000   0.000   -2.000   
23.520   23.520   0.000   0.000   0.000   2.000   
23.520   23.520   0.000   0.000   0.000   -3.000   
23.520   23.520   0.000   0.000   0.000   -2.000   
23.520   23.520   0.000   0.000   0.000   -2.000   
23.520   23.520   0.000   0.000   0.000   -5.000   
23.520   23.520   0.000   0.000   0.000   -2.000   
23.520   23.520   0.000   0.000   0.000   -2.000   
23.520   23.520   0.000   0.000   0.000   1.000   
23.520   23.520   0.000   0.000   0.000   -1.000   
23.520   23.520   0.000   0.000   0.000   -1.000   
23.520   23.520   0.000   0.000   0.000   0.000   
23.520   23.520   0.000   0.000   0.000   -1.000   
23.520   23.520   0.000   0.000   0.000   -4.000   
23.520   23.520   0.000   0.000   0.000   -1.000   
23.520   23.520   0.000   0.000   0.000   -1.000   
23.520   23.520   0.000   0.000   0.000   3.000   
23.520   23.520   0.000   0.000   0.000   1.000   
23.520   23.520   0.000   0.000   0.000   2.000   
23.520   23.520   0.000   0.000   0.000   7.000   
23.520   23.520   0.000   0.000   0.000   2.000   
23.520   23.520   0.000   0.000   0.000   -5.000   
23.520   23.520   0.000   0.000   0.000   -5.000   
23.520   23.520   0.000   0.000   0.000   -7.000   
23.520   23.520   0.000   0.000   0.000   1.000   
23.520   23.520   0.000   0.000   0.000   2.000   
23.520   23.520   0.000   0.000   0.000   2.000   
23.520   23.520   0.000   0.000   0.000   2.000   
23.520   23.520   0.000   0.000   0.000   -1.000   
23.520   23.520   0.000   0.000   0.000   -1.000   
23.520   23.520   0.000   0.000   0.000   3.000   
23.520   23.520   0.000   0.000   0.000   -1.000   
23.520   23.520   0.000   0.000   0.000   1.000   
23.520   23.520   0.000   0.000   0.000   1.000   
23.520   23.520   0.000   0.000   0.000   -2.000   
23.520   23.520   0.000   0.000   0.000   -5.000   
23.520   23.520   0.000   0.000   0.000   -1.000   
23.520   23.520   0.000   0.000   0.000   -1.000   
23.520   23.520   0.000   0.000   0.000   -3.000   
23.520   23.520   0.000   0.000   0.000   0.000   
23.520   23.520   0.000   0.000   0.000   1.000   
23.520   23.520   0.000   0.000   0.000   -3.000   
23.520   23.520   0.000   0.000   0.000   -4.000   
23.520   23.520   0.000   0.000   0.000   -4.000   
23.520   23.520   0.000   0.000   0.000   4.000   
23.520   23.520   0.000   0.000   0.000   1.000   
23.520   23.520   0.000   0.000   0.000   0.000   
23.520   23.520   0.000   0.000   0.000   -1.000   
23.520   23.520   0.000   0.000   0.000   -1.000   
23.520   23.520   0.000   0.000   0.000   -4.000   
23.520   23.520   0.000   0.000   0.000   -1.000   
23.520   23.520   0.000   0.000   0.000   2.000   
23.520   23.520   0.000   0.000   0.000   -1.000   
23.520   23.520   0.000   0.000   0.000   2.000   
23.520   23.520   0.000   0.000   0.000   1.000   
23.520   23.520   0.000   0.000   0.000   0.000   
23.520   23.520   0.000   0.000   0.000   1.000   
23.520   23.520   0.000   0.000   0.000   1.000   
23.520   23.520   0.000   0.000   0.000   2.000   
23.520   23.520   0.000   0.000   0.000   1.000   
23.520   23.520   0.000   0.000   0.000   0.000   
23.520   23.520   0.000   0.000   0.000   1.000   
23.520   23.520   0.000   0.000   0.000   -1.000   
23.520   23.520   0.000   0.000   0.000   2.000   
23.520   23.520   0.000   0.000   0.000   2.000   
23.520   23.520   0.000   0.000   0.000   -1.000   
23.520   23.520   0.000   0.000   0.000   2.000   
23.520   23.520   0.000   0.000   0.000   2.000   
23.520   23.520   0.000   0.000   0.000   1.000   
23.520   23.520   0.000   0.000   0.000   -2.000   
23.520   23.520   0.000   0.000   0.000   -1.000   
23.520   23.520   0.000   0.000   0.000   -1.000   
23.520   23.520   0.000   0.000   0.000   -4.000   
23.520   23.520   0.000   0.000   0.000   -5.000   
23.520   23.520   0.000   0.000   0.000   -4.000   
23.520   23.520   0.000   0.000   0.000   3.000   
23.520   23.520   0.000   0.000   0.000   2.000   
23.520   23.520   0.000   0.000   0.000   0.000   
23.520   23.520   0.000   0.000   0.000   -7.000   
23.520   23.520   0.000   0.000   0.000   3.000   
23.520   23.520   0.000   0.000   0.000   -4.000   
23.520   23.520   0.000   0.000   0.000   3.000   
23.520   23.520   0.000   0.000   0.000   0.000   
23.520   23.520   0.000   0.000   0.000   1.000   
23.520   23.520   0.000   0.000   0.000   -3.000   
23.520   23.520   0.000   0.000   0.000   0.000   
23.520   23.520   0.000   0.000   0.000   -4.000   
23.520   23.520   0.000   0.000   0.000   2.000   
23.520   23.520   0.000   0.000   0.000   0.000   
23.520   23.520   0.000   0.000   0.000   -6.000   
23.520   23.520   0.000   0.000   0.000   1.000   
23.520   23.520   0.000   0.000   0.000   0.000   
23.520   23.520   0.000   0.000   0.000   6.000   
23.520   23.520   0.000   0.000   0.000   4.000   
23.520   23.520   0.000   0.000   0.000   2.000   
23.520   23.520   0.000   0.000   0.000   -1.000   
23.520   23.520   0.000   0.000   0.000   -1.000   
23.520   23.520   0.000   0.000   0.000   1.000   
23.520   23.520   0.000   0.000   0.000   -2.000   
23.520   23.520   0.000   0.000   0.000   0.000   
23.520   23.520   0.000   0.000   0.000   1.000   
23.520   23.520   0.000   0.000   0.000   6.000   
23.520   23.520   0.000   0.000   0.000   1.000   
23.520   23.520   0.000   0.000   0.000   2.000   
23.520   23.520   0.000   0.000   0.000   1.000   
23.520   23.520   0.000   0.000   0.000   0.000   
23.520   23.520   0.000   0.000   0.000   3.000   
23.520   23.520   0.000   0.000   0.000   1.000   
23.520   23.520   0.000   0.000   0.000   -1.000   
23.520   23.520   0.000   0.000   0.000   6.000   
23.520   23.520   0.000   0.000   0.000   -2.000   
23.520   23.520   0.000   0.000   0.000   1.000   
23.520   23.520   0.000   0.000   0.000   -5.000   
23.520   23.520   0.000   0.000   0.000   2.000   
23.520   23.520   0.000   0.000   0.000   -4.000   
23.520   23.520   0.000   0.000   0.000   -3.000   
23.520   23.520   0.000   0.000   0.000   -5.000   
23.520   23.520   0.000   0.000   0.000   -1.000   
23.520   23.520   0.000   0.000   0.000   -2.000   
23.520   23.520   0.000   0.000   0.000   -4.000   
23.520   23.520   0.000   0.000   0.000   -4.000   
23.520   23.520   0.000   0.000   0.000   -1.000   
23.520   23.520   0.000   0.000   0.000   3.000   
23.520   23.520   0.000   0.000   0.000   -4.000   
23.520   23.520   0.000   0.000   0.000   7.000   
23.520   23.520   0.000   0.000   0.000   4.000   
23.520   23.520   0.000   0.000   0.000   7.000   
23.520   23.520   0.000   0.000   0.000   5.000   
23.520   23.520   0.000   0.000   0.000   7.000   
23.520   23.520   0.000   0.000   0.000   8.000   
23.520   23.520   0.000   0.000   0.000   5.000   
23.520   23.520   0.000   0.000   0.000   7.000   
23.520   23.520   0.000   0.000   0.000   7.000   
23.520   23.520   0.000   0.000   0.000   7.000   
23.520   23.520   0.000   0.000   0.000   8.000   
23.520   23.520   0.000   0.000   0.000   13.000   
23.520   23.520   0.000   0.000   0.000   9.000   
23.520   23.520   0.000   0.000   0.000   8.000   
23.520   23.520   0.000   0.000   0.000   11.000   
23.520   23.520   0.000   0.000   0.000   6.000   
23.520   23.520   0.000   0.000   0.000   9.000   
23.520   23.520   0.000   0.000   0.000   7.000   
23.520   23.520   0.000   0.000   0.000   7.000   
23.520   23.520   0.000   0.000   0.000   5.000   
23.520   23.520   0.000   0.000   0.000   4.000   
23.520   23.520   0.000   0.000   0.000   10.000   
23.520   23.520   0.000   0.000   0.000   6.000   
23.520   23.520   0.000   0.000   0.000   8.000   
23.520   23.520   0.000   0.000   0.000   5.000   
23.520   23.520   0.000   0.000   0.000   6.000   
23.520   23.520   0.000   0.000   0.000   10.000   
23.520   23.520   0.000   0.000   0.000   10.000   
23.520   23.520   0.000   0.000   0.000   11.000   
23.520   23.520   0.000   0.000   0.000   6.000   
23.520   23.520   0.000   0.000   0.000   11.000   
23.520   23.520   0.000   0.000   0.000   10.000   
23.520   23.520   0.000   0.000   0.000   8.000   
23.520   23.520   0.000   0.000   0.000   6.000   
23.520   23.520   0.000   0.000   0.000   12.000   
23.520   23.520   0.000   0.000   0.000   9.000   
23.520   23.520   0.000   0.000   0.000   9.000   
23.520   23.520   0.000   0.000   0.000   9.000   
23.520   23.520   0.000   0.000   0.000   8.000   
23.525   23.520   0.001   3.330   0.000   5.000   
23.545   23.520   0.003   7.495   0.000   3.000   
23.610   23.520   0.023   13.745   0.000   -21.000   
23.670   23.520   0.055   16.665   0.100   -81.000   
23.735   23.530   0.128   16.665   0.450   -457.000   
23.835   23.545   0.181   16.665   4.080   -771.000   
23.905   23.575   0.225   16.665   7.625   -924.000   
24.005   23.650   0.258   16.665   11.545   -800.000   
24.070   23.715   0.260   16.665   15.050   -515.000   
24.170   23.825   0.253   16.665   18.080   -35.000   
24.235   23.895   0.248   16.665   17.885   80.000   
24.335   24.000   0.245   16.665   17.395   61.000   
24.405   24.065   0.244   16.665   16.960   30.000   
24.470   24.135   0.244   16.665   16.725   23.000   
24.570   24.230   0.244   16.665   16.620   -20.000   
24.635   24.300   0.244   16.665   16.660   -10.000   
24.735   24.400   0.244   16.665   16.670   -5.000   
24.805   24.465   0.244   16.665   16.660   -16.000   
24.905   24.565   0.244   16.665   16.680   -13.000   
24.970   24.630   0.244   16.665   16.670   -19.000   
25.070   24.730   0.244   16.665   16.670   -6.000   
25.135   24.800   0.244   16.665   16.670   -12.000   
25.205   24.865   0.244   16.665   16.660   -12.000   
25.305   24.965   0.244   16.665   16.660   -10.000   
25.370   25.030   0.244   16.665   16.670   -20.000   
25.470   25.130   0.244   16.665   16.670   -26.000   
25.535   25.200   0.244   16.665   16.660   -22.000   
25.635   25.300   0.244   16.665   16.660   -20.000   
25.705   25.365   0.244   16.665   16.670   -31.000   
25.770   25.465   0.244   16.665   16.680   -12.000   
25.870   25.530   0.244   16.665   16.670   -17.000   
25.935   25.600   0.244   16.665   16.660   -11.000   
26.035   25.700   0.244   16.665   16.670   -8.000   
26.105   25.765   0.244   16.665   16.670   -14.000   
26.205   25.865   0.244   16.665   16.660   -17.000   
26.270   25.930   0.244   16.665   16.670   -2.000   
26.370   26.030   0.244   16.665   16.670   -9.000   
26.435   26.100   0.244   16.665   16.660   -10.000   
26.505   26.200   0.244   16.665   16.680   -17.000   
26.605   26.265   0.244   16.665   16.670   -10.000   
26.670   26.330   0.244   16.665   16.670   -21.000   
26.770   26.430   0.244   16.665   16.670   -17.000   
26.835   26.500   0.244   16.665   16.680   -20.000   
26.935   26.600   0.244   16.665   16.670   -15.000   
27.005   26.665   0.244   16.665   16.660   -16.000   
27.105   26.765   0.244   16.665   16.670   -6.000   
27.170   26.830   0.244   16.665   16.670   -22.000   
27.235   26.900   0.244   16.665   16.660   -24.000   
27.335   27.000   0.244   16.665   16.670   -32.000   
27.405   27.065   0.244   16.665   16.670   -25.000   
27.505   27.165   0.244   16.665   16.670   -9.000   
27.570   27.230   0.244   16.665   16.670   -27.000   
27.670   27.330   0.244   16.665   16.670   -18.000   
27.735   27.400   0.244   16.665   16.670   -13.000   
27.805   27.500   0.244   16.665   16.670   -26.000   
27.905   27.565   0.244   16.665   16.670   -24.000   
27.970   27.630   0.244   16.665   16.670   -30.000   
28.070   27.730   0.244   16.665   16.670   -32.000   
28.135   27.800   0.244   16.665   16.670   -27.000   
28.235   27.900   0.244   16.665   16.670   -17.000   
28.305   27.965   0.244   16.665   16.660   -33.000   
28.405   28.065   0.244   16.665   16.670   -29.000   
28.470   28.130   0.244   16.665   16.670   -26.000   
28.535   28.230   0.244   16.665   16.660   -16.000   
28.635   28.300   0.244   16.665   16.670   -16.000   
28.705   28.365   0.244   16.665   16.670   -27.000   
28.805   28.465   0.244   16.665   16.670   -20.000   
28.870   28.530   0.244   16.665   16.660   -14.000   
28.970   28.630   0.244   16.665   16.670   -23.000   
29.035   28.700   0.244   16.665   16.670   -29.000   
29.135   28.800   0.244   16.665   16.670   -36.000   
29.205   28.865   0.244   16.665   16.670   -30.000   
29.270   28.965   0.244   16.665   16.670   -23.000   
29.370   29.030   0.244   16.665   16.660   -38.000   
29.435   29.100   0.244   16.665   16.670   -18.000   
29.535   29.200   0.244   16.665   16.680   -26.000   
29.605   29.265   0.244   16.665   16.660   -24.000   
29.705   29.365   0.244   16.665   16.660   -20.000   
29.770   29.430   0.244   16.665   16.680   -24.000   
29.870   29.530   0.244   16.665   16.670   -23.000   
29.935   29.600   0.244   16.665   16.670   -17.000   
30.005   29.700   0.244   16.665   16.660   -18.000   
30.105   29.765   0.244   16.665   16.670   -27.000   
30.170   29.830   0.244   16.665   16.670   -27.000   
30.270   29.930   0.244   16.665   16.670   -31.000   
30.335   30.000   0.244   16.665   16.670   -20.000   
30.435   30.100   0.244   16.665   16.670   -24.000   
30.505   30.165   0.244   16.665   16.660   -37.000   
30.605   30.265   0.244   16.665   16.670   -40.000   
30.735   30.400   0.244   16.665   16.670   -26.000   
30.835   30.500   0.244   16.665   16.670   -40.000   
30.905   30.565   0.244   16.665   16.670   -36.000   
31.005   30.665   0.244   16.665   16.670   -35.000   
31.070   30.730   0.244   16.665   16.660   -28.000   
31.170   30.830   0.244   16.665   16.670   -27.000   
31.235   30.900   0.244   16.665   16.670   -27.000   
31.335   31.000   0.244   16.665   16.670   -39.000   
31.405   31.065   0.244   16.665   16.670   -29.000   
31.470   31.130   0.244   16.665   16.670   -33.000   
31.570   31.230   0.244   16.665   16.670   -38.000   
31.635   31.300   0.244   16.665   16.670   -42.000   
31.735   31.400   0.244   16.665   16.680   -26.000   
31.805   31.465   0.244   16.665   16.660   -37.000   
31.905   31.565   0.244   16.665   16.670   -28.000   
31.970   31.630   0.244   16.665   16.670   -44.000   
32.035   31.730   0.244   16.665   16.670   -29.000   
32.135   31.800   0.244   16.665   16.660   -25.000   
32.205   31.865   0.244   16.665   16.670   -32.000   
32.305   31.965   0.244   16.665   16.670   -29.000   
32.370   32.030   0.244   16.665   16.670   -32.000   
32.470   32.130   0.244   16.665   16.670   -43.000   
32.535   32.200   0.244   16.665   16.670   -28.000   
32.635   32.300   0.244   16.665   16.670   -32.000   
32.705   32.365   0.244   16.665   16.670   -41.000   
32.770   32.465   0.244   16.665   16.680   -33.000   
32.870   32.530   0.244   16.665   16.660   -34.000   
32.935   32.600   0.244   16.665   16.670   -28.000   
33.035   32.700   0.244   16.665   16.670   -29.000   
33.105   32.765   0.244   16.665   16.660   -51.000   
33.205   32.865   0.244   16.665   16.670   -31.000   
33.270   32.930   0.244   16.665   16.670   -24.000   
33.370   33.030   0.244   16.665   16.670   -26.000   
33.435   33.100   0.244   16.665   16.670   -32.000   
33.505   33.165   0.244   16.665   16.670   -42.000   
33.605   33.265   0.244   16.665   16.670   -34.000   
33.670   33.330   0.244   16.665   16.670   -36.000   
33.770   33.430   0.244   16.665   16.670   -41.000   
33.835   33.500   0.244   16.665   16.670   -36.000   
33.935   33.600   0.244   16.665   16.670   -43.000   
34.005   33.665   0.244   16.665   16.670   -32.000   
34.105   33.765   0.244   16.665   16.670   -42.000   
34.170   33.830   0.244   16.665   16.670   -49.000   
34.235   33.900   0.244   16.665   16.660   -38.000   
34.335   34.000   0.244   16.665   16.670   -28.000   
34.405   34.065   0.244   16.665   16.670   -28.000   
34.505   34.165   0.244   16.665   16.670   -25.000   
34.570   34.230   0.244   16.665   16.670   -38.000   
34.670   34.330   0.244   16.665   16.670   -39.000   
34.735   34.400   0.244   16.665   16.660   -31.000   
34.805   34.500   0.244   16.665   16.670   -36.000   
34.905   34.565   0.244   16.665   16.670   -39.000   
34.970   34.630   0.244   16.665   16.670   -44.000   
35.070   34.730   0.244   16.665   16.670   -39.000   
35.135   34.800   0.244   16.665   16.670   -47.000   
35.235   34.900   0.244   16.665   16.670   -37.000   
35.305   34.965   0.244   16.665   16.660   -53.000   
35.405   35.065   0.244   16.665   16.670   -36.000   
35.470   35.130   0.244   16.665   16.670   -32.000   
35.535   35.230   0.244   16.665   16.670   -29.000   
35.635   35.300   0.244   16.665   16.660   -47.000   
35.705   35.365   0.244   16.665   16.680   -50.000   
35.805   35.465   0.244   16.665   16.670   -42.000   
35.870   35.530   0.244   16.665   16.670   -22.000   
35.970   35.630   0.244   16.665   16.670   -37.000   
36.035   35.700   0.244   16.665   16.670   -30.000   
36.135   35.800   0.244   16.665   16.670   -53.000   
36.205   35.865   0.244   16.665   16.670   -45.000   
36.270   35.965   0.244   16.665   16.670   -49.000   
36.370   36.030   0.244   16.665   16.670   -43.000   
36.435   36.100   0.244   16.665   16.670   -41.000   
36.535   36.200   0.244   16.665   16.670   -27.000   
36.605   36.265   0.244   16.665   16.670   -50.000   
36.705   36.365   0.244   16.665   16.670   -40.000   
36.770   36.430   0.244   16.665   16.670   -46.000   
36.870   36.530   0.244   16.665   16.670   -30.000   
36.935   36.600   0.244   16.665   16.660   -24.000   
37.005   36.665   0.244   16.665   16.670   -27.000   
37.105   36.765   0.244   16.665   16.670   -47.000   
37.170   36.830   0.244   16.665   16.670   -55.000   
37.270   36.930   0.244   16.665   16.670   -49.000   
37.335   37.000   0.244   16.665   16.670   -44.000   
37.435   37.100   0.244   16.665   16.660   -22.000   
37.505   37.165   0.244   16.665   16.670   -16.000   
37.605   37.265   0.244   16.665   16.670   -22.000   
37.670   37.330   0.244   16.665   16.670   -11.000   
37.735   37.400   0.244   16.665   16.670   -3.000   
37.835   37.500   0.244   16.665   16.670   -13.000   
37.905   37.565   0.244   16.665   16.670   -11.000   
38.005   37.665   0.244   16.665   16.660   -8.000   
38.070   37.730   0.244   16.665   16.670   -10.000   
38.170   37.830   0.244   16.665   16.670   -3.000   
38.235   37.900   0.244   16.665   16.670   -16.000   
38.305   38.000   0.244   16.665   16.670   -13.000   
38.405   38.065   0.244   16.665   16.660   -9.000   
38.470   38.130   0.244   16.665   16.680   -17.000   
38.570   38.230   0.244   16.665   16.670   -27.000   
38.635   38.300   0.244   16.665   16.670   -13.000   
38.735   38.400   0.244   16.665   16.670   -10.000   
38.805   38.465   0.244   16.665   16.670   -22.000   
38.905   38.565   0.244   16.665   16.670   -13.000   
38.970   38.630   0.244   16.665   16.670   -15.000   
39.035   38.730   0.244   16.665   16.670   -10.000   
39.135   38.800   0.244   16.665   16.660   -10.000   
39.205   38.865   0.244   16.665   16.670   -5.000   
39.305   38.965   0.244   16.665   16.670   -10.000   
39.370   39.030   0.244   16.665   16.670   -6.000   
39.470   39.130   0.244   16.665   16.670   -15.000   
39.535   39.200   0.244   16.665   16.670   -6.000   
39.635   39.300   0.244   16.665   16.660   -23.000   
39.705   39.365   0.244   16.665   16.670   -16.000   
39.770   39.430   0.244   16.665   16.670   -21.000   
39.870   39.530   0.244   16.665   16.670   -13.000   
39.935   39.600   0.244   16.665   16.670   -10.000   
40.035   39.700   0.244   16.665   16.670   -20.000   
40.105   39.765   0.244   16.665   16.670   -22.000   
40.200   39.865   0.244   16.665   16.660   -10.000   
40.270   39.930   0.244   16.665   16.670   -18.000   
40.370   40.030   0.243   16.665   16.670   -9.000   
40.435   40.100   0.242   16.665   16.600   4.000   
40.500   40.165   0.243   16.665   16.560   -14.000   
40.600   40.265   0.244   16.665   16.550   23.000   
40.670   40.330   0.245   16.665   16.550   -6.000   
40.770   40.430   0.245   16.665   16.670   -24.000   
40.835   40.495   0.244   16.665   16.695   -26.000   
40.935   40.595   0.244   16.665   16.680   -12.000   
41.000   40.665   0.244   16.665   16.680   -18.000   
41.070   40.765   0.244   16.665   16.670   -26.000   
41.170   40.830   0.244   16.665   16.670   -19.000   
41.235   40.895   0.244   16.665   16.670   -20.000   
41.335   40.995   0.244   16.665   16.670   -27.000   
41.400   41.065   0.244   16.665   16.670   -21.000   
41.500   41.165   0.244   16.665   16.670   -29.000   
41.570   41.230   0.244   16.665   16.670   -23.000   
41.670   41.330   0.244   16.665   16.670   -21.000   
41.735   41.395   0.244   16.665   16.670   -38.000   
41.800   41.495   0.244   16.665   16.670   -26.000   
41.900   41.565   0.244   16.665   16.670   -24.000   
41.970   41.630   0.244   16.665   16.660   -13.000   
42.070   41.730   0.244   16.665   16.670   -23.000   
42.135   41.795   0.244   16.665   16.670   -20.000   
42.235   41.895   0.244   16.665   16.670   -26.000   
42.300   41.965   0.244   16.665   16.670   -13.000   
42.400   42.065   0.244   16.665   16.670   -18.000   
42.470   42.130   0.244   16.665   16.670   -22.000   
42.535   42.230   0.244   16.665   16.670   -36.000   
42.635   42.295   0.244   16.665   16.670   -27.000   
42.700   42.365   0.244   16.665   16.670   -22.000   
42.800   42.465   0.244   16.665   16.670   -24.000   
42.870   42.530   0.244   16.665   16.670   -39.000   
42.970   42.630   0.244   16.665   16.670   -25.000   
43.035   42.695   0.244   16.665   16.670   -14.000   
43.135   42.795   0.244   16.665   16.660   -16.000   
43.200   42.865   0.244   16.665   16.670   -27.000   
43.270   42.930   0.244   16.665   16.670   -15.000   
43.370   43.030   0.244   16.665   16.670   -21.000   
43.435   43.095   0.244   16.665   16.670   -25.000   
43.535   43.195   0.244   16.665   16.670   -24.000   
43.600   43.265   0.244   16.665   16.670   -24.000   
43.700   43.365   0.244   16.665   16.670   -31.000   
43.770   43.430   0.244   16.665   16.680   -21.000   
43.870   43.530   0.244   16.665   16.660   -25.000   
43.935   43.595   0.244   16.665   16.670   -23.000   
44.000   43.665   0.244   16.665   16.670   -36.000   
44.100   43.765   0.244   16.665   16.670   -23.000   
44.170   43.830   0.244   16.665   16.660   -31.000   
44.270   43.930   0.244   16.665   16.670   -32.000   
44.335   43.995   0.244   16.665   16.670   -39.000   
44.435   44.095   0.244   16.665   16.670   -31.000   
44.500   44.165   0.244   16.665   16.670   -28.000   
44.570   44.265   0.244   16.665   16.670   -33.000   
44.670   44.330   0.244   16.665   16.670   -31.000   
44.735   44.395   0.244   16.665   16.660   -42.000   
44.835   44.495   0.244   16.665   16.670   -35.000   
44.900   44.565   0.244   16.665   16.670   -24.000   
45.000   44.665   0.244   16.665   16.670   -34.000   
45.070   44.730   0.244   16.665   16.670   -40.000   
45.170   44.830   0.244   16.665   16.660   -45.000   
45.235   44.895   0.244   16.665   16.670   -32.000   
45.300   44.995   0.244   16.665   16.670   -33.000   
45.400   45.065   0.244   16.665   16.680   -38.000   
45.470   45.130   0.244   16.665   16.660   -26.000   
45.570   45.230   0.244   16.665   16.670   -29.000   
45.635   45.295   0.244   16.665   16.670   -29.000   
45.735   45.395   0.244   16.665   16.670   -26.000   
45.800   45.465   0.244   16.665   16.670   -36.000   
45.900   45.565   0.244   16.665   16.670   -35.000   
45.970   45.630   0.244   16.665   16.670   -31.000   
46.035   45.730   0.244   16.665   16.670   -31.000   
46.135   45.795   0.244   16.665   16.670   -40.000   
46.200   45.865   0.244   16.665   16.670   -40.000   
46.300   45.965   0.244   16.665   16.670   -39.000   
46.370   46.030   0.244   16.665   16.660   -40.000   
46.470   46.130   0.244   16.665   16.670   -34.000   
46.535   46.195   0.244   16.665   16.670   -39.000   
46.635   46.295   0.244   16.665   16.680   -33.000   
46.700   46.365   0.244   16.665   16.670   -30.000   
46.770   46.430   0.244   16.665   16.670   -27.000   
46.870   46.530   0.244   16.665   16.670   -38.000   
46.935   46.595   0.244   16.665   16.660   -35.000   
47.035   46.695   0.244   16.665   16.670   -30.000   
47.100   46.765   0.244   16.665   16.660   -19.000   
47.200   46.865   0.244   16.665   16.680   -35.000   
47.270   46.930   0.244   16.665   16.670   -35.000   
47.335   47.030   0.244   16.665   16.660   -44.000   
47.435   47.095   0.244   16.665   16.670   -35.000   
47.500   47.165   0.244   16.665   16.670   -27.000   
47.600   47.265   0.244   16.665   16.670   -35.000   
47.670   47.330   0.244   16.665   16.670   -44.000   
47.770   47.430   0.244   16.665   16.670   -40.000   
47.835   47.495   0.244   16.665   16.670   -41.000   
47.935   47.595   0.244   16.665   16.660   -26.000   
48.000   47.665   0.244   16.665   16.670   -36.000   
48.070   47.765   0.244   16.665   16.670   -31.000   
48.170   47.830   0.244   16.665   16.670   -27.000   
48.235   47.895   0.244   16.665   16.670   -39.000   
48.335   47.995   0.244   16.665   16.670   -52.000   
48.400   48.065   0.244   16.665   16.670   -43.000   
48.500   48.165   0.244   16.665   16.660   -40.000   
48.570   48.230   0.244   16.665   16.670   -26.000   
48.670   48.330   0.244   16.665   16.670   -43.000   
48.735   48.395   0.244   16.665   16.670   -49.000   
48.800   48.495   0.244   16.665   16.670   -47.000   
48.900   48.565   0.244   16.665   16.670   -33.000   
48.970   48.630   0.244   16.665   16.660   -19.000   
49.070   48.730   0.244   16.665   16.670   -30.000   
49.135   48.795   0.244   16.665   16.670   -31.000   
49.235   48.895   0.244   16.665   16.670   -33.000   
49.300   48.965   0.244   16.665   16.670   -31.000   
49.400   49.065   0.244   16.665   16.670   -41.000   
49.470   49.130   0.244   16.665   16.670   -42.000   
49.535   49.195   0.244   16.665   16.660   -42.000   
49.635   49.295   0.244   16.665   16.670   -27.000   
49.700   49.365   0.244   16.665   16.670   -32.000   
49.800   49.465   0.244   16.665   16.670   -61.000   
49.870   49.530   0.244   16.665   16.670   -43.000   
49.970   49.630   0.244   16.665   16.670   -40.000   
50.035   49.695   0.244   16.665   16.660   -38.000   
50.135   49.795   0.244   16.665   16.670   -27.000   
50.200   49.865   0.244   16.665   16.670   -34.000   
50.270   49.930   0.244   16.665   16.670   -42.000   
50.370   50.030   0.244   16.665   16.680   -36.000   
50.435   50.095   0.244   16.665   16.670   -38.000   
50.535   50.195   0.244   16.665   16.670   -26.000   
50.600   50.265   0.244   16.665   16.660   -32.000   
50.700   50.365   0.244   16.665   16.670   -26.000   
50.770   50.430   0.244   16.665   16.670   -38.000   
50.835   50.530   0.244   16.665   16.670   -42.000   
50.935   50.595   0.244   16.665   16.670   -57.000   
51.000   50.665   0.244   16.665   16.670   -33.000   
51.100   50.765   0.244   16.665   16.660   -19.000   
51.170   50.830   0.244   16.665   16.670   -23.000   
51.270   50.930   0.244   16.665   16.670   -19.000   
51.335   50.995   0.244   16.665   16.670   -9.000   
51.435   51.095   0.244   16.665   16.670   -7.000   
51.500   51.165   0.244   16.665   16.670   -15.000   
51.570   51.265   0.244   16.665   16.670   -9.000   
51.670   51.330   0.244   16.665   16.670   -8.000   
51.735   51.395   0.244   16.665   16.660   -18.000   
51.835   51.495   0.244   16.665   16.670   -15.000   
51.900   51.565   0.244   16.665   16.670   -15.000   
52.000   51.665   0.244   16.665   16.670   -22.000   
52.070   51.730   0.244   16.665   16.670   -15.000   
52.170   51.830   0.244   16.665   16.670   -8.000   
52.235   51.895   0.244   16.665   16.660   -15.000   
52.300   51.995   0.244   16.665   16.670   -11.000   
52.400   52.065   0.244   16.665   16.670   -15.000   
52.470   52.130   0.244   16.665   16.670   -4.000   
52.570   52.230   0.244   16.665   16.670   -5.000   
52.635   52.295   0.244   16.665   16.670   -17.000   
52.735   52.395   0.244   16.665   16.670   -14.000   
52.800   52.465   0.244   16.665   16.660   -6.000   
52.900   52.565   0.244   16.665   16.670   -14.000   
52.970   52.630   0.244   16.665   16.670   -9.000   
53.035   52.695   0.244   16.665   16.670   -14.000   
53.135   52.795   0.244   16.665   16.670   -18.000   
53.200   52.865   0.244   16.665   16.670   -19.000   
53.300   52.965   0.244   16.665   16.670   -13.000   
53.370   53.030   0.244   16.665   16.670   -12.000   
53.470   53.130   0.244   16.665   16.680   -20.000   
53.535   53.195   0.244   16.665   16.660   -15.000   
53.635   53.295   0.244   16.665   16.670   -9.000   
53.700   53.365   0.244   16.665   16.670   -6.000   
53.770   53.430   0.244   16.665   16.660   -13.000   
53.870   53.530   0.244   16.665   16.670   -10.000   
53.935   53.595   0.244   16.665   16.670   -8.000   
54.035   53.695   0.244   16.665   16.670   -5.000   
54.100   53.765   0.244   16.665   16.660   -11.000   
54.200   53.865   0.244   16.665   16.680   -20.000   
54.270   53.930   0.244   16.665   16.670   -10.000   
54.335   54.030   0.244   16.665   16.660   -12.000   
54.435   54.095   0.244   16.665   16.670   -16.000   
54.500   54.165   0.244   16.665   16.670   -23.000   
54.600   54.265   0.244   16.665   16.670   -35.000   
54.670   54.330   0.244   16.665   16.670   -27.000   
54.770   54.430   0.244   16.665   16.670   -14.000   
54.835   54.495   0.244   16.665   16.670   -28.000   
54.935   54.595   0.244   16.665   16.660   -27.000   
55.000   54.665   0.244   16.665   16.670   -23.000   
55.070   54.765   0.244   16.665   16.670   -17.000   
55.170   54.830   0.244   16.665   16.670   -19.000   
55.235   54.895   0.244   16.665   16.670   -23.000   
55.335   54.995   0.244   16.665   16.670   -19.000   
55.400   55.065   0.244   16.665   16.660   -12.000   
55.500   55.165   0.244   16.665   16.670   -20.000   
55.570   55.230   0.244   16.665   16.670   -28.000   
55.670   55.330   0.244   16.665   16.670   -27.000   
55.735   55.395   0.244   16.665   16.670   -31.000   
55.800   55.465   0.244   16.665   16.670   -23.000   
55.900   55.565   0.244   16.665   16.670   -21.000   
55.970   55.630   0.244   16.665   16.660   -15.000   
56.070   55.730   0.244   16.665   16.670   -26.000   
56.135   55.795   0.244   16.665   16.670   -15.000   
56.235   55.895   0.244   16.665   16.670   -14.000   
56.300   55.965   0.244   16.665   16.660   -24.000   
56.400   56.065   0.244   16.665   16.680   -35.000   
56.470   56.130   0.244   16.665   16.670   -18.000   
56.535   56.195   0.244   16.665   16.670   -24.000   
56.635   56.295   0.244   16.665   16.670   -22.000   
56.700   56.365   0.244   16.665   16.670   -34.000   
56.800   56.465   0.244   16.665   16.670   -29.000   
56.865   56.530   0.244   16.665   16.670   -18.000   
56.965   56.630   0.244   16.665   16.660   -29.000   
57.035   56.695   0.243   16.665   16.670   -34.000   
57.100   56.795   0.243   16.665   16.600   -38.000   
57.200   56.865   0.243   16.665   16.560   -24.000   
57.265   56.930   0.244   16.665   16.560   -32.000   
57.365   57.030   0.245   16.665   16.600   -7.000   
57.435   57.095   0.245   16.665   16.680   -18.000   
57.535   57.195   0.244   16.665   16.690   -25.000   
57.600   57.260   0.244   16.665   16.690   -15.000   
57.700   57.360   0.244   16.665   16.670   -21.000   
57.765   57.430   0.244   16.665   16.670   -23.000   
57.835   57.530   0.244   16.665   16.670   -21.000   
57.935   57.595   0.244   16.665   16.660   -26.000   
58.000   57.660   0.244   16.665   16.670   -31.000   
58.100   57.760   0.244   16.665   16.670   -33.000   
58.165   57.830   0.244   16.665   16.670   -31.000   
58.265   57.930   0.244   16.665   16.670   -36.000   
58.335   57.995   0.244   16.665   16.670   -25.000   
58.435   58.095   0.244   16.665   16.670   -35.000   
58.500   58.160   0.244   16.665   16.670   -38.000   
58.565   58.260   0.244   16.665   16.670   -35.000   
58.665   58.330   0.244   16.665   16.670   -32.000   
58.735   58.395   0.244   16.665   16.670   -27.000   
58.835   58.495   0.244   16.665   16.670   -33.000   
58.900   58.560   0.244   16.665   16.660   -42.000   
59.000   58.660   0.244   16.665   16.670   -32.000   
59.065   58.730   0.244   16.665   16.670   -33.000   
59.165   58.830   0.244   16.665   16.670   -29.000   
59.235   58.895   0.244   16.665   16.670   -38.000   
59.300   58.960   0.244   16.665   16.670   -41.000   
59.400   59.060   0.244   16.665   16.670   -24.000   
59.465   59.130   0.244   16.665   16.660   -36.000   
59.565   59.230   0.244   16.665   16.670   -46.000   
59.635   59.295   0.244   16.665   16.680   -38.000   
59.735   59.395   0.244   16.665   16.660   -34.000   
59.800   59.460   0.244   16.665   16.670   -36.000   
59.865   59.560   0.244   16.665   16.670   -31.000   
59.965   59.630   0.244   16.665   16.660   -41.000   
60.035   59.695   0.244   16.665   16.670   -38.000   
60.135   59.795   0.244   16.665   16.670   -29.000   
60.200   59.860   0.244   16.665   16.670   -31.000   
60.300   59.960   0.244   16.665   16.670   -26.000   
60.365   60.030   0.244   16.665   16.670   -31.000   
60.465   60.130   0.244   16.665   16.670   -32.000   
60.535   60.195   0.244   16.665   16.660   -24.000   
60.600   60.295   0.244   16.665   16.670   -35.000   
60.700   60.360   0.244   16.665   16.670   -39.000   
60.765   60.430   0.244   16.665   16.670   -38.000   
60.865   60.530   0.244   16.665   16.670   -38.000   
60.935   60.595   0.244   16.665   16.670   -33.000   
61.035   60.695   0.244   16.665   16.660   -44.000   
61.100   60.760   0.244   16.665   16.670   -42.000   
61.200   60.860   0.244   16.665   16.670   -32.000   
61.265   60.930   0.244   16.665   16.670   -32.000   
61.335   61.030   0.244   16.665   16.660   -33.000   
61.435   61.095   0.244   16.665   16.680   -41.000   
61.500   61.160   0.244   16.665   16.670   -55.000   
61.600   61.260   0.244   16.665   16.670   -28.000   
61.665   61.330   0.244   16.665   16.660   -27.000   
61.765   61.430   0.244   16.665   16.670   -28.000   
61.835   61.495   0.244   16.665   16.670   -41.000   
61.935   61.595   0.244   16.665   16.670   -34.000   
62.000   61.660   0.244   16.665   16.670   -41.000   
62.065   61.730   0.244   16.665   16.670   -37.000   
62.165   61.830   0.244   16.665   16.670   -52.000   
62.235   61.895   0.244   16.665   16.670   -27.000   
62.335   61.995   0.244   16.665   16.670   -33.000   
62.400   62.060   0.244   16.665   16.670   -53.000   
62.500   62.160   0.244   16.665   16.670   -43.000   
62.565   62.230   0.244   16.665   16.670   -37.000   
62.665   62.330   0.244   16.665   16.660   -29.000   
62.735   62.395   0.244   16.665   16.670   -30.000   
62.800   62.460   0.244   16.665   16.670   -37.000   
62.900   62.560   0.244   16.665   16.670   -41.000   
62.965   62.630   0.244   16.665   16.670   -33.000   
63.065   62.730   0.244   16.665   16.670   -39.000   
63.135   62.795   0.244   16.665   16.670   -32.000   
63.235   62.895   0.244   16.665   16.660   -46.000   
63.300   62.960   0.244   16.665   16.670   -36.000   
63.400   63.060   0.244   16.665   16.670   -43.000   
63.465   63.130   0.244   16.665   16.670   -44.000   
63.535   63.195   0.244   16.665   16.670   -41.000   
63.635   63.295   0.244   16.665   16.670   -36.000   
63.700   63.360   0.244   16.665   16.670   -25.000   
63.800   63.460   0.244   16.665   16.660   -19.000   
63.865   63.530   0.244   16.665   16.670   -38.000   
63.965   63.630   0.244   16.665   16.670   -40.000   
64.035   63.695   0.244   16.665   16.670   -37.000   
64.100   63.795   0.244   16.665   16.670   -39.000   
64.200   63.860   0.244   16.665   16.670   -27.000   
64.265   63.930   0.244   16.665   16.660   -34.000   
64.365   64.030   0.244   16.665   16.670   -36.000   
64.435   64.095   0.244   16.665   16.670   -39.000   
64.535   64.195   0.244   16.665   16.670   -38.000   
64.600   64.260   0.244   16.665   16.670   -56.000   
64.700   64.360   0.244   16.665   16.670   -37.000   
64.765   64.430   0.244   16.665   16.670   -8.000   
64.835   64.530   0.244   16.665   16.660   -7.000   
64.935   64.595   0.244   16.665   16.670   -8.000   
65.000   64.660   0.244   16.665   16.670   -11.000   
65.100   64.760   0.244   16.665   16.670   -13.000   
65.165   64.830   0.244   16.665   16.670   -6.000   
65.265   64.930   0.244   16.665   16.670   -10.000   
65.335   64.995   0.244   16.665   16.670   -14.000   
65.435   65.095   0.244   16.665   16.670   -16.000   
65.500   65.160   0.244   16.665   16.670   -14.000   
65.565   65.230   0.244   16.665   16.670   -19.000   
65.665   65.330   0.244   16.665   16.670   -16.000   
65.735   65.395   0.244   16.665   16.670   -13.000   
65.835   65.495   0.244   16.665   16.660   -24.000   
65.900   65.560   0.244   16.665   16.670   -17.000   
66.000   65.660   0.244   16.665   16.670   -8.000   
66.065   65.730   0.244   16.665   16.670   -12.000   
66.135   65.830   0.244   16.665   16.660   -9.000   
66.235   65.895   0.244   16.665   16.680   -12.000   
66.300   65.960   0.244   16.665   16.670   -14.000   
66.400   66.060   0.244   16.665   16.670   -11.000   
66.465   66.130   0.244   16.665   16.670   -18.000   
66.565   66.230   0.244   16.665   16.670   -14.000   
66.635   66.295   0.244   16.665   16.670   -5.000   
66.735   66.395   0.244   16.665   16.670   -15.000   
66.800   66.460   0.244   16.665   16.670   -29.000   
66.865   66.560   0.244   16.665   16.670   -17.000   
66.965   66.630   0.244   16.665   16.670   -18.000   
67.035   66.695   0.244   16.665   16.660   -5.000   
67.135   66.795   0.244   16.665   16.670   -9.000   
67.200   66.860   0.244   16.665   16.670   -21.000   
67.300   66.960   0.244   16.665   16.670   -20.000   
67.365   67.030   0.244   16.665   16.670   -8.000   
67.465   67.130   0.244   16.665   16.670   -8.000   
67.535   67.195   0.244   16.665   16.660   -6.000   
67.600   67.295   0.244   16.665   16.670   -21.000   
67.700   67.360   0.244   16.665   16.670   -9.000   
67.765   67.430   0.244   16.665   16.670   -21.000   
67.865   67.530   0.244   16.665   16.670   -11.000   
67.935   67.595   0.244   16.665   16.670   -21.000   
68.035   67.695   0.244   16.665   16.660   -18.000   
68.100   67.760   0.244   16.665   16.670   -13.000   
68.200   67.860   0.244   16.665   16.670   -20.000   
68.265   67.930   0.244   16.665   16.670   -27.000   
68.335   67.995   0.244   16.665   16.670   -16.000   
68.435   68.095   0.244   16.665   16.670   -19.000   
68.500   68.160   0.244   16.665   16.670   -15.000   
68.600   68.260   0.244   16.665   16.660   -14.000   
68.665   68.330   0.244   16.665   16.670   -18.000   
68.765   68.430   0.244   16.665   16.670   -30.000   
68.835   68.495   0.244   16.665   16.670   -16.000   
68.935   68.595   0.244   16.665   16.670   -14.000   
69.000   68.660   0.244   16.665   16.670   -24.000   
69.065   68.730   0.244   16.665   16.670   -34.000   
69.165   68.830   0.244   16.665   16.670   -28.000   
69.235   68.895   0.244   16.665   16.670   -21.000   
69.335   68.995   0.244   16.665   16.670   -27.000   
69.400   69.060   0.244   16.665   16.670   -33.000   
69.500   69.160   0.244   16.665   16.670   -26.000   
69.565   69.230   0.244   16.665   16.670   -14.000   
69.665   69.330   0.244   16.665   16.660   -9.000   
69.735   69.395   0.244   16.665   16.670   -22.000   
69.800   69.460   0.244   16.665   16.670   -32.000   
69.900   69.560   0.244   16.665   16.670   -21.000   
69.965   69.630   0.244   16.665   16.670   -13.000   
70.065   69.730   0.244   16.665   16.670   -17.000   
70.135   69.795   0.244   16.665   16.670   -22.000   
70.235   69.895   0.244   16.665   16.670   -29.000   
70.300   69.960   0.244   16.665   16.670   -15.000   
70.365   70.060   0.244   16.665   16.670   -19.000   
70.465   70.130   0.244   16.665   16.670   -34.000   
70.535   70.195   0.244   16.665   16.670   -19.000   
70.635   70.295   0.244   16.665   16.670   -23.000   
70.700   70.360   0.244   16.665   16.660   -24.000   
70.800   70.460   0.244   16.665   16.670   -21.000   
70.865   70.530   0.244   16.665   16.670   -33.000   
70.965   70.630   0.244   16.665   16.670   -24.000   
71.035   70.695   0.244   16.665   16.670   -21.000   
71.100   70.795   0.244   16.665   16.670   -18.000   
71.200   70.860   0.244   16.665   16.670   -18.000   
71.265   70.930   0.244   16.665   16.670   -35.000   
71.365   71.030   0.244   16.665   16.670   -25.000   
71.435   71.095   0.244   16.665   16.670   -19.000   
71.535   71.195   0.244   16.665   16.670   -24.000   
71.600   71.260   0.244   16.665   16.670   -38.000   
71.700   71.360   0.244   16.665   16.670   -32.000   
71.765   71.430   0.244   16.665   16.670   -24.000   
71.835   71.495   0.244   16.665   16.660   -25.000   
71.935   71.595   0.244   16.665   16.670   -38.000   
72.000   71.660   0.244   16.665   16.670   -28.000   
72.100   71.760   0.244   16.665   16.670   -31.000   
72.165   71.830   0.244   16.665   16.670   -26.000   
72.265   71.930   0.244   16.665   16.670   -24.000   
72.335   71.995   0.244   16.665   16.660   -32.000   
72.435   72.095   0.244   16.665   16.670   -44.000   
72.500   72.160   0.244   16.665   16.680   -30.000   
72.565   72.230   0.244   16.665   16.660   -38.000   
72.665   72.330   0.244   16.665   16.670   -39.000   
72.735   72.395   0.244   16.665   16.670   -39.000   
72.835   72.495   0.244   16.665   16.660   -41.000   
72.900   72.560   0.244   16.665   16.670   -35.000   
73.000   72.660   0.244   16.665   16.670   -33.000   
73.065   72.730   0.244   16.665   16.680   -36.000   
73.135   72.830   0.244   16.665   16.670   -25.000   
73.235   72.895   0.244   16.665   16.670   -26.000   
73.300   72.960   0.244   16.665   16.670   -27.000   
73.400   73.060   0.244   16.665   16.670   -33.000   
73.465   73.130   0.244   16.665   16.660   -31.000   
73.565   73.230   0.244   16.665   16.680   -37.000   
73.630   73.295   0.243   16.665   16.660   -26.000   
73.730   73.395   0.243   16.665   16.660   -5.000   
73.800   73.460   0.243   16.665   16.600   -46.000   
73.865   73.560   0.244   16.665   16.560   -62.000   
73.965   73.625   0.244   16.665   16.540   -46.000   
74.030   73.695   0.245   16.665   16.610   -73.000   
74.130   73.795   0.245   16.665   16.670   -35.000   
74.200   73.860   0.245   16.665   16.695   -24.000   
74.300   73.960   0.244   16.665   16.680   -28.000   
74.365   74.025   0.244   16.665   16.670   -36.000   
74.465   74.125   0.244   16.665   16.670   -46.000   
74.530   74.195   0.244   16.665   16.670   -42.000   
74.700   74.360   0.244   16.665   16.660   -36.000   
74.765   74.425   0.244   16.665   16.670   -26.000   
74.865   74.525   0.244   16.665   16.670   -35.000   
74.930   74.595   0.244   16.665   16.670   -25.000   
75.030   74.695   0.244   16.665   16.670   -32.000   
75.100   74.760   0.244   16.665   16.670   -39.000   
75.200   74.860   0.244   16.665   16.670   -33.000   
75.265   74.925   0.244   16.665   16.670   -24.000   
75.330   74.995   0.244   16.665   16.660   -42.000   
75.430   75.095   0.244   16.665   16.670   -37.000   
75.500   75.160   0.244   16.665   16.670   -40.000   
75.600   75.260   0.244   16.665   16.670   -53.000   
75.665   75.325   0.244   16.665   16.670   -50.000   
75.765   75.425   0.244   16.665   16.670   -27.000   
75.830   75.495   0.244   16.665   16.660   -40.000   
75.930   75.595   0.244   16.665   16.670   -37.000   
76.000   75.660   0.244   16.665   16.670   -47.000   
76.065   75.725   0.244   16.665   16.670   -35.000   
76.165   75.825   0.244   16.665   16.670   -32.000   
76.230   75.895   0.244   16.665   16.670   -31.000   
76.330   75.995   0.244   16.665   16.670   -35.000   
76.400   76.060   0.244   16.665   16.660   -22.000   
76.500   76.160   0.244   16.665   16.670   -43.000   
76.565   76.225   0.244   16.665   16.670   -37.000   
76.630   76.325   0.244   16.665   16.670   -45.000   
76.730   76.395   0.244   16.665   16.670   -35.000   
76.800   76.460   0.244   16.665   16.670   -35.000   
76.900   76.560   0.244   16.665   16.660   -41.000   
76.965   76.625   0.244   16.665   16.670   -50.000   
77.065   76.725   0.244   16.665   16.670   -48.000   
77.130   76.795   0.244   16.665   16.670   -42.000   
77.230   76.895   0.244   16.665   16.670   -30.000   
77.300   76.960   0.244   16.665   16.670   -29.000   
77.365   77.060   0.244   16.665   16.670   -27.000   
77.465   77.125   0.244   16.665   16.660   -32.000   
77.530   77.195   0.244   16.665   16.670   -46.000   
77.630   77.295   0.244   16.665   16.670   -35.000   
77.700   77.360   0.244   16.665   16.670   -41.000   
77.800   77.460   0.244   16.665   16.670   -35.000   
77.865   77.525   0.244   16.665   16.670   -31.000   
77.965   77.625   0.244   16.665   16.660   -32.000   
78.030   77.695   0.244   16.665   16.670   -43.000   
78.100   77.760   0.244   16.665   16.670   -35.000   
78.200   77.860   0.244   16.665   16.670   -51.000   
78.265   77.925   0.244   16.665   16.660   -30.000   
78.365   78.025   0.244   16.665   16.670   -24.000   
78.430   78.095   0.244   16.665   16.670   -13.000   
78.530   78.195   0.244   16.665   16.670   -15.000   
78.600   78.260   0.244   16.665   16.660   -11.000   
78.700   78.360   0.244   16.665   16.680   -4.000   
78.765   78.425   0.244   16.665   16.660   -10.000   
78.830   78.495   0.244   16.665   16.670   -21.000   
78.930   78.595   0.244   16.665   16.670   -13.000   
79.000   78.660   0.244   16.665   16.670   -22.000   
79.100   78.760   0.244   16.665   16.670   -14.000   
79.165   78.825   0.244   16.665   16.670   -17.000   
79.265   78.925   0.244   16.665   16.670   -15.000   
79.330   78.995   0.244   16.665   16.670   -11.000   
79.400   79.095   0.244   16.665   16.670   -2.000   
79.500   79.160   0.244   16.665   16.660   -8.000   
79.565   79.225   0.244   16.665   16.670   -6.000   
79.665   79.325   0.244   16.665   16.670   -12.000   
79.730   79.395   0.244   16.665   16.670   -12.000   
79.830   79.495   0.244   16.665   16.670   -3.000   
79.900   79.560   0.244   16.665   16.670   -13.000   
80.000   79.660   0.244   16.665   16.670   -24.000   
80.065   79.725   0.244   16.665   16.670   -5.000   
80.130   79.825   0.244   16.665   16.670   -21.000   
80.230   79.895   0.244   16.665   16.670   -17.000   
80.300   79.960   0.244   16.665   16.670   -19.000   
80.400   80.060   0.244   16.665   16.670   -20.000   
80.465   80.125   0.244   16.665   16.670   -14.000   
80.565   80.225   0.244   16.665   16.670   -14.000   
80.630   80.295   0.244   16.665   16.670   -17.000   
80.730   80.395   0.244   16.665   16.670   -9.000   
80.800   80.460   0.244   16.665   16.660   -8.000   
80.865   80.560   0.244   16.665   16.670   -5.000   
80.965   80.625   0.244   16.665   16.670   -7.000   
81.030   80.695   0.244   16.665   16.670   -18.000   
81.130   80.795   0.244   16.665   16.670   -12.000   
81.200   80.860   0.244   16.665   16.660   -4.000   
81.300   80.960   0.244   16.665   16.670   -5.000   
81.365   81.025   0.244   16.665   16.670   -11.000   
81.465   81.125   0.244   16.665   16.670   -31.000   
81.530   81.195   0.244   16.665   16.670   -19.000   
81.600   81.260   0.244   16.665   16.670   -12.000   
81.700   81.360   0.244   16.665   16.660   -25.000   
81.765   81.425   0.244   16.665   16.670   -21.000   
81.865   81.525   0.244   16.665   16.670   -18.000   
81.930   81.595   0.244   16.665   16.670   -15.000   
82.030   81.695   0.244   16.665   16.670   -20.000   
82.100   81.760   0.244   16.665   16.670   -36.000   
82.200   81.860   0.244   16.665   16.670   -27.000   
82.265   81.925   0.244   16.665   16.670   -19.000   
82.330   81.995   0.244   16.665   16.670   -18.000   
82.430   82.095   0.244   16.665   16.670   -20.000   
82.500   82.160   0.244   16.665   16.670   -15.000   
82.600   82.260   0.244   16.665   16.670   -30.000   
82.665   82.325   0.244   16.665   16.670   -20.000   
82.765   82.425   0.244   16.665   16.660   -21.000   
82.830   82.495   0.244   16.665   16.670   -29.000   
82.900   82.595   0.244   16.665   16.670   -23.000   
83.000   82.660   0.244   16.665   16.670   -16.000   
83.065   82.725   0.244   16.665   16.670   -14.000   
83.165   82.825   0.244   16.665   16.670   -18.000   
83.230   82.895   0.244   16.665   16.670   -29.000   
83.330   82.995   0.244   16.665   16.660   -17.000   
83.400   83.060   0.244   16.665   16.670   -18.000   
83.500   83.160   0.244   16.665   16.670   -21.000   
83.565   83.225   0.244   16.665   16.670   -23.000   
83.630   83.325   0.244   16.665   16.670   -34.000   
83.730   83.395   0.244   16.665   16.670   -26.000   
83.800   83.460   0.244   16.665   16.670   -15.000   
83.900   83.560   0.244   16.665   16.660   -31.000   
83.965   83.625   0.244   16.665   16.670   -26.000   
84.065   83.725   0.244   16.665   16.670   -25.000   
84.130   83.795   0.244   16.665   16.670   -27.000   
84.230   83.895   0.244   16.665   16.670   -20.000   
84.300   83.960   0.244   16.665   16.670   -27.000   
84.365   84.060   0.244   16.665   16.670   -20.000   
84.465   84.125   0.244   16.665   16.670   -11.000   
84.530   84.195   0.244   16.665   16.660   -15.000   
84.630   84.295   0.244   16.665   16.670   -24.000   
84.700   84.360   0.244   16.665   16.670   -21.000   
84.800   84.460   0.244   16.665   16.670   -28.000   
84.865   84.525   0.244   16.665   16.670   -15.000   
84.965   84.625   0.244   16.665   16.660   -27.000   
85.030   84.695   0.244   16.665   16.670   -31.000   
85.100   84.760   0.244   16.665   16.680   -30.000   
85.200   84.860   0.244   16.665   16.660   -24.000   
85.265   84.925   0.244   16.665   16.670   -28.000   
85.365   85.025   0.244   16.665   16.670   -32.000   
85.430   85.095   0.244   16.665   16.670   -31.000   
85.530   85.195   0.244   16.665   16.660   -26.000   
85.600   85.260   0.244   16.665   16.670   -24.000   
85.665   85.360   0.244   16.665   16.670   -29.000   
85.765   85.425   0.244   16.665   16.670   -33.000   
85.830   85.495   0.244   16.665   16.670   -38.000   
85.930   85.595   0.244   16.665   16.670   -27.000   
86.000   85.660   0.244   16.665   16.670   -28.000   
86.100   85.760   0.244   16.665   16.660   -38.000   
86.165   85.825   0.244   16.665   16.670   -35.000   
86.265   85.925   0.244   16.665   16.670   -44.000   
86.330   85.995   0.244   16.665   16.660   -37.000   
86.400   86.095   0.244   16.665   16.670   -24.000   
86.500   86.160   0.244   16.665   16.670   -39.000   
86.565   86.225   0.244   16.665   16.660   -43.000   
86.665   86.325   0.244   16.665   16.670   -29.000   
86.730   86.395   0.244   16.665   16.670   -28.000   
86.830   86.495   0.244   16.665   16.670   -30.000   
86.900   86.560   0.244   16.665   16.670   -38.000   
87.000   86.660   0.244   16.665   16.670   -33.000   
87.065   86.725   0.244   16.665   16.670   -26.000   
87.130   86.825   0.244   15.415   16.670   -40.000   
87.205   86.895   0.242   9.165   16.670   -51.000   
87.230   86.960   0.231   4.995   16.670   -32.000   
87.245   87.060   0.187   0.000   16.640   97.000   
87.245   87.125   0.141   0.000   16.235   303.000   
87.245   87.200   0.060   0.000   12.380   706.000   
87.245   87.235   0.018   0.000   8.880   850.000   
87.245   87.260   -0.014   0.000   4.885   703.000   
87.245   87.260   -0.017   0.000   1.480   387.000   
87.245   87.255   -0.009   0.000   -0.640   58.000   
87.245   87.250   -0.004   0.000   -1.265   -60.000   
87.245   87.245   -0.001   0.000   -0.725   -87.000   
87.245   87.245   0.000   0.000   -0.285   -38.000   
87.245   87.245   0.000   0.000   -0.060   -5.000   
87.245   87.245   0.000   0.000   0.040   -12.000   
87.245   87.245   0.000   0.000   0.020   -7.000   
87.245   87.245   0.000   0.000   0.010   -13.000   
87.245   87.245   0.000   0.000   0.000   -10.000   
87.245   87.245   0.000   0.000   0.000   -11.000   
87.245   87.245   0.000   0.000   0.000   -8.000   
87.245   87.245   0.000   0.000   0.000   5.000   
87.245   87.245   0.000   0.000   0.000   -5.000   
87.245   87.245   0.000   0.000   0.000   -8.000   
87.245   87.245   0.000   0.000   0.000   -11.000   
87.245   87.245   0.000   0.000   0.000   -10.000   
87.245   87.245   0.000   0.000   0.000   -4.000   
87.245   87.245   0.000   0.000   0.000   6.000   
87.245   87.245   0.000   0.000   0.000   -4.000   
87.245   87.245   0.000   0.000   0.000   4.000   
87.245   87.245   0.000   0.000   0.000   -9.000   
87.245   87.245   0.000   0.000   0.000   -12.000   
87.245   87.245   0.000   0.000   0.000   -13.000   
87.245   87.245   0.000   0.000   0.000   -10.000   
87.245   87.245   0.000   0.000   0.000   -9.000   
87.245   87.245   0.000   0.000   0.000   4.000   
87.245   87.245   0.000   0.000   0.000   6.000   
87.245   87.245   0.000   0.000   0.000   -5.000   
87.245   87.245   0.000   0.000   0.000   -5.000   
87.245   87.245   0.000   0.000   0.000   -7.000   
87.245   87.245   0.000   0.000   0.000   -8.000   
87.245   87.245   0.000   0.000   0.000   -6.000   
87.245   87.245   0.000   0.000   0.000   -6.000   
87.245   87.245   0.000   0.000   0.000   -6.000   
87.245   87.245   0.000   0.000   0.000   -10.000   
87.245   87.245   0.000   0.000   0.000   -11.000   
87.245   87.245   0.000   0.000   0.000   -6.000   
87.245   87.245   0.000   0.000   0.000   -5.000   
87.245   87.245   0.000   0.000   0.000   -6.000   
87.245   87.245   0.000   0.000   0.000   -5.000   
87.245   87.245   0.000   0.000   0.000   6.000   
87.245   87.245   0.000   0.000   0.000   -7.000   
87.245   87.245   0.000   0.000   0.000   -10.000   
87.245   87.245   0.000   0.000   0.000   -11.000   
87.245   87.245   0.000   0.000   0.000   -15.000   
87.245   87.245   0.000   0.000   0.000   -10.000   
87.245   87.245   0.000   0.000   0.000   -6.000   
87.245   87.245   0.000   0.000   0.000   5.000   
87.245   87.245   0.000   0.000   0.000   -7.000   
87.245   87.245   0.000   0.000   0.000   -4.000   
87.245   87.245   0.000   0.000   0.000   -5.000   
87.245   87.245   0.000   0.000   0.000   -11.000   
87.245   87.245   0.000   0.000   0.000   4.000   
87.245   87.245   0.000   0.000   0.000   2.000   
87.245   87.245   0.000   0.000   0.000   1.000   
87.245   87.245   0.000   0.000   0.000   4.000   
87.245   87.245   0.000   0.000   0.000   1.000   
87.245   87.245   0.000   0.000   0.000   1.000   
87.245   87.245   0.000   0.000   0.000   0.000   
87.245   87.245   0.000   0.000   0.000   4.000   
87.245   87.245   0.000   0.000   0.000   2.000   
87.245   87.245   0.000   0.000   0.000   2.000   
87.245   87.245   0.000   0.000   0.000   4.000   
87.245   87.245   0.000   0.000   0.000   3.000   
87.245   87.245   0.000   0.000   0.000   3.000   
87.245   87.245   0.000   0.000   0.000   0.000   
87.245   87.245   0.000   0.000   0.000   0.000   
87.245   87.245   0.000   0.000   0.000   0.000   
87.245   87.245   0.000   0.000   0.000   1.000   
87.245   87.245   0.000   0.000   0.000   0.000   
87.245   87.245   0.000   0.000   0.000   1.000   
87.245   87.245   0.000   0.000   0.000   1.000   
87.245   87.245   0.000   0.000   0.000   1.000   
87.245   87.245   0.000   0.000   0.000   3.000   
87.245   87.245   0.000   0.000   0.000   0.000   
87.245   87.245   0.000   0.000   0.000   1.000   
87.245   87.245   0.000   0.000   0.000   1.000   
87.245   87.245   0.000   0.000   0.000   1.000   
87.245   87.245   0.000   0.000   0.000   2.000   
87.245   87.245   0.000   0.000   0.000   0.000   
87.245   87.245   0.000   0.000   0.000   0.000   
87.245   87.245   0.000   0.000   0.000   2.000   
87.245   87.245   0.000   0.000   0.000   2.000   
87.245   87.245   0.000   0.000   0.000   4.000   
87.245   87.245   0.000   0.000   0.000   1.000   
87.245   87.245   0.000   0.000   0.000   2.000   
87.245   87.245   0.000   0.000   0.000   0.000   
87.245   87.245   0.000   0.000   0.000   1.000   
87.245   87.245   0.000   0.000   0.000   0.000   
87.245   87.245   0.000   0.000   0.000   1.000   
87.245   87.245   0.000   0.000   0.000   3.000   
87.245   87.245   0.000   0.000   0.000   2.000   
87.245   87.245   0.000   0.000   0.000   3.000   
87.245   87.245   0.000   0.000   0.000   5.000   
87.245   87.245   0.000   0.000   0.000   0.000   
87.245   87.245   0.000   0.000   0.000   3.000   
87.245   87.245   0.000   0.000   0.000   3.000   
87.245   87.245   0.000   0.000   0.000   3.000   
87.245   87.245   0.000   0.000   0.000   2.000   
87.245   87.245   0.000   0.000   0.000   1.000   
87.245   87.245   0.000   0.000   0.000   3.000   
87.245   87.245   0.000   0.000   0.000   1.000   
87.245   87.245   0.000   0.000   0.000   1.000   
87.245   87.245   0.000   0.000   0.000   0.000   
87.245   87.245   0.000   0.000   0.000   0.000   
87.245   87.245   0.000   0.000   0.000   -1.000   
87.245   87.245   0.000   0.000   0.000   0.000   
87.245   87.245   0.000   0.000   0.000   -2.000   
87.245   87.245   0.000   0.000   0.000   1.000   
87.245   87.245   0.000   0.000   0.000   -2.000   
87.245   87.245   0.000   0.000   0.000   0.000   
87.245   87.245   0.000   0.000   0.000   0.000   
87.245   87.245   0.000   0.000   0.000   4.000   
87.245   87.245   0.000   0.000   0.000   0.000   
87.245   87.245   0.000   0.000   0.000   -1.000   
87.245   87.245   0.000   0.000   0.000   -1.000   
87.245   87.245   0.000   0.000   0.000   1.000   
87.245   87.245   0.000   0.000   0.000   0.000   
87.245   87.245   0.000   0.000   0.000   4.000   
87.245   87.245   0.000   0.000   0.000   0.000   
87.245   87.245   0.000   0.000   0.000   0.000   
87.245   87.245   0.000   0.000   0.000   3.000   
87.245   87.245   0.000   0.000   0.000   0.000   
87.245   87.245   0.000   0.000   0.000   2.000   
87.245   87.245   0.000   0.000   0.000   1.000   
87.245   87.245   0.000   0.000   0.000   1.000   
87.245   87.245   0.000   0.000   0.000   1.000   
87.245   87.245   0.000   0.000   0.000   2.000   
87.245   87.245   0.000   0.000   0.000   3.000   
87.245   87.245   0.000   0.000   0.000   4.000   
87.245   87.245   0.000   0.000   0.000   0.000   
87.245   87.245   0.000   0.000   0.000   2.000   
87.245   87.245   0.000   0.000   0.000   1.000   
87.245   87.245   0.000   0.000   0.000   6.000   
87.245   87.245   0.000   0.000   0.000   1.000   
87.245   87.245   0.000   0.000   0.000   0.000   
87.245   87.245   0.000   0.000   0.000   1.000   
87.245   87.245   0.000   0.000   0.000   1.000   
87.245   87.245   0.000   0.000   0.000   -1.000   
87.245   87.245   0.000   0.000   0.000   1.000   
87.245   87.245   0.000   0.000   0.000   2.000   
87.245   87.245   0.000   0.000   0.000   1.000   
87.245   87.245   0.000   0.000   0.000   0.000   
87.245   87.245   0.000   0.000   0.000   2.000   
87.245   87.245   0.000   0.000   0.000   -2.000   
87.245   87.245   0.000   0.000   0.000   4.000   
87.245   87.245   0.000   0.000   0.000   0.000   
87.245   87.245   0.000   0.000   0.000   0.000   
87.245   87.245   0.000   0.000   0.000   -2.000   
87.245   87.245   0.000   0.000   0.000   -1.000   
87.245   87.245   0.000   0.000   0.000   2.000   
87.245   87.245   0.000   0.000   0.000   1.000   
87.245   87.245   0.000   0.000   0.000   0.000   
87.245   87.245   0.000   0.000   0.000   0.000   
87.245   87.245   0.000   0.000   0.000   0.000   
87.245   87.245   0.000   0.000   0.000   -1.000   
87.245   87.245   0.000   0.000   0.000   5.000   
87.245   87.245   0.000   0.000   0.000   0.000   
87.245   87.245   0.000   0.000   0.000   0.000   
87.245   87.245   0.000   0.000   0.000   3.000   
87.245   87.245   0.000   0.000   0.000   1.000   
87.245   87.245   0.000   0.000   0.000   2.000   
87.245   87.245   0.000   0.000   0.000   0.000   
87.245   87.245   0.000   0.000   0.000   3.000   
87.245   87.245   0.000   0.000   0.000   2.000   
87.245   87.245   0.000   0.000   0.000   1.000   
87.245   87.245   0.000   0.000   0.000   0.000   
87.245   87.245   0.000   0.000   0.000   2.000   
87.245   87.245   0.000   0.000   0.000   0.000   
87.245   87.245   0.000   0.000   0.000   2.000   
87.245   87.245   0.000   0.000   0.000   1.000   
87.245   87.245   0.000   0.000   0.000   2.000   
87.245   87.245   0.000   0.000   0.000   1.000   
87.245   87.245   0.000   0.000   0.000   1.000   
87.245   87.245   0.000   0.000   0.000   0.000   
87.245   87.245   0.000   0.000   0.000   4.000   
87.245   87.245   0.000   0.000   0.000   0.000   
87.245   87.245   0.000   0.000   0.000   10.000   
87.245   87.245   0.000   0.000   0.000   12.000   
87.245   87.245   0.000   0.000   0.000   9.000   
87.245   87.245   0.000   0.000   0.000   9.000   
87.245   87.245   0.000   0.000   0.000   10.000   
87.245   87.245   0.000   0.000   0.000   8.000   
87.245   87.245   0.000   0.000   0.000   8.000   
87.245   87.245   0.000   0.000   0.000   9.000   
87.245   87.245   0.000   0.000   0.000   8.000   
87.245   87.245   0.000   0.000   0.000   13.000   
87.245   87.245   0.000   0.000   0.000   7.000   
87.245   87.245   0.000   0.000   0.000   7.000   
87.245   87.245   0.000   0.000   0.000   11.000   
87.245   87.245   0.000   0.000   0.000   9.000   
87.245   87.245   0.000   0.000   0.000   7.000   
87.245   87.245   0.000   0.000   0.000   8.000   
87.245   87.245   0.000   0.000   0.000   9.000   
87.245   87.245   0.000   0.000   0.000   9.000   
87.245   87.245   0.000   0.000   0.000   7.000   
87.245   87.245   0.000   0.000   0.000   7.000   
87.245   87.245   0.000   0.000   0.000   8.000   
87.245   87.245   0.000   0.000   0.000   9.000   
87.245   87.245   0.000   0.000   0.000   9.000   
87.245   87.245   0.000   0.000   0.000   7.000   
87.245   87.245   0.000   0.000   0.000   9.000   
87.245   87.245   0.000   0.000   0.000   7.000   
87.245   87.245   0.000   0.000   0.000   7.000   
87.245   87.245   0.000   0.000   0.000   10.000   
87.245   87.245   0.000   0.000   0.000   8.000   
87.245   87.245   0.000   0.000   0.000   11.000   
87.245   87.245   0.000   0.000   0.000   10.000   
87.245   87.245   0.000   0.000   0.000   10.000   
87.245   87.245   0.000   0.000   0.000   10.000   
87.245   87.245   0.000   0.000   0.000   12.000   
87.245   87.245   0.000   0.000   0.000   10.000   
87.245   87.245   0.000   0.000   0.000   10.000   
87.245   87.245   0.000   0.000   0.000   8.000   
87.245   87.245   0.000   0.000   0.000   10.000   
87.245   87.245   0.000   0.000   0.000   9.000   
87.245   87.245   0.000   0.000   0.000   7.000   
87.245   87.245   0.000   0.000   0.000   9.000   
87.245   87.245   0.000   0.000   0.000   12.000   
87.245   87.245   0.000   0.000   0.000   10.000   
87.245   87.245   0.000   0.000   0.000   1.000   
87.245   87.245   0.000   0.000   0.000   0.000   
87.245   87.245   0.000   0.000   0.000   2.000   
87.245   87.245   0.000   0.000   0.000   2.000   
87.245   87.245   0.000   0.000   0.000   4.000   
87.245   87.245   0.000   0.000   0.000   1.000   
87.245   87.245   0.000   0.000   0.000   0.000   
87.245   87.245   0.000   0.000   0.000   2.000   
87.245   87.245   0.000   0.000   0.000   3.000   
87.245   87.245   0.000   0.000   0.000   1.000   
87.245   87.245   0.000   0.000   0.000   1.000   
87.245   87.245   0.000   0.000   0.000   3.000   
87.245   87.245   0.000   0.000   0.000   0.000   
87.245   87.245   0.000   0.000   0.000   0.000   
87.245   87.245   0.000   0.000   0.000   1.000   
87.245   87.245   0.000   0.000   0.000   0.000   
87.245   87.245   0.000   0.000   0.000   2.000   
87.240   87.245   0.000   -1.250   0.000   0.000   
87.220   87.245   -0.003   -7.495   0.000   2.000   
87.180   87.245   -0.013   -11.665   0.000   2.000   
87.125   87.245   -0.055   -15.830   -0.020   86.000   
87.030   87.240   -0.101   -16.665   -0.910   276.000   
86.960   87.230   -0.155   -16.665   -2.660   708.000   
86.860   87.190   -0.225   -16.665   -5.750   879.000   
86.795   87.145   -0.251   -16.665   -9.585   879.000   
86.695   87.050   -0.260   -16.665   -16.385   479.000   
86.630   86.980   -0.256   -16.665   -17.855   114.000   
86.560   86.870   -0.249   -16.665   -18.050   -100.000   
86.460   86.800   -0.246   -16.665   -17.650   -87.000   
86.395   86.735   -0.244   -16.665   -17.150   -33.000   
86.295   86.630   -0.244   -16.665   -16.680   -2.000   
86.230   86.565   -0.244   -16.665   -16.640   5.000   
86.130   86.465   -0.244   -16.665   -16.650   -9.000   
86.060   86.400   -0.244   -16.665   -16.660   12.000   
85.960   86.300   -0.244   -16.665   -16.670   14.000   
85.895   86.235   -0.244   -16.665   -16.670   5.000   
85.830   86.135   -0.244   -16.665   -16.670   1.000   
85.730   86.065   -0.244   -16.665   -16.670   6.000   
85.660   86.000   -0.244   -16.665   -16.670   10.000   
85.560   85.900   -0.244   -16.665   -16.670   7.000   
85.495   85.835   -0.244   -16.665   -16.660   6.000   
85.395   85.735   -0.244   -16.665   -16.670   16.000   
85.330   85.665   -0.244   -16.665   -16.670   23.000   
85.230   85.565   -0.244   -16.665   -16.670   37.000   
85.160   85.500   -0.244   -16.665   -16.670   36.000   
85.095   85.400   -0.244   -16.665   -16.670   23.000   
84.995   85.335   -0.244   -16.665   -16.670   18.000   
84.930   85.265   -0.244   -16.665   -16.670   10.000   
84.830   85.165   -0.244   -16.665   -16.660   24.000   
84.760   85.100   -0.244   -16.665   -16.670   17.000   
84.660   85.000   -0.244   -16.665   -16.670   18.000   
84.595   84.935   -0.244   -16.665   -16.670   31.000   
84.495   84.835   -0.244   -16.665   -16.670   20.000   
84.430   84.765   -0.244   -16.665   -16.670   16.000   
84.360   84.700   -0.244   -16.665   -16.660   22.000   
84.260   84.600   -0.244   -16.665   -16.680   17.000   
84.195   84.535   -0.244   -16.665   -16.660   31.000   
84.095   84.435   -0.244   -16.665   -16.670   30.000   
84.030   84.365   -0.244   -16.665   -16.670   17.000   
83.930   84.265   -0.244   -16.665   -16.670   14.000   
83.860   84.200   -0.244   -16.665   -16.670   21.000   
83.795   84.100   -0.244   -16.665   -16.670   17.000   
83.695   84.035   -0.244   -16.665   -16.660   29.000   
83.630   83.965   -0.244   -16.665   -16.670   12.000   
83.530   83.865   -0.244   -16.665   -16.670   15.000   
83.460   83.800   -0.244   -16.665   -16.670   25.000   
83.360   83.700   -0.244   -16.665   -16.670   23.000   
83.295   83.635   -0.244   -16.665   -16.670   11.000   
83.195   83.535   -0.244   -16.665   -16.660   20.000   
83.130   83.465   -0.244   -16.665   -16.680   23.000   
83.060   83.365   -0.244   -16.665   -16.670   18.000   
82.960   83.300   -0.244   -16.665   -16.670   10.000   
82.895   83.235   -0.244   -16.665   -16.670   22.000   
82.795   83.135   -0.244   -16.665   -16.660   32.000   
82.730   83.065   -0.244   -16.665   -16.670   28.000   
82.630   82.965   -0.244   -16.665   -16.670   30.000   
82.560   82.900   -0.244   -16.665   -16.670   24.000   
82.460   82.800   -0.244   -16.665   -16.670   19.000   
82.395   82.735   -0.244   -16.665   -16.670   24.000   
82.330   82.635   -0.244   -16.665   -16.660   24.000   
82.230   82.565   -0.244   -16.665   -16.680   26.000   
82.160   82.500   -0.244   -16.665   -16.660   17.000   
82.060   82.400   -0.244   -16.665   -16.680   10.000   
81.995   82.335   -0.244   -16.665   -16.660   32.000   
81.895   82.235   -0.244   -16.665   -16.670   30.000   
81.830   82.165   -0.244   -16.665   -16.670   27.000   
81.730   82.065   -0.244   -16.665   -16.660   28.000   
81.660   82.000   -0.244   -16.665   -16.670   46.000   
81.595   81.900   -0.244   -16.665   -16.670   39.000   
81.495   81.835   -0.244   -16.665   -16.670   35.000   
81.430   81.765   -0.244   -16.665   -16.670   32.000   
81.330   81.665   -0.244   -16.665   -16.670   24.000   
81.260   81.600   -0.244   -16.665   -16.670   37.000   
81.160   81.500   -0.244   -16.665   -16.660   31.000   
81.095   81.435   -0.244   -16.665   -16.670   30.000   
80.995   81.335   -0.244   -16.665   -16.670   28.000   
80.930   81.265   -0.244   -16.665   -16.670   28.000   
80.860   81.200   -0.244   -16.665   -16.670   36.000   
80.760   81.100   -0.244   -16.665   -16.670   27.000   
80.695   81.035   -0.244   -16.665   -16.670   31.000   
80.595   80.935   -0.244   -16.665   -16.660   30.000   
80.530   80.865   -0.244   -16.665   -16.670   35.000   
80.430   80.765   -0.244   -16.665   -16.670   36.000   
80.360   80.700   -0.244   -16.665   -16.670   33.000   
80.260   80.600   -0.244   -16.665   -16.670   35.000   
80.195   80.535   -0.244   -16.665   -16.670   37.000   
80.130   80.465   -0.244   -16.665   -16.670   33.000   
80.030   80.365   -0.244   -16.665   -16.660   37.000   
79.960   80.300   -0.244   -16.665   -16.670   37.000   
79.860   80.200   -0.244   -16.665   -16.680   27.000   
79.795   80.135   -0.244   -16.665   -16.660   32.000   
79.695   80.035   -0.244   -16.665   -16.670   39.000   
79.630   79.965   -0.244   -16.665   -16.670   31.000   
79.560   79.865   -0.244   -16.665   -16.660   36.000   
79.460   79.800   -0.244   -16.665   -16.680   33.000   
79.395   79.735   -0.244   -16.665   -16.670   36.000   
79.295   79.635   -0.244   -16.665   -16.670   27.000   
79.230   79.565   -0.244   -16.665   -16.670   26.000   
79.130   79.465   -0.244   -16.665   -16.670   26.000   
79.060   79.400   -0.244   -16.665   -16.670   42.000   
78.960   79.300   -0.244   -16.665   -16.670   35.000   
78.895   79.235   -0.244   -16.665   -16.680   29.000   
78.830   79.135   -0.244   -16.665   -16.660   21.000   
78.730   79.065   -0.244   -16.665   -16.670   36.000   
78.660   79.000   -0.244   -16.665   -16.670   33.000   
78.560   78.900   -0.244   -16.665   -16.670   42.000   
78.495   78.835   -0.244   -16.665   -16.660   35.000   
78.395   78.735   -0.244   -16.665   -16.680   31.000   
78.330   78.665   -0.244   -16.665   -16.670   38.000   
78.230   78.565   -0.244   -16.665   -16.670   40.000   
78.160   78.500   -0.244   -16.665   -16.670   35.000   
78.095   78.435   -0.244   -16.665   -16.670   43.000   
77.995   78.335   -0.244   -16.665   -16.670   54.000   
77.930   78.265   -0.244   -16.665   -16.660   41.000   
77.830   78.165   -0.244   -16.665   -16.670   38.000   
77.760   78.100   -0.244   -16.665   -16.660   34.000   
77.660   78.000   -0.244   -16.665   -16.670   40.000   
77.595   77.935   -0.244   -16.665   -16.670   35.000   
77.495   77.835   -0.244   -16.665   -16.670   42.000   
77.430   77.765   -0.244   -16.665   -16.660   35.000   
77.360   77.700   -0.244   -16.665   -16.670   35.000   
77.260   77.600   -0.244   -16.665   -16.670   28.000   
77.195   77.535   -0.244   -16.665   -16.670   41.000   
77.095   77.435   -0.244   -16.665   -16.670   30.000   
77.030   77.365   -0.244   -16.665   -16.670   34.000   
76.930   77.265   -0.244   -16.665   -16.670   46.000   
76.860   77.200   -0.244   -16.665   -16.670   47.000   
76.795   77.100   -0.244   -16.665   -16.660   40.000   
76.695   77.035   -0.244   -16.665   -16.680   26.000   
76.630   76.965   -0.244   -16.665   -16.660   24.000   
76.530   76.865   -0.244   -16.665   -16.670   46.000   
76.460   76.800   -0.244   -16.665   -16.670   54.000   
76.360   76.700   -0.244   -16.665   -16.670   32.000   
76.295   76.635   -0.244   -16.665   -16.660   32.000   
76.195   76.535   -0.244   -16.665   -16.670   29.000   
76.130   76.465   -0.244   -16.665   -16.670   41.000   
76.060   76.365   -0.244   -16.665   -16.670   41.000   
75.895   76.235   -0.244   -16.665   -16.670   41.000   
75.795   76.135   -0.244   -16.665   -16.670   43.000   
75.730   76.065   -0.244   -16.665   -16.660   26.000   
75.630   75.965   -0.244   -16.665   -16.670   34.000   
75.560   75.900   -0.244   -16.665   -16.670   34.000   
75.460   75.800   -0.244   -16.665   -16.670   44.000   
75.395   75.735   -0.244   -16.665   -16.670   42.000   
75.330   75.635   -0.244   -16.665   -16.670   36.000   
75.230   75.565   -0.244   -16.665   -16.670   26.000   
75.160   75.500   -0.244   -16.665   -16.660   8.000   
75.060   75.400   -0.244   -16.665   -16.670   13.000   
74.995   75.335   -0.244   -16.665   -16.670   10.000   
74.895   75.235   -0.244   -16.665   -16.670   6.000   
74.830   75.165   -0.244   -16.665   -16.670   12.000   
74.730   75.065   -0.244   -16.665   -16.670   19.000   
74.660   75.000   -0.244   -16.665   -16.670   16.000   
74.595   74.935   -0.244   -16.665   -16.660   23.000   
74.495   74.835   -0.244   -16.665   -16.670   16.000   
74.430   74.765   -0.244   -16.665   -16.670   14.000   
74.330   74.665   -0.244   -16.665   -16.670   18.000   
74.260   74.600   -0.244   -16.665   -16.670   9.000   
74.160   74.500   -0.244   -16.665   -16.670   13.000   
74.095   74.435   -0.244   -16.665   -16.660   11.000   
73.995   74.335   -0.244   -16.665   -16.680   4.000   
73.930   74.265   -0.244   -16.665   -16.660   14.000   
73.860   74.200   -0.244   -16.665   -16.670   8.000   
73.760   74.100   -0.244   -16.665   -16.670   3.000   
73.695   74.035   -0.244   -16.665   -16.660   6.000   
73.595   73.935   -0.244   -16.665   -16.680   13.000   
73.530   73.865   -0.244   -16.665   -16.660   13.000   
73.430   73.765   -0.244   -16.665   -16.670   21.000   
73.360   73.700   -0.244   -16.665   -16.670   18.000   
73.295   73.600   -0.244   -16.665   -16.670   14.000   
73.195   73.535   -0.244   -16.665   -16.670   9.000   
73.130   73.465   -0.244   -16.665   -16.670   18.000   
73.030   73.365   -0.244   -16.665   -16.660   15.000   
72.960   73.300   -0.244   -16.665   -16.670   15.000   
72.860   73.200   -0.244   -16.665   -16.670   13.000   
72.795   73.135   -0.244   -16.665   -16.670   14.000   
72.695   73.035   -0.244   -16.665   -16.670   1.000   
72.630   72.965   -0.244   -16.665   -16.660   8.000   
72.560   72.865   -0.244   -16.665   -16.680   11.000   
72.460   72.800   -0.244   -16.665   -16.670   15.000   
72.395   72.735   -0.244   -16.665   -16.660   15.000   
72.295   72.635   -0.244   -16.665   -16.670   15.000   
72.230   72.565   -0.244   -16.665   -16.670   10.000   
72.130   72.465   -0.244   -16.665   -16.670   21.000   
72.060   72.400   -0.244   -16.665   -16.670   10.000   
71.960   72.300   -0.244   -16.665   -16.670   15.000   
71.895   72.235   -0.244   -16.665   -16.660   12.000   
71.830   72.135   -0.244   -16.665   -16.670   6.000   
71.730   72.065   -0.244   -16.665   -16.670   24.000   
71.660   72.000   -0.244   -16.665   -16.670   30.000   
71.560   71.900   -0.244   -16.665   -16.670   16.000   
71.495   71.835   -0.244   -16.665   -16.660   27.000   
71.395   71.735   -0.244   -16.665   -16.680   28.000   
71.330   71.665   -0.244   -16.665   -16.660   16.000   
71.230   71.565   -0.244   -16.665   -16.670   18.000   
71.160   71.500   -0.244   -16.665   -16.670   14.000   
71.095   71.435   -0.244   -16.665   -16.670   23.000   
70.995   71.335   -0.244   -16.665   -16.670   32.000   
70.930   71.265   -0.244   -16.665   -16.660   22.000   
70.830   71.165   -0.244   -16.665   -16.670   26.000   
70.760   71.100   -0.244   -16.665   -16.670   36.000   
70.660   71.000   -0.244   -16.665   -16.670   22.000   
70.595   70.935   -0.244   -16.665   -16.670   21.000   
70.530   70.835   -0.244   -16.665   -16.670   16.000   
70.430   70.765   -0.243   -16.665   -16.660   24.000   
70.365   70.700   -0.242   -16.665   -16.650   6.000   
70.265   70.600   -0.243   -16.665   -16.570   -7.000   
70.195   70.535   -0.244   -16.665   -16.530   49.000   
70.095   70.435   -0.244   -16.665   -16.570   42.000   
70.030   70.370   -0.245   -16.665   -16.620   82.000   
69.930   70.270   -0.245   -16.665   -16.695   29.000   
69.865   70.200   -0.244   -16.665   -16.690   23.000   
69.795   70.100   -0.244   -16.665   -16.680   13.000   
69.695   70.035   -0.244   -16.665   -16.670   18.000   
69.630   69.970   -0.244   -16.665   -16.670   26.000   
69.530   69.870   -0.244   -16.665   -16.660   21.000   
69.465   69.800   -0.244   -16.665   -16.680   12.000   
69.365   69.700   -0.244   -16.665   -16.670   24.000   
69.295   69.635   -0.244   -16.665   -16.670   29.000   
69.195   69.535   -0.244   -16.665   -16.670   26.000   
69.130   69.470   -0.244   -16.665   -16.670   21.000   
69.065   69.370   -0.244   -16.665   -16.670   24.000   
68.965   69.300   -0.244   -16.665   -16.660   26.000   
68.895   69.235   -0.244   -16.665   -16.670   16.000   
68.795   69.135   -0.244   -16.665   -16.670   28.000   
68.730   69.070   -0.244   -16.665   -16.670   28.000   
68.630   68.970   -0.244   -16.665   -16.670   8.000   
68.565   68.900   -0.244   -16.665   -16.670   18.000   
68.465   68.800   -0.244   -16.665   -16.670   27.000   
68.395   68.735   -0.244   -16.665   -16.660   20.000   
68.330   68.670   -0.244   -16.665   -16.670   30.000   
68.230   68.570   -0.244   -16.665   -16.670   30.000   
68.165   68.500   -0.244   -16.665   -16.670   43.000   
68.065   68.400   -0.244   -16.665   -16.670   34.000   
67.995   68.335   -0.244   -16.665   -16.670   33.000   
67.895   68.235   -0.244   -16.665   -16.660   38.000   
67.830   68.170   -0.244   -16.665   -16.680   36.000   
67.730   68.070   -0.244   -16.665   -16.660   28.000   
67.665   68.000   -0.244   -16.665   -16.670   25.000   
67.595   67.935   -0.244   -16.665   -16.670   18.000   
67.495   67.835   -0.244   -16.665   -16.660   30.000   
67.430   67.770   -0.244   -16.665   -16.680   31.000   
67.330   67.670   -0.244   -16.665   -16.660   31.000   
67.265   67.600   -0.244   -16.665   -16.670   30.000   
67.165   67.500   -0.244   -16.665   -16.670   34.000   
67.095   67.435   -0.244   -16.665   -16.670   35.000   
67.030   67.335   -0.244   -16.665   -16.670   39.000   
66.930   67.270   -0.244   -16.665   -16.660   32.000   
66.865   67.200   -0.244   -16.665   -16.670   35.000   
66.765   67.100   -0.244   -16.665   -16.660   43.000   
66.695   67.035   -0.244   -16.665   -16.670   36.000   
66.595   66.935   -0.244   -16.665   -16.670   34.000   
66.530   66.870   -0.244   -16.665   -16.670   21.000   
66.430   66.770   -0.244   -16.665   -16.660   27.000   
66.365   66.700   -0.244   -16.665   -16.670   37.000   
66.295   66.600   -0.244   -16.665   -16.680   37.000   
66.195   66.535   -0.244   -16.665   -16.660   27.000   
66.130   66.470   -0.244   -16.665   -16.670   27.000   
66.030   66.370   -0.244   -16.665   -16.670   26.000   
65.965   66.300   -0.244   -16.665   -16.670   31.000   
65.865   66.200   -0.244   -16.665   -16.670   39.000   
65.795   66.135   -0.244   -16.665   -16.660   31.000   
65.695   66.035   -0.244   -16.665   -16.660   37.000   
65.630   65.970   -0.244   -16.665   -16.670   39.000   
65.565   65.870   -0.244   -16.665   -16.670   32.000   
65.465   65.800   -0.244   -16.665   -16.670   27.000   
65.395   65.735   -0.244   -16.665   -16.670   24.000   
65.295   65.635   -0.244   -16.665   -16.660   41.000   
65.230   65.570   -0.244   -16.665   -16.670   38.000   
65.130   65.470   -0.244   -16.665   -16.670   28.000   
65.065   65.400   -0.244   -16.665   -16.670   27.000   
64.965   65.300   -0.244   -16.665   -16.670   29.000   
64.895   65.235   -0.244   -16.665   -16.670   42.000   
64.830   65.170   -0.244   -16.665   -16.670   49.000   
64.730   65.070   -0.244   -16.665   -16.660   36.000   
64.665   65.000   -0.244   -16.665   -16.670   25.000   
64.565   64.900   -0.244   -16.665   -16.660   37.000   
64.495   64.835   -0.244   -16.665   -16.670   27.000   
64.395   64.735   -0.244   -16.665   -16.670   48.000   
64.330   64.670   -0.244   -16.665   -16.670   42.000   
64.265   64.570   -0.244   -16.665   -16.660   36.000   
64.165   64.500   -0.244   -16.665   -16.680   45.000   
64.095   64.435   -0.244   -16.665   -16.660   28.000   
63.995   64.335   -0.244   -16.665   -16.670   19.000   
63.930   64.270   -0.244   -16.665   -16.670   37.000   
63.830   64.170   -0.244   -16.665   -16.670   44.000   
63.765   64.100   -0.244   -16.665   -16.660   43.000   
63.665   64.000   -0.244   -16.665   -16.670   38.000   
63.595   63.935   -0.244   -16.665   -16.670   31.000   
63.530   63.835   -0.244   -16.665   -16.660   30.000   
63.430   63.770   -0.244   -16.665   -16.670   35.000   
63.365   63.700   -0.244   -16.665   -16.670   50.000   
63.265   63.600   -0.244   -16.665   -16.670   41.000   
63.195   63.535   -0.244   -16.665   -16.670   45.000   
63.095   63.435   -0.244   -16.665   -16.670   31.000   
63.030   63.370   -0.244   -16.665   -16.680   30.000   
62.930   63.270   -0.244   -16.665   -16.660   26.000   
62.865   63.200   -0.244   -16.665   -16.670   43.000   
62.795   63.100   -0.244   -16.665   -16.670   35.000   
62.695   63.035   -0.244   -16.665   -16.670   36.000   
62.630   62.970   -0.244   -16.665   -16.660   37.000   
62.530   62.870   -0.244   -16.665   -16.670   21.000   
62.465   62.800   -0.244   -16.665   -16.670   27.000   
62.365   62.700   -0.244   -16.665   -16.670   43.000   
62.295   62.635   -0.244   -16.665   -16.670   43.000   
62.195   62.535   -0.244   -16.665   -16.670   39.000   
62.130   62.470   -0.244   -16.665   -16.670   43.000   
62.065   62.400   -0.244   -16.665   -16.670   31.000   
61.965   62.300   -0.244   -16.665   -16.670   36.000   
61.895   62.235   -0.244   -16.665   -16.670   37.000   
61.795   62.135   -0.244   -16.665   -16.670   42.000   
61.730   62.070   -0.244   -16.665   -16.670   46.000   
61.630   61.970   -0.244   -16.665   -16.660   36.000   
61.565   61.900   -0.244   -16.665   -16.670   31.000   
61.465   61.800   -0.244   -16.665   -16.670   9.000   
61.395   61.735   -0.244   -16.665   -16.680   4.000   
61.330   61.670   -0.244   -16.665   -16.660   11.000   
61.230   61.570   -0.244   -16.665   -16.670   15.000   
61.165   61.500   -0.244   -16.665   -16.670   9.000   
61.065   61.400   -0.244   -16.665   -16.670   12.000   
60.995   61.335   -0.244   -16.665   -16.660   16.000   
60.895   61.235   -0.244   -16.665   -16.660   15.000   
60.830   61.170   -0.244   -16.665   -16.670   14.000   
60.765   61.070   -0.244   -16.665   -16.670   14.000   
60.665   61.000   -0.244   -16.665   -16.670   18.000   
60.595   60.935   -0.244   -16.665   -16.670   9.000   
60.495   60.835   -0.244   -16.665   -16.680   10.000   
60.430   60.770   -0.244   -16.665   -16.670   6.000   
60.330   60.670   -0.244   -16.665   -16.670   2.000   
60.265   60.600   -0.244   -16.665   -16.660   7.000   
60.165   60.500   -0.244   -16.665   -16.670   20.000   
60.095   60.435   -0.244   -16.665   -16.670   5.000   
60.030   60.335   -0.244   -16.665   -16.660   12.000   
59.930   60.270   -0.244   -16.665   -16.680   7.000   
59.865   60.200   -0.244   -16.665   -16.670   12.000   
59.765   60.100   -0.244   -16.665   -16.670   21.000   
59.695   60.035   -0.244   -16.665   -16.670   12.000   
59.595   59.935   -0.244   -16.665   -16.670   12.000   
59.530   59.870   -0.244   -16.665   -16.670   18.000   
59.430   59.770   -0.244   -16.665   -16.660   10.000   
59.365   59.700   -0.244   -16.665   -16.680   10.000   
59.295   59.600   -0.244   -16.665   -16.660   12.000   
59.195   59.535   -0.244   -16.665   -16.680   11.000   
59.130   59.470   -0.244   -16.665   -16.660   10.000   
59.030   59.370   -0.244   -16.665   -16.670   9.000   
58.965   59.300   -0.244   -16.665   -16.670   12.000   
58.865   59.200   -0.244   -16.665   -16.660   13.000   
58.795   59.135   -0.244   -16.665   -16.680   4.000   
58.695   59.035   -0.244   -16.665   -16.670   22.000   
58.630   58.970   -0.244   -16.665   -16.670   20.000   
58.565   58.900   -0.244   -16.665   -16.670   11.000   
58.465   58.800   -0.244   -16.665   -16.670   8.000   
58.395   58.735   -0.244   -16.665   -16.670   3.000   
58.295   58.635   -0.244   -16.665   -16.670   16.000   
58.230   58.570   -0.244   -16.665   -16.680   15.000   
58.130   58.470   -0.244   -16.665   -16.660   8.000   
58.065   58.400   -0.244   -16.665   -16.670   24.000   
57.965   58.300   -0.244   -16.665   -16.670   23.000   
57.895   58.235   -0.244   -16.665   -16.670   15.000   
57.830   58.170   -0.244   -16.665   -16.660   24.000   
57.730   58.070   -0.244   -16.665   -16.670   18.000   
57.665   58.000   -0.244   -16.665   -16.670   26.000   
57.565   57.900   -0.244   -16.665   -16.670   29.000   
57.495   57.835   -0.244   -16.665   -16.670   26.000   
57.395   57.735   -0.244   -16.665   -16.670   19.000   
57.330   57.670   -0.244   -16.665   -16.670   27.000   
57.265   57.570   -0.244   -16.665   -16.660   24.000   
57.165   57.500   -0.244   -16.665   -16.680   29.000   
57.095   57.435   -0.244   -16.665   -16.660   16.000   
56.995   57.335   -0.244   -16.665   -16.670   16.000   
56.930   57.270   -0.244   -16.665   -16.670   23.000   
56.830   57.170   -0.244   -16.665   -16.670   21.000   
56.765   57.100   -0.244   -16.665   -16.670   12.000   
56.665   57.000   -0.244   -16.665   -16.660   16.000   
56.595   56.935   -0.244   -16.665   -16.680   22.000   
56.530   56.835   -0.244   -16.665   -16.670   19.000   
56.430   56.770   -0.244   -16.665   -16.670   20.000   
56.365   56.700   -0.244   -16.665   -16.670   16.000   
56.265   56.600   -0.244   -16.665   -16.670   21.000   
56.195   56.535   -0.244   -16.665   -16.670   26.000   
56.095   56.435   -0.244   -16.665   -16.670   29.000   
56.030   56.370   -0.244   -16.665   -16.680   20.000   
55.930   56.270   -0.244   -16.665   -16.660   14.000   
55.865   56.200   -0.244   -16.665   -16.670   31.000   
55.795   56.100   -0.244   -16.665   -16.670   22.000   
55.695   56.035   -0.244   -16.665   -16.670   16.000   
55.630   55.970   -0.244   -16.665   -16.660   18.000   
55.530   55.870   -0.244   -16.665   -16.670   11.000   
55.465   55.800   -0.244   -16.665   -16.680   19.000   
55.365   55.700   -0.244   -16.665   -16.670   30.000   
55.295   55.635   -0.244   -16.665   -16.670   16.000   
55.195   55.535   -0.244   -16.665   -16.670   24.000   
55.130   55.470   -0.244   -16.665   -16.670   28.000   
55.065   55.400   -0.244   -16.665   -16.660   36.000   
54.965   55.300   -0.244   -16.665   -16.670   21.000   
54.895   55.235   -0.244   -16.665   -16.670   21.000   
54.795   55.135   -0.244   -16.665   -16.670   20.000   
54.730   55.070   -0.244   -16.665   -16.670   20.000   
54.630   54.970   -0.244   -16.665   -16.670   33.000   
54.565   54.900   -0.244   -16.665   -16.670   31.000   
54.495   54.800   -0.244   -16.665   -16.660   26.000   
54.395   54.735   -0.244   -16.665   -16.670   35.000   
54.330   54.670   -0.244   -16.665   -16.670   33.000   
54.230   54.570   -0.244   -16.665   -16.670   27.000   
54.165   54.500   -0.244   -16.665   -16.670   25.000   
54.065   54.400   -0.244   -16.665   -16.670   34.000   
53.995   54.335   -0.244   -16.665   -16.670   43.000   
53.900   54.235   -0.244   -16.665   -16.670   35.000   
53.830   54.170   -0.244   -16.665   -16.670   37.000   
53.765   54.070   -0.243   -16.665   -16.670   32.000   
53.665   54.000   -0.242   -16.665   -16.650   13.000   
53.600   53.935   -0.243   -16.665   -16.570   47.000   
53.500   53.835   -0.244   -16.665   -16.570   -5.000   
53.430   53.770   -0.245   -16.665   -16.570   43.000   
53.330   53.670   -0.245   -16.665   -16.630   27.000   
53.265   53.605   -0.245   -16.665   -16.690   35.000   
53.165   53.505   -0.244   -16.665   -16.680   33.000   
53.100   53.435   -0.244   -16.665   -16.670   32.000   
53.030   53.335   -0.244   -16.665   -16.670   22.000   
52.930   53.270   -0.244   -16.665   -16.670   38.000   
52.865   53.205   -0.244   -16.665   -16.670   34.000   
52.765   53.105   -0.244   -16.665   -16.670   23.000   
52.700   53.035   -0.244   -16.665   -16.660   28.000   
52.600   52.935   -0.244   -16.665   -16.680   29.000   
52.530   52.870   -0.244   -16.665   -16.660   32.000   
52.430   52.770   -0.244   -16.665   -16.670   27.000   
52.365   52.705   -0.244   -16.665   -16.670   26.000   
52.300   52.635   -0.244   -16.665   -16.670   31.000   
52.200   52.535   -0.244   -16.665   -16.670   40.000   
52.130   52.470   -0.244   -16.665   -16.670   40.000   
52.030   52.370   -0.244   -16.665   -16.660   37.000   
51.965   52.305   -0.244   -16.665   -16.670   41.000   
51.865   52.205   -0.244   -16.665   -16.670   27.000   
51.800   52.135   -0.244   -16.665   -16.670   34.000   
51.730   52.035   -0.244   -16.665   -16.670   32.000   
51.630   51.970   -0.244   -16.665   -16.670   27.000   
51.565   51.905   -0.244   -16.665   -16.660   32.000   
51.465   51.805   -0.244   -16.665   -16.680   33.000   
51.400   51.735   -0.244   -16.665   -16.660   28.000   
51.300   51.635   -0.244   -16.665   -16.670   27.000   
51.230   51.570   -0.244   -16.665   -16.670   36.000   
51.130   51.470   -0.244   -16.665   -16.670   46.000   
51.065   51.405   -0.244   -16.665   -16.670   36.000   
51.000   51.305   -0.244   -16.665   -16.670   35.000   
50.900   51.235   -0.244   -16.665   -16.670   41.000   
50.830   51.170   -0.244   -16.665   -16.670   41.000   
50.730   51.070   -0.244   -16.665   -16.670   50.000   
50.665   51.005   -0.244   -16.665   -16.670   32.000   
50.565   50.905   -0.244   -16.665   -16.670   36.000   
50.500   50.835   -0.244   -16.665   -16.660   33.000   
50.400   50.735   -0.244   -16.665   -16.670   30.000   
50.330   50.670   -0.244   -16.665   -16.670   27.000   
50.265   50.570   -0.244   -16.665   -16.670   44.000   
50.165   50.505   -0.244   -16.665   -16.670   27.000   
50.100   50.435   -0.244   -16.665   -16.670   41.000   
50.000   50.335   -0.244   -16.665   -16.670   39.000   
49.930   50.270   -0.244   -16.665   -16.660   29.000   
49.830   50.170   -0.244   -16.665   -16.670   29.000   
49.765   50.105   -0.244   -16.665   -16.670   46.000   
49.665   50.005   -0.244   -16.665   -16.670   40.000   
49.600   49.935   -0.244   -16.665   -16.670   38.000   
49.530   49.835   -0.244   -16.665   -16.670   28.000   
49.430   49.770   -0.244   -16.665   -16.660   33.000   
49.365   49.705   -0.244   -16.665   -16.670   20.000   
49.265   49.605   -0.244   -16.665   -16.670   36.000   
49.200   49.535   -0.244   -16.665   -16.670   36.000   
49.100   49.435   -0.244   -16.665   -16.670   39.000   
49.030   49.370   -0.244   -16.665   -16.670   34.000   
48.930   49.270   -0.244   -16.665   -16.670   35.000   
48.865   49.205   -0.244   -16.665   -16.670   33.000   
48.800   49.135   -0.244   -16.665   -16.660   35.000   
48.700   49.035   -0.244   -16.665   -16.670   37.000   
48.630   48.970   -0.244   -16.665   -16.670   45.000   
48.530   48.870   -0.244   -16.665   -16.670   42.000   
48.465   48.805   -0.244   -16.665   -16.670   38.000   
48.365   48.705   -0.244   -16.665   -16.670   29.000   
48.300   48.635   -0.244   -16.665   -16.670   29.000   
48.230   48.535   -0.244   -16.665   -16.660   34.000   
48.130   48.470   -0.244   -16.665   -16.670   40.000   
48.065   48.405   -0.244   -16.665   -16.670   39.000   
47.965   48.305   -0.244   -16.665   -16.670   27.000   
47.900   48.235   -0.244   -16.665   -16.670   34.000   
47.800   48.135   -0.244   -16.665   -16.670   11.000   
47.730   48.070   -0.244   -16.665   -16.660   6.000   
47.630   47.970   -0.244   -16.665   -16.670   15.000   
47.565   47.905   -0.244   -16.665   -16.670   15.000   
47.500   47.805   -0.244   -16.665   -16.670   14.000   
47.400   47.735   -0.244   -16.665   -16.670   18.000   
47.330   47.670   -0.244   -16.665   -16.660   14.000   
47.230   47.570   -0.244   -16.665   -16.660   7.000   
47.165   47.505   -0.244   -16.665   -16.670   13.000   
47.065   47.405   -0.244   -16.665   -16.670   11.000   
47.000   47.335   -0.244   -16.665   -16.670   7.000   
46.900   47.235   -0.244   -16.665   -16.670   10.000   
46.830   47.170   -0.244   -16.665   -16.660   7.000   
46.765   47.070   -0.244   -16.665   -16.670   9.000   
46.665   47.005   -0.244   -16.665   -16.670   11.000   
46.600   46.935   -0.244   -16.665   -16.670   17.000   
46.500   46.835   -0.244   -16.665   -16.670   8.000   
46.430   46.770   -0.244   -16.665   -16.670   8.000   
46.330   46.670   -0.244   -16.665   -16.670   23.000   
46.265   46.605   -0.244   -16.665   -16.660   16.000   
46.165   46.505   -0.244   -16.665   -16.670   10.000   
46.100   46.435   -0.244   -16.665   -16.660   17.000   
46.030   46.370   -0.244   -16.665   -16.670   13.000   
45.930   46.270   -0.244   -16.665   -16.670   12.000   
45.865   46.205   -0.244   -16.665   -16.670   9.000   
45.765   46.105   -0.244   -16.665   -16.660   11.000   
45.700   46.035   -0.244   -16.665   -16.670   17.000   
45.600   45.935   -0.244   -16.665   -16.680   13.000   
45.530   45.870   -0.244   -16.665   -16.660   4.000   
45.465   45.770   -0.244   -16.665   -16.670   12.000   
45.365   45.705   -0.244   -16.665   -16.670   13.000   
45.300   45.635   -0.244   -16.665   -16.670   13.000   
45.200   45.535   -0.244   -16.665   -16.670   11.000   
45.130   45.470   -0.244   -16.665   -16.660   15.000   
45.030   45.370   -0.244   -16.665   -16.660   11.000   
44.965   45.305   -0.244   -16.665   -16.670   13.000   
44.865   45.205   -0.244   -16.665   -16.670   20.000   
44.800   45.135   -0.244   -16.665   -16.670   14.000   
44.730   45.035   -0.244   -16.665   -16.670   3.000   
44.630   44.970   -0.244   -16.665   -16.660   21.000   
44.565   44.905   -0.244   -16.665   -16.680   19.000   
44.465   44.805   -0.244   -16.665   -16.660   10.000   
44.400   44.735   -0.244   -16.665   -16.670   11.000   
44.300   44.635   -0.244   -16.665   -16.670   23.000   
44.230   44.570   -0.244   -16.665   -16.670   27.000   
44.130   44.470   -0.244   -16.665   -16.670   27.000   
44.065   44.405   -0.244   -16.665   -16.660   12.000   
44.000   44.305   -0.244   -16.665   -16.670   25.000   
43.900   44.235   -0.244   -16.665   -16.660   28.000   
43.830   44.170   -0.244   -16.665   -16.670   23.000   
43.730   44.070   -0.244   -16.665   -16.670   21.000   
43.665   44.005   -0.244   -16.665   -16.670   20.000   
43.565   43.905   -0.244   -16.665   -16.670   12.000   
43.500   43.835   -0.244   -16.665   -16.670   24.000   
43.400   43.735   -0.244   -16.665   -16.670   18.000   
43.330   43.670   -0.244   -16.665   -16.660   23.000   
43.265   43.605   -0.244   -16.665   -16.670   10.000   
43.165   43.505   -0.244   -16.665   -16.670   13.000   
43.100   43.435   -0.244   -16.665   -16.660   24.000   
43.000   43.335   -0.244   -16.665   -16.670   19.000   
42.930   43.270   -0.244   -16.665   -16.670   13.000   
42.830   43.170   -0.244   -16.665   -16.660   26.000   
42.765   43.105   -0.244   -16.665   -16.670   29.000   
42.665   43.005   -0.244   -16.665   -16.670   26.000   
42.600   42.935   -0.244   -16.665   -16.670   22.000   
42.530   42.870   -0.244   -16.665   -16.660   19.000   
42.430   42.770   -0.244   -16.665   -16.670   28.000   
42.365   42.705   -0.244   -16.665   -16.680   22.000   
42.265   42.605   -0.244   -16.665   -16.660   16.000   
42.200   42.535   -0.244   -16.665   -16.670   24.000   
42.100   42.435   -0.244   -16.665   -16.670   15.000   
42.030   42.370   -0.244   -16.665   -16.670   23.000   
41.965   42.270   -0.244   -16.665   -16.670   29.000   
41.865   42.205   -0.244   -16.665   -16.660   10.000   
41.800   42.135   -0.244   -16.665   -16.680   28.000   
41.700   42.035   -0.244   -16.665   -16.670   24.000   
41.630   41.970   -0.244   -16.665   -16.670   20.000   
41.530   41.870   -0.244   -16.665   -16.670   22.000   
41.465   41.805   -0.244   -16.665   -16.670   25.000   
41.365   41.705   -0.244   -16.665   -16.670   27.000   
41.300   41.635   -0.244   -16.665   -16.660   26.000   
41.230   41.535   -0.244   -16.665   -16.670   19.000   
41.130   41.470   -0.244   -16.665   -16.670   23.000   
41.065   41.405   -0.244   -16.665   -16.670   12.000   
40.965   41.305   -0.244   -16.665   -16.660   27.000   
40.900   41.235   -0.244   -16.665   -16.670   31.000   
40.800   41.135   -0.244   -16.665   -16.680   32.000   
40.730   41.070   -0.244   -16.665   -16.660   29.000   
40.630   40.970   -0.244   -16.665   -16.670   29.000   
40.565   40.905   -0.244   -16.665   -16.670   29.000   
40.500   40.805   -0.244   -16.665   -16.670   37.000   
40.400   40.735   -0.244   -16.665   -16.670   35.000   
40.330   40.670   -0.244   -16.665   -16.670   32.000   
40.230   40.570   -0.244   -16.665   -16.660   38.000   
40.165   40.505   -0.244   -16.665   -16.680   36.000   
40.065   40.405   -0.244   -16.665   -16.660   30.000   
40.000   40.335   -0.244   -16.665   -16.670   30.000   
39.900   40.235   -0.244   -16.665   -16.670   26.000   
39.830   40.170   -0.244   -16.665   -16.670   35.000   
39.765   40.105   -0.244   -16.665   -16.670   35.000   
39.665   40.005   -0.244   -16.665   -16.660   29.000   
39.600   39.935   -0.244   -16.665   -16.670   26.000   
39.500   39.835   -0.244   -16.665   -16.670   33.000   
39.430   39.770   -0.244   -16.665   -16.670   29.000   
39.330   39.670   -0.244   -16.665   -16.670   42.000   
39.265   39.605   -0.244   -16.665   -16.670   26.000   
39.165   39.505   -0.244   -16.665   -16.660   37.000   
39.100   39.435   -0.244   -16.665   -16.670   44.000   
39.030   39.370   -0.244   -16.665   -16.670   36.000   
38.930   39.270   -0.244   -16.665   -16.670   27.000   
38.865   39.205   -0.244   -16.665   -16.670   31.000   
38.765   39.105   -0.244   -16.665   -16.660   25.000   
38.700   39.035   -0.244   -16.665   -16.670   42.000   
38.600   38.935   -0.244   -16.665   -16.680   29.000   
38.530   38.870   -0.244   -16.665   -16.660   23.000   
38.465   38.770   -0.244   -16.665   -16.670   28.000   
38.365   38.705   -0.244   -16.665   -16.670   34.000   
38.300   38.635   -0.244   -16.665   -16.670   41.000   
38.200   38.535   -0.244   -16.665   -16.660   34.000   
38.130   38.470   -0.244   -16.665   -16.680   32.000   
38.030   38.370   -0.244   -16.665   -16.670   38.000   
37.965   38.305   -0.244   -16.665   -16.670   38.000   
37.865   38.205   -0.244   -16.665   -16.670   33.000   
37.800   38.135   -0.244   -16.665   -16.670   29.000   
37.730   38.035   -0.244   -16.665   -16.660   22.000   
37.630   37.970   -0.244   -16.665   -16.680   38.000   
37.565   37.905   -0.244   -16.665   -16.660   35.000   
37.465   37.805   -0.244   -16.665   -16.670   30.000   
37.400   37.735   -0.244   -16.665   -16.670   38.000   
37.300   37.635   -0.244   -16.665   -16.670   31.000   
37.235   37.570   -0.244   -16.665   -16.670   32.000   
37.135   37.470   -0.243   -16.665   -16.670   43.000   
37.065   37.405   -0.243   -16.665   -16.660   31.000   
37.000   37.305   -0.243   -16.665   -16.650   45.000   
36.900   37.235   -0.243   -16.665   -16.540   40.000   
36.835   37.170   -0.244   -16.665   -16.570   56.000   
36.735   37.070   -0.245   -16.665   -16.570   14.000   
36.665   37.005   -0.245   -16.665   -16.620   35.000   
36.565   36.905   -0.245   -16.665   -16.690   38.000   
36.500   36.840   -0.244   -16.665   -16.680   34.000   
36.400   36.740   -0.244   -16.665   -16.680   38.000   
36.335   36.670   -0.244   -16.665   -16.670   31.000   
36.265   36.605   -0.244   -16.665   -16.670   40.000   
36.165   36.505   -0.244   -16.665   -16.660   38.000   
36.100   36.440   -0.244   -16.665   -16.670   36.000   
36.000   36.340   -0.244   -16.665   -16.670   35.000   
35.935   36.270   -0.244   -16.665   -16.670   38.000   
35.835   36.170   -0.244   -16.665   -16.670   26.000   
35.765   36.105   -0.244   -16.665   -16.670   28.000   
35.665   36.005   -0.244   -16.665   -16.660   27.000   
35.600   35.940   -0.244   -16.665   -16.670   38.000   
35.535   35.870   -0.244   -16.665   -16.670   40.000   
35.435   35.770   -0.244   -16.665   -16.670   34.000   
35.365   35.705   -0.244   -16.665   -16.670   30.000   
35.265   35.605   -0.244   -16.665   -16.660   26.000   
35.200   35.540   -0.244   -16.665   -16.680   32.000   
35.100   35.440   -0.244   -16.665   -16.670   46.000   
35.035   35.370   -0.244   -16.665   -16.670   45.000   
34.965   35.270   -0.244   -16.665   -16.670   36.000   
34.865   35.205   -0.244   -16.665   -16.670   40.000   
34.800   35.140   -0.244   -16.665   -16.670   32.000   
34.700   35.040   -0.244   -16.665   -16.670   35.000   
34.635   34.970   -0.244   -16.665   -16.670   28.000   
34.535   34.870   -0.244   -16.665   -16.660   30.000   
34.465   34.805   -0.244   -16.665   -16.670   38.000   
34.365   34.705   -0.244   -16.665   -16.670   33.000   
34.300   34.640   -0.244   -16.665   -16.670   19.000   
34.235   34.540   -0.244   -16.665   -16.660   35.000   
34.135   34.470   -0.244   -16.665   -16.680   5.000   
34.065   34.405   -0.244   -16.665   -16.660   11.000   
33.965   34.305   -0.244   -16.665   -16.670   10.000   
33.900   34.240   -0.244   -16.665   -16.670   9.000   
33.800   34.140   -0.244   -16.665   -16.670   16.000   
33.735   34.070   -0.244   -16.665   -16.670   20.000   
33.635   33.970   -0.244   -16.665   -16.680   15.000   
33.565   33.905   -0.244   -16.665   -16.660   16.000   
33.500   33.840   -0.244   -16.665   -16.670   6.000   
33.400   33.740   -0.244   -16.665   -16.670   2.000   
33.335   33.670   -0.244   -16.665   -16.670   10.000   
33.235   33.570   -0.244   -16.665   -16.670   19.000   
33.165   33.505   -0.244   -16.665   -16.670   8.000   
33.065   33.405   -0.244   -16.665   -16.670   11.000   
33.000   33.340   -0.244   -16.665   -16.670   11.000   
32.900   33.240   -0.244   -16.665   -16.670   25.000   
32.835   33.170   -0.244   -16.665   -16.670   7.000   
32.765   33.105   -0.244   -16.665   -16.670   23.000   
32.665   33.005   -0.244   -16.665   -16.670   10.000   
32.600   32.940   -0.244   -16.665   -16.670   6.000   
32.500   32.840   -0.244   -16.665   -16.670   12.000   
32.435   32.770   -0.244   -16.665   -16.660   14.000   
32.335   32.670   -0.244   -16.665   -16.670   -7.000   
32.265   32.605   -0.244   -16.665   -16.670   26.000   
32.200   32.505   -0.244   -16.665   -16.670   12.000   
32.100   32.440   -0.244   -16.665   -16.670   5.000   
31.935   32.270   -0.244   -16.665   -16.680   12.000   
31.865   32.205   -0.244   -16.665   -16.660   12.000   
31.765   32.105   -0.244   -16.665   -16.670   16.000   
31.700   32.040   -0.244   -16.665   -16.670   10.000   
31.600   31.940   -0.244   -16.665   -16.670   14.000   
31.535   31.870   -0.244   -16.665   -16.670   20.000   
31.465   31.770   -0.244   -16.665   -16.680   18.000   
31.365   31.705   -0.244   -16.665   -16.660   12.000   
31.300   31.640   -0.244   -16.665   -16.670   8.000   
31.200   31.540   -0.244   -16.665   -16.670   4.000   
31.135   31.470   -0.244   -16.665   -16.670   12.000   
31.035   31.370   -0.244   -16.665   -16.670   9.000   
30.965   31.305   -0.244   -16.665   -16.670   10.000   
30.865   31.205   -0.244   -16.665   -16.670   6.000   
30.800   31.140   -0.244   -16.665   -16.660   6.000   
30.735   31.040   -0.244   -16.665   -16.670   29.000   
30.635   30.970   -0.244   -16.665   -16.670   15.000   
30.565   30.905   -0.244   -16.665   -16.670   20.000   
30.465   30.805   -0.244   -16.665   -16.670   31.000   
30.400   30.740   -0.244   -16.665   -16.670   28.000   
30.300   30.640   -0.244   -16.665   -16.680   21.000   
30.235   30.570   -0.244   -16.665   -16.660   23.000   
30.135   30.470   -0.244   -16.665   -16.670   18.000   
30.065   30.405   -0.244   -16.665   -16.670   27.000   
30.000   30.340   -0.244   -16.665   -16.670   24.000   
29.900   30.240   -0.244   -16.665   -16.670   22.000   
29.835   30.170   -0.244   -16.665   -16.660   14.000   
29.735   30.070   -0.244   -16.665   -16.670   21.000   
29.665   30.005   -0.244   -16.665   -16.670   20.000   
29.565   29.905   -0.244   -16.665   -16.670   27.000   
29.500   29.840   -0.244   -16.665   -16.670   18.000   
29.400   29.740   -0.244   -16.665   -16.670   28.000   
29.335   29.670   -0.244   -16.665   -16.670   31.000   
29.265   29.605   -0.244   -16.665   -16.660   23.000   
29.165   29.505   -0.244   -16.665   -16.670   23.000   
29.100   29.440   -0.244   -16.665   -16.670   20.000   
29.000   29.340   -0.244   -16.665   -16.670   26.000   
28.935   29.270   -0.244   -16.665   -16.670   23.000   
28.835   29.170   -0.244   -16.665   -16.680   17.000   
28.765   29.105   -0.244   -16.665   -16.670   18.000   
28.700   29.005   -0.244   -16.665   -16.660   15.000   
28.600   28.940   -0.244   -16.665   -16.670   22.000   
28.535   28.870   -0.244   -16.665   -16.670   18.000   
28.435   28.770   -0.244   -16.665   -16.670   17.000   
28.365   28.705   -0.244   -16.665   -16.670   16.000   
28.265   28.605   -0.244   -16.665   -16.670   23.000   
28.200   28.540   -0.244   -16.665   -16.670   21.000   
28.100   28.440   -0.244   -16.665   -16.670   31.000   
28.035   28.370   -0.244   -16.665   -16.670   21.000   
27.965   28.270   -0.244   -16.665   -16.670   20.000   
27.865   28.205   -0.244   -16.665   -16.670   25.000   
27.800   28.140   -0.244   -16.665   -16.670   26.000   
27.700   28.040   -0.244   -16.665   -16.680   14.000   
27.635   27.970   -0.244   -16.665   -16.660   24.000   
27.535   27.870   -0.244   -16.665   -16.680   15.000   
27.465   27.805   -0.244   -16.665   -16.660   22.000   
27.365   27.705   -0.244   -16.665   -16.670   19.000   
27.300   27.640   -0.244   -16.665   -16.670   19.000   
27.235   27.540   -0.244   -16.665   -16.660   28.000   
27.135   27.470   -0.244   -16.665   -16.680   36.000   
27.065   27.405   -0.244   -16.665   -16.660   42.000   
26.965   27.305   -0.244   -16.665   -16.670   30.000   
26.900   27.240   -0.244   -16.665   -16.670   29.000   
26.800   27.140   -0.244   -16.665   -16.670   33.000   
26.735   27.070   -0.244   -16.665   -16.670   40.000   
26.635   26.970   -0.244   -16.665   -16.660   41.000   
26.565   26.905   -0.244   -16.665   -16.670   31.000   
26.500   26.840   -0.244   -16.665   -16.670   30.000   
26.400   26.740   -0.244   -16.665   -16.680   30.000   
26.335   26.670   -0.244   -16.665   -16.660   34.000   
26.235   26.570   -0.244   -16.665   -16.670   23.000   
26.165   26.505   -0.244   -16.665   -16.660   21.000   
26.065   26.405   -0.244   -16.665   -16.680   27.000   
26.000   26.340   -0.244   -16.665   -16.670   35.000   
25.900   26.240   -0.244   -16.665   -16.670   39.000   
25.835   26.170   -0.244   -16.665   -16.670   42.000   
25.765   26.105   -0.244   -16.665   -16.670   29.000   
25.665   26.005   -0.244   -16.665   -16.670   39.000   
25.600   25.940   -0.244   -16.665   -16.670   31.000   
25.500   25.840   -0.244   -16.665   -16.670   38.000   
25.435   25.770   -0.244   -16.665   -16.660   38.000   
25.335   25.670   -0.244   -16.665   -16.670   34.000   
25.265   25.605   -0.244   -16.665   -16.670   41.000   
25.200   25.505   -0.244   -16.665   -16.670   29.000   
25.100   25.440   -0.244   -16.665   -16.670   23.000   
25.035   25.370   -0.244   -16.665   -16.660   27.000   
24.935   25.270   -0.244   -16.665   -16.680   41.000   
24.865   25.205   -0.244   -16.665   -16.660   31.000   
24.765   25.105   -0.244   -16.665   -16.670   31.000   
24.700   25.040   -0.244   -16.665   -16.670   29.000   
24.600   24.940   -0.244   -16.665   -16.670   32.000   
24.535   24.870   -0.244   -16.665   -16.670   42.000   
24.465   24.770   -0.244   -16.665   -16.670   36.000   
24.365   24.705   -0.244   -16.665   -16.670   33.000   
24.300   24.640   -0.244   -16.665   -16.660   16.000   
24.200   24.540   -0.244   -16.665   -16.670   35.000   
24.135   24.470   -0.244   -16.665   -16.670   26.000   
24.035   24.370   -0.244   -16.665   -16.670   31.000   
23.965   24.305   -0.244   -16.665   -16.660   41.000   
23.865   24.205   -0.244   -16.665   -16.680   38.000   
23.800   24.140   -0.244   -16.665   -16.670   35.000   
23.735   24.070   -0.244   -16.665   -16.660   31.000   
23.635   23.970   -0.244   -16.665   -16.670   25.000   
23.565   23.905   -0.244   -16.665   -16.670   42.000   
23.465   23.805   -0.244   -16.665   -16.670   47.000   
23.400   23.740   -0.244   -16.665   -16.660   38.000   
23.300   23.640   -0.244   -16.665   -16.660   34.000   
23.235   23.570   -0.244   -16.665   -16.670   28.000   
23.135   23.470   -0.244   -16.665   -16.670   33.000   
23.065   23.405   -0.244   -16.665   -16.670   29.000   
23.000   23.340   -0.244   -16.665   -16.670   43.000   
22.900   23.240   -0.244   -16.665   -16.670   32.000   
22.835   23.170   -0.244   -16.665   -16.670   30.000   
22.735   23.070   -0.244   -16.665   -16.660   31.000   
22.665   23.005   -0.244   -16.665   -16.670   24.000   
22.565   22.905   -0.244   -16.665   -16.670   27.000   
22.500   22.840   -0.244   -16.665   -16.670   36.000   
22.435   22.740   -0.244   -16.665   -16.670   42.000   
22.335   22.670   -0.244   -16.665   -16.670   48.000   
22.265   22.605   -0.244   -16.665   -16.670   35.000   
22.165   22.505   -0.244   -16.665   -16.670   28.000   
22.100   22.440   -0.244   -16.665   -16.670   41.000   
22.000   22.340   -0.244   -16.665   -16.670   43.000   
21.935   22.270   -0.244   -16.665   -16.670   46.000   
21.835   22.170   -0.244   -16.665   -16.670   41.000   
21.765   22.105   -0.244   -16.665   -16.670   40.000   
21.700   22.005   -0.244   -16.665   -16.660   29.000   
21.600   21.940   -0.244   -16.665   -16.670   32.000   
21.535   21.870   -0.244   -16.665   -16.670   35.000   
21.435   21.770   -0.244   -16.665   -16.670   34.000   
21.365   21.705   -0.244   -16.665   -16.670   39.000   
21.265   21.605   -0.244   -16.665   -16.670   46.000   
21.200   21.540   -0.244   -16.665   -16.660   27.000   
21.100   21.440   -0.244   -16.665   -16.670   30.000   
21.035   21.370   -0.244   -16.665   -16.670   30.000   
20.965   21.270   -0.244   -16.665   -16.670   45.000   
20.865   21.205   -0.244   -16.665   -16.670   48.000   
20.800   21.140   -0.244   -16.665   -16.670   35.000   
20.700   21.040   -0.244   -16.665   -16.660   32.000   
20.635   20.970   -0.244   -16.665   -16.680   31.000   
20.535   20.870   -0.244   -16.665   -16.660   6.000   
20.470   20.805   -0.243   -16.665   -16.670   13.000   
20.370   20.705   -0.243   -16.665   -16.650   -19.000   
20.300   20.640   -0.243   -16.665   -16.570   38.000   
20.235   20.570   -0.244   -15.415   -16.530   43.000   
20.160   20.475   -0.242   -9.165   -16.570   33.000   
20.135   20.405   -0.232   -4.995   -16.580   66.000   
20.120   20.305   -0.189   0.000   -16.570   -81.000   
20.120   20.245   -0.142   0.000   -15.835   -339.000   
20.120   20.165   -0.061   0.000   -13.910   -711.000   
20.120   20.130   -0.018   0.000   -10.840   -895.000   
20.120   20.105   0.014   0.000   -3.100   -775.000   
20.120   20.105   0.017   0.000   -0.215   -449.000   
20.120   20.110   0.009   0.000   1.215   -54.000   
20.120   20.115   0.004   0.000   1.470   113.000   
20.120   20.120   0.001   0.000   1.020   132.000   
20.120   20.120   -0.000   0.000   0.130   29.000   
20.120   20.120   -0.000   0.000   0.020   18.000   
20.120   20.120   -0.000   0.000   -0.060   -27.000   
20.120   20.120   -0.000   0.000   -0.010   -5.000   
20.120   20.120   0.000   0.000   0.000   -1.000   
20.120   20.120   0.000   0.000   0.000   4.000   
20.120   20.120   0.000   0.000   0.000   -4.000   
20.120   20.120   0.000   0.000   0.000   -10.000   
20.120   20.120   0.000   0.000   0.000   -1.000   
20.120   20.120   0.000   0.000   0.000   -1.000   
20.120   20.120   0.000   0.000   0.000   -1.000   
20.120   20.120   0.000   0.000   0.000   -2.000   
20.120   20.120   0.000   0.000   0.000   -3.000   
20.120   20.120   0.000   0.000   0.000   -2.000   
20.120   20.120   0.000   0.000   0.000   -4.000   
20.120   20.120   0.000   0.000   0.000   -5.000   
20.120   20.120   0.000   0.000   0.000   -4.000   
20.120   20.120   0.000   0.000   0.000   -6.000   
20.120   20.120   0.000   0.000   0.000   5.000   
20.120   20.120   0.000   0.000   0.000   3.000   
20.120   20.120   0.000   0.000   0.000   0.000   
20.120   20.120   0.000   0.000   0.000   0.000   
20.120   20.120   0.000   0.000   0.000   -7.000   
20.120   20.120   0.000   0.000   0.000   -7.000   
20.120   20.120   0.000   0.000   0.000   -3.000   
20.120   20.120   0.000   0.000   0.000   -2.000   
20.120   20.120   0.000   0.000   0.000   1.000   
20.120   20.120   0.000   0.000   0.000   -5.000   
20.120   20.120   0.000   0.000   0.000   -7.000   
20.120   20.120   0.000   0.000   0.000   -5.000   
20.120   20.120   0.000   0.000   0.000   -1.000   
20.120   20.120   0.000   0.000   0.000   0.000   
20.120   20.120   0.000   0.000   0.000   0.000   
20.120   20.120   0.000   0.000   0.000   2.000   
20.120   20.120   0.000   0.000   0.000   -4.000   
20.120   20.120   0.000   0.000   0.000   -4.000   
20.120   20.120   0.000   0.000   0.000   -7.000   
20.120   20.120   0.000   0.000   0.000   -7.000   
20.120   20.120   0.000   0.000   0.000   -6.000   
20.120   20.120   0.000   0.000   0.000   -3.000   
20.120   20.120   0.000   0.000   0.000   0.000   
20.120   20.120   0.000   0.000   0.000   0.000   
20.120   20.120   0.000   0.000   0.000   0.000   
20.120   20.120   0.000   0.000   0.000   -1.000   
20.120   20.120   0.000   0.000   0.000   -5.000   
20.120   20.120   0.000   0.000   0.000   -4.000   
20.120   20.120   0.000   0.000   0.000   -1.000   
20.120   20.120   0.000   0.000   0.000   -3.000   
20.120   20.120   0.000   0.000   0.000   0.000   
20.120   20.120   0.000   0.000   0.000   1.000   
20.120   20.120   0.000   0.000   0.000   -4.000   
20.120   20.120   0.000   0.000   0.000   -1.000   
20.120   20.120   0.000   0.000   0.000   0.000   
20.120   20.120   0.000   0.000   0.000   -1.000   
20.120   20.120   0.000   0.000   0.000   -1.000   
20.120   20.120   0.000   0.000   0.000   0.000   
20.120   20.120   0.000   0.000   0.000   -1.000   
20.120   20.120   0.000   0.000   0.000   -1.000   
20.120   20.120   0.000   0.000   0.000   -4.000   
20.120   20.120   0.000   0.000   0.000   -3.000   
20.120   20.120   0.000   0.000   0.000   -5.000   
20.120   20.120   0.000   0.000   0.000   -2.000   
20.120   20.120   0.000   0.000   0.000   1.000   
20.120   20.120   0.000   0.000   0.000   3.000   
20.120   20.120   0.000   0.000   0.000   0.000   
20.120   20.120   0.000   0.000   0.000   -2.000   
20.120   20.120   0.000   0.000   0.000   0.000   
20.120   20.120   0.000   0.000   0.000   -2.000   
20.120   20.120   0.000   0.000   0.000   -3.000   
20.120   20.120   0.000   0.000   0.000   -3.000   
20.120   20.120   0.000   0.000   0.000   -2.000   
20.120   20.120   0.000   0.000   0.000   -4.000   
20.120   20.120   0.000   0.000   0.000   2.000   
20.120   20.120   0.000   0.000   0.000   3.000   
20.120   20.120   0.000   0.000   0.000   -3.000   
20.120   20.120   0.000   0.000   0.000   -3.000   
20.120   20.120   0.000   0.000   0.000   1.000   
20.120   20.120   0.000   0.000   0.000   -4.000   
20.120   20.120   0.000   0.000   0.000   1.000   
20.120   20.120   0.000   0.000   0.000   -2.000   
20.120   20.120   0.000   0.000   0.000   -4.000   
20.120   20.120   0.000   0.000   0.000   -5.000   
20.120   20.120   0.000   0.000   0.000   -2.000   
20.120   20.120   0.000   0.000   0.000   -3.000   
20.120   20.120   0.000   0.000   0.000   0.000   
20.120   20.120   0.000   0.000   0.000   0.000   
20.120   20.120   0.000   0.000   0.000   -1.000   
20.120   20.120   0.000   0.000   0.000   -2.000   
20.120   20.120   0.000   0.000   0.000   0.000   
20.120   20.120   0.000   0.000   0.000   0.000   
20.120   20.120   0.000   0.000   0.000   -4.000   
20.120   20.120   0.000   0.000   0.000   -2.000   
20.120   20.120   0.000   0.000   0.000   -2.000   
20.120   20.120   0.000   0.000   0.000   -2.000   
20.120   20.120   0.000   0.000   0.000   -1.000   
20.120   20.120   0.000   0.000   0.000   1.000   
20.120   20.120   0.000   0.000   0.000   -1.000   
20.120   20.120   0.000   0.000   0.000   1.000   
20.120   20.120   0.000   0.000   0.000   -3.000   
20.120   20.120   0.000   0.000   0.000   0.000   
20.120   20.120   0.000   0.000   0.000   -1.000   
20.120   20.120   0.000   0.000   0.000   -3.000   
20.120   20.120   0.000   0.000   0.000   0.000   
20.120   20.120   0.000   0.000   0.000   0.000   
20.120   20.120   0.000   0.000   0.000   -1.000   
20.120   20.120   0.000   0.000   0.000   -1.000   
20.120   20.120   0.000   0.000   0.000   1.000   
20.120   20.120   0.000   0.000   0.000   -3.000   
20.120   20.120   0.000   0.000   0.000   0.000   
20.120   20.120   0.000   0.000   0.000   -4.000   
20.120   20.120   0.000   0.000   0.000   -8.000   
20.120   20.120   0.000   0.000   0.000   -8.000   
20.120   20.120   0.000   0.000   0.000   -7.000   
20.120   20.120   0.000   0.000   0.000   -5.000   
20.120   20.120   0.000   0.000   0.000   -5.000   
20.120   20.120   0.000   0.000   0.000   -8.000   
20.120   20.120   0.000   0.000   0.000   -10.000   
20.120   20.120   0.000   0.000   0.000   -8.000   
20.120   20.120   0.000   0.000   0.000   -8.000   
20.120   20.120   0.000   0.000   0.000   -10.000   
20.120   20.120   0.000   0.000   0.000   -7.000   
20.120   20.120   0.000   0.000   0.000   -7.000   
20.120   20.120   0.000   0.000   0.000   -7.000   
20.120   20.120   0.000   0.000   0.000   -7.000   
20.120   20.120   0.000   0.000   0.000   -8.000   
20.120   20.120   0.000   0.000   0.000   -6.000   
20.120   20.120   0.000   0.000   0.000   -8.000   
20.120   20.120   0.000   0.000   0.000   -9.000   
20.120   20.120   0.000   0.000   0.000   -7.000   
20.120   20.120   0.000   0.000   0.000   -6.000   
20.120   20.120   0.000   0.000   0.000   -7.000   
20.120   20.120   0.000   0.000   0.000   -11.000   
20.120   20.120   0.000   0.000   0.000   -9.000   
20.120   20.120   0.000   0.000   0.000   -9.000   
20.120   20.120   0.000   0.000   0.000   -7.000   
20.120   20.120   0.000   0.000   0.000   -7.000   
20.120   20.120   0.000   0.000   0.000   -5.000   
20.120   20.120   0.000   0.000   0.000   -6.000   
20.120   20.120   0.000   0.000   0.000   -7.000   
20.120   20.120   0.000   0.000   0.000   -6.000   
20.120   20.120   0.000   0.000   0.000   -7.000   
20.120   20.120   0.000   0.000   0.000   -5.000   
20.120   20.120   0.000   0.000   0.000   -8.000   
20.120   20.120   0.000   0.000   0.000   -6.000   
20.120   20.120   0.000   0.000   0.000   -8.000   
20.120   20.120   0.000   0.000   0.000   -10.000   
20.120   20.120   0.000   0.000   0.000   -8.000   
20.120   20.120   0.000   0.000   0.000   -7.000   
20.120   20.120   0.000   0.000   0.000   -8.000   
20.120   20.120   0.000   0.000   0.000   -7.000   
20.120   20.120   0.000   0.000   0.000   -4.000   
20.120   20.120   0.000   0.000   0.000   -9.000   
20.120   20.120   0.000   0.000   0.000   -1.000   
20.120   20.120   0.000   0.000   0.000   -2.000   
20.120   20.120   0.000   0.000   0.000   -1.000   
20.120   20.120   0.000   0.000   0.000   1.000   
20.120   20.120   0.000   0.000   0.000   0.000   
20.120   20.120   0.000   0.000   0.000   -1.000   
20.120   20.120   0.000   0.000   0.000   1.000   
20.120   20.120   0.000   0.000   0.000   -1.000   
20.120   20.120   0.000   0.000   0.000   1.000   
20.120   20.120   0.000   0.000   0.000   3.000   
20.120   20.120   0.000   0.000   0.000   2.000   
20.120   20.120   0.000   0.000   0.000   0.000   
20.120   20.120   0.000   0.000   0.000   0.000   
20.120   20.120   0.000   0.000   0.000   -3.000   
20.120   20.120   0.000   0.000   0.000   -4.000   
20.120   20.120   0.000   0.000   0.000   -2.000   
20.120   20.120   0.000   0.000   0.000   -2.000   
20.120   20.120   0.000   0.000   0.000   1.000   
20.120   20.120   0.000   0.000   0.000   -1.000   
20.120   20.120   0.000   0.000   0.000   -1.000   
20.120   20.120   0.000   0.000   0.000   -1.000   
20.120   20.120   0.000   0.000   0.000   -1.000   
20.120   20.120   0.000   0.000   0.000   -1.000   
20.120   20.120   0.000   0.000   0.000   -1.000   
20.120   20.120   0.000   0.000   0.000   -1.000   
20.120   20.120   0.000   0.000   0.000   -1.000   
20.120   20.120   0.000   0.000   0.000   -1.000   
20.120   20.120   0.000   0.000   0.000   0.000   
20.120   20.120   0.000   0.000   0.000   -1.000   
20.120   20.120   0.000   0.000   0.000   1.000   
20.120   20.120   0.000   0.000   0.000   -1.000   
20.120   20.120   0.000   0.000   0.000   0.000   
20.120   20.120   0.000   0.000   0.000   -2.000   
20.120   20.120   0.000   0.000   0.000   -4.000   
20.120   20.120   0.000   0.000   0.000   0.000   
20.120   20.120   0.000   0.000   0.000   -1.000   
20.120   20.120   0.000   0.000   0.000   -1.000   
20.120   20.120   0.000   0.000   0.000   -1.000   
20.120   20.120   0.000   0.000   0.000   2.000   
20.120   20.120   0.000   0.000   0.000   0.000   
20.120   20.120   0.000   0.000   0.000   -2.000   
20.120   20.120   0.000   0.000   0.000   3.000   
20.120   20.120   0.000   0.000   0.000   -1.000   
20.120   20.120   0.000   0.000   0.000   0.000   
20.120   20.120   0.000   0.000   0.000   3.000   
20.120   20.120   0.000   0.000   0.000   0.000   
20.120   20.120   0.000   0.000   0.000   -4.000   
20.120   20.120   0.000   0.000   0.000   0.000   
20.120   20.120   0.000   0.000   0.000   -3.000   
20.120   20.120   0.000   0.000   0.000   -1.000   
20.120   20.120   0.000   0.000   0.000   -2.000   
20.120   20.120   0.000   0.000   0.000   -2.000   
20.120   20.120   0.000   0.000   0.000   1.000   
20.120   20.120   0.000   0.000   0.000   -1.000   
20.120   20.120   0.000   0.000   0.000   -1.000   
20.120   20.120   0.000   0.000   0.000   -1.000   
20.120   20.120   0.000   0.000   0.000   -1.000   
20.120   20.120   0.000   0.000   0.000   -3.000   
20.120   20.120   0.000   0.000   0.000   2.000   
20.120   20.120   0.000   0.000   0.000   -3.000   
20.120   20.120   0.000   0.000   0.000   -3.000   
20.120   20.120   0.000   0.000   0.000   -3.000   
20.120   20.120   0.000   0.000   0.000   -1.000   
20.120   20.120   0.000   0.000   0.000   -2.000   
20.120   20.120   0.000   0.000   0.000   0.000   
20.120   20.120   0.000   0.000   0.000   -4.000   
20.120   20.120   0.000   0.000   0.000   -2.000   
20.120   20.120   0.000   0.000   0.000   -2.000   
20.120   20.120   0.000   0.000   0.000   -1.000   
20.120   20.120   0.000   0.000   0.000   -1.000   
20.120   20.120   0.000   0.000   0.000   -5.000   
20.120   20.120   0.000   0.000   0.000   -1.000   
20.120   20.120   0.000   0.000   0.000   -1.000   
20.120   20.120   0.000   0.000   0.000   -3.000   
20.120   20.120   0.000   0.000   0.000   -3.000   
20.120   20.120   0.000   0.000   0.000   -1.000   
20.120   20.120   0.000   0.000   0.000   -2.000   
20.120   20.120   0.000   0.000   0.000   -1.000   
20.120   20.120   0.000   0.000   0.000   1.000   
20.120   20.120   0.000   0.000   0.000   0.000   
20.120   20.120   0.000   0.000   0.000   0.000   
20.120   20.120   0.000   0.000   0.000   -2.000   
20.120   20.120   0.000   0.000   0.000   -2.000   
20.120   20.120   0.000   0.000   0.000   -3.000   
20.120   20.120   0.000   0.000   0.000   -1.000   
20.120   20.120   0.000   0.000   0.000   -3.000   
20.120   20.120   0.000   0.000   0.000   -4.000   
20.120   20.120   0.000   0.000   0.000   -3.000   
20.120   20.120   0.000   0.000   0.000   0.000   
20.120   20.120   0.000   0.000   0.000   4.000   
20.120   20.120   0.000   0.000   0.000   -1.000   
20.120   20.120   0.000   0.000   0.000   0.000   
20.120   20.120   0.000   0.000   0.000   -2.000   
20.120   20.120   0.000   0.000   0.000   0.000   
20.120   20.120   0.000   0.000   0.000   -1.000   
20.120   20.120   0.000   0.000   0.000   -1.000   
20.120   20.120   0.000   0.000   0.000   0.000   
20.120   20.120   0.000   0.000   0.000   -2.000   
20.120   20.120   0.000   0.000   0.000   -1.000   
20.120   20.120   0.000   0.000   0.000   -4.000   
20.120   20.120   0.000   0.000   0.000   -1.000   
20.120   20.120   0.000   0.000   0.000   0.000   
20.120   20.120   0.000   0.000   0.000   -2.000   
20.120   20.120   0.000   0.000   0.000   -3.000   
20.120   20.120   0.000   0.000   0.000   -3.000   
20.120   20.120   0.000   0.000   0.000   -1.000   
20.120   20.120   0.000   0.000   0.000   0.000   
20.120   20.120   0.000   0.000   0.000   -1.000   
20.120   20.120   0.000   0.000   0.000   -1.000   
20.120   20.120   0.000   0.000   0.000   1.000   
20.120   20.120   0.000   0.000   0.000   2.000   
20.120   20.120   0.000   0.000   0.000   2.000   
20.120   20.120   0.000   0.000   0.000   0.000   
20.120   20.120   0.000   0.000   0.000   0.000   
20.120   20.120   0.000   0.000   0.000   -2.000   
20.120   20.120   0.000   0.000   0.000   1.000   
20.120   20.120   0.000   0.000   0.000   1.000   
20.120   20.120   0.000   0.000   0.000   2.000   
20.120   20.120   0.000   0.000   0.000   0.000   
20.120   20.120   0.000   0.000   0.000   0.000   
20.120   20.120   0.000   0.000   0.000   -1.000   
20.120   20.120   0.000   0.000   0.000   1.000   
20.120   20.120   0.000   0.000   0.000   3.000   
20.120   20.120   0.000   0.000   0.000   5.000   
20.120   20.120   0.000   0.000   0.000   2.000   
20.120   20.120   0.000   0.000   0.000   -3.000   
20.120   20.120   0.000   0.000   0.000   5.000   
20.120   20.120   0.000   0.000   0.000   7.000   
20.120   20.120   0.000   0.000   0.000   9.000   
20.120   20.120   0.000   0.000   0.000   9.000   
20.120   20.120   0.000   0.000   0.000   10.000   
20.120   20.120   0.000   0.000   0.000   7.000   
20.120   20.120   0.000   0.000   0.000   9.000   
20.120   20.120   0.000   0.000   0.000   9.000   
20.120   20.120   0.000   0.000   0.000   10.000   
20.120   20.120   0.000   0.000   0.000   8.000   
20.120   20.120   0.000   0.000   0.000   8.000   
20.120   20.120   0.000   0.000   0.000   10.000   
20.120   20.120   0.000   0.000   0.000   7.000   
20.120   20.120   0.000   0.000   0.000   5.000   
20.120   20.120   0.000   0.000   0.000   7.000   
20.120   20.120   0.000   0.000   0.000   7.000   
20.120   20.120   0.000   0.000   0.000   9.000   
20.120   20.120   0.000   0.000   0.000   8.000   
20.120   20.120   0.000   0.000   0.000   6.000   
20.120   20.120   0.000   0.000   0.000   8.000   
20.120   20.120   0.000   0.000   0.000   5.000   
20.120   20.120   0.000   0.000   0.000   5.000   
20.120   20.120   0.000   0.000   0.000   5.000   
20.120   20.120   0.000   0.000   0.000   8.000   
20.120   20.120   0.000   0.000   0.000   4.000   
20.120   20.120   0.000   0.000   0.000   -4.000   
20.120   20.120   0.000   0.000   0.000   5.000   
20.120   20.120   0.000   0.000   0.000   7.000   
20.120   20.120   0.000   0.000   0.000   5.000   
20.120   20.120   0.000   0.000   0.000   5.000   
20.120   20.120   0.000   0.000   0.000   7.000   
20.120   20.120   0.000   0.000   0.000   5.000   
20.120   20.120   0.000   0.000   0.000   5.000   
20.120   20.120   0.000   0.000   0.000   7.000   
20.120   20.120   0.000   0.000   0.000   5.000   
20.120   20.120   0.000   0.000   0.000   6.000   
20.120   20.120   0.000   0.000   0.000   5.000   
20.120   20.120   0.000   0.000   0.000   4.000   
20.120   20.120   0.000   0.000   0.000   6.000   
20.120   20.120   0.000   0.000   0.000   6.000   
20.120   20.120   0.000   0.000   0.000   4.000   
20.120   20.120   0.000   0.000   0.000   8.000   
20.120   20.120   0.000   0.000   0.000   0.000   
20.120   20.120   0.000   0.000   0.000   0.000   
20.120   20.120   0.000   0.000   0.000   -1.000   
20.120   20.120   0.000   0.000   0.000   0.000   
20.120   20.120   0.000   0.000   0.000   -3.000   
20.120   20.120   0.000   0.000   0.000   -2.000   
20.120   20.120   0.000   0.000   0.000   -4.000   
20.120   20.120   0.000   0.000   0.000   -1.000   
20.120   20.120   0.000   0.000   0.000   -3.000   
20.120   20.120   0.000   0.000   0.000   -3.000   
20.120   20.120   0.000   0.000   0.000   -2.000   
20.120   20.120   0.000   0.000   0.000   0.000   
20.120   20.120   0.000   0.000   0.000   -3.000   
20.120   20.120   0.000   0.000   0.000   0.000   
20.120   20.120   0.000   0.000   0.000   -1.000   
20.120   20.120   0.000   0.000   0.000   0.000   
20.120   20.120   0.000   0.000   0.000   -3.000   
20.120   20.120   0.000   0.000   0.000   -1.000   
20.120   20.120   0.000   0.000   0.000   -2.000   
20.120   20.120   0.000   0.000   0.000   -2.000   
20.120   20.120   0.000   0.000   0.000   2.000   
20.120   20.120   0.000   0.000   0.000   -1.000   
20.120   20.120   0.000   0.000   0.000   -3.000   
20.120   20.120   0.000   0.000   0.000   0.000   
20.120   20.120   0.000   0.000   0.000   -1.000   
20.120   20.120   0.000   0.000   0.000   -2.000   
20.120   20.120   0.000   0.000   0.000   -1.000   
20.120   20.120   0.000   0.000   0.000   0.000   
20.120   20.120   0.000   0.000   0.000   -2.000   
20.120   20.120   0.000   0.000   0.000   -5.000   
20.120   20.120   0.000   0.000   0.000   -4.000   
20.120   20.120   0.000   0.000   0.000   -3.000   
20.120   20.120   0.000   0.000   0.000   -1.000   
20.120   20.120   0.000   0.000   0.000   -1.000   
20.120   20.120   0.000   0.000   0.000   -1.000   
20.120   20.120   0.000   0.000   0.000   -1.000   
20.120   20.120   0.000   0.000   0.000   -4.000   
20.120   20.120   0.000   0.000   0.000   -1.000   
20.120   20.120   0.000   0.000   0.000   -2.000   
20.120   20.120   0.000   0.000   0.000   -3.000   
20.120   20.120   0.000   0.000   0.000   -2.000   
20.120   20.120   0.000   0.000   0.000   -1.000   
20.120   20.120   0.000   0.000   0.000   -3.000   
20.120   20.120   0.000   0.000   0.000   2.000   
20.120   20.120   0.000   0.000   0.000   0.000   
20.120   20.120   0.000   0.000   0.000   -1.000   
20.120   20.120   0.000   0.000   0.000   1.000   
20.120   20.120   0.000   0.000   0.000   0.000   
20.120   20.120   0.000   0.000   0.000   0.000   
20.120   20.120   0.000   0.000   0.000   1.000   
20.120   20.120   0.000   0.000   0.000   -1.000   
20.120   20.120   0.000   0.000   0.000   -1.000   
20.120   20.120   0.000   0.000   0.000   -1.000   
20.120   20.120   0.000   0.000   0.000   0.000   
20.120   20.120   0.000   0.000   0.000   -1.000   
20.120   20.120   0.000   0.000   0.000   0.000   
20.120   20.120   0.000   0.000   0.000   -1.000   
20.120   20.120   0.000   0.000   0.000   -1.000   
20.120   20.120   0.000   0.000   0.000   0.000   
20.120   20.120   0.000   0.000   0.000   2.000   
20.120   20.120   0.000   0.000   0.000   4.000   
20.120   20.120   0.000   0.000   0.000   0.000   
20.120   20.120   0.000   0.000   0.000   -3.000   
20.120   20.120   0.000   0.000   0.000   -3.000   
20.120   20.120   0.000   0.000   0.000   1.000   
20.120   20.120   0.000   0.000   0.000   -1.000   
20.120   20.120   0.000   0.000   0.000   -3.000   
20.120   20.120   0.000   0.000   0.000   0.000   
20.120   20.120   0.000   0.000   0.000   -1.000   
20.120   20.120   0.000   0.000   0.000   -1.000   
20.120   20.120   0.000   0.000   0.000   0.000   
20.120   20.120   0.000   0.000   0.000   -5.000   
20.120   20.120   0.000   0.000   0.000   -2.000   
20.120   20.120   0.000   0.000   0.000   -1.000   
20.120   20.120   0.000   0.000   0.000   -4.000   
20.120   20.120   0.000   0.000   0.000   -1.000   
20.120   20.120   0.000   0.000   0.000   0.000   
20.120   20.120   0.000   0.000   0.000   -2.000   
20.120   20.120   0.000   0.000   0.000   -2.000   
20.120   20.120   0.000   0.000   0.000   -1.000   
20.120   20.120   0.000   0.000   0.000   -1.000   
20.120   20.120   0.000   0.000   0.000   0.000   
20.120   20.120   0.000   0.000   0.000   0.000   
20.120   20.120   0.000   0.000   0.000   -4.000   
20.120   20.120   0.000   0.000   0.000   2.000   
20.120   20.120   0.000   0.000   0.000   -2.000   
20.120   20.120   0.000   0.000   0.000   1.000   
20.120   20.120   0.000   0.000   0.000   1.000   
20.120   20.120   0.000   0.000   0.000   0.000   
20.120   20.120   0.000   0.000   0.000   1.000   
20.120   20.120   0.000   0.000   0.000   -3.000   
20.120   20.120   0.000   0.000   0.000   -2.000   
20.120   20.120   0.000   0.000   0.000   1.000   
20.120   20.120   0.000   0.000   0.000   -2.000   
20.120   20.120   0.000   0.000   0.000   0.000   
20.120   20.120   0.000   0.000   0.000   0.000   
20.120   20.120   0.000   0.000   0.000   2.000   
20.120   20.120   0.000   0.000   0.000   1.000   
20.120   20.120   0.000   0.000   0.000   -3.000   
20.120   20.120   0.000   0.000   0.000   0.000   
20.120   20.120   0.000   0.000   0.000   1.000   
20.120   20.120   0.000   0.000   0.000   -3.000   
20.120   20.120   0.000   0.000   0.000   -1.000   
20.120   20.120   0.000   0.000   0.000   -1.000   
20.120   20.120   0.000   0.000   0.000   0.000   
20.120   20.120   0.000   0.000   0.000   -4.000   
20.120   20.120   0.000   0.000   0.000   -4.000   
20.120   20.120   0.000   0.000   0.000   1.000   
20.120   20.120   0.000   0.000   0.000   -1.000   
20.120   20.120   0.000   0.000   0.000   -1.000   
20.120   20.120   0.000   0.000   0.000   1.000   
20.120   20.120   0.000   0.000   0.000   -4.000   
20.120   20.120   0.000   0.000   0.000   0.000   
20.120   20.120   0.000   0.000   0.000   -3.000   
20.120   20.120   0.000   0.000   0.000   -5.000   
20.120   20.120   0.000   0.000   0.000   -3.000   
20.120   20.120   0.000   0.000   0.000   -1.000   
20.120   20.120   0.000   0.000   0.000   0.000   
20.120   20.120   0.000   0.000   0.000   0.000   
20.120   20.120   0.000   0.000   0.000   -1.000   
20.120   20.120   0.000   0.000   0.000   -1.000   
20.120   20.120   0.000   0.000   0.000   0.000   
20.120   20.120   0.000   0.000   0.000   -7.000   
20.120   20.120   0.000   0.000   0.000   -3.000   
20.120   20.120   0.000   0.000   0.000   0.000   
20.120   20.120   0.000   0.000   0.000   -9.000   
20.120   20.120   0.000   0.000   0.000   -7.000   
20.120   20.120   0.000   0.000   0.000   -7.000   
20.120   20.120   0.000   0.000   0.000   -7.000   
20.120   20.120   0.000   0.000   0.000   -10.000   
20.120   20.120   0.000   0.000   0.000   -6.000   
20.120   20.120   0.000   0.000   0.000   -6.000   
20.120   20.120   0.000   0.000   0.000   -7.000   
20.120   20.120   0.000   0.000   0.000   -8.000   
20.120   20.120   0.000   0.000   0.000   -6.000   
20.120   20.120   0.000   0.000   0.000   -7.000   
20.120   20.120   0.000   0.000   0.000   -8.000   
20.120   20.120   0.000   0.000   0.000   -9.000   
20.120   20.120   0.000   0.000   0.000   -8.000   
20.120   20.120   0.000   0.000   0.000   -8.000   
20.120   20.120   0.000   0.000   0.000   -10.000   
20.120   20.120   0.000   0.000   0.000   -9.000   
20.120   20.120   0.000   0.000   0.000   -8.000   
20.120   20.120   0.000   0.000   0.000   -10.000   
20.120   20.120   0.000   0.000   0.000   -10.000   
20.120   20.120   0.000   0.000   0.000   -9.000   
20.120   20.120   0.000   0.000   0.000   -9.000   
20.120   20.120   0.000   0.000   0.000   -8.000   
20.120   20.120   0.000   0.000   0.000   -7.000   
20.120   20.120   0.000   0.000   0.000   -7.000   
20.120   20.120   0.000   0.000   0.000   -5.000   
20.120   20.120   0.000   0.000   0.000   -9.000   
20.120   20.120   0.000   0.000   0.000   -11.000   
20.120   20.120   0.000   0.000   0.000   -10.000   
20.120   20.120   0.000   0.000   0.000   -7.000   
20.120   20.120   0.000   0.000   0.000   -11.000   
20.120   20.120   0.000   0.000   0.000   -8.000   
20.120   20.120   0.000   0.000   0.000   -9.000   
20.120   20.120   0.000   0.000   0.000   -9.000   
20.120   20.120   0.000   0.000   0.000   -7.000   
20.120   20.120   0.000   0.000   0.000   -10.000   
20.120   20.120   0.000   0.000   0.000   -10.000   
20.120   20.120   0.000   0.000   0.000   -7.000   
20.120   20.120   0.000   0.000   0.000   -9.000   
20.120   20.120   0.000   0.000   0.000   -7.000   
20.120   20.120   0.000   0.000   0.000   -8.000   
20.120   20.120   0.000   0.000   0.000   -9.000   
20.120   20.120   0.000   0.000   0.000   -1.000   
20.120   20.120   0.000   0.000   0.000   1.000   
20.120   20.120   0.000   0.000   0.000   -2.000   
20.120   20.120   0.000   0.000   0.000   1.000   
20.120   20.120   0.000   0.000   0.000   -2.000   
20.120   20.120   0.000   0.000   0.000   -1.000   
20.120   20.120   0.000   0.000   0.000   -3.000   
20.120   20.120   0.000   0.000   0.000   -1.000   
20.120   20.120   0.000   0.000   0.000   -1.000   
20.120   20.120   0.000   0.000   0.000   -1.000   
20.120   20.120   0.000   0.000   0.000   2.000   
20.120   20.120   0.000   0.000   0.000   -1.000   
20.120   20.120   0.000   0.000   0.000   -1.000   
20.120   20.120   0.000   0.000   0.000   -2.000   
20.120   20.120   0.000   0.000   0.000   -1.000   
20.120   20.120   0.000   0.000   0.000   1.000   
20.120   20.120   0.000   0.000   0.000   0.000   
20.120   20.120   0.000   0.000   0.000   1.000   
20.120   20.120   0.000   0.000   0.000   1.000   
20.120   20.120   0.000   0.000   0.000   1.000   
20.120   20.120   0.000   0.000   0.000   -1.000   
20.120   20.120   0.000   0.000   0.000   -2.000   
20.120   20.120   0.000   0.000   0.000   -1.000   
20.120   20.120   0.000   0.000   0.000   0.000   
20.120   20.120   0.000   0.000   0.000   -1.000   
20.120   20.120   0.000   0.000   0.000   0.000   
20.120   20.120   0.000   0.000   0.000   0.000   
20.120   20.120   0.000   0.000   0.000   -1.000   
20.120   20.120   0.000   0.000   0.000   -1.000   
20.120   20.120   0.000   0.000   0.000   0.000   
20.120   20.120   0.000   0.000   0.000   -2.000   
20.120   20.120   0.000   0.000   0.000   -2.000   
20.120   20.120   0.000   0.000   0.000   -1.000   
20.120   20.120   0.000   0.000   0.000   -5.000   
20.120   20.120   0.000   0.000   0.000   -1.000   
20.120   20.120   0.000   0.000   0.000   -1.000   
20.120   20.120   0.000   0.000   0.000   -3.000   
20.120   20.120   0.000   0.000   0.000   -1.000   
20.120   20.120   0.000   0.000   0.000   -1.000   
20.120   20.120   0.000   0.000   0.000   1.000   
20.120   20.120   0.000   0.000   0.000   -2.000   
20.120   20.120   0.000   0.000   0.000   -2.000   
20.120   20.120   0.000   0.000   0.000   -2.000   
20.120   20.120   0.000   0.000   0.000   -2.000   
20.120   20.120   0.000   0.000   0.000   -3.000   
20.120   20.120   0.000   0.000   0.000   0.000   
20.120   20.120   0.000   0.000   0.000   3.000   
20.120   20.120   0.000   0.000   0.000   -2.000   
20.120   20.120   0.000   0.000   0.000   -2.000   
20.120   20.120   0.000   0.000   0.000   0.000   
20.120   20.120   0.000   0.000   0.000   0.000   
20.120   20.120   0.000   0.000   0.000   -2.000   
20.120   20.120   0.000   0.000   0.000   1.000   
20.120   20.120   0.000   0.000   0.000   -3.000   
20.120   20.120   0.000   0.000   0.000   0.000   
20.120   20.120   0.000   0.000   0.000   -1.000   
20.120   20.120   0.000   0.000   0.000   1.000   
20.120   20.120   0.000   0.000   0.000   4.000   
20.120   20.120   0.000   0.000   0.000   -1.000   
20.120   20.120   0.000   0.000   0.000   -1.000   
20.120   20.120   0.000   0.000   0.000   2.000   
20.120   20.120   0.000   0.000   0.000   1.000   
20.120   20.120   0.000   0.000   0.000   1.000   
20.120   20.120   0.000   0.000   0.000   -1.000   
20.120   20.120   0.000   0.000   0.000   -2.000   
20.120   20.120   0.000   0.000   0.000   1.000   
20.120   20.120   0.000   0.000   0.000   -1.000   
20.120   20.120   0.000   0.000   0.000   -2.000   
20.120   20.120   0.000   0.000   0.000   1.000   
20.120   20.120   0.000   0.000   0.000   -2.000   
20.120   20.120   0.000   0.000   0.000   -1.000   
20.120   20.120   0.000   0.000   0.000   -1.000   
20.120   20.120   0.000   0.000   0.000   -1.000   
20.120   20.120   0.000   0.000   0.000   -1.000   
20.120   20.120   0.000   0.000   0.000   -1.000   
20.120   20.120   0.000   0.000   0.000   -2.000   
20.120   20.120   0.000   0.000   0.000   -2.000   
20.120   20.120   0.000   0.000   0.000   -1.000   
20.120   20.120   0.000   0.000   0.000   -2.000   
20.120   20.120   0.000   0.000   0.000   -2.000   
20.120   20.120   0.000   0.000   0.000   -2.000   
20.120   20.120   0.000   0.000   0.000   -1.000   
20.120   20.120   0.000   0.000   0.000   0.000   
20.120   20.120   0.000   0.000   0.000   -1.000   
20.120   20.120   0.000   0.000   0.000   -2.000   
20.120   20.120   0.000   0.000   0.000   -2.000   
20.120   20.120   0.000   0.000   0.000   1.000   
20.120   20.120   0.000   0.000   0.000   0.000   
20.120   20.120   0.000   0.000   0.000   3.000   
20.120   20.120   0.000   0.000   0.000   0.000   
20.120   20.120   0.000   0.000   0.000   0.000   
20.120   20.120   0.000   0.000   0.000   3.000   
20.120   20.120   0.000   0.000   0.000   -2.000   
20.120   20.120   0.000   0.000   0.000   0.000   
20.120   20.120   0.000   0.000   0.000   2.000   
20.120   20.120   0.000   0.000   0.000   -1.000   
20.120   20.120   0.000   0.000   0.000   -1.000   
20.120   20.120   0.000   0.000   0.000   1.000   
20.120   20.120   0.000   0.000   0.000   -1.000   
20.120   20.120   0.000   0.000   0.000   1.000   
20.120   20.120   0.000   0.000   0.000   -1.000   
20.120   20.120   0.000   0.000   0.000   -1.000   
20.120   20.120   0.000   0.000   0.000   1.000   
20.120   20.120   0.000   0.000   0.000   0.000   
20.120   20.120   0.000   0.000   0.000   1.000   
20.120   20.120   0.000   0.000   0.000   1.000   
20.120   20.120   0.000   0.000   0.000   -2.000   
20.120   20.120   0.000   0.000   0.000   -4.000   
20.120   20.120   0.000   0.000   0.000   1.000   
20.120   20.120   0.000   0.000   0.000   -2.000   
20.120   20.120   0.000   0.000   0.000   -1.000   
20.120   20.120   0.000   0.000   0.000   1.000   
20.120   20.120   0.000   0.000   0.000   -2.000   
20.120   20.120   0.000   0.000   0.000   -4.000   
20.120   20.120   0.000   0.000   0.000   2.000   
20.120   20.120   0.000   0.000   0.000   -1.000   
20.120   20.120   0.000   0.000   0.000   -2.000   
20.120   20.120   0.000   0.000   0.000   -2.000   
20.120   20.120   0.000   0.000   0.000   1.000   
20.120   20.120   0.000   0.000   0.000   0.000   
20.120   20.120   0.000   0.000   0.000   -1.000   
20.120   20.120   0.000   0.000   0.000   0.000   
20.120   20.120   0.000   0.000   0.000   0.000   
20.120   20.120   0.000   0.000   0.000   -6.000   
20.120   20.120   0.000   0.000   0.000   -3.000   
20.120   20.120   0.000   0.000   0.000   3.000   
20.120   20.120   0.000   0.000   0.000   8.000   
20.120   20.120   0.000   0.000   0.000   9.000   
20.120   20.120   0.000   0.000   0.000   8.000   
20.120   20.120   0.000   0.000   0.000   9.000   
20.120   20.120   0.000   0.000   0.000   8.000   
20.120   20.120   0.000   0.000   0.000   11.000   
20.120   20.120   0.000   0.000   0.000   9.000   
20.120   20.120   0.000   0.000   0.000   7.000   
20.120   20.120   0.000   0.000   0.000   8.000   
20.120   20.120   0.000   0.000   0.000   8.000   
20.120   20.120   0.000   0.000   0.000   8.000   
20.120   20.120   0.000   0.000   0.000   7.000   
20.120   20.120   0.000   0.000   0.000   11.000   
20.120   20.120   0.000   0.000   0.000   7.000   
20.120   20.120   0.000   0.000   0.000   10.000   
20.120   20.120   0.000   0.000   0.000   10.000   
20.120   20.120   0.000   0.000   0.000   10.000   
20.120   20.120   0.000   0.000   0.000   7.000   
20.120   20.120   0.000   0.000   0.000   11.000   
20.120   20.120   0.000   0.000   0.000   7.000   
20.120   20.120   0.000   0.000   0.000   -6.000   
20.120   20.120   0.000   0.000   0.000   7.000   
20.120   20.120   0.000   0.000   0.000   10.000   
20.120   20.120   0.000   0.000   0.000   7.000   
20.120   20.120   0.000   0.000   0.000   8.000   
20.120   20.120   0.000   0.000   0.000   7.000   
20.120   20.120   0.000   0.000   0.000   8.000   
20.120   20.120   0.000   0.000   0.000   7.000   
20.120   20.120   0.000   0.000   0.000   7.000   
20.120   20.120   0.000   0.000   0.000   8.000   
20.120   20.120   0.000   0.000   0.000   13.000   
20.120   20.120   0.000   0.000   0.000   8.000   
20.120   20.120   0.000   0.000   0.000   8.000   
20.120   20.120   0.000   0.000   0.000   8.000   
20.120   20.120   0.000   0.000   0.000   7.000   
20.120   20.120   0.000   0.000   0.000   7.000   
20.120   20.120   0.000   0.000   0.000   7.000   
20.120   20.120   0.000   0.000   0.000   8.000   
20.120   20.120   0.000   0.000   0.000   10.000   
20.120   20.120   0.000   0.000   0.000   10.000   
20.120   20.120   0.000   0.000   0.000   9.000   
20.120   20.120   0.000   0.000   0.000   7.000   
20.120   20.120   0.000   0.000   0.000   -1.000   
20.120   20.120   0.000   0.000   0.000   -1.000   
20.120   20.120   0.000   0.000   0.000   0.000   
20.120   20.120   0.000   0.000   0.000   -3.000   
20.120   20.120   0.000   0.000   0.000   -2.000   
20.120   20.120   0.000   0.000   0.000   -3.000   
20.120   20.120   0.000   0.000   0.000   -2.000   
20.120   20.120   0.000   0.000   0.000   -5.000   
20.120   20.120   0.000   0.000   0.000   0.000   
20.120   20.120   0.000   0.000   0.000   -3.000   
20.120   20.120   0.000   0.000   0.000   -4.000   
20.120   20.120   0.000   0.000   0.000   -1.000   
20.120   20.120   0.000   0.000   0.000   -4.000   
20.120   20.120   0.000   0.000   0.000   -1.000   
20.120   20.120   0.000   0.000   0.000   0.000   
20.120   20.120   0.000   0.000   0.000   -3.000   
20.120   20.120   0.000   0.000   0.000   -1.000   
20.120   20.120   0.000   0.000   0.000   -3.000   
20.120   20.120   0.000   0.000   0.000   -1.000   
20.120   20.120   0.000   0.000   0.000   -4.000   
20.120   20.120   0.000   0.000   0.000   -1.000   
20.120   20.120   0.000   0.000   0.000   2.000   
20.120   20.120   0.000   0.000   0.000   1.000   
20.120   20.120   0.000   0.000   0.000   2.000   
20.120   20.120   0.000   0.000   0.000   1.000   
20.120   20.120   0.000   0.000   0.000   1.000   
20.120   20.120   0.000   0.000   0.000   -3.000   
20.120   20.120   0.000   0.000   0.000   3.000   
20.120   20.120   0.000   0.000   0.000   0.000   
20.120   20.120   0.000   0.000   0.000   1.000   
20.120   20.120   0.000   0.000   0.000   -1.000   
20.120   20.120   0.000   0.000   0.000   0.000   
20.120   20.120   0.000   0.000   0.000   -1.000   
20.120   20.120   0.000   0.000   0.000   -2.000   
20.120   20.120   0.000   0.000   0.000   -1.000   
20.120   20.120   0.000   0.000   0.000   -1.000   
20.120   20.120   0.000   0.000   0.000   -1.000   
20.120   20.120   0.000   0.000   0.000   -3.000   
20.120   20.120   0.000   0.000   0.000   -1.000   
20.120   20.120   0.000   0.000   0.000   -1.000   
20.120   20.120   0.000   0.000   0.000   -3.000   
20.120   20.120   0.000   0.000   0.000   -4.000   
20.120   20.120   0.000   0.000   0.000   -3.000   
20.120   20.120   0.000   0.000   0.000   0.000   
20.120   20.120   0.000   0.000   0.000   1.000   
20.120   20.120   0.000   0.000   0.000   0.000   
20.120   20.120   0.000   0.000   0.000   -2.000   
20.120   20.120   0.000   0.000   0.000   -2.000   
20.120   20.120   0.000   0.000   0.000   0.000   
20.120   20.120   0.000   0.000   0.000   -2.000   
20.120   20.120   0.000   0.000   0.000   0.000   
20.120   20.120   0.000   0.000   0.000   -1.000   
20.120   20.120   0.000   0.000   0.000   -3.000   
20.120   20.120   0.000   0.000   0.000   0.000   
20.120   20.120   0.000   0.000   0.000   0.000   
20.120   20.120   0.000   0.000   0.000   1.000   
20.120   20.120   0.000   0.000   0.000   -1.000   
20.120   20.120   0.000   0.000   0.000   0.000   
20.120   20.120   0.000   0.000   0.000   1.000   
20.120   20.120   0.000   0.000   0.000   -1.000   
20.120   20.120   0.000   0.000   0.000   -3.000   
20.120   20.120   0.000   0.000   0.000   0.000   
20.120   20.120   0.000   0.000   0.000   -4.000   
20.120   20.120   0.000   0.000   0.000   -2.000   
20.120   20.120   0.000   0.000   0.000   1.000   
20.120   20.120   0.000   0.000   0.000   2.000   
20.120   20.120   0.000   0.000   0.000   0.000   
20.120   20.120   0.000   0.000   0.000   2.000   
20.120   20.120   0.000   0.000   0.000   1.000   
20.120   20.120   0.000   0.000   0.000   0.000   
20.120   20.120   0.000   0.000   0.000   -1.000   
20.120   20.120   0.000   0.000   0.000   0.000   
20.120   20.120   0.000   0.000   0.000   -2.000   
20.120   20.120   0.000   0.000   0.000   -3.000   
20.120   20.120   0.000   0.000   0.000   0.000   
20.120   20.120   0.000   0.000   0.000   -2.000   
20.120   20.120   0.000   0.000   0.000   -1.000   
20.120   20.120   0.000   0.000   0.000   -1.000   
20.120   20.120   0.000   0.000   0.000   -2.000   
20.120   20.120   0.000   0.000   0.000   -2.000   
20.120   20.120   0.000   0.000   0.000   2.000   
20.120   20.120   0.000   0.000   0.000   -1.000   
20.120   20.120   0.000   0.000   0.000   -2.000   
20.120   20.120   0.000   0.000   0.000   0.000   
20.120   20.120   0.000   0.000   0.000   0.000   
20.120   20.120   0.000   0.000   0.000   1.000   
20.120   20.120   0.000   0.000   0.000   -5.000   
20.120   20.120   0.000   0.000   0.000   -1.000   
20.120   20.120   0.000   0.000   0.000   -2.000   
20.120   20.120   0.000   0.000   0.000   -2.000   
20.120   20.120   0.000   0.000   0.000   -2.000   
20.120   20.120   0.000   0.000   0.000   -5.000   
20.120   20.120   0.000   0.000   0.000   -3.000   
20.120   20.120   0.000   0.000   0.000   -1.000   
20.120   20.120   0.000   0.000   0.000   1.000   
20.120   20.120   0.000   0.000   0.000   0.000   
20.120   20.120   0.000   0.000   0.000   -1.000   
20.120   20.120   0.000   0.000   0.000   2.000   
20.120   20.120   0.000   0.000   0.000   0.000   
20.120   20.120   0.000   0.000   0.000   1.000   
20.120   20.120   0.000   0.000   0.000   1.000   
20.120   20.120   0.000   0.000   0.000   0.000   
20.120   20.120   0.000   0.000   0.000   1.000   
20.120   20.120   0.000   0.000   0.000   0.000   
20.120   20.120   0.000   0.000   0.000   -3.000   
20.120   20.120   0.000   0.000   0.000   -1.000   
20.120   20.120   0.000   0.000   0.000   -4.000   
20.120   20.120   0.000   0.000   0.000   -3.000   
20.120   20.120   0.000   0.000   0.000   -1.000   
20.120   20.120   0.000   0.000   0.000   -1.000   
20.120   20.120   0.000   0.000   0.000   0.000   
20.120   20.120   0.000   0.000   0.000   0.000   
20.120   20.120   0.000   0.000   0.000   0.000   
20.120   20.120   0.000   0.000   0.000   -3.000   
20.120   20.120   0.000   0.000   0.000   0.000   
20.120   20.120   0.000   0.000   0.000   -3.000   
20.120   20.120   0.000   0.000   0.000   0.000   
20.120   20.120   0.000   0.000   0.000   -2.000   
20.120   20.120   0.000   0.000   0.000   0.000   
20.120   20.120   0.000   0.000   0.000   -2.000   
20.120   20.120   0.000   0.000   0.000   1.000   
20.120   20.120   0.000   0.000   0.000   -5.000   
20.120   20.120   0.000   0.000   0.000   -4.000   
20.120   20.120   0.000   0.000   0.000   0.000   
20.120   20.120   0.000   0.000   0.000   -3.000   
20.120   20.120   0.000   0.000   0.000   -2.000   
20.120   20.120   0.000   0.000   0.000   -9.000   
20.120   20.120   0.000   0.000   0.000   -8.000   
20.120   20.120   0.000   0.000   0.000   -8.000   
20.120   20.120   0.000   0.000   0.000   -13.000   
20.120   20.120   0.000   0.000   0.000   -9.000   
20.120   20.120   0.000   0.000   0.000   -8.000   
20.120   20.120   0.000   0.000   0.000   -7.000   
20.120   20.120   0.000   0.000   0.000   -8.000   
20.120   20.120   0.000   0.000   0.000   -6.000   
20.120   20.120   0.000   0.000   0.000   -9.000   
20.120   20.120   0.000   0.000   0.000   -10.000   
20.120   20.120   0.000   0.000   0.000   -8.000   
20.120   20.120   0.000   0.000   0.000   -8.000   
20.120   20.120   0.000   0.000   0.000   -11.000   
20.120   20.120   0.000   0.000   0.000   -7.000   
20.120   20.120   0.000   0.000   0.000   -7.000   
20.120   20.120   0.000   0.000   0.000   -9.000   
20.120   20.120   0.000   0.000   0.000   -8.000   
20.120   20.120   0.000   0.000   0.000   -10.000   
20.120   20.120   0.000   0.000   0.000   -9.000   
20.120   20.120   0.000   0.000   0.000   -9.000   
20.120   20.120   0.000   0.000   0.000   -8.000   
20.120   20.120   0.000   0.000   0.000   -8.000   
20.120   20.120   0.000   0.000   0.000   -12.000   
20.120   20.120   0.000   0.000   0.000   -10.000   
20.120   20.120   0.000   0.000   0.000   -11.000   
20.120   20.120   0.000   0.000   0.000   -9.000   
20.120   20.120   0.000   0.000   0.000   -12.000   
20.120   20.120   0.000   0.000   0.000   -9.000   
20.120   20.120   0.000   0.000   0.000   -10.000   
20.120   20.120   0.000   0.000   0.000   -13.000   
20.120   20.120   0.000   0.000   0.000   -11.000   
20.120   20.120   0.000   0.000   0.000   -9.000   
20.120   20.120   0.000   0.000   0.000   -8.000   
20.120   20.120   0.000   0.000   0.000   -10.000   
20.120   20.120   0.000   0.000   0.000   -8.000   
20.120   20.120   0.000   0.000   0.000   -9.000   
20.120   20.120   0.000   0.000   0.000   -7.000   
20.120   20.120   0.000   0.000   0.000   -9.000   
20.120   20.120   0.000   0.000   0.000   -13.000   
20.120   20.120   0.000   0.000   0.000   -11.000   
20.120   20.120   0.000   0.000   0.000   -11.000   
20.120   20.120   0.000   0.000   0.000   -1.000   
20.120   20.120   0.000   0.000   0.000   0.000   
20.120   20.120   0.000   0.000   0.000   -1.000   
20.120   20.120   0.000   0.000   0.000   -2.000   
20.120   20.120   0.000   0.000   0.000   0.000   
20.120   20.120   0.000   0.000   0.000   0.000   
20.120   20.120   0.000   0.000   0.000   -1.000   
20.120   20.120   0.000   0.000   0.000   1.000   
20.120   20.120   0.000   0.000   0.000   -1.000   
20.120   20.120   0.000   0.000   0.000   0.000   
20.120   20.120   0.000   0.000   0.000   -1.000   
20.120   20.120   0.000   0.000   0.000   -1.000   
20.120   20.120   0.000   0.000   0.000   -5.000   
20.120   20.120   0.000   0.000   0.000   0.000   
20.120   20.120   0.000   0.000   0.000   -4.000   
20.120   20.120   0.000   0.000   0.000   -2.000   
20.120   20.120   0.000   0.000   0.000   -1.000   
20.120   20.120   0.000   0.000   0.000   -4.000   
20.120   20.120   0.000   0.000   0.000   -1.000   
20.120   20.120   0.000   0.000   0.000   -3.000   
20.120   20.120   0.000   0.000   0.000   -1.000   
20.120   20.120   0.000   0.000   0.000   -2.000   
20.120   20.120   0.000   0.000   0.000   -2.000   
20.120   20.120   0.000   0.000   0.000   -1.000   
20.120   20.120   0.000   0.000   0.000   -1.000   
20.120   20.120   0.000   0.000   0.000   -2.000   
20.120   20.120   0.000   0.000   0.000   -1.000   
20.120   20.120   0.000   0.000   0.000   0.000   
20.120   20.120   0.000   0.000   0.000   1.000   
20.120   20.120   0.000   0.000   0.000   1.000   
20.120   20.120   0.000   0.000   0.000   0.000   
20.120   20.120   0.000   0.000   0.000   -1.000   
20.120   20.120   0.000   0.000   0.000   -3.000   
20.120   20.120   0.000   0.000   0.000   0.000   
20.120   20.120   0.000   0.000   0.000   -2.000   
20.120   20.120   0.000   0.000   0.000   -1.000   
20.120   20.120   0.000   0.000   0.000   -1.000   
20.120   20.120   0.000   0.000   0.000   -1.000   
20.120   20.120   0.000   0.000   0.000   -1.000   
20.120   20.120   0.000   0.000   0.000   0.000   
20.120   20.120   0.000   0.000   0.000   0.000   
20.120   20.120   0.000   0.000   0.000   0.000   
20.120   20.120   0.000   0.000   0.000   1.000   
20.120   20.120   0.000   0.000   0.000   -1.000   
20.120   20.120   0.000   0.000   0.000   -3.000   
20.120   20.120   0.000   0.000   0.000   -1.000   
20.120   20.120   0.000   0.000   0.000   -1.000   
20.120   20.120   0.000   0.000   0.000   -1.000   
20.120   20.120   0.000   0.000   0.000   -3.000   
20.120   20.120   0.000   0.000   0.000   -2.000   
20.120   20.120   0.000   0.000   0.000   -1.000   
20.120   20.120   0.000   0.000   0.000   -1.000   
20.120   20.120   0.000   0.000   0.000   -1.000   
20.120   20.120   0.000   0.000   0.000   -1.000   
20.120   20.120   0.000   0.000   0.000   -2.000   
20.120   20.120   0.000   0.000   0.000   -1.000   
20.120   20.120   0.000   0.000   0.000   0.000   
20.120   20.120   0.000   0.000   0.000   -1.000   
20.120   20.120   0.000   0.000   0.000   -1.000   
20.120   20.120   0.000   0.000   0.000   -1.000   
20.120   20.120   0.000   0.000   0.000   -1.000   
20.120   20.120   0.000   0.000   0.000   -1.000   
20.120   20.120   0.000   0.000   0.000   1.000   
20.120   20.120   0.000   0.000   0.000   0.000   
20.120   20.120   0.000   0.000   0.000   -1.000   
20.120   20.120   0.000   0.000   0.000   1.000   
20.120   20.120   0.000   0.000   0.000   0.000   
20.120   20.120   0.000   0.000   0.000   1.000   
20.120   20.120   0.000   0.000   0.000   -1.000   
20.120   20.120   0.000   0.000   0.000   1.000   
20.120   20.120   0.000   0.000   0.000   1.000   
20.120   20.120   0.000   0.000   0.000   -2.000   
20.120   20.120   0.000   0.000   0.000   -1.000   
20.120   20.120   0.000   0.000   0.000   0.000   
20.120   20.120   0.000   0.000   0.000   1.000   
20.120   20.120   0.000   0.000   0.000   -1.000   
20.120   20.120   0.000   0.000   0.000   -1.000   
20.120   20.120   0.000   0.000   0.000   -2.000   
20.120   20.120   0.000   0.000   0.000   0.000   
20.120   20.120   0.000   0.000   0.000   0.000   
20.120   20.120   0.000   0.000   0.000   -1.000   
20.120   20.120   0.000   0.000   0.000   -1.000   
20.120   20.120   0.000   0.000   0.000   0.000   
20.120   20.120   0.000   0.000   0.000   0.000   
20.120   20.120   0.000   0.000   0.000   -2.000   
20.120   20.120   0.000   0.000   0.000   0.000   
20.120   20.120   0.000   0.000   0.000   -1.000   
20.120   20.120   0.000   0.000   0.000   -1.000   
20.120   20.120   0.000   0.000   0.000   -1.000   
20.120   20.120   0.000   0.000   0.000   3.000   
20.120   20.120   0.000   0.000   0.000   3.000   
20.120   20.120   0.000   0.000   0.000   -2.000   
20.120   20.120   0.000   0.000   0.000   0.000   
20.120   20.120   0.000   0.000   0.000   -3.000   
20.120   20.120   0.000   0.000   0.000   0.000   
20.120   20.120   0.000   0.000   0.000   0.000   
20.120   20.120   0.000   0.000   0.000   -2.000   
20.120   20.120   0.000   0.000   0.000   2.000   
20.120   20.120   0.000   0.000   0.000   -2.000   
20.120   20.120   0.000   0.000   0.000   2.000   
20.120   20.120   0.000   0.000   0.000   1.000   
20.120   20.120   0.000   0.000   0.000   0.000   
20.120   20.120   0.000   0.000   0.000   -1.000   
20.120   20.120   0.000   0.000   0.000   1.000   
20.120   20.120   0.000   0.000   0.000   1.000   
20.120   20.120   0.000   0.000   0.000   -4.000   
20.120   20.120   0.000   0.000   0.000   1.000   
20.120   20.120   0.000   0.000   0.000   -1.000   
20.120   20.120   0.000   0.000   0.000   1.000   
20.120   20.120   0.000   0.000   0.000   2.000   
20.120   20.120   0.000   0.000   0.000   4.000   
20.120   20.120   0.000   0.000   0.000   -2.000   
20.120   20.120   0.000   0.000   0.000   -1.000   
20.120   20.120   0.000   0.000   0.000   -1.000   
20.120   20.120   0.000   0.000   0.000   0.000   
20.120   20.120   0.000   0.000   0.000   -1.000   
20.120   20.120   0.000   0.000   0.000   -3.000   
20.120   20.120   0.000   0.000   0.000   -2.000   
20.120   20.120   0.000   0.000   0.000   -1.000   
20.120   20.120   0.000   0.000   0.000   0.000   
20.120   20.120   0.000   0.000   0.000   0.000   
20.120   20.120   0.000   0.000   0.000   -2.000   
20.120   20.120   0.000   0.000   0.000   4.000   
20.120   20.120   0.000   0.000   0.000   1.000   
20.120   20.120   0.000   0.000   0.000   -3.000   
20.120   20.120   0.000   0.000   0.000   6.000   
20.120   20.120   0.000   0.000   0.000   -5.000   
20.120   20.120   0.000   0.000   0.000   6.000   
20.120   20.120   0.000   0.000   0.000   7.000   
20.120   20.120   0.000   0.000   0.000   10.000   
20.120   20.120   0.000   0.000   0.000   9.000   
20.120   20.120   0.000   0.000   0.000   5.000   
20.120   20.120   0.000   0.000   0.000   9.000   
20.120   20.120   0.000   0.000   0.000   12.000   
20.120   20.120   0.000   0.000   0.000   9.000   
20.120   20.120   0.000   0.000   0.000   9.000   
20.120   20.120   0.000   0.000   0.000   5.000   
20.120   20.120   0.000   0.000   0.000   10.000   
20.120   20.120   0.000   0.000   0.000   -4.000   
20.120   20.120   0.000   0.000   0.000   7.000   
20.120   20.120   0.000   0.000   0.000   8.000   
20.120   20.120   0.000   0.000   0.000   9.000   
20.120   20.120   0.000   0.000   0.000   9.000   
20.120   20.120   0.000   0.000   0.000   8.000   
20.120   20.120   0.000   0.000   0.000   10.000   
20.120   20.120   0.000   0.000   0.000   9.000   
20.120   20.120   0.000   0.000   0.000   8.000   
20.120   20.120   0.000   0.000   0.000   5.000   
20.120   20.120   0.000   0.000   0.000   9.000   
20.120   20.120   0.000   0.000   0.000   8.000   
20.120   20.120   0.000   0.000   0.000   7.000   
20.120   20.120   0.000   0.000   0.000   9.000   
20.120   20.120   0.000   0.000   0.000   7.000   
20.120   20.120   0.000   0.000   0.000   5.000   
20.120   20.120   0.000   0.000   0.000   11.000   
20.120   20.120   0.000   0.000   0.000   5.000   
20.120   20.120   0.000   0.000   0.000   8.000   
20.120   20.120   0.000   0.000   0.000   9.000   
20.120   20.120   0.000   0.000   0.000   9.000   
20.120   20.120   0.000   0.000   0.000   7.000   
20.120   20.120   0.000   0.000   0.000   5.000   
20.120   20.120   0.000   0.000   0.000   11.000   
20.120   20.120   0.000   0.000   0.000   6.000   
20.120   20.120   0.000   0.000   0.000   6.000   
20.120   20.120   0.000   0.000   0.000   9.000   
20.120   20.120   0.000   0.000   0.000   7.000   
20.120   20.120   0.000   0.000   0.000   -3.000   
20.120   20.120   0.000   0.000   0.000   0.000   
20.120   20.120   0.000   0.000   0.000   -1.000   
20.120   20.120   0.000   0.000   0.000   3.000   
20.120   20.120   0.000   0.000   0.000   -3.000   
20.120   20.120   0.000   0.000   0.000   1.000   
20.120   20.120   0.000   0.000   0.000   0.000   
20.120   20.120   0.000   0.000   0.000   0.000   
20.120   20.120   0.000   0.000   0.000   0.000   
20.120   20.120   0.000   0.000   0.000   -3.000   
20.120   20.120   0.000   0.000   0.000   -3.000   
20.120   20.120   0.000   0.000   0.000   -3.000   
20.120   20.120   0.000   0.000   0.000   -1.000   
20.120   20.120   0.000   0.000   0.000   -1.000   
20.120   20.120   0.000   0.000   0.000   -2.000   
20.120   20.120   0.000   0.000   0.000   -1.000   
20.120   20.120   0.000   0.000   0.000   0.000   
20.120   20.120   0.000   0.000   0.000   -1.000   
20.120   20.120   0.000   0.000   0.000   -4.000   
20.120   20.120   0.000   0.000   0.000   -2.000   
20.120   20.120   0.000   0.000   0.000   -3.000   
20.120   20.120   0.000   0.000   0.000   0.000   
20.120   20.120   0.000   0.000   0.000   -2.000   
20.120   20.120   0.000   0.000   0.000   -2.000   
20.120   20.120   0.000   0.000   0.000   0.000   
20.120   20.120   0.000   0.000   0.000   -2.000   
20.120   20.120   0.000   0.000   0.000   -4.000   
20.120   20.120   0.000   0.000   0.000   0.000   
20.120   20.120   0.000   0.000   0.000   -1.000   
20.120   20.120   0.000   0.000   0.000   0.000   
20.120   20.120   0.000   0.000   0.000   -1.000   
20.120   20.120   0.000   0.000   0.000   0.000   
20.120   20.120   0.000   0.000   0.000   0.000   
20.120   20.120   0.000   0.000   0.000   0.000   
20.120   20.120   0.000   0.000   0.000   3.000   
20.120   20.120   0.000   0.000   0.000   -1.000   
20.120   20.120   0.000   0.000   0.000   -1.000   
20.120   20.120   0.000   0.000   0.000   -1.000   
20.120   20.120   0.000   0.000   0.000   -2.000   
20.120   20.120   0.000   0.000   0.000   0.000   
20.120   20.120   0.000   0.000   0.000   -4.000   
20.120   20.120   0.000   0.000   0.000   1.000   
20.120   20.120   0.000   0.000   0.000   5.000   
20.120   20.120   0.000   0.000   0.000   -5.000   
20.120   20.120   0.000   0.000   0.000   1.000   
20.120   20.120   0.000   0.000   0.000   -2.000   
20.120   20.120   0.000   0.000   0.000   -3.000   
20.120   20.120   0.000   0.000   0.000   -4.000   
20.120   20.120   0.000   0.000   0.000   -2.000   
20.120   20.120   0.000   0.000   0.000   -3.000   
20.120   20.120   0.000   0.000   0.000   0.000   
20.120   20.120   0.000   0.000   0.000   -1.000   
20.120   20.120   0.000   0.000   0.000   -1.000   
20.120   20.120   0.000   0.000   0.000   -2.000   
20.120   20.120   0.000   0.000   0.000   0.000   
20.120   20.120   0.000   0.000   0.000   -2.000   
20.120   20.120   0.000   0.000   0.000   0.000   
20.120   20.120   0.000   0.000   0.000   -1.000   
20.120   20.120   0.000   0.000   0.000   -2.000   
20.120   20.120   0.000   0.000   0.000   -3.000   
20.120   20.120   0.000   0.000   0.000   -1.000   
20.120   20.120   0.000   0.000   0.000   -1.000   
20.120   20.120   0.000   0.000   0.000   -1.000   
20.120   20.120   0.000   0.000   0.000   -1.000   
20.120   20.120   0.000   0.000   0.000   -1.000   
20.120   20.120   0.000   0.000   0.000   -1.000   
20.120   20.120   0.000   0.000   0.000   0.000   
20.120   20.120   0.000   0.000   0.000   0.000   
20.120   20.120   0.000   0.000   0.000   0.000   
20.120   20.120   0.000   0.000   0.000   1.000   
20.120   20.120   0.000   0.000   0.000   -2.000   
20.120   20.120   0.000   0.000   0.000   0.000   
20.120   20.120   0.000   0.000   0.000   0.000   
20.120   20.120   0.000   0.000   0.000   3.000   
20.120   20.120   0.000   0.000   0.000   0.000   
20.120   20.120   0.000   0.000   0.000   0.000   
20.120   20.120   0.000   0.000   0.000   0.000   
20.120   20.120   0.000   0.000   0.000   0.000   
20.120   20.120   0.000   0.000   0.000   -1.000   
20.120   20.120   0.000   0.000   0.000   -2.000   
20.120   20.120   0.000   0.000   0.000   2.000   
20.120   20.120   0.000   0.000   0.000   0.000   
20.120   20.120   0.000   0.000   0.000   0.000   
20.120   20.120   0.000   0.000   0.000   3.000   
20.120   20.120   0.000   0.000   0.000   0.000   
20.120   20.120   0.000   0.000   0.000   -1.000   
20.120   20.120   0.000   0.000   0.000   -2.000   
20.120   20.120   0.000   0.000   0.000   0.000   
20.120   20.120   0.000   0.000   0.000   1.000   
20.120   20.120   0.000   0.000   0.000   -2.000   
20.120   20.120   0.000   0.000   0.000   -5.000   
20.120   20.120   0.000   0.000   0.000   1.000   
20.120   20.120   0.000   0.000   0.000   0.000   
20.120   20.120   0.000   0.000   0.000   3.000   
20.120   20.120   0.000   0.000   0.000   0.000   
20.120   20.120   0.000   0.000   0.000   1.000   
20.120   20.120   0.000   0.000   0.000   -2.000   
20.120   20.120   0.000   0.000   0.000   0.000   
20.120   20.120   0.000   0.000   0.000   -1.000   
20.120   20.120   0.000   0.000   0.000   -3.000   
20.120   20.120   0.000   0.000   0.000   -2.000   
20.120   20.120   0.000   0.000   0.000   0.000   
20.120   20.120   0.000   0.000   0.000   0.000   
20.120   20.120   0.000   0.000   0.000   0.000   
20.120   20.120   0.000   0.000   0.000   1.000   
20.120   20.120   0.000   0.000   0.000   0.000   
20.120   20.120   0.000   0.000   0.000   -1.000   
20.120   20.120   0.000   0.000   0.000   -1.000   
20.120   20.120   0.000   0.000   0.000   1.000   
20.120   20.120   0.000   0.000   0.000   -3.000   
20.120   20.120   0.000   0.000   0.000   0.000   
20.120   20.120   0.000   0.000   0.000   0.000   
20.120   20.120   0.000   0.000   0.000   1.000   
20.120   20.120   0.000   0.000   0.000   1.000   
20.120   20.120   0.000   0.000   0.000   0.000   
20.120   20.120   0.000   0.000   0.000   -1.000   
20.120   20.120   0.000   0.000   0.000   1.000   
20.120   20.120   0.000   0.000   0.000   1.000   
20.120   20.120   0.000   0.000   0.000   0.000   
20.120   20.120   0.000   0.000   0.000   1.000   
20.120   20.120   0.000   0.000   0.000   0.000   
20.120   20.120   0.000   0.000   0.000   1.000   
20.120   20.120   0.000   0.000   0.000   3.000   
20.120   20.120   0.000   0.000   0.000   -2.000   
20.120   20.120   0.000   0.000   0.000   4.000   
20.120   20.120   0.000   0.000   0.000   -2.000   
20.120   20.120   0.000   0.000   0.000   -9.000   
20.120   20.120   0.000   0.000   0.000   -8.000   
20.120   20.120   0.000   0.000   0.000   -6.000   
20.120   20.120   0.000   0.000   0.000   -6.000   
20.120   20.120   0.000   0.000   0.000   -10.000   
20.120   20.120   0.000   0.000   0.000   -9.000   
20.120   20.120   0.000   0.000   0.000   -8.000   
20.120   20.120   0.000   0.000   0.000   -7.000   
20.120   20.120   0.000   0.000   0.000   -8.000   
20.120   20.120   0.000   0.000   0.000   -9.000   
20.120   20.120   0.000   0.000   0.000   -8.000   
20.120   20.120   0.000   0.000   0.000   -7.000   
20.120   20.120   0.000   0.000   0.000   -8.000   
20.120   20.120   0.000   0.000   0.000   -8.000   
20.120   20.120   0.000   0.000   0.000   -6.000   
20.120   20.120   0.000   0.000   0.000   -8.000   
20.120   20.120   0.000   0.000   0.000   -9.000   
20.120   20.120   0.000   0.000   0.000   -7.000   
20.120   20.120   0.000   0.000   0.000   -9.000   
20.120   20.120   0.000   0.000   0.000   -12.000   
20.120   20.120   0.000   0.000   0.000   -9.000   
20.120   20.120   0.000   0.000   0.000   -7.000   
20.120   20.120   0.000   0.000   0.000   -6.000   
20.120   20.120   0.000   0.000   0.000   -10.000   
20.120   20.120   0.000   0.000   0.000   -8.000   
20.120   20.120   0.000   0.000   0.000   -7.000   
20.120   20.120   0.000   0.000   0.000   -7.000   
20.120   20.120   0.000   0.000   0.000   -9.000   
20.120   20.120   0.000   0.000   0.000   -6.000   
20.120   20.120   0.000   0.000   0.000   -9.000   
20.120   20.120   0.000   0.000   0.000   -7.000   
20.120   20.120   0.000   0.000   0.000   -8.000   
20.120   20.120   0.000   0.000   0.000   -5.000   
20.120   20.120   0.000   0.000   0.000   -7.000   
20.120   20.120   0.000   0.000   0.000   -8.000   
20.120   20.120   0.000   0.000   0.000   -5.000   
20.120   20.120   0.000   0.000   0.000   -7.000   
20.120   20.120   0.000   0.000   0.000   -8.000   
20.120   20.120   0.000   0.000   0.000   -6.000   
20.120   20.120   0.000   0.000   0.000   -8.000   
20.120   20.120   0.000   0.000   0.000   -12.000   
20.120   20.120   0.000   0.000   0.000   -9.000   
20.120   20.120   0.000   0.000   0.000   -1.000   
20.120   20.120   0.000   0.000   0.000   -1.000   
20.120   20.120   0.000   0.000   0.000   0.000   
20.120   20.120   0.000   0.000   0.000   0.000   
20.120   20.120   0.000   0.000   0.000   1.000   
20.120   20.120   0.000   0.000   0.000   1.000   
20.120   20.120   0.000   0.000   0.000   1.000   
20.120   20.120   0.000   0.000   0.000   1.000   
20.120   20.120   0.000   0.000   0.000   -1.000   
20.120   20.120   0.000   0.000   0.000   -1.000   
20.120   20.120   0.000   0.000   0.000   0.000   
20.120   20.120   0.000   0.000   0.000   -2.000   
20.120   20.120   0.000   0.000   0.000   -2.000   
20.120   20.120   0.000   0.000   0.000   -3.000   
20.120   20.120   0.000   0.000   0.000   -4.000   
20.120   20.120   0.000   0.000   0.000   1.000   
20.120   20.120   0.000   0.000   0.000   -1.000   
20.120   20.120   0.000   0.000   0.000   -1.000   
20.120   20.120   0.000   0.000   0.000   -1.000   
20.120   20.120   0.000   0.000   0.000   -1.000   
20.120   20.120   0.000   0.000   0.000   -1.000   
20.120   20.120   0.000   0.000   0.000   -3.000   
20.120   20.120   0.000   0.000   0.000   0.000   
20.120   20.120   0.000   0.000   0.000   -5.000   
20.120   20.120   0.000   0.000   0.000   -1.000   
20.120   20.120   0.000   0.000   0.000   -1.000   
20.120   20.120   0.000   0.000   0.000   -1.000   
20.120   20.120   0.000   0.000   0.000   0.000   
20.120   20.120   0.000   0.000   0.000   -3.000   
20.120   20.120   0.000   0.000   0.000   -2.000   
20.120   20.120   0.000   0.000   0.000   -1.000   
20.120   20.120   0.000   0.000   0.000   -1.000   
20.120   20.120   0.000   0.000   0.000   -6.000   
20.120   20.120   0.000   0.000   0.000   -1.000   
20.120   20.120   0.000   0.000   0.000   -3.000   
20.120   20.120   0.000   0.000   0.000   -2.000   
20.120   20.120   0.000   0.000   0.000   -2.000   
20.120   20.120   0.000   0.000   0.000   -1.000   
20.120   20.120   0.000   0.000   0.000   -1.000   
20.120   20.120   0.000   0.000   0.000   -2.000   
20.120   20.120   0.000   0.000   0.000   2.000   
20.120   20.120   0.000   0.000   0.000   -3.000   
20.120   20.120   0.000   0.000   0.000   -1.000   
20.120   20.120   0.000   0.000   0.000   -1.000   
20.120   20.120   0.000   0.000   0.000   -2.000   
20.120   20.120   0.000   0.000   0.000   0.000   
20.120   20.120   0.000   0.000   0.000   -5.000   
20.120   20.120   0.000   0.000   0.000   -1.000   
20.120   20.120   0.000   0.000   0.000   0.000   
20.120   20.120   0.000   0.000   0.000   0.000   
20.120   20.120   0.000   0.000   0.000   1.000   
20.120   20.120   0.000   0.000   0.000   0.000   
20.120   20.120   0.000   0.000   0.000   -1.000   
20.120   20.120   0.000   0.000   0.000   -1.000   
20.120   20.120   0.000   0.000   0.000   1.000   
20.120   20.120   0.000   0.000   0.000   -1.000   
20.120   20.120   0.000   0.000   0.000   -1.000   
20.120   20.120   0.000   0.000   0.000   -2.000   
20.120   20.120   0.000   0.000   0.000   -1.000   
20.120   20.120   0.000   0.000   0.000   -3.000   
20.120   20.120   0.000   0.000   0.000   -2.000   
20.120   20.120   0.000   0.000   0.000   -1.000   
20.120   20.120   0.000   0.000   0.000   -1.000   
20.120   20.120   0.000   0.000   0.000   -1.000   
20.120   20.120   0.000   0.000   0.000   0.000   
20.120   20.120   0.000   0.000   0.000   0.000   
20.120   20.120   0.000   0.000   0.000   -1.000   
20.120   20.120   0.000   0.000   0.000   -2.000   
20.120   20.120   0.000   0.000   0.000   0.000   
20.120   20.120   0.000   0.000   0.000   -1.000   
20.120   20.120   0.000   0.000   0.000   -1.000   
20.120   20.120   0.000   0.000   0.000   0.000   
20.120   20.120   0.000   0.000   0.000   -2.000   
20.120   20.120   0.000   0.000   0.000   0.000   
20.120   20.120   0.000   0.000   0.000   0.000   
20.120   20.120   0.000   0.000   0.000   -1.000   
20.120   20.120   0.000   0.000   0.000   0.000   
20.120   20.120   0.000   0.000   0.000   1.000   
20.120   20.120   0.000   0.000   0.000   -4.000   
20.120   20.120   0.000   0.000   0.000   0.000   
20.120   20.120   0.000   0.000   0.000   0.000   
20.120   20.120   0.000   0.000   0.000   0.000   
20.120   20.120   0.000   0.000   0.000   0.000   
20.120   20.120   0.000   0.000   0.000   1.000   
20.120   20.120   0.000   0.000   0.000   2.000   
20.120   20.120   0.000   0.000   0.000   -1.000   
20.120   20.120   0.000   0.000   0.000   0.000   
20.120   20.120   0.000   0.000   0.000   0.000   
20.120   20.120   0.000   0.000   0.000   1.000   
20.120   20.120   0.000   0.000   0.000   -2.000   
20.120   20.120   0.000   0.000   0.000   -3.000   
20.120   20.120   0.000   0.000   0.000   -1.000   
20.120   20.120   0.000   0.000   0.000   0.000   
20.120   20.120   0.000   0.000   0.000   -3.000   
20.120   20.120   0.000   0.000   0.000   -1.000   
20.120   20.120   0.000   0.000   0.000   0.000   
20.120   20.120   0.000   0.000   0.000   -1.000   
20.120   20.120   0.000   0.000   0.000   2.000   
20.120   20.120   0.000   0.000   0.000   -3.000   
20.120   20.120   0.000   0.000   0.000   -1.000   
20.120   20.120   0.000   0.000   0.000   0.000   
20.120   20.120   0.000   0.000   0.000   -2.000   
20.120   20.120   0.000   0.000   0.000   -4.000   
20.120   20.120   0.000   0.000   0.000   -1.000   
20.120   20.120   0.000   0.000   0.000   -1.000   
20.120   20.120   0.000   0.000   0.000   -2.000   
20.120   20.120   0.000   0.000   0.000   -4.000   
20.120   20.120   0.000   0.000   0.000   3.000   
20.120   20.120   0.000   0.000   0.000   -3.000   
20.120   20.120   0.000   0.000   0.000   0.000   
20.120   20.120   0.000   0.000   0.000   3.000   
20.120   20.120   0.000   0.000   0.000   2.000   
20.120   20.120   0.000   0.000   0.000   -2.000   
20.120   20.120   0.000   0.000   0.000   3.000   
20.120   20.120   0.000   0.000   0.000   -3.000   
20.120   20.120   0.000   0.000   0.000   -3.000   
20.120   20.120   0.000   0.000   0.000   -4.000   
20.120   20.120   0.000   0.000   0.000   0.000   
20.120   20.120   0.000   0.000   0.000   -1.000   
20.120   20.120   0.000   0.000   0.000   0.000   
20.120   20.120   0.000   0.000   0.000   3.000   
20.120   20.120   0.000   0.000   0.000   0.000   
20.120   20.120   0.000   0.000   0.000   2.000   
20.120   20.120   0.000   0.000   0.000   1.000   
20.120   20.120   0.000   0.000   0.000   0.000   
20.120   20.120   0.000   0.000   0.000   1.000   
20.120   20.120   0.000   0.000   0.000   7.000   
20.120   20.120   0.000   0.000   0.000   6.000   
20.120   20.120   0.000   0.000   0.000   7.000   
20.120   20.120   0.000   0.000   0.000   4.000   
20.120   20.120   0.000   0.000   0.000   7.000   
20.120   20.120   0.000   0.000   0.000   6.000   
20.120   20.120   0.000   0.000   0.000   7.000   
20.120   20.120   0.000   0.000   0.000   9.000   
20.120   20.120   0.000   0.000   0.000   6.000   
20.120   20.120   0.000   0.000   0.000   8.000   
20.120   20.120   0.000   0.000   0.000   8.000   
20.120   20.120   0.000   0.000   0.000   6.000   
20.120   20.120   0.000   0.000   0.000   8.000   
20.120   20.120   0.000   0.000   0.000   8.000   
20.120   20.120   0.000   0.000   0.000   7.000   
20.120   20.120   0.000   0.000   0.000   8.000   
20.120   20.120   0.000   0.000   0.000   5.000   
20.120   20.120   0.000   0.000   0.000   6.000   
20.120   20.120   0.000   0.000   0.000   7.000   
20.120   20.120   0.000   0.000   0.000   7.000   
20.120   20.120   0.000   0.000   0.000   7.000   
20.120   20.120   0.000   0.000   0.000   4.000   
20.120   20.120   0.000   0.000   0.000   7.000   
20.120   20.120   0.000   0.000   0.000   9.000   
20.120   20.120   0.000   0.000   0.000   7.000   
20.120   20.120   0.000   0.000   0.000   7.000   
20.120   20.120   0.000   0.000   0.000   5.000   
20.120   20.120   0.000   0.000   0.000   8.000   
20.120   20.120   0.000   0.000   0.000   5.000   
20.120   20.120   0.000   0.000   0.000   5.000   
20.120   20.120   0.000   0.000   0.000   7.000   
20.120   20.120   0.000   0.000   0.000   7.000   
20.120   20.120   0.000   0.000   0.000   6.000   
20.120   20.120   0.000   0.000   0.000   7.000   
20.120   20.120   0.000   0.000   0.000   6.000   
20.120   20.120   0.000   0.000   0.000   5.000   
20.120   20.120   0.000   0.000   0.000   4.000   
20.120   20.120   0.000   0.000   0.000   5.000   
20.120   20.120   0.000   0.000   0.000   6.000   
20.120   20.120   0.000   0.000   0.000   5.000   
20.120   20.120   0.000   0.000   0.000   8.000   
20.120   20.120   0.000   0.000   0.000   6.000   
20.120   20.120   0.000   0.000   0.000   -1.000   
20.120   20.120   0.000   0.000   0.000   0.000   
20.120   20.120   0.000   0.000   0.000   -1.000   
20.120   20.120   0.000   0.000   0.000   -5.000   
20.120   20.120   0.000   0.000   0.000   -2.000   
20.120   20.120   0.000   0.000   0.000   -3.000   
20.120   20.120   0.000   0.000   0.000   -1.000   
20.120   20.120   0.000   0.000   0.000   -1.000   
20.120   20.120   0.000   0.000   0.000   0.000   
20.120   20.120   0.000   0.000   0.000   -2.000   
20.120   20.120   0.000   0.000   0.000   -1.000   
20.120   20.120   0.000   0.000   0.000   1.000   
20.120   20.120   0.000   0.000   0.000   -7.000   
20.120   20.120   0.000   0.000   0.000   -4.000   
20.120   20.120   0.000   0.000   0.000   2.000   
20.120   20.120   0.000   0.000   0.000   0.000   
20.120   20.120   0.000   0.000   0.000   -1.000   
20.120   20.120   0.000   0.000   0.000   0.000   
20.120   20.120   0.000   0.000   0.000   0.000   
20.120   20.120   0.000   0.000   0.000   -1.000   
20.120   20.120   0.000   0.000   0.000   -3.000   
20.120   20.120   0.000   0.000   0.000   0.000   
20.120   20.120   0.000   0.000   0.000   -1.000   
20.120   20.120   0.000   0.000   0.000   1.000   
20.120   20.120   0.000   0.000   0.000   0.000   
20.120   20.120   0.000   0.000   0.000   -1.000   
20.120   20.120   0.000   0.000   0.000   -3.000   
20.120   20.120   0.000   0.000   0.000   -2.000   
20.120   20.120   0.000   0.000   0.000   0.000   
20.120   20.120   0.000   0.000   0.000   -2.000   
20.120   20.120   0.000   0.000   0.000   -2.000   
20.120   20.120   0.000   0.000   0.000   -1.000   
20.120   20.120   0.000   0.000   0.000   -3.000   
20.120   20.120   0.000   0.000   0.000   -1.000   
20.120   20.120   0.000   0.000   0.000   -2.000   
20.120   20.120   0.000   0.000   0.000   -3.000   
20.120   20.120   0.000   0.000   0.000   -1.000   
20.120   20.120   0.000   0.000   0.000   -3.000   
20.120   20.120   0.000   0.000   0.000   -3.000   
20.120   20.120   0.000   0.000   0.000   -3.000   
20.120   20.120   0.000   0.000   0.000   0.000   
20.120   20.120   0.000   0.000   0.000   -4.000   
20.120   20.120   0.000   0.000   0.000   -4.000   
20.120   20.120   0.000   0.000   0.000   -3.000   
20.120   20.120   0.000   0.000   0.000   1.000   
20.120   20.120   0.000   0.000   0.000   -1.000   
20.120   20.120   0.000   0.000   0.000   -5.000   
20.120   20.120   0.000   0.000   0.000   0.000   
20.120   20.120   0.000   0.000   0.000   -1.000   
20.120   20.120   0.000   0.000   0.000   -1.000   
20.120   20.120   0.000   0.000   0.000   -1.000   
20.120   20.120   0.000   0.000   0.000   2.000   
20.120   20.120   0.000   0.000   0.000   -1.000   
20.120   20.120   0.000   0.000   0.000   -1.000   
20.120   20.120   0.000   0.000   0.000   -3.000   
20.120   20.120   0.000   0.000   0.000   -1.000   
20.120   20.120   0.000   0.000   0.000   -3.000   
20.120   20.120   0.000   0.000   0.000   -1.000   
20.120   20.120   0.000   0.000   0.000   -3.000   
20.120   20.120   0.000   0.000   0.000   -2.000   
20.120   20.120   0.000   0.000   0.000   -1.000   
20.120   20.120   0.000   0.000   0.000   0.000   
20.120   20.120   0.000   0.000   0.000   -3.000   
20.120   20.120   0.000   0.000   0.000   -2.000   
20.120   20.120   0.000   0.000   0.000   -4.000   
20.120   20.120   0.000   0.000   0.000   -1.000   
20.120   20.120   0.000   0.000   0.000   0.000   
20.120   20.120   0.000   0.000   0.000   1.000   
20.120   20.120   0.000   0.000   0.000   -2.000   
20.120   20.120   0.000   0.000   0.000   -3.000   
20.120   20.120   0.000   0.000   0.000   2.000   
20.120   20.120   0.000   0.000   0.000   -1.000   
20.120   20.120   0.000   0.000   0.000   -2.000   
20.120   20.120   0.000   0.000   0.000   -3.000   
20.120   20.120   0.000   0.000   0.000   -1.000   
20.120   20.120   0.000   0.000   0.000   -5.000   
20.120   20.120   0.000   0.000   0.000   -2.000   
20.120   20.120   0.000   0.000   0.000   -1.000   
20.120   20.120   0.000   0.000   0.000   0.000   
20.120   20.120   0.000   0.000   0.000   -1.000   
20.120   20.120   0.000   0.000   0.000   -1.000   
20.120   20.120   0.000   0.000   0.000   -1.000   
20.120   20.120   0.000   0.000   0.000   0.000   
20.120   20.120   0.000   0.000   0.000   2.000   
20.120   20.120   0.000   0.000   0.000   1.000   
20.120   20.120   0.000   0.000   0.000   -3.000   
20.120   20.120   0.000   0.000   0.000   1.000   
20.120   20.120   0.000   0.000   0.000   -1.000   
20.120   20.120   0.000   0.000   0.000   -3.000   
20.120   20.120   0.000   0.000   0.000   -1.000   
20.120   20.120   0.000   0.000   0.000   -5.000   
20.120   20.120   0.000   0.000   0.000   -2.000   
20.120   20.120   0.000   0.000   0.000   0.000   
20.120   20.120   0.000   0.000   0.000   -3.000   
20.120   20.120   0.000   0.000   0.000   -3.000   
20.120   20.120   0.000   0.000   0.000   0.000   
20.120   20.120   0.000   0.000   0.000   -5.000   
20.120   20.120   0.000   0.000   0.000   -2.000   
20.120   20.120   0.000   0.000   0.000   -6.000   
20.120   20.120   0.000   0.000   0.000   1.000   
20.120   20.120   0.000   0.000   0.000   -3.000   
20.120   20.120   0.000   0.000   0.000   -5.000   
20.120   20.120   0.000   0.000   0.000   -2.000   
20.120   20.120   0.000   0.000   0.000   1.000   
20.120   20.120   0.000   0.000   0.000   -1.000   
20.120   20.120   0.000   0.000   0.000   -1.000   
20.120   20.120   0.000   0.000   0.000   -1.000   
20.120   20.120   0.000   0.000   0.000   -3.000   
20.120   20.120   0.000   0.000   0.000   -2.000   
20.120   20.120   0.000   0.000   0.000   -4.000   
20.120   20.120   0.000   0.000   0.000   -4.000   
20.120   20.120   0.000   0.000   0.000   -4.000   
20.120   20.120   0.000   0.000   0.000   -2.000   
20.120   20.120   0.000   0.000   0.000   -2.000   
20.120   20.120   0.000   0.000   0.000   0.000   
20.120   20.120   0.000   0.000   0.000   -1.000   
20.120   20.120   0.000   0.000   0.000   -1.000   
20.120   20.120   0.000   0.000   0.000   -1.000   
20.120   20.120   0.000   0.000   0.000   0.000   
20.120   20.120   0.000   0.000   0.000   -2.000   
20.120   20.120   0.000   0.000   0.000   -2.000   
20.120   20.120   0.000   0.000   0.000   -3.000   
20.120   20.120   0.000   0.000   0.000   -4.000   
20.120   20.120   0.000   0.000   0.000   -2.000   
20.120   20.120   0.000   0.000   0.000   0.000   
20.120   20.120   0.000   0.000   0.000   0.000   
20.120   20.120   0.000   0.000   0.000   -4.000   
20.120   20.120   0.000   0.000   0.000   -5.000   
20.120   20.120   0.000   0.000   0.000   -4.000   
20.120   20.120   0.000   0.000   0.000   -5.000   
20.120   20.120   0.000   0.000   0.000   -5.000   
20.120   20.120   0.000   0.000   0.000   -8.000   
20.120   20.120   0.000   0.000   0.000   -7.000   
20.120   20.120   0.000   0.000   0.000   -3.000   
20.120   20.120   0.000   0.000   0.000   -5.000   
20.120   20.120   0.000   0.000   0.000   -6.000   
20.120   20.120   0.000   0.000   0.000   -7.000   
20.120   20.120   0.000   0.000   0.000   -8.000   
20.120   20.120   0.000   0.000   0.000   -7.000   
20.120   20.120   0.000   0.000   0.000   -3.000   
20.120   20.120   0.000   0.000   0.000   -7.000   
20.120   20.120   0.000   0.000   0.000   -6.000   
20.120   20.120   0.000   0.000   0.000   -7.000   
20.120   20.120   0.000   0.000   0.000   -6.000   
20.120   20.120   0.000   0.000   0.000   -9.000   
20.120   20.120   0.000   0.000   0.000   -9.000   
20.120   20.120   0.000   0.000   0.000   -8.000   
20.120   20.120   0.000   0.000   0.000   -4.000   
20.120   20.120   0.000   0.000   0.000   -9.000   
20.120   20.120   0.000   0.000   0.000   -8.000   
20.120   20.120   0.000   0.000   0.000   -7.000   
20.120   20.120   0.000   0.000   0.000   -7.000   
20.120   20.120   0.000   0.000   0.000   -9.000   
20.120   20.120   0.000   0.000   0.000   -9.000   
20.120   20.120   0.000   0.000   0.000   -8.000   
20.120   20.120   0.000   0.000   0.000   -10.000   
20.120   20.120   0.000   0.000   0.000   -9.000   
20.120   20.120   0.000   0.000   0.000   -9.000   
20.120   20.120   0.000   0.000   0.000   -7.000   
20.120   20.120   0.000   0.000   0.000   -8.000   
20.120   20.120   0.000   0.000   0.000   -8.000   
20.120   20.120   0.000   0.000   0.000   -5.000   
20.120   20.120   0.000   0.000   0.000   -8.000   
20.120   20.120   0.000   0.000   0.000   -5.000   
20.120   20.120   0.000   0.000   0.000   -3.000   
20.120   20.120   0.000   0.000   0.000   -3.000   
20.120   20.120   0.000   0.000   0.000   -8.000   
20.120   20.120   0.000   0.000   0.000   -1.000   
20.120   20.120   0.000   0.000   0.000   1.000   
20.120   20.120   0.000   0.000   0.000   -1.000   
20.120   20.120   0.000   0.000   0.000   -3.000   
20.120   20.120   0.000   0.000   0.000   -3.000   
20.120   20.120   0.000   0.000   0.000   -1.000   
20.120   20.120   0.000   0.000   0.000   -1.000   
20.120   20.120   0.000   0.000   0.000   1.000   
20.120   20.120   0.000   0.000   0.000   -1.000   
20.120   20.120   0.000   0.000   0.000   -1.000   
20.120   20.120   0.000   0.000   0.000   0.000   
20.120   20.120   0.000   0.000   0.000   -2.000   
20.120   20.120   0.000   0.000   0.000   -1.000   
20.120   20.120   0.000   0.000   0.000   3.000   
20.120   20.120   0.000   0.000   0.000   -1.000   
20.120   20.120   0.000   0.000   0.000   1.000   
20.120   20.120   0.000   0.000   0.000   -3.000   
20.120   20.120   0.000   0.000   0.000   -1.000   
20.120   20.120   0.000   0.000   0.000   0.000   
20.120   20.120   0.000   0.000   0.000   2.000   
20.120   20.120   0.000   0.000   0.000   3.000   
20.120   20.120   0.000   0.000   0.000   -4.000   
20.120   20.120   0.000   0.000   0.000   0.000   
20.120   20.120   0.000   0.000   0.000   0.000   
20.120   20.120   0.000   0.000   0.000   0.000   
20.120   20.120   0.000   0.000   0.000   0.000   
20.120   20.120   0.000   0.000   0.000   -1.000   
20.120   20.120   0.000   0.000   0.000   -1.000   
20.120   20.120   0.000   0.000   0.000   -1.000   
20.120   20.120   0.000   0.000   0.000   0.000   
20.120   20.120   0.000   0.000   0.000   2.000   
20.120   20.120   0.000   0.000   0.000   -1.000   
20.120   20.120   0.000   0.000   0.000   -1.000   
20.120   20.120   0.000   0.000   0.000   -1.000   
20.120   20.120   0.000   0.000   0.000   -2.000   
20.120   20.120   0.000   0.000   0.000   -2.000   
20.120   20.120   0.000   0.000   0.000   -1.000   
20.120   20.120   0.000   0.000   0.000   -1.000   
20.120   20.120   0.000   0.000   0.000   -1.000   
20.120   20.120   0.000   0.000   0.000   -4.000   
20.120   20.120   0.000   0.000   0.000   -2.000   
20.120   20.120   0.000   0.000   0.000   -3.000   
20.120   20.120   0.000   0.000   0.000   -3.000   
20.120   20.120   0.000   0.000   0.000   -1.000   
20.120   20.120   0.000   0.000   0.000   -2.000   
20.120   20.120   0.000   0.000   0.000   0.000   
20.120   20.120   0.000   0.000   0.000   3.000   
20.120   20.120   0.000   0.000   0.000   -2.000   
20.120   20.120   0.000   0.000   0.000   0.000   
20.120   20.120   0.000   0.000   0.000   -3.000   
20.120   20.120   0.000   0.000   0.000   -1.000   
20.120   20.120   0.000   0.000   0.000   -1.000   
20.120   20.120   0.000   0.000   0.000   -1.000   
20.120   20.120   0.000   0.000   0.000   0.000   
20.120   20.120   0.000   0.000   0.000   2.000   
20.120   20.120   0.000   0.000   0.000   -3.000   
20.120   20.120   0.000   0.000   0.000   1.000   
20.120   20.120   0.000   0.000   0.000   -1.000   
20.120   20.120   0.000   0.000   0.000   -1.000   
20.120   20.120   0.000   0.000   0.000   -2.000   
20.120   20.120   0.000   0.000   0.000   -1.000   
20.120   20.120   0.000   0.000   0.000   0.000   
20.120   20.120   0.000   0.000   0.000   -1.000   
20.120   20.120   0.000   0.000   0.000   3.000   
20.120   20.120   0.000   0.000   0.000   -3.000   
20.120   20.120   0.000   0.000   0.000   -1.000   
20.120   20.120   0.000   0.000   0.000   1.000   
20.120   20.120   0.000   0.000   0.000   -1.000   
20.120   20.120   0.000   0.000   0.000   -1.000   
20.120   20.120   0.000   0.000   0.000   -1.000   
20.120   20.120   0.000   0.000   0.000   -1.000   
20.120   20.120   0.000   0.000   0.000   -2.000   
20.120   20.120   0.000   0.000   0.000   -1.000   
20.120   20.120   0.000   0.000   0.000   -1.000   
20.120   20.120   0.000   0.000   0.000   -2.000   
20.120   20.120   0.000   0.000   0.000   -2.000   
20.120   20.120   0.000   0.000   0.000   -3.000   
20.120   20.120   0.000   0.000   0.000   -3.000   
20.120   20.120   0.000   0.000   0.000   0.000   
20.120   20.120   0.000   0.000   0.000   -3.000   
20.120   20.120   0.000   0.000   0.000   -2.000   
20.120   20.120   0.000   0.000   0.000   -2.000   
20.120   20.120   0.000   0.000   0.000   -1.000   
20.120   20.120   0.000   0.000   0.000   2.000   
20.120   20.120   0.000   0.000   0.000   -1.000   
20.120   20.120   0.000   0.000   0.000   2.000   
20.120   20.120   0.000   0.000   0.000   2.000   
20.120   20.120   0.000   0.000   0.000   1.000   
20.120   20.120   0.000   0.000   0.000   1.000   
20.120   20.120   0.000   0.000   0.000   -3.000   
20.120   20.120   0.000   0.000   0.000   0.000   
20.120   20.120   0.000   0.000   0.000   0.000   
20.120   20.120   0.000   0.000   0.000   2.000   
20.120   20.120   0.000   0.000   0.000   -2.000   
20.120   20.120   0.000   0.000   0.000   3.000   
20.120   20.120   0.000   0.000   0.000   2.000   
20.120   20.120   0.000   0.000   0.000   1.000   
20.120   20.120   0.000   0.000   0.000   -2.000   
20.120   20.120   0.000   0.000   0.000   -3.000   
20.120   20.120   0.000   0.000   0.000   4.000   
20.120   20.120   0.000   0.000   0.000   1.000   
20.120   20.120   0.000   0.000   0.000   -4.000   
20.120   20.120   0.000   0.000   0.000   -2.000   
20.120   20.120   0.000   0.000   0.000   0.000   
20.120   20.120   0.000   0.000   0.000   -1.000   
20.120   20.120   0.000   0.000   0.000   -2.000   
20.120   20.120   0.000   0.000   0.000   0.000   
20.120   20.120   0.000   0.000   0.000   -1.000   
20.120   20.120   0.000   0.000   0.000   -1.000   
20.120   20.120   0.000   0.000   0.000   -1.000   
20.120   20.120   0.000   0.000   0.000   -1.000   
20.120   20.120   0.000   0.000   0.000   1.000   
20.120   20.120   0.000   0.000   0.000   0.000   
20.120   20.120   0.000   0.000   0.000   4.000   
20.120   20.120   0.000   0.000   0.000   -1.000   
20.120   20.120   0.000   0.000   0.000   0.000   
20.120   20.120   0.000   0.000   0.000   -1.000   
20.120   20.120   0.000   0.000   0.000   -3.000   
20.120   20.120   0.000   0.000   0.000   -1.000   
20.120   20.120   0.000   0.000   0.000   -2.000   
20.120   20.120   0.000   0.000   0.000   -2.000   
20.120   20.120   0.000   0.000   0.000   -2.000   
20.120   20.120   0.000   0.000   0.000   0.000   
20.120   20.120   0.000   0.000   0.000   -1.000   
20.120   20.120   0.000   0.000   0.000   2.000   
20.120   20.120   0.000   0.000   0.000   -1.000   
20.120   20.120   0.000   0.000   0.000   7.000   
20.120   20.120   0.000   0.000   0.000   6.000   
20.120   20.120   0.000   0.000   0.000   6.000   
20.120   20.120   0.000   0.000   0.000   4.000   
20.120   20.120   0.000   0.000   0.000   5.000   
20.120   20.120   0.000   0.000   0.000   6.000   
20.120   20.120   0.000   0.000   0.000   7.000   
20.120   20.120   0.000   0.000   0.000   8.000   
20.120   20.120   0.000   0.000   0.000   7.000   
20.120   20.120   0.000   0.000   0.000   6.000   
20.120   20.120   0.000   0.000   0.000   9.000   
20.120   20.120   0.000   0.000   0.000   7.000   
20.120   20.120   0.000   0.000   0.000   7.000   
20.120   20.120   0.000   0.000   0.000   7.000   
20.120   20.120   0.000   0.000   0.000   6.000   
20.120   20.120   0.000   0.000   0.000   7.000   
20.120   20.120   0.000   0.000   0.000   6.000   
20.120   20.120   0.000   0.000   0.000   6.000   
20.120   20.120   0.000   0.000   0.000   6.000   
20.120   20.120   0.000   0.000   0.000   7.000   
20.120   20.120   0.000   0.000   0.000   5.000   
20.120   20.120   0.000   0.000   0.000   6.000   
20.120   20.120   0.000   0.000   0.000   5.000   
20.120   20.120   0.000   0.000   0.000   10.000   
20.120   20.120   0.000   0.000   0.000   6.000   
20.120   20.120   0.000   0.000   0.000   4.000   
20.120   20.120   0.000   0.000   0.000   7.000   
20.120   20.120   0.000   0.000   0.000   8.000   
20.120   20.120   0.000   0.000   0.000   8.000   
20.120   20.120   0.000   0.000   0.000   8.000   
20.120   20.120   0.000   0.000   0.000   8.000   
20.120   20.120   0.000   0.000   0.000   6.000   
20.120   20.120   0.000   0.000   0.000   9.000   
20.120   20.120   0.000   0.000   0.000   6.000   
20.120   20.120   0.000   0.000   0.000   6.000   
20.120   20.120   0.000   0.000   0.000   7.000   
20.120   20.120   0.000   0.000   0.000   7.000   
20.120   20.120   0.000   0.000   0.000   7.000   
20.120   20.120   0.000   0.000   0.000   7.000   
20.120   20.120   0.000   0.000   0.000   6.000   
20.120   20.120   0.000   0.000   0.000   6.000   
20.120   20.120   0.000   0.000   0.000   7.000   
20.120   20.120   0.000   0.000   0.000   -1.000   
20.120   20.120   0.000   0.000   0.000   0.000   
20.120   20.120   0.000   0.000   0.000   -1.000   
20.120   20.120   0.000   0.000   0.000   -1.000   
20.120   20.120   0.000   0.000   0.000   1.000   
20.120   20.120   0.000   0.000   0.000   -2.000   
20.120   20.120   0.000   0.000   0.000   -1.000   
20.120   20.120   0.000   0.000   0.000   -3.000   
20.120   20.120   0.000   0.000   0.000   -3.000   
20.120   20.120   0.000   0.000   0.000   -3.000   
20.120   20.120   0.000   0.000   0.000   -3.000   
20.120   20.120   0.000   0.000   0.000   0.000   
20.120   20.120   0.000   0.000   0.000   -1.000   
20.120   20.120   0.000   0.000   0.000   1.000   
20.120   20.120   0.000   0.000   0.000   -3.000   
20.120   20.120   0.000   0.000   0.000   1.000   
20.120   20.120   0.000   0.000   0.000   -1.000   
20.120   20.120   0.000   0.000   0.000   -2.000   
20.120   20.120   0.000   0.000   0.000   0.000   
20.120   20.120   0.000   0.000   0.000   0.000   
20.120   20.120   0.000   0.000   0.000   -1.000   
20.120   20.120   0.000   0.000   0.000   -1.000   
20.120   20.120   0.000   0.000   0.000   0.000   
20.120   20.120   0.000   0.000   0.000   1.000   
20.120   20.120   0.000   0.000   0.000   -3.000   
20.120   20.120   0.000   0.000   0.000   0.000   
20.120   20.120   0.000   0.000   0.000   -2.000   
20.120   20.120   0.000   0.000   0.000   1.000   
20.120   20.120   0.000   0.000   0.000   -4.000   
20.120   20.120   0.000   0.000   0.000   -1.000   
20.120   20.120   0.000   0.000   0.000   1.000   
20.120   20.120   0.000   0.000   0.000   -1.000   
20.120   20.120   0.000   0.000   0.000   -1.000   
20.120   20.120   0.000   0.000   0.000   -1.000   
20.120   20.120   0.000   0.000   0.000   -3.000   
20.120   20.120   0.000   0.000   0.000   -1.000   
20.120   20.120   0.000   0.000   0.000   1.000   
20.120   20.120   0.000   0.000   0.000   -1.000   
20.120   20.120   0.000   0.000   0.000   0.000   
20.120   20.120   0.000   0.000   0.000   -1.000   
20.120   20.120   0.000   0.000   0.000   -1.000   
20.120   20.120   0.000   0.000   0.000   -1.000   
20.120   20.120   0.000   0.000   0.000   -3.000   
20.120   20.120   0.000   0.000   0.000   0.000   
20.120   20.120   0.000   0.000   0.000   -3.000   
20.120   20.120   0.000   0.000   0.000   -1.000   
20.120   20.120   0.000   0.000   0.000   2.000   
20.120   20.120   0.000   0.000   0.000   0.000   
20.120   20.120   0.000   0.000   0.000   -2.000   
20.120   20.120   0.000   0.000   0.000   -1.000   
20.120   20.120   0.000   0.000   0.000   -1.000   
20.120   20.120   0.000   0.000   0.000   0.000   
20.120   20.120   0.000   0.000   0.000   -1.000   
20.120   20.120   0.000   0.000   0.000   0.000   
20.120   20.120   0.000   0.000   0.000   1.000   
20.120   20.120   0.000   0.000   0.000   1.000   
20.120   20.120   0.000   0.000   0.000   0.000   
20.120   20.120   0.000   0.000   0.000   -2.000   
20.120   20.120   0.000   0.000   0.000   0.000   
20.120   20.120   0.000   0.000   0.000   2.000   
20.120   20.120   0.000   0.000   0.000   -1.000   
20.120   20.120   0.000   0.000   0.000   -1.000   
20.120   20.120   0.000   0.000   0.000   1.000   
20.120   20.120   0.000   0.000   0.000   -1.000   
20.120   20.120   0.000   0.000   0.000   -1.000   
20.120   20.120   0.000   0.000   0.000   -1.000   
20.120   20.120   0.000   0.000   0.000   -3.000   
20.120   20.120   0.000   0.000   0.000   -1.000   
20.120   20.120   0.000   0.000   0.000   -1.000   
20.120   20.120   0.000   0.000   0.000   0.000   
20.120   20.120   0.000   0.000   0.000   0.000   
20.120   20.120   0.000   0.000   0.000   -3.000   
20.120   20.120   0.000   0.000   0.000   0.000   
20.120   20.120   0.000   0.000   0.000   2.000   
20.120   20.120   0.000   0.000   0.000   4.000   
20.120   20.120   0.000   0.000   0.000   -2.000   
20.120   20.120   0.000   0.000   0.000   -3.000   
20.120   20.120   0.000   0.000   0.000   -3.000   
20.120   20.120   0.000   0.000   0.000   -1.000   
20.120   20.120   0.000   0.000   0.000   -3.000   
20.120   20.120   0.000   0.000   0.000   -2.000   
20.120   20.120   0.000   0.000   0.000   1.000   
20.120   20.120   0.000   0.000   0.000   -6.000   
20.120   20.120   0.000   0.000   0.000   -4.000   
20.120   20.120   0.000   0.000   0.000   -1.000   
20.120   20.120   0.000   0.000   0.000   -3.000   
20.120   20.120   0.000   0.000   0.000   -3.000   
20.120   20.120   0.000   0.000   0.000   2.000   
20.120   20.120   0.000   0.000   0.000   0.000   
20.120   20.120   0.000   0.000   0.000   1.000   
20.120   20.120   0.000   0.000   0.000   0.000   
20.120   20.120   0.000   0.000   0.000   1.000   
20.120   20.120   0.000   0.000   0.000   0.000   
20.120   20.120   0.000   0.000   0.000   -2.000   
20.120   20.120   0.000   0.000   0.000   -1.000   
20.120   20.120   0.000   0.000   0.000   1.000   
20.120   20.120   0.000   0.000   0.000   0.000   
20.120   20.120   0.000   0.000   0.000   1.000   
20.120   20.120   0.000   0.000   0.000   0.000   
20.120   20.120   0.000   0.000   0.000   0.000   
20.120   20.120   0.000   0.000   0.000   1.000   
20.120   20.120   0.000   0.000   0.000   -2.000   
20.120   20.120   0.000   0.000   0.000   1.000   
20.120   20.120   0.000   0.000   0.000   -1.000   
20.120   20.120   0.000   0.000   0.000   1.000   
20.120   20.120   0.000   0.000   0.000   3.000   
20.120   20.120   0.000   0.000   0.000   -2.000   
20.120   20.120   0.000   0.000   0.000   -2.000   
20.120   20.120   0.000   0.000   0.000   -1.000   
20.120   20.120   0.000   0.000   0.000   -1.000   
20.120   20.120   0.000   0.000   0.000   0.000   
20.120   20.120   0.000   0.000   0.000   -2.000   
20.120   20.120   0.000   0.000   0.000   0.000   
20.120   20.120   0.000   0.000   0.000   -1.000   
20.120   20.120   0.000   0.000   0.000   -2.000   
20.120   20.120   0.000   0.000   0.000   -1.000   
20.120   20.120   0.000   0.000   0.000   0.000   
20.120   20.120   0.000   0.000   0.000   1.000   
20.120   20.120   0.000   0.000   0.000   -1.000   
20.120   20.120   0.000   0.000   0.000   1.000   
20.120   20.120   0.000   0.000   0.000   -4.000   
20.120   20.120   0.000   0.000   0.000   0.000   
20.120   20.120   0.000   0.000   0.000   -4.000   
20.120   20.120   0.000   0.000   0.000   1.000   
20.120   20.120   0.000   0.000   0.000   1.000   
20.120   20.120   0.000   0.000   0.000   0.000   
20.120   20.120   0.000   0.000   0.000   -12.000   
20.120   20.120   0.000   0.000   0.000   -7.000   
20.120   20.120   0.000   0.000   0.000   -7.000   
20.120   20.120   0.000   0.000   0.000   -7.000   
20.120   20.120   0.000   0.000   0.000   -10.000   
20.120   20.120   0.000   0.000   0.000   -10.000   
20.120   20.120   0.000   0.000   0.000   -8.000   
20.120   20.120   0.000   0.000   0.000   -8.000   
20.120   20.120   0.000   0.000   0.000   -8.000   
20.120   20.120   0.000   0.000   0.000   -8.000   
20.120   20.120   0.000   0.000   0.000   -10.000   
20.120   20.120   0.000   0.000   0.000   -9.000   
20.120   20.120   0.000   0.000   0.000   -7.000   
20.120   20.120   0.000   0.000   0.000   -10.000   
20.120   20.120   0.000   0.000   0.000   -7.000   
20.120   20.120   0.000   0.000   0.000   -5.000   
20.120   20.120   0.000   0.000   0.000   -8.000   
20.120   20.120   0.000   0.000   0.000   -8.000   
20.120   20.120   0.000   0.000   0.000   -7.000   
20.120   20.120   0.000   0.000   0.000   -6.000   
20.120   20.120   0.000   0.000   0.000   -8.000   
20.120   20.120   0.000   0.000   0.000   -8.000   
20.120   20.120   0.000   0.000   0.000   -8.000   
20.120   20.120   0.000   0.000   0.000   -5.000   
20.120   20.120   0.000   0.000   0.000   -9.000   
20.120   20.120   0.000   0.000   0.000   -7.000   
20.120   20.120   0.000   0.000   0.000   -4.000   
20.120   20.120   0.000   0.000   0.000   -9.000   
20.120   20.120   0.000   0.000   0.000   -6.000   
20.120   20.120   0.000   0.000   0.000   -6.000   
20.120   20.120   0.000   0.000   0.000   -8.000   
20.120   20.120   0.000   0.000   0.000   -4.000   
20.120   20.120   0.000   0.000   0.000   -7.000   
20.120   20.120   0.000   0.000   0.000   -9.000   
20.120   20.120   0.000   0.000   0.000   -8.000   
20.120   20.120   0.000   0.000   0.000   -7.000   
20.120   20.120   0.000   0.000   0.000   -8.000   
20.120   20.120   0.000   0.000   0.000   -10.000   
20.120   20.120   0.000   0.000   0.000   -7.000   
20.120   20.120   0.000   0.000   0.000   -7.000   
20.120   20.120   0.000   0.000   0.000   -8.000   
20.120   20.120   0.000   0.000   0.000   -7.000   
20.120   20.120   0.000   0.000   0.000   0.000   
20.120   20.120   0.000   0.000   0.000   -1.000   
20.120   20.120   0.000   0.000   0.000   -1.000   
20.120   20.120   0.000   0.000   0.000   -3.000   
20.120   20.120   0.000   0.000   0.000   -2.000   
20.120   20.120   0.000   0.000   0.000   -1.000   
20.120   20.120   0.000   0.000   0.000   -2.000   
20.120   20.120   0.000   0.000   0.000   -3.000   
20.120   20.120   0.000   0.000   0.000   -2.000   
20.120   20.120   0.000   0.000   0.000   -1.000   
20.120   20.120   0.000   0.000   0.000   -2.000   
20.120   20.120   0.000   0.000   0.000   -2.000   
20.120   20.120   0.000   0.000   0.000   0.000   
20.120   20.120   0.000   0.000   0.000   -2.000   
20.120   20.120   0.000   0.000   0.000   -1.000   
20.120   20.120   0.000   0.000   0.000   -3.000   
20.120   20.120   0.000   0.000   0.000   -3.000   
20.120   20.120   0.000   0.000   0.000   -4.000   
20.120   20.120   0.000   0.000   0.000   -1.000   
20.120   20.120   0.000   0.000   0.000   -2.000   
20.120   20.120   0.000   0.000   0.000   0.000   
20.120   20.120   0.000   0.000   0.000   1.000   
20.120   20.120   0.000   0.000   0.000   -2.000   
20.120   20.120   0.000   0.000   0.000   -1.000   
20.120   20.120   0.000   0.000   0.000   -4.000   
20.120   20.120   0.000   0.000   0.000   -2.000   
20.120   20.120   0.000   0.000   0.000   0.000   
20.120   20.120   0.000   0.000   0.000   1.000   
20.120   20.120   0.000   0.000   0.000   -1.000   
20.120   20.120   0.000   0.000   0.000   1.000   
20.120   20.120   0.000   0.000   0.000   0.000   
20.120   20.120   0.000   0.000   0.000   1.000   
20.120   20.120   0.000   0.000   0.000   5.000   
20.120   20.120   0.000   0.000   0.000   -2.000   
20.120   20.120   0.000   0.000   0.000   0.000   
20.120   20.120   0.000   0.000   0.000   1.000   
20.120   20.120   0.000   0.000   0.000   0.000   
20.120   20.120   0.000   0.000   0.000   -2.000   
20.120   20.120   0.000   0.000   0.000   -1.000   
20.120   20.120   0.000   0.000   0.000   -1.000   
20.120   20.120   0.000   0.000   0.000   0.000   
20.120   20.120   0.000   0.000   0.000   1.000   
20.120   20.120   0.000   0.000   0.000   -1.000   
20.120   20.120   0.000   0.000   0.000   -1.000   
20.120   20.120   0.000   0.000   0.000   1.000   
20.120   20.120   0.000   0.000   0.000   2.000   
20.120   20.120   0.000   0.000   0.000   0.000   
20.120   20.120   0.000   0.000   0.000   -3.000   
20.120   20.120   0.000   0.000   0.000   0.000   
20.120   20.120   0.000   0.000   0.000   -2.000   
20.120   20.120   0.000   0.000   0.000   -1.000   
20.120   20.120   0.000   0.000   0.000   -2.000   
20.120   20.120   0.000   0.000   0.000   1.000   
20.120   20.120   0.000   0.000   0.000   -1.000   
20.120   20.120   0.000   0.000   0.000   -1.000   
20.120   20.120   0.000   0.000   0.000   -1.000   
20.120   20.120   0.000   0.000   0.000   -1.000   
20.120   20.120   0.000   0.000   0.000   0.000   
20.120   20.120   0.000   0.000   0.000   1.000   
20.120   20.120   0.000   0.000   0.000   0.000   
20.120   20.120   0.000   0.000   0.000   0.000   
20.120   20.120   0.000   0.000   0.000   -1.000   
20.120   20.120   0.000   0.000   0.000   -1.000   
20.120   20.120   0.000   0.000   0.000   -2.000   
20.120   20.120   0.000   0.000   0.000   -1.000   
20.120   20.120   0.000   0.000   0.000   0.000   
20.120   20.120   0.000   0.000   0.000   1.000   
20.120   20.120   0.000   0.000   0.000   2.000   
20.120   20.120   0.000   0.000   0.000   1.000   
20.120   20.120   0.000   0.000   0.000   1.000   
20.120   20.120   0.000   0.000   0.000   -1.000   
20.120   20.120   0.000   0.000   0.000   2.000   
20.120   20.120   0.000   0.000   0.000   -1.000   
20.120   20.120   0.000   0.000   0.000   2.000   
20.120   20.120   0.000   0.000   0.000   -1.000   
20.120   20.120   0.000   0.000   0.000   -1.000   
20.120   20.120   0.000   0.000   0.000   -1.000   
20.120   20.120   0.000   0.000   0.000   0.000   
20.120   20.120   0.000   0.000   0.000   -1.000   
20.120   20.120   0.000   0.000   0.000   1.000   
20.120   20.120   0.000   0.000   0.000   0.000   
20.120   20.120   0.000   0.000   0.000   1.000   
20.120   20.120   0.000   0.000   0.000   -1.000   
20.120   20.120   0.000   0.000   0.000   -1.000   
20.120   20.120   0.000   0.000   0.000   -1.000   
20.120   20.120   0.000   0.000   0.000   -1.000   
20.120   20.120   0.000   0.000   0.000   -3.000   
20.120   20.120   0.000   0.000   0.000   -1.000   
20.120   20.120   0.000   0.000   0.000   -3.000   
20.120   20.120   0.000   0.000   0.000   -1.000   
20.120   20.120   0.000   0.000   0.000   1.000   
20.120   20.120   0.000   0.000   0.000   0.000   
20.120   20.120   0.000   0.000   0.000   -2.000   
20.120   20.120   0.000   0.000   0.000   1.000   
20.120   20.120   0.000   0.000   0.000   1.000   
20.120   20.120   0.000   0.000   0.000   -2.000   
20.120   20.120   0.000   0.000   0.000   -1.000   
20.120   20.120   0.000   0.000   0.000   1.000   
20.120   20.120   0.000   0.000   0.000   0.000   
20.120   20.120   0.000   0.000   0.000   2.000   
20.120   20.120   0.000   0.000   0.000   1.000   
20.120   20.120   0.000   0.000   0.000   0.000   
20.120   20.120   0.000   0.000   0.000   -2.000   
20.120   20.120   0.000   0.000   0.000   0.000   
20.120   20.120   0.000   0.000   0.000   1.000   
20.120   20.120   0.000   0.000   0.000   4.000   
20.120   20.120   0.000   0.000   0.000   4.000   
20.120   20.120   0.000   0.000   0.000   0.000   
20.120   20.120   0.000   0.000   0.000   2.000   
20.120   20.120   0.000   0.000   0.000   0.000   
20.120   20.120   0.000   0.000   0.000   -2.000   
20.120   20.120   0.000   0.000   0.000   2.000   
20.120   20.120   0.000   0.000   0.000   3.000   
20.120   20.120   0.000   0.000   0.000   1.000   
20.120   20.120   0.000   0.000   0.000   2.000   
20.120   20.120   0.000   0.000   0.000   5.000   
20.120   20.120   0.000   0.000   0.000   0.000   
20.120   20.120   0.000   0.000   0.000   1.000   
20.120   20.120   0.000   0.000   0.000   -2.000   
20.120   20.120   0.000   0.000   0.000   -2.000   
20.120   20.120   0.000   0.000   0.000   -1.000   
20.120   20.120   0.000   0.000   0.000   -4.000   
20.120   20.120   0.000   0.000   0.000   -1.000   
20.120   20.120   0.000   0.000   0.000   -1.000   
20.120   20.120   0.000   0.000   0.000   0.000   
20.120   20.120   0.000   0.000   0.000   5.000   
20.120   20.120   0.000   0.000   0.000   7.000   
20.120   20.120   0.000   0.000   0.000   5.000   
20.120   20.120   0.000   0.000   0.000   10.000   
20.120   20.120   0.000   0.000   0.000   10.000   
20.120   20.120   0.000   0.000   0.000   8.000   
20.120   20.120   0.000   0.000   0.000   7.000   
20.120   20.120   0.000   0.000   0.000   7.000   
20.120   20.120   0.000   0.000   0.000   8.000   
20.120   20.120   0.000   0.000   0.000   5.000   
20.120   20.120   0.000   0.000   0.000   10.000   
20.120   20.120   0.000   0.000   0.000   9.000   
20.120   20.120   0.000   0.000   0.000   10.000   
20.120   20.120   0.000   0.000   0.000   7.000   
20.120   20.120   0.000   0.000   0.000   7.000   
20.120   20.120   0.000   0.000   0.000   6.000   
20.120   20.120   0.000   0.000   0.000   7.000   
20.120   20.120   0.000   0.000   0.000   10.000   
20.120   20.120   0.000   0.000   0.000   -5.000   
20.120   20.120   0.000   0.000   0.000   7.000   
20.120   20.120   0.000   0.000   0.000   8.000   
20.120   20.120   0.000   0.000   0.000   7.000   
20.120   20.120   0.000   0.000   0.000   6.000   
20.120   20.120   0.000   0.000   0.000   6.000   
20.120   20.120   0.000   0.000   0.000   7.000   
20.120   20.120   0.000   0.000   0.000   10.000   
20.120   20.120   0.000   0.000   0.000   7.000   
20.120   20.120   0.000   0.000   0.000   10.000   
20.120   20.120   0.000   0.000   0.000   8.000   
20.120   20.120   0.000   0.000   0.000   9.000   
20.120   20.120   0.000   0.000   0.000   9.000   
20.120   20.120   0.000   0.000   0.000   7.000   
20.120   20.120   0.000   0.000   0.000   5.000   
20.120   20.120   0.000   0.000   0.000   6.000   
20.120   20.120   0.000   0.000   0.000   10.000   
20.120   20.120   0.000   0.000   0.000   7.000   
20.120   20.120   0.000   0.000   0.000   8.000   
20.120   20.120   0.000   0.000   0.000   10.000   
20.120   20.120   0.000   0.000   0.000   7.000   
20.120   20.120   0.000   0.000   0.000   7.000   
20.120   20.120   0.000   0.000   0.000   11.000   
20.120   20.120   0.000   0.000   0.000   7.000   
20.120   20.120   0.000   0.000   0.000   7.000   
20.120   20.120   0.000   0.000   0.000   -1.000   
20.120   20.120   0.000   0.000   0.000   -2.000   
20.120   20.120   0.000   0.000   0.000   1.000   
20.120   20.120   0.000   0.000   0.000   -1.000   
20.120   20.120   0.000   0.000   0.000   -1.000   
20.120   20.120   0.000   0.000   0.000   0.000   
20.120   20.120   0.000   0.000   0.000   0.000   
20.120   20.120   0.000   0.000   0.000   -3.000   
20.120   20.120   0.000   0.000   0.000   -3.000   
20.120   20.120   0.000   0.000   0.000   -2.000   
20.120   20.120   0.000   0.000   0.000   -2.000   
20.120   20.120   0.000   0.000   0.000   -4.000   
20.120   20.120   0.000   0.000   0.000   -3.000   
20.120   20.120   0.000   0.000   0.000   -4.000   
20.120   20.120   0.000   0.000   0.000   -2.000   
20.120   20.120   0.000   0.000   0.000   -5.000   
20.120   20.120   0.000   0.000   0.000   -1.000   
20.120   20.120   0.000   0.000   0.000   -1.000   
20.120   20.120   0.000   0.000   0.000   -3.000   
20.120   20.120   0.000   0.000   0.000   -2.000   
20.120   20.120   0.000   0.000   0.000   -3.000   
20.120   20.120   0.000   0.000   0.000   -5.000   
20.120   20.120   0.000   0.000   0.000   0.000   
20.120   20.120   0.000   0.000   0.000   -2.000   
20.120   20.120   0.000   0.000   0.000   -2.000   
20.120   20.120   0.000   0.000   0.000   -1.000   
20.120   20.120   0.000   0.000   0.000   -4.000   
20.120   20.120   0.000   0.000   0.000   -1.000   
20.120   20.120   0.000   0.000   0.000   -3.000   
20.120   20.120   0.000   0.000   0.000   0.000   
20.120   20.120   0.000   0.000   0.000   -2.000   
20.120   20.120   0.000   0.000   0.000   -4.000   
20.120   20.120   0.000   0.000   0.000   -2.000   
20.120   20.120   0.000   0.000   0.000   0.000   
20.120   20.120   0.000   0.000   0.000   -1.000   
20.120   20.120   0.000   0.000   0.000   0.000   
20.120   20.120   0.000   0.000   0.000   -2.000   
20.120   20.120   0.000   0.000   0.000   -1.000   
20.120   20.120   0.000   0.000   0.000   -3.000   
20.120   20.120   0.000   0.000   0.000   -4.000   
20.120   20.120   0.000   0.000   0.000   0.000   
20.120   20.120   0.000   0.000   0.000   -1.000   
20.120   20.120   0.000   0.000   0.000   -2.000   
20.120   20.120   0.000   0.000   0.000   0.000   
20.120   20.120   0.000   0.000   0.000   -4.000   
20.120   20.120   0.000   0.000   0.000   1.000   
20.120   20.120   0.000   0.000   0.000   -4.000   
20.120   20.120   0.000   0.000   0.000   -1.000   
20.120   20.120   0.000   0.000   0.000   -1.000   
20.120   20.120   0.000   0.000   0.000   -1.000   
20.120   20.120   0.000   0.000   0.000   -3.000   
20.120   20.120   0.000   0.000   0.000   0.000   
20.120   20.120   0.000   0.000   0.000   -2.000   
20.120   20.120   0.000   0.000   0.000   0.000   
20.120   20.120   0.000   0.000   0.000   0.000   
20.120   20.120   0.000   0.000   0.000   -2.000   
20.120   20.120   0.000   0.000   0.000   -2.000   
20.120   20.120   0.000   0.000   0.000   -1.000   
20.120   20.120   0.000   0.000   0.000   -1.000   
20.120   20.120   0.000   0.000   0.000   -1.000   
20.120   20.120   0.000   0.000   0.000   -2.000   
20.120   20.120   0.000   0.000   0.000   0.000   
20.120   20.120   0.000   0.000   0.000   -4.000   
20.120   20.120   0.000   0.000   0.000   0.000   
20.120   20.120   0.000   0.000   0.000   -2.000   
20.120   20.120   0.000   0.000   0.000   4.000   
20.120   20.120   0.000   0.000   0.000   1.000   
20.120   20.120   0.000   0.000   0.000   -2.000   
20.120   20.120   0.000   0.000   0.000   1.000   
20.120   20.120   0.000   0.000   0.000   1.000   
20.120   20.120   0.000   0.000   0.000   1.000   
20.120   20.120   0.000   0.000   0.000   -1.000   
20.120   20.120   0.000   0.000   0.000   -1.000   
20.120   20.120   0.000   0.000   0.000   0.000   
20.120   20.120   0.000   0.000   0.000   0.000   
20.120   20.120   0.000   0.000   0.000   0.000   
20.120   20.120   0.000   0.000   0.000   0.000   
20.120   20.120   0.000   0.000   0.000   -2.000   
20.120   20.120   0.000   0.000   0.000   -1.000   
20.120   20.120   0.000   0.000   0.000   1.000   
20.120   20.120   0.000   0.000   0.000   0.000   
20.120   20.120   0.000   0.000   0.000   0.000   
20.120   20.120   0.000   0.000   0.000   0.000   
20.120   20.120   0.000   0.000   0.000   -1.000   
20.120   20.120   0.000   0.000   0.000   1.000   
20.120   20.120   0.000   0.000   0.000   -3.000   
20.120   20.120   0.000   0.000   0.000   -3.000   
20.120   20.120   0.000   0.000   0.000   -2.000   
20.120   20.120   0.000   0.000   0.000   -1.000   
20.120   20.120   0.000   0.000   0.000   -1.000   
20.120   20.120   0.000   0.000   0.000   -5.000   
20.120   20.120   0.000   0.000   0.000   -3.000   
20.120   20.120   0.000   0.000   0.000   -1.000   
20.120   20.120   0.000   0.000   0.000   -2.000   
20.120   20.120   0.000   0.000   0.000   -3.000   
20.120   20.120   0.000   0.000   0.000   -2.000   
20.120   20.120   0.000   0.000   0.000   -1.000   
20.120   20.120   0.000   0.000   0.000   0.000   
20.120   20.120   0.000   0.000   0.000   -1.000   
20.120   20.120   0.000   0.000   0.000   -5.000   
20.120   20.120   0.000   0.000   0.000   -6.000   
20.120   20.120   0.000   0.000   0.000   -4.000   
20.120   20.120   0.000   0.000   0.000   -2.000   
20.120   20.120   0.000   0.000   0.000   -5.000   
20.120   20.120   0.000   0.000   0.000   -2.000   
20.120   20.120   0.000   0.000   0.000   -3.000   
20.120   20.120   0.000   0.000   0.000   0.000   
20.120   20.120   0.000   0.000   0.000   0.000   
20.120   20.120   0.000   0.000   0.000   0.000   
20.120   20.120   0.000   0.000   0.000   -1.000   
20.120   20.120   0.000   0.000   0.000   1.000   
20.120   20.120   0.000   0.000   0.000   0.000   
20.120   20.120   0.000   0.000   0.000   -1.000   
20.120   20.120   0.000   0.000   0.000   -2.000   
20.120   20.120   0.000   0.000   0.000   -3.000   
20.120   20.120   0.000   0.000   0.000   1.000   
20.120   20.120   0.000   0.000   0.000   1.000   
20.120   20.120   0.000   0.000   0.000   2.000   
20.120   20.120   0.000   0.000   0.000   1.000   
20.120   20.120   0.000   0.000   0.000   0.000   
20.120   20.120   0.000   0.000   0.000   -1.000   
20.120   20.120   0.000   0.000   0.000   -2.000   
20.120   20.120   0.000   0.000   0.000   0.000   
20.120   20.120   0.000   0.000   0.000   -3.000   
20.120   20.120   0.000   0.000   0.000   -11.000   
20.120   20.120   0.000   0.000   0.000   -11.000   
20.120   20.120   0.000   0.000   0.000   -7.000   
20.120   20.120   0.000   0.000   0.000   -13.000   
20.120   20.120   0.000   0.000   0.000   -5.000   
20.120   20.120   0.000   0.000   0.000   -8.000   
20.120   20.120   0.000   0.000   0.000   -9.000   
20.120   20.120   0.000   0.000   0.000   -11.000   
20.120   20.120   0.000   0.000   0.000   -11.000   
20.120   20.120   0.000   0.000   0.000   -12.000   
20.120   20.120   0.000   0.000   0.000   -9.000   
20.120   20.120   0.000   0.000   0.000   -11.000   
20.120   20.120   0.000   0.000   0.000   -10.000   
20.120   20.120   0.000   0.000   0.000   -6.000   
20.120   20.120   0.000   0.000   0.000   -9.000   
20.120   20.120   0.000   0.000   0.000   -8.000   
20.120   20.120   0.000   0.000   0.000   -10.000   
20.120   20.120   0.000   0.000   0.000   -10.000   
20.120   20.120   0.000   0.000   0.000   -9.000   
20.120   20.120   0.000   0.000   0.000   -7.000   
20.120   20.120   0.000   0.000   0.000   -8.000   
20.120   20.120   0.000   0.000   0.000   -11.000   
20.120   20.120   0.000   0.000   0.000   -10.000   
20.120   20.120   0.000   0.000   0.000   -9.000   
20.120   20.120   0.000   0.000   0.000   -14.000   
20.120   20.120   0.000   0.000   0.000   -8.000   
20.120   20.120   0.000   0.000   0.000   -8.000   
20.120   20.120   0.000   0.000   0.000   -9.000   
20.120   20.120   0.000   0.000   0.000   -8.000   
20.120   20.120   0.000   0.000   0.000   -10.000   
20.120   20.120   0.000   0.000   0.000   -7.000   
20.120   20.120   0.000   0.000   0.000   -9.000   
20.120   20.120   0.000   0.000   0.000   -9.000   
20.120   20.120   0.000   0.000   0.000   -9.000   
20.120   20.120   0.000   0.000   0.000   -9.000   
20.120   20.120   0.000   0.000   0.000   -10.000   
20.120   20.120   0.000   0.000   0.000   -9.000   
20.120   20.120   0.000   0.000   0.000   -12.000   
20.120   20.120   0.000   0.000   0.000   -10.000   
20.120   20.120   0.000   0.000   0.000   -7.000   
20.120   20.120   0.000   0.000   0.000   -7.000   
20.120   20.120   0.000   0.000   0.000   -6.000   
20.120   20.120   0.000   0.000   0.000   -6.000   
20.120   20.120   0.000   0.000   0.000   0.000   
20.120   20.120   0.000   0.000   0.000   1.000   
20.120   20.120   0.000   0.000   0.000   -1.000   
20.120   20.120   0.000   0.000   0.000   -2.000   
20.120   20.120   0.000   0.000   0.000   -3.000   
20.120   20.120   0.000   0.000   0.000   -2.000   
20.120   20.120   0.000   0.000   0.000   0.000   
20.120   20.120   0.000   0.000   0.000   -1.000   
20.120   20.120   0.000   0.000   0.000   -1.000   
20.120   20.120   0.000   0.000   0.000   -1.000   
20.120   20.120   0.000   0.000   0.000   2.000   
20.120   20.120   0.000   0.000   0.000   0.000   
20.120   20.120   0.000   0.000   0.000   -1.000   
20.120   20.120   0.000   0.000   0.000   -1.000   
20.120   20.120   0.000   0.000   0.000   -1.000   
20.120   20.120   0.000   0.000   0.000   -1.000   
20.120   20.120   0.000   0.000   0.000   0.000   
20.120   20.120   0.000   0.000   0.000   -1.000   
20.120   20.120   0.000   0.000   0.000   -1.000   
20.120   20.120   0.000   0.000   0.000   0.000   
20.120   20.120   0.000   0.000   0.000   -1.000   
20.120   20.120   0.000   0.000   0.000   -1.000   
20.120   20.120   0.000   0.000   0.000   -1.000   
20.120   20.120   0.000   0.000   0.000   -2.000   
20.120   20.120   0.000   0.000   0.000   -2.000   
20.120   20.120   0.000   0.000   0.000   -2.000   
20.120   20.120   0.000   0.000   0.000   0.000   
20.120   20.120   0.000   0.000   0.000   -1.000   
20.120   20.120   0.000   0.000   0.000   -1.000   
20.120   20.120   0.000   0.000   0.000   -4.000   
20.120   20.120   0.000   0.000   0.000   2.000   
20.120   20.120   0.000   0.000   0.000   -1.000   
20.120   20.120   0.000   0.000   0.000   -1.000   
20.120   20.120   0.000   0.000   0.000   -1.000   
20.120   20.120   0.000   0.000   0.000   0.000   
20.120   20.120   0.000   0.000   0.000   -2.000   
20.120   20.120   0.000   0.000   0.000   -2.000   
20.120   20.120   0.000   0.000   0.000   -2.000   
20.120   20.120   0.000   0.000   0.000   -4.000   
20.120   20.120   0.000   0.000   0.000   -2.000   
20.120   20.120   0.000   0.000   0.000   1.000   
20.120   20.120   0.000   0.000   0.000   1.000   
20.120   20.120   0.000   0.000   0.000   -1.000   
20.120   20.120   0.000   0.000   0.000   -3.000   
20.120   20.120   0.000   0.000   0.000   -1.000   
20.120   20.120   0.000   0.000   0.000   -3.000   
20.120   20.120   0.000   0.000   0.000   0.000   
20.120   20.120   0.000   0.000   0.000   -1.000   
20.120   20.120   0.000   0.000   0.000   -2.000   
20.120   20.120   0.000   0.000   0.000   -1.000   
20.120   20.120   0.000   0.000   0.000   -1.000   
20.120   20.120   0.000   0.000   0.000   -2.000   
20.120   20.120   0.000   0.000   0.000   -1.000   
20.120   20.120   0.000   0.000   0.000   -2.000   
20.120   20.120   0.000   0.000   0.000   1.000   
20.120   20.120   0.000   0.000   0.000   -4.000   
20.120   20.120   0.000   0.000   0.000   0.000   
20.120   20.120   0.000   0.000   0.000   0.000   
20.120   20.120   0.000   0.000   0.000   -1.000   
20.120   20.120   0.000   0.000   0.000   -2.000   
20.120   20.120   0.000   0.000   0.000   -1.000   
20.120   20.120   0.000   0.000   0.000   -1.000   
20.120   20.120   0.000   0.000   0.000   0.000   
20.120   20.120   0.000   0.000   0.000   -2.000   
20.120   20.120   0.000   0.000   0.000   -2.000   
20.120   20.120   0.000   0.000   0.000   -1.000   
20.120   20.120   0.000   0.000   0.000   1.000   
20.120   20.120   0.000   0.000   0.000   -1.000   
20.120   20.120   0.000   0.000   0.000   -1.000   
20.120   20.120   0.000   0.000   0.000   -4.000   
20.120   20.120   0.000   0.000   0.000   2.000   
20.120   20.120   0.000   0.000   0.000   -1.000   
20.120   20.120   0.000   0.000   0.000   1.000   
20.120   20.120   0.000   0.000   0.000   0.000   
20.120   20.120   0.000   0.000   0.000   1.000   
20.120   20.120   0.000   0.000   0.000   -2.000   
20.120   20.120   0.000   0.000   0.000   -1.000   
20.120   20.120   0.000   0.000   0.000   0.000   
20.120   20.120   0.000   0.000   0.000   5.000   
20.120   20.120   0.000   0.000   0.000   -2.000   
20.120   20.120   0.000   0.000   0.000   -1.000   
20.120   20.120   0.000   0.000   0.000   0.000   
20.120   20.120   0.000   0.000   0.000   0.000   
20.120   20.120   0.000   0.000   0.000   -1.000   
20.120   20.120   0.000   0.000   0.000   -1.000   
20.120   20.120   0.000   0.000   0.000   1.000   
20.120   20.120   0.000   0.000   0.000   4.000   
20.120   20.120   0.000   0.000   0.000   3.000   
20.120   20.120   0.000   0.000   0.000   -2.000   
20.120   20.120   0.000   0.000   0.000   1.000   
20.120   20.120   0.000   0.000   0.000   -3.000   
20.120   20.120   0.000   0.000   0.000   -2.000   
20.120   20.120   0.000   0.000   0.000   -1.000   
20.120   20.120   0.000   0.000   0.000   -2.000   
20.120   20.120   0.000   0.000   0.000   0.000   
20.120   20.120   0.000   0.000   0.000   -2.000   
20.120   20.120   0.000   0.000   0.000   -2.000   
20.120   20.120   0.000   0.000   0.000   -1.000   
20.120   20.120   0.000   0.000   0.000   2.000   
20.120   20.120   0.000   0.000   0.000   -2.000   
20.120   20.120   0.000   0.000   0.000   -2.000   
20.120   20.120   0.000   0.000   0.000   -5.000   
20.120   20.120   0.000   0.000   0.000   -2.000   
20.120   20.120   0.000   0.000   0.000   -3.000   
20.120   20.120   0.000   0.000   0.000   0.000   
20.120   20.120   0.000   0.000   0.000   -1.000   
20.120   20.120   0.000   0.000   0.000   0.000   
20.120   20.120   0.000   0.000   0.000   0.000   
20.120   20.120   0.000   0.000   0.000   -2.000   
20.120   20.120   0.000   0.000   0.000   -5.000   
20.120   20.120   0.000   0.000   0.000   -2.000   
20.120   20.120   0.000   0.000   0.000   0.000   
20.120   20.120   0.000   0.000   0.000   5.000   
20.120   20.120   0.000   0.000   0.000   3.000   
20.120   20.120   0.000   0.000   0.000   3.000   
20.120   20.120   0.000   0.000   0.000   -1.000   
20.120   20.120   0.000   0.000   0.000   -3.000   
20.120   20.120   0.000   0.000   0.000   3.000   
20.120   20.120   0.000   0.000   0.000   -1.000   
20.120   20.120   0.000   0.000   0.000   3.000   
20.120   20.120   0.000   0.000   0.000   -1.000   
20.120   20.120   0.000   0.000   0.000   1.000   
20.120   20.120   0.000   0.000   0.000   2.000   
20.120   20.120   0.000   0.000   0.000   -2.000   
20.120   20.120   0.000   0.000   0.000   6.000   
20.120   20.120   0.000   0.000   0.000   6.000   
20.120   20.120   0.000   0.000   0.000   9.000   
20.120   20.120   0.000   0.000   0.000   10.000   
20.120   20.120   0.000   0.000   0.000   5.000   
20.120   20.120   0.000   0.000   0.000   6.000   
20.120   20.120   0.000   0.000   0.000   8.000   
20.120   20.120   0.000   0.000   0.000   9.000   
20.120   20.120   0.000   0.000   0.000   6.000   
20.120   20.120   0.000   0.000   0.000   6.000   
20.120   20.120   0.000   0.000   0.000   5.000   
20.120   20.120   0.000   0.000   0.000   9.000   
20.120   20.120   0.000   0.000   0.000   5.000   
20.120   20.120   0.000   0.000   0.000   7.000   
20.120   20.120   0.000   0.000   0.000   8.000   
20.120   20.120   0.000   0.000   0.000   6.000   
20.120   20.120   0.000   0.000   0.000   5.000   
20.120   20.120   0.000   0.000   0.000   7.000   
20.120   20.120   0.000   0.000   0.000   6.000   
20.120   20.120   0.000   0.000   0.000   -5.000   
20.120   20.120   0.000   0.000   0.000   5.000   
20.120   20.120   0.000   0.000   0.000   10.000   
20.120   20.120   0.000   0.000   0.000   9.000   
20.120   20.120   0.000   0.000   0.000   6.000   
20.120   20.120   0.000   0.000   0.000   5.000   
20.120   20.120   0.000   0.000   0.000   10.000   
20.120   20.120   0.000   0.000   0.000   9.000   
20.120   20.120   0.000   0.000   0.000   5.000   
20.120   20.120   0.000   0.000   0.000   5.000   
20.120   20.120   0.000   0.000   0.000   11.000   
20.120   20.120   0.000   0.000   0.000   10.000   
20.120   20.120   0.000   0.000   0.000   7.000   
20.120   20.120   0.000   0.000   0.000   10.000   
20.120   20.120   0.000   0.000   0.000   7.000   
20.120   20.120   0.000   0.000   0.000   9.000   
20.120   20.120   0.000   0.000   0.000   6.000   
20.120   20.120   0.000   0.000   0.000   9.000   
20.120   20.120   0.000   0.000   0.000   12.000   
20.120   20.120   0.000   0.000   0.000   -5.000   
20.120   20.120   0.000   0.000   0.000   10.000   
20.120   20.120   0.000   0.000   0.000   9.000   
20.120   20.120   0.000   0.000   0.000   9.000   
20.120   20.120   0.000   0.000   0.000   10.000   
20.120   20.120   0.000   0.000   0.000   -2.000   
20.120   20.120   0.000   0.000   0.000   -1.000   
20.120   20.120   0.000   0.000   0.000   -2.000   
20.120   20.120   0.000   0.000   0.000   -1.000   
20.120   20.120   0.000   0.000   0.000   0.000   
20.120   20.120   0.000   0.000   0.000   -3.000   
20.120   20.120   0.000   0.000   0.000   -1.000   
20.120   20.120   0.000   0.000   0.000   0.000   
20.120   20.120   0.000   0.000   0.000   0.000   
20.120   20.120   0.000   0.000   0.000   -5.000   
20.120   20.120   0.000   0.000   0.000   -2.000   
20.120   20.120   0.000   0.000   0.000   -1.000   
20.120   20.120   0.000   0.000   0.000   1.000   
20.120   20.120   0.000   0.000   0.000   0.000   
20.120   20.120   0.000   0.000   0.000   -3.000   
20.120   20.120   0.000   0.000   0.000   1.000   
20.120   20.120   0.000   0.000   0.000   -1.000   
20.120   20.120   0.000   0.000   0.000   -3.000   
20.120   20.120   0.000   0.000   0.000   -2.000   
20.120   20.120   0.000   0.000   0.000   -1.000   
20.120   20.120   0.000   0.000   0.000   0.000   
20.120   20.120   0.000   0.000   0.000   -1.000   
20.120   20.120   0.000   0.000   0.000   1.000   
20.120   20.120   0.000   0.000   0.000   -3.000   
20.120   20.120   0.000   0.000   0.000   -1.000   
20.120   20.120   0.000   0.000   0.000   0.000   
20.120   20.120   0.000   0.000   0.000   -2.000   
20.120   20.120   0.000   0.000   0.000   -2.000   
20.120   20.120   0.000   0.000   0.000   -1.000   
20.120   20.120   0.000   0.000   0.000   -1.000   
20.120   20.120   0.000   0.000   0.000   0.000   
20.120   20.120   0.000   0.000   0.000   0.000   
20.120   20.120   0.000   0.000   0.000   -1.000   
20.120   20.120   0.000   0.000   0.000   -1.000   
20.120   20.120   0.000   0.000   0.000   -4.000   
20.120   20.120   0.000   0.000   0.000   -5.000   
20.120   20.120   0.000   0.000   0.000   -4.000   
20.120   20.120   0.000   0.000   0.000   0.000   
20.120   20.120   0.000   0.000   0.000   1.000   
20.120   20.120   0.000   0.000   0.000   -2.000   
20.120   20.120   0.000   0.000   0.000   -3.000   
20.120   20.120   0.000   0.000   0.000   1.000   
20.120   20.120   0.000   0.000   0.000   -1.000   
20.120   20.120   0.000   0.000   0.000   -1.000   
20.120   20.120   0.000   0.000   0.000   1.000   
20.120   20.120   0.000   0.000   0.000   0.000   
20.120   20.120   0.000   0.000   0.000   2.000   
20.120   20.120   0.000   0.000   0.000   1.000   
20.120   20.120   0.000   0.000   0.000   -1.000   
20.120   20.120   0.000   0.000   0.000   -1.000   
20.120   20.120   0.000   0.000   0.000   -2.000   
20.120   20.120   0.000   0.000   0.000   0.000   
20.120   20.120   0.000   0.000   0.000   -1.000   
20.120   20.120   0.000   0.000   0.000   0.000   
20.120   20.120   0.000   0.000   0.000   0.000   
20.120   20.120   0.000   0.000   0.000   -2.000   
20.120   20.120   0.000   0.000   0.000   -2.000   
20.120   20.120   0.000   0.000   0.000   -3.000   
20.120   20.120   0.000   0.000   0.000   -2.000   
20.120   20.120   0.000   0.000   0.000   3.000   
20.120   20.120   0.000   0.000   0.000   -3.000   
20.120   20.120   0.000   0.000   0.000   -2.000   
20.120   20.120   0.000   0.000   0.000   -1.000   
20.120   20.120   0.000   0.000   0.000   -1.000   
20.120   20.120   0.000   0.000   0.000   -1.000   
20.120   20.120   0.000   0.000   0.000   -2.000   
20.120   20.120   0.000   0.000   0.000   -3.000   
20.120   20.120   0.000   0.000   0.000   -1.000   
20.120   20.120   0.000   0.000   0.000   -3.000   
20.120   20.120   0.000   0.000   0.000   -1.000   
20.120   20.120   0.000   0.000   0.000   -1.000   
20.120   20.120   0.000   0.000   0.000   2.000   
20.120   20.120   0.000   0.000   0.000   0.000   
20.120   20.120   0.000   0.000   0.000   0.000   
20.120   20.120   0.000   0.000   0.000   0.000   
20.120   20.120   0.000   0.000   0.000   0.000   
20.120   20.120   0.000   0.000   0.000   0.000   
20.120   20.120   0.000   0.000   0.000   -4.000   
20.120   20.120   0.000   0.000   0.000   -1.000   
20.120   20.120   0.000   0.000   0.000   -1.000   
20.120   20.120   0.000   0.000   0.000   0.000   
20.120   20.120   0.000   0.000   0.000   -1.000   
20.120   20.120   0.000   0.000   0.000   1.000   
20.120   20.120   0.000   0.000   0.000   0.000   
20.120   20.120   0.000   0.000   0.000   0.000   
20.120   20.120   0.000   0.000   0.000   -1.000   
20.120   20.120   0.000   0.000   0.000   0.000   
20.120   20.120   0.000   0.000   0.000   0.000   
20.120   20.120   0.000   0.000   0.000   1.000   
20.120   20.120   0.000   0.000   0.000   -1.000   
20.120   20.120   0.000   0.000   0.000   1.000   
20.120   20.120   0.000   0.000   0.000   0.000   
20.120   20.120   0.000   0.000   0.000   0.000   
20.120   20.120   0.000   0.000   0.000   -1.000   
20.120   20.120   0.000   0.000   0.000   -1.000   
20.120   20.120   0.000   0.000   0.000   -1.000   
20.120   20.120   0.000   0.000   0.000   -2.000   
20.120   20.120   0.000   0.000   0.000   -5.000   
20.120   20.120   0.000   0.000   0.000   -4.000   
20.120   20.120   0.000   0.000   0.000   -2.000   
20.120   20.120   0.000   0.000   0.000   -1.000   
20.120   20.120   0.000   0.000   0.000   -2.000   
20.120   20.120   0.000   0.000   0.000   -4.000   
20.120   20.120   0.000   0.000   0.000   -3.000   
20.120   20.120   0.000   0.000   0.000   -2.000   
20.120   20.120   0.000   0.000   0.000   -1.000   
20.120   20.120   0.000   0.000   0.000   0.000   
20.120   20.120   0.000   0.000   0.000   -1.000   
20.120   20.120   0.000   0.000   0.000   -3.000   
20.120   20.120   0.000   0.000   0.000   -2.000   
20.120   20.120   0.000   0.000   0.000   -3.000   
20.120   20.120   0.000   0.000   0.000   0.000   
20.120   20.120   0.000   0.000   0.000   -2.000   
20.120   20.120   0.000   0.000   0.000   -2.000   
20.120   20.120   0.000   0.000   0.000   1.000   
20.120   20.120   0.000   0.000   0.000   2.000   
20.120   20.120   0.000   0.000   0.000   -1.000   
20.120   20.120   0.000   0.000   0.000   0.000   
20.120   20.120   0.000   0.000   0.000   -3.000   
20.120   20.120   0.000   0.000   0.000   2.000   
20.120   20.120   0.000   0.000   0.000   -1.000   
20.120   20.120   0.000   0.000   0.000   -1.000   
20.120   20.120   0.000   0.000   0.000   1.000   
20.120   20.120   0.000   0.000   0.000   -3.000   
20.120   20.120   0.000   0.000   0.000   -1.000   
20.120   20.120   0.000   0.000   0.000   -2.000   
20.120   20.120   0.000   0.000   0.000   -10.000   
20.120   20.120   0.000   0.000   0.000   -7.000   
20.120   20.120   0.000   0.000   0.000   -5.000   
20.120   20.120   0.000   0.000   0.000   -5.000   
20.120   20.120   0.000   0.000   0.000   -9.000   
20.120   20.120   0.000   0.000   0.000   -6.000   
20.120   20.120   0.000   0.000   0.000   -7.000   
20.120   20.120   0.000   0.000   0.000   -6.000   
20.120   20.120   0.000   0.000   0.000   -6.000   
20.120   20.120   0.000   0.000   0.000   -9.000   
20.120   20.120   0.000   0.000   0.000   -9.000   
20.120   20.120   0.000   0.000   0.000   -7.000   
20.120   20.120   0.000   0.000   0.000   -5.000   
20.120   20.120   0.000   0.000   0.000   -5.000   
20.120   20.120   0.000   0.000   0.000   -8.000   
20.120   20.120   0.000   0.000   0.000   -8.000   
20.120   20.120   0.000   0.000   0.000   -5.000   
20.120   20.120   0.000   0.000   0.000   -9.000   
20.120   20.120   0.000   0.000   0.000   -7.000   
20.120   20.120   0.000   0.000   0.000   -9.000   
20.120   20.120   0.000   0.000   0.000   -9.000   
20.120   20.120   0.000   0.000   0.000   -6.000   
20.120   20.120   0.000   0.000   0.000   -8.000   
20.120   20.120   0.000   0.000   0.000   -9.000   
20.120   20.120   0.000   0.000   0.000   -7.000   
20.120   20.120   0.000   0.000   0.000   -13.000   
20.120   20.120   0.000   0.000   0.000   -8.000   
20.120   20.120   0.000   0.000   0.000   -10.000   
20.120   20.120   0.000   0.000   0.000   -8.000   
20.120   20.120   0.000   0.000   0.000   -9.000   
20.120   20.120   0.000   0.000   0.000   -9.000   
20.120   20.120   0.000   0.000   0.000   -11.000   
20.120   20.120   0.000   0.000   0.000   -9.000   
20.120   20.120   0.000   0.000   0.000   -10.000   
20.120   20.120   0.000   0.000   0.000   -7.000   
20.120   20.120   0.000   0.000   0.000   -9.000   
20.120   20.120   0.000   0.000   0.000   -9.000   
20.120   20.120   0.000   0.000   0.000   -9.000   
20.120   20.120   0.000   0.000   0.000   -9.000   
20.120   20.120   0.000   0.000   0.000   -11.000   
20.120   20.120   0.000   0.000   0.000   -10.000   
20.120   20.120   0.000   0.000   0.000   -7.000   
20.120   20.120   0.000   0.000   0.000   -1.000   
20.120   20.120   0.000   0.000   0.000   0.000   
20.120   20.120   0.000   0.000   0.000   0.000   
20.120   20.120   0.000   0.000   0.000   3.000   
20.120   20.120   0.000   0.000   0.000   -3.000   
20.120   20.120   0.000   0.000   0.000   0.000   
20.120   20.120   0.000   0.000   0.000   -2.000   
20.120   20.120   0.000   0.000   0.000   0.000   
20.120   20.120   0.000   0.000   0.000   0.000   
20.120   20.120   0.000   0.000   0.000   1.000   
20.120   20.120   0.000   0.000   0.000   -1.000   
20.120   20.120   0.000   0.000   0.000   -1.000   
20.120   20.120   0.000   0.000   0.000   -1.000   
20.120   20.120   0.000   0.000   0.000   1.000   
20.120   20.120   0.000   0.000   0.000   0.000   
20.120   20.120   0.000   0.000   0.000   0.000   
20.120   20.120   0.000   0.000   0.000   0.000   
20.120   20.120   0.000   0.000   0.000   -1.000   
20.120   20.120   0.000   0.000   0.000   0.000   
20.120   20.120   0.000   0.000   0.000   0.000   
20.120   20.120   0.000   0.000   0.000   2.000   
20.120   20.120   0.000   0.000   0.000   -1.000   
20.120   20.120   0.000   0.000   0.000   -1.000   
20.120   20.120   0.000   0.000   0.000   0.000   
20.120   20.120   0.000   0.000   0.000   1.000   
20.120   20.120   0.000   0.000   0.000   -1.000   
20.120   20.120   0.000   0.000   0.000   -1.000   
20.120   20.120   0.000   0.000   0.000   -1.000   
20.120   20.120   0.000   0.000   0.000   -1.000   
20.120   20.120   0.000   0.000   0.000   -2.000   
20.120   20.120   0.000   0.000   0.000   0.000   
20.120   20.120   0.000   0.000   0.000   -1.000   
20.120   20.120   0.000   0.000   0.000   -1.000   
20.120   20.120   0.000   0.000   0.000   0.000   
20.120   20.120   0.000   0.000   0.000   -1.000   
20.120   20.120   0.000   0.000   0.000   -4.000   
20.120   20.120   0.000   0.000   0.000   0.000   
20.120   20.120   0.000   0.000   0.000   -1.000   
20.120   20.120   0.000   0.000   0.000   -3.000   
20.120   20.120   0.000   0.000   0.000   -1.000   
20.120   20.120   0.000   0.000   0.000   -3.000   
20.120   20.120   0.000   0.000   0.000   -3.000   
20.120   20.120   0.000   0.000   0.000   2.000   
20.120   20.120   0.000   0.000   0.000   -1.000   
20.120   20.120   0.000   0.000   0.000   2.000   
20.120   20.120   0.000   0.000   0.000   -1.000   
20.120   20.120   0.000   0.000   0.000   2.000   
20.120   20.120   0.000   0.000   0.000   0.000   
20.120   20.120   0.000   0.000   0.000   -2.000   
20.120   20.120   0.000   0.000   0.000   -2.000   
20.120   20.120   0.000   0.000   0.000   0.000   
20.120   20.120   0.000   0.000   0.000   0.000   
20.120   20.120   0.000   0.000   0.000   1.000   
20.120   20.120   0.000   0.000   0.000   -1.000   
20.120   20.120   0.000   0.000   0.000   1.000   
20.120   20.120   0.000   0.000   0.000   -1.000   
20.120   20.120   0.000   0.000   0.000   4.000   
20.120   20.120   0.000   0.000   0.000   -1.000   
20.120   20.120   0.000   0.000   0.000   2.000   
20.120   20.120   0.000   0.000   0.000   0.000   
20.120   20.120   0.000   0.000   0.000   -1.000   
20.120   20.120   0.000   0.000   0.000   -1.000   
20.120   20.120   0.000   0.000   0.000   -1.000   
20.120   20.120   0.000   0.000   0.000   0.000   
20.120   20.120   0.000   0.000   0.000   -1.000   
20.120   20.120   0.000   0.000   0.000   0.000   
20.120   20.120   0.000   0.000   0.000   2.000   
20.120   20.120   0.000   0.000   0.000   -1.000   
20.120   20.120   0.000   0.000   0.000   0.000   
20.120   20.120   0.000   0.000   0.000   -1.000   
20.120   20.120   0.000   0.000   0.000   0.000   
20.120   20.120   0.000   0.000   0.000   0.000   
20.120   20.120   0.000   0.000   0.000   0.000   
20.120   20.120   0.000   0.000   0.000   1.000   
20.120   20.120   0.000   0.000   0.000   0.000   
20.120   20.120   0.000   0.000   0.000   -2.000   
20.120   20.120   0.000   0.000   0.000   0.000   
20.120   20.120   0.000   0.000   0.000   -1.000   
20.120   20.120   0.000   0.000   0.000   -1.000   
20.120   20.120   0.000   0.000   0.000   1.000   
20.120   20.120   0.000   0.000   0.000   -2.000   
20.120   20.120   0.000   0.000   0.000   -1.000   
20.120   20.120   0.000   0.000   0.000   1.000   
20.120   20.120   0.000   0.000   0.000   6.000   
20.120   20.120   0.000   0.000   0.000   -1.000   
20.120   20.120   0.000   0.000   0.000   3.000   
20.120   20.120   0.000   0.000   0.000   -2.000   
20.120   20.120   0.000   0.000   0.000   2.000   
20.120   20.120   0.000   0.000   0.000   3.000   
20.120   20.120   0.000   0.000   0.000   2.000   
20.120   20.120   0.000   0.000   0.000   2.000   
20.120   20.120   0.000   0.000   0.000   0.000   
20.120   20.120   0.000   0.000   0.000   3.000   
20.120   20.120   0.000   0.000   0.000   0.000   
20.120   20.120   0.000   0.000   0.000   1.000   
20.120   20.120   0.000   0.000   0.000   -2.000   
20.120   20.120   0.000   0.000   0.000   4.000   
20.120   20.120   0.000   0.000   0.000   0.000   
20.120   20.120   0.000   0.000   0.000   2.000   
20.120   20.120   0.000   0.000   0.000   -1.000   
20.120   20.120   0.000   0.000   0.000   2.000   
20.120   20.120   0.000   0.000   0.000   5.000   
20.120   20.120   0.000   0.000   0.000   0.000   
20.120   20.120   0.000   0.000   0.000   0.000   
20.120   20.120   0.000   0.000   0.000   -2.000   
20.120   20.120   0.000   0.000   0.000   1.000   
20.120   20.120   0.000   0.000   0.000   0.000   
20.120   20.120   0.000   0.000   0.000   -2.000   
20.120   20.120   0.000   0.000   0.000   -3.000   
20.120   20.120   0.000   0.000   0.000   -3.000   
20.120   20.120   0.000   0.000   0.000   -1.000   
20.120   20.120   0.000   0.000   0.000   3.000   
20.120   20.120   0.000   0.000   0.000   1.000   
20.120   20.120   0.000   0.000   0.000   0.000   
20.120   20.120   0.000   0.000   0.000   -1.000   
20.120   20.120   0.000   0.000   0.000   -1.000   
20.120   20.120   0.000   0.000   0.000   4.000   
20.120   20.120   0.000   0.000   0.000   -1.000   
20.120   20.120   0.000   0.000   0.000   0.000   
20.120   20.120   0.000   0.000   0.000   -1.000   
20.120   20.120   0.000   0.000   0.000   0.000   
20.120   20.120   0.000   0.000   0.000   0.000   
20.120   20.120   0.000   0.000   0.000   1.000   
20.120   20.120   0.000   0.000   0.000   0.000   
20.120   20.120   0.000   0.000   0.000   3.000   
20.120   20.120   0.000   0.000   0.000   8.000   
20.120   20.120   0.000   0.000   0.000   4.000   
20.120   20.120   0.000   0.000   0.000   8.000   
20.120   20.120   0.000   0.000   0.000   -4.000   
20.120   20.120   0.000   0.000   0.000   5.000   
20.120   20.120   0.000   0.000   0.000   7.000   
20.120   20.120   0.000   0.000   0.000   5.000   
20.120   20.120   0.000   0.000   0.000   5.000   
20.120   20.120   0.000   0.000   0.000   6.000   
20.120   20.120   0.000   0.000   0.000   8.000   
20.120   20.120   0.000   0.000   0.000   7.000   
20.120   20.120   0.000   0.000   0.000   7.000   
20.120   20.120   0.000   0.000   0.000   8.000   
20.120   20.120   0.000   0.000   0.000   6.000   
20.120   20.120   0.000   0.000   0.000   5.000   
20.120   20.120   0.000   0.000   0.000   7.000   
20.120   20.120   0.000   0.000   0.000   6.000   
20.120   20.120   0.000   0.000   0.000   7.000   
20.120   20.120   0.000   0.000   0.000   8.000   
20.120   20.120   0.000   0.000   0.000   6.000   
20.120   20.120   0.000   0.000   0.000   6.000   
20.120   20.120   0.000   0.000   0.000   6.000   
20.120   20.120   0.000   0.000   0.000   7.000   
20.120   20.120   0.000   0.000   0.000   5.000   
20.120   20.120   0.000   0.000   0.000   6.000   
20.120   20.120   0.000   0.000   0.000   7.000   
20.120   20.120   0.000   0.000   0.000   7.000   
20.120   20.120   0.000   0.000   0.000   8.000   
20.120   20.120   0.000   0.000   0.000   5.000   
20.120   20.120   0.000   0.000   0.000   7.000   
20.120   20.120   0.000   0.000   0.000   5.000   
20.120   20.120   0.000   0.000   0.000   8.000   
20.120   20.120   0.000   0.000   0.000   6.000   
20.120   20.120   0.000   0.000   0.000   6.000   
20.120   20.120   0.000   0.000   0.000   8.000   
20.120   20.120   0.000   0.000   0.000   6.000   
20.120   20.120   0.000   0.000   0.000   4.000   
20.120   20.120   0.000   0.000   0.000   5.000   
20.120   20.120   0.000   0.000   0.000   7.000   
20.120   20.120   0.000   0.000   0.000   6.000   
20.120   20.120   0.000   0.000   0.000   8.000   
20.120   20.120   0.000   0.000   0.000   5.000   
20.120   20.120   0.000   0.000   0.000   0.000   
20.120   20.120   0.000   0.000   0.000   0.000   
20.120   20.120   0.000   0.000   0.000   -3.000   
20.120   20.120   0.000   0.000   0.000   -2.000   
20.120   20.120   0.000   0.000   0.000   -2.000   
20.120   20.120   0.000   0.000   0.000   -1.000   
20.120   20.120   0.000   0.000   0.000   -1.000   
20.120   20.120   0.000   0.000   0.000   -3.000   
20.120   20.120   0.000   0.000   0.000   -4.000   
20.120   20.120   0.000   0.000   0.000   -1.000   
20.120   20.120   0.000   0.000   0.000   0.000   
20.120   20.120   0.000   0.000   0.000   -2.000   
20.120   20.120   0.000   0.000   0.000   0.000   
20.120   20.120   0.000   0.000   0.000   -3.000   
20.120   20.120   0.000   0.000   0.000   -2.000   
20.120   20.120   0.000   0.000   0.000   -1.000   
20.120   20.120   0.000   0.000   0.000   -2.000   
20.120   20.120   0.000   0.000   0.000   -2.000   
20.120   20.120   0.000   0.000   0.000   -4.000   
20.120   20.120   0.000   0.000   0.000   -1.000   
20.120   20.120   0.000   0.000   0.000   -5.000   
20.120   20.120   0.000   0.000   0.000   0.000   
20.120   20.120   0.000   0.000   0.000   -3.000   
20.120   20.120   0.000   0.000   0.000   0.000   
20.120   20.120   0.000   0.000   0.000   -3.000   
20.120   20.120   0.000   0.000   0.000   -1.000   
20.120   20.120   0.000   0.000   0.000   -1.000   
20.120   20.120   0.000   0.000   0.000   1.000   
20.120   20.120   0.000   0.000   0.000   0.000   
20.120   20.120   0.000   0.000   0.000   -1.000   
20.120   20.120   0.000   0.000   0.000   2.000   
20.120   20.120   0.000   0.000   0.000   -1.000   
20.120   20.120   0.000   0.000   0.000   -2.000   
20.120   20.120   0.000   0.000   0.000   -4.000   
20.120   20.120   0.000   0.000   0.000   0.000   
20.120   20.120   0.000   0.000   0.000   -1.000   
20.120   20.120   0.000   0.000   0.000   0.000   
20.120   20.120   0.000   0.000   0.000   1.000   
20.120   20.120   0.000   0.000   0.000   -3.000   
20.120   20.120   0.000   0.000   0.000   0.000   
20.120   20.120   0.000   0.000   0.000   -1.000   
20.120   20.120   0.000   0.000   0.000   -3.000   
20.120   20.120   0.000   0.000   0.000   -3.000   
20.120   20.120   0.000   0.000   0.000   1.000   
20.120   20.120   0.000   0.000   0.000   -3.000   
20.120   20.120   0.000   0.000   0.000   -8.000   
20.120   20.120   0.000   0.000   0.000   6.000   
20.120   20.120   0.000   0.000   0.000   -2.000   
20.120   20.120   0.000   0.000   0.000   0.000   
20.120   20.120   0.000   0.000   0.000   0.000   
20.120   20.120   0.000   0.000   0.000   -1.000   
20.120   20.120   0.000   0.000   0.000   2.000   
20.120   20.120   0.000   0.000   0.000   -1.000   
20.120   20.120   0.000   0.000   0.000   1.000   
20.120   20.120   0.000   0.000   0.000   0.000   
20.120   20.120   0.000   0.000   0.000   1.000   
20.120   20.120   0.000   0.000   0.000   0.000   
20.120   20.120   0.000   0.000   0.000   -4.000   
20.120   20.120   0.000   0.000   0.000   -1.000   
20.120   20.120   0.000   0.000   0.000   0.000   
20.120   20.120   0.000   0.000   0.000   -4.000   
20.120   20.120   0.000   0.000   0.000   2.000   
20.120   20.120   0.000   0.000   0.000   0.000   
20.120   20.120   0.000   0.000   0.000   -1.000   
20.120   20.120   0.000   0.000   0.000   -1.000   
20.120   20.120   0.000   0.000   0.000   -1.000   
20.120   20.120   0.000   0.000   0.000   -1.000   
20.120   20.120   0.000   0.000   0.000   -1.000   
20.120   20.120   0.000   0.000   0.000   0.000   
20.120   20.120   0.000   0.000   0.000   -1.000   
20.120   20.120   0.000   0.000   0.000   -1.000   
20.120   20.120   0.000   0.000   0.000   2.000   
20.120   20.120   0.000   0.000   0.000   1.000   
20.120   20.120   0.000   0.000   0.000   -1.000   
20.120   20.120   0.000   0.000   0.000   1.000   
20.120   20.120   0.000   0.000   0.000   2.000   
20.120   20.120   0.000   0.000   0.000   -1.000   
20.120   20.120   0.000   0.000   0.000   -3.000   
20.120   20.120   0.000   0.000   0.000   -2.000   
20.120   20.120   0.000   0.000   0.000   -1.000   
20.120   20.120   0.000   0.000   0.000   -2.000   
20.120   20.120   0.000   0.000   0.000   -3.000   
20.120   20.120   0.000   0.000   0.000   0.000   
20.120   20.120   0.000   0.000   0.000   1.000   
20.120   20.120   0.000   0.000   0.000   -1.000   
20.120   20.120   0.000   0.000   0.000   -1.000   
20.120   20.120   0.000   0.000   0.000   1.000   
20.120   20.120   0.000   0.000   0.000   1.000   
20.120   20.120   0.000   0.000   0.000   0.000   
20.120   20.120   0.000   0.000   0.000   1.000   
20.120   20.120   0.000   0.000   0.000   -3.000   
20.120   20.120   0.000   0.000   0.000   -1.000   
20.120   20.120   0.000   0.000   0.000   0.000   
20.120   20.120   0.000   0.000   0.000   1.000   
20.120   20.120   0.000   0.000   0.000   0.000   
20.120   20.120   0.000   0.000   0.000   -1.000   
20.120   20.120   0.000   0.000   0.000   -1.000   
20.120   20.120   0.000   0.000   0.000   1.000   
20.120   20.120   0.000   0.000   0.000   1.000   
20.120   20.120   0.000   0.000   0.000   0.000   
20.120   20.120   0.000   0.000   0.000   1.000   
20.120   20.120   0.000   0.000   0.000   -2.000   
20.120   20.120   0.000   0.000   0.000   0.000   
20.120   20.120   0.000   0.000   0.000   0.000   
20.120   20.120   0.000   0.000   0.000   -3.000   
20.120   20.120   0.000   0.000   0.000   -1.000   
20.120   20.120   0.000   0.000   0.000   1.000   
20.120   20.120   0.000   0.000   0.000   1.000   
20.120   20.120   0.000   0.000   0.000   0.000   
20.120   20.120   0.000   0.000   0.000   0.000   
20.120   20.120   0.000   0.000   0.000   -2.000   
20.120   20.120   0.000   0.000   0.000   -2.000   
20.120   20.120   0.000   0.000   0.000   -1.000   
20.120   20.120   0.000   0.000   0.000   -1.000   
20.120   20.120   0.000   0.000   0.000   0.000   
20.120   20.120   0.000   0.000   0.000   -2.000   
20.120   20.120   0.000   0.000   0.000   0.000   
20.120   20.120   0.000   0.000   0.000   1.000   
20.120   20.120   0.000   0.000   0.000   -3.000   
20.120   20.120   0.000   0.000   0.000   1.000   
20.120   20.120   0.000   0.000   0.000   -2.000   
20.120   20.120   0.000   0.000   0.000   -2.000   
20.120   20.120   0.000   0.000   0.000   -4.000   
20.120   20.120   0.000   0.000   0.000   -2.000   
20.120   20.120   0.000   0.000   0.000   -1.000   
20.120   20.120   0.000   0.000   0.000   0.000   
20.120   20.120   0.000   0.000   0.000   -9.000   
20.120   20.120   0.000   0.000   0.000   -7.000   
20.120   20.120   0.000   0.000   0.000   -8.000   
20.120   20.120   0.000   0.000   0.000   -7.000   
20.120   20.120   0.000   0.000   0.000   -8.000   
20.120   20.120   0.000   0.000   0.000   -12.000   
20.120   20.120   0.000   0.000   0.000   -8.000   
20.120   20.120   0.000   0.000   0.000   -9.000   
20.120   20.120   0.000   0.000   0.000   -9.000   
20.120   20.120   0.000   0.000   0.000   -9.000   
20.120   20.120   0.000   0.000   0.000   -9.000   
20.120   20.120   0.000   0.000   0.000   -5.000   
20.120   20.120   0.000   0.000   0.000   -7.000   
20.120   20.120   0.000   0.000   0.000   -4.000   
20.120   20.120   0.000   0.000   0.000   -9.000   
20.120   20.120   0.000   0.000   0.000   -8.000   
20.120   20.120   0.000   0.000   0.000   -7.000   
20.120   20.120   0.000   0.000   0.000   -5.000   
20.120   20.120   0.000   0.000   0.000   -11.000   
20.120   20.120   0.000   0.000   0.000   -7.000   
20.120   20.120   0.000   0.000   0.000   -5.000   
20.120   20.120   0.000   0.000   0.000   -7.000   
20.120   20.120   0.000   0.000   0.000   -8.000   
20.120   20.120   0.000   0.000   0.000   -8.000   
20.120   20.120   0.000   0.000   0.000   -6.000   
20.120   20.120   0.000   0.000   0.000   -10.000   
20.120   20.120   0.000   0.000   0.000   -7.000   
20.120   20.120   0.000   0.000   0.000   -9.000   
20.120   20.120   0.000   0.000   0.000   -7.000   
20.120   20.120   0.000   0.000   0.000   -6.000   
20.120   20.120   0.000   0.000   0.000   -9.000   
20.120   20.120   0.000   0.000   0.000   -6.000   
20.120   20.120   0.000   0.000   0.000   -8.000   
20.120   20.120   0.000   0.000   0.000   -4.000   
20.120   20.120   0.000   0.000   0.000   -5.000   
20.120   20.120   0.000   0.000   0.000   -7.000   
20.120   20.120   0.000   0.000   0.000   -9.000   
20.120   20.120   0.000   0.000   0.000   -4.000   
20.120   20.120   0.000   0.000   0.000   -6.000   
20.120   20.120   0.000   0.000   0.000   -6.000   
20.120   20.120   0.000   0.000   0.000   -8.000   
20.120   20.120   0.000   0.000   0.000   -9.000   
20.120   20.120   0.000   0.000   0.000   0.000   
20.120   20.120   0.000   0.000   0.000   -2.000   
20.120   20.120   0.000   0.000   0.000   -2.000   
20.120   20.120   0.000   0.000   0.000   -1.000   
20.120   20.120   0.000   0.000   0.000   -1.000   
20.120   20.120   0.000   0.000   0.000   -3.000   
20.120   20.120   0.000   0.000   0.000   -3.000   
20.120   20.120   0.000   0.000   0.000   -2.000   
20.120   20.120   0.000   0.000   0.000   0.000   
20.120   20.120   0.000   0.000   0.000   0.000   
20.120   20.120   0.000   0.000   0.000   -2.000   
20.120   20.120   0.000   0.000   0.000   -1.000   
20.120   20.120   0.000   0.000   0.000   -3.000   
20.120   20.120   0.000   0.000   0.000   1.000   
20.120   20.120   0.000   0.000   0.000   0.000   
20.120   20.120   0.000   0.000   0.000   -1.000   
20.120   20.120   0.000   0.000   0.000   -1.000   
20.120   20.120   0.000   0.000   0.000   -2.000   
20.120   20.120   0.000   0.000   0.000   -1.000   
20.120   20.120   0.000   0.000   0.000   1.000   
20.120   20.120   0.000   0.000   0.000   -1.000   
20.120   20.120   0.000   0.000   0.000   0.000   
20.120   20.120   0.000   0.000   0.000   0.000   
20.120   20.120   0.000   0.000   0.000   -1.000   
20.120   20.120   0.000   0.000   0.000   -4.000   
20.120   20.120   0.000   0.000   0.000   0.000   
20.120   20.120   0.000   0.000   0.000   -1.000   
20.120   20.120   0.000   0.000   0.000   -1.000   
20.120   20.120   0.000   0.000   0.000   0.000   
20.120   20.120   0.000   0.000   0.000   1.000   
20.120   20.120   0.000   0.000   0.000   0.000   
20.120   20.120   0.000   0.000   0.000   -1.000   
20.120   20.120   0.000   0.000   0.000   0.000   
20.120   20.120   0.000   0.000   0.000   -2.000   
20.120   20.120   0.000   0.000   0.000   1.000   
20.120   20.120   0.000   0.000   0.000   -2.000   
20.120   20.120   0.000   0.000   0.000   1.000   
20.120   20.120   0.000   0.000   0.000   -1.000   
20.120   20.120   0.000   0.000   0.000   -3.000   
20.120   20.120   0.000   0.000   0.000   1.000   
20.120   20.120   0.000   0.000   0.000   -2.000   
20.120   20.120   0.000   0.000   0.000   5.000   
20.120   20.120   0.000   0.000   0.000   1.000   
20.120   20.120   0.000   0.000   0.000   1.000   
20.120   20.120   0.000   0.000   0.000   -1.000   
20.120   20.120   0.000   0.000   0.000   -1.000   
20.120   20.120   0.000   0.000   0.000   0.000   
20.120   20.120   0.000   0.000   0.000   -1.000   
20.120   20.120   0.000   0.000   0.000   0.000   
20.120   20.120   0.000   0.000   0.000   0.000   
20.120   20.120   0.000   0.000   0.000   -3.000   
20.120   20.120   0.000   0.000   0.000   0.000   
20.120   20.120   0.000   0.000   0.000   -1.000   
20.120   20.120   0.000   0.000   0.000   -1.000   
20.120   20.120   0.000   0.000   0.000   -1.000   
20.120   20.120   0.000   0.000   0.000   -1.000   
20.120   20.120   0.000   0.000   0.000   -1.000   
20.120   20.120   0.000   0.000   0.000   1.000   
20.120   20.120   0.000   0.000   0.000   -1.000   
20.120   20.120   0.000   0.000   0.000   -1.000   
20.120   20.120   0.000   0.000   0.000   1.000   
20.120   20.120   0.000   0.000   0.000   -1.000   
20.120   20.120   0.000   0.000   0.000   0.000   
20.120   20.120   0.000   0.000   0.000   1.000   
20.120   20.120   0.000   0.000   0.000   1.000   
20.120   20.120   0.000   0.000   0.000   -1.000   
20.120   20.120   0.000   0.000   0.000   -1.000   
20.120   20.120   0.000   0.000   0.000   1.000   
20.120   20.120   0.000   0.000   0.000   -1.000   
20.120   20.120   0.000   0.000   0.000   -4.000   
20.120   20.120   0.000   0.000   0.000   0.000   
20.120   20.120   0.000   0.000   0.000   -1.000   
20.120   20.120   0.000   0.000   0.000   3.000   
20.120   20.120   0.000   0.000   0.000   0.000   
20.120   20.120   0.000   0.000   0.000   -1.000   
20.120   20.120   0.000   0.000   0.000   -1.000   
20.120   20.120   0.000   0.000   0.000   -1.000   
20.120   20.120   0.000   0.000   0.000   -1.000   
20.120   20.120   0.000   0.000   0.000   -1.000   
20.120   20.120   0.000   0.000   0.000   -2.000   
20.120   20.120   0.000   0.000   0.000   1.000   
20.120   20.120   0.000   0.000   0.000   -1.000   
20.120   20.120   0.000   0.000   0.000   -1.000   
20.120   20.120   0.000   0.000   0.000   -2.000   
20.120   20.120   0.000   0.000   0.000   -1.000   
20.120   20.120   0.000   0.000   0.000   -1.000   
20.120   20.120   0.000   0.000   0.000   -1.000   
20.120   20.120   0.000   0.000   0.000   -1.000   
20.120   20.120   0.000   0.000   0.000   3.000   
20.120   20.120   0.000   0.000   0.000   -2.000   
20.120   20.120   0.000   0.000   0.000   -1.000   
20.120   20.120   0.000   0.000   0.000   0.000   
20.120   20.120   0.000   0.000   0.000   1.000   
20.120   20.120   0.000   0.000   0.000   -1.000   
20.120   20.120   0.000   0.000   0.000   -2.000   
20.120   20.120   0.000   0.000   0.000   0.000   
20.120   20.120   0.000   0.000   0.000   3.000   
20.120   20.120   0.000   0.000   0.000   4.000   
20.120   20.120   0.000   0.000   0.000   3.000   
20.120   20.120   0.000   0.000   0.000   -2.000   
20.120   20.120   0.000   0.000   0.000   1.000   
20.120   20.120   0.000   0.000   0.000   2.000   
20.120   20.120   0.000   0.000   0.000   3.000   
20.120   20.120   0.000   0.000   0.000   4.000   
20.120   20.120   0.000   0.000   0.000   -1.000   
20.120   20.120   0.000   0.000   0.000   1.000   
20.120   20.120   0.000   0.000   0.000   -1.000   
20.120   20.120   0.000   0.000   0.000   -3.000   
20.120   20.120   0.000   0.000   0.000   0.000   
20.120   20.120   0.000   0.000   0.000   0.000   
20.120   20.120   0.000   0.000   0.000   3.000   
20.120   20.120   0.000   0.000   0.000   -1.000   
20.120   20.120   0.000   0.000   0.000   1.000   
20.120   20.120   0.000   0.000   0.000   1.000   
20.120   20.120   0.000   0.000   0.000   3.000   
20.120   20.120   0.000   0.000   0.000   4.000   
20.120   20.120   0.000   0.000   0.000   1.000   
20.120   20.120   0.000   0.000   0.000   0.000   
20.120   20.120   0.000   0.000   0.000   -1.000   
20.120   20.120   0.000   0.000   0.000   -1.000   
20.120   20.120   0.000   0.000   0.000   3.000   
20.120   20.120   0.000   0.000   0.000   -1.000   
20.120   20.120   0.000   0.000   0.000   1.000   
20.120   20.120   0.000   0.000   0.000   0.000   
20.120   20.120   0.000   0.000   0.000   0.000   
20.120   20.120   0.000   0.000   0.000   -1.000   
20.120   20.120   0.000   0.000   0.000   4.000   
20.120   20.120   0.000   0.000   0.000   8.000   
20.120   20.120   0.000   0.000   0.000   7.000   
20.120   20.120   0.000   0.000   0.000   8.000   
20.120   20.120   0.000   0.000   0.000   7.000   
20.120   20.120   0.000   0.000   0.000   4.000   
20.120   20.120   0.000   0.000   0.000   6.000   
20.120   20.120   0.000   0.000   0.000   6.000   
20.120   20.120   0.000   0.000   0.000   6.000   
20.120   20.120   0.000   0.000   0.000   7.000   
20.120   20.120   0.000   0.000   0.000   8.000   
20.120   20.120   0.000   0.000   0.000   7.000   
20.120   20.120   0.000   0.000   0.000   7.000   
20.120   20.120   0.000   0.000   0.000   7.000   
20.120   20.120   0.000   0.000   0.000   7.000   
20.120   20.120   0.000   0.000   0.000   6.000   
20.120   20.120   0.000   0.000   0.000   7.000   
20.120   20.120   0.000   0.000   0.000   6.000   
20.120   20.120   0.000   0.000   0.000   6.000   
20.120   20.120   0.000   0.000   0.000   8.000   
20.120   20.120   0.000   0.000   0.000   8.000   
20.120   20.120   0.000   0.000   0.000   8.000   
20.120   20.120   0.000   0.000   0.000   11.000   
20.120   20.120   0.000   0.000   0.000   7.000   
20.120   20.120   0.000   0.000   0.000   6.000   
20.120   20.120   0.000   0.000   0.000   7.000   
20.120   20.120   0.000   0.000   0.000   6.000   
20.120   20.120   0.000   0.000   0.000   7.000   
20.120   20.120   0.000   0.000   0.000   8.000   
20.120   20.120   0.000   0.000   0.000   7.000   
20.120   20.120   0.000   0.000   0.000   4.000   
20.120   20.120   0.000   0.000   0.000   5.000   
20.120   20.120   0.000   0.000   0.000   9.000   
20.120   20.120   0.000   0.000   0.000   4.000   
20.120   20.120   0.000   0.000   0.000   10.000   
20.120   20.120   0.000   0.000   0.000   8.000   
20.120   20.120   0.000   0.000   0.000   8.000   
20.120   20.120   0.000   0.000   0.000   4.000   
20.120   20.120   0.000   0.000   0.000   7.000   
20.120   20.120   0.000   0.000   0.000   7.000   
20.120   20.120   0.000   0.000   0.000   9.000   
20.120   20.120   0.000   0.000   0.000   8.000   
20.120   20.120   0.000   0.000   0.000   -1.000   
20.120   20.120   0.000   0.000   0.000   -1.000   
20.120   20.120   0.000   0.000   0.000   -1.000   
20.120   20.120   0.000   0.000   0.000   1.000   
20.120   20.120   0.000   0.000   0.000   -1.000   
20.120   20.120   0.000   0.000   0.000   0.000   
20.120   20.120   0.000   0.000   0.000   -2.000   
20.120   20.120   0.000   0.000   0.000   -1.000   
20.120   20.120   0.000   0.000   0.000   -2.000   
20.120   20.120   0.000   0.000   0.000   -5.000   
20.120   20.120   0.000   0.000   0.000   -3.000   
20.120   20.120   0.000   0.000   0.000   -2.000   
20.120   20.120   0.000   0.000   0.000   -3.000   
20.120   20.120   0.000   0.000   0.000   -1.000   
20.120   20.120   0.000   0.000   0.000   0.000   
20.120   20.120   0.000   0.000   0.000   -2.000   
20.120   20.120   0.000   0.000   0.000   -1.000   
20.120   20.120   0.000   0.000   0.000   0.000   
20.120   20.120   0.000   0.000   0.000   0.000   
20.120   20.120   0.000   0.000   0.000   -4.000   
20.120   20.120   0.000   0.000   0.000   -2.000   
20.120   20.120   0.000   0.000   0.000   -1.000   
20.120   20.120   0.000   0.000   0.000   -4.000   
20.120   20.120   0.000   0.000   0.000   -2.000   
20.120   20.120   0.000   0.000   0.000   -3.000   
20.120   20.120   0.000   0.000   0.000   -6.000   
20.120   20.120   0.000   0.000   0.000   -1.000   
20.120   20.120   0.000   0.000   0.000   -3.000   
20.120   20.120   0.000   0.000   0.000   -2.000   
20.120   20.120   0.000   0.000   0.000   -5.000   
20.120   20.120   0.000   0.000   0.000   -3.000   
20.120   20.120   0.000   0.000   0.000   2.000   
20.120   20.120   0.000   0.000   0.000   0.000   
20.120   20.120   0.000   0.000   0.000   0.000   
20.120   20.120   0.000   0.000   0.000   -2.000   
20.120   20.120   0.000   0.000   0.000   2.000   
20.120   20.120   0.000   0.000   0.000   -1.000   
20.120   20.120   0.000   0.000   0.000   1.000   
20.120   20.120   0.000   0.000   0.000   0.000   
20.120   20.120   0.000   0.000   0.000   0.000   
20.120   20.120   0.000   0.000   0.000   -3.000   
20.120   20.120   0.000   0.000   0.000   1.000   
20.120   20.120   0.000   0.000   0.000   0.000   
20.120   20.120   0.000   0.000   0.000   -3.000   
20.120   20.120   0.000   0.000   0.000   -2.000   
20.120   20.120   0.000   0.000   0.000   -1.000   
20.120   20.120   0.000   0.000   0.000   0.000   
20.120   20.120   0.000   0.000   0.000   0.000   
20.120   20.120   0.000   0.000   0.000   -3.000   
20.120   20.120   0.000   0.000   0.000   -2.000   
20.120   20.120   0.000   0.000   0.000   0.000   
20.120   20.120   0.000   0.000   0.000   -2.000   
20.120   20.120   0.000   0.000   0.000   -2.000   
20.120   20.120   0.000   0.000   0.000   0.000   
20.120   20.120   0.000   0.000   0.000   -1.000   
20.120   20.120   0.000   0.000   0.000   -1.000   
20.120   20.120   0.000   0.000   0.000   -1.000   
20.120   20.120   0.000   0.000   0.000   -3.000   
20.120   20.120   0.000   0.000   0.000   3.000   
20.120   20.120   0.000   0.000   0.000   1.000   
20.120   20.120   0.000   0.000   0.000   -3.000   
20.120   20.120   0.000   0.000   0.000   -3.000   
20.120   20.120   0.000   0.000   0.000   -2.000   
20.120   20.120   0.000   0.000   0.000   0.000   
20.120   20.120   0.000   0.000   0.000   -1.000   
20.120   20.120   0.000   0.000   0.000   0.000   
20.120   20.120   0.000   0.000   0.000   0.000   
20.120   20.120   0.000   0.000   0.000   2.000   
20.120   20.120   0.000   0.000   0.000   0.000   
20.120   20.120   0.000   0.000   0.000   -1.000   
20.120   20.120   0.000   0.000   0.000   -2.000   
20.120   20.120   0.000   0.000   0.000   -1.000   
20.120   20.120   0.000   0.000   0.000   -2.000   
20.120   20.120   0.000   0.000   0.000   0.000   
20.120   20.120   0.000   0.000   0.000   1.000   
20.120   20.120   0.000   0.000   0.000   0.000   
20.120   20.120   0.000   0.000   0.000   1.000   
20.120   20.120   0.000   0.000   0.000   0.000   
20.120   20.120   0.000   0.000   0.000   -1.000   
20.120   20.120   0.000   0.000   0.000   0.000   
20.120   20.120   0.000   0.000   0.000   0.000   
20.120   20.120   0.000   0.000   0.000   0.000   
20.120   20.120   0.000   0.000   0.000   -3.000   
20.120   20.120   0.000   0.000   0.000   2.000   
20.120   20.120   0.000   0.000   0.000   0.000   
20.120   20.120   0.000   0.000   0.000   -2.000   
20.120   20.120   0.000   0.000   0.000   -1.000   
20.120   20.120   0.000   0.000   0.000   -1.000   
20.120   20.120   0.000   0.000   0.000   -1.000   
20.120   20.120   0.000   0.000   0.000   1.000   
20.120   20.120   0.000   0.000   0.000   0.000   
20.120   20.120   0.000   0.000   0.000   0.000   
20.120   20.120   0.000   0.000   0.000   -3.000   
20.120   20.120   0.000   0.000   0.000   -1.000   
20.120   20.120   0.000   0.000   0.000   -3.000   
20.120   20.120   0.000   0.000   0.000   0.000   
20.120   20.120   0.000   0.000   0.000   -2.000   
20.120   20.120   0.000   0.000   0.000   0.000   
20.120   20.120   0.000   0.000   0.000   -2.000   
20.120   20.120   0.000   0.000   0.000   -1.000   
20.120   20.120   0.000   0.000   0.000   1.000   
20.120   20.120   0.000   0.000   0.000   -1.000   
20.120   20.120   0.000   0.000   0.000   -1.000   
20.120   20.120   0.000   0.000   0.000   -2.000   
20.120   20.120   0.000   0.000   0.000   -2.000   
20.120   20.120   0.000   0.000   0.000   0.000   
20.120   20.120   0.000   0.000   0.000   -1.000   
20.120   20.120   0.000   0.000   0.000   0.000   
20.120   20.120   0.000   0.000   0.000   -2.000   
20.120   20.120   0.000   0.000   0.000   0.000   
20.120   20.120   0.000   0.000   0.000   1.000   
20.120   20.120   0.000   0.000   0.000   1.000   
20.120   20.120   0.000   0.000   0.000   0.000   
20.120   20.120   0.000   0.000   0.000   1.000   
20.120   20.120   0.000   0.000   0.000   1.000   
20.120   20.120   0.000   0.000   0.000   2.000   
20.120   20.120   0.000   0.000   0.000   0.000   
20.120   20.120   0.000   0.000   0.000   0.000   
20.120   20.120   0.000   0.000   0.000   -2.000   
20.120   20.120   0.000   0.000   0.000   0.000   
20.120   20.120   0.000   0.000   0.000   2.000   
20.120   20.120   0.000   0.000   0.000   -1.000   
20.120   20.120   0.000   0.000   0.000   -1.000   
20.120   20.120   0.000   0.000   0.000   0.000   
20.120   20.120   0.000   0.000   0.000   -7.000   
20.120   20.120   0.000   0.000   0.000   -7.000   
20.120   20.120   0.000   0.000   0.000   -10.000   
20.120   20.120   0.000   0.000   0.000   -8.000   
20.120   20.120   0.000   0.000   0.000   -10.000   
20.120   20.120   0.000   0.000   0.000   -7.000   
20.120   20.120   0.000   0.000   0.000   -10.000   
20.120   20.120   0.000   0.000   0.000   -8.000   
20.120   20.120   0.000   0.000   0.000   -6.000   
20.120   20.120   0.000   0.000   0.000   -9.000   
20.120   20.120   0.000   0.000   0.000   -9.000   
20.120   20.120   0.000   0.000   0.000   -9.000   
20.120   20.120   0.000   0.000   0.000   -5.000   
20.120   20.120   0.000   0.000   0.000   -7.000   
20.120   20.120   0.000   0.000   0.000   -8.000   
20.120   20.120   0.000   0.000   0.000   -10.000   
20.120   20.120   0.000   0.000   0.000   -6.000   
20.120   20.120   0.000   0.000   0.000   -6.000   
20.120   20.120   0.000   0.000   0.000   -9.000   
20.120   20.120   0.000   0.000   0.000   -7.000   
20.120   20.120   0.000   0.000   0.000   -7.000   
20.120   20.120   0.000   0.000   0.000   -11.000   
20.120   20.120   0.000   0.000   0.000   -8.000   
20.120   20.120   0.000   0.000   0.000   -8.000   
20.120   20.120   0.000   0.000   0.000   -9.000   
20.120   20.120   0.000   0.000   0.000   -10.000   
20.120   20.120   0.000   0.000   0.000   -10.000   
20.120   20.120   0.000   0.000   0.000   -5.000   
20.120   20.120   0.000   0.000   0.000   -9.000   
20.120   20.120   0.000   0.000   0.000   -7.000   
20.120   20.120   0.000   0.000   0.000   -9.000   
20.120   20.120   0.000   0.000   0.000   -8.000   
20.120   20.120   0.000   0.000   0.000   -7.000   
20.120   20.120   0.000   0.000   0.000   -7.000   
20.120   20.120   0.000   0.000   0.000   -6.000   
20.120   20.120   0.000   0.000   0.000   -7.000   
20.120   20.120   0.000   0.000   0.000   -9.000   
20.120   20.120   0.000   0.000   0.000   -8.000   
20.120   20.120   0.000   0.000   0.000   -7.000   
20.120   20.120   0.000   0.000   0.000   -10.000   
20.120   20.120   0.000   0.000   0.000   -8.000   
20.120   20.120   0.000   0.000   0.000   -8.000   
20.120   20.120   0.000   0.000   0.000   -3.000   
20.120   20.120   0.000   0.000   0.000   -2.000   
20.120   20.120   0.000   0.000   0.000   1.000   
20.120   20.120   0.000   0.000   0.000   -2.000   
20.120   20.120   0.000   0.000   0.000   -1.000   
20.120   20.120   0.000   0.000   0.000   1.000   
20.120   20.120   0.000   0.000   0.000   -1.000   
20.120   20.120   0.000   0.000   0.000   -2.000   
20.120   20.120   0.000   0.000   0.000   -1.000   
20.120   20.120   0.000   0.000   0.000   -1.000   
20.120   20.120   0.000   0.000   0.000   0.000   
20.120   20.120   0.000   0.000   0.000   0.000   
20.120   20.120   0.000   0.000   0.000   1.000   
20.120   20.120   0.000   0.000   0.000   -4.000   
20.120   20.120   0.000   0.000   0.000   -1.000   
20.120   20.120   0.000   0.000   0.000   -1.000   
20.120   20.120   0.000   0.000   0.000   -2.000   
20.120   20.120   0.000   0.000   0.000   0.000   
20.120   20.120   0.000   0.000   0.000   0.000   
20.120   20.120   0.000   0.000   0.000   -1.000   
20.120   20.120   0.000   0.000   0.000   -1.000   
20.120   20.120   0.000   0.000   0.000   -1.000   
20.120   20.120   0.000   0.000   0.000   -1.000   
20.120   20.120   0.000   0.000   0.000   0.000   
20.120   20.120   0.000   0.000   0.000   0.000   
20.120   20.120   0.000   0.000   0.000   -1.000   
20.120   20.120   0.000   0.000   0.000   -2.000   
20.120   20.120   0.000   0.000   0.000   -1.000   
20.120   20.120   0.000   0.000   0.000   1.000   
20.120   20.120   0.000   0.000   0.000   -2.000   
20.120   20.120   0.000   0.000   0.000   -2.000   
20.120   20.120   0.000   0.000   0.000   -1.000   
20.120   20.120   0.000   0.000   0.000   -3.000   
20.120   20.120   0.000   0.000   0.000   -4.000   
20.120   20.120   0.000   0.000   0.000   -1.000   
20.120   20.120   0.000   0.000   0.000   -4.000   
20.120   20.120   0.000   0.000   0.000   0.000   
20.120   20.120   0.000   0.000   0.000   1.000   
20.120   20.120   0.000   0.000   0.000   -3.000   
20.120   20.120   0.000   0.000   0.000   -1.000   
20.120   20.120   0.000   0.000   0.000   -2.000   
20.120   20.120   0.000   0.000   0.000   -2.000   
20.120   20.120   0.000   0.000   0.000   -1.000   
20.120   20.120   0.000   0.000   0.000   -1.000   
20.120   20.120   0.000   0.000   0.000   -1.000   
20.120   20.120   0.000   0.000   0.000   1.000   
20.120   20.120   0.000   0.000   0.000   -1.000   
20.120   20.120   0.000   0.000   0.000   -1.000   
20.120   20.120   0.000   0.000   0.000   0.000   
20.120   20.120   0.000   0.000   0.000   -1.000   
20.120   20.120   0.000   0.000   0.000   0.000   
20.120   20.120   0.000   0.000   0.000   -1.000   
20.120   20.120   0.000   0.000   0.000   -2.000   
20.120   20.120   0.000   0.000   0.000   -1.000   
20.120   20.120   0.000   0.000   0.000   -2.000   
20.120   20.120   0.000   0.000   0.000   -1.000   
20.120   20.120   0.000   0.000   0.000   -1.000   
20.120   20.120   0.000   0.000   0.000   -3.000   
20.120   20.120   0.000   0.000   0.000   0.000   
20.120   20.120   0.000   0.000   0.000   -1.000   
20.120   20.120   0.000   0.000   0.000   0.000   
20.120   20.120   0.000   0.000   0.000   -3.000   
20.120   20.120   0.000   0.000   0.000   0.000   
20.120   20.120   0.000   0.000   0.000   -1.000   
20.120   20.120   0.000   0.000   0.000   -1.000   
20.120   20.120   0.000   0.000   0.000   3.000   
20.120   20.120   0.000   0.000   0.000   2.000   
20.120   20.120   0.000   0.000   0.000   -1.000   
20.120   20.120   0.000   0.000   0.000   0.000   
20.120   20.120   0.000   0.000   0.000   -1.000   
20.120   20.120   0.000   0.000   0.000   -1.000   
20.120   20.120   0.000   0.000   0.000   -1.000   
20.120   20.120   0.000   0.000   0.000   0.000   
20.120   20.120   0.000   0.000   0.000   -2.000   
20.120   20.120   0.000   0.000   0.000   -3.000   
20.120   20.120   0.000   0.000   0.000   0.000   
20.120   20.120   0.000   0.000   0.000   -1.000   
20.120   20.120   0.000   0.000   0.000   2.000   
20.120   20.120   0.000   0.000   0.000   -1.000   
20.120   20.120   0.000   0.000   0.000   0.000   
20.120   20.120   0.000   0.000   0.000   0.000   
20.120   20.120   0.000   0.000   0.000   0.000   
20.120   20.120   0.000   0.000   0.000   0.000   
20.120   20.120   0.000   0.000   0.000   -1.000   
20.120   20.120   0.000   0.000   0.000   -3.000   
20.120   20.120   0.000   0.000   0.000   0.000   
20.120   20.120   0.000   0.000   0.000   3.000   
20.120   20.120   0.000   0.000   0.000   1.000   
20.120   20.120   0.000   0.000   0.000   0.000   
20.120   20.120   0.000   0.000   0.000   0.000   
20.120   20.120   0.000   0.000   0.000   -2.000   
20.120   20.120   0.000   0.000   0.000   1.000   
20.120   20.120   0.000   0.000   0.000   1.000   
20.120   20.120   0.000   0.000   0.000   -1.000   
20.120   20.120   0.000   0.000   0.000   -1.000   
20.120   20.120   0.000   0.000   0.000   0.000   
20.120   20.120   0.000   0.000   0.000   1.000   
20.120   20.120   0.000   0.000   0.000   1.000   
20.120   20.120   0.000   0.000   0.000   -2.000   
20.120   20.120   0.000   0.000   0.000   -1.000   
20.120   20.120   0.000   0.000   0.000   -3.000   
20.120   20.120   0.000   0.000   0.000   -4.000   
20.120   20.120   0.000   0.000   0.000   1.000   
20.120   20.120   0.000   0.000   0.000   -3.000   
20.120   20.120   0.000   0.000   0.000   -3.000   
20.120   20.120   0.000   0.000   0.000   -1.000   
20.120   20.120   0.000   0.000   0.000   -1.000   
20.120   20.120   0.000   0.000   0.000   1.000   
20.120   20.120   0.000   0.000   0.000   -1.000   
20.120   20.120   0.000   0.000   0.000   2.000   
20.120   20.120   0.000   0.000   0.000   1.000   
20.120   20.120   0.000   0.000   0.000   -1.000   
20.120   20.120   0.000   0.000   0.000   -2.000   
20.120   20.120   0.000   0.000   0.000   -1.000   
20.120   20.120   0.000   0.000   0.000   2.000   
20.120   20.120   0.000   0.000   0.000   0.000   
20.120   20.120   0.000   0.000   0.000   -1.000   
20.120   20.120   0.000   0.000   0.000   0.000   
20.120   20.120   0.000   0.000   0.000   3.000   
20.120   20.120   0.000   0.000   0.000   -1.000   
20.120   20.120   0.000   0.000   0.000   2.000   
20.120   20.120   0.000   0.000   0.000   -2.000   
20.120   20.120   0.000   0.000   0.000   -1.000   
20.120   20.120   0.000   0.000   0.000   -2.000   
20.120   20.120   0.000   0.000   0.000   1.000   
20.120   20.120   0.000   0.000   0.000   1.000   
20.120   20.120   0.000   0.000   0.000   8.000   
20.120   20.120   0.000   0.000   0.000   10.000   
20.120   20.120   0.000   0.000   0.000   10.000   
20.120   20.120   0.000   0.000   0.000   6.000   
20.120   20.120   0.000   0.000   0.000   11.000   
20.120   20.120   0.000   0.000   0.000   7.000   
20.120   20.120   0.000   0.000   0.000   7.000   
20.120   20.120   0.000   0.000   0.000   9.000   
20.120   20.120   0.000   0.000   0.000   10.000   
20.120   20.120   0.000   0.000   0.000   8.000   
20.120   20.120   0.000   0.000   0.000   6.000   
20.120   20.120   0.000   0.000   0.000   7.000   
20.120   20.120   0.000   0.000   0.000   7.000   
20.120   20.120   0.000   0.000   0.000   9.000   
20.120   20.120   0.000   0.000   0.000   10.000   
20.120   20.120   0.000   0.000   0.000   7.000   
20.120   20.120   0.000   0.000   0.000   7.000   
20.120   20.120   0.000   0.000   0.000   7.000   
20.120   20.120   0.000   0.000   0.000   7.000   
20.120   20.120   0.000   0.000   0.000   7.000   
20.120   20.120   0.000   0.000   0.000   7.000   
20.120   20.120   0.000   0.000   0.000   9.000   
20.120   20.120   0.000   0.000   0.000   7.000   
20.120   20.120   0.000   0.000   0.000   7.000   
20.120   20.120   0.000   0.000   0.000   10.000   
20.120   20.120   0.000   0.000   0.000   9.000   
20.120   20.120   0.000   0.000   0.000   10.000   
20.120   20.120   0.000   0.000   0.000   6.000   
20.120   20.120   0.000   0.000   0.000   6.000   
20.120   20.120   0.000   0.000   0.000   11.000   
20.120   20.120   0.000   0.000   0.000   10.000   
20.120   20.120   0.000   0.000   0.000   7.000   
20.120   20.120   0.000   0.000   0.000   10.000   
20.120   20.120   0.000   0.000   0.000   7.000   
20.120   20.120   0.000   0.000   0.000   10.000   
20.120   20.120   0.000   0.000   0.000   5.000   
20.120   20.120   0.000   0.000   0.000   11.000   
20.120   20.120   0.000   0.000   0.000   10.000   
20.120   20.120   0.000   0.000   0.000   7.000   
20.120   20.120   0.000   0.000   0.000   6.000   
20.120   20.120   0.000   0.000   0.000   10.000   
20.120   20.120   0.000   0.000   0.000   12.000   
20.120   20.120   0.000   0.000   0.000   0.000   
20.120   20.120   0.000   0.000   0.000   -1.000   
20.120   20.120   0.000   0.000   0.000   -1.000   
20.120   20.120   0.000   0.000   0.000   -1.000   
20.120   20.120   0.000   0.000   0.000   -1.000   
20.120   20.120   0.000   0.000   0.000   -3.000   
20.120   20.120   0.000   0.000   0.000   -4.000   
20.120   20.120   0.000   0.000   0.000   -2.000   
20.120   20.120   0.000   0.000   0.000   -3.000   
20.120   20.120   0.000   0.000   0.000   -2.000   
20.120   20.120   0.000   0.000   0.000   1.000   
20.120   20.120   0.000   0.000   0.000   1.000   
20.120   20.120   0.000   0.000   0.000   1.000   
20.120   20.120   0.000   0.000   0.000   -3.000   
20.120   20.120   0.000   0.000   0.000   1.000   
20.120   20.120   0.000   0.000   0.000   -1.000   
20.120   20.120   0.000   0.000   0.000   -1.000   
20.120   20.120   0.000   0.000   0.000   -1.000   
20.120   20.120   0.000   0.000   0.000   -1.000   
20.120   20.120   0.000   0.000   0.000   -3.000   
20.120   20.120   0.000   0.000   0.000   -3.000   
20.120   20.120   0.000   0.000   0.000   1.000   
20.120   20.120   0.000   0.000   0.000   -1.000   
20.120   20.120   0.000   0.000   0.000   -2.000   
20.120   20.120   0.000   0.000   0.000   0.000   
20.120   20.120   0.000   0.000   0.000   -3.000   
20.120   20.120   0.000   0.000   0.000   -1.000   
20.120   20.120   0.000   0.000   0.000   0.000   
20.120   20.120   0.000   0.000   0.000   -1.000   
20.120   20.120   0.000   0.000   0.000   -3.000   
20.120   20.120   0.000   0.000   0.000   -2.000   
20.120   20.120   0.000   0.000   0.000   -2.000   
20.120   20.120   0.000   0.000   0.000   -4.000   
20.120   20.120   0.000   0.000   0.000   -1.000   
20.120   20.120   0.000   0.000   0.000   -3.000   
20.120   20.120   0.000   0.000   0.000   0.000   
20.120   20.120   0.000   0.000   0.000   -4.000   
20.120   20.120   0.000   0.000   0.000   -1.000   
20.120   20.120   0.000   0.000   0.000   -3.000   
20.120   20.120   0.000   0.000   0.000   -2.000   
20.120   20.120   0.000   0.000   0.000   -1.000   
20.120   20.120   0.000   0.000   0.000   -2.000   
20.120   20.120   0.000   0.000   0.000   -3.000   
20.120   20.120   0.000   0.000   0.000   3.000   
20.120   20.120   0.000   0.000   0.000   0.000   
20.120   20.120   0.000   0.000   0.000   -1.000   
20.120   20.120   0.000   0.000   0.000   -2.000   
20.120   20.120   0.000   0.000   0.000   -1.000   
20.120   20.120   0.000   0.000   0.000   3.000   
20.120   20.120   0.000   0.000   0.000   1.000   
20.120   20.120   0.000   0.000   0.000   1.000   
20.120   20.120   0.000   0.000   0.000   0.000   
20.120   20.120   0.000   0.000   0.000   -1.000   
20.120   20.120   0.000   0.000   0.000   -2.000   
20.120   20.120   0.000   0.000   0.000   2.000   
20.120   20.120   0.000   0.000   0.000   0.000   
20.120   20.120   0.000   0.000   0.000   -2.000   
20.120   20.120   0.000   0.000   0.000   -2.000   
20.120   20.120   0.000   0.000   0.000   0.000   
20.120   20.120   0.000   0.000   0.000   -1.000   
20.120   20.120   0.000   0.000   0.000   -3.000   
20.120   20.120   0.000   0.000   0.000   -2.000   
20.120   20.120   0.000   0.000   0.000   -3.000   
20.120   20.120   0.000   0.000   0.000   -6.000   
20.120   20.120   0.000   0.000   0.000   0.000   
20.120   20.120   0.000   0.000   0.000   -2.000   
20.120   20.120   0.000   0.000   0.000   -1.000   
20.120   20.120   0.000   0.000   0.000   0.000   
20.120   20.120   0.000   0.000   0.000   0.000   
20.120   20.120   0.000   0.000   0.000   -2.000   
20.120   20.120   0.000   0.000   0.000   -1.000   
20.120   20.120   0.000   0.000   0.000   -1.000   
20.120   20.120   0.000   0.000   0.000   -1.000   
20.120   20.120   0.000   0.000   0.000   -2.000   
20.120   20.120   0.000   0.000   0.000   -1.000   
20.120   20.120   0.000   0.000   0.000   -3.000   
20.120   20.120   0.000   0.000   0.000   -2.000   
20.120   20.120   0.000   0.000   0.000   -2.000   
20.120   20.120   0.000   0.000   0.000   1.000   
20.120   20.120   0.000   0.000   0.000   0.000   
20.120   20.120   0.000   0.000   0.000   1.000   
20.120   20.120   0.000   0.000   0.000   -3.000   
20.120   20.120   0.000   0.000   0.000   2.000   
20.120   20.120   0.000   0.000   0.000   -2.000   
20.120   20.120   0.000   0.000   0.000   -2.000   
20.120   20.120   0.000   0.000   0.000   -2.000   
20.120   20.120   0.000   0.000   0.000   2.000   
20.120   20.120   0.000   0.000   0.000   -2.000   
20.120   20.120   0.000   0.000   0.000   -1.000   
20.120   20.120   0.000   0.000   0.000   -2.000   
20.120   20.120   0.000   0.000   0.000   -1.000   
20.120   20.120   0.000   0.000   0.000   -2.000   
20.120   20.120   0.000   0.000   0.000   1.000   
20.120   20.120   0.000   0.000   0.000   2.000   
20.120   20.120   0.000   0.000   0.000   0.000   
20.120   20.120   0.000   0.000   0.000   -2.000   
20.120   20.120   0.000   0.000   0.000   -1.000   
20.120   20.120   0.000   0.000   0.000   -1.000   
20.120   20.120   0.000   0.000   0.000   -1.000   
20.120   20.120   0.000   0.000   0.000   0.000   
20.120   20.120   0.000   0.000   0.000   1.000   
20.120   20.120   0.000   0.000   0.000   -2.000   
20.120   20.120   0.000   0.000   0.000   -2.000   
20.120   20.120   0.000   0.000   0.000   0.000   
20.120   20.120   0.000   0.000   0.000   -3.000   
20.120   20.120   0.000   0.000   0.000   0.000   
20.120   20.120   0.000   0.000   0.000   -3.000   
20.120   20.120   0.000   0.000   0.000   -2.000   
20.120   20.120   0.000   0.000   0.000   -3.000   
20.120   20.120   0.000   0.000   0.000   -3.000   
20.120   20.120   0.000   0.000   0.000   -1.000   
20.120   20.120   0.000   0.000   0.000   -3.000   
20.120   20.120   0.000   0.000   0.000   0.000   
20.120   20.120   0.000   0.000   0.000   0.000   
20.120   20.120   0.000   0.000   0.000   2.000   
20.120   20.120   0.000   0.000   0.000   -2.000   
20.120   20.120   0.000   0.000   0.000   -4.000   
20.120   20.120   0.000   0.000   0.000   -3.000   
20.120   20.120   0.000   0.000   0.000   -1.000   
20.120   20.120   0.000   0.000   0.000   -1.000   
20.120   20.120   0.000   0.000   0.000   -2.000   
20.120   20.120   0.000   0.000   0.000   -1.000   
20.120   20.120   0.000   0.000   0.000   -4.000   
20.120   20.120   0.000   0.000   0.000   -3.000   
20.120   20.120   0.000   0.000   0.000   1.000   
20.120   20.120   0.000   0.000   0.000   1.000   
20.120   20.120   0.000   0.000   0.000   -13.000   
20.120   20.120   0.000   0.000   0.000   -10.000   
20.120   20.120   0.000   0.000   0.000   -9.000   
20.120   20.120   0.000   0.000   0.000   -7.000   
20.120   20.120   0.000   0.000   0.000   -8.000   
20.120   20.120   0.000   0.000   0.000   -9.000   
20.120   20.120   0.000   0.000   0.000   -11.000   
20.120   20.120   0.000   0.000   0.000   -8.000   
20.120   20.120   0.000   0.000   0.000   -10.000   
20.120   20.120   0.000   0.000   0.000   -11.000   
20.120   20.120   0.000   0.000   0.000   -9.000   
20.120   20.120   0.000   0.000   0.000   -8.000   
20.120   20.120   0.000   0.000   0.000   -8.000   
20.120   20.120   0.000   0.000   0.000   -10.000   
20.120   20.120   0.000   0.000   0.000   -12.000   
20.120   20.120   0.000   0.000   0.000   -8.000   
20.120   20.120   0.000   0.000   0.000   -11.000   
20.120   20.120   0.000   0.000   0.000   -10.000   
20.120   20.120   0.000   0.000   0.000   -10.000   
20.120   20.120   0.000   0.000   0.000   -10.000   
20.120   20.120   0.000   0.000   0.000   -8.000   
20.120   20.120   0.000   0.000   0.000   -7.000   
20.120   20.120   0.000   0.000   0.000   -12.000   
20.120   20.120   0.000   0.000   0.000   -9.000   
20.120   20.120   0.000   0.000   0.000   -12.000   
20.120   20.120   0.000   0.000   0.000   -6.000   
20.120   20.120   0.000   0.000   0.000   -8.000   
20.120   20.120   0.000   0.000   0.000   -12.000   
20.120   20.120   0.000   0.000   0.000   -7.000   
20.120   20.120   0.000   0.000   0.000   -9.000   
20.120   20.120   0.000   0.000   0.000   -9.000   
20.120   20.120   0.000   0.000   0.000   -8.000   
20.120   20.120   0.000   0.000   0.000   -10.000   
20.120   20.120   0.000   0.000   0.000   -9.000   
20.120   20.120   0.000   0.000   0.000   -9.000   
20.120   20.120   0.000   0.000   0.000   -10.000   
20.120   20.120   0.000   0.000   0.000   -8.000   
20.120   20.120   0.000   0.000   0.000   -8.000   
20.120   20.120   0.000   0.000   0.000   -9.000   
20.120   20.120   0.000   0.000   0.000   -10.000   
20.120   20.120   0.000   0.000   0.000   -8.000   
20.120   20.120   0.000   0.000   0.000   -8.000   
20.120   20.120   0.000   0.000   0.000   0.000   
20.120   20.120   0.000   0.000   0.000   -1.000   
20.120   20.120   0.000   0.000   0.000   -1.000   
20.120   20.120   0.000   0.000   0.000   -3.000   
20.120   20.120   0.000   0.000   0.000   -1.000   
20.120   20.120   0.000   0.000   0.000   0.000   
20.120   20.120   0.000   0.000   0.000   0.000   
20.120   20.120   0.000   0.000   0.000   -2.000   
20.120   20.120   0.000   0.000   0.000   -2.000   
20.120   20.120   0.000   0.000   0.000   -1.000   
20.120   20.120   0.000   0.000   0.000   -4.000   
20.120   20.120   0.000   0.000   0.000   1.000   
20.120   20.120   0.000   0.000   0.000   0.000   
20.120   20.120   0.000   0.000   0.000   0.000   
20.120   20.120   0.000   0.000   0.000   0.000   
20.120   20.120   0.000   0.000   0.000   0.000   
20.120   20.120   0.000   0.000   0.000   2.000   
20.120   20.120   0.000   0.000   0.000   -1.000   
20.120   20.120   0.000   0.000   0.000   0.000   
20.120   20.120   0.000   0.000   0.000   -1.000   
20.120   20.120   0.000   0.000   0.000   1.000   
20.120   20.120   0.000   0.000   0.000   -2.000   
20.120   20.120   0.000   0.000   0.000   -1.000   
20.120   20.120   0.000   0.000   0.000   -1.000   
20.120   20.120   0.000   0.000   0.000   -1.000   
20.120   20.120   0.000   0.000   0.000   0.000   
20.120   20.120   0.000   0.000   0.000   0.000   
20.120   20.120   0.000   0.000   0.000   -2.000   
20.120   20.120   0.000   0.000   0.000   0.000   
20.120   20.120   0.000   0.000   0.000   -1.000   
20.120   20.120   0.000   0.000   0.000   -1.000   
20.120   20.120   0.000   0.000   0.000   0.000   
20.120   20.120   0.000   0.000   0.000   -1.000   
20.120   20.120   0.000   0.000   0.000   -1.000   
20.120   20.120   0.000   0.000   0.000   -1.000   
20.120   20.120   0.000   0.000   0.000   -4.000   
20.120   20.120   0.000   0.000   0.000   -3.000   
20.120   20.120   0.000   0.000   0.000   -1.000   
20.120   20.120   0.000   0.000   0.000   1.000   
20.120   20.120   0.000   0.000   0.000   -1.000   
20.120   20.120   0.000   0.000   0.000   -1.000   
20.120   20.120   0.000   0.000   0.000   -3.000   
20.120   20.120   0.000   0.000   0.000   -3.000   
20.120   20.120   0.000   0.000   0.000   0.000   
20.120   20.120   0.000   0.000   0.000   1.000   
20.120   20.120   0.000   0.000   0.000   1.000   
20.120   20.120   0.000   0.000   0.000   4.000   
20.120   20.120   0.000   0.000   0.000   1.000   
20.120   20.120   0.000   0.000   0.000   -2.000   
20.120   20.120   0.000   0.000   0.000   -2.000   
20.120   20.120   0.000   0.000   0.000   -2.000   
20.120   20.120   0.000   0.000   0.000   1.000   
20.120   20.120   0.000   0.000   0.000   -1.000   
20.120   20.120   0.000   0.000   0.000   0.000   
20.120   20.120   0.000   0.000   0.000   -1.000   
20.120   20.120   0.000   0.000   0.000   -1.000   
20.120   20.120   0.000   0.000   0.000   -2.000   
20.120   20.120   0.000   0.000   0.000   -1.000   
20.120   20.120   0.000   0.000   0.000   -1.000   
20.120   20.120   0.000   0.000   0.000   0.000   
20.120   20.120   0.000   0.000   0.000   -2.000   
20.120   20.120   0.000   0.000   0.000   1.000   
20.120   20.120   0.000   0.000   0.000   -1.000   
20.120   20.120   0.000   0.000   0.000   0.000   
20.120   20.120   0.000   0.000   0.000   0.000   
20.120   20.120   0.000   0.000   0.000   -1.000   
20.120   20.120   0.000   0.000   0.000   -1.000   
20.120   20.120   0.000   0.000   0.000   0.000   
20.120   20.120   0.000   0.000   0.000   0.000   
20.120   20.120   0.000   0.000   0.000   2.000   
20.120   20.120   0.000   0.000   0.000   -2.000   
20.120   20.120   0.000   0.000   0.000   -2.000   
20.120   20.120   0.000   0.000   0.000   0.000   
20.120   20.120   0.000   0.000   0.000   1.000   
20.120   20.120   0.000   0.000   0.000   0.000   
20.120   20.120   0.000   0.000   0.000   -2.000   
20.120   20.120   0.000   0.000   0.000   2.000   
20.120   20.120   0.000   0.000   0.000   -1.000   
20.120   20.120   0.000   0.000   0.000   -2.000   
20.120   20.120   0.000   0.000   0.000   -1.000   
20.120   20.120   0.000   0.000   0.000   -1.000   
20.120   20.120   0.000   0.000   0.000   0.000   
20.120   20.120   0.000   0.000   0.000   1.000   
20.120   20.120   0.000   0.000   0.000   -1.000   
20.120   20.120   0.000   0.000   0.000   -2.000   
20.120   20.120   0.000   0.000   0.000   -1.000   
20.120   20.120   0.000   0.000   0.000   -2.000   
20.120   20.120   0.000   0.000   0.000   0.000   
20.120   20.120   0.000   0.000   0.000   2.000   
20.120   20.120   0.000   0.000   0.000   -3.000   
20.120   20.120   0.000   0.000   0.000   3.000   
20.120   20.120   0.000   0.000   0.000   -2.000   
20.120   20.120   0.000   0.000   0.000   -1.000   
20.120   20.120   0.000   0.000   0.000   -1.000   
20.120   20.120   0.000   0.000   0.000   0.000   
20.120   20.120   0.000   0.000   0.000   -2.000   
20.120   20.120   0.000   0.000   0.000   2.000   
20.120   20.120   0.000   0.000   0.000   0.000   
20.120   20.120   0.000   0.000   0.000   0.000   
20.120   20.120   0.000   0.000   0.000   -3.000   
20.120   20.120   0.000   0.000   0.000   3.000   
20.120   20.120   0.000   0.000   0.000   5.000   
20.120   20.120   0.000   0.000   0.000   2.000   
20.120   20.120   0.000   0.000   0.000   0.000   
20.120   20.120   0.000   0.000   0.000   6.000   
20.120   20.120   0.000   0.000   0.000   1.000   
20.120   20.120   0.000   0.000   0.000   -1.000   
20.120   20.120   0.000   0.000   0.000   0.000   
20.120   20.120   0.000   0.000   0.000   -1.000   
20.120   20.120   0.000   0.000   0.000   -1.000   
20.120   20.120   0.000   0.000   0.000   5.000   
20.120   20.120   0.000   0.000   0.000   2.000   
20.120   20.120   0.000   0.000   0.000   -2.000   
20.120   20.120   0.000   0.000   0.000   0.000   
20.120   20.120   0.000   0.000   0.000   3.000   
20.120   20.120   0.000   0.000   0.000   3.000   
20.120   20.120   0.000   0.000   0.000   0.000   
20.120   20.120   0.000   0.000   0.000   1.000   
20.120   20.120   0.000   0.000   0.000   1.000   
20.120   20.120   0.000   0.000   0.000   -1.000   
20.120   20.120   0.000   0.000   0.000   2.000   
20.120   20.120   0.000   0.000   0.000   -1.000   
20.120   20.120   0.000   0.000   0.000   1.000   
20.120   20.120   0.000   0.000   0.000   1.000   
20.120   20.120   0.000   0.000   0.000   -1.000   
20.120   20.120   0.000   0.000   0.000   7.000   
20.120   20.120   0.000   0.000   0.000   8.000   
20.120   20.120   0.000   0.000   0.000   6.000   
20.120   20.120   0.000   0.000   0.000   10.000   
20.120   20.120   0.000   0.000   0.000   10.000   
20.120   20.120   0.000   0.000   0.000   10.000   
20.120   20.120   0.000   0.000   0.000   10.000   
20.120   20.120   0.000   0.000   0.000   11.000   
20.120   20.120   0.000   0.000   0.000   10.000   
20.120   20.120   0.000   0.000   0.000   7.000   
20.120   20.120   0.000   0.000   0.000   7.000   
20.120   20.120   0.000   0.000   0.000   10.000   
20.120   20.120   0.000   0.000   0.000   12.000   
20.120   20.120   0.000   0.000   0.000   10.000   
20.120   20.120   0.000   0.000   0.000   11.000   
20.120   20.120   0.000   0.000   0.000   8.000   
20.120   20.120   0.000   0.000   0.000   12.000   
20.120   20.120   0.000   0.000   0.000   13.000   
20.120   20.120   0.000   0.000   0.000   10.000   
20.120   20.120   0.000   0.000   0.000   7.000   
20.120   20.120   0.000   0.000   0.000   6.000   
20.120   20.120   0.000   0.000   0.000   5.000   
20.120   20.120   0.000   0.000   0.000   11.000   
20.120   20.120   0.000   0.000   0.000   5.000   
20.120   20.120   0.000   0.000   0.000   6.000   
20.120   20.120   0.000   0.000   0.000   6.000   
20.120   20.120   0.000   0.000   0.000   10.000   
20.120   20.120   0.000   0.000   0.000   7.000   
20.120   20.120   0.000   0.000   0.000   6.000   
20.120   20.120   0.000   0.000   0.000   6.000   
20.120   20.120   0.000   0.000   0.000   5.000   
20.120   20.120   0.000   0.000   0.000   11.000   
20.120   20.120   0.000   0.000   0.000   4.000   
20.120   20.120   0.000   0.000   0.000   7.000   
20.120   20.120   0.000   0.000   0.000   6.000   
20.120   20.120   0.000   0.000   0.000   10.000   
20.120   20.120   0.000   0.000   0.000   -5.000   
20.120   20.120   0.000   0.000   0.000   7.000   
20.120   20.120   0.000   0.000   0.000   5.000   
20.120   20.120   0.000   0.000   0.000   13.000   
20.120   20.120   0.000   0.000   0.000   8.000   
20.120   20.120   0.000   0.000   0.000   6.000   
20.120   20.120   0.000   0.000   0.000   0.000   
20.120   20.120   0.000   0.000   0.000   -4.000   
20.120   20.120   0.000   0.000   0.000   0.000   
20.120   20.120   0.000   0.000   0.000   -1.000   
20.120   20.120   0.000   0.000   0.000   -3.000   
20.120   20.120   0.000   0.000   0.000   0.000   
20.120   20.120   0.000   0.000   0.000   -1.000   
20.120   20.120   0.000   0.000   0.000   0.000   
20.120   20.120   0.000   0.000   0.000   -1.000   
20.120   20.120   0.000   0.000   0.000   -2.000   
20.120   20.120   0.000   0.000   0.000   -4.000   
20.120   20.120   0.000   0.000   0.000   -2.000   
20.120   20.120   0.000   0.000   0.000   1.000   
20.120   20.120   0.000   0.000   0.000   -2.000   
20.120   20.120   0.000   0.000   0.000   -3.000   
20.120   20.120   0.000   0.000   0.000   0.000   
20.120   20.120   0.000   0.000   0.000   -1.000   
20.120   20.120   0.000   0.000   0.000   1.000   
20.120   20.120   0.000   0.000   0.000   -1.000   
20.120   20.120   0.000   0.000   0.000   0.000   
20.120   20.120   0.000   0.000   0.000   -1.000   
20.120   20.120   0.000   0.000   0.000   -2.000   
20.120   20.120   0.000   0.000   0.000   1.000   
20.120   20.120   0.000   0.000   0.000   0.000   
20.120   20.120   0.000   0.000   0.000   1.000   
20.120   20.120   0.000   0.000   0.000   1.000   
20.120   20.120   0.000   0.000   0.000   -1.000   
20.120   20.120   0.000   0.000   0.000   -6.000   
20.120   20.120   0.000   0.000   0.000   1.000   
20.120   20.120   0.000   0.000   0.000   -2.000   
20.120   20.120   0.000   0.000   0.000   -1.000   
20.120   20.120   0.000   0.000   0.000   3.000   
20.120   20.120   0.000   0.000   0.000   0.000   
20.120   20.120   0.000   0.000   0.000   -1.000   
20.120   20.120   0.000   0.000   0.000   -1.000   
20.120   20.120   0.000   0.000   0.000   -1.000   
20.120   20.120   0.000   0.000   0.000   -2.000   
20.120   20.120   0.000   0.000   0.000   -3.000   
20.120   20.120   0.000   0.000   0.000   -2.000   
20.120   20.120   0.000   0.000   0.000   -4.000   
20.120   20.120   0.000   0.000   0.000   -3.000   
20.120   20.120   0.000   0.000   0.000   -2.000   
20.120   20.120   0.000   0.000   0.000   -2.000   
20.120   20.120   0.000   0.000   0.000   -1.000   
20.120   20.120   0.000   0.000   0.000   -2.000   
20.120   20.120   0.000   0.000   0.000   0.000   
20.120   20.120   0.000   0.000   0.000   -1.000   
20.120   20.120   0.000   0.000   0.000   0.000   
20.120   20.120   0.000   0.000   0.000   -1.000   
20.120   20.120   0.000   0.000   0.000   0.000   
20.120   20.120   0.000   0.000   0.000   -6.000   
20.120   20.120   0.000   0.000   0.000   0.000   
20.120   20.120   0.000   0.000   0.000   -1.000   
20.120   20.120   0.000   0.000   0.000   -1.000   
20.120   20.120   0.000   0.000   0.000   0.000   
20.120   20.120   0.000   0.000   0.000   -1.000   
20.120   20.120   0.000   0.000   0.000   -2.000   
20.120   20.120   0.000   0.000   0.000   0.000   
20.120   20.120   0.000   0.000   0.000   2.000   
20.120   20.120   0.000   0.000   0.000   0.000   
20.120   20.120   0.000   0.000   0.000   0.000   
20.120   20.120   0.000   0.000   0.000   -1.000   
20.120   20.120   0.000   0.000   0.000   -3.000   
20.120   20.120   0.000   0.000   0.000   1.000   
20.120   20.120   0.000   0.000   0.000   -2.000   
20.120   20.120   0.000   0.000   0.000   -1.000   
20.120   20.120   0.000   0.000   0.000   1.000   
20.120   20.120   0.000   0.000   0.000   1.000   
20.120   20.120   0.000   0.000   0.000   -1.000   
20.120   20.120   0.000   0.000   0.000   -4.000   
20.120   20.120   0.000   0.000   0.000   -2.000   
20.120   20.120   0.000   0.000   0.000   -2.000   
20.120   20.120   0.000   0.000   0.000   -1.000   
20.120   20.120   0.000   0.000   0.000   0.000   
20.120   20.120   0.000   0.000   0.000   0.000   
20.120   20.120   0.000   0.000   0.000   -2.000   
20.120   20.120   0.000   0.000   0.000   -3.000   
20.120   20.120   0.000   0.000   0.000   -1.000   
20.120   20.120   0.000   0.000   0.000   0.000   
20.120   20.120   0.000   0.000   0.000   0.000   
20.120   20.120   0.000   0.000   0.000   -4.000   
20.120   20.120   0.000   0.000   0.000   -1.000   
20.120   20.120   0.000   0.000   0.000   0.000   
20.120   20.120   0.000   0.000   0.000   0.000   
20.120   20.120   0.000   0.000   0.000   2.000   
20.120   20.120   0.000   0.000   0.000   -2.000   
20.120   20.120   0.000   0.000   0.000   -1.000   
20.120   20.120   0.000   0.000   0.000   0.000   
20.120   20.120   0.000   0.000   0.000   -1.000   
20.120   20.120   0.000   0.000   0.000   1.000   
20.120   20.120   0.000   0.000   0.000   1.000   
20.120   20.120   0.000   0.000   0.000   -2.000   
20.120   20.120   0.000   0.000   0.000   -1.000   
20.120   20.120   0.000   0.000   0.000   -2.000   
20.120   20.120   0.000   0.000   0.000   2.000   
20.120   20.120   0.000   0.000   0.000   0.000   
20.120   20.120   0.000   0.000   0.000   2.000   
20.120   20.120   0.000   0.000   0.000   0.000   
20.120   20.120   0.000   0.000   0.000   -1.000   
20.120   20.120   0.000   0.000   0.000   1.000   
20.120   20.120   0.000   0.000   0.000   2.000   
20.120   20.120   0.000   0.000   0.000   -3.000   
20.120   20.120   0.000   0.000   0.000   2.000   
20.120   20.120   0.000   0.000   0.000   -3.000   
20.120   20.120   0.000   0.000   0.000   -2.000   
20.120   20.120   0.000   0.000   0.000   -1.000   
20.120   20.120   0.000   0.000   0.000   -1.000   
20.120   20.120   0.000   0.000   0.000   0.000   
20.120   20.120   0.000   0.000   0.000   1.000   
20.120   20.120   0.000   0.000   0.000   -2.000   
20.120   20.120   0.000   0.000   0.000   1.000   
20.120   20.120   0.000   0.000   0.000   -3.000   
20.120   20.120   0.000   0.000   0.000   1.000   
20.120   20.120   0.000   0.000   0.000   -4.000   
20.120   20.120   0.000   0.000   0.000   -1.000   
20.120   20.120   0.000   0.000   0.000   -1.000   
20.120   20.120   0.000   0.000   0.000   -1.000   
20.120   20.120   0.000   0.000   0.000   0.000   
20.120   20.120   0.000   0.000   0.000   -1.000   
20.120   20.120   0.000   0.000   0.000   -2.000   
20.120   20.120   0.000   0.000   0.000   -2.000   
20.120   20.120   0.000   0.000   0.000   -5.000   
20.120   20.120   0.000   0.000   0.000   -1.000   
20.120   20.120   0.000   0.000   0.000   -2.000   
20.120   20.120   0.000   0.000   0.000   0.000   
20.120   20.120   0.000   0.000   0.000   -3.000   
20.120   20.120   0.000   0.000   0.000   -9.000   
20.120   20.120   0.000   0.000   0.000   -6.000   
20.120   20.120   0.000   0.000   0.000   -7.000   
20.120   20.120   0.000   0.000   0.000   -8.000   
20.120   20.120   0.000   0.000   0.000   -8.000   
20.120   20.120   0.000   0.000   0.000   -9.000   
20.120   20.120   0.000   0.000   0.000   -10.000   
20.120   20.120   0.000   0.000   0.000   -9.000   
20.120   20.120   0.000   0.000   0.000   -9.000   
20.120   20.120   0.000   0.000   0.000   -7.000   
20.120   20.120   0.000   0.000   0.000   -7.000   
20.120   20.120   0.000   0.000   0.000   -10.000   
20.120   20.120   0.000   0.000   0.000   -6.000   
20.120   20.120   0.000   0.000   0.000   -6.000   
20.120   20.120   0.000   0.000   0.000   -6.000   
20.120   20.120   0.000   0.000   0.000   -8.000   
20.120   20.120   0.000   0.000   0.000   -8.000   
20.120   20.120   0.000   0.000   0.000   -7.000   
20.120   20.120   0.000   0.000   0.000   -7.000   
20.120   20.120   0.000   0.000   0.000   -9.000   
20.120   20.120   0.000   0.000   0.000   -8.000   
20.120   20.120   0.000   0.000   0.000   -10.000   
20.120   20.120   0.000   0.000   0.000   -8.000   
20.120   20.120   0.000   0.000   0.000   -8.000   
20.120   20.120   0.000   0.000   0.000   -9.000   
20.120   20.120   0.000   0.000   0.000   -7.000   
20.120   20.120   0.000   0.000   0.000   -9.000   
20.120   20.120   0.000   0.000   0.000   -9.000   
20.120   20.120   0.000   0.000   0.000   -9.000   
20.120   20.120   0.000   0.000   0.000   -9.000   
20.120   20.120   0.000   0.000   0.000   -9.000   
20.120   20.120   0.000   0.000   0.000   -9.000   
20.120   20.120   0.000   0.000   0.000   -10.000   
20.120   20.120   0.000   0.000   0.000   -10.000   
20.120   20.120   0.000   0.000   0.000   -9.000   
20.120   20.120   0.000   0.000   0.000   -7.000   
20.120   20.120   0.000   0.000   0.000   -9.000   
20.120   20.120   0.000   0.000   0.000   -9.000   
20.120   20.120   0.000   0.000   0.000   -7.000   
20.120   20.120   0.000   0.000   0.000   -9.000   
20.120   20.120   0.000   0.000   0.000   -8.000   
20.120   20.120   0.000   0.000   0.000   -10.000   
20.120   20.120   0.000   0.000   0.000   1.000   
20.120   20.120   0.000   0.000   0.000   0.000   
20.120   20.120   0.000   0.000   0.000   -3.000   
20.120   20.120   0.000   0.000   0.000   -1.000   
20.120   20.120   0.000   0.000   0.000   -1.000   
20.120   20.120   0.000   0.000   0.000   -1.000   
20.120   20.120   0.000   0.000   0.000   -2.000   
20.120   20.120   0.000   0.000   0.000   -1.000   
20.120   20.120   0.000   0.000   0.000   -1.000   
20.120   20.120   0.000   0.000   0.000   -2.000   
20.120   20.120   0.000   0.000   0.000   -1.000   
20.120   20.120   0.000   0.000   0.000   -2.000   
20.120   20.120   0.000   0.000   0.000   -2.000   
20.120   20.120   0.000   0.000   0.000   -1.000   
20.120   20.120   0.000   0.000   0.000   -1.000   
20.120   20.120   0.000   0.000   0.000   -3.000   
20.120   20.120   0.000   0.000   0.000   0.000   
20.120   20.120   0.000   0.000   0.000   -1.000   
20.120   20.120   0.000   0.000   0.000   -1.000   
20.120   20.120   0.000   0.000   0.000   0.000   
20.120   20.120   0.000   0.000   0.000   -1.000   
20.120   20.120   0.000   0.000   0.000   -1.000   
20.120   20.120   0.000   0.000   0.000   -1.000   
20.120   20.120   0.000   0.000   0.000   -1.000   
20.120   20.120   0.000   0.000   0.000   0.000   
20.120   20.120   0.000   0.000   0.000   -3.000   
20.120   20.120   0.000   0.000   0.000   2.000   
20.120   20.120   0.000   0.000   0.000   0.000   
20.120   20.120   0.000   0.000   0.000   -1.000   
20.120   20.120   0.000   0.000   0.000   0.000   
20.120   20.120   0.000   0.000   0.000   3.000   
20.120   20.120   0.000   0.000   0.000   1.000   
20.120   20.120   0.000   0.000   0.000   -1.000   
20.120   20.120   0.000   0.000   0.000   -1.000   
20.120   20.120   0.000   0.000   0.000   -1.000   
20.120   20.120   0.000   0.000   0.000   1.000   
20.120   20.120   0.000   0.000   0.000   1.000   
20.120   20.120   0.000   0.000   0.000   -1.000   
20.120   20.120   0.000   0.000   0.000   -1.000   
20.120   20.120   0.000   0.000   0.000   -2.000   
20.120   20.120   0.000   0.000   0.000   0.000   
20.120   20.120   0.000   0.000   0.000   -3.000   
20.120   20.120   0.000   0.000   0.000   0.000   
20.120   20.120   0.000   0.000   0.000   -2.000   
20.120   20.120   0.000   0.000   0.000   0.000   
20.120   20.120   0.000   0.000   0.000   -2.000   
20.120   20.120   0.000   0.000   0.000   0.000   
20.120   20.120   0.000   0.000   0.000   -2.000   
20.120   20.120   0.000   0.000   0.000   -1.000   
20.120   20.120   0.000   0.000   0.000   -1.000   
20.120   20.120   0.000   0.000   0.000   -1.000   
20.120   20.120   0.000   0.000   0.000   -1.000   
20.120   20.120   0.000   0.000   0.000   0.000   
20.120   20.120   0.000   0.000   0.000   0.000   
20.120   20.120   0.000   0.000   0.000   0.000   
20.120   20.120   0.000   0.000   0.000   1.000   
20.120   20.120   0.000   0.000   0.000   0.000   
20.120   20.120   0.000   0.000   0.000   0.000   
20.120   20.120   0.000   0.000   0.000   0.000   
20.120   20.120   0.000   0.000   0.000   1.000   
20.120   20.120   0.000   0.000   0.000   0.000   
20.120   20.120   0.000   0.000   0.000   -1.000   
20.120   20.120   0.000   0.000   0.000   -2.000   
20.120   20.120   0.000   0.000   0.000   -1.000   
20.120   20.120   0.000   0.000   0.000   2.000   
20.120   20.120   0.000   0.000   0.000   0.000   
20.120   20.120   0.000   0.000   0.000   1.000   
20.120   20.120   0.000   0.000   0.000   2.000   
20.120   20.120   0.000   0.000   0.000   1.000   
20.120   20.120   0.000   0.000   0.000   0.000   
20.120   20.120   0.000   0.000   0.000   -1.000   
20.120   20.120   0.000   0.000   0.000   -1.000   
20.120   20.120   0.000   0.000   0.000   2.000   
20.120   20.120   0.000   0.000   0.000   -1.000   
20.120   20.120   0.000   0.000   0.000   -1.000   
20.120   20.120   0.000   0.000   0.000   -1.000   
20.120   20.120   0.000   0.000   0.000   2.000   
20.120   20.120   0.000   0.000   0.000   0.000   
20.120   20.120   0.000   0.000   0.000   0.000   
20.120   20.120   0.000   0.000   0.000   0.000   
20.120   20.120   0.000   0.000   0.000   0.000   
20.120   20.120   0.000   0.000   0.000   -1.000   
20.120   20.120   0.000   0.000   0.000   -1.000   
20.120   20.120   0.000   0.000   0.000   -1.000   
20.120   20.120   0.000   0.000   0.000   -1.000   
20.120   20.120   0.000   0.000   0.000   -3.000   
20.120   20.120   0.000   0.000   0.000   -2.000   
20.120   20.120   0.000   0.000   0.000   0.000   
20.120   20.120   0.000   0.000   0.000   0.000   
20.120   20.120   0.000   0.000   0.000   2.000   
20.120   20.120   0.000   0.000   0.000   1.000   
20.120   20.120   0.000   0.000   0.000   -2.000   
20.120   20.120   0.000   0.000   0.000   -1.000   
20.120   20.120   0.000   0.000   0.000   -1.000   
20.120   20.120   0.000   0.000   0.000   1.000   
20.120   20.120   0.000   0.000   0.000   0.000   
20.120   20.120   0.000   0.000   0.000   -2.000   
20.120   20.120   0.000   0.000   0.000   -3.000   
20.120   20.120   0.000   0.000   0.000   1.000   
20.120   20.120   0.000   0.000   0.000   0.000   
20.120   20.120   0.000   0.000   0.000   1.000   
20.120   20.120   0.000   0.000   0.000   1.000   
20.120   20.120   0.000   0.000   0.000   1.000   
20.120   20.120   0.000   0.000   0.000   -1.000   
20.120   20.120   0.000   0.000   0.000   -2.000   
20.120   20.120   0.000   0.000   0.000   3.000   
20.120   20.120   0.000   0.000   0.000   1.000   
20.120   20.120   0.000   0.000   0.000   4.000   
20.120   20.120   0.000   0.000   0.000   0.000   
20.120   20.120   0.000   0.000   0.000   1.000   
20.120   20.120   0.000   0.000   0.000   -1.000   
20.120   20.120   0.000   0.000   0.000   -1.000   
20.120   20.120   0.000   0.000   0.000   0.000   
20.120   20.120   0.000   0.000   0.000   0.000   
20.120   20.120   0.000   0.000   0.000   0.000   
20.120   20.120   0.000   0.000   0.000   1.000   
20.120   20.120   0.000   0.000   0.000   1.000   
20.120   20.120   0.000   0.000   0.000   0.000   
20.120   20.120   0.000   0.000   0.000   3.000   
20.120   20.120   0.000   0.000   0.000   -1.000   
20.120   20.120   0.000   0.000   0.000   -1.000   
20.120   20.120   0.000   0.000   0.000   1.000   
20.120   20.120   0.000   0.000   0.000   -3.000   
20.120   20.120   0.000   0.000   0.000   -1.000   
20.120   20.120   0.000   0.000   0.000   -2.000   
20.120   20.120   0.000   0.000   0.000   -1.000   
20.120   20.120   0.000   0.000   0.000   8.000   
20.120   20.120   0.000   0.000   0.000   8.000   
20.120   20.120   0.000   0.000   0.000   6.000   
20.120   20.120   0.000   0.000   0.000   7.000   
20.120   20.120   0.000   0.000   0.000   6.000   
20.120   20.120   0.000   0.000   0.000   8.000   
20.120   20.120   0.000   0.000   0.000   6.000   
20.120   20.120   0.000   0.000   0.000   7.000   
20.120   20.120   0.000   0.000   0.000   4.000   
20.120   20.120   0.000   0.000   0.000   6.000   
20.120   20.120   0.000   0.000   0.000   6.000   
20.120   20.120   0.000   0.000   0.000   6.000   
20.120   20.120   0.000   0.000   0.000   7.000   
20.120   20.120   0.000   0.000   0.000   7.000   
20.120   20.120   0.000   0.000   0.000   6.000   
20.120   20.120   0.000   0.000   0.000   6.000   
20.120   20.120   0.000   0.000   0.000   7.000   
20.120   20.120   0.000   0.000   0.000   7.000   
20.120   20.120   0.000   0.000   0.000   5.000   
20.120   20.120   0.000   0.000   0.000   6.000   
20.120   20.120   0.000   0.000   0.000   6.000   
20.120   20.120   0.000   0.000   0.000   7.000   
20.120   20.120   0.000   0.000   0.000   8.000   
20.120   20.120   0.000   0.000   0.000   6.000   
20.120   20.120   0.000   0.000   0.000   7.000   
20.120   20.120   0.000   0.000   0.000   7.000   
20.120   20.120   0.000   0.000   0.000   6.000   
20.120   20.120   0.000   0.000   0.000   8.000   
20.120   20.120   0.000   0.000   0.000   7.000   
20.120   20.120   0.000   0.000   0.000   10.000   
20.120   20.120   0.000   0.000   0.000   8.000   
20.120   20.120   0.000   0.000   0.000   6.000   
20.120   20.120   0.000   0.000   0.000   7.000   
20.120   20.120   0.000   0.000   0.000   9.000   
20.120   20.120   0.000   0.000   0.000   9.000   
20.120   20.120   0.000   0.000   0.000   8.000   
20.120   20.120   0.000   0.000   0.000   7.000   
20.120   20.120   0.000   0.000   0.000   7.000   
20.120   20.120   0.000   0.000   0.000   8.000   
20.120   20.120   0.000   0.000   0.000   9.000   
20.120   20.120   0.000   0.000   0.000   8.000   
20.120   20.120   0.000   0.000   0.000   7.000   
20.120   20.120   0.000   0.000   0.000   0.000   
20.120   20.120   0.000   0.000   0.000   0.000   
20.120   20.120   0.000   0.000   0.000   -1.000   
20.120   20.120   0.000   0.000   0.000   -1.000   
20.120   20.120   0.000   0.000   0.000   -3.000   
20.120   20.120   0.000   0.000   0.000   -6.000   
20.120   20.120   0.000   0.000   0.000   3.000   
20.120   20.120   0.000   0.000   0.000   -4.000   
20.120   20.120   0.000   0.000   0.000   -3.000   
20.120   20.120   0.000   0.000   0.000   1.000   
20.120   20.120   0.000   0.000   0.000   -2.000   
20.120   20.120   0.000   0.000   0.000   0.000   
20.120   20.120   0.000   0.000   0.000   -3.000   
20.120   20.120   0.000   0.000   0.000   0.000   
20.120   20.120   0.000   0.000   0.000   -3.000   
20.120   20.120   0.000   0.000   0.000   -2.000   
20.120   20.120   0.000   0.000   0.000   -3.000   
20.120   20.120   0.000   0.000   0.000   -1.000   
20.120   20.120   0.000   0.000   0.000   -1.000   
20.120   20.120   0.000   0.000   0.000   0.000   
20.120   20.120   0.000   0.000   0.000   -4.000   
20.120   20.120   0.000   0.000   0.000   -1.000   
20.120   20.120   0.000   0.000   0.000   -1.000   
20.120   20.120   0.000   0.000   0.000   0.000   
20.120   20.120   0.000   0.000   0.000   -1.000   
20.120   20.120   0.000   0.000   0.000   -2.000   
20.120   20.120   0.000   0.000   0.000   -2.000   
20.120   20.120   0.000   0.000   0.000   0.000   
20.120   20.120   0.000   0.000   0.000   -6.000   
20.120   20.120   0.000   0.000   0.000   -2.000   
20.120   20.120   0.000   0.000   0.000   -1.000   
20.120   20.120   0.000   0.000   0.000   0.000   
20.120   20.120   0.000   0.000   0.000   0.000   
20.120   20.120   0.000   0.000   0.000   0.000   
20.120   20.120   0.000   0.000   0.000   2.000   
20.120   20.120   0.000   0.000   0.000   -1.000   
20.120   20.120   0.000   0.000   0.000   0.000   
20.120   20.120   0.000   0.000   0.000   -2.000   
20.120   20.120   0.000   0.000   0.000   -1.000   
20.120   20.120   0.000   0.000   0.000   -2.000   
20.120   20.120   0.000   0.000   0.000   -2.000   
20.120   20.120   0.000   0.000   0.000   1.000   
20.120   20.120   0.000   0.000   0.000   -2.000   
20.120   20.120   0.000   0.000   0.000   -2.000   
20.120   20.120   0.000   0.000   0.000   -3.000   
20.120   20.120   0.000   0.000   0.000   -2.000   
20.120   20.120   0.000   0.000   0.000   -1.000   
20.120   20.120   0.000   0.000   0.000   0.000   
20.120   20.120   0.000   0.000   0.000   -3.000   
20.120   20.120   0.000   0.000   0.000   -3.000   
20.120   20.120   0.000   0.000   0.000   -2.000   
20.120   20.120   0.000   0.000   0.000   -1.000   
20.120   20.120   0.000   0.000   0.000   -2.000   
20.120   20.120   0.000   0.000   0.000   -3.000   
20.120   20.120   0.000   0.000   0.000   0.000   
20.120   20.120   0.000   0.000   0.000   -2.000   
20.120   20.120   0.000   0.000   0.000   0.000   
20.120   20.120   0.000   0.000   0.000   0.000   
20.120   20.120   0.000   0.000   0.000   -1.000   
20.120   20.120   0.000   0.000   0.000   -1.000   
20.120   20.120   0.000   0.000   0.000   -1.000   
20.120   20.120   0.000   0.000   0.000   -1.000   
20.120   20.120   0.000   0.000   0.000   -3.000   
20.120   20.120   0.000   0.000   0.000   -3.000   
20.120   20.120   0.000   0.000   0.000   0.000   
20.120   20.120   0.000   0.000   0.000   -1.000   
20.120   20.120   0.000   0.000   0.000   -4.000   
20.120   20.120   0.000   0.000   0.000   -3.000   
20.120   20.120   0.000   0.000   0.000   0.000   
20.120   20.120   0.000   0.000   0.000   -1.000   
20.120   20.120   0.000   0.000   0.000   -1.000   
20.120   20.120   0.000   0.000   0.000   0.000   
20.120   20.120   0.000   0.000   0.000   -1.000   
20.120   20.120   0.000   0.000   0.000   -1.000   
20.120   20.120   0.000   0.000   0.000   -1.000   
20.120   20.120   0.000   0.000   0.000   -2.000   
20.120   20.120   0.000   0.000   0.000   -1.000   
20.120   20.120   0.000   0.000   0.000   -1.000   
20.120   20.120   0.000   0.000   0.000   2.000   
20.120   20.120   0.000   0.000   0.000   -1.000   
20.120   20.120   0.000   0.000   0.000   3.000   
20.120   20.120   0.000   0.000   0.000   4.000   
20.120   20.120   0.000   0.000   0.000   -3.000   
20.120   20.120   0.000   0.000   0.000   -2.000   
20.120   20.120   0.000   0.000   0.000   -7.000   
20.120   20.120   0.000   0.000   0.000   1.000   
20.120   20.120   0.000   0.000   0.000   1.000   
20.120   20.120   0.000   0.000   0.000   0.000   
20.120   20.120   0.000   0.000   0.000   -2.000   
20.120   20.120   0.000   0.000   0.000   -1.000   
20.120   20.120   0.000   0.000   0.000   1.000   
20.120   20.120   0.000   0.000   0.000   -1.000   
20.120   20.120   0.000   0.000   0.000   -4.000   
20.120   20.120   0.000   0.000   0.000   -1.000   
20.120   20.120   0.000   0.000   0.000   0.000   
20.120   20.120   0.000   0.000   0.000   -2.000   
20.120   20.120   0.000   0.000   0.000   0.000   
20.120   20.120   0.000   0.000   0.000   -4.000   
20.120   20.120   0.000   0.000   0.000   -1.000   
20.120   20.120   0.000   0.000   0.000   -1.000   
20.120   20.120   0.000   0.000   0.000   -2.000   
20.120   20.120   0.000   0.000   0.000   -2.000   
20.120   20.120   0.000   0.000   0.000   -1.000   
20.120   20.120   0.000   0.000   0.000   -2.000   
20.120   20.120   0.000   0.000   0.000   -3.000   
20.120   20.120   0.000   0.000   0.000   1.000   
20.120   20.120   0.000   0.000   0.000   0.000   
20.120   20.120   0.000   0.000   0.000   -1.000   
20.120   20.120   0.000   0.000   0.000   -2.000   
20.120   20.120   0.000   0.000   0.000   0.000   
20.120   20.120   0.000   0.000   0.000   1.000   
20.120   20.120   0.000   0.000   0.000   0.000   
20.120   20.120   0.000   0.000   0.000   -1.000   
20.120   20.120   0.000   0.000   0.000   0.000   
20.120   20.120   0.000   0.000   0.000   2.000   
20.120   20.120   0.000   0.000   0.000   3.000   
20.120   20.120   0.000   0.000   0.000   -1.000   
20.120   20.120   0.000   0.000   0.000   -1.000   
20.120   20.120   0.000   0.000   0.000   -1.000   
20.120   20.120   0.000   0.000   0.000   0.000   
20.120   20.120   0.000   0.000   0.000   -1.000   
20.120   20.120   0.000   0.000   0.000   -1.000   
20.120   20.120   0.000   0.000   0.000   -3.000   
20.120   20.120   0.000   0.000   0.000   4.000   
20.120   20.120   0.000   0.000   0.000   1.000   
20.120   20.120   0.000   0.000   0.000   1.000   
20.120   20.120   0.000   0.000   0.000   -10.000   
20.120   20.120   0.000   0.000   0.000   -8.000   
20.120   20.120   0.000   0.000   0.000   -8.000   
20.120   20.120   0.000   0.000   0.000   -5.000   
20.120   20.120   0.000   0.000   0.000   -9.000   
20.120   20.120   0.000   0.000   0.000   -7.000   
20.120   20.120   0.000   0.000   0.000   -8.000   
20.120   20.120   0.000   0.000   0.000   -9.000   
20.120   20.120   0.000   0.000   0.000   -7.000   
20.120   20.120   0.000   0.000   0.000   -10.000   
20.120   20.120   0.000   0.000   0.000   -8.000   
20.120   20.120   0.000   0.000   0.000   -8.000   
20.120   20.120   0.000   0.000   0.000   -7.000   
20.120   20.120   0.000   0.000   0.000   -8.000   
20.120   20.120   0.000   0.000   0.000   -5.000   
20.120   20.120   0.000   0.000   0.000   -7.000   
20.120   20.120   0.000   0.000   0.000   -5.000   
20.120   20.120   0.000   0.000   0.000   -7.000   
20.120   20.120   0.000   0.000   0.000   -8.000   
20.120   20.120   0.000   0.000   0.000   -7.000   
20.120   20.120   0.000   0.000   0.000   -8.000   
20.120   20.120   0.000   0.000   0.000   -6.000   
20.120   20.120   0.000   0.000   0.000   -7.000   
20.120   20.120   0.000   0.000   0.000   -9.000   
20.120   20.120   0.000   0.000   0.000   -8.000   
20.120   20.120   0.000   0.000   0.000   -7.000   
20.120   20.120   0.000   0.000   0.000   -5.000   
20.120   20.120   0.000   0.000   0.000   -5.000   
20.120   20.120   0.000   0.000   0.000   -7.000   
20.120   20.120   0.000   0.000   0.000   -10.000   
20.120   20.120   0.000   0.000   0.000   -8.000   
20.120   20.120   0.000   0.000   0.000   -9.000   
20.120   20.120   0.000   0.000   0.000   -8.000   
20.120   20.120   0.000   0.000   0.000   -9.000   
20.120   20.120   0.000   0.000   0.000   -8.000   
20.120   20.120   0.000   0.000   0.000   -9.000   
20.120   20.120   0.000   0.000   0.000   -7.000   
20.120   20.120   0.000   0.000   0.000   -8.000   
20.120   20.120   0.000   0.000   0.000   -7.000   
20.120   20.120   0.000   0.000   0.000   -8.000   
20.120   20.120   0.000   0.000   0.000   -2.000   
20.120   20.120   0.000   0.000   0.000   -1.000   
20.120   20.120   0.000   0.000   0.000   -2.000   
20.120   20.120   0.000   0.000   0.000   -1.000   
20.120   20.120   0.000   0.000   0.000   -2.000   
20.120   20.120   0.000   0.000   0.000   0.000   
20.120   20.120   0.000   0.000   0.000   0.000   
20.120   20.120   0.000   0.000   0.000   -2.000   
20.120   20.120   0.000   0.000   0.000   -3.000   
20.120   20.120   0.000   0.000   0.000   -2.000   
20.120   20.120   0.000   0.000   0.000   0.000   
20.120   20.120   0.000   0.000   0.000   -1.000   
20.120   20.120   0.000   0.000   0.000   -3.000   
20.120   20.120   0.000   0.000   0.000   0.000   
20.120   20.120   0.000   0.000   0.000   0.000   
20.120   20.120   0.000   0.000   0.000   -1.000   
20.120   20.120   0.000   0.000   0.000   -2.000   
20.120   20.120   0.000   0.000   0.000   -1.000   
20.120   20.120   0.000   0.000   0.000   -2.000   
20.120   20.120   0.000   0.000   0.000   0.000   
20.120   20.120   0.000   0.000   0.000   -2.000   
20.120   20.120   0.000   0.000   0.000   -1.000   
20.120   20.120   0.000   0.000   0.000   -1.000   
20.120   20.120   0.000   0.000   0.000   0.000   
20.120   20.120   0.000   0.000   0.000   -1.000   
20.120   20.120   0.000   0.000   0.000   -1.000   
20.120   20.120   0.000   0.000   0.000   -1.000   
20.120   20.120   0.000   0.000   0.000   -1.000   
20.120   20.120   0.000   0.000   0.000   -3.000   
20.120   20.120   0.000   0.000   0.000   -2.000   
20.120   20.120   0.000   0.000   0.000   1.000   
20.120   20.120   0.000   0.000   0.000   -1.000   
20.120   20.120   0.000   0.000   0.000   -1.000   
20.120   20.120   0.000   0.000   0.000   -1.000   
20.120   20.120   0.000   0.000   0.000   -3.000   
20.120   20.120   0.000   0.000   0.000   0.000   
20.120   20.120   0.000   0.000   0.000   -1.000   
20.120   20.120   0.000   0.000   0.000   0.000   
20.120   20.120   0.000   0.000   0.000   3.000   
20.120   20.120   0.000   0.000   0.000   3.000   
20.120   20.120   0.000   0.000   0.000   2.000   
20.120   20.120   0.000   0.000   0.000   -1.000   
20.120   20.120   0.000   0.000   0.000   2.000   
20.120   20.120   0.000   0.000   0.000   -2.000   
20.120   20.120   0.000   0.000   0.000   -1.000   
20.120   20.120   0.000   0.000   0.000   0.000   
20.120   20.120   0.000   0.000   0.000   0.000   
20.120   20.120   0.000   0.000   0.000   0.000   
20.120   20.120   0.000   0.000   0.000   -1.000   
20.120   20.120   0.000   0.000   0.000   4.000   
20.120   20.120   0.000   0.000   0.000   -1.000   
20.120   20.120   0.000   0.000   0.000   -1.000   
20.120   20.120   0.000   0.000   0.000   -1.000   
20.120   20.120   0.000   0.000   0.000   -1.000   
20.120   20.120   0.000   0.000   0.000   -1.000   
20.120   20.120   0.000   0.000   0.000   -1.000   
20.120   20.120   0.000   0.000   0.000   0.000   
20.120   20.120   0.000   0.000   0.000   -1.000   
20.120   20.120   0.000   0.000   0.000   -1.000   
20.120   20.120   0.000   0.000   0.000   -3.000   
20.120   20.120   0.000   0.000   0.000   -1.000   
20.120   20.120   0.000   0.000   0.000   0.000   
20.120   20.120   0.000   0.000   0.000   -3.000   
20.120   20.120   0.000   0.000   0.000   -3.000   
20.120   20.120   0.000   0.000   0.000   -1.000   
20.120   20.120   0.000   0.000   0.000   -1.000   
20.120   20.120   0.000   0.000   0.000   1.000   
20.120   20.120   0.000   0.000   0.000   -1.000   
20.120   20.120   0.000   0.000   0.000   0.000   
20.120   20.120   0.000   0.000   0.000   -3.000   
20.120   20.120   0.000   0.000   0.000   -1.000   
20.120   20.120   0.000   0.000   0.000   -1.000   
20.120   20.120   0.000   0.000   0.000   -1.000   
20.120   20.120   0.000   0.000   0.000   1.000   
20.120   20.120   0.000   0.000   0.000   1.000   
20.120   20.120   0.000   0.000   0.000   1.000   
20.120   20.120   0.000   0.000   0.000   2.000   
20.120   20.120   0.000   0.000   0.000   0.000   
20.120   20.120   0.000   0.000   0.000   0.000   
20.120   20.120   0.000   0.000   0.000   3.000   
20.120   20.120   0.000   0.000   0.000   -1.000   
20.120   20.120   0.000   0.000   0.000   0.000   
20.120   20.120   0.000   0.000   0.000   -1.000   
20.120   20.120   0.000   0.000   0.000   -1.000   
20.120   20.120   0.000   0.000   0.000   5.000   
20.120   20.120   0.000   0.000   0.000   1.000   
20.120   20.120   0.000   0.000   0.000   4.000   
20.120   20.120   0.000   0.000   0.000   -1.000   
20.120   20.120   0.000   0.000   0.000   1.000   
20.120   20.120   0.000   0.000   0.000   3.000   
20.120   20.120   0.000   0.000   0.000   0.000   
20.120   20.120   0.000   0.000   0.000   0.000   
20.120   20.120   0.000   0.000   0.000   2.000   
20.120   20.120   0.000   0.000   0.000   0.000   
20.120   20.120   0.000   0.000   0.000   -3.000   
20.120   20.120   0.000   0.000   0.000   -2.000   
20.120   20.120   0.000   0.000   0.000   1.000   
20.120   20.120   0.000   0.000   0.000   0.000   
20.120   20.120   0.000   0.000   0.000   2.000   
20.120   20.120   0.000   0.000   0.000   -1.000   
20.120   20.120   0.000   0.000   0.000   -1.000   
20.120   20.120   0.000   0.000   0.000   1.000   
20.120   20.120   0.000   0.000   0.000   0.000   
20.120   20.120   0.000   0.000   0.000   1.000   
20.120   20.120   0.000   0.000   0.000   -1.000   
20.120   20.120   0.000   0.000   0.000   -2.000   
20.120   20.120   0.000   0.000   0.000   -1.000   
20.120   20.120   0.000   0.000   0.000   3.000   
20.120   20.120   0.000   0.000   0.000   -2.000   
20.120   20.120   0.000   0.000   0.000   2.000   
20.120   20.120   0.000   0.000   0.000   -1.000   
20.120   20.120   0.000   0.000   0.000   2.000   
20.120   20.120   0.000   0.000   0.000   1.000   
20.120   20.120   0.000   0.000   0.000   0.000   
20.120   20.120   0.000   0.000   0.000   -1.000   
20.120   20.120   0.000   0.000   0.000   2.000   
20.120   20.120   0.000   0.000   0.000   -1.000   
20.120   20.120   0.000   0.000   0.000   1.000   
20.120   20.120   0.000   0.000   0.000   -2.000   
20.120   20.120   0.000   0.000   0.000   0.000   
20.120   20.120   0.000   0.000   0.000   -3.000   
20.120   20.120   0.000   0.000   0.000   0.000   
20.120   20.120   0.000   0.000   0.000   1.000   
20.120   20.120   0.000   0.000   0.000   3.000   
20.120   20.120   0.000   0.000   0.000   2.000   
20.120   20.120   0.000   0.000   0.000   4.000   
20.120   20.120   0.000   0.000   0.000   8.000   
20.120   20.120   0.000   0.000   0.000   5.000   
20.120   20.120   0.000   0.000   0.000   8.000   
20.120   20.120   0.000   0.000   0.000   7.000   
20.120   20.120   0.000   0.000   0.000   6.000   
20.120   20.120   0.000   0.000   0.000   8.000   
20.120   20.120   0.000   0.000   0.000   8.000   
20.120   20.120   0.000   0.000   0.000   6.000   
20.120   20.120   0.000   0.000   0.000   9.000   
20.120   20.120   0.000   0.000   0.000   6.000   
20.120   20.120   0.000   0.000   0.000   7.000   
20.120   20.120   0.000   0.000   0.000   7.000   
20.120   20.120   0.000   0.000   0.000   5.000   
20.120   20.120   0.000   0.000   0.000   7.000   
20.120   20.120   0.000   0.000   0.000   8.000   
20.120   20.120   0.000   0.000   0.000   8.000   
20.120   20.120   0.000   0.000   0.000   7.000   
20.120   20.120   0.000   0.000   0.000   7.000   
20.120   20.120   0.000   0.000   0.000   6.000   
20.120   20.120   0.000   0.000   0.000   6.000   
20.120   20.120   0.000   0.000   0.000   8.000   
20.120   20.120   0.000   0.000   0.000   7.000   
20.120   20.120   0.000   0.000   0.000   4.000   
20.120   20.120   0.000   0.000   0.000   6.000   
20.120   20.120   0.000   0.000   0.000   5.000   
20.120   20.120   0.000   0.000   0.000   6.000   
20.120   20.120   0.000   0.000   0.000   4.000   
20.120   20.120   0.000   0.000   0.000   7.000   
20.120   20.120   0.000   0.000   0.000   8.000   
20.120   20.120   0.000   0.000   0.000   6.000   
20.120   20.120   0.000   0.000   0.000   7.000   
20.120   20.120   0.000   0.000   0.000   6.000   
20.120   20.120   0.000   0.000   0.000   4.000   
20.120   20.120   0.000   0.000   0.000   4.000   
20.120   20.120   0.000   0.000   0.000   6.000   
20.120   20.120   0.000   0.000   0.000   4.000   
20.120   20.120   0.000   0.000   0.000   6.000   
20.120   20.120   0.000   0.000   0.000   8.000   
20.120   20.120   0.000   0.000   0.000   4.000   
20.120   20.120   0.000   0.000   0.000   7.000   
20.120   20.120   0.000   0.000   0.000   5.000   
20.120   20.120   0.000   0.000   0.000   6.000   
20.120   20.120   0.000   0.000   0.000   -4.000   
20.120   20.120   0.000   0.000   0.000   -2.000   
20.120   20.120   0.000   0.000   0.000   1.000   
20.120   20.120   0.000   0.000   0.000   -1.000   
20.120   20.120   0.000   0.000   0.000   1.000   
20.120   20.120   0.000   0.000   0.000   0.000   
20.120   20.120   0.000   0.000   0.000   0.000   
20.120   20.120   0.000   0.000   0.000   -4.000   
20.120   20.120   0.000   0.000   0.000   -1.000   
20.120   20.120   0.000   0.000   0.000   -5.000   
20.120   20.120   0.000   0.000   0.000   0.000   
20.120   20.120   0.000   0.000   0.000   -1.000   
20.120   20.120   0.000   0.000   0.000   -5.000   
20.120   20.120   0.000   0.000   0.000   -1.000   
20.120   20.120   0.000   0.000   0.000   0.000   
20.120   20.120   0.000   0.000   0.000   -2.000   
20.120   20.120   0.000   0.000   0.000   2.000   
20.120   20.120   0.000   0.000   0.000   -2.000   
20.120   20.120   0.000   0.000   0.000   -1.000   
20.120   20.120   0.000   0.000   0.000   -2.000   
20.120   20.120   0.000   0.000   0.000   0.000   
20.120   20.120   0.000   0.000   0.000   -1.000   
20.120   20.120   0.000   0.000   0.000   0.000   
20.120   20.120   0.000   0.000   0.000   0.000   
20.120   20.120   0.000   0.000   0.000   1.000   
20.120   20.120   0.000   0.000   0.000   -2.000   
20.120   20.120   0.000   0.000   0.000   -6.000   
20.120   20.120   0.000   0.000   0.000   -2.000   
20.120   20.120   0.000   0.000   0.000   -4.000   
20.120   20.120   0.000   0.000   0.000   -2.000   
20.120   20.120   0.000   0.000   0.000   -4.000   
20.120   20.120   0.000   0.000   0.000   -4.000   
20.120   20.120   0.000   0.000   0.000   -2.000   
20.120   20.120   0.000   0.000   0.000   -6.000   
20.120   20.120   0.000   0.000   0.000   0.000   
20.120   20.120   0.000   0.000   0.000   -3.000   
20.120   20.120   0.000   0.000   0.000   -1.000   
20.120   20.120   0.000   0.000   0.000   1.000   
20.120   20.120   0.000   0.000   0.000   -2.000   
20.120   20.120   0.000   0.000   0.000   -3.000   
20.120   20.120   0.000   0.000   0.000   -1.000   
20.120   20.120   0.000   0.000   0.000   -2.000   
20.120   20.120   0.000   0.000   0.000   0.000   
20.120   20.120   0.000   0.000   0.000   0.000   
20.120   20.120   0.000   0.000   0.000   -1.000   
20.120   20.120   0.000   0.000   0.000   1.000   
20.120   20.120   0.000   0.000   0.000   -3.000   
20.120   20.120   0.000   0.000   0.000   -3.000   
20.120   20.120   0.000   0.000   0.000   0.000   
20.120   20.120   0.000   0.000   0.000   -2.000   
20.120   20.120   0.000   0.000   0.000   -1.000   
20.120   20.120   0.000   0.000   0.000   -3.000   
20.120   20.120   0.000   0.000   0.000   -2.000   
20.120   20.120   0.000   0.000   0.000   -1.000   
20.120   20.120   0.000   0.000   0.000   -2.000   
20.120   20.120   0.000   0.000   0.000   0.000   
20.120   20.120   0.000   0.000   0.000   0.000   
20.120   20.120   0.000   0.000   0.000   -1.000   
20.120   20.120   0.000   0.000   0.000   -3.000   
20.120   20.120   0.000   0.000   0.000   -2.000   
20.120   20.120   0.000   0.000   0.000   -2.000   
20.120   20.120   0.000   0.000   0.000   -3.000   
20.120   20.120   0.000   0.000   0.000   -2.000   
20.120   20.120   0.000   0.000   0.000   -2.000   
20.120   20.120   0.000   0.000   0.000   -1.000   
20.120   20.120   0.000   0.000   0.000   0.000   
20.120   20.120   0.000   0.000   0.000   -1.000   
20.120   20.120   0.000   0.000   0.000   -1.000   
20.120   20.120   0.000   0.000   0.000   0.000   
20.120   20.120   0.000   0.000   0.000   -1.000   
20.120   20.120   0.000   0.000   0.000   0.000   
20.120   20.120   0.000   0.000   0.000   0.000   
20.120   20.120   0.000   0.000   0.000   -1.000   
20.120   20.120   0.000   0.000   0.000   0.000   
20.120   20.120   0.000   0.000   0.000   0.000   
20.120   20.120   0.000   0.000   0.000   -2.000   
20.120   20.120   0.000   0.000   0.000   0.000   
20.120   20.120   0.000   0.000   0.000   -2.000   
20.120   20.120   0.000   0.000   0.000   0.000   
20.120   20.120   0.000   0.000   0.000   -1.000   
20.120   20.120   0.000   0.000   0.000   -1.000   
20.120   20.120   0.000   0.000   0.000   -1.000   
20.120   20.120   0.000   0.000   0.000   -3.000   
20.120   20.120   0.000   0.000   0.000   0.000   
20.120   20.120   0.000   0.000   0.000   -1.000   
20.120   20.120   0.000   0.000   0.000   -3.000   
20.120   20.120   0.000   0.000   0.000   2.000   
20.120   20.120   0.000   0.000   0.000   -3.000   
20.120   20.120   0.000   0.000   0.000   0.000   
20.120   20.120   0.000   0.000   0.000   -1.000   
20.120   20.120   0.000   0.000   0.000   -1.000   
20.120   20.120   0.000   0.000   0.000   -5.000   
20.120   20.120   0.000   0.000   0.000   -3.000   
20.120   20.120   0.000   0.000   0.000   1.000   
20.120   20.120   0.000   0.000   0.000   -3.000   
20.120   20.120   0.000   0.000   0.000   -3.000   
20.120   20.120   0.000   0.000   0.000   2.000   
20.120   20.120   0.000   0.000   0.000   -2.000   
20.120   20.120   0.000   0.000   0.000   -3.000   
20.120   20.120   0.000   0.000   0.000   -1.000   
20.120   20.120   0.000   0.000   0.000   -2.000   
20.120   20.120   0.000   0.000   0.000   0.000   
20.120   20.120   0.000   0.000   0.000   -2.000   
20.120   20.120   0.000   0.000   0.000   -1.000   
20.120   20.120   0.000   0.000   0.000   -2.000   
20.120   20.120   0.000   0.000   0.000   -2.000   
20.120   20.120   0.000   0.000   0.000   -1.000   
20.120   20.120   0.000   0.000   0.000   0.000   
20.120   20.120   0.000   0.000   0.000   -4.000   
20.120   20.120   0.000   0.000   0.000   -2.000   
20.120   20.120   0.000   0.000   0.000   1.000   
20.120   20.120   0.000   0.000   0.000   -1.000   
20.120   20.120   0.000   0.000   0.000   -1.000   
20.120   20.120   0.000   0.000   0.000   -2.000   
20.120   20.120   0.000   0.000   0.000   -1.000   
20.120   20.120   0.000   0.000   0.000   -3.000   
20.120   20.120   0.000   0.000   0.000   -3.000   
20.120   20.120   0.000   0.000   0.000   1.000   
20.120   20.120   0.000   0.000   0.000   -1.000   
20.120   20.120   0.000   0.000   0.000   0.000   
20.120   20.120   0.000   0.000   0.000   -1.000   
20.120   20.120   0.000   0.000   0.000   -2.000   
20.120   20.120   0.000   0.000   0.000   2.000   
20.120   20.120   0.000   0.000   0.000   1.000   
20.120   20.120   0.000   0.000   0.000   1.000   
20.120   20.120   0.000   0.000   0.000   -3.000   
20.120   20.120   0.000   0.000   0.000   -4.000   
20.120   20.120   0.000   0.000   0.000   -9.000   
20.120   20.120   0.000   0.000   0.000   -7.000   
20.120   20.120   0.000   0.000   0.000   -7.000   
20.120   20.120   0.000   0.000   0.000   -6.000   
20.120   20.120   0.000   0.000   0.000   -4.000   
20.120   20.120   0.000   0.000   0.000   -10.000   
20.120   20.120   0.000   0.000   0.000   -8.000   
20.120   20.120   0.000   0.000   0.000   -11.000   
20.120   20.120   0.000   0.000   0.000   -6.000   
20.120   20.120   0.000   0.000   0.000   -12.000   
20.120   20.120   0.000   0.000   0.000   -9.000   
20.120   20.120   0.000   0.000   0.000   -10.000   
20.120   20.120   0.000   0.000   0.000   -4.000   
20.120   20.120   0.000   0.000   0.000   -7.000   
20.120   20.120   0.000   0.000   0.000   -7.000   
20.120   20.120   0.000   0.000   0.000   -8.000   
20.120   20.120   0.000   0.000   0.000   -8.000   
20.120   20.120   0.000   0.000   0.000   -7.000   
20.120   20.120   0.000   0.000   0.000   -9.000   
20.120   20.120   0.000   0.000   0.000   -7.000   
20.120   20.120   0.000   0.000   0.000   -9.000   
20.120   20.120   0.000   0.000   0.000   -7.000   
20.120   20.120   0.000   0.000   0.000   -10.000   
20.120   20.120   0.000   0.000   0.000   -9.000   
20.120   20.120   0.000   0.000   0.000   -8.000   
20.120   20.120   0.000   0.000   0.000   -9.000   
20.120   20.120   0.000   0.000   0.000   -10.000   
20.120   20.120   0.000   0.000   0.000   -8.000   
20.120   20.120   0.000   0.000   0.000   -8.000   
20.120   20.120   0.000   0.000   0.000   -8.000   
20.120   20.120   0.000   0.000   0.000   -7.000   
20.120   20.120   0.000   0.000   0.000   -9.000   
20.120   20.120   0.000   0.000   0.000   -9.000   
20.120   20.120   0.000   0.000   0.000   -11.000   
20.120   20.120   0.000   0.000   0.000   -9.000   
20.120   20.120   0.000   0.000   0.000   -10.000   
20.120   20.120   0.000   0.000   0.000   -7.000   
20.120   20.120   0.000   0.000   0.000   -9.000   
20.120   20.120   0.000   0.000   0.000   -8.000   
20.120   20.120   0.000   0.000   0.000   -6.000   
20.120   20.120   0.000   0.000   0.000   -8.000   
20.120   20.120   0.000   0.000   0.000   -1.000   
20.120   20.120   0.000   0.000   0.000   -1.000   
20.120   20.120   0.000   0.000   0.000   -1.000   
20.120   20.120   0.000   0.000   0.000   -3.000   
20.120   20.120   0.000   0.000   0.000   -2.000   
20.120   20.120   0.000   0.000   0.000   -1.000   
20.120   20.120   0.000   0.000   0.000   -1.000   
20.120   20.120   0.000   0.000   0.000   -3.000   
20.120   20.120   0.000   0.000   0.000   -1.000   
20.120   20.120   0.000   0.000   0.000   0.000   
20.120   20.120   0.000   0.000   0.000   -2.000   
20.120   20.120   0.000   0.000   0.000   2.000   
20.120   20.120   0.000   0.000   0.000   0.000   
20.120   20.120   0.000   0.000   0.000   0.000   
20.120   20.120   0.000   0.000   0.000   -1.000   
20.120   20.120   0.000   0.000   0.000   -2.000   
20.120   20.120   0.000   0.000   0.000   -2.000   
20.120   20.120   0.000   0.000   0.000   0.000   
20.120   20.120   0.000   0.000   0.000   0.000   
20.120   20.120   0.000   0.000   0.000   0.000   
20.120   20.120   0.000   0.000   0.000   1.000   
20.120   20.120   0.000   0.000   0.000   -2.000   
20.120   20.120   0.000   0.000   0.000   0.000   
20.120   20.120   0.000   0.000   0.000   0.000   
20.120   20.120   0.000   0.000   0.000   1.000   
20.120   20.120   0.000   0.000   0.000   -1.000   
20.120   20.120   0.000   0.000   0.000   -2.000   
20.120   20.120   0.000   0.000   0.000   -1.000   
20.120   20.120   0.000   0.000   0.000   -1.000   
20.120   20.120   0.000   0.000   0.000   -4.000   
20.120   20.120   0.000   0.000   0.000   -2.000   
20.120   20.120   0.000   0.000   0.000   -2.000   
20.120   20.120   0.000   0.000   0.000   -2.000   
20.120   20.120   0.000   0.000   0.000   0.000   
20.120   20.120   0.000   0.000   0.000   -1.000   
20.120   20.120   0.000   0.000   0.000   -1.000   
20.120   20.120   0.000   0.000   0.000   2.000   
20.120   20.120   0.000   0.000   0.000   -2.000   
20.120   20.120   0.000   0.000   0.000   -2.000   
20.120   20.120   0.000   0.000   0.000   -1.000   
20.120   20.120   0.000   0.000   0.000   -1.000   
20.120   20.120   0.000   0.000   0.000   -3.000   
20.120   20.120   0.000   0.000   0.000   -3.000   
20.120   20.120   0.000   0.000   0.000   -3.000   
20.120   20.120   0.000   0.000   0.000   -1.000   
20.120   20.120   0.000   0.000   0.000   -1.000   
20.120   20.120   0.000   0.000   0.000   1.000   
20.120   20.120   0.000   0.000   0.000   -1.000   
20.120   20.120   0.000   0.000   0.000   0.000   
20.120   20.120   0.000   0.000   0.000   2.000   
20.120   20.120   0.000   0.000   0.000   1.000   
20.120   20.120   0.000   0.000   0.000   -1.000   
20.120   20.120   0.000   0.000   0.000   -3.000   
20.120   20.120   0.000   0.000   0.000   1.000   
20.120   20.120   0.000   0.000   0.000   2.000   
20.120   20.120   0.000   0.000   0.000   0.000   
20.120   20.120   0.000   0.000   0.000   -3.000   
20.120   20.120   0.000   0.000   0.000   -1.000   
20.120   20.120   0.000   0.000   0.000   0.000   
20.120   20.120   0.000   0.000   0.000   1.000   
20.120   20.120   0.000   0.000   0.000   0.000   
20.120   20.120   0.000   0.000   0.000   -2.000   
20.120   20.120   0.000   0.000   0.000   0.000   
20.120   20.120   0.000   0.000   0.000   0.000   
20.120   20.120   0.000   0.000   0.000   -4.000   
20.120   20.120   0.000   0.000   0.000   -2.000   
20.120   20.120   0.000   0.000   0.000   0.000   
20.120   20.120   0.000   0.000   0.000   -1.000   
20.120   20.120   0.000   0.000   0.000   0.000   
20.120   20.120   0.000   0.000   0.000   -1.000   
20.120   20.120   0.000   0.000   0.000   0.000   
20.120   20.120   0.000   0.000   0.000   -1.000   
20.120   20.120   0.000   0.000   0.000   -1.000   
20.120   20.120   0.000   0.000   0.000   1.000   
20.120   20.120   0.000   0.000   0.000   -2.000   
20.120   20.120   0.000   0.000   0.000   -5.000   
20.120   20.120   0.000   0.000   0.000   -2.000   
20.120   20.120   0.000   0.000   0.000   -1.000   
20.120   20.120   0.000   0.000   0.000   -1.000   
20.120   20.120   0.000   0.000   0.000   -1.000   
20.120   20.120   0.000   0.000   0.000   0.000   
20.120   20.120   0.000   0.000   0.000   0.000   
20.120   20.120   0.000   0.000   0.000   1.000   
20.120   20.120   0.000   0.000   0.000   0.000   
20.120   20.120   0.000   0.000   0.000   0.000   
20.120   20.120   0.000   0.000   0.000   1.000   
20.120   20.120   0.000   0.000   0.000   1.000   
20.120   20.120   0.000   0.000   0.000   -3.000   
20.120   20.120   0.000   0.000   0.000   -3.000   
20.120   20.120   0.000   0.000   0.000   -3.000   
20.120   20.120   0.000   0.000   0.000   1.000   
20.120   20.120   0.000   0.000   0.000   0.000   
20.120   20.120   0.000   0.000   0.000   1.000   
20.120   20.120   0.000   0.000   0.000   -1.000   
20.120   20.120   0.000   0.000   0.000   -1.000   
20.120   20.120   0.000   0.000   0.000   1.000   
20.120   20.120   0.000   0.000   0.000   1.000   
20.120   20.120   0.000   0.000   0.000   0.000   
20.120   20.120   0.000   0.000   0.000   -1.000   
20.120   20.120   0.000   0.000   0.000   1.000   
20.120   20.120   0.000   0.000   0.000   0.000   
20.120   20.120   0.000   0.000   0.000   2.000   
20.120   20.120   0.000   0.000   0.000   2.000   
20.120   20.120   0.000   0.000   0.000   1.000   
20.120   20.120   0.000   0.000   0.000   -3.000   
20.120   20.120   0.000   0.000   0.000   1.000   
20.120   20.120   0.000   0.000   0.000   1.000   
20.120   20.120   0.000   0.000   0.000   0.000   
20.120   20.120   0.000   0.000   0.000   0.000   
20.120   20.120   0.000   0.000   0.000   -2.000   
20.120   20.120   0.000   0.000   0.000   -2.000   
20.120   20.120   0.000   0.000   0.000   -1.000   
20.120   20.120   0.000   0.000   0.000   -3.000   
20.120   20.120   0.000   0.000   0.000   -1.000   
20.120   20.120   0.000   0.000   0.000   1.000   
20.120   20.120   0.000   0.000   0.000   -1.000   
20.120   20.120   0.000   0.000   0.000   0.000   
20.120   20.120   0.000   0.000   0.000   5.000   
20.120   20.120   0.000   0.000   0.000   0.000   
20.120   20.120   0.000   0.000   0.000   2.000   
20.120   20.120   0.000   0.000   0.000   -3.000   
20.120   20.120   0.000   0.000   0.000   3.000   
20.120   20.120   0.000   0.000   0.000   -3.000   
20.120   20.120   0.000   0.000   0.000   -2.000   
20.120   20.120   0.000   0.000   0.000   2.000   
20.120   20.120   0.000   0.000   0.000   1.000   
20.120   20.120   0.000   0.000   0.000   6.000   
20.120   20.120   0.000   0.000   0.000   5.000   
20.120   20.120   0.000   0.000   0.000   8.000   
20.120   20.120   0.000   0.000   0.000   8.000   
20.120   20.120   0.000   0.000   0.000   10.000   
20.120   20.120   0.000   0.000   0.000   9.000   
20.120   20.120   0.000   0.000   0.000   10.000   
20.120   20.120   0.000   0.000   0.000   5.000   
20.120   20.120   0.000   0.000   0.000   10.000   
20.120   20.120   0.000   0.000   0.000   9.000   
20.120   20.120   0.000   0.000   0.000   6.000   
20.120   20.120   0.000   0.000   0.000   10.000   
20.120   20.120   0.000   0.000   0.000   9.000   
20.120   20.120   0.000   0.000   0.000   6.000   
20.120   20.120   0.000   0.000   0.000   10.000   
20.120   20.120   0.000   0.000   0.000   7.000   
20.120   20.120   0.000   0.000   0.000   7.000   
20.120   20.120   0.000   0.000   0.000   8.000   
20.120   20.120   0.000   0.000   0.000   10.000   
20.120   20.120   0.000   0.000   0.000   7.000   
20.120   20.120   0.000   0.000   0.000   9.000   
20.120   20.120   0.000   0.000   0.000   7.000   
20.120   20.120   0.000   0.000   0.000   11.000   
20.120   20.120   0.000   0.000   0.000   7.000   
20.120   20.120   0.000   0.000   0.000   11.000   
20.120   20.120   0.000   0.000   0.000   11.000   
20.120   20.120   0.000   0.000   0.000   7.000   
20.120   20.120   0.000   0.000   0.000   8.000   
20.120   20.120   0.000   0.000   0.000   7.000   
20.120   20.120   0.000   0.000   0.000   8.000   
20.120   20.120   0.000   0.000   0.000   -6.000   
20.120   20.120   0.000   0.000   0.000   8.000   
20.120   20.120   0.000   0.000   0.000   9.000   
20.120   20.120   0.000   0.000   0.000   7.000   
20.120   20.120   0.000   0.000   0.000   8.000   
20.120   20.120   0.000   0.000   0.000   5.000   
20.120   20.120   0.000   0.000   0.000   7.000   
20.120   20.120   0.000   0.000   0.000   7.000   
20.120   20.120   0.000   0.000   0.000   9.000   
20.120   20.120   0.000   0.000   0.000   9.000   
20.120   20.120   0.000   0.000   0.000   10.000   
20.120   20.120   0.000   0.000   0.000   11.000   
20.120   20.120   0.000   0.000   0.000   -4.000   
20.120   20.120   0.000   0.000   0.000   -1.000   
20.120   20.120   0.000   0.000   0.000   -4.000   
20.120   20.120   0.000   0.000   0.000   -1.000   
20.120   20.120   0.000   0.000   0.000   -2.000   
20.120   20.120   0.000   0.000   0.000   1.000   
20.120   20.120   0.000   0.000   0.000   -1.000   
20.120   20.120   0.000   0.000   0.000   -3.000   
20.120   20.120   0.000   0.000   0.000   -3.000   
20.120   20.120   0.000   0.000   0.000   -1.000   
20.120   20.120   0.000   0.000   0.000   -2.000   
20.120   20.120   0.000   0.000   0.000   0.000   
20.120   20.120   0.000   0.000   0.000   -1.000   
20.120   20.120   0.000   0.000   0.000   0.000   
20.120   20.120   0.000   0.000   0.000   0.000   
20.120   20.120   0.000   0.000   0.000   -6.000   
20.120   20.120   0.000   0.000   0.000   -3.000   
20.120   20.120   0.000   0.000   0.000   -1.000   
20.120   20.120   0.000   0.000   0.000   1.000   
20.120   20.120   0.000   0.000   0.000   0.000   
20.120   20.120   0.000   0.000   0.000   3.000   
20.120   20.120   0.000   0.000   0.000   0.000   
20.120   20.120   0.000   0.000   0.000   1.000   
20.120   20.120   0.000   0.000   0.000   -1.000   
20.120   20.120   0.000   0.000   0.000   -1.000   
20.120   20.120   0.000   0.000   0.000   -1.000   
20.120   20.120   0.000   0.000   0.000   1.000   
20.120   20.120   0.000   0.000   0.000   -2.000   
20.120   20.120   0.000   0.000   0.000   -2.000   
20.120   20.120   0.000   0.000   0.000   -3.000   
20.120   20.120   0.000   0.000   0.000   -1.000   
20.120   20.120   0.000   0.000   0.000   -2.000   
20.120   20.120   0.000   0.000   0.000   -5.000   
20.120   20.120   0.000   0.000   0.000   -1.000   
20.120   20.120   0.000   0.000   0.000   -1.000   
20.120   20.120   0.000   0.000   0.000   -3.000   
20.120   20.120   0.000   0.000   0.000   -1.000   
20.120   20.120   0.000   0.000   0.000   -2.000   
20.120   20.120   0.000   0.000   0.000   1.000   
20.120   20.120   0.000   0.000   0.000   0.000   
20.120   20.120   0.000   0.000   0.000   -5.000   
20.120   20.120   0.000   0.000   0.000   1.000   
20.120   20.120   0.000   0.000   0.000   0.000   
20.120   20.120   0.000   0.000   0.000   1.000   
20.120   20.120   0.000   0.000   0.000   4.000   
20.120   20.120   0.000   0.000   0.000   -2.000   
20.120   20.120   0.000   0.000   0.000   -4.000   
20.120   20.120   0.000   0.000   0.000   0.000   
20.120   20.120   0.000   0.000   0.000   0.000   
20.120   20.120   0.000   0.000   0.000   -2.000   
20.120   20.120   0.000   0.000   0.000   -4.000   
20.120   20.120   0.000   0.000   0.000   -1.000   
20.120   20.120   0.000   0.000   0.000   -2.000   
20.120   20.120   0.000   0.000   0.000   0.000   
20.120   20.120   0.000   0.000   0.000   -1.000   
20.120   20.120   0.000   0.000   0.000   1.000   
20.120   20.120   0.000   0.000   0.000   -1.000   
20.120   20.120   0.000   0.000   0.000   1.000   
20.120   20.120   0.000   0.000   0.000   -1.000   
20.120   20.120   0.000   0.000   0.000   1.000   
20.120   20.120   0.000   0.000   0.000   -1.000   
20.120   20.120   0.000   0.000   0.000   -1.000   
20.120   20.120   0.000   0.000   0.000   -1.000   
20.120   20.120   0.000   0.000   0.000   3.000   
20.120   20.120   0.000   0.000   0.000   0.000   
20.120   20.120   0.000   0.000   0.000   -2.000   
20.120   20.120   0.000   0.000   0.000   -2.000   
20.120   20.120   0.000   0.000   0.000   2.000   
20.120   20.120   0.000   0.000   0.000   -1.000   
20.120   20.120   0.000   0.000   0.000   0.000   
20.120   20.120   0.000   0.000   0.000   -1.000   
20.120   20.120   0.000   0.000   0.000   -2.000   
20.120   20.120   0.000   0.000   0.000   -3.000   
20.120   20.120   0.000   0.000   0.000   -3.000   
20.120   20.120   0.000   0.000   0.000   -1.000   
20.120   20.120   0.000   0.000   0.000   -1.000   
20.120   20.120   0.000   0.000   0.000   0.000   
20.120   20.120   0.000   0.000   0.000   0.000   
20.120   20.120   0.000   0.000   0.000   0.000   
20.120   20.120   0.000   0.000   0.000   -1.000   
20.120   20.120   0.000   0.000   0.000   -3.000   
20.120   20.120   0.000   0.000   0.000   -3.000   
20.120   20.120   0.000   0.000   0.000   -2.000   
20.120   20.120   0.000   0.000   0.000   1.000   
20.120   20.120   0.000   0.000   0.000   0.000   
20.120   20.120   0.000   0.000   0.000   -5.000   
20.120   20.120   0.000   0.000   0.000   -5.000   
20.120   20.120   0.000   0.000   0.000   -5.000   
20.120   20.120   0.000   0.000   0.000   -2.000   
20.120   20.120   0.000   0.000   0.000   -3.000   
20.120   20.120   0.000   0.000   0.000   -2.000   
20.120   20.120   0.000   0.000   0.000   0.000   
20.120   20.120   0.000   0.000   0.000   0.000   
20.120   20.120   0.000   0.000   0.000   1.000   
20.120   20.120   0.000   0.000   0.000   -1.000   
20.120   20.120   0.000   0.000   0.000   -1.000   
20.120   20.120   0.000   0.000   0.000   0.000   
20.120   20.120   0.000   0.000   0.000   1.000   
20.120   20.120   0.000   0.000   0.000   -1.000   
20.120   20.120   0.000   0.000   0.000   -2.000   
20.120   20.120   0.000   0.000   0.000   1.000   
20.120   20.120   0.000   0.000   0.000   0.000   
20.120   20.120   0.000   0.000   0.000   -2.000   
20.120   20.120   0.000   0.000   0.000   -1.000   
20.120   20.120   0.000   0.000   0.000   -4.000   
20.120   20.120   0.000   0.000   0.000   -4.000   
20.120   20.120   0.000   0.000   0.000   0.000   
20.120   20.120   0.000   0.000   0.000   -2.000   
20.120   20.120   0.000   0.000   0.000   -4.000   
20.120   20.120   0.000   0.000   0.000   0.000   
20.120   20.120   0.000   0.000   0.000   0.000   
20.120   20.120   0.000   0.000   0.000   -3.000   
20.120   20.120   0.000   0.000   0.000   -1.000   
20.120   20.120   0.000   0.000   0.000   -2.000   
20.120   20.120   0.000   0.000   0.000   -2.000   
20.120   20.120   0.000   0.000   0.000   0.000   
20.120   20.120   0.000   0.000   0.000   1.000   
20.120   20.120   0.000   0.000   0.000   0.000   
20.120   20.120   0.000   0.000   0.000   -2.000   
20.120   20.120   0.000   0.000   0.000   -3.000   
20.120   20.120   0.000   0.000   0.000   -1.000   
20.120   20.120   0.000   0.000   0.000   -1.000   
20.120   20.120   0.000   0.000   0.000   -3.000   
20.120   20.120   0.000   0.000   0.000   -2.000   
20.120   20.120   0.000   0.000   0.000   -2.000   
20.120   20.120   0.000   0.000   0.000   -8.000   
20.120   20.120   0.000   0.000   0.000   -10.000   
20.120   20.120   0.000   0.000   0.000   -9.000   
20.120   20.120   0.000   0.000   0.000   -13.000   
20.120   20.120   0.000   0.000   0.000   -10.000   
20.120   20.120   0.000   0.000   0.000   -11.000   
20.120   20.120   0.000   0.000   0.000   -9.000   
20.120   20.120   0.000   0.000   0.000   -9.000   
20.120   20.120   0.000   0.000   0.000   -10.000   
20.120   20.120   0.000   0.000   0.000   -7.000   
20.120   20.120   0.000   0.000   0.000   -8.000   
20.120   20.120   0.000   0.000   0.000   -10.000   
20.120   20.120   0.000   0.000   0.000   -8.000   
20.120   20.120   0.000   0.000   0.000   -6.000   
20.120   20.120   0.000   0.000   0.000   -9.000   
20.120   20.120   0.000   0.000   0.000   -7.000   
20.120   20.120   0.000   0.000   0.000   -6.000   
20.120   20.120   0.000   0.000   0.000   -7.000   
20.120   20.120   0.000   0.000   0.000   -9.000   
20.120   20.120   0.000   0.000   0.000   -11.000   
20.120   20.120   0.000   0.000   0.000   -6.000   
20.120   20.120   0.000   0.000   0.000   -12.000   
20.120   20.120   0.000   0.000   0.000   -7.000   
20.120   20.120   0.000   0.000   0.000   -8.000   
20.120   20.120   0.000   0.000   0.000   -9.000   
20.120   20.120   0.000   0.000   0.000   -9.000   
20.120   20.120   0.000   0.000   0.000   -7.000   
20.120   20.120   0.000   0.000   0.000   -7.000   
20.120   20.120   0.000   0.000   0.000   -7.000   
20.120   20.120   0.000   0.000   0.000   -11.000   
20.120   20.120   0.000   0.000   0.000   -9.000   
20.120   20.120   0.000   0.000   0.000   -7.000   
20.120   20.120   0.000   0.000   0.000   -6.000   
20.120   20.120   0.000   0.000   0.000   -11.000   
20.120   20.120   0.000   0.000   0.000   -12.000   
20.120   20.120   0.000   0.000   0.000   -13.000   
20.120   20.120   0.000   0.000   0.000   -10.000   
20.120   20.120   0.000   0.000   0.000   -8.000   
20.120   20.120   0.000   0.000   0.000   -8.000   
20.120   20.120   0.000   0.000   0.000   -13.000   
20.120   20.120   0.000   0.000   0.000   -9.000   
20.120   20.120   0.000   0.000   0.000   -12.000   
20.120   20.120   0.000   0.000   0.000   -1.000   
20.120   20.120   0.000   0.000   0.000   -2.000   
20.120   20.120   0.000   0.000   0.000   -1.000   
20.120   20.120   0.000   0.000   0.000   -3.000   
20.120   20.120   0.000   0.000   0.000   0.000   
20.120   20.120   0.000   0.000   0.000   -1.000   
20.120   20.120   0.000   0.000   0.000   -2.000   
20.120   20.120   0.000   0.000   0.000   1.000   
20.120   20.120   0.000   0.000   0.000   0.000   
20.120   20.120   0.000   0.000   0.000   -1.000   
20.120   20.120   0.000   0.000   0.000   -1.000   
20.120   20.120   0.000   0.000   0.000   0.000   
20.120   20.120   0.000   0.000   0.000   0.000   
20.120   20.120   0.000   0.000   0.000   -2.000   
20.120   20.120   0.000   0.000   0.000   -1.000   
20.120   20.120   0.000   0.000   0.000   -1.000   
20.120   20.120   0.000   0.000   0.000   1.000   
20.120   20.120   0.000   0.000   0.000   1.000   
20.120   20.120   0.000   0.000   0.000   -2.000   
20.120   20.120   0.000   0.000   0.000   0.000   
20.120   20.120   0.000   0.000   0.000   -1.000   
20.120   20.120   0.000   0.000   0.000   -1.000   
20.120   20.120   0.000   0.000   0.000   -1.000   
20.120   20.120   0.000   0.000   0.000   1.000   
20.120   20.120   0.000   0.000   0.000   -1.000   
20.120   20.120   0.000   0.000   0.000   -2.000   
20.120   20.120   0.000   0.000   0.000   -1.000   
20.120   20.120   0.000   0.000   0.000   -1.000   
20.120   20.120   0.000   0.000   0.000   -4.000   
20.120   20.120   0.000   0.000   0.000   -1.000   
20.120   20.120   0.000   0.000   0.000   0.000   
20.120   20.120   0.000   0.000   0.000   -3.000   
20.120   20.120   0.000   0.000   0.000   -1.000   
20.120   20.120   0.000   0.000   0.000   1.000   
20.120   20.120   0.000   0.000   0.000   -4.000   
20.120   20.120   0.000   0.000   0.000   -1.000   
20.120   20.120   0.000   0.000   0.000   0.000   
20.120   20.120   0.000   0.000   0.000   -1.000   
20.120   20.120   0.000   0.000   0.000   -1.000   
20.120   20.120   0.000   0.000   0.000   -1.000   
20.120   20.120   0.000   0.000   0.000   0.000   
20.120   20.120   0.000   0.000   0.000   0.000   
20.120   20.120   0.000   0.000   0.000   -3.000   
20.120   20.120   0.000   0.000   0.000   0.000   
20.120   20.120   0.000   0.000   0.000   0.000   
20.120   20.120   0.000   0.000   0.000   -2.000   
20.120   20.120   0.000   0.000   0.000   -4.000   
20.120   20.120   0.000   0.000   0.000   -2.000   
20.120   20.120   0.000   0.000   0.000   0.000   
20.120   20.120   0.000   0.000   0.000   -1.000   
20.120   20.120   0.000   0.000   0.000   -3.000   
20.120   20.120   0.000   0.000   0.000   -4.000   
20.120   20.120   0.000   0.000   0.000   -1.000   
20.120   20.120   0.000   0.000   0.000   0.000   
20.120   20.120   0.000   0.000   0.000   1.000   
20.120   20.120   0.000   0.000   0.000   0.000   
20.120   20.120   0.000   0.000   0.000   0.000   
20.120   20.120   0.000   0.000   0.000   -3.000   
20.120   20.120   0.000   0.000   0.000   -2.000   
20.120   20.120   0.000   0.000   0.000   0.000   
20.120   20.120   0.000   0.000   0.000   0.000   
20.120   20.120   0.000   0.000   0.000   1.000   
20.120   20.120   0.000   0.000   0.000   -1.000   
20.120   20.120   0.000   0.000   0.000   -1.000   
20.120   20.120   0.000   0.000   0.000   -1.000   
20.120   20.120   0.000   0.000   0.000   -1.000   
20.120   20.120   0.000   0.000   0.000   2.000   
20.120   20.120   0.000   0.000   0.000   -1.000   
20.120   20.120   0.000   0.000   0.000   2.000   
20.120   20.120   0.000   0.000   0.000   2.000   
20.120   20.120   0.000   0.000   0.000   0.000   
20.120   20.120   0.000   0.000   0.000   -2.000   
20.120   20.120   0.000   0.000   0.000   -1.000   
20.120   20.120   0.000   0.000   0.000   -1.000   
20.120   20.120   0.000   0.000   0.000   0.000   
20.120   20.120   0.000   0.000   0.000   -2.000   
20.120   20.120   0.000   0.000   0.000   2.000   
20.120   20.120   0.000   0.000   0.000   3.000   
20.120   20.120   0.000   0.000   0.000   -1.000   
20.120   20.120   0.000   0.000   0.000   -1.000   
20.120   20.120   0.000   0.000   0.000   -1.000   
20.120   20.120   0.000   0.000   0.000   0.000   
20.120   20.120   0.000   0.000   0.000   -3.000   
20.120   20.120   0.000   0.000   0.000   -1.000   
20.120   20.120   0.000   0.000   0.000   -2.000   
20.120   20.120   0.000   0.000   0.000   -4.000   
20.120   20.120   0.000   0.000   0.000   -5.000   
20.120   20.120   0.000   0.000   0.000   -1.000   
20.120   20.120   0.000   0.000   0.000   -3.000   
20.120   20.120   0.000   0.000   0.000   0.000   
20.120   20.120   0.000   0.000   0.000   1.000   
20.120   20.120   0.000   0.000   0.000   1.000   
20.120   20.120   0.000   0.000   0.000   1.000   
20.120   20.120   0.000   0.000   0.000   -2.000   
20.120   20.120   0.000   0.000   0.000   3.000   
20.120   20.120   0.000   0.000   0.000   0.000   
20.120   20.120   0.000   0.000   0.000   -1.000   
20.120   20.120   0.000   0.000   0.000   2.000   
20.120   20.120   0.000   0.000   0.000   -2.000   
20.120   20.120   0.000   0.000   0.000   -1.000   
20.120   20.120   0.000   0.000   0.000   0.000   
20.120   20.120   0.000   0.000   0.000   2.000   
20.120   20.120   0.000   0.000   0.000   1.000   
20.120   20.120   0.000   0.000   0.000   2.000   
20.120   20.120   0.000   0.000   0.000   0.000   
20.120   20.120   0.000   0.000   0.000   3.000   
20.120   20.120   0.000   0.000   0.000   0.000   
20.120   20.120   0.000   0.000   0.000   3.000   
20.120   20.120   0.000   0.000   0.000   4.000   
20.120   20.120   0.000   0.000   0.000   1.000   
20.120   20.120   0.000   0.000   0.000   0.000   
20.120   20.120   0.000   0.000   0.000   -2.000   
20.120   20.120   0.000   0.000   0.000   0.000   
20.120   20.120   0.000   0.000   0.000   -2.000   
20.120   20.120   0.000   0.000   0.000   2.000   
20.120   20.120   0.000   0.000   0.000   0.000   
20.120   20.120   0.000   0.000   0.000   1.000   
20.120   20.120   0.000   0.000   0.000   -1.000   
20.120   20.120   0.000   0.000   0.000   -4.000   
20.120   20.120   0.000   0.000   0.000   -1.000   
20.120   20.120   0.000   0.000   0.000   -3.000   
20.120   20.120   0.000   0.000   0.000   -2.000   
20.120   20.120   0.000   0.000   0.000   2.000   
20.120   20.120   0.000   0.000   0.000   1.000   
20.120   20.120   0.000   0.000   0.000   -1.000   
20.120   20.120   0.000   0.000   0.000   -1.000   
20.120   20.120   0.000   0.000   0.000   5.000   
20.120   20.120   0.000   0.000   0.000   6.000   
20.120   20.120   0.000   0.000   0.000   7.000   
20.120   20.120   0.000   0.000   0.000   7.000   
20.120   20.120   0.000   0.000   0.000   7.000   
20.120   20.120   0.000   0.000   0.000   10.000   
20.120   20.120   0.000   0.000   0.000   5.000   
20.120   20.120   0.000   0.000   0.000   6.000   
20.120   20.120   0.000   0.000   0.000   10.000   
20.120   20.120   0.000   0.000   0.000   10.000   
20.120   20.120   0.000   0.000   0.000   7.000   
20.120   20.120   0.000   0.000   0.000   9.000   
20.120   20.120   0.000   0.000   0.000   9.000   
20.120   20.120   0.000   0.000   0.000   10.000   
20.120   20.120   0.000   0.000   0.000   7.000   
20.120   20.120   0.000   0.000   0.000   10.000   
20.120   20.120   0.000   0.000   0.000   6.000   
20.120   20.120   0.000   0.000   0.000   10.000   
20.120   20.120   0.000   0.000   0.000   6.000   
20.120   20.120   0.000   0.000   0.000   8.000   
20.120   20.120   0.000   0.000   0.000   10.000   
20.120   20.120   0.000   0.000   0.000   7.000   
20.120   20.120   0.000   0.000   0.000   8.000   
20.120   20.120   0.000   0.000   0.000   9.000   
20.120   20.120   0.000   0.000   0.000   5.000   
20.120   20.120   0.000   0.000   0.000   5.000   
20.120   20.120   0.000   0.000   0.000   9.000   
20.120   20.120   0.000   0.000   0.000   10.000   
20.120   20.120   0.000   0.000   0.000   12.000   
20.120   20.120   0.000   0.000   0.000   -5.000   
20.120   20.120   0.000   0.000   0.000   5.000   
20.120   20.120   0.000   0.000   0.000   7.000   
20.120   20.120   0.000   0.000   0.000   7.000   
20.120   20.120   0.000   0.000   0.000   5.000   
20.120   20.120   0.000   0.000   0.000   7.000   
20.120   20.120   0.000   0.000   0.000   6.000   
20.120   20.120   0.000   0.000   0.000   10.000   
20.120   20.120   0.000   0.000   0.000   10.000   
20.120   20.120   0.000   0.000   0.000   9.000   
20.120   20.120   0.000   0.000   0.000   7.000   
20.120   20.120   0.000   0.000   0.000   10.000   
20.120   20.120   0.000   0.000   0.000   -6.000   
20.120   20.120   0.000   0.000   0.000   -1.000   
20.120   20.120   0.000   0.000   0.000   -2.000   
20.120   20.120   0.000   0.000   0.000   0.000   
20.120   20.120   0.000   0.000   0.000   0.000   
20.120   20.120   0.000   0.000   0.000   -6.000   
20.120   20.120   0.000   0.000   0.000   -7.000   
20.120   20.120   0.000   0.000   0.000   0.000   
20.120   20.120   0.000   0.000   0.000   -1.000   
20.120   20.120   0.000   0.000   0.000   0.000   
20.120   20.120   0.000   0.000   0.000   -1.000   
20.120   20.120   0.000   0.000   0.000   -6.000   
20.120   20.120   0.000   0.000   0.000   -5.000   
20.120   20.120   0.000   0.000   0.000   -1.000   
20.120   20.120   0.000   0.000   0.000   -4.000   
20.120   20.120   0.000   0.000   0.000   -6.000   
20.120   20.120   0.000   0.000   0.000   -1.000   
20.120   20.120   0.000   0.000   0.000   -3.000   
20.120   20.120   0.000   0.000   0.000   -2.000   
20.120   20.120   0.000   0.000   0.000   -3.000   
20.120   20.120   0.000   0.000   0.000   -1.000   
20.120   20.120   0.000   0.000   0.000   0.000   
20.120   20.120   0.000   0.000   0.000   -3.000   
20.120   20.120   0.000   0.000   0.000   -1.000   
20.120   20.120   0.000   0.000   0.000   0.000   
20.120   20.120   0.000   0.000   0.000   -1.000   
20.120   20.120   0.000   0.000   0.000   -5.000   
20.120   20.120   0.000   0.000   0.000   -1.000   
20.120   20.120   0.000   0.000   0.000   -4.000   
20.120   20.120   0.000   0.000   0.000   -3.000   
20.120   20.120   0.000   0.000   0.000   -1.000   
20.120   20.120   0.000   0.000   0.000   -2.000   
20.120   20.120   0.000   0.000   0.000   -1.000   
20.120   20.120   0.000   0.000   0.000   -2.000   
20.120   20.120   0.000   0.000   0.000   0.000   
20.120   20.120   0.000   0.000   0.000   1.000   
20.120   20.120   0.000   0.000   0.000   0.000   
20.120   20.120   0.000   0.000   0.000   0.000   
20.120   20.120   0.000   0.000   0.000   0.000   
20.120   20.120   0.000   0.000   0.000   1.000   
20.120   20.120   0.000   0.000   0.000   -1.000   
20.120   20.120   0.000   0.000   0.000   0.000   
20.120   20.120   0.000   0.000   0.000   -1.000   
20.120   20.120   0.000   0.000   0.000   -1.000   
20.120   20.120   0.000   0.000   0.000   -1.000   
20.120   20.120   0.000   0.000   0.000   -7.000   
20.120   20.120   0.000   0.000   0.000   0.000   
20.120   20.120   0.000   0.000   0.000   -3.000   
20.120   20.120   0.000   0.000   0.000   0.000   
20.120   20.120   0.000   0.000   0.000   -3.000   
20.120   20.120   0.000   0.000   0.000   -1.000   
20.120   20.120   0.000   0.000   0.000   -3.000   
20.120   20.120   0.000   0.000   0.000   -3.000   
20.120   20.120   0.000   0.000   0.000   -2.000   
20.120   20.120   0.000   0.000   0.000   0.000   
20.120   20.120   0.000   0.000   0.000   0.000   
20.120   20.120   0.000   0.000   0.000   -1.000   
20.120   20.120   0.000   0.000   0.000   -2.000   
20.120   20.120   0.000   0.000   0.000   -1.000   
20.120   20.120   0.000   0.000   0.000   -4.000   
20.120   20.120   0.000   0.000   0.000   -2.000   
20.120   20.120   0.000   0.000   0.000   -1.000   
20.120   20.120   0.000   0.000   0.000   -1.000   
20.120   20.120   0.000   0.000   0.000   -2.000   
20.120   20.120   0.000   0.000   0.000   -4.000   
20.120   20.120   0.000   0.000   0.000   1.000   
20.120   20.120   0.000   0.000   0.000   0.000   
20.120   20.120   0.000   0.000   0.000   2.000   
20.120   20.120   0.000   0.000   0.000   4.000   
20.120   20.120   0.000   0.000   0.000   -1.000   
20.120   20.120   0.000   0.000   0.000   0.000   
20.120   20.120   0.000   0.000   0.000   1.000   
20.120   20.120   0.000   0.000   0.000   -1.000   
20.120   20.120   0.000   0.000   0.000   -1.000   
20.120   20.120   0.000   0.000   0.000   -1.000   
20.120   20.120   0.000   0.000   0.000   -5.000   
20.120   20.120   0.000   0.000   0.000   -1.000   
20.120   20.120   0.000   0.000   0.000   2.000   
20.120   20.120   0.000   0.000   0.000   -1.000   
20.120   20.120   0.000   0.000   0.000   2.000   
20.120   20.120   0.000   0.000   0.000   -2.000   
20.120   20.120   0.000   0.000   0.000   -1.000   
20.120   20.120   0.000   0.000   0.000   -2.000   
20.120   20.120   0.000   0.000   0.000   0.000   
20.120   20.120   0.000   0.000   0.000   -1.000   
20.120   20.120   0.000   0.000   0.000   -2.000   
20.120   20.120   0.000   0.000   0.000   -4.000   
20.120   20.120   0.000   0.000   0.000   -6.000   
20.120   20.120   0.000   0.000   0.000   -4.000   
20.120   20.120   0.000   0.000   0.000   -1.000   
20.120   20.120   0.000   0.000   0.000   -1.000   
20.120   20.120   0.000   0.000   0.000   -1.000   
20.120   20.120   0.000   0.000   0.000   1.000   
20.120   20.120   0.000   0.000   0.000   -3.000   
20.120   20.120   0.000   0.000   0.000   2.000   
20.120   20.120   0.000   0.000   0.000   -2.000   
20.120   20.120   0.000   0.000   0.000   -2.000   
20.120   20.120   0.000   0.000   0.000   -4.000   
20.120   20.120   0.000   0.000   0.000   -2.000   
20.120   20.120   0.000   0.000   0.000   -1.000   
20.120   20.120   0.000   0.000   0.000   -3.000   
20.120   20.120   0.000   0.000   0.000   -1.000   
20.120   20.120   0.000   0.000   0.000   -4.000   
20.120   20.120   0.000   0.000   0.000   -1.000   
20.120   20.120   0.000   0.000   0.000   0.000   
20.120   20.120   0.000   0.000   0.000   -1.000   
20.120   20.120   0.000   0.000   0.000   -1.000   
20.120   20.120   0.000   0.000   0.000   1.000   
20.120   20.120   0.000   0.000   0.000   -3.000   
20.120   20.120   0.000   0.000   0.000   0.000   
20.120   20.120   0.000   0.000   0.000   -1.000   
20.120   20.120   0.000   0.000   0.000   0.000   
20.120   20.120   0.000   0.000   0.000   -1.000   
20.120   20.120   0.000   0.000   0.000   0.000   
20.120   20.120   0.000   0.000   0.000   -2.000   
20.120   20.120   0.000   0.000   0.000   -3.000   
20.120   20.120   0.000   0.000   0.000   -2.000   
20.120   20.120   0.000   0.000   0.000   1.000   
20.120   20.120   0.000   0.000   0.000   1.000   
20.120   20.120   0.000   0.000   0.000   2.000   
20.120   20.120   0.000   0.000   0.000   0.000   
20.120   20.120   0.000   0.000   0.000   -1.000   
20.120   20.120   0.000   0.000   0.000   -2.000   
20.120   20.120   0.000   0.000   0.000   -7.000   
20.120   20.120   0.000   0.000   0.000   -3.000   
20.120   20.120   0.000   0.000   0.000   -6.000   
20.120   20.120   0.000   0.000   0.000   1.000   
20.120   20.120   0.000   0.000   0.000   -9.000   
20.120   20.120   0.000   0.000   0.000   -8.000   
20.120   20.120   0.000   0.000   0.000   -9.000   
20.120   20.120   0.000   0.000   0.000   -7.000   
20.120   20.120   0.000   0.000   0.000   -10.000   
20.120   20.120   0.000   0.000   0.000   -9.000   
20.120   20.120   0.000   0.000   0.000   -11.000   
20.120   20.120   0.000   0.000   0.000   -9.000   
20.120   20.120   0.000   0.000   0.000   -8.000   
20.120   20.120   0.000   0.000   0.000   -8.000   
20.120   20.120   0.000   0.000   0.000   -9.000   
20.120   20.120   0.000   0.000   0.000   -7.000   
20.120   20.120   0.000   0.000   0.000   -7.000   
20.120   20.120   0.000   0.000   0.000   -5.000   
20.120   20.120   0.000   0.000   0.000   -9.000   
20.120   20.120   0.000   0.000   0.000   -6.000   
20.120   20.120   0.000   0.000   0.000   -5.000   
20.120   20.120   0.000   0.000   0.000   -8.000   
20.120   20.120   0.000   0.000   0.000   -9.000   
20.120   20.120   0.000   0.000   0.000   -8.000   
20.120   20.120   0.000   0.000   0.000   -8.000   
20.120   20.120   0.000   0.000   0.000   -8.000   
20.120   20.120   0.000   0.000   0.000   -6.000   
20.120   20.120   0.000   0.000   0.000   -9.000   
20.120   20.120   0.000   0.000   0.000   -9.000   
20.120   20.120   0.000   0.000   0.000   -6.000   
20.120   20.120   0.000   0.000   0.000   -8.000   
20.120   20.120   0.000   0.000   0.000   -7.000   
20.120   20.120   0.000   0.000   0.000   -10.000   
20.120   20.120   0.000   0.000   0.000   -7.000   
20.120   20.120   0.000   0.000   0.000   -8.000   
20.120   20.120   0.000   0.000   0.000   -8.000   
20.120   20.120   0.000   0.000   0.000   -8.000   
20.120   20.120   0.000   0.000   0.000   -9.000   
20.120   20.120   0.000   0.000   0.000   -8.000   
20.120   20.120   0.000   0.000   0.000   -5.000   
20.120   20.120   0.000   0.000   0.000   -5.000   
20.120   20.120   0.000   0.000   0.000   -8.000   
20.120   20.120   0.000   0.000   0.000   -7.000   
20.120   20.120   0.000   0.000   0.000   -6.000   
20.120   20.120   0.000   0.000   0.000   -9.000   
20.120   20.120   0.000   0.000   0.000   -2.000   
20.120   20.120   0.000   0.000   0.000   0.000   
20.120   20.120   0.000   0.000   0.000   -2.000   
20.120   20.120   0.000   0.000   0.000   4.000   
20.120   20.120   0.000   0.000   0.000   0.000   
20.120   20.120   0.000   0.000   0.000   1.000   
20.120   20.120   0.000   0.000   0.000   1.000   
20.120   20.120   0.000   0.000   0.000   4.000   
20.120   20.120   0.000   0.000   0.000   1.000   
20.120   20.120   0.000   0.000   0.000   0.000   
20.120   20.120   0.000   0.000   0.000   -1.000   
20.120   20.120   0.000   0.000   0.000   0.000   
20.120   20.120   0.000   0.000   0.000   -1.000   
20.120   20.120   0.000   0.000   0.000   1.000   
20.120   20.120   0.000   0.000   0.000   0.000   
20.120   20.120   0.000   0.000   0.000   -1.000   
20.120   20.120   0.000   0.000   0.000   -1.000   
20.120   20.120   0.000   0.000   0.000   -1.000   
20.120   20.120   0.000   0.000   0.000   -3.000   
20.120   20.120   0.000   0.000   0.000   -2.000   
20.120   20.120   0.000   0.000   0.000   -1.000   
20.120   20.120   0.000   0.000   0.000   -3.000   
20.120   20.120   0.000   0.000   0.000   -1.000   
20.120   20.120   0.000   0.000   0.000   -1.000   
20.120   20.120   0.000   0.000   0.000   -2.000   
20.120   20.120   0.000   0.000   0.000   -1.000   
20.120   20.120   0.000   0.000   0.000   -1.000   
20.120   20.120   0.000   0.000   0.000   -2.000   
20.120   20.120   0.000   0.000   0.000   -1.000   
20.120   20.120   0.000   0.000   0.000   -1.000   
20.120   20.120   0.000   0.000   0.000   -2.000   
20.120   20.120   0.000   0.000   0.000   -2.000   
20.120   20.120   0.000   0.000   0.000   0.000   
20.120   20.120   0.000   0.000   0.000   -3.000   
20.120   20.120   0.000   0.000   0.000   -3.000   
20.120   20.120   0.000   0.000   0.000   -2.000   
20.120   20.120   0.000   0.000   0.000   1.000   
20.120   20.120   0.000   0.000   0.000   1.000   
20.120   20.120   0.000   0.000   0.000   -2.000   
20.120   20.120   0.000   0.000   0.000   -1.000   
20.120   20.120   0.000   0.000   0.000   0.000   
20.120   20.120   0.000   0.000   0.000   -3.000   
20.120   20.120   0.000   0.000   0.000   1.000   
20.120   20.120   0.000   0.000   0.000   3.000   
20.120   20.120   0.000   0.000   0.000   0.000   
20.120   20.120   0.000   0.000   0.000   -1.000   
20.120   20.120   0.000   0.000   0.000   0.000   
20.120   20.120   0.000   0.000   0.000   0.000   
20.120   20.120   0.000   0.000   0.000   0.000   
20.120   20.120   0.000   0.000   0.000   -3.000   
20.120   20.120   0.000   0.000   0.000   2.000   
20.120   20.120   0.000   0.000   0.000   -1.000   
20.120   20.120   0.000   0.000   0.000   -1.000   
20.120   20.120   0.000   0.000   0.000   -1.000   
20.120   20.120   0.000   0.000   0.000   -1.000   
20.120   20.120   0.000   0.000   0.000   -1.000   
20.120   20.120   0.000   0.000   0.000   0.000   
20.120   20.120   0.000   0.000   0.000   -1.000   
20.120   20.120   0.000   0.000   0.000   -1.000   
20.120   20.120   0.000   0.000   0.000   0.000   
20.120   20.120   0.000   0.000   0.000   -1.000   
20.120   20.120   0.000   0.000   0.000   -2.000   
20.120   20.120   0.000   0.000   0.000   -1.000   
20.120   20.120   0.000   0.000   0.000   -3.000   
20.120   20.120   0.000   0.000   0.000   0.000   
20.120   20.120   0.000   0.000   0.000   0.000   
20.120   20.120   0.000   0.000   0.000   -3.000   
20.120   20.120   0.000   0.000   0.000   -1.000   
20.120   20.120   0.000   0.000   0.000   -1.000   
20.120   20.120   0.000   0.000   0.000   0.000   
20.120   20.120   0.000   0.000   0.000   -1.000   
20.120   20.120   0.000   0.000   0.000   -1.000   
20.120   20.120   0.000   0.000   0.000   0.000   
20.120   20.120   0.000   0.000   0.000   -1.000   
20.120   20.120   0.000   0.000   0.000   -1.000   
20.120   20.120   0.000   0.000   0.000   1.000   
20.120   20.120   0.000   0.000   0.000   -3.000   
20.120   20.120   0.000   0.000   0.000   3.000   
20.120   20.120   0.000   0.000   0.000   -1.000   
20.120   20.120   0.000   0.000   0.000   0.000   
20.120   20.120   0.000   0.000   0.000   0.000   
20.120   20.120   0.000   0.000   0.000   -2.000   
20.120   20.120   0.000   0.000   0.000   -1.000   
20.120   20.120   0.000   0.000   0.000   5.000   
20.120   20.120   0.000   0.000   0.000   2.000   
20.120   20.120   0.000   0.000   0.000   -2.000   
20.120   20.120   0.000   0.000   0.000   -2.000   
20.120   20.120   0.000   0.000   0.000   -2.000   
20.120   20.120   0.000   0.000   0.000   -1.000   
20.120   20.120   0.000   0.000   0.000   -1.000   
20.120   20.120   0.000   0.000   0.000   0.000   
20.120   20.120   0.000   0.000   0.000   -3.000   
20.120   20.120   0.000   0.000   0.000   -5.000   
20.120   20.120   0.000   0.000   0.000   -3.000   
20.120   20.120   0.000   0.000   0.000   -2.000   
20.120   20.120   0.000   0.000   0.000   -1.000   
20.120   20.120   0.000   0.000   0.000   -2.000   
20.120   20.120   0.000   0.000   0.000   1.000   
20.120   20.120   0.000   0.000   0.000   0.000   
20.120   20.120   0.000   0.000   0.000   1.000   
20.120   20.120   0.000   0.000   0.000   0.000   
20.120   20.120   0.000   0.000   0.000   -3.000   
20.120   20.120   0.000   0.000   0.000   -3.000   
20.120   20.120   0.000   0.000   0.000   1.000   
20.120   20.120   0.000   0.000   0.000   -2.000   
20.120   20.120   0.000   0.000   0.000   1.000   
20.120   20.120   0.000   0.000   0.000   1.000   
20.120   20.120   0.000   0.000   0.000   1.000   
20.120   20.120   0.000   0.000   0.000   5.000   
20.120   20.120   0.000   0.000   0.000   1.000   
20.120   20.120   0.000   0.000   0.000   1.000   
20.120   20.120   0.000   0.000   0.000   1.000   
20.120   20.120   0.000   0.000   0.000   -3.000   
20.120   20.120   0.000   0.000   0.000   -3.000   
20.120   20.120   0.000   0.000   0.000   -2.000   
20.120   20.120   0.000   0.000   0.000   -1.000   
20.120   20.120   0.000   0.000   0.000   1.000   
20.120   20.120   0.000   0.000   0.000   0.000   
20.120   20.120   0.000   0.000   0.000   2.000   
20.120   20.120   0.000   0.000   0.000   -2.000   
20.120   20.120   0.000   0.000   0.000   0.000   
20.120   20.120   0.000   0.000   0.000   1.000   
20.120   20.120   0.000   0.000   0.000   4.000   
20.120   20.120   0.000   0.000   0.000   4.000   
20.120   20.120   0.000   0.000   0.000   -1.000   
20.120   20.120   0.000   0.000   0.000   1.000   
20.120   20.120   0.000   0.000   0.000   7.000   
20.120   20.120   0.000   0.000   0.000   8.000   
20.120   20.120   0.000   0.000   0.000   5.000   
20.120   20.120   0.000   0.000   0.000   6.000   
20.120   20.120   0.000   0.000   0.000   6.000   
20.120   20.120   0.000   0.000   0.000   7.000   
20.120   20.120   0.000   0.000   0.000   7.000   
20.120   20.120   0.000   0.000   0.000   7.000   
20.120   20.120   0.000   0.000   0.000   7.000   
20.120   20.120   0.000   0.000   0.000   7.000   
20.120   20.120   0.000   0.000   0.000   7.000   
20.120   20.120   0.000   0.000   0.000   5.000   
20.120   20.120   0.000   0.000   0.000   7.000   
20.120   20.120   0.000   0.000   0.000   7.000   
20.120   20.120   0.000   0.000   0.000   7.000   
20.120   20.120   0.000   0.000   0.000   7.000   
20.120   20.120   0.000   0.000   0.000   7.000   
20.120   20.120   0.000   0.000   0.000   6.000   
20.120   20.120   0.000   0.000   0.000   8.000   
20.120   20.120   0.000   0.000   0.000   6.000   
20.120   20.120   0.000   0.000   0.000   7.000   
20.120   20.120   0.000   0.000   0.000   7.000   
20.120   20.120   0.000   0.000   0.000   6.000   
20.120   20.120   0.000   0.000   0.000   6.000   
20.120   20.120   0.000   0.000   0.000   5.000   
20.120   20.120   0.000   0.000   0.000   6.000   
20.120   20.120   0.000   0.000   0.000   7.000   
20.120   20.120   0.000   0.000   0.000   8.000   
20.120   20.120   0.000   0.000   0.000   4.000   
20.120   20.120   0.000   0.000   0.000   6.000   
20.120   20.120   0.000   0.000   0.000   8.000   
20.120   20.120   0.000   0.000   0.000   5.000   
20.120   20.120   0.000   0.000   0.000   6.000   
20.120   20.120   0.000   0.000   0.000   6.000   
20.120   20.120   0.000   0.000   0.000   8.000   
20.120   20.120   0.000   0.000   0.000   7.000   
20.120   20.120   0.000   0.000   0.000   7.000   
20.120   20.120   0.000   0.000   0.000   8.000   
20.120   20.120   0.000   0.000   0.000   7.000   
20.120   20.120   0.000   0.000   0.000   8.000   
20.120   20.120   0.000   0.000   0.000   6.000   
20.120   20.120   0.000   0.000   0.000   -1.000   
20.120   20.120   0.000   0.000   0.000   -2.000   
20.120   20.120   0.000   0.000   0.000   0.000   
20.120   20.120   0.000   0.000   0.000   1.000   
20.120   20.120   0.000   0.000   0.000   -1.000   
20.120   20.120   0.000   0.000   0.000   -2.000   
20.120   20.120   0.000   0.000   0.000   -5.000   
20.120   20.120   0.000   0.000   0.000   0.000   
20.120   20.120   0.000   0.000   0.000   -1.000   
20.120   20.120   0.000   0.000   0.000   0.000   
20.120   20.120   0.000   0.000   0.000   1.000   
20.120   20.120   0.000   0.000   0.000   -1.000   
20.120   20.120   0.000   0.000   0.000   -1.000   
20.120   20.120   0.000   0.000   0.000   -1.000   
20.120   20.120   0.000   0.000   0.000   0.000   
20.120   20.120   0.000   0.000   0.000   -2.000   
20.120   20.120   0.000   0.000   0.000   -1.000   
20.120   20.120   0.000   0.000   0.000   -5.000   
20.120   20.120   0.000   0.000   0.000   -1.000   
20.120   20.120   0.000   0.000   0.000   1.000   
20.120   20.120   0.000   0.000   0.000   -2.000   
20.120   20.120   0.000   0.000   0.000   0.000   
20.120   20.120   0.000   0.000   0.000   -2.000   
20.120   20.120   0.000   0.000   0.000   0.000   
20.120   20.120   0.000   0.000   0.000   -1.000   
20.120   20.120   0.000   0.000   0.000   -3.000   
20.120   20.120   0.000   0.000   0.000   -1.000   
20.120   20.120   0.000   0.000   0.000   -1.000   
20.120   20.120   0.000   0.000   0.000   0.000   
20.120   20.120   0.000   0.000   0.000   -2.000   
20.120   20.120   0.000   0.000   0.000   -1.000   
20.120   20.120   0.000   0.000   0.000   0.000   
20.120   20.120   0.000   0.000   0.000   -2.000   
20.120   20.120   0.000   0.000   0.000   -1.000   
20.120   20.120   0.000   0.000   0.000   -1.000   
20.120   20.120   0.000   0.000   0.000   -3.000   
20.120   20.120   0.000   0.000   0.000   -1.000   
20.120   20.120   0.000   0.000   0.000   -1.000   
20.120   20.120   0.000   0.000   0.000   -1.000   
20.120   20.120   0.000   0.000   0.000   0.000   
20.120   20.120   0.000   0.000   0.000   -1.000   
20.120   20.120   0.000   0.000   0.000   0.000   
20.120   20.120   0.000   0.000   0.000   -1.000   
20.120   20.120   0.000   0.000   0.000   -2.000   
20.120   20.120   0.000   0.000   0.000   -1.000   
20.120   20.120   0.000   0.000   0.000   -2.000   
20.120   20.120   0.000   0.000   0.000   -2.000   
20.120   20.120   0.000   0.000   0.000   -1.000   
20.120   20.120   0.000   0.000   0.000   2.000   
20.120   20.120   0.000   0.000   0.000   -1.000   
20.120   20.120   0.000   0.000   0.000   0.000   
20.120   20.120   0.000   0.000   0.000   -1.000   
20.120   20.120   0.000   0.000   0.000   -3.000   
20.120   20.120   0.000   0.000   0.000   -4.000   
20.120   20.120   0.000   0.000   0.000   -2.000   
20.120   20.120   0.000   0.000   0.000   -1.000   
20.120   20.120   0.000   0.000   0.000   -1.000   
20.120   20.120   0.000   0.000   0.000   -1.000   
20.120   20.120   0.000   0.000   0.000   -2.000   
20.120   20.120   0.000   0.000   0.000   0.000   
20.120   20.120   0.000   0.000   0.000   -1.000   
20.120   20.120   0.000   0.000   0.000   0.000   
20.120   20.120   0.000   0.000   0.000   -2.000   
20.120   20.120   0.000   0.000   0.000   -1.000   
20.120   20.120   0.000   0.000   0.000   -1.000   
20.120   20.120   0.000   0.000   0.000   -2.000   
20.120   20.120   0.000   0.000   0.000   -2.000   
20.120   20.120   0.000   0.000   0.000   -3.000   
20.120   20.120   0.000   0.000   0.000   -1.000   
20.120   20.120   0.000   0.000   0.000   -2.000   
20.120   20.120   0.000   0.000   0.000   -1.000   
20.120   20.120   0.000   0.000   0.000   0.000   
20.120   20.120   0.000   0.000   0.000   -1.000   
20.120   20.120   0.000   0.000   0.000   0.000   
20.120   20.120   0.000   0.000   0.000   -4.000   
20.120   20.120   0.000   0.000   0.000   -1.000   
20.120   20.120   0.000   0.000   0.000   -5.000   
20.120   20.120   0.000   0.000   0.000   1.000   
20.120   20.120   0.000   0.000   0.000   -1.000   
20.120   20.120   0.000   0.000   0.000   -1.000   
20.120   20.120   0.000   0.000   0.000   -2.000   
20.120   20.120   0.000   0.000   0.000   -1.000   
20.120   20.120   0.000   0.000   0.000   2.000   
20.120   20.120   0.000   0.000   0.000   -1.000   
20.120   20.120   0.000   0.000   0.000   1.000   
20.120   20.120   0.000   0.000   0.000   -1.000   
20.120   20.120   0.000   0.000   0.000   1.000   
20.120   20.120   0.000   0.000   0.000   -1.000   
20.120   20.120   0.000   0.000   0.000   0.000   
20.120   20.120   0.000   0.000   0.000   -4.000   
20.120   20.120   0.000   0.000   0.000   -4.000   
20.120   20.120   0.000   0.000   0.000   -3.000   
20.120   20.120   0.000   0.000   0.000   -4.000   
20.120   20.120   0.000   0.000   0.000   1.000   
20.120   20.120   0.000   0.000   0.000   1.000   
20.120   20.120   0.000   0.000   0.000   0.000   
20.120   20.120   0.000   0.000   0.000   0.000   
20.120   20.120   0.000   0.000   0.000   0.000   
20.120   20.120   0.000   0.000   0.000   -3.000   
20.120   20.120   0.000   0.000   0.000   -2.000   
20.120   20.120   0.000   0.000   0.000   -1.000   
20.120   20.120   0.000   0.000   0.000   -2.000   
20.120   20.120   0.000   0.000   0.000   -2.000   
20.120   20.120   0.000   0.000   0.000   1.000   
20.120   20.120   0.000   0.000   0.000   -3.000   
20.120   20.120   0.000   0.000   0.000   -3.000   
20.120   20.120   0.000   0.000   0.000   0.000   
20.120   20.120   0.000   0.000   0.000   -3.000   
20.120   20.120   0.000   0.000   0.000   -1.000   
20.120   20.120   0.000   0.000   0.000   -3.000   
20.120   20.120   0.000   0.000   0.000   -3.000   
20.120   20.120   0.000   0.000   0.000   -1.000   
20.120   20.120   0.000   0.000   0.000   -2.000   
20.120   20.120   0.000   0.000   0.000   -1.000   
20.120   20.120   0.000   0.000   0.000   -2.000   
20.120   20.120   0.000   0.000   0.000   0.000   
20.120   20.120   0.000   0.000   0.000   -1.000   
20.120   20.120   0.000   0.000   0.000   -2.000   
20.120   20.120   0.000   0.000   0.000   1.000   
20.120   20.120   0.000   0.000   0.000   0.000   
20.120   20.120   0.000   0.000   0.000   1.000   
20.120   20.120   0.000   0.000   0.000   1.000   
20.120   20.120   0.000   0.000   0.000   0.000   
20.120   20.120   0.000   0.000   0.000   0.000   
20.120   20.120   0.000   0.000   0.000   1.000   
20.120   20.120   0.000   0.000   0.000   0.000   
20.120   20.120   0.000   0.000   0.000   -4.000   
20.120   20.120   0.000   0.000   0.000   -9.000   
20.120   20.120   0.000   0.000   0.000   -7.000   
20.120   20.120   0.000   0.000   0.000   -6.000   
20.120   20.120   0.000   0.000   0.000   5.000   
20.120   20.120   0.000   0.000   0.000   -9.000   
20.120   20.120   0.000   0.000   0.000   -8.000   
20.120   20.120   0.000   0.000   0.000   -6.000   
20.120   20.120   0.000   0.000   0.000   -6.000   
20.120   20.120   0.000   0.000   0.000   -8.000   
20.120   20.120   0.000   0.000   0.000   -5.000   
20.120   20.120   0.000   0.000   0.000   -8.000   
20.120   20.120   0.000   0.000   0.000   -5.000   
20.120   20.120   0.000   0.000   0.000   -8.000   
20.120   20.120   0.000   0.000   0.000   -8.000   
20.120   20.120   0.000   0.000   0.000   -7.000   
20.120   20.120   0.000   0.000   0.000   -8.000   
20.120   20.120   0.000   0.000   0.000   -7.000   
20.120   20.120   0.000   0.000   0.000   -6.000   
20.120   20.120   0.000   0.000   0.000   -8.000   
20.120   20.120   0.000   0.000   0.000   -6.000   
20.120   20.120   0.000   0.000   0.000   -6.000   
20.120   20.120   0.000   0.000   0.000   -7.000   
20.120   20.120   0.000   0.000   0.000   -7.000   
20.120   20.120   0.000   0.000   0.000   -7.000   
20.120   20.120   0.000   0.000   0.000   -9.000   
20.120   20.120   0.000   0.000   0.000   -9.000   
20.120   20.120   0.000   0.000   0.000   -9.000   
20.120   20.120   0.000   0.000   0.000   -8.000   
20.120   20.120   0.000   0.000   0.000   -7.000   
20.120   20.120   0.000   0.000   0.000   -8.000   
20.120   20.120   0.000   0.000   0.000   -9.000   
20.120   20.120   0.000   0.000   0.000   -8.000   
20.120   20.120   0.000   0.000   0.000   -7.000   
20.120   20.120   0.000   0.000   0.000   -8.000   
20.120   20.120   0.000   0.000   0.000   -9.000   
20.120   20.120   0.000   0.000   0.000   -7.000   
20.120   20.120   0.000   0.000   0.000   -7.000   
20.120   20.120   0.000   0.000   0.000   -7.000   
20.120   20.120   0.000   0.000   0.000   -9.000   
20.120   20.120   0.000   0.000   0.000   -6.000   
20.120   20.120   0.000   0.000   0.000   -3.000   
20.120   20.120   0.000   0.000   0.000   0.000   
20.120   20.120   0.000   0.000   0.000   -1.000   
20.120   20.120   0.000   0.000   0.000   -1.000   
20.120   20.120   0.000   0.000   0.000   -1.000   
20.120   20.120   0.000   0.000   0.000   -1.000   
20.120   20.120   0.000   0.000   0.000   -2.000   
20.120   20.120   0.000   0.000   0.000   0.000   
20.120   20.120   0.000   0.000   0.000   0.000   
20.120   20.120   0.000   0.000   0.000   -1.000   
20.120   20.120   0.000   0.000   0.000   1.000   
20.120   20.120   0.000   0.000   0.000   1.000   
20.120   20.120   0.000   0.000   0.000   -1.000   
20.120   20.120   0.000   0.000   0.000   2.000   
20.120   20.120   0.000   0.000   0.000   -2.000   
20.120   20.120   0.000   0.000   0.000   -2.000   
20.120   20.120   0.000   0.000   0.000   -1.000   
20.120   20.120   0.000   0.000   0.000   -1.000   
20.120   20.120   0.000   0.000   0.000   1.000   
20.120   20.120   0.000   0.000   0.000   -1.000   
20.120   20.120   0.000   0.000   0.000   2.000   
20.120   20.120   0.000   0.000   0.000   -1.000   
20.120   20.120   0.000   0.000   0.000   0.000   
20.120   20.120   0.000   0.000   0.000   2.000   
20.120   20.120   0.000   0.000   0.000   -1.000   
20.120   20.120   0.000   0.000   0.000   -1.000   
20.120   20.120   0.000   0.000   0.000   1.000   
20.120   20.120   0.000   0.000   0.000   -2.000   
20.120   20.120   0.000   0.000   0.000   -1.000   
20.120   20.120   0.000   0.000   0.000   -1.000   
20.120   20.120   0.000   0.000   0.000   -1.000   
20.120   20.120   0.000   0.000   0.000   -1.000   
20.120   20.120   0.000   0.000   0.000   -2.000   
20.120   20.120   0.000   0.000   0.000   -1.000   
20.120   20.120   0.000   0.000   0.000   -1.000   
20.120   20.120   0.000   0.000   0.000   -1.000   
20.120   20.120   0.000   0.000   0.000   -1.000   
20.120   20.120   0.000   0.000   0.000   -1.000   
20.120   20.120   0.000   0.000   0.000   -1.000   
20.120   20.120   0.000   0.000   0.000   -1.000   
20.120   20.120   0.000   0.000   0.000   -3.000   
20.120   20.120   0.000   0.000   0.000   -2.000   
20.120   20.120   0.000   0.000   0.000   -4.000   
20.120   20.120   0.000   0.000   0.000   -2.000   
20.120   20.120   0.000   0.000   0.000   -4.000   
20.120   20.120   0.000   0.000   0.000   -5.000   
20.120   20.120   0.000   0.000   0.000   -1.000   
20.120   20.120   0.000   0.000   0.000   3.000   
20.120   20.120   0.000   0.000   0.000   -1.000   
20.120   20.120   0.000   0.000   0.000   0.000   
20.120   20.120   0.000   0.000   0.000   2.000   
20.120   20.120   0.000   0.000   0.000   -1.000   
20.120   20.120   0.000   0.000   0.000   1.000   
20.120   20.120   0.000   0.000   0.000   -1.000   
20.120   20.120   0.000   0.000   0.000   0.000   
20.120   20.120   0.000   0.000   0.000   -1.000   
20.120   20.120   0.000   0.000   0.000   1.000   
20.120   20.120   0.000   0.000   0.000   -1.000   
20.120   20.120   0.000   0.000   0.000   -1.000   
20.120   20.120   0.000   0.000   0.000   2.000   
20.120   20.120   0.000   0.000   0.000   -1.000   
20.120   20.120   0.000   0.000   0.000   -1.000   
20.120   20.120   0.000   0.000   0.000   -1.000   
20.120   20.120   0.000   0.000   0.000   -1.000   
20.120   20.120   0.000   0.000   0.000   -2.000   
20.120   20.120   0.000   0.000   0.000   0.000   
20.120   20.120   0.000   0.000   0.000   -2.000   
20.120   20.120   0.000   0.000   0.000   0.000   
20.120   20.120   0.000   0.000   0.000   0.000   
20.120   20.120   0.000   0.000   0.000   0.000   
20.120   20.120   0.000   0.000   0.000   -2.000   
20.120   20.120   0.000   0.000   0.000   -6.000   
20.120   20.120   0.000   0.000   0.000   -3.000   
20.120   20.120   0.000   0.000   0.000   -2.000   
20.120   20.120   0.000   0.000   0.000   0.000   
20.120   20.120   0.000   0.000   0.000   -1.000   
20.120   20.120   0.000   0.000   0.000   -3.000   
20.120   20.120   0.000   0.000   0.000   -1.000   
20.120   20.120   0.000   0.000   0.000   -1.000   
20.120   20.120   0.000   0.000   0.000   0.000   
20.120   20.120   0.000   0.000   0.000   -1.000   
20.120   20.120   0.000   0.000   0.000   0.000   
20.120   20.120   0.000   0.000   0.000   0.000   
20.120   20.120   0.000   0.000   0.000   0.000   
20.120   20.120   0.000   0.000   0.000   0.000   
20.120   20.120   0.000   0.000   0.000   3.000   
20.120   20.120   0.000   0.000   0.000   2.000   
20.120   20.120   0.000   0.000   0.000   6.000   
20.120   20.120   0.000   0.000   0.000   0.000   
20.120   20.120   0.000   0.000   0.000   0.000   
20.120   20.120   0.000   0.000   0.000   0.000   
20.120   20.120   0.000   0.000   0.000   -1.000   
20.120   20.120   0.000   0.000   0.000   0.000   
20.120   20.120   0.000   0.000   0.000   2.000   
20.120   20.120   0.000   0.000   0.000   0.000   
20.120   20.120   0.000   0.000   0.000   4.000   
20.120   20.120   0.000   0.000   0.000   -1.000   
20.120   20.120   0.000   0.000   0.000   -5.000   
20.120   20.120   0.000   0.000   0.000   1.000   
20.120   20.120   0.000   0.000   0.000   -2.000   
20.120   20.120   0.000   0.000   0.000   0.000   
20.120   20.120   0.000   0.000   0.000   1.000   
20.120   20.120   0.000   0.000   0.000   0.000   
20.120   20.120   0.000   0.000   0.000   0.000   
20.120   20.120   0.000   0.000   0.000   -1.000   
20.120   20.120   0.000   0.000   0.000   -1.000   
20.120   20.120   0.000   0.000   0.000   -2.000   
20.120   20.120   0.000   0.000   0.000   -1.000   
20.120   20.120   0.000   0.000   0.000   0.000   
20.120   20.120   0.000   0.000   0.000   -1.000   
20.120   20.120   0.000   0.000   0.000   -1.000   
20.120   20.120   0.000   0.000   0.000   -1.000   
20.120   20.120   0.000   0.000   0.000   -4.000   
20.120   20.120   0.000   0.000   0.000   -2.000   
20.120   20.120   0.000   0.000   0.000   -1.000   
20.120   20.120   0.000   0.000   0.000   -1.000   
20.120   20.120   0.000   0.000   0.000   -1.000   
20.120   20.120   0.000   0.000   0.000   -1.000   
20.120   20.120   0.000   0.000   0.000   -3.000   
20.120   20.120   0.000   0.000   0.000   -1.000   
20.120   20.120   0.000   0.000   0.000   1.000   
20.120   20.120   0.000   0.000   0.000   2.000   
20.120   20.120   0.000   0.000   0.000   1.000   
20.120   20.120   0.000   0.000   0.000   2.000   
20.120   20.120   0.000   0.000   0.000   1.000   
20.120   20.120   0.000   0.000   0.000   -3.000   
20.120   20.120   0.000   0.000   0.000   0.000   
20.120   20.120   0.000   0.000   0.000   5.000   
20.120   20.120   0.000   0.000   0.000   9.000   
20.120   20.120   0.000   0.000   0.000   8.000   
20.120   20.120   0.000   0.000   0.000   4.000   
20.120   20.120   0.000   0.000   0.000   11.000   
20.120   20.120   0.000   0.000   0.000   7.000   
20.120   20.120   0.000   0.000   0.000   5.000   
20.120   20.120   0.000   0.000   0.000   9.000   
20.120   20.120   0.000   0.000   0.000   9.000   
20.120   20.120   0.000   0.000   0.000   4.000   
20.120   20.120   0.000   0.000   0.000   7.000   
20.120   20.120   0.000   0.000   0.000   6.000   
20.120   20.120   0.000   0.000   0.000   8.000   
20.120   20.120   0.000   0.000   0.000   7.000   
20.120   20.120   0.000   0.000   0.000   8.000   
20.120   20.120   0.000   0.000   0.000   6.000   
20.120   20.120   0.000   0.000   0.000   8.000   
20.120   20.120   0.000   0.000   0.000   9.000   
20.120   20.120   0.000   0.000   0.000   6.000   
20.120   20.120   0.000   0.000   0.000   8.000   
20.120   20.120   0.000   0.000   0.000   8.000   
20.120   20.120   0.000   0.000   0.000   6.000   
20.120   20.120   0.000   0.000   0.000   6.000   
20.120   20.120   0.000   0.000   0.000   4.000   
20.120   20.120   0.000   0.000   0.000   7.000   
20.120   20.120   0.000   0.000   0.000   6.000   
20.120   20.120   0.000   0.000   0.000   7.000   
20.120   20.120   0.000   0.000   0.000   7.000   
20.120   20.120   0.000   0.000   0.000   5.000   
20.120   20.120   0.000   0.000   0.000   5.000   
20.120   20.120   0.000   0.000   0.000   7.000   
20.120   20.120   0.000   0.000   0.000   8.000   
20.120   20.120   0.000   0.000   0.000   6.000   
20.120   20.120   0.000   0.000   0.000   7.000   
20.120   20.120   0.000   0.000   0.000   5.000   
20.120   20.120   0.000   0.000   0.000   7.000   
20.120   20.120   0.000   0.000   0.000   7.000   
20.120   20.120   0.000   0.000   0.000   7.000   
20.120   20.120   0.000   0.000   0.000   8.000   
20.120   20.120   0.000   0.000   0.000   7.000   
20.120   20.120   0.000   0.000   0.000   7.000   
20.120   20.120   0.000   0.000   0.000   6.000   
20.120   20.120   0.000   0.000   0.000   -2.000   
20.120   20.120   0.000   0.000   0.000   0.000   
20.120   20.120   0.000   0.000   0.000   -2.000   
20.120   20.120   0.000   0.000   0.000   0.000   
20.120   20.120   0.000   0.000   0.000   0.000   
20.120   20.120   0.000   0.000   0.000   -5.000   
20.120   20.120   0.000   0.000   0.000   -3.000   
20.120   20.120   0.000   0.000   0.000   -1.000   
20.120   20.120   0.000   0.000   0.000   0.000   
20.120   20.120   0.000   0.000   0.000   -2.000   
20.120   20.120   0.000   0.000   0.000   -3.000   
20.120   20.120   0.000   0.000   0.000   -2.000   
20.120   20.120   0.000   0.000   0.000   -3.000   
20.120   20.120   0.000   0.000   0.000   -2.000   
20.120   20.120   0.000   0.000   0.000   -3.000   
20.120   20.120   0.000   0.000   0.000   1.000   
20.120   20.120   0.000   0.000   0.000   1.000   
20.120   20.120   0.000   0.000   0.000   -3.000   
20.120   20.120   0.000   0.000   0.000   -4.000   
20.120   20.120   0.000   0.000   0.000   0.000   
20.120   20.120   0.000   0.000   0.000   2.000   
20.120   20.120   0.000   0.000   0.000   0.000   
20.120   20.120   0.000   0.000   0.000   0.000   
20.120   20.120   0.000   0.000   0.000   -1.000   
20.120   20.120   0.000   0.000   0.000   -4.000   
20.120   20.120   0.000   0.000   0.000   -1.000   
20.120   20.120   0.000   0.000   0.000   -2.000   
20.120   20.120   0.000   0.000   0.000   -2.000   
20.120   20.120   0.000   0.000   0.000   -1.000   
20.120   20.120   0.000   0.000   0.000   -2.000   
20.120   20.120   0.000   0.000   0.000   2.000   
20.120   20.120   0.000   0.000   0.000   -3.000   
20.120   20.120   0.000   0.000   0.000   0.000   
20.120   20.120   0.000   0.000   0.000   -2.000   
20.120   20.120   0.000   0.000   0.000   -1.000   
20.120   20.120   0.000   0.000   0.000   -1.000   
20.120   20.120   0.000   0.000   0.000   -1.000   
20.120   20.120   0.000   0.000   0.000   -2.000   
20.120   20.120   0.000   0.000   0.000   0.000   
20.120   20.120   0.000   0.000   0.000   -1.000   
20.120   20.120   0.000   0.000   0.000   -4.000   
20.120   20.120   0.000   0.000   0.000   -2.000   
20.120   20.120   0.000   0.000   0.000   -1.000   
20.120   20.120   0.000   0.000   0.000   -2.000   
20.120   20.120   0.000   0.000   0.000   2.000   
20.120   20.120   0.000   0.000   0.000   -3.000   
20.120   20.120   0.000   0.000   0.000   -3.000   
20.120   20.120   0.000   0.000   0.000   -1.000   
20.120   20.120   0.000   0.000   0.000   0.000   
20.120   20.120   0.000   0.000   0.000   1.000   
20.120   20.120   0.000   0.000   0.000   -1.000   
20.120   20.120   0.000   0.000   0.000   -1.000   
20.120   20.120   0.000   0.000   0.000   -2.000   
20.120   20.120   0.000   0.000   0.000   -3.000   
20.120   20.120   0.000   0.000   0.000   -1.000   
20.120   20.120   0.000   0.000   0.000   -1.000   
20.120   20.120   0.000   0.000   0.000   -1.000   
20.120   20.120   0.000   0.000   0.000   -1.000   
20.120   20.120   0.000   0.000   0.000   -1.000   
20.120   20.120   0.000   0.000   0.000   1.000   
20.120   20.120   0.000   0.000   0.000   1.000   
20.120   20.120   0.000   0.000   0.000   1.000   
20.120   20.120   0.000   0.000   0.000   3.000   
20.120   20.120   0.000   0.000   0.000   2.000   
20.120   20.120   0.000   0.000   0.000   -1.000   
20.120   20.120   0.000   0.000   0.000   -1.000   
20.120   20.120   0.000   0.000   0.000   0.000   
20.120   20.120   0.000   0.000   0.000   0.000   
20.120   20.120   0.000   0.000   0.000   0.000   
20.120   20.120   0.000   0.000   0.000   0.000   
20.120   20.120   0.000   0.000   0.000   2.000   
20.120   20.120   0.000   0.000   0.000   -1.000   
20.120   20.120   0.000   0.000   0.000   -1.000   
20.120   20.120   0.000   0.000   0.000   -6.000   
20.120   20.120   0.000   0.000   0.000   -1.000   
20.120   20.120   0.000   0.000   0.000   -2.000   
20.120   20.120   0.000   0.000   0.000   -2.000   
20.120   20.120   0.000   0.000   0.000   -2.000   
20.120   20.120   0.000   0.000   0.000   -1.000   
20.120   20.120   0.000   0.000   0.000   0.000   
20.120   20.120   0.000   0.000   0.000   -3.000   
20.120   20.120   0.000   0.000   0.000   0.000   
20.120   20.120   0.000   0.000   0.000   -1.000   
20.120   20.120   0.000   0.000   0.000   -1.000   
20.120   20.120   0.000   0.000   0.000   -3.000   
20.120   20.120   0.000   0.000   0.000   0.000   
20.120   20.120   0.000   0.000   0.000   -1.000   
20.120   20.120   0.000   0.000   0.000   0.000   
20.120   20.120   0.000   0.000   0.000   0.000   
20.120   20.120   0.000   0.000   0.000   -2.000   
20.120   20.120   0.000   0.000   0.000   1.000   
20.120   20.120   0.000   0.000   0.000   1.000   
20.120   20.120   0.000   0.000   0.000   -2.000   
20.120   20.120   0.000   0.000   0.000   1.000   
20.120   20.120   0.000   0.000   0.000   3.000   
20.120   20.120   0.000   0.000   0.000   0.000   
20.120   20.120   0.000   0.000   0.000   -2.000   
20.120   20.120   0.000   0.000   0.000   -1.000   
20.120   20.120   0.000   0.000   0.000   2.000   
20.120   20.120   0.000   0.000   0.000   -4.000   
20.120   20.120   0.000   0.000   0.000   -3.000   
20.120   20.120   0.000   0.000   0.000   -1.000   
20.120   20.120   0.000   0.000   0.000   1.000   
20.120   20.120   0.000   0.000   0.000   0.000   
20.120   20.120   0.000   0.000   0.000   0.000   
20.120   20.120   0.000   0.000   0.000   -1.000   
20.120   20.120   0.000   0.000   0.000   -4.000   
20.120   20.120   0.000   0.000   0.000   1.000   
20.120   20.120   0.000   0.000   0.000   1.000   
20.120   20.120   0.000   0.000   0.000   -1.000   
20.120   20.120   0.000   0.000   0.000   -3.000   
20.120   20.120   0.000   0.000   0.000   -4.000   
20.120   20.120   0.000   0.000   0.000   -3.000   
20.120   20.120   0.000   0.000   0.000   1.000   
20.120   20.120   0.000   0.000   0.000   -3.000   
20.120   20.120   0.000   0.000   0.000   -1.000   
20.120   20.120   0.000   0.000   0.000   -3.000   
20.120   20.120   0.000   0.000   0.000   2.000   
20.120   20.120   0.000   0.000   0.000   0.000   
20.120   20.120   0.000   0.000   0.000   0.000   
20.120   20.120   0.000   0.000   0.000   -2.000   
20.120   20.120   0.000   0.000   0.000   -2.000   
20.120   20.120   0.000   0.000   0.000   0.000   
20.120   20.120   0.000   0.000   0.000   0.000   
20.120   20.120   0.000   0.000   0.000   -2.000   
20.120   20.120   0.000   0.000   0.000   -9.000   
20.120   20.120   0.000   0.000   0.000   -11.000   
20.120   20.120   0.000   0.000   0.000   -8.000   
20.120   20.120   0.000   0.000   0.000   -8.000   
20.120   20.120   0.000   0.000   0.000   -6.000   
20.120   20.120   0.000   0.000   0.000   -10.000   
20.120   20.120   0.000   0.000   0.000   -9.000   
20.120   20.120   0.000   0.000   0.000   -9.000   
20.120   20.120   0.000   0.000   0.000   -10.000   
20.120   20.120   0.000   0.000   0.000   -6.000   
20.120   20.120   0.000   0.000   0.000   -8.000   
20.120   20.120   0.000   0.000   0.000   -8.000   
20.120   20.120   0.000   0.000   0.000   -8.000   
20.120   20.120   0.000   0.000   0.000   -7.000   
20.120   20.120   0.000   0.000   0.000   -7.000   
20.120   20.120   0.000   0.000   0.000   -8.000   
20.120   20.120   0.000   0.000   0.000   -7.000   
20.120   20.120   0.000   0.000   0.000   -4.000   
20.120   20.120   0.000   0.000   0.000   -7.000   
20.120   20.120   0.000   0.000   0.000   -9.000   
20.120   20.120   0.000   0.000   0.000   -8.000   
20.120   20.120   0.000   0.000   0.000   -6.000   
20.120   20.120   0.000   0.000   0.000   -7.000   
20.120   20.120   0.000   0.000   0.000   -7.000   
20.120   20.120   0.000   0.000   0.000   -9.000   
20.120   20.120   0.000   0.000   0.000   -10.000   
20.120   20.120   0.000   0.000   0.000   -6.000   
20.120   20.120   0.000   0.000   0.000   -10.000   
20.120   20.120   0.000   0.000   0.000   -7.000   
20.120   20.120   0.000   0.000   0.000   -11.000   
20.120   20.120   0.000   0.000   0.000   -6.000   
20.120   20.120   0.000   0.000   0.000   -8.000   
20.120   20.120   0.000   0.000   0.000   -7.000   
20.120   20.120   0.000   0.000   0.000   -7.000   
20.120   20.120   0.000   0.000   0.000   -7.000   
20.120   20.120   0.000   0.000   0.000   -10.000   
20.120   20.120   0.000   0.000   0.000   -6.000   
20.120   20.120   0.000   0.000   0.000   -9.000   
20.120   20.120   0.000   0.000   0.000   -8.000   
20.120   20.120   0.000   0.000   0.000   -7.000   
20.120   20.120   0.000   0.000   0.000   -11.000   
20.120   20.120   0.000   0.000   0.000   -8.000   
20.120   20.120   0.000   0.000   0.000   -3.000   
20.120   20.120   0.000   0.000   0.000   1.000   
20.120   20.120   0.000   0.000   0.000   -2.000   
20.120   20.120   0.000   0.000   0.000   -3.000   
20.120   20.120   0.000   0.000   0.000   -1.000   
20.120   20.120   0.000   0.000   0.000   1.000   
20.120   20.120   0.000   0.000   0.000   1.000   
20.120   20.120   0.000   0.000   0.000   0.000   
20.120   20.120   0.000   0.000   0.000   -3.000   
20.120   20.120   0.000   0.000   0.000   0.000   
20.120   20.120   0.000   0.000   0.000   0.000   
20.120   20.120   0.000   0.000   0.000   0.000   
20.120   20.120   0.000   0.000   0.000   -4.000   
20.120   20.120   0.000   0.000   0.000   -1.000   
20.120   20.120   0.000   0.000   0.000   0.000   
20.120   20.120   0.000   0.000   0.000   -4.000   
20.120   20.120   0.000   0.000   0.000   -1.000   
20.120   20.120   0.000   0.000   0.000   -3.000   
20.120   20.120   0.000   0.000   0.000   -2.000   
20.120   20.120   0.000   0.000   0.000   0.000   
20.120   20.120   0.000   0.000   0.000   -1.000   
20.120   20.120   0.000   0.000   0.000   0.000   
20.120   20.120   0.000   0.000   0.000   1.000   
20.120   20.120   0.000   0.000   0.000   0.000   
20.120   20.120   0.000   0.000   0.000   1.000   
20.120   20.120   0.000   0.000   0.000   0.000   
20.120   20.120   0.000   0.000   0.000   1.000   
20.120   20.120   0.000   0.000   0.000   0.000   
20.120   20.120   0.000   0.000   0.000   1.000   
20.120   20.120   0.000   0.000   0.000   -2.000   
20.120   20.120   0.000   0.000   0.000   0.000   
20.120   20.120   0.000   0.000   0.000   -3.000   
20.120   20.120   0.000   0.000   0.000   -1.000   
20.120   20.120   0.000   0.000   0.000   1.000   
20.120   20.120   0.000   0.000   0.000   0.000   
20.120   20.120   0.000   0.000   0.000   1.000   
20.120   20.120   0.000   0.000   0.000   -1.000   
20.120   20.120   0.000   0.000   0.000   -1.000   
20.120   20.120   0.000   0.000   0.000   -1.000   
20.120   20.120   0.000   0.000   0.000   -3.000   
20.120   20.120   0.000   0.000   0.000   -3.000   
20.120   20.120   0.000   0.000   0.000   -4.000   
20.120   20.120   0.000   0.000   0.000   4.000   
20.120   20.120   0.000   0.000   0.000   0.000   
20.120   20.120   0.000   0.000   0.000   0.000   
20.120   20.120   0.000   0.000   0.000   1.000   
20.120   20.120   0.000   0.000   0.000   1.000   
20.120   20.120   0.000   0.000   0.000   -3.000   
20.120   20.120   0.000   0.000   0.000   -1.000   
20.120   20.120   0.000   0.000   0.000   -1.000   
20.120   20.120   0.000   0.000   0.000   -2.000   
20.120   20.120   0.000   0.000   0.000   0.000   
20.120   20.120   0.000   0.000   0.000   -2.000   
20.120   20.120   0.000   0.000   0.000   0.000   
20.120   20.120   0.000   0.000   0.000   -2.000   
20.120   20.120   0.000   0.000   0.000   -2.000   
20.120   20.120   0.000   0.000   0.000   0.000   
20.120   20.120   0.000   0.000   0.000   2.000   
20.120   20.120   0.000   0.000   0.000   1.000   
20.120   20.120   0.000   0.000   0.000   2.000   
20.120   20.120   0.000   0.000   0.000   -1.000   
20.120   20.120   0.000   0.000   0.000   0.000   
20.120   20.120   0.000   0.000   0.000   3.000   
20.120   20.120   0.000   0.000   0.000   -1.000   
20.120   20.120   0.000   0.000   0.000   3.000   
20.120   20.120   0.000   0.000   0.000   -1.000   
20.120   20.120   0.000   0.000   0.000   -1.000   
20.120   20.120   0.000   0.000   0.000   0.000   
20.120   20.120   0.000   0.000   0.000   -1.000   
20.120   20.120   0.000   0.000   0.000   0.000   
20.120   20.120   0.000   0.000   0.000   -1.000   
20.120   20.120   0.000   0.000   0.000   0.000   
20.120   20.120   0.000   0.000   0.000   -4.000   
20.120   20.120   0.000   0.000   0.000   -1.000   
20.120   20.120   0.000   0.000   0.000   -1.000   
20.120   20.120   0.000   0.000   0.000   1.000   
20.120   20.120   0.000   0.000   0.000   -1.000   
20.120   20.120   0.000   0.000   0.000   0.000   
20.120   20.120   0.000   0.000   0.000   -2.000   
20.120   20.120   0.000   0.000   0.000   -1.000   
20.120   20.120   0.000   0.000   0.000   -1.000   
20.120   20.120   0.000   0.000   0.000   -1.000   
20.120   20.120   0.000   0.000   0.000   -2.000   
20.120   20.120   0.000   0.000   0.000   -1.000   
20.120   20.120   0.000   0.000   0.000   -2.000   
20.120   20.120   0.000   0.000   0.000   -1.000   
20.120   20.120   0.000   0.000   0.000   -1.000   
20.120   20.120   0.000   0.000   0.000   1.000   
20.120   20.120   0.000   0.000   0.000   3.000   
20.120   20.120   0.000   0.000   0.000   1.000   
20.120   20.120   0.000   0.000   0.000   -1.000   
20.120   20.120   0.000   0.000   0.000   2.000   
20.120   20.120   0.000   0.000   0.000   -2.000   
20.120   20.120   0.000   0.000   0.000   -2.000   
20.120   20.120   0.000   0.000   0.000   -3.000   
20.120   20.120   0.000   0.000   0.000   0.000   
20.120   20.120   0.000   0.000   0.000   -2.000   
20.120   20.120   0.000   0.000   0.000   -1.000   
20.120   20.120   0.000   0.000   0.000   1.000   
20.120   20.120   0.000   0.000   0.000   2.000   
20.120   20.120   0.000   0.000   0.000   0.000   
20.120   20.120   0.000   0.000   0.000   3.000   
20.120   20.120   0.000   0.000   0.000   -1.000   
20.120   20.120   0.000   0.000   0.000   6.000   
20.120   20.120   0.000   0.000   0.000   1.000   
20.120   20.120   0.000   0.000   0.000   0.000   
20.120   20.120   0.000   0.000   0.000   -3.000   
20.120   20.120   0.000   0.000   0.000   2.000   
20.120   20.120   0.000   0.000   0.000   0.000   
20.120   20.120   0.000   0.000   0.000   0.000   
20.120   20.120   0.000   0.000   0.000   -1.000   
20.120   20.120   0.000   0.000   0.000   1.000   
20.120   20.120   0.000   0.000   0.000   2.000   
20.120   20.120   0.000   0.000   0.000   0.000   
20.120   20.120   0.000   0.000   0.000   -2.000   
20.120   20.120   0.000   0.000   0.000   -3.000   
20.120   20.120   0.000   0.000   0.000   1.000   
20.120   20.120   0.000   0.000   0.000   0.000   
20.120   20.120   0.000   0.000   0.000   0.000   
20.120   20.120   0.000   0.000   0.000   -1.000   
20.120   20.120   0.000   0.000   0.000   2.000   
20.120   20.120   0.000   0.000   0.000   -1.000   
20.120   20.120   0.000   0.000   0.000   -1.000   
20.120   20.120   0.000   0.000   0.000   -3.000   
20.120   20.120   0.000   0.000   0.000   -1.000   
20.120   20.120   0.000   0.000   0.000   -3.000   
20.120   20.120   0.000   0.000   0.000   7.000   
20.120   20.120   0.000   0.000   0.000   7.000   
20.120   20.120   0.000   0.000   0.000   7.000   
20.120   20.120   0.000   0.000   0.000   7.000   
20.120   20.120   0.000   0.000   0.000   9.000   
20.120   20.120   0.000   0.000   0.000   12.000   
20.120   20.120   0.000   0.000   0.000   11.000   
20.120   20.120   0.000   0.000   0.000   8.000   
20.120   20.120   0.000   0.000   0.000   6.000   
20.120   20.120   0.000   0.000   0.000   8.000   
20.120   20.120   0.000   0.000   0.000   12.000   
20.120   20.120   0.000   0.000   0.000   10.000   
20.120   20.120   0.000   0.000   0.000   12.000   
20.120   20.120   0.000   0.000   0.000   7.000   
20.120   20.120   0.000   0.000   0.000   8.000   
20.120   20.120   0.000   0.000   0.000   7.000   
20.120   20.120   0.000   0.000   0.000   6.000   
20.120   20.120   0.000   0.000   0.000   9.000   
20.120   20.120   0.000   0.000   0.000   9.000   
20.120   20.120   0.000   0.000   0.000   7.000   
20.120   20.120   0.000   0.000   0.000   10.000   
20.120   20.120   0.000   0.000   0.000   13.000   
20.120   20.120   0.000   0.000   0.000   11.000   
20.120   20.120   0.000   0.000   0.000   9.000   
20.120   20.120   0.000   0.000   0.000   10.000   
20.120   20.120   0.000   0.000   0.000   7.000   
20.120   20.120   0.000   0.000   0.000   7.000   
20.120   20.120   0.000   0.000   0.000   9.000   
20.120   20.120   0.000   0.000   0.000   8.000   
20.120   20.120   0.000   0.000   0.000   7.000   
20.120   20.120   0.000   0.000   0.000   7.000   
20.120   20.120   0.000   0.000   0.000   7.000   
20.120   20.120   0.000   0.000   0.000   9.000   
20.120   20.120   0.000   0.000   0.000   8.000   
20.120   20.120   0.000   0.000   0.000   13.000   
20.120   20.120   0.000   0.000   0.000   8.000   
20.120   20.120   0.000   0.000   0.000   10.000   
20.120   20.120   0.000   0.000   0.000   5.000   
20.120   20.120   0.000   0.000   0.000   7.000   
20.120   20.120   0.000   0.000   0.000   9.000   
20.120   20.120   0.000   0.000   0.000   8.000   
20.120   20.120   0.000   0.000   0.000   10.000   
20.120   20.120   0.000   0.000   0.000   -2.000   
20.120   20.120   0.000   0.000   0.000   -2.000   
20.120   20.120   0.000   0.000   0.000   1.000   
20.120   20.120   0.000   0.000   0.000   3.000   
20.120   20.120   0.000   0.000   0.000   -1.000   
20.120   20.120   0.000   0.000   0.000   -1.000   
20.120   20.120   0.000   0.000   0.000   -3.000   
20.120   20.120   0.000   0.000   0.000   0.000   
20.120   20.120   0.000   0.000   0.000   -1.000   
20.120   20.120   0.000   0.000   0.000   -4.000   
20.120   20.120   0.000   0.000   0.000   -6.000   
20.120   20.120   0.000   0.000   0.000   -2.000   
20.120   20.120   0.000   0.000   0.000   -2.000   
20.120   20.120   0.000   0.000   0.000   -4.000   
20.120   20.120   0.000   0.000   0.000   -2.000   
20.120   20.120   0.000   0.000   0.000   -2.000   
20.120   20.120   0.000   0.000   0.000   -2.000   
20.120   20.120   0.000   0.000   0.000   -2.000   
20.120   20.120   0.000   0.000   0.000   -2.000   
20.120   20.120   0.000   0.000   0.000   -1.000   
20.120   20.120   0.000   0.000   0.000   -1.000   
20.120   20.120   0.000   0.000   0.000   -4.000   
20.120   20.120   0.000   0.000   0.000   -1.000   
20.120   20.120   0.000   0.000   0.000   -1.000   
20.120   20.120   0.000   0.000   0.000   1.000   
20.120   20.120   0.000   0.000   0.000   -3.000   
20.120   20.120   0.000   0.000   0.000   -1.000   
20.120   20.120   0.000   0.000   0.000   -1.000   
20.120   20.120   0.000   0.000   0.000   -1.000   
20.120   20.120   0.000   0.000   0.000   -3.000   
20.120   20.120   0.000   0.000   0.000   1.000   
20.120   20.120   0.000   0.000   0.000   0.000   
20.120   20.120   0.000   0.000   0.000   -1.000   
20.120   20.120   0.000   0.000   0.000   -1.000   
20.120   20.120   0.000   0.000   0.000   -1.000   
20.120   20.120   0.000   0.000   0.000   -1.000   
20.120   20.120   0.000   0.000   0.000   2.000   
20.120   20.120   0.000   0.000   0.000   -2.000   
20.120   20.120   0.000   0.000   0.000   -3.000   
20.120   20.120   0.000   0.000   0.000   -5.000   
20.120   20.120   0.000   0.000   0.000   1.000   
20.120   20.120   0.000   0.000   0.000   -1.000   
20.120   20.120   0.000   0.000   0.000   0.000   
20.120   20.120   0.000   0.000   0.000   -3.000   
20.120   20.120   0.000   0.000   0.000   -6.000   
20.120   20.120   0.000   0.000   0.000   0.000   
20.120   20.120   0.000   0.000   0.000   -3.000   
20.120   20.120   0.000   0.000   0.000   -1.000   
20.120   20.120   0.000   0.000   0.000   -1.000   
20.120   20.120   0.000   0.000   0.000   -1.000   
20.120   20.120   0.000   0.000   0.000   -1.000   
20.120   20.120   0.000   0.000   0.000   0.000   
20.120   20.120   0.000   0.000   0.000   0.000   
20.120   20.120   0.000   0.000   0.000   -2.000   
20.120   20.120   0.000   0.000   0.000   -1.000   
20.120   20.120   0.000   0.000   0.000   -1.000   
20.120   20.120   0.000   0.000   0.000   -1.000   
20.120   20.120   0.000   0.000   0.000   -3.000   
20.120   20.120   0.000   0.000   0.000   0.000   
20.120   20.120   0.000   0.000   0.000   -1.000   
20.120   20.120   0.000   0.000   0.000   -1.000   
20.120   20.120   0.000   0.000   0.000   5.000   
20.120   20.120   0.000   0.000   0.000   0.000   
20.120   20.120   0.000   0.000   0.000   -2.000   
20.120   20.120   0.000   0.000   0.000   1.000   
20.120   20.120   0.000   0.000   0.000   -1.000   
20.120   20.120   0.000   0.000   0.000   -2.000   
20.120   20.120   0.000   0.000   0.000   0.000   
20.120   20.120   0.000   0.000   0.000   -2.000   
20.120   20.120   0.000   0.000   0.000   -1.000   
20.120   20.120   0.000   0.000   0.000   0.000   
20.120   20.120   0.000   0.000   0.000   2.000   
20.120   20.120   0.000   0.000   0.000   1.000   
20.120   20.120   0.000   0.000   0.000   0.000   
20.120   20.120   0.000   0.000   0.000   0.000   
20.120   20.120   0.000   0.000   0.000   -1.000   
20.120   20.120   0.000   0.000   0.000   -5.000   
20.120   20.120   0.000   0.000   0.000   -1.000   
20.120   20.120   0.000   0.000   0.000   0.000   
20.120   20.120   0.000   0.000   0.000   0.000   
20.120   20.120   0.000   0.000   0.000   -2.000   
20.120   20.120   0.000   0.000   0.000   -1.000   
20.120   20.120   0.000   0.000   0.000   -2.000   
20.120   20.120   0.000   0.000   0.000   -1.000   
20.120   20.120   0.000   0.000   0.000   -4.000   
20.120   20.120   0.000   0.000   0.000   -2.000   
20.120   20.120   0.000   0.000   0.000   -3.000   
20.120   20.120   0.000   0.000   0.000   -3.000   
20.120   20.120   0.000   0.000   0.000   -3.000   
20.120   20.120   0.000   0.000   0.000   -1.000   
20.120   20.120   0.000   0.000   0.000   -2.000   
20.120   20.120   0.000   0.000   0.000   -2.000   
20.120   20.120   0.000   0.000   0.000   1.000   
20.120   20.120   0.000   0.000   0.000   0.000   
20.120   20.120   0.000   0.000   0.000   0.000   
20.120   20.120   0.000   0.000   0.000   -1.000   
20.120   20.120   0.000   0.000   0.000   -5.000   
20.120   20.120   0.000   0.000   0.000   -5.000   
20.120   20.120   0.000   0.000   0.000   1.000   
20.120   20.120   0.000   0.000   0.000   0.000   
20.120   20.120   0.000   0.000   0.000   -4.000   
20.120   20.120   0.000   0.000   0.000   1.000   
20.120   20.120   0.000   0.000   0.000   -3.000   
20.120   20.120   0.000   0.000   0.000   -1.000   
20.120   20.120   0.000   0.000   0.000   0.000   
20.120   20.120   0.000   0.000   0.000   1.000   
20.120   20.120   0.000   0.000   0.000   0.000   
20.120   20.120   0.000   0.000   0.000   -3.000   
20.120   20.120   0.000   0.000   0.000   1.000   
20.120   20.120   0.000   0.000   0.000   1.000   
20.120   20.120   0.000   0.000   0.000   -1.000   
20.120   20.120   0.000   0.000   0.000   0.000   
20.120   20.120   0.000   0.000   0.000   0.000   
20.120   20.120   0.000   0.000   0.000   1.000   
20.120   20.120   0.000   0.000   0.000   -1.000   
20.120   20.120   0.000   0.000   0.000   -1.000   
20.120   20.120   0.000   0.000   0.000   -3.000   
20.120   20.120   0.000   0.000   0.000   0.000   
20.120   20.120   0.000   0.000   0.000   -5.000   
20.120   20.120   0.000   0.000   0.000   -3.000   
20.120   20.120   0.000   0.000   0.000   -4.000   
20.120   20.120   0.000   0.000   0.000   0.000   
20.120   20.120   0.000   0.000   0.000   -2.000   
20.120   20.120   0.000   0.000   0.000   -2.000   
20.120   20.120   0.000   0.000   0.000   -1.000   
20.120   20.120   0.000   0.000   0.000   -4.000   
20.120   20.120   0.000   0.000   0.000   -8.000   
20.120   20.120   0.000   0.000   0.000   -10.000   
20.120   20.120   0.000   0.000   0.000   -8.000   
20.120   20.120   0.000   0.000   0.000   -7.000   
20.120   20.120   0.000   0.000   0.000   -8.000   
20.120   20.120   0.000   0.000   0.000   -10.000   
20.120   20.120   0.000   0.000   0.000   -8.000   
20.120   20.120   0.000   0.000   0.000   -11.000   
20.120   20.120   0.000   0.000   0.000   -6.000   
20.120   20.120   0.000   0.000   0.000   -11.000   
20.120   20.120   0.000   0.000   0.000   -10.000   
20.120   20.120   0.000   0.000   0.000   -13.000   
20.120   20.120   0.000   0.000   0.000   -8.000   
20.120   20.120   0.000   0.000   0.000   -9.000   
20.120   20.120   0.000   0.000   0.000   -11.000   
20.120   20.120   0.000   0.000   0.000   -8.000   
20.120   20.120   0.000   0.000   0.000   -9.000   
20.120   20.120   0.000   0.000   0.000   -8.000   
20.120   20.120   0.000   0.000   0.000   -12.000   
20.120   20.120   0.000   0.000   0.000   -8.000   
20.120   20.120   0.000   0.000   0.000   -9.000   
20.120   20.120   0.000   0.000   0.000   -13.000   
20.120   20.120   0.000   0.000   0.000   -7.000   
20.120   20.120   0.000   0.000   0.000   -8.000   
20.120   20.120   0.000   0.000   0.000   -12.000   
20.120   20.120   0.000   0.000   0.000   -14.000   
20.120   20.120   0.000   0.000   0.000   -10.000   
20.120   20.120   0.000   0.000   0.000   -11.000   
20.120   20.120   0.000   0.000   0.000   -6.000   
20.120   20.120   0.000   0.000   0.000   -10.000   
20.120   20.120   0.000   0.000   0.000   -10.000   
20.120   20.120   0.000   0.000   0.000   -9.000   
20.120   20.120   0.000   0.000   0.000   -7.000   
20.120   20.120   0.000   0.000   0.000   -8.000   
20.120   20.120   0.000   0.000   0.000   -11.000   
20.120   20.120   0.000   0.000   0.000   -8.000   
20.120   20.120   0.000   0.000   0.000   -8.000   
20.120   20.120   0.000   0.000   0.000   -8.000   
20.120   20.120   0.000   0.000   0.000   -5.000   
20.120   20.120   0.000   0.000   0.000   -7.000   
20.120   20.120   0.000   0.000   0.000   -8.000   
20.120   20.120   0.000   0.000   0.000   -6.000   
20.120   20.120   0.000   0.000   0.000   2.000   
20.120   20.120   0.000   0.000   0.000   0.000   
20.120   20.120   0.000   0.000   0.000   2.000   
20.120   20.120   0.000   0.000   0.000   -1.000   
20.120   20.120   0.000   0.000   0.000   -1.000   
20.120   20.120   0.000   0.000   0.000   -2.000   
20.120   20.120   0.000   0.000   0.000   2.000   
20.120   20.120   0.000   0.000   0.000   -1.000   
20.120   20.120   0.000   0.000   0.000   -2.000   
20.120   20.120   0.000   0.000   0.000   -1.000   
20.120   20.120   0.000   0.000   0.000   0.000   
20.120   20.120   0.000   0.000   0.000   -1.000   
20.120   20.120   0.000   0.000   0.000   1.000   
20.120   20.120   0.000   0.000   0.000   -3.000   
20.120   20.120   0.000   0.000   0.000   -1.000   
20.120   20.120   0.000   0.000   0.000   0.000   
20.120   20.120   0.000   0.000   0.000   0.000   
20.120   20.120   0.000   0.000   0.000   0.000   
20.120   20.120   0.000   0.000   0.000   0.000   
20.120   20.120   0.000   0.000   0.000   -2.000   
20.120   20.120   0.000   0.000   0.000   -1.000   
20.120   20.120   0.000   0.000   0.000   0.000   
20.120   20.120   0.000   0.000   0.000   -1.000   
20.120   20.120   0.000   0.000   0.000   1.000   
20.120   20.120   0.000   0.000   0.000   1.000   
20.120   20.120   0.000   0.000   0.000   0.000   
20.120   20.120   0.000   0.000   0.000   -2.000   
20.120   20.120   0.000   0.000   0.000   -3.000   
20.120   20.120   0.000   0.000   0.000   -1.000   
20.120   20.120   0.000   0.000   0.000   0.000   
20.120   20.120   0.000   0.000   0.000   3.000   
20.120   20.120   0.000   0.000   0.000   0.000   
20.120   20.120   0.000   0.000   0.000   -1.000   
20.120   20.120   0.000   0.000   0.000   -1.000   
20.120   20.120   0.000   0.000   0.000   1.000   
20.120   20.120   0.000   0.000   0.000   0.000   
20.120   20.120   0.000   0.000   0.000   -1.000   
20.120   20.120   0.000   0.000   0.000   -1.000   
20.120   20.120   0.000   0.000   0.000   -1.000   
20.120   20.120   0.000   0.000   0.000   0.000   
20.120   20.120   0.000   0.000   0.000   -1.000   
20.120   20.120   0.000   0.000   0.000   0.000   
20.120   20.120   0.000   0.000   0.000   1.000   
20.120   20.120   0.000   0.000   0.000   -2.000   
20.120   20.120   0.000   0.000   0.000   5.000   
20.120   20.120   0.000   0.000   0.000   -2.000   
20.120   20.120   0.000   0.000   0.000   -3.000   
20.120   20.120   0.000   0.000   0.000   0.000   
20.120   20.120   0.000   0.000   0.000   0.000   
20.120   20.120   0.000   0.000   0.000   -1.000   
20.120   20.120   0.000   0.000   0.000   1.000   
20.120   20.120   0.000   0.000   0.000   -1.000   
20.120   20.120   0.000   0.000   0.000   -1.000   
20.120   20.120   0.000   0.000   0.000   1.000   
20.120   20.120   0.000   0.000   0.000   0.000   
20.120   20.120   0.000   0.000   0.000   -3.000   
20.120   20.120   0.000   0.000   0.000   -1.000   
20.120   20.120   0.000   0.000   0.000   -2.000   
20.120   20.120   0.000   0.000   0.000   -2.000   
20.120   20.120   0.000   0.000   0.000   -4.000   
20.120   20.120   0.000   0.000   0.000   -1.000   
20.120   20.120   0.000   0.000   0.000   -1.000   
20.120   20.120   0.000   0.000   0.000   1.000   
20.120   20.120   0.000   0.000   0.000   -1.000   
20.120   20.120   0.000   0.000   0.000   0.000   
20.120   20.120   0.000   0.000   0.000   0.000   
20.120   20.120   0.000   0.000   0.000   0.000   
20.120   20.120   0.000   0.000   0.000   1.000   
20.120   20.120   0.000   0.000   0.000   0.000   
20.120   20.120   0.000   0.000   0.000   0.000   
20.120   20.120   0.000   0.000   0.000   -1.000   
20.120   20.120   0.000   0.000   0.000   -2.000   
20.120   20.120   0.000   0.000   0.000   1.000   
20.120   20.120   0.000   0.000   0.000   -3.000   
20.120   20.120   0.000   0.000   0.000   -3.000   
20.120   20.120   0.000   0.000   0.000   0.000   
20.120   20.120   0.000   0.000   0.000   -3.000   
20.120   20.120   0.000   0.000   0.000   -3.000   
20.120   20.120   0.000   0.000   0.000   1.000   
20.120   20.120   0.000   0.000   0.000   -1.000   
20.120   20.120   0.000   0.000   0.000   -2.000   
20.120   20.120   0.000   0.000   0.000   -1.000   
20.120   20.120   0.000   0.000   0.000   1.000   
20.120   20.120   0.000   0.000   0.000   -1.000   
20.120   20.120   0.000   0.000   0.000   1.000   
20.120   20.120   0.000   0.000   0.000   0.000   
20.120   20.120   0.000   0.000   0.000   -1.000   
20.120   20.120   0.000   0.000   0.000   -1.000   
20.120   20.120   0.000   0.000   0.000   -2.000   
20.120   20.120   0.000   0.000   0.000   -2.000   
20.120   20.120   0.000   0.000   0.000   -1.000   
20.120   20.120   0.000   0.000   0.000   1.000   
20.120   20.120   0.000   0.000   0.000   0.000   
20.120   20.120   0.000   0.000   0.000   -2.000   
20.120   20.120   0.000   0.000   0.000   1.000   
20.120   20.120   0.000   0.000   0.000   -1.000   
20.120   20.120   0.000   0.000   0.000   -1.000   
20.120   20.120   0.000   0.000   0.000   -3.000   
20.120   20.120   0.000   0.000   0.000   -4.000   
20.120   20.120   0.000   0.000   0.000   -1.000   
20.120   20.120   0.000   0.000   0.000   -1.000   
20.120   20.120   0.000   0.000   0.000   0.000   
20.120   20.120   0.000   0.000   0.000   -1.000   
20.120   20.120   0.000   0.000   0.000   1.000   
20.120   20.120   0.000   0.000   0.000   1.000   
20.120   20.120   0.000   0.000   0.000   1.000   
20.120   20.120   0.000   0.000   0.000   1.000   
20.120   20.120   0.000   0.000   0.000   -4.000   
20.120   20.120   0.000   0.000   0.000   0.000   
20.120   20.120   0.000   0.000   0.000   1.000   
20.120   20.120   0.000   0.000   0.000   0.000   
20.120   20.120   0.000   0.000   0.000   4.000   
20.120   20.120   0.000   0.000   0.000   1.000   
20.120   20.120   0.000   0.000   0.000   -1.000   
20.120   20.120   0.000   0.000   0.000   1.000   
20.120   20.120   0.000   0.000   0.000   0.000   
20.120   20.120   0.000   0.000   0.000   2.000   
20.120   20.120   0.000   0.000   0.000   4.000   
20.120   20.120   0.000   0.000   0.000   -1.000   
20.120   20.120   0.000   0.000   0.000   2.000   
20.120   20.120   0.000   0.000   0.000   -3.000   
20.120   20.120   0.000   0.000   0.000   1.000   
20.120   20.120   0.000   0.000   0.000   3.000   
20.120   20.120   0.000   0.000   0.000   2.000   
20.120   20.120   0.000   0.000   0.000   3.000   
20.120   20.120   0.000   0.000   0.000   3.000   
20.120   20.120   0.000   0.000   0.000   5.000   
20.120   20.120   0.000   0.000   0.000   7.000   
20.120   20.120   0.000   0.000   0.000   7.000   
20.120   20.120   0.000   0.000   0.000   8.000   
20.120   20.120   0.000   0.000   0.000   10.000   
20.120   20.120   0.000   0.000   0.000   5.000   
20.120   20.120   0.000   0.000   0.000   5.000   
20.120   20.120   0.000   0.000   0.000   7.000   
20.120   20.120   0.000   0.000   0.000   10.000   
20.120   20.120   0.000   0.000   0.000   6.000   
20.120   20.120   0.000   0.000   0.000   7.000   
20.120   20.120   0.000   0.000   0.000   7.000   
20.120   20.120   0.000   0.000   0.000   6.000   
20.120   20.120   0.000   0.000   0.000   10.000   
20.120   20.120   0.000   0.000   0.000   9.000   
20.120   20.120   0.000   0.000   0.000   5.000   
20.120   20.120   0.000   0.000   0.000   9.000   
20.120   20.120   0.000   0.000   0.000   10.000   
20.120   20.120   0.000   0.000   0.000   10.000   
20.120   20.120   0.000   0.000   0.000   10.000   
20.120   20.120   0.000   0.000   0.000   8.000   
20.120   20.120   0.000   0.000   0.000   8.000   
20.120   20.120   0.000   0.000   0.000   5.000   
20.120   20.120   0.000   0.000   0.000   10.000   
20.120   20.120   0.000   0.000   0.000   10.000   
20.120   20.120   0.000   0.000   0.000   9.000   
20.120   20.120   0.000   0.000   0.000   12.000   
20.120   20.120   0.000   0.000   0.000   7.000   
20.120   20.120   0.000   0.000   0.000   5.000   
20.120   20.120   0.000   0.000   0.000   5.000   
20.120   20.120   0.000   0.000   0.000   10.000   
20.120   20.120   0.000   0.000   0.000   10.000   
20.120   20.120   0.000   0.000   0.000   12.000   
20.120   20.120   0.000   0.000   0.000   11.000   
20.120   20.120   0.000   0.000   0.000   11.000   
20.120   20.120   0.000   0.000   0.000   -7.000   
20.120   20.120   0.000   0.000   0.000   12.000   
20.120   20.120   0.000   0.000   0.000   10.000   
20.120   20.120   0.000   0.000   0.000   6.000   
20.120   20.120   0.000   0.000   0.000   13.000   
20.120   20.120   0.000   0.000   0.000   14.000   
20.120   20.120   0.000   0.000   0.000   0.000   
20.120   20.120   0.000   0.000   0.000   2.000   
20.120   20.120   0.000   0.000   0.000   -1.000   
20.120   20.120   0.000   0.000   0.000   1.000   
20.120   20.120   0.000   0.000   0.000   -2.000   
20.120   20.120   0.000   0.000   0.000   -1.000   
20.120   20.120   0.000   0.000   0.000   -2.000   
20.120   20.120   0.000   0.000   0.000   -2.000   
20.120   20.120   0.000   0.000   0.000   -3.000   
20.120   20.120   0.000   0.000   0.000   1.000   
20.120   20.120   0.000   0.000   0.000   2.000   
20.120   20.120   0.000   0.000   0.000   0.000   
20.120   20.120   0.000   0.000   0.000   -1.000   
20.120   20.120   0.000   0.000   0.000   -2.000   
20.120   20.120   0.000   0.000   0.000   -1.000   
20.120   20.120   0.000   0.000   0.000   -1.000   
20.120   20.120   0.000   0.000   0.000   -2.000   
20.120   20.120   0.000   0.000   0.000   0.000   
20.120   20.120   0.000   0.000   0.000   -2.000   
20.120   20.120   0.000   0.000   0.000   -1.000   
20.120   20.120   0.000   0.000   0.000   -1.000   
20.120   20.120   0.000   0.000   0.000   -4.000   
20.120   20.120   0.000   0.000   0.000   -1.000   
20.120   20.120   0.000   0.000   0.000   -1.000   
20.120   20.120   0.000   0.000   0.000   -1.000   
20.120   20.120   0.000   0.000   0.000   -1.000   
20.120   20.120   0.000   0.000   0.000   -1.000   
20.120   20.120   0.000   0.000   0.000   -1.000   
20.120   20.120   0.000   0.000   0.000   -2.000   
20.120   20.120   0.000   0.000   0.000   -1.000   
20.120   20.120   0.000   0.000   0.000   -1.000   
20.120   20.120   0.000   0.000   0.000   -2.000   
20.120   20.120   0.000   0.000   0.000   -2.000   
20.120   20.120   0.000   0.000   0.000   0.000   
20.120   20.120   0.000   0.000   0.000   -4.000   
20.120   20.120   0.000   0.000   0.000   -4.000   
20.120   20.120   0.000   0.000   0.000   -2.000   
20.120   20.120   0.000   0.000   0.000   -3.000   
20.120   20.120   0.000   0.000   0.000   1.000   
20.120   20.120   0.000   0.000   0.000   1.000   
20.120   20.120   0.000   0.000   0.000   -2.000   
20.120   20.120   0.000   0.000   0.000   0.000   
20.120   20.120   0.000   0.000   0.000   3.000   
20.120   20.120   0.000   0.000   0.000   5.000   
20.120   20.120   0.000   0.000   0.000   1.000   
20.120   20.120   0.000   0.000   0.000   2.000   
20.120   20.120   0.000   0.000   0.000   -1.000   
20.120   20.120   0.000   0.000   0.000   1.000   
20.120   20.120   0.000   0.000   0.000   0.000   
20.120   20.120   0.000   0.000   0.000   -4.000   
20.120   20.120   0.000   0.000   0.000   -2.000   
20.120   20.120   0.000   0.000   0.000   -1.000   
20.120   20.120   0.000   0.000   0.000   -3.000   
20.120   20.120   0.000   0.000   0.000   0.000   
20.120   20.120   0.000   0.000   0.000   -1.000   
20.120   20.120   0.000   0.000   0.000   -1.000   
20.120   20.120   0.000   0.000   0.000   -4.000   
20.120   20.120   0.000   0.000   0.000   -1.000   
20.120   20.120   0.000   0.000   0.000   1.000   
20.120   20.120   0.000   0.000   0.000   -1.000   
20.120   20.120   0.000   0.000   0.000   -3.000   
20.120   20.120   0.000   0.000   0.000   -1.000   
20.120   20.120   0.000   0.000   0.000   0.000   
20.120   20.120   0.000   0.000   0.000   0.000   
20.120   20.120   0.000   0.000   0.000   -4.000   
20.120   20.120   0.000   0.000   0.000   1.000   
20.120   20.120   0.000   0.000   0.000   -1.000   
20.120   20.120   0.000   0.000   0.000   0.000   
20.120   20.120   0.000   0.000   0.000   -5.000   
20.120   20.120   0.000   0.000   0.000   -1.000   
20.120   20.120   0.000   0.000   0.000   0.000   
20.120   20.120   0.000   0.000   0.000   0.000   
20.120   20.120   0.000   0.000   0.000   0.000   
20.120   20.120   0.000   0.000   0.000   -1.000   
20.120   20.120   0.000   0.000   0.000   -1.000   
20.120   20.120   0.000   0.000   0.000   0.000   
20.120   20.120   0.000   0.000   0.000   -3.000   
20.120   20.120   0.000   0.000   0.000   -1.000   
20.120   20.120   0.000   0.000   0.000   0.000   
20.120   20.120   0.000   0.000   0.000   -1.000   
20.120   20.120   0.000   0.000   0.000   -1.000   
20.120   20.120   0.000   0.000   0.000   -1.000   
20.120   20.120   0.000   0.000   0.000   0.000   
20.120   20.120   0.000   0.000   0.000   -1.000   
20.120   20.120   0.000   0.000   0.000   -2.000   
20.120   20.120   0.000   0.000   0.000   -4.000   
20.120   20.120   0.000   0.000   0.000   1.000   
20.120   20.120   0.000   0.000   0.000   -3.000   
20.120   20.120   0.000   0.000   0.000   0.000   
20.120   20.120   0.000   0.000   0.000   -3.000   
20.120   20.120   0.000   0.000   0.000   -3.000   
20.120   20.120   0.000   0.000   0.000   -1.000   
20.120   20.120   0.000   0.000   0.000   -2.000   
20.120   20.120   0.000   0.000   0.000   1.000   
20.120   20.120   0.000   0.000   0.000   -3.000   
20.120   20.120   0.000   0.000   0.000   -1.000   
20.120   20.120   0.000   0.000   0.000   0.000   
20.120   20.120   0.000   0.000   0.000   -1.000   
20.120   20.120   0.000   0.000   0.000   -1.000   
20.120   20.120   0.000   0.000   0.000   -1.000   
20.120   20.120   0.000   0.000   0.000   -2.000   
20.120   20.120   0.000   0.000   0.000   -1.000   
20.120   20.120   0.000   0.000   0.000   -2.000   
20.120   20.120   0.000   0.000   0.000   0.000   
20.120   20.120   0.000   0.000   0.000   -2.000   
20.120   20.120   0.000   0.000   0.000   -1.000   
20.120   20.120   0.000   0.000   0.000   -3.000   
20.120   20.120   0.000   0.000   0.000   1.000   
20.120   20.120   0.000   0.000   0.000   -4.000   
20.120   20.120   0.000   0.000   0.000   1.000   
20.120   20.120   0.000   0.000   0.000   -7.000   
20.120   20.120   0.000   0.000   0.000   1.000   
20.120   20.120   0.000   0.000   0.000   2.000   
20.120   20.120   0.000   0.000   0.000   -3.000   
20.120   20.120   0.000   0.000   0.000   -3.000   
20.120   20.120   0.000   0.000   0.000   -1.000   
20.120   20.120   0.000   0.000   0.000   -1.000   
20.120   20.120   0.000   0.000   0.000   -1.000   
20.120   20.120   0.000   0.000   0.000   0.000   
20.120   20.120   0.000   0.000   0.000   1.000   
20.120   20.120   0.000   0.000   0.000   -1.000   
20.120   20.120   0.000   0.000   0.000   -1.000   
20.120   20.120   0.000   0.000   0.000   1.000   
20.120   20.120   0.000   0.000   0.000   0.000   
20.120   20.120   0.000   0.000   0.000   1.000   
20.120   20.120   0.000   0.000   0.000   -9.000   
20.120   20.120   0.000   0.000   0.000   -7.000   
20.120   20.120   0.000   0.000   0.000   -9.000   
20.120   20.120   0.000   0.000   0.000   -10.000   
20.120   20.120   0.000   0.000   0.000   -6.000   
20.120   20.120   0.000   0.000   0.000   -9.000   
20.120   20.120   0.000   0.000   0.000   -8.000   
20.120   20.120   0.000   0.000   0.000   -9.000   
20.120   20.120   0.000   0.000   0.000   -8.000   
20.120   20.120   0.000   0.000   0.000   -9.000   
20.120   20.120   0.000   0.000   0.000   -8.000   
20.120   20.120   0.000   0.000   0.000   -9.000   
20.120   20.120   0.000   0.000   0.000   -6.000   
20.120   20.120   0.000   0.000   0.000   -9.000   
20.120   20.120   0.000   0.000   0.000   -8.000   
20.120   20.120   0.000   0.000   0.000   -8.000   
20.120   20.120   0.000   0.000   0.000   -7.000   
20.120   20.120   0.000   0.000   0.000   -9.000   
20.120   20.120   0.000   0.000   0.000   -6.000   
20.120   20.120   0.000   0.000   0.000   -8.000   
20.120   20.120   0.000   0.000   0.000   -13.000   
20.120   20.120   0.000   0.000   0.000   -9.000   
20.120   20.120   0.000   0.000   0.000   -8.000   
20.120   20.120   0.000   0.000   0.000   -9.000   
20.120   20.120   0.000   0.000   0.000   -8.000   
20.120   20.120   0.000   0.000   0.000   -9.000   
20.120   20.120   0.000   0.000   0.000   -9.000   
20.120   20.120   0.000   0.000   0.000   -7.000   
20.120   20.120   0.000   0.000   0.000   -9.000   
20.120   20.120   0.000   0.000   0.000   -9.000   
20.120   20.120   0.000   0.000   0.000   -6.000   
20.120   20.120   0.000   0.000   0.000   -6.000   
20.120   20.120   0.000   0.000   0.000   -10.000   
20.120   20.120   0.000   0.000   0.000   -7.000   
20.120   20.120   0.000   0.000   0.000   -7.000   
20.120   20.120   0.000   0.000   0.000   -9.000   
20.120   20.120   0.000   0.000   0.000   -8.000   
20.120   20.120   0.000   0.000   0.000   -7.000   
20.120   20.120   0.000   0.000   0.000   -9.000   
20.120   20.120   0.000   0.000   0.000   -8.000   
20.120   20.120   0.000   0.000   0.000   -9.000   
20.120   20.120   0.000   0.000   0.000   -9.000   
20.120   20.120   0.000   0.000   0.000   0.000   
20.120   20.120   0.000   0.000   0.000   0.000   
20.120   20.120   0.000   0.000   0.000   0.000   
20.120   20.120   0.000   0.000   0.000   1.000   
20.120   20.120   0.000   0.000   0.000   -1.000   
20.120   20.120   0.000   0.000   0.000   -4.000   
20.120   20.120   0.000   0.000   0.000   -1.000   
20.120   20.120   0.000   0.000   0.000   -3.000   
20.120   20.120   0.000   0.000   0.000   -1.000   
20.120   20.120   0.000   0.000   0.000   1.000   
20.120   20.120   0.000   0.000   0.000   4.000   
20.120   20.120   0.000   0.000   0.000   1.000   
20.120   20.120   0.000   0.000   0.000   -1.000   
20.120   20.120   0.000   0.000   0.000   2.000   
20.120   20.120   0.000   0.000   0.000   2.000   
20.120   20.120   0.000   0.000   0.000   2.000   
20.120   20.120   0.000   0.000   0.000   2.000   
20.120   20.120   0.000   0.000   0.000   -1.000   
20.120   20.120   0.000   0.000   0.000   -1.000   
20.120   20.120   0.000   0.000   0.000   0.000   
20.120   20.120   0.000   0.000   0.000   1.000   
20.120   20.120   0.000   0.000   0.000   0.000   
20.120   20.120   0.000   0.000   0.000   0.000   
20.120   20.120   0.000   0.000   0.000   0.000   
20.120   20.120   0.000   0.000   0.000   0.000   
20.120   20.120   0.000   0.000   0.000   2.000   
20.120   20.120   0.000   0.000   0.000   -2.000   
20.120   20.120   0.000   0.000   0.000   0.000   
20.120   20.120   0.000   0.000   0.000   -1.000   
20.120   20.120   0.000   0.000   0.000   2.000   
20.120   20.120   0.000   0.000   0.000   -1.000   
20.120   20.120   0.000   0.000   0.000   -1.000   
20.120   20.120   0.000   0.000   0.000   -2.000   
20.120   20.120   0.000   0.000   0.000   0.000   
20.120   20.120   0.000   0.000   0.000   -2.000   
20.120   20.120   0.000   0.000   0.000   -1.000   
20.120   20.120   0.000   0.000   0.000   -2.000   
20.120   20.120   0.000   0.000   0.000   -3.000   
20.120   20.120   0.000   0.000   0.000   -3.000   
20.120   20.120   0.000   0.000   0.000   -1.000   
20.120   20.120   0.000   0.000   0.000   -1.000   
20.120   20.120   0.000   0.000   0.000   -7.000   
20.120   20.120   0.000   0.000   0.000   -2.000   
20.120   20.120   0.000   0.000   0.000   1.000   
20.120   20.120   0.000   0.000   0.000   2.000   
20.120   20.120   0.000   0.000   0.000   -1.000   
20.120   20.120   0.000   0.000   0.000   0.000   
20.120   20.120   0.000   0.000   0.000   0.000   
20.120   20.120   0.000   0.000   0.000   2.000   
20.120   20.120   0.000   0.000   0.000   -1.000   
20.120   20.120   0.000   0.000   0.000   -1.000   
20.120   20.120   0.000   0.000   0.000   1.000   
20.120   20.120   0.000   0.000   0.000   1.000   
20.120   20.120   0.000   0.000   0.000   0.000   
20.120   20.120   0.000   0.000   0.000   -1.000   
20.120   20.120   0.000   0.000   0.000   0.000   
20.120   20.120   0.000   0.000   0.000   -1.000   
20.120   20.120   0.000   0.000   0.000   0.000   
20.120   20.120   0.000   0.000   0.000   0.000   
20.120   20.120   0.000   0.000   0.000   1.000   
20.120   20.120   0.000   0.000   0.000   -2.000   
20.120   20.120   0.000   0.000   0.000   -1.000   
20.120   20.120   0.000   0.000   0.000   -1.000   
20.120   20.120   0.000   0.000   0.000   -2.000   
20.120   20.120   0.000   0.000   0.000   -1.000   
20.120   20.120   0.000   0.000   0.000   -1.000   
20.120   20.120   0.000   0.000   0.000   -1.000   
20.120   20.120   0.000   0.000   0.000   -1.000   
20.120   20.120   0.000   0.000   0.000   -1.000   
20.120   20.120   0.000   0.000   0.000   0.000   
20.120   20.120   0.000   0.000   0.000   -1.000   
20.120   20.120   0.000   0.000   0.000   -1.000   
20.120   20.120   0.000   0.000   0.000   -1.000   
20.120   20.120   0.000   0.000   0.000   -1.000   
20.120   20.120   0.000   0.000   0.000   -3.000   
20.120   20.120   0.000   0.000   0.000   -2.000   
20.120   20.120   0.000   0.000   0.000   -1.000   
20.120   20.120   0.000   0.000   0.000   -3.000   
20.120   20.120   0.000   0.000   0.000   0.000   
20.120   20.120   0.000   0.000   0.000   0.000   
20.120   20.120   0.000   0.000   0.000   -2.000   
20.120   20.120   0.000   0.000   0.000   0.000   
20.120   20.120   0.000   0.000   0.000   -1.000   
20.120   20.120   0.000   0.000   0.000   0.000   
20.120   20.120   0.000   0.000   0.000   0.000   
20.120   20.120   0.000   0.000   0.000   -1.000   
20.120   20.120   0.000   0.000   0.000   1.000   
20.120   20.120   0.000   0.000   0.000   1.000   
20.120   20.120   0.000   0.000   0.000   -1.000   
20.120   20.120   0.000   0.000   0.000   2.000   
20.120   20.120   0.000   0.000   0.000   -1.000   
20.120   20.120   0.000   0.000   0.000   2.000   
20.120   20.120   0.000   0.000   0.000   -1.000   
20.120   20.120   0.000   0.000   0.000   0.000   
20.120   20.120   0.000   0.000   0.000   3.000   
20.120   20.120   0.000   0.000   0.000   1.000   
20.120   20.120   0.000   0.000   0.000   0.000   
20.120   20.120   0.000   0.000   0.000   0.000   
20.120   20.120   0.000   0.000   0.000   -2.000   
20.120   20.120   0.000   0.000   0.000   -1.000   
20.120   20.120   0.000   0.000   0.000   -2.000   
20.120   20.120   0.000   0.000   0.000   -1.000   
20.120   20.120   0.000   0.000   0.000   -1.000   
20.120   20.120   0.000   0.000   0.000   -1.000   
20.120   20.120   0.000   0.000   0.000   -1.000   
20.120   20.120   0.000   0.000   0.000   1.000   
20.120   20.120   0.000   0.000   0.000   -1.000   
20.120   20.120   0.000   0.000   0.000   -1.000   
20.120   20.120   0.000   0.000   0.000   1.000   
20.120   20.120   0.000   0.000   0.000   -1.000   
20.120   20.120   0.000   0.000   0.000   2.000   
20.120   20.120   0.000   0.000   0.000   1.000   
20.120   20.120   0.000   0.000   0.000   0.000   
20.120   20.120   0.000   0.000   0.000   0.000   
20.120   20.120   0.000   0.000   0.000   -3.000   
20.120   20.120   0.000   0.000   0.000   -1.000   
20.120   20.120   0.000   0.000   0.000   -1.000   
20.120   20.120   0.000   0.000   0.000   -2.000   
20.120   20.120   0.000   0.000   0.000   2.000   
20.120   20.120   0.000   0.000   0.000   -2.000   
20.120   20.120   0.000   0.000   0.000   1.000   
20.120   20.120   0.000   0.000   0.000   0.000   
20.120   20.120   0.000   0.000   0.000   1.000   
20.120   20.120   0.000   0.000   0.000   1.000   
20.120   20.120   0.000   0.000   0.000   -2.000   
20.120   20.120   0.000   0.000   0.000   -1.000   
20.120   20.120   0.000   0.000   0.000   6.000   
20.120   20.120   0.000   0.000   0.000   5.000   
20.120   20.120   0.000   0.000   0.000   7.000   
20.120   20.120   0.000   0.000   0.000   8.000   
20.120   20.120   0.000   0.000   0.000   7.000   
20.120   20.120   0.000   0.000   0.000   6.000   
20.120   20.120   0.000   0.000   0.000   6.000   
20.120   20.120   0.000   0.000   0.000   6.000   
20.120   20.120   0.000   0.000   0.000   6.000   
20.120   20.120   0.000   0.000   0.000   8.000   
20.120   20.120   0.000   0.000   0.000   8.000   
20.120   20.120   0.000   0.000   0.000   6.000   
20.120   20.120   0.000   0.000   0.000   8.000   
20.120   20.120   0.000   0.000   0.000   5.000   
20.120   20.120   0.000   0.000   0.000   7.000   
20.120   20.120   0.000   0.000   0.000   8.000   
20.120   20.120   0.000   0.000   0.000   5.000   
20.120   20.120   0.000   0.000   0.000   5.000   
20.120   20.120   0.000   0.000   0.000   7.000   
20.120   20.120   0.000   0.000   0.000   6.000   
20.120   20.120   0.000   0.000   0.000   8.000   
20.120   20.120   0.000   0.000   0.000   7.000   
20.120   20.120   0.000   0.000   0.000   6.000   
20.120   20.120   0.000   0.000   0.000   7.000   
20.120   20.120   0.000   0.000   0.000   10.000   
20.120   20.120   0.000   0.000   0.000   8.000   
20.120   20.120   0.000   0.000   0.000   7.000   
20.120   20.120   0.000   0.000   0.000   5.000   
20.120   20.120   0.000   0.000   0.000   7.000   
20.120   20.120   0.000   0.000   0.000   6.000   
20.120   20.120   0.000   0.000   0.000   7.000   
20.120   20.120   0.000   0.000   0.000   6.000   
20.120   20.120   0.000   0.000   0.000   7.000   
20.120   20.120   0.000   0.000   0.000   6.000   
20.120   20.120   0.000   0.000   0.000   5.000   
20.120   20.120   0.000   0.000   0.000   6.000   
20.120   20.120   0.000   0.000   0.000   6.000   
20.120   20.120   0.000   0.000   0.000   5.000   
20.120   20.120   0.000   0.000   0.000   6.000   
20.120   20.120   0.000   0.000   0.000   5.000   
20.120   20.120   0.000   0.000   0.000   6.000   
20.120   20.120   0.000   0.000   0.000   6.000   
20.120   20.120   0.000   0.000   0.000   -1.000   
20.120   20.120   0.000   0.000   0.000   0.000   
20.120   20.120   0.000   0.000   0.000   -3.000   
20.120   20.120   0.000   0.000   0.000   -1.000   
20.120   20.120   0.000   0.000   0.000   0.000   
20.120   20.120   0.000   0.000   0.000   -2.000   
20.120   20.120   0.000   0.000   0.000   -2.000   
20.120   20.120   0.000   0.000   0.000   -2.000   
20.120   20.120   0.000   0.000   0.000   -2.000   
20.120   20.120   0.000   0.000   0.000   -4.000   
20.120   20.120   0.000   0.000   0.000   -1.000   
20.120   20.120   0.000   0.000   0.000   0.000   
20.120   20.120   0.000   0.000   0.000   -3.000   
20.120   20.120   0.000   0.000   0.000   -2.000   
20.120   20.120   0.000   0.000   0.000   -2.000   
20.120   20.120   0.000   0.000   0.000   -1.000   
20.120   20.120   0.000   0.000   0.000   1.000   
20.120   20.120   0.000   0.000   0.000   -1.000   
20.120   20.120   0.000   0.000   0.000   -3.000   
20.120   20.120   0.000   0.000   0.000   -2.000   
20.120   20.120   0.000   0.000   0.000   -2.000   
20.120   20.120   0.000   0.000   0.000   -1.000   
20.120   20.120   0.000   0.000   0.000   -2.000   
20.120   20.120   0.000   0.000   0.000   -4.000   
20.120   20.120   0.000   0.000   0.000   1.000   
20.120   20.120   0.000   0.000   0.000   0.000   
20.120   20.120   0.000   0.000   0.000   1.000   
20.120   20.120   0.000   0.000   0.000   1.000   
20.120   20.120   0.000   0.000   0.000   0.000   
20.120   20.120   0.000   0.000   0.000   -1.000   
20.120   20.120   0.000   0.000   0.000   -3.000   
20.120   20.120   0.000   0.000   0.000   3.000   
20.120   20.120   0.000   0.000   0.000   0.000   
20.120   20.120   0.000   0.000   0.000   -1.000   
20.120   20.120   0.000   0.000   0.000   -2.000   
20.120   20.120   0.000   0.000   0.000   -4.000   
20.120   20.120   0.000   0.000   0.000   -3.000   
20.120   20.120   0.000   0.000   0.000   -1.000   
20.120   20.120   0.000   0.000   0.000   -2.000   
20.120   20.120   0.000   0.000   0.000   -1.000   
20.120   20.120   0.000   0.000   0.000   -1.000   
20.120   20.120   0.000   0.000   0.000   -4.000   
20.120   20.120   0.000   0.000   0.000   -1.000   
20.120   20.120   0.000   0.000   0.000   0.000   
20.120   20.120   0.000   0.000   0.000   -1.000   
20.120   20.120   0.000   0.000   0.000   2.000   
20.120   20.120   0.000   0.000   0.000   -1.000   
20.120   20.120   0.000   0.000   0.000   -2.000   
20.120   20.120   0.000   0.000   0.000   -2.000   
20.120   20.120   0.000   0.000   0.000   1.000   
20.120   20.120   0.000   0.000   0.000   -3.000   
20.120   20.120   0.000   0.000   0.000   -3.000   
20.120   20.120   0.000   0.000   0.000   -1.000   
20.120   20.120   0.000   0.000   0.000   0.000   
20.120   20.120   0.000   0.000   0.000   0.000   
20.120   20.120   0.000   0.000   0.000   -1.000   
20.120   20.120   0.000   0.000   0.000   -1.000   
20.120   20.120   0.000   0.000   0.000   0.000   
20.120   20.120   0.000   0.000   0.000   0.000   
20.120   20.120   0.000   0.000   0.000   0.000   
20.120   20.120   0.000   0.000   0.000   0.000   
20.120   20.120   0.000   0.000   0.000   0.000   
20.120   20.120   0.000   0.000   0.000   -1.000   
20.120   20.120   0.000   0.000   0.000   0.000   
20.120   20.120   0.000   0.000   0.000   -1.000   
20.120   20.120   0.000   0.000   0.000   2.000   
20.120   20.120   0.000   0.000   0.000   -2.000   
20.120   20.120   0.000   0.000   0.000   0.000   
20.120   20.120   0.000   0.000   0.000   -1.000   
20.120   20.120   0.000   0.000   0.000   -2.000   
20.120   20.120   0.000   0.000   0.000   -2.000   
20.120   20.120   0.000   0.000   0.000   1.000   
20.120   20.120   0.000   0.000   0.000   -3.000   
20.120   20.120   0.000   0.000   0.000   -2.000   
20.120   20.120   0.000   0.000   0.000   -2.000   
20.120   20.120   0.000   0.000   0.000   1.000   
20.120   20.120   0.000   0.000   0.000   -1.000   
20.120   20.120   0.000   0.000   0.000   -2.000   
20.120   20.120   0.000   0.000   0.000   -2.000   
20.120   20.120   0.000   0.000   0.000   -1.000   
20.120   20.120   0.000   0.000   0.000   -4.000   
20.120   20.120   0.000   0.000   0.000   0.000   
20.120   20.120   0.000   0.000   0.000   -2.000   
20.120   20.120   0.000   0.000   0.000   -1.000   
20.120   20.120   0.000   0.000   0.000   -1.000   
20.120   20.120   0.000   0.000   0.000   -2.000   
20.120   20.120   0.000   0.000   0.000   -3.000   
20.120   20.120   0.000   0.000   0.000   -1.000   
20.120   20.120   0.000   0.000   0.000   1.000   
20.120   20.120   0.000   0.000   0.000   -3.000   
20.120   20.120   0.000   0.000   0.000   -1.000   
20.120   20.120   0.000   0.000   0.000   -6.000   
20.120   20.120   0.000   0.000   0.000   0.000   
20.120   20.120   0.000   0.000   0.000   0.000   
20.120   20.120   0.000   0.000   0.000   1.000   
20.120   20.120   0.000   0.000   0.000   0.000   
20.120   20.120   0.000   0.000   0.000   1.000   
20.120   20.120   0.000   0.000   0.000   1.000   
20.120   20.120   0.000   0.000   0.000   -3.000   
20.120   20.120   0.000   0.000   0.000   1.000   
20.120   20.120   0.000   0.000   0.000   -2.000   
20.120   20.120   0.000   0.000   0.000   1.000   
20.120   20.120   0.000   0.000   0.000   -3.000   
20.120   20.120   0.000   0.000   0.000   -2.000   
20.120   20.120   0.000   0.000   0.000   -1.000   
20.120   20.120   0.000   0.000   0.000   1.000   
20.120   20.120   0.000   0.000   0.000   -1.000   
20.120   20.120   0.000   0.000   0.000   -3.000   
20.120   20.120   0.000   0.000   0.000   -1.000   
20.120   20.120   0.000   0.000   0.000   1.000   
20.120   20.120   0.000   0.000   0.000   -5.000   
20.120   20.120   0.000   0.000   0.000   -2.000   
20.120   20.120   0.000   0.000   0.000   -1.000   
20.120   20.120   0.000   0.000   0.000   -2.000   
20.120   20.120   0.000   0.000   0.000   -2.000   
20.120   20.120   0.000   0.000   0.000   -2.000   
20.120   20.120   0.000   0.000   0.000   -2.000   
20.120   20.120   0.000   0.000   0.000   -3.000   
20.120   20.120   0.000   0.000   0.000   -4.000   
20.120   20.120   0.000   0.000   0.000   -3.000   
20.120   20.120   0.000   0.000   0.000   -3.000   
20.120   20.120   0.000   0.000   0.000   -1.000   
20.120   20.120   0.000   0.000   0.000   -2.000   
20.120   20.120   0.000   0.000   0.000   -1.000   
20.120   20.120   0.000   0.000   0.000   -1.000   
20.120   20.120   0.000   0.000   0.000   -1.000   
20.120   20.120   0.000   0.000   0.000   -10.000   
20.120   20.120   0.000   0.000   0.000   -8.000   
20.120   20.120   0.000   0.000   0.000   -7.000   
20.120   20.120   0.000   0.000   0.000   -9.000   
20.120   20.120   0.000   0.000   0.000   -6.000   
20.120   20.120   0.000   0.000   0.000   -8.000   
20.120   20.120   0.000   0.000   0.000   -9.000   
20.120   20.120   0.000   0.000   0.000   -8.000   
20.120   20.120   0.000   0.000   0.000   -7.000   
20.120   20.120   0.000   0.000   0.000   -6.000   
20.120   20.120   0.000   0.000   0.000   -3.000   
20.120   20.120   0.000   0.000   0.000   -8.000   
20.120   20.120   0.000   0.000   0.000   -7.000   
20.120   20.120   0.000   0.000   0.000   -6.000   
20.120   20.120   0.000   0.000   0.000   -3.000   
20.120   20.120   0.000   0.000   0.000   -7.000   
20.120   20.120   0.000   0.000   0.000   -8.000   
20.120   20.120   0.000   0.000   0.000   -6.000   
20.120   20.120   0.000   0.000   0.000   -9.000   
20.120   20.120   0.000   0.000   0.000   -8.000   
20.120   20.120   0.000   0.000   0.000   -5.000   
20.120   20.120   0.000   0.000   0.000   -8.000   
20.120   20.120   0.000   0.000   0.000   -6.000   
20.120   20.120   0.000   0.000   0.000   -8.000   
20.120   20.120   0.000   0.000   0.000   -9.000   
20.120   20.120   0.000   0.000   0.000   -8.000   
20.120   20.120   0.000   0.000   0.000   -9.000   
20.120   20.120   0.000   0.000   0.000   -7.000   
20.120   20.120   0.000   0.000   0.000   -6.000   
20.120   20.120   0.000   0.000   0.000   -3.000   
20.120   20.120   0.000   0.000   0.000   -7.000   
20.120   20.120   0.000   0.000   0.000   -9.000   
20.120   20.120   0.000   0.000   0.000   -8.000   
20.120   20.120   0.000   0.000   0.000   -6.000   
20.120   20.120   0.000   0.000   0.000   -10.000   
20.120   20.120   0.000   0.000   0.000   -7.000   
20.120   20.120   0.000   0.000   0.000   -7.000   
20.120   20.120   0.000   0.000   0.000   -7.000   
20.120   20.120   0.000   0.000   0.000   -8.000   
