0.000   0.000   239.420   0.000   0.000   0.000   1.000   
0.000   0.000   239.420   0.000   0.000   0.000   1.000   
0.000   0.000   239.420   0.000   0.000   0.000   1.000   
0.000   0.000   239.420   0.000   0.000   0.000   1.000   
0.000   0.000   239.420   0.000   0.000   0.000   1.000   
0.000   0.000   239.420   0.000   0.000   0.000   1.000   
0.000   0.000   239.420   0.000   0.000   0.000   1.000   
0.000   0.000   239.420   0.000   0.000   0.000   1.000   
0.000   0.000   239.420   0.000   0.000   0.000   1.000   
0.000   0.000   239.420   0.000   0.000   0.000   1.000   
0.000   0.000   239.420   0.000   0.000   0.000   1.000   
0.000   0.000   239.420   0.000   0.000   0.000   1.000   
0.000   0.000   239.420   0.000   0.000   0.000   1.000   
0.000   0.000   239.420   0.000   0.000   0.000   1.000   
0.000   0.000   239.420   0.000   0.000   0.000   1.000   
0.000   0.000   239.420   0.000   0.000   0.000   1.000   
0.000   0.000   239.420   0.000   0.000   0.000   1.000   
0.000   0.000   239.420   0.000   0.000   0.000   1.000   
0.000   0.000   239.420   0.000   0.000   0.000   1.000   
0.000   0.000   239.420   0.000   0.000   0.000   1.000   
0.000   0.000   239.420   0.000   0.000   0.000   1.000   
0.000   0.000   239.420   0.000   0.000   0.000   1.000   
0.000   0.000   239.420   0.000   0.000   0.000   1.000   
0.000   0.000   239.420   0.000   0.000   0.000   1.000   
0.000   0.000   239.420   0.000   0.000   0.000   1.000   
0.000   0.000   239.420   0.000   0.000   0.000   1.000   
0.000   0.000   239.420   0.000   0.000   0.000   1.000   
0.000   0.000   239.420   0.000   0.000   0.000   1.000   
0.000   0.000   239.420   0.000   0.000   0.000   1.000   
0.000   0.000   239.420   0.000   0.000   0.000   1.000   
0.000   0.000   239.420   0.000   0.000   0.000   1.000   
0.000   0.000   239.420   0.000   0.000   0.000   1.000   
0.000   0.000   239.420   0.000   0.000   0.000   1.000   
0.000   0.000   239.420   0.000   0.000   0.000   1.000   
0.000   0.000   239.420   0.000   0.000   0.000   1.000   
0.000   0.000   239.420   0.000   0.000   0.000   1.000   
0.000   0.000   239.420   0.000   0.000   0.000   1.000   
0.000   0.000   239.420   0.000   0.000   0.000   1.000   
0.000   0.000   239.420   0.000   0.000   0.000   1.000   
0.000   0.000   239.420   0.000   0.000   0.000   1.000   
0.000   0.000   239.420   0.000   0.000   0.000   1.000   
0.000   0.000   239.420   0.000   0.000   0.000   1.000   
0.000   0.000   239.420   0.000   0.000   0.000   1.000   
0.000   0.000   239.420   0.000   0.000   0.000   1.000   
0.000   0.000   239.420   0.000   0.000   0.000   1.000   
0.000   0.000   239.420   0.000   0.000   0.000   1.000   
0.000   0.000   239.420   0.000   0.000   0.000   1.000   
0.000   0.000   239.420   0.000   0.000   0.000   1.000   
0.000   0.000   239.420   0.000   0.000   0.000   1.000   
0.000   0.000   239.420   0.000   0.000   0.000   1.000   
0.000   0.000   239.420   0.000   0.000   0.000   1.000   
0.000   0.000   239.420   0.000   0.000   0.000   1.000   
0.000   0.000   239.420   0.000   0.000   0.000   1.000   
0.000   0.000   239.420   0.000   0.000   0.000   1.000   
0.000   0.000   239.420   0.000   0.000   0.000   1.000   
0.000   0.000   239.420   0.000   0.000   0.000   1.000   
0.000   0.000   239.420   0.000   0.000   0.000   1.000   
0.000   0.000   239.420   0.000   0.000   0.000   1.000   
0.000   0.000   239.420   0.000   0.000   0.000   1.000   
0.000   0.000   239.420   0.000   0.000   0.000   1.000   
0.000   0.000   239.420   0.000   0.000   0.000   1.000   
0.000   0.000   239.420   0.000   0.000   0.000   1.000   
0.000   0.000   239.420   0.000   0.000   0.000   1.000   
0.000   0.000   239.420   0.000   0.000   0.000   1.000   
0.000   0.000   239.420   0.000   0.000   0.000   1.000   
0.000   0.000   239.420   0.000   0.000   0.000   1.000   
0.000   0.000   239.420   0.000   0.000   0.000   1.000   
0.000   0.000   239.420   0.000   0.000   0.000   1.000   
0.000   0.000   239.420   0.000   0.000   0.000   1.000   
0.000   0.000   239.420   0.000   0.000   0.000   1.000   
0.000   0.000   239.420   0.000   0.000   0.000   1.000   
0.000   0.000   239.420   0.000   0.000   0.000   1.000   
0.000   0.000   239.420   0.000   0.000   0.000   1.000   
0.000   0.000   239.420   0.000   0.000   0.000   1.000   
0.000   0.000   239.420   0.000   0.000   0.000   1.000   
0.000   0.000   239.420   0.000   0.000   0.000   1.000   
0.000   0.000   239.420   0.000   0.000   0.000   1.000   
0.000   0.000   239.420   0.000   0.000   0.000   1.000   
0.000   0.000   239.420   0.000   0.000   0.000   1.000   
0.000   0.000   239.420   0.000   0.000   0.000   1.000   
0.000   0.000   239.420   0.000   0.000   0.000   1.000   
0.000   0.000   239.420   0.000   0.000   0.000   1.000   
0.000   0.000   239.420   0.000   0.000   0.000   1.000   
0.000   0.000   239.420   0.000   0.000   0.000   1.000   
0.000   0.000   239.420   0.000   0.000   0.000   1.000   
0.000   0.000   239.420   0.000   0.000   0.000   1.000   
0.000   0.000   239.420   0.000   0.000   0.000   1.000   
0.000   0.000   239.420   0.000   0.000   0.000   1.000   
0.000   0.000   239.420   0.000   0.000   0.000   1.000   
0.000   0.000   239.420   0.000   0.000   0.000   1.000   
0.000   0.000   239.420   0.000   0.000   0.000   1.000   
0.000   0.000   239.420   0.000   0.000   0.000   1.000   
0.000   0.000   239.420   0.000   0.000   0.000   1.000   
0.000   0.000   239.420   0.000   0.000   0.000   1.000   
0.000   0.000   239.420   0.000   0.000   0.000   1.000   
0.000   0.000   239.420   0.000   0.000   0.000   1.000   
0.000   0.000   239.420   0.000   0.000   0.000   1.000   
0.000   0.000   239.420   0.000   0.000   0.000   1.000   
0.000   0.000   239.420   0.000   0.000   0.000   1.000   
0.000   0.000   239.420   0.000   0.000   0.000   1.000   
0.000   0.000   239.420   0.000   0.000   0.000   1.000   
0.000   0.000   239.420   0.000   0.000   0.000   1.000   
0.000   0.000   239.420   0.000   0.000   0.000   1.000   
0.000   0.000   239.420   0.000   0.000   0.000   1.000   
0.000   0.000   239.420   0.000   0.000   0.000   1.000   
0.000   0.000   239.420   0.000   0.000   0.000   1.000   
0.000   0.000   239.420   0.000   0.000   0.000   1.000   
0.000   0.000   239.420   0.000   0.000   0.000   1.000   
0.000   0.000   239.420   0.000   0.000   0.000   1.000   
0.000   0.000   239.420   0.000   0.000   0.000   1.000   
0.000   0.000   239.420   0.000   0.000   0.000   1.000   
0.000   0.000   239.420   0.000   0.000   0.000   1.000   
0.000   0.000   239.420   0.000   0.000   0.000   1.000   
0.000   0.000   239.420   0.000   0.000   0.000   1.000   
0.000   0.000   239.420   0.000   0.000   0.000   1.000   
0.000   0.000   239.420   0.000   0.000   0.000   1.000   
0.000   0.000   239.420   0.000   0.000   0.000   1.000   
0.000   0.000   239.420   0.000   0.000   0.000   1.000   
0.000   0.000   239.420   0.000   0.000   0.000   1.000   
0.000   0.000   239.420   0.000   0.000   0.000   1.000   
0.000   0.000   239.420   0.000   0.000   0.000   1.000   
0.000   0.000   239.420   0.000   0.000   0.000   1.000   
0.000   0.000   239.420   0.000   0.000   0.000   1.000   
0.000   0.000   239.420   0.000   0.000   0.000   1.000   
0.000   0.000   239.420   0.000   0.000   0.000   1.000   
0.000   0.000   239.420   0.000   0.000   0.000   1.000   
0.000   0.000   239.420   0.000   0.000   0.000   1.000   
0.000   0.000   239.420   0.000   0.000   0.000   1.000   
0.000   0.000   239.420   0.000   0.000   0.000   1.000   
0.000   0.000   239.420   0.000   0.000   0.000   1.000   
0.000   0.000   239.420   0.000   0.000   0.000   1.000   
0.000   0.000   239.420   0.000   0.000   0.000   1.000   
0.000   0.000   239.420   0.000   0.000   0.000   1.000   
0.000   0.000   239.420   0.000   0.000   0.000   1.000   
0.000   0.000   239.420   0.000   0.000   0.000   1.000   
0.000   0.000   239.420   0.000   0.000   0.000   1.000   
0.000   0.000   239.420   0.000   0.000   0.000   1.000   
0.000   0.000   239.420   0.000   0.000   0.000   1.000   
0.000   0.000   239.420   0.000   0.000   0.000   1.000   
0.000   0.000   239.420   0.000   0.000   0.000   1.000   
0.000   0.000   239.420   0.000   0.000   0.000   1.000   
0.000   0.000   239.420   0.000   0.000   0.000   1.000   
0.000   0.000   239.420   0.000   0.000   0.000   1.000   
0.000   0.000   239.420   0.000   0.000   0.000   1.000   
0.000   0.000   239.420   0.000   0.000   0.000   1.000   
0.000   0.000   239.420   0.000   0.000   0.000   1.000   
0.000   0.000   239.420   0.000   0.000   0.000   1.000   
0.000   0.000   239.420   0.000   0.000   0.000   1.000   
0.000   0.000   239.420   0.000   0.000   0.000   1.000   
0.000   0.000   239.420   0.000   0.000   0.000   1.000   
0.000   0.000   239.420   0.000   0.000   0.000   1.000   
0.000   0.000   239.420   0.000   0.000   0.000   1.000   
0.000   0.000   239.420   0.000   0.000   0.000   1.000   
0.000   0.000   239.420   0.000   0.000   0.000   1.000   
0.000   0.000   239.420   0.000   0.000   0.000   1.000   
0.000   0.000   239.420   0.000   0.000   0.000   1.000   
0.000   0.000   239.420   0.000   0.000   0.000   1.000   
0.000   0.000   239.420   0.000   0.000   0.000   1.000   
0.000   0.000   239.420   0.000   0.000   0.000   1.000   
0.000   0.000   239.420   0.000   0.000   0.000   1.000   
0.000   0.000   239.420   0.000   0.000   0.000   1.000   
0.000   0.000   239.420   0.000   0.000   0.000   1.000   
0.000   0.000   239.420   0.000   0.000   0.000   1.000   
0.000   0.000   239.420   0.000   0.000   0.000   1.000   
0.000   0.000   239.420   0.000   0.000   0.000   1.000   
0.000   0.000   239.420   0.000   0.000   0.000   1.000   
0.000   0.000   239.420   0.000   0.000   0.000   1.000   
0.000   0.000   239.420   0.000   0.000   0.000   1.000   
0.000   0.000   239.420   0.000   0.000   0.000   1.000   
0.000   0.000   239.420   0.000   0.000   0.000   1.000   
0.000   0.000   239.420   0.000   0.000   0.000   1.000   
0.000   0.000   239.420   0.000   0.000   0.000   1.000   
0.000   0.000   239.420   0.000   0.000   0.000   1.000   
0.000   0.000   239.420   0.000   0.000   0.000   1.000   
0.000   0.000   239.420   0.000   0.000   0.000   1.000   
0.000   0.000   239.420   0.000   0.000   0.000   1.000   
0.000   0.000   239.420   0.000   0.000   0.000   1.000   
0.000   0.000   239.420   0.000   0.000   0.000   1.000   
0.000   0.000   239.420   0.000   0.000   0.000   1.000   
0.000   0.000   239.420   0.000   0.000   0.000   1.000   
0.000   0.000   239.420   0.000   0.000   0.000   1.000   
0.000   0.000   239.420   0.000   0.000   0.000   1.000   
0.000   0.000   239.420   0.000   0.000   0.000   1.000   
0.000   0.000   239.420   0.000   0.000   0.000   1.000   
0.000   0.000   239.420   0.000   0.000   0.000   1.000   
0.000   0.000   239.420   0.000   0.000   0.000   1.000   
0.000   0.000   239.420   0.000   0.000   0.000   1.000   
0.000   0.000   239.420   0.000   0.000   0.000   1.000   
0.000   0.000   239.420   0.000   0.000   0.000   1.000   
0.000   0.000   239.420   0.000   0.000   0.000   1.000   
0.000   0.000   239.420   0.000   0.000   0.000   1.000   
0.000   0.000   239.420   0.000   0.000   0.000   1.000   
0.000   0.000   239.420   0.000   0.000   0.000   1.000   
0.000   0.000   239.420   0.000   0.000   0.000   1.000   
0.000   0.000   239.420   0.000   0.000   0.000   1.000   
0.000   0.000   239.420   0.000   0.000   0.000   1.000   
0.000   0.000   239.420   0.000   0.000   0.000   1.000   
0.000   0.000   239.420   0.000   0.000   0.000   1.000   
0.000   0.000   239.420   0.000   0.000   0.000   1.000   
0.000   0.000   239.420   0.000   0.000   0.000   1.000   
0.000   0.000   239.420   0.000   0.000   0.000   1.000   
0.000   0.000   239.420   0.000   0.000   0.000   1.000   
0.000   0.000   239.420   0.000   0.000   0.000   1.000   
0.000   0.000   239.420   0.000   0.000   0.000   1.000   
0.000   0.000   239.420   0.000   0.000   0.000   1.000   
0.000   0.000   239.420   0.000   0.000   0.000   1.000   
0.000   0.000   239.420   0.000   0.000   0.000   1.000   
0.000   0.000   239.420   0.000   0.000   0.000   1.000   
0.000   0.000   239.420   0.000   0.000   0.000   1.000   
0.000   0.000   239.420   0.000   0.000   0.000   1.000   
0.000   0.000   239.420   0.000   0.000   0.000   1.000   
0.000   0.000   239.420   0.000   0.000   0.000   1.000   
0.000   0.000   239.420   0.000   0.000   0.000   1.000   
0.000   0.000   239.420   0.000   0.000   0.000   1.000   
0.000   0.000   239.420   0.000   0.000   0.000   1.000   
0.000   0.000   239.420   0.000   0.000   0.000   1.000   
0.000   0.000   239.420   0.000   0.000   0.000   1.000   
0.000   0.000   239.420   0.000   0.000   0.000   1.000   
0.000   0.000   239.420   0.000   0.000   0.000   1.000   
0.000   0.000   239.420   0.000   0.000   0.000   1.000   
0.000   0.000   239.420   0.000   0.000   0.000   1.000   
0.000   0.000   239.420   0.000   0.000   0.000   1.000   
0.000   0.000   239.420   0.000   0.000   0.000   1.000   
0.000   0.000   239.420   0.000   0.000   0.000   1.000   
0.000   0.000   239.420   0.000   0.000   0.000   1.000   
0.000   0.000   239.420   0.000   0.000   0.000   1.000   
0.000   0.000   239.420   0.000   0.000   0.000   1.000   
0.000   0.000   239.420   0.000   0.000   0.000   1.000   
0.000   0.000   239.420   0.000   0.000   0.000   1.000   
0.000   0.000   239.420   0.000   0.000   0.000   1.000   
0.000   0.000   239.420   0.000   0.000   0.000   1.000   
0.000   0.000   239.420   0.000   0.000   0.000   1.000   
0.000   0.000   239.420   0.000   0.000   0.000   1.000   
0.000   0.000   239.420   0.000   0.000   0.000   1.000   
0.000   0.000   239.420   0.000   0.000   0.000   1.000   
0.000   0.000   239.420   0.000   0.000   0.000   1.000   
0.000   0.000   239.420   0.000   0.000   0.000   1.000   
0.000   0.000   239.420   0.000   0.000   0.000   1.000   
0.000   0.000   239.420   0.000   0.000   0.000   1.000   
0.000   0.000   239.420   0.000   0.000   0.000   1.000   
0.000   0.000   239.420   0.000   0.000   0.000   1.000   
0.000   0.000   239.420   0.000   0.000   0.000   1.000   
0.000   0.000   239.420   0.000   0.000   0.000   1.000   
0.000   0.000   239.420   0.000   0.000   0.000   1.000   
0.000   0.000   239.420   0.000   0.000   0.000   1.000   
0.000   0.000   239.420   0.000   0.000   0.000   1.000   
0.000   0.000   239.420   0.000   0.000   0.000   1.000   
0.000   0.000   239.420   0.000   0.000   0.000   1.000   
0.000   0.000   239.420   0.000   0.000   0.000   1.000   
0.000   0.000   239.420   0.000   0.000   0.000   1.000   
0.000   0.000   239.420   0.000   0.000   0.000   1.000   
0.000   0.000   239.420   0.000   0.000   0.000   1.000   
0.000   0.000   239.420   0.000   0.000   0.000   1.000   
0.000   0.000   239.420   0.000   0.000   0.000   1.000   
0.000   0.000   239.420   0.000   0.000   0.000   1.000   
0.000   0.000   239.420   0.000   0.000   0.000   1.000   
0.000   0.000   239.420   0.000   0.000   0.000   1.000   
0.000   0.000   239.420   0.000   0.000   0.000   1.000   
0.000   0.000   239.420   0.000   0.000   0.000   1.000   
0.000   0.000   239.420   0.000   0.000   0.000   1.000   
0.000   0.000   239.420   0.000   0.000   0.000   1.000   
0.000   0.000   239.420   0.000   0.000   0.000   1.000   
0.000   0.000   239.420   0.000   0.000   0.000   1.000   
0.000   0.000   239.420   0.000   0.000   0.000   1.000   
0.000   0.000   239.420   0.000   0.000   0.000   1.000   
0.000   0.000   239.420   0.000   0.000   0.000   1.000   
0.000   0.000   239.420   0.000   0.000   0.000   1.000   
0.000   0.000   239.420   0.000   0.000   0.000   1.000   
0.000   0.000   239.420   0.000   0.000   0.000   1.000   
0.000   0.000   239.420   0.000   0.000   0.000   1.000   
0.000   0.000   239.420   0.000   0.000   0.000   1.000   
0.000   0.000   239.420   0.000   0.000   0.000   1.000   
0.000   0.000   239.420   0.000   0.000   0.000   1.000   
0.000   0.000   239.420   0.000   0.000   0.000   1.000   
0.000   0.000   239.420   0.000   0.000   0.000   1.000   
0.000   0.000   239.420   0.000   0.000   0.000   1.000   
0.000   0.000   239.420   0.000   0.000   0.000   1.000   
0.000   0.000   239.420   0.000   0.000   0.000   1.000   
0.000   0.000   239.420   0.000   0.000   0.000   1.000   
0.000   0.000   239.420   0.000   0.000   0.000   1.000   
0.000   0.000   239.420   0.000   0.000   0.000   1.000   
0.000   0.000   239.420   0.000   0.000   0.000   1.000   
0.000   0.000   239.420   0.000   0.000   0.000   1.000   
0.000   0.000   239.420   0.000   0.000   0.000   1.000   
0.000   0.000   239.420   0.000   0.000   0.000   1.000   
0.000   0.000   239.420   0.000   0.000   0.000   1.000   
0.000   0.000   239.420   0.000   0.000   0.000   1.000   
0.000   0.000   239.420   0.000   0.000   0.000   1.000   
0.000   0.000   239.420   0.000   0.000   0.000   1.000   
0.000   0.000   239.420   0.000   0.000   0.000   1.000   
0.000   0.000   239.420   0.000   0.000   0.000   1.000   
0.000   0.000   239.420   0.000   0.000   0.000   1.000   
0.000   0.000   239.420   0.000   0.000   0.000   1.000   
0.000   0.000   239.420   0.000   0.000   0.000   1.000   
0.000   0.000   239.420   0.000   0.000   0.000   1.000   
0.000   0.000   239.420   0.000   0.000   0.000   1.000   
0.000   0.000   239.420   0.000   0.000   0.000   1.000   
0.000   0.000   239.420   0.000   0.000   0.000   1.000   
0.000   0.000   239.420   0.000   0.000   0.000   1.000   
0.000   0.000   239.420   0.000   0.000   0.000   1.000   
0.000   0.000   239.420   0.000   0.000   0.000   1.000   
0.000   0.000   239.420   0.000   0.000   0.000   1.000   
0.000   0.000   239.420   0.000   0.000   0.000   1.000   
0.000   0.000   239.420   0.000   0.000   0.000   1.000   
0.000   0.000   239.420   0.000   0.000   0.000   1.000   
0.000   0.000   239.420   0.000   0.000   0.000   1.000   
0.000   0.000   239.420   0.000   0.000   0.000   1.000   
0.000   0.000   239.420   0.000   0.000   0.000   1.000   
0.000   0.000   239.420   0.000   0.000   0.000   1.000   
0.000   0.000   239.420   0.000   0.000   0.000   1.000   
0.000   0.000   239.420   0.000   0.000   0.000   1.000   
0.000   0.000   239.420   0.000   0.000   0.000   1.000   
0.000   0.000   239.420   0.000   0.000   0.000   1.000   
0.000   0.000   239.420   0.000   0.000   0.000   1.000   
0.000   0.000   239.420   0.000   0.000   0.000   1.000   
0.000   0.000   239.420   0.000   0.000   0.000   1.000   
0.000   0.000   239.420   0.000   0.000   0.000   1.000   
0.000   0.000   239.420   0.000   0.000   0.000   1.000   
0.000   0.000   239.420   0.000   0.000   0.000   1.000   
0.000   0.000   239.420   0.000   0.000   0.000   1.000   
0.000   0.000   239.420   0.000   0.000   0.000   1.000   
0.000   0.000   239.420   0.000   0.000   0.000   1.000   
0.000   0.000   239.420   0.000   0.000   0.000   1.000   
0.000   0.000   239.420   0.000   0.000   0.000   1.000   
0.000   0.000   239.420   0.000   0.000   0.000   1.000   
0.000   0.000   239.420   0.000   0.000   0.000   1.000   
0.000   0.000   239.420   0.000   0.000   0.000   1.000   
0.000   0.000   239.420   0.000   0.000   0.000   1.000   
0.000   0.000   239.420   0.000   0.000   0.000   1.000   
0.000   0.000   239.420   0.000   0.000   0.000   1.000   
0.000   0.000   239.420   0.000   0.000   0.000   1.000   
0.000   0.000   239.420   0.000   0.000   0.000   1.000   
0.000   0.000   239.420   0.000   0.000   0.000   1.000   
0.000   0.000   239.420   0.000   0.000   0.000   1.000   
0.000   0.000   239.420   0.000   0.000   0.000   1.000   
0.000   0.000   239.420   0.000   0.000   0.000   1.000   
0.000   0.000   239.420   0.000   0.000   0.000   1.000   
0.000   0.000   239.420   0.000   0.000   0.000   1.000   
0.000   0.000   239.420   0.000   0.000   0.000   1.000   
0.000   0.000   239.420   0.000   0.000   0.000   1.000   
0.000   0.000   239.420   0.000   0.000   0.000   1.000   
0.000   0.000   239.420   0.000   0.000   0.000   1.000   
0.000   0.000   239.420   0.000   0.000   0.000   1.000   
0.000   0.000   239.420   0.000   0.000   0.000   1.000   
0.000   0.000   239.420   0.000   0.000   0.000   1.000   
0.000   0.000   239.420   0.000   0.000   0.000   1.000   
0.000   0.000   239.420   0.000   0.000   0.000   1.000   
0.000   0.000   239.420   0.000   0.000   0.000   1.000   
0.000   0.000   239.420   0.000   0.000   0.000   1.000   
0.000   0.000   239.420   0.000   0.000   0.000   1.000   
0.000   0.000   239.420   0.000   0.000   0.000   1.000   
0.000   0.000   239.420   0.000   0.000   0.000   1.000   
0.000   0.000   239.420   0.000   0.000   0.000   1.000   
0.000   0.000   239.420   0.000   0.000   0.000   1.000   
0.000   0.000   239.420   0.000   0.000   0.000   1.000   
0.000   0.000   239.420   0.000   0.000   0.000   1.000   
0.000   0.000   239.420   0.000   0.000   0.000   1.000   
0.000   0.000   239.420   0.000   0.000   0.000   1.000   
0.000   0.000   239.420   0.000   0.000   0.000   1.000   
0.000   0.000   239.420   0.000   0.000   0.000   1.000   
0.000   0.000   239.420   0.000   0.000   0.000   1.000   
0.000   0.000   239.420   0.000   0.000   0.000   1.000   
0.000   0.000   239.420   0.000   0.000   0.000   1.000   
0.000   0.000   239.420   0.000   0.000   0.000   1.000   
0.000   0.000   239.420   0.000   0.000   0.000   1.000   
0.000   0.000   239.420   0.000   0.000   0.000   1.000   
0.000   0.000   239.420   0.000   0.000   0.000   1.000   
0.000   0.000   239.420   0.000   0.000   0.000   1.000   
0.000   0.000   239.420   0.000   0.000   0.000   1.000   
0.000   0.000   239.420   0.000   0.000   0.000   1.000   
0.000   0.000   239.420   0.000   0.000   0.000   1.000   
0.000   0.000   239.420   0.000   0.000   0.000   1.000   
0.000   0.000   239.420   0.000   0.000   0.000   1.000   
0.000   0.000   239.420   0.000   0.000   0.000   1.000   
0.000   0.000   239.420   0.000   0.000   0.000   1.000   
0.000   0.000   239.420   0.000   0.000   0.000   1.000   
0.000   0.000   239.420   0.000   0.000   0.000   1.000   
0.000   0.000   239.420   0.000   0.000   0.000   1.000   
0.000   0.000   239.420   0.000   0.000   0.000   1.000   
0.000   0.000   239.420   0.000   0.000   0.000   1.000   
0.000   0.000   239.420   0.000   0.000   0.000   1.000   
0.000   0.000   239.420   0.000   0.000   0.000   1.000   
0.000   0.000   239.420   0.000   0.000   0.000   1.000   
0.000   0.000   239.420   0.000   0.000   0.000   1.000   
0.000   0.000   239.420   0.000   0.000   0.000   1.000   
0.000   0.000   239.420   0.000   0.000   0.000   1.000   
0.000   0.000   239.420   0.000   0.000   0.000   1.000   
0.000   0.000   239.420   0.000   0.000   0.000   1.000   
0.000   0.000   239.420   0.000   0.000   0.000   1.000   
0.000   0.000   239.420   0.000   0.000   0.000   1.000   
0.000   0.000   239.420   0.000   0.000   0.000   1.000   
0.000   0.000   239.420   0.000   0.000   0.000   1.000   
0.000   0.000   239.420   0.000   0.000   0.000   1.000   
0.000   0.000   239.420   0.000   0.000   0.000   1.000   
0.000   0.000   239.420   0.000   0.000   0.000   1.000   
0.000   0.000   239.420   0.000   0.000   0.000   1.000   
0.000   0.000   239.420   0.000   0.000   0.000   1.000   
0.000   0.000   239.420   0.000   0.000   0.000   1.000   
0.000   0.000   239.420   0.000   0.000   0.000   1.000   
0.000   0.000   239.420   0.000   0.000   0.000   1.000   
0.000   0.000   239.420   0.000   0.000   0.000   1.000   
0.000   0.000   239.420   0.000   0.000   0.000   1.000   
0.000   0.000   239.420   0.000   0.000   0.000   1.000   
0.000   0.000   239.420   0.000   0.000   0.000   1.000   
0.000   0.000   239.420   0.000   0.000   0.000   1.000   
0.000   0.000   239.420   0.000   0.000   0.000   1.000   
0.000   0.000   239.420   0.000   0.000   0.000   1.000   
0.000   0.000   239.420   0.000   0.000   0.000   1.000   
0.000   0.000   239.420   0.000   0.000   0.000   1.000   
0.000   0.000   239.420   0.000   0.000   0.000   1.000   
0.000   0.000   239.420   0.000   0.000   0.000   1.000   
0.000   0.000   239.420   0.000   0.000   0.000   1.000   
0.000   0.000   239.420   0.000   0.000   0.000   1.000   
0.000   0.000   239.420   0.000   0.000   0.000   1.000   
0.000   0.000   239.420   0.000   0.000   0.000   1.000   
0.000   0.000   239.420   0.000   0.000   0.000   1.000   
0.000   0.000   239.420   0.000   0.000   0.000   1.000   
0.000   0.000   239.420   0.000   0.000   0.000   1.000   
0.000   0.000   239.420   0.000   0.000   0.000   1.000   
0.000   0.000   239.420   0.000   0.000   0.000   1.000   
0.000   0.000   239.420   0.000   0.000   0.000   1.000   
0.000   0.000   239.420   0.000   0.000   0.000   1.000   
0.000   0.000   239.420   0.000   0.000   0.000   1.000   
0.000   0.000   239.420   0.000   0.000   0.000   1.000   
0.000   0.000   239.420   0.000   0.000   0.000   1.000   
0.000   0.000   239.420   0.000   0.000   0.000   1.000   
0.000   0.000   239.420   0.000   0.000   0.000   1.000   
0.000   0.000   239.420   0.000   0.000   0.000   1.000   
0.000   0.000   239.420   0.000   0.000   0.000   1.000   
0.000   0.000   239.420   0.000   0.000   0.000   1.000   
0.000   0.000   239.420   0.000   0.000   0.000   1.000   
0.000   0.000   239.420   0.000   0.000   0.000   1.000   
0.000   0.000   239.420   0.000   0.000   0.000   1.000   
0.000   0.000   239.420   0.000   0.000   0.000   1.000   
0.000   0.000   239.420   0.000   0.000   0.000   1.000   
0.000   0.000   239.420   0.000   0.000   0.000   1.000   
0.000   0.000   239.420   0.000   0.000   0.000   1.000   
0.000   0.000   239.420   0.000   0.000   0.000   1.000   
0.000   0.000   239.420   0.000   0.000   0.000   1.000   
0.000   0.000   239.420   0.000   0.000   0.000   1.000   
0.000   0.000   239.420   0.000   0.000   0.000   1.000   
0.000   0.000   239.420   0.000   0.000   0.000   1.000   
0.000   0.000   239.420   0.000   0.000   0.000   1.000   
0.000   0.000   239.420   0.000   0.000   0.000   1.000   
0.000   0.000   239.420   0.000   0.000   0.000   1.000   
0.000   0.000   239.420   0.000   0.000   0.000   1.000   
0.000   0.000   239.420   0.000   0.000   0.000   1.000   
0.000   0.000   239.420   0.000   0.000   0.000   1.000   
0.000   0.000   239.420   0.000   0.000   0.000   1.000   
0.000   0.000   239.420   0.000   0.000   0.000   1.000   
0.000   0.000   239.420   0.000   0.000   0.000   1.000   
0.000   0.000   239.420   0.000   0.000   0.000   1.000   
0.000   0.000   239.420   0.000   0.000   0.000   1.000   
0.000   0.000   239.420   0.000   0.000   0.000   1.000   
0.000   0.000   239.420   0.000   0.000   0.000   1.000   
0.000   0.000   239.420   0.000   0.000   0.000   1.000   
0.000   0.000   239.420   0.000   0.000   0.000   1.000   
0.000   0.000   239.420   0.000   0.000   0.000   1.000   
0.000   0.000   239.420   0.000   0.000   0.000   1.000   
0.000   0.000   239.420   0.000   0.000   0.000   1.000   
0.000   0.000   239.420   0.000   0.000   0.000   1.000   
0.000   0.000   239.420   0.000   0.000   0.000   1.000   
0.000   0.000   239.420   0.000   0.000   0.000   1.000   
0.000   0.000   239.420   0.000   0.000   0.000   1.000   
0.000   0.000   239.420   0.000   0.000   0.000   1.000   
0.000   0.000   239.420   0.000   0.000   0.000   1.000   
0.000   0.000   239.420   0.000   0.000   0.000   1.000   
0.000   0.000   239.420   0.000   0.000   0.000   1.000   
0.000   0.000   239.420   0.000   0.000   0.000   1.000   
0.000   0.000   239.420   0.000   0.000   0.000   1.000   
0.000   0.000   239.420   0.000   0.000   0.000   1.000   
0.000   0.000   239.420   0.000   0.000   0.000   1.000   
0.000   0.000   239.420   0.000   0.000   0.000   1.000   
0.000   0.000   239.420   0.000   0.000   0.000   1.000   
0.000   0.000   239.420   0.000   0.000   0.000   1.000   
0.000   0.000   239.420   0.000   0.000   0.000   1.000   
0.000   0.000   239.420   0.000   0.000   0.000   1.000   
0.000   0.000   239.420   0.000   0.000   0.000   1.000   
0.000   0.000   239.420   0.000   0.000   0.000   1.000   
0.000   0.000   239.420   0.000   0.000   0.000   1.000   
0.000   0.000   239.420   0.000   0.000   0.000   1.000   
0.000   0.000   239.420   0.000   0.000   0.000   1.000   
0.000   0.000   239.420   0.000   0.000   0.000   1.000   
0.000   0.000   239.420   0.000   0.000   0.000   1.000   
0.000   0.000   239.420   0.000   0.000   0.000   1.000   
0.000   0.000   239.420   0.000   0.000   0.000   1.000   
0.000   0.000   239.420   0.000   0.000   0.000   1.000   
0.000   0.000   239.420   0.000   0.000   0.000   1.000   
0.000   0.000   239.420   0.000   0.000   0.000   1.000   
0.000   0.000   239.420   0.000   0.000   0.000   1.000   
0.000   0.000   239.420   0.000   0.000   0.000   1.000   
0.000   0.000   239.420   0.000   0.000   0.000   1.000   
0.000   0.000   239.420   0.000   0.000   0.000   1.000   
0.000   0.000   239.420   0.000   0.000   0.000   1.000   
0.000   0.000   239.420   0.000   0.000   0.000   1.000   
0.000   0.000   239.420   0.000   0.000   0.000   1.000   
0.000   0.000   239.420   0.000   0.000   0.000   1.000   
0.000   0.000   239.420   0.000   0.000   0.000   1.000   
0.000   0.000   239.420   0.000   0.000   0.000   1.000   
0.000   0.000   239.420   0.000   0.000   0.000   1.000   
0.000   0.000   239.420   0.000   0.000   0.000   1.000   
0.000   0.000   239.420   0.000   0.000   0.000   1.000   
0.000   0.000   239.420   0.000   0.000   0.000   1.000   
0.000   0.000   239.420   0.000   0.000   0.000   1.000   
0.000   0.000   239.420   0.000   0.000   0.000   1.000   
0.000   0.000   239.420   0.000   0.000   0.000   1.000   
0.000   0.000   239.420   0.000   0.000   0.000   1.000   
0.000   0.000   239.420   0.000   0.000   0.000   1.000   
0.000   0.000   239.420   0.000   0.000   0.000   1.000   
0.000   0.000   239.420   0.000   0.000   0.000   1.000   
0.000   0.000   239.420   0.000   0.000   0.000   1.000   
0.000   0.000   239.420   0.000   0.000   0.000   1.000   
0.000   0.000   239.420   0.000   0.000   0.000   1.000   
0.000   0.000   239.420   0.000   0.000   0.000   1.000   
0.000   0.000   239.420   0.000   0.000   0.000   1.000   
0.000   0.000   239.420   0.000   0.000   0.000   1.000   
0.000   0.000   239.420   0.000   0.000   0.000   1.000   
0.000   0.000   239.420   0.000   0.000   0.000   1.000   
0.000   0.000   239.420   0.000   0.000   0.000   1.000   
0.000   0.000   239.420   0.000   0.000   0.000   1.000   
0.000   0.000   239.420   0.000   0.000   0.000   1.000   
0.000   0.000   239.420   0.000   0.000   0.000   1.000   
0.000   0.000   239.420   0.000   0.000   0.000   1.000   
0.000   0.000   239.420   0.000   0.000   0.000   1.000   
0.000   0.000   239.420   0.000   0.000   0.000   1.000   
0.000   0.000   239.420   0.000   0.000   0.000   1.000   
0.000   0.000   239.420   0.000   0.000   0.000   1.000   
0.000   0.000   239.420   0.000   0.000   0.000   1.000   
0.000   0.000   239.420   0.000   0.000   0.000   1.000   
0.000   0.000   239.420   0.000   0.000   0.000   1.000   
0.000   0.000   239.420   0.000   0.000   0.000   1.000   
0.000   0.000   239.420   0.000   0.000   0.000   1.000   
0.000   0.000   239.420   0.000   0.000   0.000   1.000   
0.000   0.000   239.420   0.000   0.000   0.000   1.000   
0.000   0.000   239.420   0.000   0.000   0.000   1.000   
0.000   0.000   239.420   0.000   0.000   0.000   1.000   
0.000   0.000   239.420   0.000   0.000   0.000   1.000   
0.000   0.000   239.420   0.000   0.000   0.000   1.000   
0.000   0.000   239.420   0.000   0.000   0.000   1.000   
0.000   0.000   239.420   0.000   0.000   0.000   1.000   
0.000   0.000   239.420   0.000   0.000   0.000   1.000   
0.000   0.000   239.420   0.000   0.000   0.000   1.000   
0.000   0.000   239.420   0.000   0.000   0.000   1.000   
0.000   0.000   239.420   0.000   0.000   0.000   1.000   
0.000   0.000   239.420   0.000   0.000   0.000   1.000   
0.000   0.000   239.420   0.000   0.000   0.000   1.000   
0.000   0.000   239.420   0.000   0.000   0.000   1.000   
0.000   0.000   239.420   0.000   0.000   0.000   1.000   
0.000   0.000   239.420   0.000   0.000   0.000   1.000   
0.000   0.000   239.420   0.000   0.000   0.000   1.000   
0.000   0.000   239.420   0.000   0.000   0.000   1.000   
0.000   0.000   239.420   0.000   0.000   0.000   1.000   
0.000   0.000   239.420   0.000   0.000   0.000   1.000   
0.000   0.000   239.420   0.000   0.000   0.000   1.000   
0.000   0.000   239.420   0.000   0.000   0.000   1.000   
0.000   0.000   239.420   0.000   0.000   0.000   1.000   
0.000   0.000   239.420   0.000   0.000   0.000   1.000   
0.000   0.000   239.420   0.000   0.000   0.000   1.000   
0.000   0.000   239.420   0.000   0.000   0.000   1.000   
0.000   0.000   239.420   0.000   0.000   0.000   1.000   
0.000   0.000   239.420   0.000   0.000   0.000   1.000   
0.000   0.000   239.420   0.000   0.000   0.000   1.000   
0.000   0.000   239.420   0.000   0.000   0.000   1.000   
0.000   0.000   239.420   0.000   0.000   0.000   1.000   
0.000   0.000   239.420   0.000   0.000   0.000   1.000   
0.000   0.000   239.420   0.000   0.000   0.000   1.000   
0.000   0.000   239.420   0.000   0.000   0.000   1.000   
0.000   0.000   239.420   0.000   0.000   0.000   1.000   
0.000   0.000   239.420   0.000   0.000   0.000   1.000   
0.000   0.000   239.420   0.000   0.000   0.000   1.000   
0.000   0.000   239.420   0.000   0.000   0.000   1.000   
0.000   0.000   239.420   0.000   0.000   0.000   1.000   
0.000   0.000   239.420   0.000   0.000   0.000   1.000   
0.000   0.000   239.420   0.000   0.000   0.000   1.000   
0.000   0.000   239.420   0.000   0.000   0.000   1.000   
0.000   0.000   239.420   0.000   0.000   0.000   1.000   
0.000   0.000   239.420   0.000   0.000   0.000   1.000   
0.000   0.000   239.420   0.000   0.000   0.000   1.000   
0.000   0.000   239.420   0.000   0.000   0.000   1.000   
0.000   0.000   239.420   0.000   0.000   0.000   1.000   
0.000   0.000   239.420   0.000   0.000   0.000   1.000   
0.000   0.000   239.420   0.000   0.000   0.000   1.000   
0.000   0.000   239.420   0.000   0.000   0.000   1.000   
0.000   0.000   239.420   0.000   0.000   0.000   1.000   
0.000   0.000   239.420   0.000   0.000   0.000   1.000   
0.000   0.000   239.420   0.000   0.000   0.000   1.000   
0.000   0.000   239.420   0.000   0.000   0.000   1.000   
0.000   0.000   239.420   0.000   0.000   0.000   1.000   
0.000   0.000   239.420   0.000   0.000   0.000   1.000   
0.000   0.000   239.420   0.000   0.000   0.000   1.000   
0.000   0.000   239.420   0.000   0.000   0.000   1.000   
0.000   0.000   239.420   0.000   0.000   0.000   1.000   
0.000   0.000   239.420   0.000   0.000   0.000   1.000   
0.000   0.000   239.420   0.000   0.000   0.000   1.000   
0.000   0.000   239.420   0.000   0.000   0.000   1.000   
0.000   0.000   239.420   0.000   0.000   0.000   1.000   
0.000   0.000   239.420   0.000   0.000   0.000   1.000   
0.000   0.000   239.420   0.000   0.000   0.000   1.000   
0.000   0.000   239.420   0.000   0.000   0.000   1.000   
0.000   0.000   239.420   0.000   0.000   0.000   1.000   
0.000   0.000   239.420   0.000   0.000   0.000   1.000   
0.000   0.000   239.420   0.000   0.000   0.000   1.000   
0.000   0.000   239.420   0.000   0.000   0.000   1.000   
0.000   0.000   239.420   0.000   0.000   0.000   1.000   
0.000   0.000   239.420   0.000   0.000   0.000   1.000   
0.000   0.000   239.420   0.000   0.000   0.000   1.000   
0.000   0.000   239.420   0.000   0.000   0.000   1.000   
0.000   0.000   239.420   0.000   0.000   0.000   1.000   
0.000   0.000   239.420   0.000   0.000   0.000   1.000   
0.000   0.000   239.420   0.000   0.000   0.000   1.000   
0.000   0.000   239.420   0.000   0.000   0.000   1.000   
0.000   0.000   239.420   0.000   0.000   0.000   1.000   
0.000   0.000   239.420   0.000   0.000   0.000   1.000   
0.000   0.000   239.420   0.000   0.000   0.000   1.000   
0.000   0.000   239.420   0.000   0.000   0.000   1.000   
0.000   0.000   239.420   0.000   0.000   0.000   1.000   
0.000   0.000   239.420   0.000   0.000   0.000   1.000   
0.000   0.000   239.420   0.000   0.000   0.000   1.000   
0.000   0.000   239.420   0.000   0.000   0.000   1.000   
0.000   0.000   239.420   0.000   0.000   0.000   1.000   
0.000   0.000   239.420   0.000   0.000   0.000   1.000   
0.000   0.000   239.420   0.000   0.000   0.000   1.000   
0.000   0.000   239.420   0.000   0.000   0.000   1.000   
0.000   0.000   239.420   0.000   0.000   0.000   1.000   
0.000   0.000   239.420   0.000   0.000   0.000   1.000   
0.000   0.000   239.420   0.000   0.000   0.000   1.000   
0.000   0.000   239.420   0.000   0.000   0.000   1.000   
0.000   0.000   239.420   0.000   0.000   0.000   1.000   
0.000   0.000   239.420   0.000   0.000   0.000   1.000   
0.000   0.000   239.420   0.000   0.000   0.000   1.000   
0.000   0.000   239.420   0.000   0.000   0.000   1.000   
0.000   0.000   239.420   0.000   0.000   0.000   1.000   
0.000   0.000   239.420   0.000   0.000   0.000   1.000   
0.000   0.000   239.420   0.000   0.000   0.000   1.000   
0.000   0.000   239.420   0.000   0.000   0.000   1.000   
0.000   0.000   239.420   0.000   0.000   0.000   1.000   
0.000   0.000   239.420   0.000   0.000   0.000   1.000   
0.000   0.000   239.420   0.000   0.000   0.000   1.000   
0.000   0.000   239.420   0.000   0.000   0.000   1.000   
0.000   0.000   239.420   0.000   0.000   0.000   1.000   
0.000   0.000   239.420   0.000   0.000   0.000   1.000   
0.000   0.000   239.420   0.000   0.000   0.000   1.000   
0.000   0.000   239.420   0.000   0.000   0.000   1.000   
0.000   0.000   239.420   0.000   0.000   0.000   1.000   
0.000   0.000   239.420   0.000   0.000   0.000   1.000   
0.000   0.000   239.420   0.000   0.000   0.000   1.000   
0.000   0.000   239.420   0.000   0.000   0.000   1.000   
0.000   0.000   239.420   0.000   0.000   0.000   1.000   
0.000   0.000   239.420   0.000   0.000   0.000   1.000   
0.000   0.000   239.420   0.000   0.000   0.000   1.000   
0.000   0.000   239.420   0.000   0.000   0.000   1.000   
0.000   0.000   239.420   0.000   0.000   0.000   1.000   
0.000   0.000   239.420   0.000   0.000   0.000   1.000   
0.000   0.000   239.420   0.000   0.000   0.000   1.000   
0.000   0.000   239.420   0.000   0.000   0.000   1.000   
0.000   0.000   239.420   0.000   0.000   0.000   1.000   
0.000   0.000   239.420   0.000   0.000   0.000   1.000   
0.000   0.000   239.420   0.000   0.000   0.000   1.000   
0.000   0.000   239.420   0.000   0.000   0.000   1.000   
0.000   0.000   239.420   0.000   0.000   0.000   1.000   
0.000   0.000   239.420   0.000   0.000   0.000   1.000   
0.000   0.000   239.420   0.000   0.000   0.000   1.000   
0.000   0.000   239.420   0.000   0.000   0.000   1.000   
0.000   0.000   239.420   0.000   0.000   0.000   1.000   
0.000   0.000   239.420   0.000   0.000   0.000   1.000   
0.000   0.000   239.420   0.000   0.000   0.000   1.000   
0.000   0.000   239.420   0.000   0.000   0.000   1.000   
0.000   0.000   239.420   0.000   0.000   0.000   1.000   
0.000   0.000   239.420   0.000   0.000   0.000   1.000   
0.000   0.000   239.420   0.000   0.000   0.000   1.000   
0.000   0.000   239.420   0.000   0.000   0.000   1.000   
0.000   0.000   239.420   0.000   0.000   0.000   1.000   
0.000   0.000   239.420   0.000   0.000   0.000   1.000   
0.000   0.000   239.420   0.000   0.000   0.000   1.000   
0.000   0.000   239.420   0.000   0.000   0.000   1.000   
0.000   0.000   239.420   0.000   0.000   0.000   1.000   
0.000   0.000   239.420   0.000   0.000   0.000   1.000   
0.000   0.000   239.420   0.000   0.000   0.000   1.000   
0.000   0.000   239.420   0.000   0.000   0.000   1.000   
0.000   0.000   239.420   0.000   0.000   0.000   1.000   
0.000   0.000   239.420   0.000   0.000   0.000   1.000   
0.000   0.000   239.420   0.000   0.000   0.000   1.000   
0.000   0.000   239.420   0.000   0.000   0.000   1.000   
0.000   0.000   239.420   0.000   0.000   0.000   1.000   
0.000   0.000   239.420   0.000   0.000   0.000   1.000   
0.000   0.000   239.420   0.000   0.000   0.000   1.000   
0.000   0.000   239.420   0.000   0.000   0.000   1.000   
0.000   0.000   239.420   0.000   0.000   0.000   1.000   
0.000   0.000   239.420   0.000   0.000   0.000   1.000   
0.000   0.000   239.420   0.000   0.000   0.000   1.000   
0.000   0.000   239.420   0.000   0.000   0.000   1.000   
0.000   0.000   239.420   0.000   0.000   0.000   1.000   
0.000   0.000   239.420   0.000   0.000   0.000   1.000   
0.000   0.000   239.420   0.000   0.000   0.000   1.000   
0.000   0.000   239.420   0.000   0.000   0.000   1.000   
0.000   0.000   239.420   0.000   0.000   0.000   1.000   
0.000   0.000   239.420   0.000   0.000   0.000   1.000   
0.000   0.000   239.420   0.000   0.000   0.000   1.000   
0.000   0.000   239.420   0.000   0.000   0.000   1.000   
0.000   0.000   239.420   0.000   0.000   0.000   1.000   
0.000   0.000   239.420   0.000   0.000   0.000   1.000   
0.000   0.000   239.420   0.000   0.000   0.000   1.000   
0.000   0.000   239.420   0.000   0.000   0.000   1.000   
0.000   0.000   239.420   0.000   0.000   0.000   1.000   
0.000   0.000   239.420   0.000   0.000   0.000   1.000   
0.000   0.000   239.420   0.000   0.000   0.000   1.000   
0.000   0.000   239.420   0.000   0.000   0.000   1.000   
0.000   0.000   239.420   0.000   0.000   0.000   1.000   
0.000   0.000   239.420   0.000   0.000   0.000   1.000   
0.000   0.000   239.420   0.000   0.000   0.000   1.000   
0.000   0.000   239.420   0.000   0.000   0.000   1.000   
0.000   0.000   239.420   0.000   0.000   0.000   1.000   
0.000   0.000   239.420   0.000   0.000   0.000   1.000   
0.000   0.000   239.420   0.000   0.000   0.000   1.000   
0.000   0.000   239.420   0.000   0.000   0.000   1.000   
0.000   0.000   239.420   0.000   0.000   0.000   1.000   
0.000   0.000   239.420   0.000   0.000   0.000   1.000   
0.000   0.000   239.420   0.000   0.000   0.000   1.000   
0.000   0.000   239.420   0.000   0.000   0.000   1.000   
0.000   0.000   239.420   0.000   0.000   0.000   1.000   
0.000   0.000   239.420   0.000   0.000   0.000   1.000   
0.000   0.000   239.420   0.000   0.000   0.000   1.000   
0.000   0.000   239.420   0.000   0.000   0.000   1.000   
0.000   0.000   239.420   0.000   0.000   0.000   1.000   
0.000   0.000   239.420   0.000   0.000   0.000   1.000   
0.000   0.000   239.420   0.000   0.000   0.000   1.000   
0.000   0.000   239.420   0.000   0.000   0.000   1.000   
0.000   0.000   239.420   0.000   0.000   0.000   1.000   
0.000   0.000   239.420   0.000   0.000   0.000   1.000   
0.000   0.000   239.420   0.000   0.000   0.000   1.000   
0.000   0.000   239.420   0.000   0.000   0.000   1.000   
0.000   0.000   239.420   0.000   0.000   0.000   1.000   
0.000   0.000   239.420   0.000   0.000   0.000   1.000   
0.000   0.000   239.420   0.000   0.000   0.000   1.000   
0.000   0.000   239.420   0.000   0.000   0.000   1.000   
0.000   0.000   239.420   0.000   0.000   0.000   1.000   
0.000   0.000   239.420   0.000   0.000   0.000   1.000   
0.000   0.000   239.420   0.000   0.000   0.000   1.000   
0.000   0.000   239.420   0.000   0.000   0.000   1.000   
0.000   0.000   239.420   0.000   0.000   0.000   1.000   
0.000   0.000   239.420   0.000   0.000   0.000   1.000   
0.000   0.000   239.420   0.000   0.000   0.000   1.000   
0.000   0.000   239.420   0.000   0.000   0.000   1.000   
0.000   0.000   239.420   0.000   0.000   0.000   1.000   
0.000   0.000   239.420   0.000   0.000   0.000   1.000   
0.000   0.000   239.420   0.000   0.000   0.000   1.000   
0.000   0.000   239.420   0.000   0.000   0.000   1.000   
0.000   0.000   239.420   0.000   0.000   0.000   1.000   
0.000   0.000   239.420   0.000   0.000   0.000   1.000   
0.000   0.000   239.420   0.000   0.000   0.000   1.000   
0.000   0.000   239.420   0.000   0.000   0.000   1.000   
0.000   0.000   239.420   0.000   0.000   0.000   1.000   
0.000   0.000   239.420   0.000   0.000   0.000   1.000   
0.000   0.000   239.420   0.000   0.000   0.000   1.000   
0.000   0.000   239.420   0.000   0.000   0.000   1.000   
0.000   0.000   239.420   0.000   0.000   0.000   1.000   
0.000   0.000   239.420   0.000   0.000   0.000   1.000   
0.000   0.000   239.420   0.000   0.000   0.000   1.000   
0.000   0.000   239.420   0.000   0.000   0.000   1.000   
0.000   0.000   239.420   0.000   0.000   0.000   1.000   
0.000   0.000   239.420   0.000   0.000   0.000   1.000   
0.000   0.000   239.420   0.000   0.000   0.000   1.000   
0.000   0.000   239.420   0.000   0.000   0.000   1.000   
0.000   0.000   239.420   0.000   0.000   0.000   1.000   
0.000   0.000   239.420   0.000   0.000   0.000   1.000   
0.000   0.000   239.420   0.000   0.000   0.000   1.000   
0.000   0.000   239.420   0.000   0.000   0.000   1.000   
0.000   0.000   239.420   0.000   0.000   0.000   1.000   
0.000   0.000   239.420   0.000   0.000   0.000   1.000   
0.000   0.000   239.420   0.000   0.000   0.000   1.000   
0.000   0.000   239.420   0.000   0.000   0.000   1.000   
0.000   0.000   239.420   0.000   0.000   0.000   1.000   
0.000   0.000   239.420   0.000   0.000   0.000   1.000   
0.000   0.000   239.420   0.000   0.000   0.000   1.000   
0.000   0.000   239.420   0.000   0.000   0.000   1.000   
0.000   0.000   239.420   0.000   0.000   0.000   1.000   
0.000   0.000   239.420   0.000   0.000   0.000   1.000   
0.000   0.000   239.420   0.000   0.000   0.000   1.000   
0.000   0.000   239.420   0.000   0.000   0.000   1.000   
0.000   0.000   239.420   0.000   0.000   0.000   1.000   
0.000   0.000   239.420   0.000   0.000   0.000   1.000   
0.000   0.000   239.420   0.000   0.000   0.000   1.000   
0.000   0.000   239.420   0.000   0.000   0.000   1.000   
0.000   0.000   239.420   0.000   0.000   0.000   1.000   
0.000   0.000   239.420   0.000   0.000   0.000   1.000   
0.000   0.000   239.420   0.000   0.000   0.000   1.000   
0.000   0.000   239.420   0.000   0.000   0.000   1.000   
0.000   0.000   239.420   0.000   0.000   0.000   1.000   
0.000   0.000   239.420   0.000   0.000   0.000   1.000   
0.000   0.000   239.420   0.000   0.000   0.000   1.000   
0.000   0.000   239.420   0.000   0.000   0.000   1.000   
0.000   0.000   239.420   0.000   0.000   0.000   1.000   
0.000   0.000   239.420   0.000   0.000   0.000   1.000   
0.000   0.000   239.420   0.000   0.000   0.000   1.000   
0.000   0.000   239.420   0.000   0.000   0.000   1.000   
0.000   0.000   239.420   0.000   0.000   0.000   1.000   
0.000   0.000   239.420   0.000   0.000   0.000   1.000   
0.000   0.000   239.420   0.000   0.000   0.000   1.000   
0.000   0.000   239.420   0.000   0.000   0.000   1.000   
0.000   0.000   239.420   0.000   0.000   0.000   1.000   
0.000   0.000   239.420   0.000   0.000   0.000   1.000   
0.000   0.000   239.420   0.000   0.000   0.000   1.000   
0.000   0.000   239.420   0.000   0.000   0.000   1.000   
0.000   0.000   239.420   0.000   0.000   0.000   1.000   
0.000   0.000   239.420   0.000   0.000   0.000   1.000   
0.000   0.000   239.420   0.000   0.000   0.000   1.000   
0.000   0.000   239.420   0.000   0.000   0.000   1.000   
0.000   0.000   239.420   0.000   0.000   0.000   1.000   
0.000   0.000   239.420   0.000   0.000   0.000   1.000   
0.000   0.000   239.420   0.000   0.000   0.000   1.000   
0.000   0.000   239.420   0.000   0.000   0.000   1.000   
0.000   0.000   239.420   0.000   0.000   0.000   1.000   
0.000   0.000   239.420   0.000   0.000   0.000   1.000   
0.000   0.000   239.420   0.000   0.000   0.000   1.000   
0.000   0.000   239.420   0.000   0.000   0.000   1.000   
0.000   0.000   239.420   0.000   0.000   0.000   1.000   
0.000   0.000   239.420   0.000   0.000   0.000   1.000   
0.000   0.000   239.420   0.000   0.000   0.000   1.000   
0.000   0.000   239.420   0.000   0.000   0.000   1.000   
0.000   0.000   239.420   0.000   0.000   0.000   1.000   
0.000   0.000   239.420   0.000   0.000   0.000   1.000   
0.000   0.000   239.420   0.000   0.000   0.000   1.000   
0.000   0.000   239.420   0.000   0.000   0.000   1.000   
0.000   0.000   239.420   0.000   0.000   0.000   1.000   
0.000   0.000   239.420   0.000   0.000   0.000   1.000   
0.000   0.000   239.420   0.000   0.000   0.000   1.000   
0.000   0.000   239.420   0.000   0.000   0.000   1.000   
0.000   0.000   239.420   0.000   0.000   0.000   1.000   
0.000   0.000   239.420   0.000   0.000   0.000   1.000   
0.000   0.000   239.420   0.000   0.000   0.000   1.000   
0.000   0.000   239.420   0.000   0.000   0.000   1.000   
0.000   0.000   239.420   0.000   0.000   0.000   1.000   
0.000   0.000   239.420   0.000   0.000   0.000   1.000   
0.000   0.000   239.420   0.000   0.000   0.000   1.000   
0.000   0.000   239.420   0.000   0.000   0.000   1.000   
0.000   0.000   239.420   0.000   0.000   0.000   1.000   
0.000   0.000   239.420   0.000   0.000   0.000   1.000   
0.000   0.000   239.420   0.000   0.000   0.000   1.000   
0.000   0.000   239.420   0.000   0.000   0.000   1.000   
0.000   0.000   239.420   0.000   0.000   0.000   1.000   
0.000   0.000   239.420   0.000   0.000   0.000   1.000   
0.000   0.000   239.420   0.000   0.000   0.000   1.000   
0.000   0.000   239.420   0.000   0.000   0.000   1.000   
0.000   0.000   239.420   0.000   0.000   0.000   1.000   
0.000   0.000   239.420   0.000   0.000   0.000   1.000   
0.000   0.000   239.420   0.000   0.000   0.000   1.000   
0.000   0.000   239.420   0.000   0.000   0.000   1.000   
0.000   0.000   239.420   0.000   0.000   0.000   1.000   
0.000   0.000   239.420   0.000   0.000   0.000   1.000   
0.000   0.000   239.420   0.000   0.000   0.000   1.000   
0.000   0.000   239.420   0.000   0.000   0.000   1.000   
0.000   0.000   239.420   0.000   0.000   0.000   1.000   
0.000   0.000   239.420   0.000   0.000   0.000   1.000   
0.000   0.000   239.420   0.000   0.000   0.000   1.000   
0.000   0.000   239.420   0.000   0.000   0.000   1.000   
0.000   0.000   239.420   0.000   0.000   0.000   1.000   
0.000   0.000   239.420   0.000   0.000   0.000   1.000   
0.000   0.000   239.420   0.000   0.000   0.000   1.000   
0.000   0.000   239.420   0.000   0.000   0.000   1.000   
0.000   0.000   239.420   0.000   0.000   0.000   1.000   
0.000   0.000   239.420   0.000   0.000   0.000   1.000   
0.000   0.000   239.420   0.000   0.000   0.000   1.000   
0.000   0.000   239.420   0.000   0.000   0.000   1.000   
0.000   0.000   239.420   0.000   0.000   0.000   1.000   
0.000   0.000   239.420   0.000   0.000   0.000   1.000   
0.000   0.000   239.420   0.000   0.000   0.000   1.000   
0.000   0.000   239.420   0.000   0.000   0.000   1.000   
0.000   0.000   239.420   0.000   0.000   0.000   1.000   
0.000   0.000   239.420   0.000   0.000   0.000   1.000   
0.000   0.000   239.420   0.000   0.000   0.000   1.000   
0.000   0.000   239.420   0.000   0.000   0.000   1.000   
0.000   0.000   239.420   0.000   0.000   0.000   1.000   
0.000   0.000   239.420   0.000   0.000   0.000   1.000   
0.000   0.000   239.420   0.000   0.000   0.000   1.000   
0.000   0.000   239.420   0.000   0.000   0.000   1.000   
0.000   0.000   239.420   0.000   0.000   0.000   1.000   
0.000   0.000   239.420   0.000   0.000   0.000   1.000   
0.000   0.000   239.420   0.000   0.000   0.000   1.000   
0.000   0.000   239.420   0.000   0.000   0.000   1.000   
0.000   0.000   239.420   0.000   0.000   0.000   1.000   
0.000   0.000   239.420   0.000   0.000   0.000   1.000   
0.000   0.000   239.420   0.000   0.000   0.000   1.000   
0.000   0.000   239.420   0.000   0.000   0.000   1.000   
0.000   0.000   239.420   0.000   0.000   0.000   1.000   
0.000   0.000   239.420   0.000   0.000   0.000   1.000   
0.000   0.000   239.420   0.000   0.000   0.000   1.000   
0.000   0.000   239.420   0.000   0.000   0.000   1.000   
0.000   0.000   239.420   0.000   0.000   0.000   1.000   
0.000   0.000   239.420   0.000   0.000   0.000   1.000   
0.000   0.000   239.420   0.000   0.000   0.000   1.000   
0.000   0.000   239.420   0.000   0.000   0.000   1.000   
0.000   0.000   239.420   0.000   0.000   0.000   1.000   
0.000   0.000   239.420   0.000   0.000   0.000   1.000   
0.000   0.000   239.420   0.000   0.000   0.000   1.000   
0.000   0.000   239.420   0.000   0.000   0.000   1.000   
0.000   0.000   239.420   0.000   0.000   0.000   1.000   
0.000   0.000   239.420   0.000   0.000   0.000   1.000   
0.000   0.000   239.420   0.000   0.000   0.000   1.000   
0.000   0.000   239.420   0.000   0.000   0.000   1.000   
0.000   0.000   239.420   0.000   0.000   0.000   1.000   
0.000   0.000   239.420   0.000   0.000   0.000   1.000   
0.000   0.000   239.420   0.000   0.000   0.000   1.000   
0.000   0.000   239.420   0.000   0.000   0.000   1.000   
0.000   0.000   239.420   0.000   0.000   0.000   1.000   
0.000   0.000   239.420   0.000   0.000   0.000   1.000   
0.000   0.000   239.420   0.000   0.000   0.000   1.000   
0.000   0.000   239.420   0.000   0.000   0.000   1.000   
0.000   0.000   239.420   0.000   0.000   0.000   1.000   
0.000   0.000   239.420   0.000   0.000   0.000   1.000   
0.000   0.000   239.420   0.000   0.000   0.000   1.000   
0.000   0.000   239.420   0.000   0.000   0.000   1.000   
0.000   0.000   239.420   0.000   0.000   0.000   1.000   
0.000   0.000   239.420   0.000   0.000   0.000   1.000   
0.000   0.000   239.420   0.000   0.000   0.000   1.000   
0.000   0.000   239.420   0.000   0.000   0.000   1.000   
0.000   0.000   239.420   0.000   0.000   0.000   1.000   
0.000   0.000   239.420   0.000   0.000   0.000   1.000   
0.000   0.000   239.420   0.000   0.000   0.000   1.000   
0.000   0.000   239.420   0.000   0.000   0.000   1.000   
0.000   0.000   239.420   0.000   0.000   0.000   1.000   
0.000   0.000   239.420   0.000   0.000   0.000   1.000   
0.000   0.000   239.420   0.000   0.000   0.000   1.000   
0.000   0.000   239.420   0.000   0.000   0.000   1.000   
0.000   0.000   239.420   0.000   0.000   0.000   1.000   
0.000   0.000   239.420   0.000   0.000   0.000   1.000   
0.000   0.000   239.420   0.000   0.000   0.000   1.000   
0.000   0.000   239.420   0.000   0.000   0.000   1.000   
0.000   0.000   239.420   0.000   0.000   0.000   1.000   
0.000   0.000   239.420   0.000   0.000   0.000   1.000   
0.000   0.000   239.420   0.000   0.000   0.000   1.000   
0.000   0.000   239.420   0.000   0.000   0.000   1.000   
0.000   0.000   239.420   0.000   0.000   0.000   1.000   
0.000   0.000   239.420   0.000   0.000   0.000   1.000   
0.000   0.000   239.420   0.000   0.000   0.000   1.000   
0.000   0.000   239.420   0.000   0.000   0.000   1.000   
0.000   0.000   239.420   0.000   0.000   0.000   1.000   
0.000   0.000   239.420   0.000   0.000   0.000   1.000   
0.000   0.000   239.420   0.000   0.000   0.000   1.000   
0.000   0.000   239.420   0.000   0.000   0.000   1.000   
0.000   0.000   239.420   0.000   0.000   0.000   1.000   
0.000   0.000   239.420   0.000   0.000   0.000   1.000   
0.000   0.000   239.420   0.000   0.000   0.000   1.000   
0.000   0.000   239.420   0.000   0.000   0.000   1.000   
0.000   0.000   239.420   0.000   0.000   0.000   1.000   
0.000   0.000   239.420   0.000   0.000   0.000   1.000   
0.000   0.000   239.420   0.000   0.000   0.000   1.000   
0.000   0.000   239.420   0.000   0.000   0.000   1.000   
0.000   0.000   239.420   0.000   0.000   0.000   1.000   
0.000   0.000   239.420   0.000   0.000   0.000   1.000   
0.000   0.000   239.420   0.000   0.000   0.000   1.000   
0.000   0.000   239.420   0.000   0.000   0.000   1.000   
0.000   0.000   239.420   0.000   0.000   0.000   1.000   
0.000   0.000   239.420   0.000   0.000   0.000   1.000   
0.000   0.000   239.420   0.000   0.000   0.000   1.000   
0.000   0.000   239.420   0.000   0.000   0.000   1.000   
0.000   0.000   239.420   0.000   0.000   0.000   1.000   
0.000   0.000   239.420   0.000   0.000   0.000   1.000   
0.000   0.000   239.420   0.000   0.000   0.000   1.000   
0.000   0.000   239.420   0.000   0.000   0.000   1.000   
0.000   0.000   239.420   0.000   0.000   0.000   1.000   
0.000   0.000   239.420   0.000   0.000   0.000   1.000   
0.000   0.000   239.420   0.000   0.000   0.000   1.000   
0.000   0.000   239.420   0.000   0.000   0.000   1.000   
0.000   0.000   239.420   0.000   0.000   0.000   1.000   
0.000   0.000   239.420   0.000   0.000   0.000   1.000   
0.000   0.000   239.420   0.000   0.000   0.000   1.000   
0.000   0.000   239.420   0.000   0.000   0.000   1.000   
0.000   0.000   239.420   0.000   0.000   0.000   1.000   
0.000   0.000   239.420   0.000   0.000   0.000   1.000   
0.000   0.000   239.420   0.000   0.000   0.000   1.000   
0.000   0.000   239.420   0.000   0.000   0.000   1.000   
0.000   0.000   239.420   0.000   0.000   0.000   1.000   
0.000   0.000   239.420   0.000   0.000   0.000   1.000   
0.000   0.000   239.420   0.000   0.000   0.000   1.000   
0.000   0.000   239.420   0.000   0.000   0.000   1.000   
0.000   0.000   239.420   0.000   0.000   0.000   1.000   
0.000   0.000   239.420   0.000   0.000   0.000   1.000   
0.000   0.000   239.420   0.000   0.000   0.000   1.000   
0.000   0.000   239.420   0.000   0.000   0.000   1.000   
0.000   0.000   239.420   0.000   0.000   0.000   1.000   
0.000   0.000   239.420   0.000   0.000   0.000   1.000   
0.000   0.000   239.420   0.000   0.000   0.000   1.000   
0.000   0.000   239.420   0.000   0.000   0.000   1.000   
0.000   0.000   239.420   0.000   0.000   0.000   1.000   
0.000   0.000   239.420   0.000   0.000   0.000   1.000   
0.000   0.000   239.420   0.000   0.000   0.000   1.000   
0.000   0.000   239.420   0.000   0.000   0.000   1.000   
0.000   0.000   239.420   0.000   0.000   0.000   1.000   
0.000   0.000   239.420   0.000   0.000   0.000   1.000   
0.000   0.000   239.420   0.000   0.000   0.000   1.000   
0.000   0.000   239.420   0.000   0.000   0.000   1.000   
0.000   0.000   239.420   0.000   0.000   0.000   1.000   
0.000   0.000   239.420   0.000   0.000   0.000   1.000   
0.000   0.000   239.420   0.000   0.000   0.000   1.000   
0.000   0.000   239.420   0.000   0.000   0.000   1.000   
0.000   0.000   239.420   0.000   0.000   0.000   1.000   
0.000   0.000   239.420   0.000   0.000   0.000   1.000   
0.000   0.000   239.420   0.000   0.000   0.000   1.000   
0.000   0.000   239.420   0.000   0.000   0.000   1.000   
0.000   0.000   239.420   0.000   0.000   0.000   1.000   
0.000   0.000   239.420   0.000   0.000   0.000   1.000   
0.000   0.000   239.420   0.000   0.000   0.000   1.000   
0.000   0.000   239.420   0.000   0.000   0.000   1.000   
0.000   0.000   239.420   0.000   0.000   0.000   1.000   
0.000   0.000   239.420   0.000   0.000   0.000   1.000   
0.000   0.000   239.420   0.000   0.000   0.000   1.000   
0.000   0.000   239.420   0.000   0.000   0.000   1.000   
0.000   0.000   239.420   0.000   0.000   0.000   1.000   
0.000   0.000   239.420   0.000   0.000   0.000   1.000   
0.000   0.000   239.420   0.000   0.000   0.000   1.000   
0.000   0.000   239.420   0.000   0.000   0.000   1.000   
0.000   0.000   239.420   0.000   0.000   0.000   1.000   
0.000   0.000   239.420   0.000   0.000   0.000   1.000   
0.000   0.000   239.420   0.000   0.000   0.000   1.000   
0.000   0.000   239.420   0.000   0.000   0.000   1.000   
0.000   0.000   239.420   0.000   0.000   0.000   1.000   
0.000   0.000   239.420   0.000   0.000   0.000   1.000   
0.000   0.000   239.420   0.000   0.000   0.000   1.000   
0.000   0.000   239.420   0.000   0.000   0.000   1.000   
0.000   0.000   239.420   0.000   0.000   0.000   1.000   
0.000   0.000   239.420   0.000   0.000   0.000   1.000   
0.000   0.000   239.420   0.000   0.000   0.000   1.000   
0.000   0.000   239.420   0.000   0.000   0.000   1.000   
0.000   0.000   239.420   0.000   0.000   0.000   1.000   
0.000   0.000   239.420   0.000   0.000   0.000   1.000   
0.000   0.000   239.420   0.000   0.000   0.000   1.000   
0.000   0.000   239.420   0.000   0.000   0.000   1.000   
0.000   0.000   239.420   0.000   0.000   0.000   1.000   
0.000   0.000   239.420   0.000   0.000   0.000   1.000   
0.000   0.000   239.420   0.000   0.000   0.000   1.000   
0.000   0.000   239.420   0.000   0.000   0.000   1.000   
0.000   0.000   239.420   0.000   0.000   0.000   1.000   
0.000   0.000   239.420   0.000   0.000   0.000   1.000   
0.000   0.000   239.420   0.000   0.000   0.000   1.000   
0.000   0.000   239.420   0.000   0.000   0.000   1.000   
0.000   0.000   239.420   0.000   0.000   0.000   1.000   
0.000   0.000   239.420   0.000   0.000   0.000   1.000   
0.000   0.000   239.420   0.000   0.000   0.000   1.000   
0.000   0.000   239.420   0.000   0.000   0.000   1.000   
0.000   0.000   239.420   0.000   0.000   0.000   1.000   
0.000   0.000   239.420   0.000   0.000   0.000   1.000   
0.000   0.000   239.420   0.000   0.000   0.000   1.000   
0.000   0.000   239.420   0.000   0.000   0.000   1.000   
0.000   0.000   239.420   0.000   0.000   0.000   1.000   
0.000   0.000   239.420   0.000   0.000   0.000   1.000   
0.000   0.000   239.420   0.000   0.000   0.000   1.000   
0.000   0.000   239.420   0.000   0.000   0.000   1.000   
0.000   0.000   239.420   0.000   0.000   0.000   1.000   
0.000   0.000   239.420   0.000   0.000   0.000   1.000   
0.000   0.000   239.420   0.000   0.000   0.000   1.000   
0.000   0.000   239.420   0.000   0.000   0.000   1.000   
0.000   0.000   239.420   0.000   0.000   0.000   1.000   
0.000   0.000   239.420   0.000   0.000   0.000   1.000   
0.000   0.000   239.420   0.000   0.000   0.000   1.000   
0.000   0.000   239.420   0.000   0.000   0.000   1.000   
0.000   0.000   239.420   0.000   0.000   0.000   1.000   
0.000   0.000   239.420   0.000   0.000   0.000   1.000   
0.000   0.000   239.420   0.000   0.000   0.000   1.000   
0.000   0.000   239.420   0.000   0.000   0.000   1.000   
0.000   0.000   239.420   0.000   0.000   0.000   1.000   
0.000   0.000   239.420   0.000   0.000   0.000   1.000   
0.000   0.000   239.420   0.000   0.000   0.000   1.000   
0.000   0.000   239.420   0.000   0.000   0.000   1.000   
0.000   0.000   239.420   0.000   0.000   0.000   1.000   
0.000   0.000   239.420   0.000   0.000   0.000   1.000   
0.000   0.000   239.420   0.000   0.000   0.000   1.000   
0.000   0.000   239.420   0.000   0.000   0.000   1.000   
0.000   0.000   239.420   0.000   0.000   0.000   1.000   
0.000   0.000   239.420   0.000   0.000   0.000   1.000   
0.000   0.000   239.420   0.000   0.000   0.000   1.000   
0.000   0.000   239.420   0.000   0.000   0.000   1.000   
0.000   0.000   239.420   0.000   0.000   0.000   1.000   
0.000   0.000   239.420   0.000   0.000   0.000   1.000   
0.000   0.000   239.420   0.000   0.000   0.000   1.000   
0.000   0.000   239.420   0.000   0.000   0.000   1.000   
0.000   0.000   239.420   0.000   0.000   0.000   1.000   
0.000   0.000   239.420   0.000   0.000   0.000   1.000   
0.000   0.000   239.420   0.000   0.000   0.000   1.000   
0.000   0.000   239.420   0.000   0.000   0.000   1.000   
0.000   0.000   239.420   0.000   0.000   0.000   1.000   
0.000   0.000   239.420   0.000   0.000   0.000   1.000   
0.000   0.000   239.420   0.000   0.000   0.000   1.000   
0.000   0.000   239.420   0.000   0.000   0.000   1.000   
0.000   0.000   239.420   0.000   0.000   0.000   1.000   
0.000   0.000   239.420   0.000   0.000   0.000   1.000   
0.000   0.000   239.420   0.000   0.000   0.000   1.000   
0.000   0.000   239.420   0.000   0.000   0.000   1.000   
0.000   0.000   239.420   0.000   0.000   0.000   1.000   
0.000   0.000   239.420   0.000   0.000   0.000   1.000   
0.000   0.000   239.420   0.000   0.000   0.000   1.000   
0.000   0.000   239.420   0.000   0.000   0.000   1.000   
0.000   0.000   239.420   0.000   0.000   0.000   1.000   
0.000   0.000   239.420   0.000   0.000   0.000   1.000   
0.000   0.000   239.420   0.000   0.000   0.000   1.000   
0.000   0.000   239.420   0.000   0.000   0.000   1.000   
0.000   0.000   239.420   0.000   0.000   0.000   1.000   
0.000   0.000   239.420   0.000   0.000   0.000   1.000   
0.000   0.000   239.420   0.000   0.000   0.000   1.000   
0.000   0.000   239.420   0.000   0.000   0.000   1.000   
0.000   0.000   239.420   0.000   0.000   0.000   1.000   
0.000   0.000   239.420   0.000   0.000   0.000   1.000   
0.000   0.000   239.420   0.000   0.000   0.000   1.000   
0.000   0.000   239.420   0.000   0.000   0.000   1.000   
0.000   0.000   239.420   0.000   0.000   0.000   1.000   
0.000   0.000   239.420   0.000   0.000   0.000   1.000   
0.000   0.000   239.420   0.000   0.000   0.000   1.000   
0.000   0.000   239.420   0.000   0.000   0.000   1.000   
0.000   0.000   239.420   0.000   0.000   0.000   1.000   
0.000   0.000   239.420   0.000   0.000   0.000   1.000   
0.000   0.000   239.420   0.000   0.000   0.000   1.000   
0.000   0.000   239.420   0.000   0.000   0.000   1.000   
0.000   0.000   239.420   0.000   0.000   0.000   1.000   
0.000   0.000   239.420   0.000   0.000   0.000   1.000   
0.000   0.000   239.420   0.000   0.000   0.000   1.000   
0.000   0.000   239.420   0.000   0.000   0.000   1.000   
0.000   0.000   239.420   0.000   0.000   0.000   1.000   
0.000   0.000   239.420   0.000   0.000   0.000   1.000   
0.000   0.000   239.420   0.000   0.000   0.000   1.000   
0.000   0.000   239.420   0.000   0.000   0.000   1.000   
0.000   0.000   239.420   0.000   0.000   0.000   1.000   
0.000   0.000   239.420   0.000   0.000   0.000   1.000   
0.000   0.000   239.420   0.000   0.000   0.000   1.000   
0.000   0.000   239.420   0.000   0.000   0.000   1.000   
0.000   0.000   239.420   0.000   0.000   0.000   1.000   
0.000   0.000   239.420   0.000   0.000   0.000   1.000   
0.000   0.000   239.420   0.000   0.000   0.000   1.000   
0.000   0.000   239.420   0.000   0.000   0.000   1.000   
0.000   0.000   239.420   0.000   0.000   0.000   1.000   
0.000   0.000   239.420   0.000   0.000   0.000   1.000   
0.000   0.000   239.420   0.000   0.000   0.000   1.000   
0.000   0.000   239.420   0.000   0.000   0.000   1.000   
0.000   0.000   239.420   0.000   0.000   0.000   1.000   
0.000   0.000   239.420   0.000   0.000   0.000   1.000   
0.000   0.000   239.420   0.000   0.000   0.000   1.000   
0.000   0.000   239.420   0.000   0.000   0.000   1.000   
0.000   0.000   239.420   0.000   0.000   0.000   1.000   
0.000   0.000   239.420   0.000   0.000   0.000   1.000   
0.000   0.000   239.420   0.000   0.000   0.000   1.000   
0.000   0.000   239.420   0.000   0.000   0.000   1.000   
0.000   0.000   239.420   0.000   0.000   0.000   1.000   
0.000   0.000   239.420   0.000   0.000   0.000   1.000   
0.000   0.000   239.420   0.000   0.000   0.000   1.000   
0.000   0.000   239.420   0.000   0.000   0.000   1.000   
0.000   0.000   239.420   0.000   0.000   0.000   1.000   
0.000   0.000   239.420   0.000   0.000   0.000   1.000   
0.000   0.000   239.420   0.000   0.000   0.000   1.000   
0.000   0.000   239.420   0.000   0.000   0.000   1.000   
0.000   0.000   239.420   0.000   0.000   0.000   1.000   
0.000   0.000   239.420   0.000   0.000   0.000   1.000   
0.000   0.000   239.420   0.000   0.000   0.000   1.000   
0.000   0.000   239.420   0.000   0.000   0.000   1.000   
0.000   0.000   239.420   0.000   0.000   0.000   1.000   
0.000   0.000   239.420   0.000   0.000   0.000   1.000   
0.000   0.000   239.420   0.000   0.000   0.000   1.000   
0.000   0.000   239.420   0.000   0.000   0.000   1.000   
0.000   0.000   239.420   0.000   0.000   0.000   1.000   
0.000   0.000   239.420   0.000   0.000   0.000   1.000   
0.000   0.000   239.420   0.000   0.000   0.000   1.000   
0.000   0.000   239.420   0.000   0.000   0.000   1.000   
0.000   0.000   239.420   0.000   0.000   0.000   1.000   
0.000   0.000   239.420   0.000   0.000   0.000   1.000   
0.000   0.000   239.420   0.000   0.000   0.000   1.000   
0.000   0.000   239.420   0.000   0.000   0.000   1.000   
0.000   0.000   239.420   0.000   0.000   0.000   1.000   
0.000   0.000   239.420   0.000   0.000   0.000   1.000   
0.000   0.000   239.420   0.000   0.000   0.000   1.000   
0.000   0.000   239.420   0.000   0.000   0.000   1.000   
0.000   0.000   239.420   0.000   0.000   0.000   1.000   
0.000   0.000   239.420   0.000   0.000   0.000   1.000   
0.000   0.000   239.420   0.000   0.000   0.000   1.000   
0.000   0.000   239.420   0.000   0.000   0.000   1.000   
0.000   0.000   239.420   0.000   0.000   0.000   1.000   
0.000   0.000   239.420   0.000   0.000   0.000   1.000   
0.000   0.000   239.420   0.000   0.000   0.000   1.000   
0.000   0.000   239.420   0.000   0.000   0.000   1.000   
0.000   0.000   239.420   0.000   0.000   0.000   1.000   
0.000   0.000   239.420   0.000   0.000   0.000   1.000   
0.000   0.000   239.420   0.000   0.000   0.000   1.000   
0.000   0.000   239.420   0.000   0.000   0.000   1.000   
0.000   0.000   239.420   0.000   0.000   0.000   1.000   
0.000   0.000   239.420   0.000   0.000   0.000   1.000   
0.000   0.000   239.420   0.000   0.000   0.000   1.000   
0.000   0.000   239.420   0.000   0.000   0.000   1.000   
0.000   0.000   239.420   0.000   0.000   0.000   1.000   
0.000   0.000   239.420   0.000   0.000   0.000   1.000   
0.000   0.000   239.420   0.000   0.000   0.000   1.000   
0.000   0.000   239.420   0.000   0.000   0.000   1.000   
0.000   0.000   239.420   0.000   0.000   0.000   1.000   
0.000   0.000   239.420   0.000   0.000   0.000   1.000   
0.000   0.000   239.420   0.000   0.000   0.000   1.000   
0.000   0.000   239.420   0.000   0.000   0.000   1.000   
0.000   0.000   239.420   0.000   0.000   0.000   1.000   
0.000   0.000   239.420   0.000   0.000   0.000   1.000   
0.000   0.000   239.420   0.000   0.000   0.000   1.000   
0.000   0.000   239.420   0.000   0.000   0.000   1.000   
0.000   0.000   239.420   0.000   0.000   0.000   1.000   
0.000   0.000   239.420   0.000   0.000   0.000   1.000   
0.000   0.000   239.420   0.000   0.000   0.000   1.000   
0.000   0.000   239.420   0.000   0.000   0.000   1.000   
0.000   0.000   239.420   0.000   0.000   0.000   1.000   
0.000   0.000   239.420   0.000   0.000   0.000   1.000   
0.000   0.000   239.420   0.000   0.000   0.000   1.000   
0.000   0.000   239.420   0.000   0.000   0.000   1.000   
0.000   0.000   239.420   0.000   0.000   0.000   1.000   
0.000   0.000   239.420   0.000   0.000   0.000   1.000   
0.000   0.000   239.420   0.000   0.000   0.000   1.000   
0.000   0.000   239.420   0.000   0.000   0.000   1.000   
0.000   0.000   239.420   0.000   0.000   0.000   1.000   
0.000   0.000   239.420   0.000   0.000   0.000   1.000   
0.000   0.000   239.420   0.000   0.000   0.000   1.000   
0.000   0.000   239.420   0.000   0.000   0.000   1.000   
0.000   0.000   239.420   0.000   0.000   0.000   1.000   
0.000   0.000   239.420   0.000   0.000   0.000   1.000   
0.000   0.000   239.420   0.000   0.000   0.000   1.000   
0.000   0.000   239.420   0.000   0.000   0.000   1.000   
0.000   0.000   239.420   0.000   0.000   0.000   1.000   
0.000   0.000   239.420   0.000   0.000   0.000   1.000   
0.000   0.000   239.420   0.000   0.000   0.000   1.000   
0.000   0.000   239.420   0.000   0.000   0.000   1.000   
0.000   0.000   239.420   0.000   0.000   0.000   1.000   
0.000   0.000   239.420   0.000   0.000   0.000   1.000   
0.000   0.000   239.420   0.000   0.000   0.000   1.000   
0.000   0.000   239.420   0.000   0.000   0.000   1.000   
0.000   0.000   239.420   0.000   0.000   0.000   1.000   
0.000   0.000   239.420   0.000   0.000   0.000   1.000   
0.000   0.000   239.420   0.000   0.000   0.000   1.000   
0.000   0.000   239.420   0.000   0.000   0.000   1.000   
0.000   0.000   239.420   0.000   0.000   0.000   1.000   
0.000   0.000   239.420   0.000   0.000   0.000   1.000   
0.000   0.000   239.420   0.000   0.000   0.000   1.000   
0.000   0.000   239.420   0.000   0.000   0.000   1.000   
0.000   0.000   239.420   0.000   0.000   0.000   1.000   
0.000   0.000   239.420   0.000   0.000   0.000   1.000   
0.000   0.000   239.420   0.000   0.000   0.000   1.000   
0.000   0.000   239.420   0.000   0.000   0.000   1.000   
0.000   0.000   239.420   0.000   0.000   0.000   1.000   
0.000   0.000   239.420   0.000   0.000   0.000   1.000   
0.000   0.000   239.420   0.000   0.000   0.000   1.000   
0.000   0.000   239.420   0.000   0.000   0.000   1.000   
0.000   0.000   239.420   0.000   0.000   0.000   1.000   
0.000   0.000   239.420   0.000   0.000   0.000   1.000   
0.000   0.000   239.420   0.000   0.000   0.000   1.000   
0.000   0.000   239.420   0.000   0.000   0.000   1.000   
0.000   0.000   239.420   0.000   0.000   0.000   1.000   
0.000   0.000   239.420   0.000   0.000   0.000   1.000   
0.000   0.000   239.420   0.000   0.000   0.000   1.000   
0.000   0.000   239.420   0.000   0.000   0.000   1.000   
0.000   0.000   239.420   0.000   0.000   0.000   1.000   
0.000   0.000   239.420   0.000   0.000   0.000   1.000   
0.000   0.000   239.420   0.000   0.000   0.000   1.000   
0.000   0.000   239.420   0.000   0.000   0.000   1.000   
0.000   0.000   239.420   0.000   0.000   0.000   1.000   
0.000   0.000   239.420   0.000   0.000   0.000   1.000   
0.000   0.000   239.420   0.000   0.000   0.000   1.000   
0.000   0.000   239.420   0.000   0.000   0.000   1.000   
0.000   0.000   239.420   0.000   0.000   0.000   1.000   
0.000   0.000   239.420   0.000   0.000   0.000   1.000   
0.000   0.000   239.420   0.000   0.000   0.000   1.000   
0.000   0.000   239.420   0.000   0.000   0.000   1.000   
0.000   0.000   239.420   0.000   0.000   0.000   1.000   
0.000   0.000   239.420   0.000   0.000   0.000   1.000   
0.000   0.000   239.420   0.000   0.000   0.000   1.000   
0.000   0.000   239.420   0.000   0.000   0.000   1.000   
0.000   0.000   239.420   0.000   0.000   0.000   1.000   
0.000   0.000   239.420   0.000   0.000   0.000   1.000   
0.000   0.000   239.420   0.000   0.000   0.000   1.000   
0.000   0.000   239.420   0.000   0.000   0.000   1.000   
0.000   0.000   239.420   0.000   0.000   0.000   1.000   
0.000   0.000   239.420   0.000   0.000   0.000   1.000   
0.000   0.000   239.420   0.000   0.000   0.000   1.000   
0.000   0.000   239.420   0.000   0.000   0.000   1.000   
0.000   0.000   239.420   0.000   0.000   0.000   1.000   
0.000   0.000   239.420   0.000   0.000   0.000   1.000   
0.000   0.000   239.420   0.000   0.000   0.000   1.000   
0.000   0.000   239.420   0.000   0.000   0.000   1.000   
0.000   0.000   239.420   0.000   0.000   0.000   1.000   
0.000   0.000   239.420   0.000   0.000   0.000   1.000   
0.000   0.000   239.420   0.000   0.000   0.000   1.000   
0.000   0.000   239.420   0.000   0.000   0.000   1.000   
0.000   0.000   239.420   0.000   0.000   0.000   1.000   
0.000   0.000   239.420   0.000   0.000   0.000   1.000   
0.000   0.000   239.420   0.000   0.000   0.000   1.000   
0.000   0.000   239.420   0.000   0.000   0.000   1.000   
0.000   0.000   239.420   0.000   0.000   0.000   1.000   
0.000   0.000   239.420   0.000   0.000   0.000   1.000   
0.000   0.000   239.420   0.000   0.000   0.000   1.000   
0.000   0.000   239.420   0.000   0.000   0.000   1.000   
0.000   0.000   239.420   0.000   0.000   0.000   1.000   
0.000   0.000   239.420   0.000   0.000   0.000   1.000   
0.000   0.000   239.420   0.000   0.000   0.000   1.000   
0.000   0.000   239.420   0.000   0.000   0.000   1.000   
0.000   0.000   239.420   0.000   0.000   0.000   1.000   
0.000   0.000   239.420   0.000   0.000   0.000   1.000   
0.000   0.000   239.420   0.000   0.000   0.000   1.000   
0.000   0.000   239.420   0.000   0.000   0.000   1.000   
0.000   0.000   239.420   0.000   0.000   0.000   1.000   
0.000   0.000   239.420   0.000   0.000   0.000   1.000   
0.000   0.000   239.420   0.000   0.000   0.000   1.000   
0.000   0.000   239.420   0.000   0.000   0.000   1.000   
0.000   0.000   239.420   0.000   0.000   0.000   1.000   
0.000   0.000   239.420   0.000   0.000   0.000   1.000   
0.000   0.000   239.420   0.000   0.000   0.000   1.000   
0.000   0.000   239.420   0.000   0.000   0.000   1.000   
0.000   0.000   239.420   0.000   0.000   0.000   1.000   
0.000   0.000   239.420   0.000   0.000   0.000   1.000   
0.000   0.000   239.420   0.000   0.000   0.000   1.000   
0.000   0.000   239.420   0.000   0.000   0.000   1.000   
0.000   0.000   239.420   0.000   0.000   0.000   1.000   
0.000   0.000   239.420   0.000   0.000   0.000   1.000   
0.000   0.000   239.420   0.000   0.000   0.000   1.000   
0.000   0.000   239.420   0.000   0.000   0.000   1.000   
0.000   0.000   239.420   0.000   0.000   0.000   1.000   
0.000   0.000   239.420   0.000   0.000   0.000   1.000   
0.000   0.000   239.420   0.000   0.000   0.000   1.000   
0.000   0.000   239.420   0.000   0.000   0.000   1.000   
0.000   0.000   239.420   0.000   0.000   0.000   1.000   
0.000   0.000   239.420   0.000   0.000   0.000   1.000   
0.000   0.000   239.420   0.000   0.000   0.000   1.000   
0.000   0.000   239.420   0.000   0.000   0.000   1.000   
0.000   0.000   239.420   0.000   0.000   0.000   1.000   
0.000   0.000   239.420   0.000   0.000   0.000   1.000   
0.000   0.000   239.420   0.000   0.000   0.000   1.000   
0.000   0.000   239.420   0.000   0.000   0.000   1.000   
0.000   0.000   239.420   0.000   0.000   0.000   1.000   
0.000   0.000   239.420   0.000   0.000   0.000   1.000   
0.000   0.000   239.420   0.000   0.000   0.000   1.000   
0.000   0.000   239.420   0.000   0.000   0.000   1.000   
0.000   0.000   239.420   0.000   0.000   0.000   1.000   
0.000   0.000   239.420   0.000   0.000   0.000   1.000   
0.000   0.000   239.420   0.000   0.000   0.000   1.000   
0.000   0.000   239.420   0.000   0.000   0.000   1.000   
0.000   0.000   239.420   0.000   0.000   0.000   1.000   
0.000   0.000   239.420   0.000   0.000   0.000   1.000   
0.000   0.000   239.420   0.000   0.000   0.000   1.000   
0.000   0.000   239.420   0.000   0.000   0.000   1.000   
0.000   0.000   239.420   0.000   0.000   0.000   1.000   
0.000   0.000   239.420   0.000   0.000   0.000   1.000   
0.000   0.000   239.420   0.000   0.000   0.000   1.000   
0.000   0.000   239.420   0.000   0.000   0.000   1.000   
0.000   0.000   239.420   0.000   0.000   0.000   1.000   
0.000   0.000   239.420   0.000   0.000   0.000   1.000   
0.000   0.000   239.420   0.000   0.000   0.000   1.000   
0.000   0.000   239.420   0.000   0.000   0.000   1.000   
0.000   0.000   239.420   0.000   0.000   0.000   1.000   
0.000   0.000   239.420   0.000   0.000   0.000   1.000   
0.000   0.000   239.420   0.000   0.000   0.000   1.000   
0.000   0.000   239.420   0.000   0.000   0.000   1.000   
0.000   0.000   239.420   0.000   0.000   0.000   1.000   
0.000   0.000   239.420   0.000   0.000   0.000   1.000   
0.000   0.000   239.420   0.000   0.000   0.000   1.000   
0.000   0.000   239.420   0.000   0.000   0.000   1.000   
0.000   0.000   239.420   0.000   0.000   0.000   1.000   
0.000   0.000   239.420   0.000   0.000   0.000   1.000   
0.000   0.000   239.420   0.000   0.000   0.000   1.000   
0.000   0.000   239.420   0.000   0.000   0.000   1.000   
0.000   0.000   239.420   0.000   0.000   0.000   1.000   
0.000   0.000   239.420   0.000   0.000   0.000   1.000   
0.000   0.000   239.420   0.000   0.000   0.000   1.000   
0.000   0.000   239.420   0.000   0.000   0.000   1.000   
0.000   0.000   239.420   0.000   0.000   0.000   1.000   
0.000   0.000   239.420   0.000   0.000   0.000   1.000   
0.000   0.000   239.420   0.000   0.000   0.000   1.000   
0.000   0.000   239.420   0.000   0.000   0.000   1.000   
0.000   0.000   239.420   0.000   0.000   0.000   1.000   
0.000   0.000   239.420   0.000   0.000   0.000   1.000   
0.000   0.000   239.420   0.000   0.000   0.000   1.000   
0.000   0.000   239.420   0.000   0.000   0.000   1.000   
0.000   0.000   239.420   0.000   0.000   0.000   1.000   
0.000   0.000   239.420   0.000   0.000   0.000   1.000   
0.000   0.000   239.420   0.000   0.000   0.000   1.000   
0.000   0.000   239.420   0.000   0.000   0.000   1.000   
0.000   0.000   239.420   0.000   0.000   0.000   1.000   
0.000   0.000   239.420   0.000   0.000   0.000   1.000   
0.000   0.000   239.420   0.000   0.000   0.000   1.000   
0.000   0.000   239.420   0.000   0.000   0.000   1.000   
0.000   0.000   239.420   0.000   0.000   0.000   1.000   
0.000   0.000   239.420   0.000   0.000   0.000   1.000   
0.000   0.000   239.420   0.000   0.000   0.000   1.000   
0.000   0.000   239.420   0.000   0.000   0.000   1.000   
0.000   0.000   239.420   0.000   0.000   0.000   1.000   
0.000   0.000   239.420   0.000   0.000   0.000   1.000   
0.000   0.000   239.420   0.000   0.000   0.000   1.000   
0.000   0.000   239.420   0.000   0.000   0.000   1.000   
0.000   0.000   239.420   0.000   0.000   0.000   1.000   
0.000   0.000   239.420   0.000   0.000   0.000   1.000   
0.000   0.000   239.420   0.000   0.000   0.000   1.000   
0.000   0.000   239.420   0.000   0.000   0.000   1.000   
0.000   0.000   239.420   0.000   0.000   0.000   1.000   
0.000   0.000   239.420   0.000   0.000   0.000   1.000   
0.000   0.000   239.420   0.000   0.000   0.000   1.000   
0.000   0.000   239.420   0.000   0.000   0.000   1.000   
0.000   0.000   239.420   0.000   0.000   0.000   1.000   
0.000   0.000   239.420   0.000   0.000   0.000   1.000   
0.000   0.000   239.420   0.000   0.000   0.000   1.000   
0.000   0.000   239.420   0.000   0.000   0.000   1.000   
0.000   0.000   239.420   0.000   0.000   0.000   1.000   
0.000   0.000   239.420   0.000   0.000   0.000   1.000   
0.000   0.000   239.420   0.000   0.000   0.000   1.000   
0.000   0.000   239.420   0.000   0.000   0.000   1.000   
0.000   0.000   239.420   0.000   0.000   0.000   1.000   
0.000   0.000   239.420   0.000   0.000   0.000   1.000   
0.000   0.000   239.420   0.000   0.000   0.000   1.000   
0.000   0.000   239.420   0.000   0.000   0.000   1.000   
0.000   0.000   239.420   0.000   0.000   0.000   1.000   
0.000   0.000   239.420   0.000   0.000   0.000   1.000   
0.000   0.000   239.420   0.000   0.000   0.000   1.000   
0.000   0.000   239.420   0.000   0.000   0.000   1.000   
0.000   0.000   239.420   0.000   0.000   0.000   1.000   
0.000   0.000   239.420   0.000   0.000   0.000   1.000   
0.000   0.000   239.420   0.000   0.000   0.000   1.000   
0.000   0.000   239.420   0.000   0.000   0.000   1.000   
0.000   0.000   239.420   0.000   0.000   0.000   1.000   
0.000   0.000   239.420   0.000   0.000   0.000   1.000   
0.000   0.000   239.420   0.000   0.000   0.000   1.000   
0.000   0.000   239.420   0.000   0.000   0.000   1.000   
0.000   0.000   239.420   0.000   0.000   0.000   1.000   
0.000   0.000   239.420   0.000   0.000   0.000   1.000   
0.000   0.000   239.420   0.000   0.000   0.000   1.000   
0.000   0.000   239.420   0.000   0.000   0.000   1.000   
0.000   0.000   239.420   0.000   0.000   0.000   1.000   
0.000   0.000   239.420   0.000   0.000   0.000   1.000   
0.000   0.000   239.420   0.000   0.000   0.000   1.000   
0.000   0.000   239.420   0.000   0.000   0.000   1.000   
0.000   0.000   239.420   0.000   0.000   0.000   1.000   
0.000   0.000   239.420   0.000   0.000   0.000   1.000   
0.000   0.000   239.420   0.000   0.000   0.000   1.000   
0.000   0.000   239.420   0.000   0.000   0.000   1.000   
0.000   0.000   239.420   0.000   0.000   0.000   1.000   
0.000   0.000   239.420   0.000   0.000   0.000   1.000   
0.000   0.000   239.420   0.000   0.000   0.000   1.000   
0.000   0.000   239.420   0.000   0.000   0.000   1.000   
0.000   0.000   239.420   0.000   0.000   0.000   1.000   
0.000   0.000   239.420   0.000   0.000   0.000   1.000   
0.000   0.000   239.420   0.000   0.000   0.000   1.000   
0.000   0.000   239.420   0.000   0.000   0.000   1.000   
0.000   0.000   239.420   0.000   0.000   0.000   1.000   
0.000   0.000   239.420   0.000   0.000   0.000   1.000   
0.000   0.000   239.420   0.000   0.000   0.000   1.000   
0.000   0.000   239.420   0.000   0.000   0.000   1.000   
0.000   0.000   239.420   0.000   0.000   0.000   1.000   
0.000   0.000   239.420   0.000   0.000   0.000   1.000   
0.000   0.000   239.420   0.000   0.000   0.000   1.000   
0.000   0.000   239.420   0.000   0.000   0.000   1.000   
0.000   0.000   239.420   0.000   0.000   0.000   1.000   
0.000   0.000   239.420   0.000   0.000   0.000   1.000   
0.000   0.000   239.420   0.000   0.000   0.000   1.000   
0.000   0.000   239.420   0.000   0.000   0.000   1.000   
0.000   0.000   239.420   0.000   0.000   0.000   1.000   
0.000   0.000   239.420   0.000   0.000   0.000   1.000   
0.000   0.000   239.420   0.000   0.000   0.000   1.000   
0.000   0.000   239.420   0.000   0.000   0.000   1.000   
0.000   0.000   239.420   0.000   0.000   0.000   1.000   
0.000   0.000   239.420   0.000   0.000   0.000   1.000   
0.000   0.000   239.420   0.000   0.000   0.000   1.000   
0.000   0.000   239.420   0.000   0.000   0.000   1.000   
0.000   0.000   239.420   0.000   0.000   0.000   1.000   
0.000   0.000   239.420   0.000   0.000   0.000   1.000   
0.000   0.000   239.420   0.000   0.000   0.000   1.000   
0.000   0.000   239.420   0.000   0.000   0.000   1.000   
0.000   0.000   239.420   0.000   0.000   0.000   1.000   
0.000   0.000   239.420   0.000   0.000   0.000   1.000   
0.000   0.000   239.420   0.000   0.000   0.000   1.000   
0.000   0.000   239.420   0.000   0.000   0.000   1.000   
0.000   0.000   239.420   0.000   0.000   0.000   1.000   
0.000   0.000   239.420   0.000   0.000   0.000   1.000   
0.000   0.000   239.420   0.000   0.000   0.000   1.000   
0.000   0.000   239.420   0.000   0.000   0.000   1.000   
0.000   0.000   239.420   0.000   0.000   0.000   1.000   
0.000   0.000   239.420   0.000   0.000   0.000   1.000   
0.000   0.000   239.420   0.000   0.000   0.000   1.000   
0.000   0.000   239.420   0.000   0.000   0.000   1.000   
0.000   0.000   239.420   0.000   0.000   0.000   1.000   
0.000   0.000   239.420   0.000   0.000   0.000   1.000   
0.000   0.000   239.420   0.000   0.000   0.000   1.000   
0.000   0.000   239.420   0.000   0.000   0.000   1.000   
0.000   0.000   239.420   0.000   0.000   0.000   1.000   
0.000   0.000   239.420   0.000   0.000   0.000   1.000   
0.000   0.000   239.420   0.000   0.000   0.000   1.000   
0.000   0.000   239.420   0.000   0.000   0.000   1.000   
0.000   0.000   239.420   0.000   0.000   0.000   1.000   
0.000   0.000   239.420   0.000   0.000   0.000   1.000   
0.000   0.000   239.420   0.000   0.000   0.000   1.000   
0.000   0.000   239.420   0.000   0.000   0.000   1.000   
0.000   0.000   239.420   0.000   0.000   0.000   1.000   
0.000   0.000   239.420   0.000   0.000   0.000   1.000   
0.000   0.000   239.420   0.000   0.000   0.000   1.000   
0.000   0.000   239.420   0.000   0.000   0.000   1.000   
0.000   0.000   239.420   0.000   0.000   0.000   1.000   
0.000   0.000   239.420   0.000   0.000   0.000   1.000   
0.000   0.000   239.420   0.000   0.000   0.000   1.000   
0.000   0.000   239.420   0.000   0.000   0.000   1.000   
0.000   0.000   239.420   0.000   0.000   0.000   1.000   
0.000   0.000   239.420   0.000   0.000   0.000   1.000   
0.000   0.000   239.420   0.000   0.000   0.000   1.000   
0.000   0.000   239.420   0.000   0.000   0.000   1.000   
0.000   0.000   239.420   0.000   0.000   0.000   1.000   
0.000   0.000   239.420   0.000   0.000   0.000   1.000   
0.000   0.000   239.420   0.000   0.000   0.000   1.000   
0.000   0.000   239.420   0.000   0.000   0.000   1.000   
0.000   0.000   239.420   0.000   0.000   0.000   1.000   
0.000   0.000   239.420   0.000   0.000   0.000   1.000   
0.000   0.000   239.420   0.000   0.000   0.000   1.000   
0.000   0.000   239.420   0.000   0.000   0.000   1.000   
0.000   0.000   239.420   0.000   0.000   0.000   1.000   
0.000   0.000   239.420   0.000   0.000   0.000   1.000   
0.000   0.000   239.420   0.000   0.000   0.000   1.000   
0.000   0.000   239.420   0.000   0.000   0.000   1.000   
0.000   0.000   239.420   0.000   0.000   0.000   1.000   
0.000   0.000   239.420   0.000   0.000   0.000   1.000   
0.000   0.000   239.420   0.000   0.000   0.000   1.000   
0.000   0.000   239.420   0.000   0.000   0.000   1.000   
0.000   0.000   239.420   0.000   0.000   0.000   1.000   
0.000   0.000   239.420   0.000   0.000   0.000   1.000   
0.000   0.000   239.420   0.000   0.000   0.000   1.000   
0.000   0.000   239.420   0.000   0.000   0.000   1.000   
0.000   0.000   239.420   0.000   0.000   0.000   1.000   
0.000   0.000   239.420   0.000   0.000   0.000   1.000   
0.000   0.000   239.420   0.000   0.000   0.000   1.000   
0.000   0.000   239.420   0.000   0.000   0.000   1.000   
0.000   0.000   239.420   0.000   0.000   0.000   1.000   
0.000   0.000   239.420   0.000   0.000   0.000   1.000   
0.000   0.000   239.420   0.000   0.000   0.000   1.000   
0.000   0.000   239.420   0.000   0.000   0.000   1.000   
0.000   0.000   239.420   0.000   0.000   0.000   1.000   
0.000   0.000   239.420   0.000   0.000   0.000   1.000   
0.000   0.000   239.420   0.000   0.000   0.000   1.000   
0.000   0.000   239.420   0.000   0.000   0.000   1.000   
0.000   0.000   239.420   0.000   0.000   0.000   1.000   
0.000   0.000   239.420   0.000   0.000   0.000   1.000   
0.000   0.000   239.420   0.000   0.000   0.000   1.000   
0.000   0.000   239.420   0.000   0.000   0.000   1.000   
0.000   0.000   239.420   0.000   0.000   0.000   1.000   
0.000   0.000   239.420   0.000   0.000   0.000   1.000   
0.000   0.000   239.420   0.000   0.000   0.000   1.000   
0.000   0.000   239.420   0.000   0.000   0.000   1.000   
0.000   0.000   239.420   0.000   0.000   0.000   1.000   
0.000   0.000   239.420   0.000   0.000   0.000   1.000   
0.000   0.000   239.420   0.000   0.000   0.000   1.000   
0.000   0.000   239.420   0.000   0.000   0.000   1.000   
0.000   0.000   239.420   0.000   0.000   0.000   1.000   
0.000   0.000   239.420   0.000   0.000   0.000   1.000   
0.000   0.000   239.420   0.000   0.000   0.000   1.000   
0.000   0.000   239.420   0.000   0.000   0.000   1.000   
0.000   0.000   239.420   0.000   0.000   0.000   1.000   
0.000   0.000   239.420   0.000   0.000   0.000   1.000   
0.000   0.000   239.420   0.000   0.000   0.000   1.000   
0.000   0.000   239.420   0.000   0.000   0.000   1.000   
0.000   0.000   239.420   0.000   0.000   0.000   1.000   
0.000   0.000   239.420   0.000   0.000   0.000   1.000   
0.000   0.000   239.420   0.000   0.000   0.000   1.000   
0.000   0.000   239.420   0.000   0.000   0.000   1.000   
0.000   0.000   239.420   0.000   0.000   0.000   1.000   
0.000   0.000   239.420   0.000   0.000   0.000   1.000   
0.000   0.000   239.420   0.000   0.000   0.000   1.000   
0.000   0.000   239.420   0.000   0.000   0.000   1.000   
0.000   0.000   239.420   0.000   0.000   0.000   1.000   
0.000   0.000   239.420   0.000   0.000   0.000   1.000   
0.000   0.000   239.420   0.000   0.000   0.000   1.000   
0.000   0.000   239.420   0.000   0.000   0.000   1.000   
0.000   0.000   239.420   0.000   0.000   0.000   1.000   
0.000   0.000   239.420   0.000   0.000   0.000   1.000   
0.000   0.000   239.420   0.000   0.000   0.000   1.000   
0.000   0.000   239.420   0.000   0.000   0.000   1.000   
0.000   0.000   239.420   0.000   0.000   0.000   1.000   
0.000   0.000   239.420   0.000   0.000   0.000   1.000   
0.000   0.000   239.420   0.000   0.000   0.000   1.000   
0.000   0.000   239.420   0.000   0.000   0.000   1.000   
0.000   0.000   239.420   0.000   0.000   0.000   1.000   
0.000   0.000   239.420   0.000   0.000   0.000   1.000   
0.000   0.000   239.420   0.000   0.000   0.000   1.000   
0.000   0.000   239.420   0.000   0.000   0.000   1.000   
0.000   0.000   239.420   0.000   0.000   0.000   1.000   
0.000   0.000   239.420   0.000   0.000   0.000   1.000   
0.000   0.000   239.420   0.000   0.000   0.000   1.000   
0.000   0.000   239.420   0.000   0.000   0.000   1.000   
0.000   0.000   239.420   0.000   0.000   0.000   1.000   
0.000   0.000   239.420   0.000   0.000   0.000   1.000   
0.000   0.000   239.420   0.000   0.000   0.000   1.000   
0.000   0.000   239.420   0.000   0.000   0.000   1.000   
0.000   0.000   239.420   0.000   0.000   0.000   1.000   
0.000   0.000   239.420   0.000   0.000   0.000   1.000   
0.000   0.000   239.420   0.000   0.000   0.000   1.000   
0.000   0.000   239.420   0.000   0.000   0.000   1.000   
0.000   0.000   239.420   0.000   0.000   0.000   1.000   
0.000   0.000   239.420   0.000   0.000   0.000   1.000   
0.000   0.000   239.420   0.000   0.000   0.000   1.000   
0.000   0.000   239.420   0.000   0.000   0.000   1.000   
0.000   0.000   239.420   0.000   0.000   0.000   1.000   
0.000   0.000   239.420   0.000   0.000   0.000   1.000   
0.000   0.000   239.420   0.000   0.000   0.000   1.000   
0.000   0.000   239.420   0.000   0.000   0.000   1.000   
0.000   0.000   239.420   0.000   0.000   0.000   1.000   
0.000   0.000   239.420   0.000   0.000   0.000   1.000   
0.000   0.000   239.420   0.000   0.000   0.000   1.000   
0.000   0.000   239.420   0.000   0.000   0.000   1.000   
0.000   0.000   239.420   0.000   0.000   0.000   1.000   
0.000   0.000   239.420   0.000   0.000   0.000   1.000   
0.000   0.000   239.420   0.000   0.000   0.000   1.000   
0.000   0.000   239.420   0.000   0.000   0.000   1.000   
0.000   0.000   239.420   0.000   0.000   0.000   1.000   
0.000   0.000   239.420   0.000   0.000   0.000   1.000   
0.000   0.000   239.420   0.000   0.000   0.000   1.000   
0.000   0.000   239.420   0.000   0.000   0.000   1.000   
0.000   0.000   239.420   0.000   0.000   0.000   1.000   
0.000   0.000   239.420   0.000   0.000   0.000   1.000   
0.000   0.000   239.420   0.000   0.000   0.000   1.000   
0.000   0.000   239.420   0.000   0.000   0.000   1.000   
0.000   0.000   239.420   0.000   0.000   0.000   1.000   
0.000   0.000   239.420   0.000   0.000   0.000   1.000   
0.000   0.000   239.420   0.000   0.000   0.000   1.000   
0.000   0.000   239.420   0.000   0.000   0.000   1.000   
0.000   0.000   239.420   0.000   0.000   0.000   1.000   
0.000   0.000   239.420   0.000   0.000   0.000   1.000   
0.000   0.000   239.420   0.000   0.000   0.000   1.000   
0.000   0.000   239.420   0.000   0.000   0.000   1.000   
0.000   0.000   239.420   0.000   0.000   0.000   1.000   
0.000   0.000   239.420   0.000   0.000   0.000   1.000   
0.000   0.000   239.420   0.000   0.000   0.000   1.000   
0.000   0.000   239.420   0.000   0.000   0.000   1.000   
0.000   0.000   239.420   0.000   0.000   0.000   1.000   
0.000   0.000   239.420   0.000   0.000   0.000   1.000   
0.000   0.000   239.420   0.000   0.000   0.000   1.000   
0.000   0.000   239.420   0.000   0.000   0.000   1.000   
0.000   0.000   239.420   0.000   0.000   0.000   1.000   
0.000   0.000   239.420   0.000   0.000   0.000   1.000   
0.000   0.000   239.420   0.000   0.000   0.000   1.000   
0.000   0.000   239.420   0.000   0.000   0.000   1.000   
0.000   0.000   239.420   0.000   0.000   0.000   1.000   
0.000   0.000   239.420   0.000   0.000   0.000   1.000   
0.000   0.000   239.420   0.000   0.000   0.000   1.000   
0.000   0.000   239.420   0.000   0.000   0.000   1.000   
0.000   0.000   239.420   0.000   0.000   0.000   1.000   
0.000   0.000   239.420   0.000   0.000   0.000   1.000   
0.000   0.000   239.420   0.000   0.000   0.000   1.000   
0.000   0.000   239.420   0.000   0.000   0.000   1.000   
0.000   0.000   239.420   0.000   0.000   0.000   1.000   
0.000   0.000   239.420   0.000   0.000   0.000   1.000   
0.000   0.000   239.420   0.000   0.000   0.000   1.000   
0.000   0.000   239.420   0.000   0.000   0.000   1.000   
0.000   0.000   239.420   0.000   0.000   0.000   1.000   
0.000   0.000   239.420   0.000   0.000   0.000   1.000   
0.000   0.000   239.420   0.000   0.000   0.000   1.000   
0.000   0.000   239.420   0.000   0.000   0.000   1.000   
0.000   0.000   239.420   0.000   0.000   0.000   1.000   
0.000   0.000   239.420   0.000   0.000   0.000   1.000   
0.000   0.000   239.420   0.000   0.000   0.000   1.000   
0.000   0.000   239.420   0.000   0.000   0.000   1.000   
0.000   0.000   239.420   0.000   0.000   0.000   1.000   
0.000   0.000   239.420   0.000   0.000   0.000   1.000   
0.000   0.000   239.420   0.000   0.000   0.000   1.000   
0.000   0.000   239.420   0.000   0.000   0.000   1.000   
0.000   0.000   239.420   0.000   0.000   0.000   1.000   
0.000   0.000   239.420   0.000   0.000   0.000   1.000   
0.000   0.000   239.420   0.000   0.000   0.000   1.000   
0.000   0.000   239.420   0.000   0.000   0.000   1.000   
0.000   0.000   239.420   0.000   0.000   0.000   1.000   
0.000   0.000   239.420   0.000   0.000   0.000   1.000   
0.000   0.000   239.420   0.000   0.000   0.000   1.000   
0.000   0.000   239.420   0.000   0.000   0.000   1.000   
0.000   0.000   239.420   0.000   0.000   0.000   1.000   
0.000   0.000   239.420   0.000   0.000   0.000   1.000   
0.000   0.000   239.420   0.000   0.000   0.000   1.000   
0.000   0.000   239.420   0.000   0.000   0.000   1.000   
0.000   0.000   239.420   0.000   0.000   0.000   1.000   
0.000   0.000   239.420   0.000   0.000   0.000   1.000   
0.000   0.000   239.420   0.000   0.000   0.000   1.000   
0.000   0.000   239.420   0.000   0.000   0.000   1.000   
0.000   0.000   239.420   0.000   0.000   0.000   1.000   
0.000   0.000   239.420   0.000   0.000   0.000   1.000   
0.000   0.000   239.420   0.000   0.000   0.000   1.000   
0.000   0.000   239.420   0.000   0.000   0.000   1.000   
0.000   0.000   239.420   0.000   0.000   0.000   1.000   
0.000   0.000   239.420   0.000   0.000   0.000   1.000   
0.000   0.000   239.420   0.000   0.000   0.000   1.000   
0.000   0.000   239.420   0.000   0.000   0.000   1.000   
0.000   0.000   239.420   0.000   0.000   0.000   1.000   
0.000   0.000   239.420   0.000   0.000   0.000   1.000   
0.000   0.000   239.420   0.000   0.000   0.000   1.000   
0.000   0.000   239.420   0.000   0.000   0.000   1.000   
0.000   0.000   239.420   0.000   0.000   0.000   1.000   
0.000   0.000   239.420   0.000   0.000   0.000   1.000   
0.000   0.000   239.420   0.000   0.000   0.000   1.000   
0.000   0.000   239.420   0.000   0.000   0.000   1.000   
0.000   0.000   239.420   0.000   0.000   0.000   1.000   
0.000   0.000   239.420   0.000   0.000   0.000   1.000   
0.000   0.000   239.420   0.000   0.000   0.000   1.000   
0.000   0.000   239.420   0.000   0.000   0.000   1.000   
0.000   0.000   239.420   0.000   0.000   0.000   1.000   
0.000   0.000   239.420   0.000   0.000   0.000   1.000   
0.000   0.000   239.420   0.000   0.000   0.000   1.000   
0.000   0.000   239.420   0.000   0.000   0.000   1.000   
0.000   0.000   239.420   0.000   0.000   0.000   1.000   
0.000   0.000   239.420   0.000   0.000   0.000   1.000   
0.000   0.000   239.420   0.000   0.000   0.000   1.000   
0.000   0.000   239.420   0.000   0.000   0.000   1.000   
0.000   0.000   239.420   0.000   0.000   0.000   1.000   
0.000   0.000   239.420   0.000   0.000   0.000   1.000   
0.000   0.000   239.420   0.000   0.000   0.000   1.000   
0.000   0.000   239.420   0.000   0.000   0.000   1.000   
0.000   0.000   239.420   0.000   0.000   0.000   1.000   
0.000   0.000   239.420   0.000   0.000   0.000   1.000   
0.000   0.000   239.420   0.000   0.000   0.000   1.000   
0.000   0.000   239.420   0.000   0.000   0.000   1.000   
0.000   0.000   239.420   0.000   0.000   0.000   1.000   
0.000   0.000   239.420   0.000   0.000   0.000   1.000   
0.000   0.000   239.420   0.000   0.000   0.000   1.000   
0.000   0.000   239.420   0.000   0.000   0.000   1.000   
0.000   0.000   239.420   0.000   0.000   0.000   1.000   
0.000   0.000   239.420   0.000   0.000   0.000   1.000   
0.000   0.000   239.420   0.000   0.000   0.000   1.000   
0.000   0.000   239.420   0.000   0.000   0.000   1.000   
0.000   0.000   239.420   0.000   0.000   0.000   1.000   
0.000   0.000   239.420   0.000   0.000   0.000   1.000   
0.000   0.000   239.420   0.000   0.000   0.000   1.000   
0.000   0.000   239.420   0.000   0.000   0.000   1.000   
0.000   0.000   239.420   0.000   0.000   0.000   1.000   
0.000   0.000   239.420   0.000   0.000   0.000   1.000   
0.000   0.000   239.420   0.000   0.000   0.000   1.000   
0.000   0.000   239.420   0.000   0.000   0.000   1.000   
0.000   0.000   239.420   0.000   0.000   0.000   1.000   
0.000   0.000   239.420   0.000   0.000   0.000   1.000   
0.000   0.000   239.420   0.000   0.000   0.000   1.000   
0.000   0.000   239.420   0.000   0.000   0.000   1.000   
0.000   0.000   239.420   0.000   0.000   0.000   1.000   
0.000   0.000   239.420   0.000   0.000   0.000   1.000   
0.000   0.000   239.420   0.000   0.000   0.000   1.000   
0.000   0.000   239.420   0.000   0.000   0.000   1.000   
0.000   0.000   239.420   0.000   0.000   0.000   1.000   
0.000   0.000   239.420   0.000   0.000   0.000   1.000   
0.000   0.000   239.420   0.000   0.000   0.000   1.000   
0.000   0.000   239.420   0.000   0.000   0.000   1.000   
0.000   0.000   239.420   0.000   0.000   0.000   1.000   
0.000   0.000   239.420   0.000   0.000   0.000   1.000   
0.000   0.000   239.420   0.000   0.000   0.000   1.000   
0.000   0.000   239.420   0.000   0.000   0.000   1.000   
0.000   0.000   239.420   0.000   0.000   0.000   1.000   
0.000   0.000   239.420   0.000   0.000   0.000   1.000   
0.000   0.000   239.420   0.000   0.000   0.000   1.000   
0.000   0.000   239.420   0.000   0.000   0.000   1.000   
0.000   0.000   239.420   0.000   0.000   0.000   1.000   
0.000   0.000   239.420   0.000   0.000   0.000   1.000   
0.000   0.000   239.420   0.000   0.000   0.000   1.000   
0.000   0.000   239.420   0.000   0.000   0.000   1.000   
0.000   0.000   239.420   0.000   0.000   0.000   1.000   
0.000   0.000   239.420   0.000   0.000   0.000   1.000   
0.000   0.000   239.420   0.000   0.000   0.000   1.000   
0.000   0.000   239.420   0.000   0.000   0.000   1.000   
0.000   0.000   239.420   0.000   0.000   0.000   1.000   
0.000   0.000   239.420   0.000   0.000   0.000   1.000   
0.000   0.000   239.420   0.000   0.000   0.000   1.000   
0.000   0.000   239.420   0.000   0.000   0.000   1.000   
0.000   0.000   239.420   0.000   0.000   0.000   1.000   
0.000   0.000   239.420   0.000   0.000   0.000   1.000   
0.000   0.000   239.420   0.000   0.000   0.000   1.000   
0.000   0.000   239.420   0.000   0.000   0.000   1.000   
0.000   0.000   239.420   0.000   0.000   0.000   1.000   
0.000   0.000   239.420   0.000   0.000   0.000   1.000   
0.000   0.000   239.420   0.000   0.000   0.000   1.000   
0.000   0.000   239.420   0.000   0.000   0.000   1.000   
0.000   0.000   239.420   0.000   0.000   0.000   1.000   
0.000   0.000   239.420   0.000   0.000   0.000   1.000   
0.000   0.000   239.420   0.000   0.000   0.000   1.000   
0.000   0.000   239.420   0.000   0.000   0.000   1.000   
0.000   0.000   239.420   0.000   0.000   0.000   1.000   
0.000   0.000   239.420   0.000   0.000   0.000   1.000   
0.000   0.000   239.420   0.000   0.000   0.000   1.000   
0.000   0.000   239.420   0.000   0.000   0.000   1.000   
0.000   0.000   239.420   0.000   0.000   0.000   1.000   
0.000   0.000   239.420   0.000   0.000   0.000   1.000   
0.000   0.000   239.420   0.000   0.000   0.000   1.000   
0.000   0.000   239.420   0.000   0.000   0.000   1.000   
0.000   0.000   239.420   0.000   0.000   0.000   1.000   
0.000   0.000   239.420   0.000   0.000   0.000   1.000   
0.000   0.000   239.420   0.000   0.000   0.000   1.000   
0.000   0.000   239.420   0.000   0.000   0.000   1.000   
0.000   0.000   239.420   0.000   0.000   0.000   1.000   
0.000   0.000   239.420   0.000   0.000   0.000   1.000   
0.000   0.000   239.420   0.000   0.000   0.000   1.000   
0.000   0.000   239.420   0.000   0.000   0.000   1.000   
0.000   0.000   239.420   0.000   0.000   0.000   1.000   
0.000   0.000   239.420   0.000   0.000   0.000   1.000   
0.000   0.000   239.420   0.000   0.000   0.000   1.000   
0.000   0.000   239.420   0.000   0.000   0.000   1.000   
0.000   0.000   239.420   0.000   0.000   0.000   1.000   
0.000   0.000   239.420   0.000   0.000   0.000   1.000   
0.000   0.000   239.420   0.000   0.000   0.000   1.000   
0.000   0.000   239.420   0.000   0.000   0.000   1.000   
0.000   0.000   239.420   0.000   0.000   0.000   1.000   
0.000   0.000   239.420   0.000   0.000   0.000   1.000   
0.000   0.000   239.420   0.000   0.000   0.000   1.000   
0.000   0.000   239.420   0.000   0.000   0.000   1.000   
0.000   0.000   239.420   0.000   0.000   0.000   1.000   
0.000   0.000   239.420   0.000   0.000   0.000   1.000   
0.000   0.000   239.420   0.000   0.000   0.000   1.000   
0.000   0.000   239.420   0.000   0.000   0.000   1.000   
0.000   0.000   239.420   0.000   0.000   0.000   1.000   
0.000   0.000   239.420   0.000   0.000   0.000   1.000   
0.000   0.000   239.420   0.000   0.000   0.000   1.000   
0.000   0.000   239.420   0.000   0.000   0.000   1.000   
0.000   0.000   239.420   0.000   0.000   0.000   1.000   
0.000   0.000   239.420   0.000   0.000   0.000   1.000   
0.000   0.000   239.420   0.000   0.000   0.000   1.000   
0.000   0.000   239.420   0.000   0.000   0.000   1.000   
0.000   0.000   239.420   0.000   0.000   0.000   1.000   
0.000   0.000   239.420   0.000   0.000   0.000   1.000   
0.000   0.000   239.420   0.000   0.000   0.000   1.000   
0.000   0.000   239.420   0.000   0.000   0.000   1.000   
0.000   0.000   239.420   0.000   0.000   0.000   1.000   
0.000   0.000   239.420   0.000   0.000   0.000   1.000   
0.000   0.000   239.420   0.000   0.000   0.000   1.000   
0.000   0.000   239.420   0.000   0.000   0.000   1.000   
0.000   0.000   239.420   0.000   0.000   0.000   1.000   
0.000   0.000   239.420   0.000   0.000   0.000   1.000   
0.000   0.000   239.420   0.000   0.000   0.000   1.000   
0.000   0.000   239.420   0.000   0.000   0.000   1.000   
0.000   0.000   239.420   0.000   0.000   0.000   1.000   
0.000   0.000   239.420   0.000   0.000   0.000   1.000   
0.000   0.000   239.420   0.000   0.000   0.000   1.000   
0.000   0.000   239.420   0.000   0.000   0.000   1.000   
0.000   0.000   239.420   0.000   0.000   0.000   1.000   
0.000   0.000   239.420   0.000   0.000   0.000   1.000   
0.000   0.000   239.420   0.000   0.000   0.000   1.000   
0.000   0.000   239.420   0.000   0.000   0.000   1.000   
0.000   0.000   239.420   0.000   0.000   0.000   1.000   
0.000   0.000   239.420   0.000   0.000   0.000   1.000   
0.000   0.000   239.420   0.000   0.000   0.000   1.000   
0.000   0.000   239.420   0.000   0.000   0.000   1.000   
0.000   0.000   239.420   0.000   0.000   0.000   1.000   
0.000   0.000   239.420   0.000   0.000   0.000   1.000   
0.000   0.000   239.420   0.000   0.000   0.000   1.000   
0.000   0.000   239.420   0.000   0.000   0.000   1.000   
0.000   0.000   239.420   0.000   0.000   0.000   1.000   
0.000   0.000   239.420   0.000   0.000   0.000   1.000   
0.000   0.000   239.420   0.000   0.000   0.000   1.000   
0.000   0.000   239.420   0.000   0.000   0.000   1.000   
0.000   0.000   239.420   0.000   0.000   0.000   1.000   
0.000   0.000   239.420   0.000   0.000   0.000   1.000   
0.000   0.000   239.420   0.000   0.000   0.000   1.000   
0.000   0.000   239.420   0.000   0.000   0.000   1.000   
0.000   0.000   239.420   0.000   0.000   0.000   1.000   
0.000   0.000   239.420   0.000   0.000   0.000   1.000   
0.000   0.000   239.420   0.000   0.000   0.000   1.000   
0.000   0.000   239.420   0.000   0.000   0.000   1.000   
0.000   0.000   239.420   0.000   0.000   0.000   1.000   
0.000   0.000   239.420   0.000   0.000   0.000   1.000   
0.000   0.000   239.420   0.000   0.000   0.000   1.000   
0.000   0.000   239.420   0.000   0.000   0.000   1.000   
0.000   0.000   239.420   0.000   0.000   0.000   1.000   
0.000   0.000   239.420   0.000   0.000   0.000   1.000   
0.000   0.000   239.420   0.000   0.000   0.000   1.000   
0.000   0.000   239.420   0.000   0.000   0.000   1.000   
0.000   0.000   239.420   0.000   0.000   0.000   1.000   
0.000   0.000   239.420   0.000   0.000   0.000   1.000   
0.000   0.000   239.420   0.000   0.000   0.000   1.000   
0.000   0.000   239.420   0.000   0.000   0.000   1.000   
0.000   0.000   239.420   0.000   0.000   0.000   1.000   
0.000   0.000   239.420   0.000   0.000   0.000   1.000   
0.000   0.000   239.420   0.000   0.000   0.000   1.000   
0.000   0.000   239.420   0.000   0.000   0.000   1.000   
0.000   0.000   239.420   0.000   0.000   0.000   1.000   
0.000   0.000   239.420   0.000   0.000   0.000   1.000   
0.000   0.000   239.420   0.000   0.000   0.000   1.000   
0.000   0.000   239.420   0.000   0.000   0.000   1.000   
0.000   0.000   239.420   0.000   0.000   0.000   1.000   
0.000   0.000   239.420   0.000   0.000   0.000   1.000   
0.000   0.000   239.420   0.000   0.000   0.000   1.000   
0.000   0.000   239.420   0.000   0.000   0.000   1.000   
0.000   0.000   239.420   0.000   0.000   0.000   1.000   
0.000   0.000   239.420   0.000   0.000   0.000   1.000   
0.000   0.000   239.420   0.000   0.000   0.000   1.000   
0.000   0.000   239.420   0.000   0.000   0.000   1.000   
0.000   0.000   239.420   0.000   0.000   0.000   1.000   
0.000   0.000   239.420   0.000   0.000   0.000   1.000   
0.000   0.000   239.420   0.000   0.000   0.000   1.000   
0.000   0.000   239.420   0.000   0.000   0.000   1.000   
0.000   0.000   239.420   0.000   0.000   0.000   1.000   
0.000   0.000   239.420   0.000   0.000   0.000   1.000   
0.000   0.000   239.420   0.000   0.000   0.000   1.000   
0.000   0.000   239.420   0.000   0.000   0.000   1.000   
0.000   0.000   239.420   0.000   0.000   0.000   1.000   
0.000   0.000   239.420   0.000   0.000   0.000   1.000   
0.000   0.000   239.420   0.000   0.000   0.000   1.000   
0.000   0.000   239.420   0.000   0.000   0.000   1.000   
0.000   0.000   239.420   0.000   0.000   0.000   1.000   
0.000   0.000   239.420   0.000   0.000   0.000   1.000   
0.000   0.000   239.420   0.000   0.000   0.000   1.000   
0.000   0.000   239.420   0.000   0.000   0.000   1.000   
0.000   0.000   239.420   0.000   0.000   0.000   1.000   
0.000   0.000   239.420   0.000   0.000   0.000   1.000   
0.000   0.000   239.420   0.000   0.000   0.000   1.000   
0.000   0.000   239.420   0.000   0.000   0.000   1.000   
0.000   0.000   239.420   0.000   0.000   0.000   1.000   
0.000   0.000   239.420   0.000   0.000   0.000   1.000   
0.000   0.000   239.420   0.000   0.000   0.000   1.000   
0.000   0.000   239.420   0.000   0.000   0.000   1.000   
0.000   0.000   239.420   0.000   0.000   0.000   1.000   
0.000   0.000   239.420   0.000   0.000   0.000   1.000   
0.000   0.000   239.420   0.000   0.000   0.000   1.000   
0.000   0.000   239.420   0.000   0.000   0.000   1.000   
0.000   0.000   239.420   0.000   0.000   0.000   1.000   
0.000   0.000   239.420   0.000   0.000   0.000   1.000   
0.000   0.000   239.420   0.000   0.000   0.000   1.000   
0.000   0.000   239.420   0.000   0.000   0.000   1.000   
0.000   0.000   239.420   0.000   0.000   0.000   1.000   
0.000   0.000   239.420   0.000   0.000   0.000   1.000   
0.000   0.000   239.420   0.000   0.000   0.000   1.000   
0.000   0.000   239.420   0.000   0.000   0.000   1.000   
0.000   0.000   239.420   0.000   0.000   0.000   1.000   
0.000   0.000   239.420   0.000   0.000   0.000   1.000   
0.000   0.000   239.420   0.000   0.000   0.000   1.000   
0.000   0.000   239.420   0.000   0.000   0.000   1.000   
0.000   0.000   239.420   0.000   0.000   0.000   1.000   
0.000   0.000   239.420   0.000   0.000   0.000   1.000   
0.000   0.000   239.420   0.000   0.000   0.000   1.000   
0.000   0.000   239.420   0.000   0.000   0.000   1.000   
0.000   0.000   239.420   0.000   0.000   0.000   1.000   
0.000   0.000   239.420   0.000   0.000   0.000   1.000   
0.000   0.000   239.420   0.000   0.000   0.000   1.000   
0.000   0.000   239.420   0.000   0.000   0.000   1.000   
0.000   0.000   239.420   0.000   0.000   0.000   1.000   
0.000   0.000   239.420   0.000   0.000   0.000   1.000   
0.000   0.000   239.420   0.000   0.000   0.000   1.000   
0.000   0.000   239.420   0.000   0.000   0.000   1.000   
0.000   0.000   239.420   0.000   0.000   0.000   1.000   
0.000   0.000   239.420   0.000   0.000   0.000   1.000   
0.000   0.000   239.420   0.000   0.000   0.000   1.000   
0.000   0.000   239.420   0.000   0.000   0.000   1.000   
0.000   0.000   239.420   0.000   0.000   0.000   1.000   
0.000   0.000   239.420   0.000   0.000   0.000   1.000   
0.000   0.000   239.420   0.000   0.000   0.000   1.000   
0.000   0.000   239.420   0.000   0.000   0.000   1.000   
0.000   0.000   239.420   0.000   0.000   0.000   1.000   
0.000   0.000   239.420   0.000   0.000   0.000   1.000   
0.000   0.000   239.420   0.000   0.000   0.000   1.000   
0.000   0.000   239.420   0.000   0.000   0.000   1.000   
0.000   0.000   239.420   0.000   0.000   0.000   1.000   
0.000   0.000   239.420   0.000   0.000   0.000   1.000   
0.000   0.000   239.420   0.000   0.000   0.000   1.000   
0.000   0.000   239.420   0.000   0.000   0.000   1.000   
0.000   0.000   239.420   0.000   0.000   0.000   1.000   
0.000   0.000   239.420   0.000   0.000   0.000   1.000   
0.000   0.000   239.420   0.000   0.000   0.000   1.000   
0.000   0.000   239.420   0.000   0.000   0.000   1.000   
0.000   0.000   239.420   0.000   0.000   0.000   1.000   
0.000   0.000   239.420   0.000   0.000   0.000   1.000   
0.000   0.000   239.420   0.000   0.000   0.000   1.000   
0.000   0.000   239.420   0.000   0.000   0.000   1.000   
0.000   0.000   239.420   0.000   0.000   0.000   1.000   
0.000   0.000   239.420   0.000   0.000   0.000   1.000   
0.000   0.000   239.420   0.000   0.000   0.000   1.000   
0.000   0.000   239.420   0.000   0.000   0.000   1.000   
0.000   0.000   239.420   0.000   0.000   0.000   1.000   
0.000   0.000   239.420   0.000   0.000   0.000   1.000   
0.000   0.000   239.420   0.000   0.000   0.000   1.000   
0.000   0.000   239.420   0.000   0.000   0.000   1.000   
0.000   0.000   239.420   0.000   0.000   0.000   1.000   
0.000   0.000   239.420   0.000   0.000   0.000   1.000   
0.000   0.000   239.420   0.000   0.000   0.000   1.000   
0.000   0.000   239.420   0.000   0.000   0.000   1.000   
0.000   0.000   239.420   0.000   0.000   0.000   1.000   
0.000   0.000   239.420   0.000   0.000   0.000   1.000   
0.000   0.000   239.420   0.000   0.000   0.000   1.000   
0.000   0.000   239.420   0.000   0.000   0.000   1.000   
0.000   0.000   239.420   0.000   0.000   0.000   1.000   
0.000   0.000   239.420   0.000   0.000   0.000   1.000   
0.000   0.000   239.420   0.000   0.000   0.000   1.000   
0.000   0.000   239.420   0.000   0.000   0.000   1.000   
0.000   0.000   239.420   0.000   0.000   0.000   1.000   
0.000   0.000   239.420   0.000   0.000   0.000   1.000   
0.000   0.000   239.420   0.000   0.000   0.000   1.000   
0.000   0.000   239.420   0.000   0.000   0.000   1.000   
0.000   0.000   239.420   0.000   0.000   0.000   1.000   
0.000   0.000   239.420   0.000   0.000   0.000   1.000   
0.000   0.000   239.420   0.000   0.000   0.000   1.000   
0.000   0.000   239.420   0.000   0.000   0.000   1.000   
0.000   0.000   239.420   0.000   0.000   0.000   1.000   
0.000   0.000   239.420   0.000   0.000   0.000   1.000   
0.000   0.000   239.420   0.000   0.000   0.000   1.000   
0.000   0.000   239.420   0.000   0.000   0.000   1.000   
0.000   0.000   239.420   0.000   0.000   0.000   1.000   
0.000   0.000   239.420   0.000   0.000   0.000   1.000   
0.000   0.000   239.420   0.000   0.000   0.000   1.000   
0.000   0.000   239.420   0.000   0.000   0.000   1.000   
0.000   0.000   239.420   0.000   0.000   0.000   1.000   
0.000   0.000   239.420   0.000   0.000   0.000   1.000   
0.000   0.000   239.420   0.000   0.000   0.000   1.000   
0.000   0.000   239.420   0.000   0.000   0.000   1.000   
0.000   0.000   239.420   0.000   0.000   0.000   1.000   
0.000   0.000   239.420   0.000   0.000   0.000   1.000   
0.000   0.000   239.420   0.000   0.000   0.000   1.000   
0.000   0.000   239.420   0.000   0.000   0.000   1.000   
0.000   0.000   239.420   0.000   0.000   0.000   1.000   
0.000   0.000   239.420   0.000   0.000   0.000   1.000   
0.000   0.000   239.420   0.000   0.000   0.000   1.000   
0.000   0.000   239.420   0.000   0.000   0.000   1.000   
0.000   0.000   239.420   0.000   0.000   0.000   1.000   
0.000   0.000   239.420   0.000   0.000   0.000   1.000   
0.000   0.000   239.420   0.000   0.000   0.000   1.000   
0.000   0.000   239.420   0.000   0.000   0.000   1.000   
0.000   0.000   239.420   0.000   0.000   0.000   1.000   
0.000   0.000   239.420   0.000   0.000   0.000   1.000   
0.000   0.000   239.420   0.000   0.000   0.000   1.000   
0.000   0.000   239.420   0.000   0.000   0.000   1.000   
0.000   0.000   239.420   0.000   0.000   0.000   1.000   
0.000   0.000   239.420   0.000   0.000   0.000   1.000   
0.000   0.000   239.420   0.000   0.000   0.000   1.000   
0.000   0.000   239.420   0.000   0.000   0.000   1.000   
0.000   0.000   239.420   0.000   0.000   0.000   1.000   
0.000   0.000   239.420   0.000   0.000   0.000   1.000   
0.000   0.000   239.420   0.000   0.000   0.000   1.000   
0.000   0.000   239.420   0.000   0.000   0.000   1.000   
0.000   0.000   239.420   0.000   0.000   0.000   1.000   
0.000   0.000   239.420   0.000   0.000   0.000   1.000   
0.000   0.000   239.420   0.000   0.000   0.000   1.000   
0.000   0.000   239.420   0.000   0.000   0.000   1.000   
0.000   0.000   239.420   0.000   0.000   0.000   1.000   
0.000   0.000   239.420   0.000   0.000   0.000   1.000   
0.000   0.000   239.420   0.000   0.000   0.000   1.000   
0.000   0.000   239.420   0.000   0.000   0.000   1.000   
0.000   0.000   239.420   0.000   0.000   0.000   1.000   
0.000   0.000   239.420   0.000   0.000   0.000   1.000   
0.000   0.000   239.420   0.000   0.000   0.000   1.000   
0.000   0.000   239.420   0.000   0.000   0.000   1.000   
0.000   0.000   239.420   0.000   0.000   0.000   1.000   
0.000   0.000   239.420   0.000   0.000   0.000   1.000   
0.000   0.000   239.420   0.000   0.000   0.000   1.000   
0.000   0.000   239.420   0.000   0.000   0.000   1.000   
0.000   0.000   239.420   0.000   0.000   0.000   1.000   
0.000   0.000   239.420   0.000   0.000   0.000   1.000   
0.000   0.000   239.420   0.000   0.000   0.000   1.000   
0.000   0.000   239.420   0.000   0.000   0.000   1.000   
0.000   0.000   239.420   0.000   0.000   0.000   1.000   
0.000   0.000   239.420   0.000   0.000   0.000   1.000   
0.000   0.000   239.420   0.000   0.000   0.000   1.000   
0.000   0.000   239.420   0.000   0.000   0.000   1.000   
0.000   0.000   239.420   0.000   0.000   0.000   1.000   
0.000   0.000   239.420   0.000   0.000   0.000   1.000   
0.000   0.000   239.420   0.000   0.000   0.000   1.000   
0.000   0.000   239.420   0.000   0.000   0.000   1.000   
0.000   0.000   239.420   0.000   0.000   0.000   1.000   
0.000   0.000   239.420   0.000   0.000   0.000   1.000   
0.000   0.000   239.420   0.000   0.000   0.000   1.000   
0.000   0.000   239.420   0.000   0.000   0.000   1.000   
0.000   0.000   239.420   0.000   0.000   0.000   1.000   
0.000   0.000   239.420   0.000   0.000   0.000   1.000   
0.000   0.000   239.420   0.000   0.000   0.000   1.000   
0.000   0.000   239.420   0.000   0.000   0.000   1.000   
0.000   0.000   239.420   0.000   0.000   0.000   1.000   
0.000   0.000   239.420   0.000   0.000   0.000   1.000   
0.000   0.000   239.420   0.000   0.000   0.000   1.000   
0.000   0.000   239.420   0.000   0.000   0.000   1.000   
0.000   0.000   239.420   0.000   0.000   0.000   1.000   
0.000   0.000   239.420   0.000   0.000   0.000   1.000   
0.000   0.000   239.420   0.000   0.000   0.000   1.000   
0.000   0.000   239.420   0.000   0.000   0.000   1.000   
0.000   0.000   239.420   0.000   0.000   0.000   1.000   
0.000   0.000   239.420   0.000   0.000   0.000   1.000   
0.000   0.000   239.420   0.000   0.000   0.000   1.000   
0.000   0.000   239.420   0.000   0.000   0.000   1.000   
0.000   0.000   239.420   0.000   0.000   0.000   1.000   
0.000   0.000   239.420   0.000   0.000   0.000   1.000   
0.000   0.000   239.420   0.000   0.000   0.000   1.000   
0.000   0.000   239.420   0.000   0.000   0.000   1.000   
0.000   0.000   239.420   0.000   0.000   0.000   1.000   
0.000   0.000   239.420   0.000   0.000   0.000   1.000   
0.000   0.000   239.420   0.000   0.000   0.000   1.000   
0.000   0.000   239.420   0.000   0.000   0.000   1.000   
0.000   0.000   239.420   0.000   0.000   0.000   1.000   
0.000   0.000   239.420   0.000   0.000   0.000   1.000   
0.000   0.000   239.420   0.000   0.000   0.000   1.000   
0.000   0.000   239.420   0.000   0.000   0.000   1.000   
0.000   0.000   239.420   0.000   0.000   0.000   1.000   
0.000   0.000   239.420   0.000   0.000   0.000   1.000   
0.000   0.000   239.420   0.000   0.000   0.000   1.000   
0.000   0.000   239.420   0.000   0.000   0.000   1.000   
0.000   0.000   239.420   0.000   0.000   0.000   1.000   
0.000   0.000   239.420   0.000   0.000   0.000   1.000   
0.000   0.000   239.420   0.000   0.000   0.000   1.000   
0.000   0.000   239.420   0.000   0.000   0.000   1.000   
0.000   0.000   239.420   0.000   0.000   0.000   1.000   
0.000   0.000   239.420   0.000   0.000   0.000   1.000   
0.000   0.000   239.420   0.000   0.000   0.000   1.000   
0.000   0.000   239.420   0.000   0.000   0.000   1.000   
0.000   0.000   239.420   0.000   0.000   0.000   1.000   
0.000   0.000   239.420   0.000   0.000   0.000   1.000   
0.000   0.000   239.420   0.000   0.000   0.000   1.000   
0.000   0.000   239.420   0.000   0.000   0.000   1.000   
0.000   0.000   239.420   0.000   0.000   0.000   1.000   
0.000   0.000   239.420   0.000   0.000   0.000   1.000   
0.000   0.000   239.420   0.000   0.000   0.000   1.000   
0.000   0.000   239.420   0.000   0.000   0.000   1.000   
0.000   0.000   239.420   0.000   0.000   0.000   1.000   
0.000   0.000   239.420   0.000   0.000   0.000   1.000   
0.000   0.000   239.420   0.000   0.000   0.000   1.000   
0.000   0.000   239.420   0.000   0.000   0.000   1.000   
0.000   0.000   239.420   0.000   0.000   0.000   1.000   
0.000   0.000   239.420   0.000   0.000   0.000   1.000   
0.000   0.000   239.420   0.000   0.000   0.000   1.000   
0.000   0.000   239.420   0.000   0.000   0.000   1.000   
0.000   0.000   239.420   0.000   0.000   0.000   1.000   
0.000   0.000   239.420   0.000   0.000   0.000   1.000   
0.000   0.000   239.420   0.000   0.000   0.000   1.000   
0.000   0.000   239.420   0.000   0.000   0.000   1.000   
0.000   0.000   239.420   0.000   0.000   0.000   1.000   
0.000   0.000   239.420   0.000   0.000   0.000   1.000   
0.000   0.000   239.420   0.000   0.000   0.000   1.000   
0.000   0.000   239.420   0.000   0.000   0.000   1.000   
0.000   0.000   239.420   0.000   0.000   0.000   1.000   
0.000   0.000   239.420   0.000   0.000   0.000   1.000   
0.000   0.000   239.420   0.000   0.000   0.000   1.000   
0.000   0.000   239.420   0.000   0.000   0.000   1.000   
0.000   0.000   239.420   0.000   0.000   0.000   1.000   
0.000   0.000   239.420   0.000   0.000   0.000   1.000   
0.000   0.000   239.420   0.000   0.000   0.000   1.000   
0.000   0.000   239.420   0.000   0.000   0.000   1.000   
0.000   0.000   239.420   0.000   0.000   0.000   1.000   
0.000   0.000   239.420   0.000   0.000   0.000   1.000   
0.000   0.000   239.420   0.000   0.000   0.000   1.000   
0.000   0.000   239.420   0.000   0.000   0.000   1.000   
0.000   0.000   239.420   0.000   0.000   0.000   1.000   
0.000   0.000   239.420   0.000   0.000   0.000   1.000   
0.000   0.000   239.420   0.000   0.000   0.000   1.000   
0.000   0.000   239.420   0.000   0.000   0.000   1.000   
0.000   0.000   239.420   0.000   0.000   0.000   1.000   
0.000   0.000   239.420   0.000   0.000   0.000   1.000   
0.000   0.000   239.420   0.000   0.000   0.000   1.000   
0.000   0.000   239.420   0.000   0.000   0.000   1.000   
0.000   0.000   239.420   0.000   0.000   0.000   1.000   
0.000   0.000   239.420   0.000   0.000   0.000   1.000   
0.000   0.000   239.420   0.000   0.000   0.000   1.000   
0.000   0.000   239.420   0.000   0.000   0.000   1.000   
0.000   0.000   239.420   0.000   0.000   0.000   1.000   
0.000   0.000   239.420   0.000   0.000   0.000   1.000   
0.000   0.000   239.420   0.000   0.000   0.000   1.000   
0.000   0.000   239.420   0.000   0.000   0.000   1.000   
0.000   0.000   239.420   0.000   0.000   0.000   1.000   
0.000   0.000   239.420   0.000   0.000   0.000   1.000   
0.000   0.000   239.420   0.000   0.000   0.000   1.000   
0.000   0.000   239.420   0.000   0.000   0.000   1.000   
0.000   0.000   239.420   0.000   0.000   0.000   1.000   
0.000   0.000   239.420   0.000   0.000   0.000   1.000   
0.000   0.000   239.420   0.000   0.000   0.000   1.000   
0.000   0.000   239.420   0.000   0.000   0.000   1.000   
0.000   0.000   239.420   0.000   0.000   0.000   1.000   
0.000   0.000   239.420   0.000   0.000   0.000   1.000   
0.000   0.000   239.420   0.000   0.000   0.000   1.000   
0.000   0.000   239.420   0.000   0.000   0.000   1.000   
0.000   0.000   239.420   0.000   0.000   0.000   1.000   
0.000   0.000   239.420   0.000   0.000   0.000   1.000   
0.000   0.000   239.420   0.000   0.000   0.000   1.000   
0.000   0.000   239.420   0.000   0.000   0.000   1.000   
0.000   0.000   239.420   0.000   0.000   0.000   1.000   
0.000   0.000   239.420   0.000   0.000   0.000   1.000   
0.000   0.000   239.420   0.000   0.000   0.000   1.000   
0.000   0.000   239.420   0.000   0.000   0.000   1.000   
0.000   0.000   239.420   0.000   0.000   0.000   1.000   
0.000   0.000   239.420   0.000   0.000   0.000   1.000   
0.000   0.000   239.420   0.000   0.000   0.000   1.000   
0.000   0.000   239.420   0.000   0.000   0.000   1.000   
0.000   0.000   239.420   0.000   0.000   0.000   1.000   
0.000   0.000   239.420   0.000   0.000   0.000   1.000   
0.000   0.000   239.420   0.000   0.000   0.000   1.000   
0.000   0.000   239.420   0.000   0.000   0.000   1.000   
0.000   0.000   239.420   0.000   0.000   0.000   1.000   
0.000   0.000   239.420   0.000   0.000   0.000   1.000   
0.000   0.000   239.420   0.000   0.000   0.000   1.000   
0.000   0.000   239.420   0.000   0.000   0.000   1.000   
0.000   0.000   239.420   0.000   0.000   0.000   1.000   
0.000   0.000   239.420   0.000   0.000   0.000   1.000   
0.000   0.000   239.420   0.000   0.000   0.000   1.000   
0.000   0.000   239.420   0.000   0.000   0.000   1.000   
0.000   0.000   239.420   0.000   0.000   0.000   1.000   
0.000   0.000   239.420   0.000   0.000   0.000   1.000   
0.000   0.000   239.420   0.000   0.000   0.000   1.000   
0.000   0.000   239.420   0.000   0.000   0.000   1.000   
0.000   0.000   239.420   0.000   0.000   0.000   1.000   
0.000   0.000   239.420   0.000   0.000   0.000   1.000   
0.000   0.000   239.420   0.000   0.000   0.000   1.000   
0.000   0.000   239.420   0.000   0.000   0.000   1.000   
0.000   0.000   239.420   0.000   0.000   0.000   1.000   
0.000   0.000   239.420   0.000   0.000   0.000   1.000   
0.000   0.000   239.420   0.000   0.000   0.000   1.000   
0.000   0.000   239.420   0.000   0.000   0.000   1.000   
0.000   0.000   239.420   0.000   0.000   0.000   1.000   
0.000   0.000   239.420   0.000   0.000   0.000   1.000   
0.000   0.000   239.420   0.000   0.000   0.000   1.000   
0.000   0.000   239.420   0.000   0.000   0.000   1.000   
0.000   0.000   239.420   0.000   0.000   0.000   1.000   
0.000   0.000   239.420   0.000   0.000   0.000   1.000   
0.000   0.000   239.420   0.000   0.000   0.000   1.000   
0.000   0.000   239.420   0.000   0.000   0.000   1.000   
0.000   0.000   239.420   0.000   0.000   0.000   1.000   
0.000   0.000   239.420   0.000   0.000   0.000   1.000   
0.000   0.000   239.420   0.000   0.000   0.000   1.000   
0.000   0.000   239.420   0.000   0.000   0.000   1.000   
0.000   0.000   239.420   0.000   0.000   0.000   1.000   
0.000   0.000   239.420   0.000   0.000   0.000   1.000   
0.000   0.000   239.420   0.000   0.000   0.000   1.000   
0.000   0.000   239.420   0.000   0.000   0.000   1.000   
0.000   0.000   239.420   0.000   0.000   0.000   1.000   
0.000   0.000   239.420   0.000   0.000   0.000   1.000   
0.000   0.000   239.420   0.000   0.000   0.000   1.000   
0.000   0.000   239.420   0.000   0.000   0.000   1.000   
0.000   0.000   239.420   0.000   0.000   0.000   1.000   
0.000   0.000   239.420   0.000   0.000   0.000   1.000   
0.000   0.000   239.420   0.000   0.000   0.000   1.000   
0.000   0.000   239.420   0.000   0.000   0.000   1.000   
0.000   0.000   239.420   0.000   0.000   0.000   1.000   
0.000   0.000   239.420   0.000   0.000   0.000   1.000   
0.000   0.000   239.420   0.000   0.000   0.000   1.000   
0.000   0.000   239.420   0.000   0.000   0.000   1.000   
0.000   0.000   239.420   0.000   0.000   0.000   1.000   
0.000   0.000   239.420   0.000   0.000   0.000   1.000   
0.000   0.000   239.420   0.000   0.000   0.000   1.000   
0.000   0.000   239.420   0.000   0.000   0.000   1.000   
0.000   0.000   239.420   0.000   0.000   0.000   1.000   
0.000   0.000   239.420   0.000   0.000   0.000   1.000   
0.000   0.000   239.420   0.000   0.000   0.000   1.000   
0.000   0.000   239.420   0.000   0.000   0.000   1.000   
0.000   0.000   239.420   0.000   0.000   0.000   1.000   
0.000   0.000   239.420   0.000   0.000   0.000   1.000   
0.000   0.000   239.420   0.000   0.000   0.000   1.000   
0.000   0.000   239.420   0.000   0.000   0.000   1.000   
0.000   0.000   239.420   0.000   0.000   0.000   1.000   
0.000   0.000   239.420   0.000   0.000   0.000   1.000   
0.000   0.000   239.420   0.000   0.000   0.000   1.000   
0.000   0.000   239.420   0.000   0.000   0.000   1.000   
0.000   0.000   239.420   0.000   0.000   0.000   1.000   
0.000   0.000   239.420   0.000   0.000   0.000   1.000   
0.000   0.000   239.420   0.000   0.000   0.000   1.000   
0.000   0.000   239.420   0.000   0.000   0.000   1.000   
0.000   0.000   239.420   0.000   0.000   0.000   1.000   
0.000   0.000   239.420   0.000   0.000   0.000   1.000   
0.000   0.000   239.420   0.000   0.000   0.000   1.000   
0.000   0.000   239.420   0.000   0.000   0.000   1.000   
0.000   0.000   239.420   0.000   0.000   0.000   1.000   
0.000   0.000   239.420   0.000   0.000   0.000   1.000   
0.000   0.000   239.420   0.000   0.000   0.000   1.000   
0.000   0.000   239.420   0.000   0.000   0.000   1.000   
0.000   0.000   239.420   0.000   0.000   0.000   1.000   
0.000   0.000   239.420   0.000   0.000   0.000   1.000   
0.000   0.000   239.420   0.000   0.000   0.000   1.000   
0.000   0.000   239.420   0.000   0.000   0.000   1.000   
0.000   0.000   239.420   0.000   0.000   0.000   1.000   
0.000   0.000   239.420   0.000   0.000   0.000   1.000   
0.000   0.000   239.420   0.000   0.000   0.000   1.000   
0.000   0.000   239.420   0.000   0.000   0.000   1.000   
0.000   0.000   239.420   0.000   0.000   0.000   1.000   
0.000   0.000   239.420   0.000   0.000   0.000   1.000   
0.000   0.000   239.420   0.000   0.000   0.000   1.000   
0.000   0.000   239.420   0.000   0.000   0.000   1.000   
0.000   0.000   239.420   0.000   0.000   0.000   1.000   
0.000   0.000   239.420   0.000   0.000   0.000   1.000   
0.000   0.000   239.420   0.000   0.000   0.000   1.000   
0.000   0.000   239.420   0.000   0.000   0.000   1.000   
0.000   0.000   239.420   0.000   0.000   0.000   1.000   
0.000   0.000   239.420   0.000   0.000   0.000   1.000   
0.000   0.000   239.420   0.000   0.000   0.000   1.000   
0.000   0.000   239.420   0.000   0.000   0.000   1.000   
0.000   0.000   239.420   0.000   0.000   0.000   1.000   
0.000   0.000   239.420   0.000   0.000   0.000   1.000   
0.000   0.000   239.420   0.000   0.000   0.000   1.000   
0.000   0.000   239.420   0.000   0.000   0.000   1.000   
0.000   0.000   239.420   0.000   0.000   0.000   1.000   
0.000   0.000   239.420   0.000   0.000   0.000   1.000   
0.000   0.000   239.420   0.000   0.000   0.000   1.000   
0.000   0.000   239.420   0.000   0.000   0.000   1.000   
0.000   0.000   239.420   0.000   0.000   0.000   1.000   
0.000   0.000   239.420   0.000   0.000   0.000   1.000   
0.000   0.000   239.420   0.000   0.000   0.000   1.000   
0.000   0.000   239.420   0.000   0.000   0.000   1.000   
0.000   0.000   239.420   0.000   0.000   0.000   1.000   
0.000   0.000   239.420   0.000   0.000   0.000   1.000   
0.000   0.000   239.420   0.000   0.000   0.000   1.000   
0.000   0.000   239.420   0.000   0.000   0.000   1.000   
0.000   0.000   239.420   0.000   0.000   0.000   1.000   
0.000   0.000   239.420   0.000   0.000   0.000   1.000   
0.000   0.000   239.420   0.000   0.000   0.000   1.000   
0.000   0.000   239.420   0.000   0.000   0.000   1.000   
0.000   0.000   239.420   0.000   0.000   0.000   1.000   
0.000   0.000   239.420   0.000   0.000   0.000   1.000   
0.000   0.000   239.420   0.000   0.000   0.000   1.000   
0.000   0.000   239.420   0.000   0.000   0.000   1.000   
0.000   0.000   239.420   0.000   0.000   0.000   1.000   
0.000   0.000   239.420   0.000   0.000   0.000   1.000   
0.000   0.000   239.420   0.000   0.000   0.000   1.000   
0.000   0.000   239.420   0.000   0.000   0.000   1.000   
0.000   0.000   239.420   0.000   0.000   0.000   1.000   
0.000   0.000   239.420   0.000   0.000   0.000   1.000   
0.000   0.000   239.420   0.000   0.000   0.000   1.000   
0.000   0.000   239.420   0.000   0.000   0.000   1.000   
0.000   0.000   239.420   0.000   0.000   0.000   1.000   
0.000   0.000   239.420   0.000   0.000   0.000   1.000   
0.000   0.000   239.420   0.000   0.000   0.000   1.000   
0.000   0.000   239.420   0.000   0.000   0.000   1.000   
0.000   0.000   239.420   0.000   0.000   0.000   1.000   
0.000   0.000   239.420   0.000   0.000   0.000   1.000   
0.000   0.000   239.420   0.000   0.000   0.000   1.000   
0.000   0.000   239.420   0.000   0.000   0.000   1.000   
0.000   0.000   239.420   0.000   0.000   0.000   1.000   
0.000   0.000   239.420   0.000   0.000   0.000   1.000   
0.000   0.000   239.420   0.000   0.000   0.000   1.000   
0.000   0.000   239.420   0.000   0.000   0.000   1.000   
0.000   0.000   239.420   0.000   0.000   0.000   1.000   
0.000   0.000   239.420   0.000   0.000   0.000   1.000   
0.000   0.000   239.420   0.000   0.000   0.000   1.000   
0.000   0.000   239.420   0.000   0.000   0.000   1.000   
0.000   0.000   239.420   0.000   0.000   0.000   1.000   
0.000   0.000   239.420   0.000   0.000   0.000   1.000   
0.000   0.000   239.420   0.000   0.000   0.000   1.000   
0.000   0.000   239.420   0.000   0.000   0.000   1.000   
0.000   0.000   239.420   0.000   0.000   0.000   1.000   
0.000   0.000   239.420   0.000   0.000   0.000   1.000   
0.000   0.000   239.420   0.000   0.000   0.000   1.000   
0.000   0.000   239.420   0.000   0.000   0.000   1.000   
0.000   0.000   239.420   0.000   0.000   0.000   1.000   
0.000   0.000   239.420   0.000   0.000   0.000   1.000   
0.000   0.000   239.420   0.000   0.000   0.000   1.000   
0.000   0.000   239.420   0.000   0.000   0.000   1.000   
0.000   0.000   239.420   0.000   0.000   0.000   1.000   
0.000   0.000   239.420   0.000   0.000   0.000   1.000   
0.000   0.000   239.420   0.000   0.000   0.000   1.000   
0.000   0.000   239.420   0.000   0.000   0.000   1.000   
0.000   0.000   239.420   0.000   0.000   0.000   1.000   
0.000   0.000   239.420   0.000   0.000   0.000   1.000   
0.000   0.000   239.420   0.000   0.000   0.000   1.000   
0.000   0.000   239.420   0.000   0.000   0.000   1.000   
0.000   0.000   239.420   0.000   0.000   0.000   1.000   
0.000   0.000   239.420   0.000   0.000   0.000   1.000   
0.000   0.000   239.420   0.000   0.000   0.000   1.000   
0.000   0.000   239.420   0.000   0.000   0.000   1.000   
0.000   0.000   239.420   0.000   0.000   0.000   1.000   
0.000   0.000   239.420   0.000   0.000   0.000   1.000   
0.000   0.000   239.420   0.000   0.000   0.000   1.000   
0.000   0.000   239.420   0.000   0.000   0.000   1.000   
0.000   0.000   239.420   0.000   0.000   0.000   1.000   
0.000   0.000   239.420   0.000   0.000   0.000   1.000   
0.000   0.000   239.420   0.000   0.000   0.000   1.000   
0.000   0.000   239.420   0.000   0.000   0.000   1.000   
0.000   0.000   239.420   0.000   0.000   0.000   1.000   
0.000   0.000   239.420   0.000   0.000   0.000   1.000   
0.000   0.000   239.420   0.000   0.000   0.000   1.000   
0.000   0.000   239.420   0.000   0.000   0.000   1.000   
0.000   0.000   239.420   0.000   0.000   0.000   1.000   
0.000   0.000   239.420   0.000   0.000   0.000   1.000   
0.000   0.000   239.420   0.000   0.000   0.000   1.000   
0.000   0.000   239.420   0.000   0.000   0.000   1.000   
0.000   0.000   239.420   0.000   0.000   0.000   1.000   
0.000   0.000   239.420   0.000   0.000   0.000   1.000   
0.000   0.000   239.420   0.000   0.000   0.000   1.000   
0.000   0.000   239.420   0.000   0.000   0.000   1.000   
0.000   0.000   239.420   0.000   0.000   0.000   1.000   
0.000   0.000   239.420   0.000   0.000   0.000   1.000   
0.000   0.000   239.420   0.000   0.000   0.000   1.000   
0.000   0.000   239.420   0.000   0.000   0.000   1.000   
0.000   0.000   239.420   0.000   0.000   0.000   1.000   
0.000   0.000   239.420   0.000   0.000   0.000   1.000   
0.000   0.000   239.420   0.000   0.000   0.000   1.000   
0.000   0.000   239.420   0.000   0.000   0.000   1.000   
0.000   0.000   239.420   0.000   0.000   0.000   1.000   
0.000   0.000   239.420   0.000   0.000   0.000   1.000   
0.000   0.000   239.420   0.000   0.000   0.000   1.000   
0.000   0.000   239.420   0.000   0.000   0.000   1.000   
0.000   0.000   239.420   0.000   0.000   0.000   1.000   
0.000   0.000   239.420   0.000   0.000   0.000   1.000   
0.000   0.000   239.420   0.000   0.000   0.000   1.000   
0.000   0.000   239.420   0.000   0.000   0.000   1.000   
0.000   0.000   239.420   0.000   0.000   0.000   1.000   
0.000   0.000   239.420   0.000   0.000   0.000   1.000   
0.000   0.000   239.420   0.000   0.000   0.000   1.000   
0.000   0.000   239.420   0.000   0.000   0.000   1.000   
0.000   0.000   239.420   0.000   0.000   0.000   1.000   
0.000   0.000   239.420   0.000   0.000   0.000   1.000   
0.000   0.000   239.420   0.000   0.000   0.000   1.000   
0.000   0.000   239.420   0.000   0.000   0.000   1.000   
0.000   0.000   239.420   0.000   0.000   0.000   1.000   
0.000   0.000   239.420   0.000   0.000   0.000   1.000   
0.000   0.000   239.420   0.000   0.000   0.000   1.000   
0.000   0.000   239.420   0.000   0.000   0.000   1.000   
0.000   0.000   239.420   0.000   0.000   0.000   1.000   
0.000   0.000   239.420   0.000   0.000   0.000   1.000   
0.000   0.000   239.420   0.000   0.000   0.000   1.000   
0.000   0.000   239.420   0.000   0.000   0.000   1.000   
0.000   0.000   239.420   0.000   0.000   0.000   1.000   
0.000   0.000   239.420   0.000   0.000   0.000   1.000   
0.000   0.000   239.420   0.000   0.000   0.000   1.000   
0.000   0.000   239.420   0.000   0.000   0.000   1.000   
0.000   0.000   239.420   0.000   0.000   0.000   1.000   
0.000   0.000   239.420   0.000   0.000   0.000   1.000   
0.000   0.000   239.420   0.000   0.000   0.000   1.000   
0.000   0.000   239.420   0.000   0.000   0.000   1.000   
0.000   0.000   239.420   0.000   0.000   0.000   1.000   
0.000   0.000   239.420   0.000   0.000   0.000   1.000   
0.000   0.000   239.420   0.000   0.000   0.000   1.000   
0.000   0.000   239.420   0.000   0.000   0.000   1.000   
0.000   0.000   239.420   0.000   0.000   0.000   1.000   
0.000   0.000   239.420   0.000   0.000   0.000   1.000   
0.000   0.000   239.420   0.000   0.000   0.000   1.000   
0.000   0.000   239.420   0.000   0.000   0.000   1.000   
0.000   0.000   239.420   0.000   0.000   0.000   1.000   
0.000   0.000   239.420   0.000   0.000   0.000   1.000   
0.000   0.000   239.420   0.000   0.000   0.000   1.000   
0.000   0.000   239.420   0.000   0.000   0.000   1.000   
0.000   0.000   239.420   0.000   0.000   0.000   1.000   
0.000   0.000   239.420   0.000   0.000   0.000   1.000   
0.000   0.000   239.420   0.000   0.000   0.000   1.000   
0.000   0.000   239.420   0.000   0.000   0.000   1.000   
0.000   0.000   239.420   0.000   0.000   0.000   1.000   
0.000   0.000   239.420   0.000   0.000   0.000   1.000   
0.000   0.000   239.420   0.000   0.000   0.000   1.000   
0.000   0.000   239.420   0.000   0.000   0.000   1.000   
0.000   0.000   239.420   0.000   0.000   0.000   1.000   
0.000   0.000   239.420   0.000   0.000   0.000   1.000   
0.000   0.000   239.420   0.000   0.000   0.000   1.000   
0.000   0.000   239.420   0.000   0.000   0.000   1.000   
0.000   0.000   239.420   0.000   0.000   0.000   1.000   
0.000   0.000   239.420   0.000   0.000   0.000   1.000   
0.000   0.000   239.420   0.000   0.000   0.000   1.000   
0.000   0.000   239.420   0.000   0.000   0.000   1.000   
0.000   0.000   239.420   0.000   0.000   0.000   1.000   
0.000   0.000   239.420   0.000   0.000   0.000   1.000   
0.000   0.000   239.420   0.000   0.000   0.000   1.000   
0.000   0.000   239.420   0.000   0.000   0.000   1.000   
0.000   0.000   239.420   0.000   0.000   0.000   1.000   
0.000   0.000   239.420   0.000   0.000   0.000   1.000   
0.000   0.000   239.420   0.000   0.000   0.000   1.000   
0.000   0.000   239.420   0.000   0.000   0.000   1.000   
0.000   0.000   239.420   0.000   0.000   0.000   1.000   
0.000   0.000   239.420   0.000   0.000   0.000   1.000   
0.000   0.000   239.420   0.000   0.000   0.000   1.000   
0.000   0.000   239.420   0.000   0.000   0.000   1.000   
0.000   0.000   239.420   0.000   0.000   0.000   1.000   
0.000   0.000   239.420   0.000   0.000   0.000   1.000   
0.000   0.000   239.420   0.000   0.000   0.000   1.000   
0.000   0.000   239.420   0.000   0.000   0.000   1.000   
0.000   0.000   239.420   0.000   0.000   0.000   1.000   
0.000   0.000   239.420   0.000   0.000   0.000   1.000   
0.000   0.000   239.420   0.000   0.000   0.000   1.000   
0.000   0.000   239.420   0.000   0.000   0.000   1.000   
0.000   0.000   239.420   0.000   0.000   0.000   1.000   
0.000   0.000   239.420   0.000   0.000   0.000   1.000   
0.000   0.000   239.420   0.000   0.000   0.000   1.000   
0.000   0.000   239.420   0.000   0.000   0.000   1.000   
0.000   0.000   239.420   0.000   0.000   0.000   1.000   
0.000   0.000   239.420   0.000   0.000   0.000   1.000   
0.000   0.000   239.420   0.000   0.000   0.000   1.000   
0.000   0.000   239.420   0.000   0.000   0.000   1.000   
0.000   0.000   239.420   0.000   0.000   0.000   1.000   
0.000   0.000   239.420   0.000   0.000   0.000   1.000   
0.000   0.000   239.420   0.000   0.000   0.000   1.000   
0.000   0.000   239.420   0.000   0.000   0.000   1.000   
0.000   0.000   239.420   0.000   0.000   0.000   1.000   
0.000   0.000   239.420   0.000   0.000   0.000   1.000   
0.000   0.000   239.420   0.000   0.000   0.000   1.000   
0.000   0.000   239.420   0.000   0.000   0.000   1.000   
0.000   0.000   239.420   0.000   0.000   0.000   1.000   
0.000   0.000   239.420   0.000   0.000   0.000   1.000   
0.000   0.000   239.420   0.000   0.000   0.000   1.000   
0.000   0.000   239.420   0.000   0.000   0.000   1.000   
0.000   0.000   239.420   0.000   0.000   0.000   1.000   
0.000   0.000   239.420   0.000   0.000   0.000   1.000   
0.000   0.000   239.420   0.000   0.000   0.000   1.000   
0.000   0.000   239.420   0.000   0.000   0.000   1.000   
0.000   0.000   239.420   0.000   0.000   0.000   1.000   
0.000   0.000   239.420   0.000   0.000   0.000   1.000   
0.000   0.000   239.420   0.000   0.000   0.000   1.000   
0.000   0.000   239.420   0.000   0.000   0.000   1.000   
0.000   0.000   239.420   0.000   0.000   0.000   1.000   
0.000   0.000   239.420   0.000   0.000   0.000   1.000   
0.000   0.000   239.420   0.000   0.000   0.000   1.000   
0.000   0.000   239.420   0.000   0.000   0.000   1.000   
0.000   0.000   239.420   0.000   0.000   0.000   1.000   
0.000   0.000   239.420   0.000   0.000   0.000   1.000   
0.000   0.000   239.420   0.000   0.000   0.000   1.000   
0.000   0.000   239.420   0.000   0.000   0.000   1.000   
0.000   0.000   239.420   0.000   0.000   0.000   1.000   
0.000   0.000   239.420   0.000   0.000   0.000   1.000   
0.000   0.000   239.420   0.000   0.000   0.000   1.000   
0.000   0.000   239.420   0.000   0.000   0.000   1.000   
0.000   0.000   239.420   0.000   0.000   0.000   1.000   
0.000   0.000   239.420   0.000   0.000   0.000   1.000   
0.000   0.000   239.420   0.000   0.000   0.000   1.000   
0.000   0.000   239.420   0.000   0.000   0.000   1.000   
0.000   0.000   239.420   0.000   0.000   0.000   1.000   
0.000   0.000   239.420   0.000   0.000   0.000   1.000   
0.000   0.000   239.420   0.000   0.000   0.000   1.000   
0.000   0.000   239.420   0.000   0.000   0.000   1.000   
0.000   0.000   239.420   0.000   0.000   0.000   1.000   
0.000   0.000   239.420   0.000   0.000   0.000   1.000   
0.000   0.000   239.420   0.000   0.000   0.000   1.000   
0.000   0.000   239.420   0.000   0.000   0.000   1.000   
0.000   0.000   239.420   0.000   0.000   0.000   1.000   
0.000   0.000   239.420   0.000   0.000   0.000   1.000   
0.000   0.000   239.420   0.000   0.000   0.000   1.000   
0.000   0.000   239.420   0.000   0.000   0.000   1.000   
0.000   0.000   239.420   0.000   0.000   0.000   1.000   
0.000   0.000   239.420   0.000   0.000   0.000   1.000   
0.000   0.000   239.420   0.000   0.000   0.000   1.000   
0.000   0.000   239.420   0.000   0.000   0.000   1.000   
0.000   0.000   239.420   0.000   0.000   0.000   1.000   
0.000   0.000   239.420   0.000   0.000   0.000   1.000   
0.000   0.000   239.420   0.000   0.000   0.000   1.000   
0.000   0.000   239.420   0.000   0.000   0.000   1.000   
0.000   0.000   239.420   0.000   0.000   0.000   1.000   
0.000   0.000   239.420   0.000   0.000   0.000   1.000   
0.000   0.000   239.420   0.000   0.000   0.000   1.000   
0.000   0.000   239.420   0.000   0.000   0.000   1.000   
0.000   0.000   239.420   0.000   0.000   0.000   1.000   
0.000   0.000   239.420   0.000   0.000   0.000   1.000   
0.000   0.000   239.420   0.000   0.000   0.000   1.000   
0.000   0.000   239.420   0.000   0.000   0.000   1.000   
0.000   0.000   239.420   0.000   0.000   0.000   1.000   
0.000   0.000   239.420   0.000   0.000   0.000   1.000   
0.000   0.000   239.420   0.000   0.000   0.000   1.000   
0.000   0.000   239.420   0.000   0.000   0.000   1.000   
0.000   0.000   239.420   0.000   0.000   0.000   1.000   
0.000   0.000   239.420   0.000   0.000   0.000   1.000   
0.000   0.000   239.420   0.000   0.000   0.000   1.000   
0.000   0.000   239.420   0.000   0.000   0.000   1.000   
0.000   0.000   239.420   0.000   0.000   0.000   1.000   
0.000   0.000   239.420   0.000   0.000   0.000   1.000   
0.000   0.000   239.420   0.000   0.000   0.000   1.000   
0.000   0.000   239.420   0.000   0.000   0.000   1.000   
0.000   0.000   239.420   0.000   0.000   0.000   1.000   
0.000   0.000   239.420   0.000   0.000   0.000   1.000   
0.000   0.000   239.420   0.000   0.000   0.000   1.000   
0.000   0.000   239.420   0.000   0.000   0.000   1.000   
0.000   0.000   239.420   0.000   0.000   0.000   1.000   
0.000   0.000   239.420   0.000   0.000   0.000   1.000   
0.000   0.000   239.420   0.000   0.000   0.000   1.000   
0.000   0.000   239.420   0.000   0.000   0.000   1.000   
0.000   0.000   239.420   0.000   0.000   0.000   1.000   
0.000   0.000   239.420   0.000   0.000   0.000   1.000   
0.000   0.000   239.420   0.000   0.000   0.000   1.000   
0.000   0.000   239.420   0.000   0.000   0.000   1.000   
0.000   0.000   239.420   0.000   0.000   0.000   1.000   
0.000   0.000   239.420   0.000   0.000   0.000   1.000   
0.000   0.000   239.420   0.000   0.000   0.000   1.000   
0.000   0.000   239.420   0.000   0.000   0.000   1.000   
0.000   0.000   239.420   0.000   0.000   0.000   1.000   
0.000   0.000   239.420   0.000   0.000   0.000   1.000   
0.000   0.000   239.420   0.000   0.000   0.000   1.000   
0.000   0.000   239.420   0.000   0.000   0.000   1.000   
0.000   0.000   239.420   0.000   0.000   0.000   1.000   
0.000   0.000   239.420   0.000   0.000   0.000   1.000   
0.000   0.000   239.420   0.000   0.000   0.000   1.000   
0.000   0.000   239.420   0.000   0.000   0.000   1.000   
0.000   0.000   239.420   0.000   0.000   0.000   1.000   
0.000   0.000   239.420   0.000   0.000   0.000   1.000   
0.000   0.000   239.420   0.000   0.000   0.000   1.000   
0.000   0.000   239.420   0.000   0.000   0.000   1.000   
0.000   0.000   239.420   0.000   0.000   0.000   1.000   
0.000   0.000   239.420   0.000   0.000   0.000   1.000   
0.000   0.000   239.420   0.000   0.000   0.000   1.000   
0.000   0.000   239.420   0.000   0.000   0.000   1.000   
0.000   0.000   239.420   0.000   0.000   0.000   1.000   
0.000   0.000   239.420   0.000   0.000   0.000   1.000   
0.000   0.000   239.420   0.000   0.000   0.000   1.000   
0.000   0.000   239.420   0.000   0.000   0.000   1.000   
0.000   0.000   239.420   0.000   0.000   0.000   1.000   
0.000   0.000   239.420   0.000   0.000   0.000   1.000   
0.000   0.000   239.420   0.000   0.000   0.000   1.000   
0.000   0.000   239.420   0.000   0.000   0.000   1.000   
0.000   0.000   239.420   0.000   0.000   0.000   1.000   
0.000   0.000   239.420   0.000   0.000   0.000   1.000   
0.000   0.000   239.420   0.000   0.000   0.000   1.000   
0.000   0.000   239.420   0.000   0.000   0.000   1.000   
0.000   0.000   239.420   0.000   0.000   0.000   1.000   
0.000   0.000   239.420   0.000   0.000   0.000   1.000   
0.000   0.000   239.420   0.000   0.000   0.000   1.000   
0.000   0.000   239.420   0.000   0.000   0.000   1.000   
0.000   0.000   239.420   0.000   0.000   0.000   1.000   
0.000   0.000   239.420   0.000   0.000   0.000   1.000   
0.000   0.000   239.420   0.000   0.000   0.000   1.000   
0.000   0.000   239.420   0.000   0.000   0.000   1.000   
0.000   0.000   239.420   0.000   0.000   0.000   1.000   
0.000   0.000   239.420   0.000   0.000   0.000   1.000   
0.000   0.000   239.420   0.000   0.000   0.000   1.000   
0.000   0.000   239.420   0.000   0.000   0.000   1.000   
0.000   0.000   239.420   0.000   0.000   0.000   1.000   
0.000   0.000   239.420   0.000   0.000   0.000   1.000   
0.000   0.000   239.420   0.000   0.000   0.000   1.000   
0.000   0.000   239.420   0.000   0.000   0.000   1.000   
0.000   0.000   239.420   0.000   0.000   0.000   1.000   
0.000   0.000   239.420   0.000   0.000   0.000   1.000   
0.000   0.000   239.420   0.000   0.000   0.000   1.000   
0.000   0.000   239.420   0.000   0.000   0.000   1.000   
0.000   0.000   239.420   0.000   0.000   0.000   1.000   
0.000   0.000   239.420   0.000   0.000   0.000   1.000   
0.000   0.000   239.420   0.000   0.000   0.000   1.000   
0.000   0.000   239.420   0.000   0.000   0.000   1.000   
0.000   0.000   239.420   0.000   0.000   0.000   1.000   
0.000   0.000   239.420   0.000   0.000   0.000   1.000   
0.000   0.000   239.420   0.000   0.000   0.000   1.000   
0.000   0.000   239.420   0.000   0.000   0.000   1.000   
0.000   0.000   239.420   0.000   0.000   0.000   1.000   
0.000   0.000   239.420   0.000   0.000   0.000   1.000   
0.000   0.000   239.420   0.000   0.000   0.000   1.000   
0.000   0.000   239.420   0.000   0.000   0.000   1.000   
0.000   0.000   239.420   0.000   0.000   0.000   1.000   
0.000   0.000   239.420   0.000   0.000   0.000   1.000   
0.000   0.000   239.420   0.000   0.000   0.000   1.000   
0.000   0.000   239.420   0.000   0.000   0.000   1.000   
0.000   0.000   239.420   0.000   0.000   0.000   1.000   
0.000   0.000   239.420   0.000   0.000   0.000   1.000   
0.000   0.000   239.420   0.000   0.000   0.000   1.000   
0.000   0.000   239.420   0.000   0.000   0.000   1.000   
0.000   0.000   239.420   0.000   0.000   0.000   1.000   
0.000   0.000   239.420   0.000   0.000   0.000   1.000   
0.000   0.000   239.420   0.000   0.000   0.000   1.000   
0.000   0.000   239.420   0.000   0.000   0.000   1.000   
0.000   0.000   239.420   0.000   0.000   0.000   1.000   
0.000   0.000   239.420   0.000   0.000   0.000   1.000   
0.000   0.000   239.420   0.000   0.000   0.000   1.000   
0.000   0.000   239.420   0.000   0.000   0.000   1.000   
0.000   0.000   239.420   0.000   0.000   0.000   1.000   
0.000   0.000   239.420   0.000   0.000   0.000   1.000   
0.000   0.000   239.420   0.000   0.000   0.000   1.000   
0.000   0.000   239.420   0.000   0.000   0.000   1.000   
0.000   0.000   239.420   0.000   0.000   0.000   1.000   
0.000   0.000   239.420   0.000   0.000   0.000   1.000   
0.000   0.000   239.420   0.000   0.000   0.000   1.000   
0.000   0.000   239.420   0.000   0.000   0.000   1.000   
0.000   0.000   239.420   0.000   0.000   0.000   1.000   
0.000   0.000   239.420   0.000   0.000   0.000   1.000   
0.000   0.000   239.420   0.000   0.000   0.000   1.000   
0.000   0.000   239.420   0.000   0.000   0.000   1.000   
0.000   0.000   239.420   0.000   0.000   0.000   1.000   
0.000   0.000   239.420   0.000   0.000   0.000   1.000   
0.000   0.000   239.420   0.000   0.000   0.000   1.000   
0.000   0.000   239.420   0.000   0.000   0.000   1.000   
0.000   0.000   239.420   0.000   0.000   0.000   1.000   
0.000   0.000   239.420   0.000   0.000   0.000   1.000   
0.000   0.000   239.420   0.000   0.000   0.000   1.000   
0.000   0.000   239.420   0.000   0.000   0.000   1.000   
0.000   0.000   239.420   0.000   0.000   0.000   1.000   
0.000   0.000   239.420   0.000   0.000   0.000   1.000   
0.000   0.000   239.420   0.000   0.000   0.000   1.000   
0.000   0.000   239.420   0.000   0.000   0.000   1.000   
0.000   0.000   239.420   0.000   0.000   0.000   1.000   
0.000   0.000   239.420   0.000   0.000   0.000   1.000   
0.000   0.000   239.420   0.000   0.000   0.000   1.000   
0.000   0.000   239.420   0.000   0.000   0.000   1.000   
0.000   0.000   239.420   0.000   0.000   0.000   1.000   
0.000   0.000   239.420   0.000   0.000   0.000   1.000   
0.000   0.000   239.420   0.000   0.000   0.000   1.000   
0.000   0.000   239.420   0.000   0.000   0.000   1.000   
0.000   0.000   239.420   0.000   0.000   0.000   1.000   
0.000   0.000   239.420   0.000   0.000   0.000   1.000   
0.000   0.000   239.420   0.000   0.000   0.000   1.000   
0.000   0.000   239.420   0.000   0.000   0.000   1.000   
0.000   0.000   239.420   0.000   0.000   0.000   1.000   
0.000   0.000   239.420   0.000   0.000   0.000   1.000   
0.000   0.000   239.420   0.000   0.000   0.000   1.000   
0.000   0.000   239.420   0.000   0.000   0.000   1.000   
0.000   0.000   239.420   0.000   0.000   0.000   1.000   
0.000   0.000   239.420   0.000   0.000   0.000   1.000   
0.000   0.000   239.420   0.000   0.000   0.000   1.000   
0.000   0.000   239.420   0.000   0.000   0.000   1.000   
0.000   0.000   239.420   0.000   0.000   0.000   1.000   
0.000   0.000   239.420   0.000   0.000   0.000   1.000   
0.000   0.000   239.420   0.000   0.000   0.000   1.000   
0.000   0.000   239.420   0.000   0.000   0.000   1.000   
0.000   0.000   239.420   0.000   0.000   0.000   1.000   
0.000   0.000   239.420   0.000   0.000   0.000   1.000   
0.000   0.000   239.420   0.000   0.000   0.000   1.000   
0.000   0.000   239.420   0.000   0.000   0.000   1.000   
0.000   0.000   239.420   0.000   0.000   0.000   1.000   
0.000   0.000   239.420   0.000   0.000   0.000   1.000   
0.000   0.000   239.420   0.000   0.000   0.000   1.000   
0.000   0.000   239.420   0.000   0.000   0.000   1.000   
0.000   0.000   239.420   0.000   0.000   0.000   1.000   
0.000   0.000   239.420   0.000   0.000   0.000   1.000   
0.000   0.000   239.420   0.000   0.000   0.000   1.000   
0.000   0.000   239.420   0.000   0.000   0.000   1.000   
0.000   0.000   239.420   0.000   0.000   0.000   1.000   
0.000   0.000   239.420   0.000   0.000   0.000   1.000   
0.000   0.000   239.420   0.000   0.000   0.000   1.000   
0.000   0.000   239.420   0.000   0.000   0.000   1.000   
0.000   0.000   239.420   0.000   0.000   0.000   1.000   
0.000   0.000   239.420   0.000   0.000   0.000   1.000   
0.000   0.000   239.420   0.000   0.000   0.000   1.000   
0.000   0.000   239.420   0.000   0.000   0.000   1.000   
0.000   0.000   239.420   0.000   0.000   0.000   1.000   
0.000   0.000   239.420   0.000   0.000   0.000   1.000   
0.000   0.000   239.420   0.000   0.000   0.000   1.000   
0.000   0.000   239.420   0.000   0.000   0.000   1.000   
0.000   0.000   239.420   0.000   0.000   0.000   1.000   
0.000   0.000   239.420   0.000   0.000   0.000   1.000   
0.000   0.000   239.420   0.000   0.000   0.000   1.000   
0.000   0.000   239.420   0.000   0.000   0.000   1.000   
0.000   0.000   239.420   0.000   0.000   0.000   1.000   
0.000   0.000   239.420   0.000   0.000   0.000   1.000   
0.000   0.000   239.420   0.000   0.000   0.000   1.000   
0.000   0.000   239.420   0.000   0.000   0.000   1.000   
0.000   0.000   239.420   0.000   0.000   0.000   1.000   
0.000   0.000   239.420   0.000   0.000   0.000   1.000   
0.000   0.000   239.420   0.000   0.000   0.000   1.000   
0.000   0.000   239.420   0.000   0.000   0.000   1.000   
0.000   0.000   239.420   0.000   0.000   0.000   1.000   
0.000   0.000   239.420   0.000   0.000   0.000   1.000   
0.000   0.000   239.420   0.000   0.000   0.000   1.000   
0.000   0.000   239.420   0.000   0.000   0.000   1.000   
0.000   0.000   239.420   0.000   0.000   0.000   1.000   
0.000   0.000   239.420   0.000   0.000   0.000   1.000   
0.000   0.000   239.420   0.000   0.000   0.000   1.000   
0.000   0.000   239.420   0.000   0.000   0.000   1.000   
0.000   0.000   239.420   0.000   0.000   0.000   1.000   
0.000   0.000   239.420   0.000   0.000   0.000   1.000   
0.000   0.000   239.420   0.000   0.000   0.000   1.000   
0.000   0.000   239.420   0.000   0.000   0.000   1.000   
0.000   0.000   239.420   0.000   0.000   0.000   1.000   
0.000   0.000   239.420   0.000   0.000   0.000   1.000   
0.000   0.000   239.420   0.000   0.000   0.000   1.000   
0.000   0.000   239.420   0.000   0.000   0.000   1.000   
0.000   0.000   239.420   0.000   0.000   0.000   1.000   
0.000   0.000   239.420   0.000   0.000   0.000   1.000   
0.000   0.000   239.420   0.000   0.000   0.000   1.000   
0.000   0.000   239.420   0.000   0.000   0.000   1.000   
0.000   0.000   239.420   0.000   0.000   0.000   1.000   
0.000   0.000   239.420   0.000   0.000   0.000   1.000   
0.000   0.000   239.420   0.000   0.000   0.000   1.000   
0.000   0.000   239.420   0.000   0.000   0.000   1.000   
0.000   0.000   239.420   0.000   0.000   0.000   1.000   
0.000   0.000   239.420   0.000   0.000   0.000   1.000   
0.000   0.000   239.420   0.000   0.000   0.000   1.000   
0.000   0.000   239.420   0.000   0.000   0.000   1.000   
0.000   0.000   239.420   0.000   0.000   0.000   1.000   
0.000   0.000   239.420   0.000   0.000   0.000   1.000   
0.000   0.000   239.420   0.000   0.000   0.000   1.000   
0.000   0.000   239.420   0.000   0.000   0.000   1.000   
0.000   0.000   239.420   0.000   0.000   0.000   1.000   
0.000   0.000   239.420   0.000   0.000   0.000   1.000   
0.000   0.000   239.420   0.000   0.000   0.000   1.000   
0.000   0.000   239.420   0.000   0.000   0.000   1.000   
0.000   0.000   239.420   0.000   0.000   0.000   1.000   
0.000   0.000   239.420   0.000   0.000   0.000   1.000   
0.000   0.000   239.420   0.000   0.000   0.000   1.000   
0.000   0.000   239.420   0.000   0.000   0.000   1.000   
0.000   0.000   239.420   0.000   0.000   0.000   1.000   
0.000   0.000   239.420   0.000   0.000   0.000   1.000   
0.000   0.000   239.420   0.000   0.000   0.000   1.000   
0.000   0.000   239.420   0.000   0.000   0.000   1.000   
0.000   0.000   239.420   0.000   0.000   0.000   1.000   
0.000   0.000   239.420   0.000   0.000   0.000   1.000   
0.000   0.000   239.420   0.000   0.000   0.000   1.000   
0.000   0.000   239.420   0.000   0.000   0.000   1.000   
0.000   0.000   239.420   0.000   0.000   0.000   1.000   
0.000   0.000   239.420   0.000   0.000   0.000   1.000   
0.000   0.000   239.420   0.000   0.000   0.000   1.000   
0.000   0.000   239.420   0.000   0.000   0.000   1.000   
0.000   0.000   239.420   0.000   0.000   0.000   1.000   
0.000   0.000   239.420   0.000   0.000   0.000   1.000   
0.000   0.000   239.420   0.000   0.000   0.000   1.000   
0.000   0.000   239.420   0.000   0.000   0.000   1.000   
0.000   0.000   239.420   0.000   0.000   0.000   1.000   
0.000   0.000   239.420   0.000   0.000   0.000   1.000   
0.000   0.000   239.420   0.000   0.000   0.000   1.000   
0.000   0.000   239.420   0.000   0.000   0.000   1.000   
0.000   0.000   239.420   0.000   0.000   0.000   1.000   
0.000   0.000   239.420   0.000   0.000   0.000   1.000   
0.000   0.000   239.420   0.000   0.000   0.000   1.000   
0.000   0.000   239.420   0.000   0.000   0.000   1.000   
0.000   0.000   239.420   0.000   0.000   0.000   1.000   
0.000   0.000   239.420   0.000   0.000   0.000   1.000   
0.000   0.000   239.420   0.000   0.000   0.000   1.000   
0.000   0.000   239.420   0.000   0.000   0.000   1.000   
0.000   0.000   239.420   0.000   0.000   0.000   1.000   
0.000   0.000   239.420   0.000   0.000   0.000   1.000   
0.000   0.000   239.420   0.000   0.000   0.000   1.000   
0.000   0.000   239.420   0.000   0.000   0.000   1.000   
0.000   0.000   239.420   0.000   0.000   0.000   1.000   
0.000   0.000   239.420   0.000   0.000   0.000   1.000   
0.000   0.000   239.420   0.000   0.000   0.000   1.000   
0.000   0.000   239.420   0.000   0.000   0.000   1.000   
0.000   0.000   239.420   0.000   0.000   0.000   1.000   
0.000   0.000   239.420   0.000   0.000   0.000   1.000   
0.000   0.000   239.420   0.000   0.000   0.000   1.000   
0.000   0.000   239.420   0.000   0.000   0.000   1.000   
0.000   0.000   239.420   0.000   0.000   0.000   1.000   
0.000   0.000   239.420   0.000   0.000   0.000   1.000   
0.000   0.000   239.420   0.000   0.000   0.000   1.000   
0.000   0.000   239.420   0.000   0.000   0.000   1.000   
0.000   0.000   239.420   0.000   0.000   0.000   1.000   
0.000   0.000   239.420   0.000   0.000   0.000   1.000   
0.000   0.000   239.420   0.000   0.000   0.000   1.000   
0.000   0.000   239.420   0.000   0.000   0.000   1.000   
0.000   0.000   239.420   0.000   0.000   0.000   1.000   
0.000   0.000   239.420   0.000   0.000   0.000   1.000   
0.000   0.000   239.420   0.000   0.000   0.000   1.000   
0.000   0.000   239.420   0.000   0.000   0.000   1.000   
0.000   0.000   239.420   0.000   0.000   0.000   1.000   
0.000   0.000   239.420   0.000   0.000   0.000   1.000   
0.000   0.000   239.420   0.000   0.000   0.000   1.000   
0.000   0.000   239.420   0.000   0.000   0.000   1.000   
0.000   0.000   239.420   0.000   0.000   0.000   1.000   
0.000   0.000   239.420   0.000   0.000   0.000   1.000   
0.000   0.000   239.420   0.000   0.000   0.000   1.000   
0.000   0.000   239.420   0.000   0.000   0.000   1.000   
0.000   0.000   239.420   0.000   0.000   0.000   1.000   
0.000   0.000   239.420   0.000   0.000   0.000   1.000   
0.000   0.000   239.420   0.000   0.000   0.000   1.000   
0.000   0.000   239.420   0.000   0.000   0.000   1.000   
0.000   0.000   239.420   0.000   0.000   0.000   1.000   
0.000   0.000   239.420   0.000   0.000   0.000   1.000   
0.000   0.000   239.420   0.000   0.000   0.000   1.000   
0.000   0.000   239.420   0.000   0.000   0.000   1.000   
0.000   0.000   239.420   0.000   0.000   0.000   1.000   
0.000   0.000   239.420   0.000   0.000   0.000   1.000   
0.000   0.000   239.420   0.000   0.000   0.000   1.000   
0.000   0.000   239.420   0.000   0.000   0.000   1.000   
0.000   0.000   239.420   0.000   0.000   0.000   1.000   
0.000   0.000   239.420   0.000   0.000   0.000   1.000   
0.000   0.000   239.420   0.000   0.000   0.000   1.000   
0.000   0.000   239.420   0.000   0.000   0.000   1.000   
0.000   0.000   239.420   0.000   0.000   0.000   1.000   
0.000   0.000   239.420   0.000   0.000   0.000   1.000   
0.000   0.000   239.420   0.000   0.000   0.000   1.000   
0.000   0.000   239.420   0.000   0.000   0.000   1.000   
0.000   0.000   239.420   0.000   0.000   0.000   1.000   
0.000   0.000   239.420   0.000   0.000   0.000   1.000   
0.000   0.000   239.420   0.000   0.000   0.000   1.000   
0.000   0.000   239.420   0.000   0.000   0.000   1.000   
0.000   0.000   239.420   0.000   0.000   0.000   1.000   
0.000   0.000   239.420   0.000   0.000   0.000   1.000   
0.000   0.000   239.420   0.000   0.000   0.000   1.000   
0.000   0.000   239.420   0.000   0.000   0.000   1.000   
0.000   0.000   239.420   0.000   0.000   0.000   1.000   
0.000   0.000   239.420   0.000   0.000   0.000   1.000   
0.000   0.000   239.420   0.000   0.000   0.000   1.000   
0.000   0.000   239.420   0.000   0.000   0.000   1.000   
0.000   0.000   239.420   0.000   0.000   0.000   1.000   
0.000   0.000   239.420   0.000   0.000   0.000   1.000   
0.000   0.000   239.420   0.000   0.000   0.000   1.000   
0.000   0.000   239.420   0.000   0.000   0.000   1.000   
0.000   0.000   239.420   0.000   0.000   0.000   1.000   
0.000   0.000   239.420   0.000   0.000   0.000   1.000   
0.000   0.000   239.420   0.000   0.000   0.000   1.000   
0.000   0.000   239.420   0.000   0.000   0.000   1.000   
0.000   0.000   239.420   0.000   0.000   0.000   1.000   
0.000   0.000   239.420   0.000   0.000   0.000   1.000   
0.000   0.000   239.420   0.000   0.000   0.000   1.000   
0.000   0.000   239.420   0.000   0.000   0.000   1.000   
0.000   0.000   239.420   0.000   0.000   0.000   1.000   
0.000   0.000   239.420   0.000   0.000   0.000   1.000   
0.000   0.000   239.420   0.000   0.000   0.000   1.000   
0.000   0.000   239.420   0.000   0.000   0.000   1.000   
0.000   0.000   239.420   0.000   0.000   0.000   1.000   
0.000   0.000   239.420   0.000   0.000   0.000   1.000   
0.000   0.000   239.420   0.000   0.000   0.000   1.000   
0.000   0.000   239.420   0.000   0.000   0.000   1.000   
0.000   0.000   239.420   0.000   0.000   0.000   1.000   
0.000   0.000   239.420   0.000   0.000   0.000   1.000   
0.000   0.000   239.420   0.000   0.000   0.000   1.000   
0.000   0.000   239.420   0.000   0.000   0.000   1.000   
0.000   0.000   239.420   0.000   0.000   0.000   1.000   
0.000   0.000   239.420   0.000   0.000   0.000   1.000   
0.000   0.000   239.420   0.000   0.000   0.000   1.000   
0.000   0.000   239.420   0.000   0.000   0.000   1.000   
0.000   0.000   239.420   0.000   0.000   0.000   1.000   
0.000   0.000   239.420   0.000   0.000   0.000   1.000   
0.000   0.000   239.420   0.000   0.000   0.000   1.000   
0.000   0.000   239.420   0.000   0.000   0.000   1.000   
0.000   0.000   239.420   0.000   0.000   0.000   1.000   
0.000   0.000   239.420   0.000   0.000   0.000   1.000   
0.000   0.000   239.420   0.000   0.000   0.000   1.000   
0.000   0.000   239.420   0.000   0.000   0.000   1.000   
0.000   0.000   239.420   0.000   0.000   0.000   1.000   
0.000   0.000   239.420   0.000   0.000   0.000   1.000   
0.000   0.000   239.420   0.000   0.000   0.000   1.000   
0.000   0.000   239.420   0.000   0.000   0.000   1.000   
0.000   0.000   239.420   0.000   0.000   0.000   1.000   
0.000   0.000   239.420   0.000   0.000   0.000   1.000   
0.000   0.000   239.420   0.000   0.000   0.000   1.000   
0.000   0.000   239.420   0.000   0.000   0.000   1.000   
0.000   0.000   239.420   0.000   0.000   0.000   1.000   
0.000   0.000   239.420   0.000   0.000   0.000   1.000   
0.000   0.000   239.420   0.000   0.000   0.000   1.000   
0.000   0.000   239.420   0.000   0.000   0.000   1.000   
0.000   0.000   239.420   0.000   0.000   0.000   1.000   
0.000   0.000   239.420   0.000   0.000   0.000   1.000   
0.000   0.000   239.420   0.000   0.000   0.000   1.000   
0.000   0.000   239.420   0.000   0.000   0.000   1.000   
0.000   0.000   239.420   0.000   0.000   0.000   1.000   
0.000   0.000   239.420   0.000   0.000   0.000   1.000   
0.000   0.000   239.420   0.000   0.000   0.000   1.000   
0.000   0.000   239.420   0.000   0.000   0.000   1.000   
0.000   0.000   239.420   0.000   0.000   0.000   1.000   
0.000   0.000   239.420   0.000   0.000   0.000   1.000   
0.000   0.000   239.420   0.000   0.000   0.000   1.000   
0.000   0.000   239.420   0.000   0.000   0.000   1.000   
0.000   0.000   239.420   0.000   0.000   0.000   1.000   
0.000   0.000   239.420   0.000   0.000   0.000   1.000   
0.000   0.000   239.420   0.000   0.000   0.000   1.000   
0.000   0.000   239.420   0.000   0.000   0.000   1.000   
0.000   0.000   239.420   0.000   0.000   0.000   1.000   
0.000   0.000   239.420   0.000   0.000   0.000   1.000   
0.000   0.000   239.420   0.000   0.000   0.000   1.000   
0.000   0.000   239.420   0.000   0.000   0.000   1.000   
0.000   0.000   239.420   0.000   0.000   0.000   1.000   
0.000   0.000   239.420   0.000   0.000   0.000   1.000   
0.000   0.000   239.420   0.000   0.000   0.000   1.000   
0.000   0.000   239.420   0.000   0.000   0.000   1.000   
0.000   0.000   239.420   0.000   0.000   0.000   1.000   
0.000   0.000   239.420   0.000   0.000   0.000   1.000   
0.000   0.000   239.420   0.000   0.000   0.000   1.000   
0.000   0.000   239.420   0.000   0.000   0.000   1.000   
0.000   0.000   239.420   0.000   0.000   0.000   1.000   
0.000   0.000   239.420   0.000   0.000   0.000   1.000   
0.000   0.000   239.420   0.000   0.000   0.000   1.000   
0.000   0.000   239.420   0.000   0.000   0.000   1.000   
0.000   0.000   239.420   0.000   0.000   0.000   1.000   
0.000   0.000   239.420   0.000   0.000   0.000   1.000   
0.000   0.000   239.420   0.000   0.000   0.000   1.000   
0.000   0.000   239.420   0.000   0.000   0.000   1.000   
0.000   0.000   239.420   0.000   0.000   0.000   1.000   
0.000   0.000   239.420   0.000   0.000   0.000   1.000   
0.000   0.000   239.420   0.000   0.000   0.000   1.000   
0.000   0.000   239.420   0.000   0.000   0.000   1.000   
0.000   0.000   239.420   0.000   0.000   0.000   1.000   
0.000   0.000   239.420   0.000   0.000   0.000   1.000   
0.000   0.000   239.420   0.000   0.000   0.000   1.000   
0.000   0.000   239.420   0.000   0.000   0.000   1.000   
0.000   0.000   239.420   0.000   0.000   0.000   1.000   
0.000   0.000   239.420   0.000   0.000   0.000   1.000   
0.000   0.000   239.420   0.000   0.000   0.000   1.000   
0.000   0.000   239.420   0.000   0.000   0.000   1.000   
0.000   0.000   239.420   0.000   0.000   0.000   1.000   
0.000   0.000   239.420   0.000   0.000   0.000   1.000   
0.000   0.000   239.420   0.000   0.000   0.000   1.000   
0.000   0.000   239.420   0.000   0.000   0.000   1.000   
0.000   0.000   239.420   0.000   0.000   0.000   1.000   
0.000   0.000   239.420   0.000   0.000   0.000   1.000   
0.000   0.000   239.420   0.000   0.000   0.000   1.000   
0.000   0.000   239.420   0.000   0.000   0.000   1.000   
0.000   0.000   239.420   0.000   0.000   0.000   1.000   
0.000   0.000   239.420   0.000   0.000   0.000   1.000   
0.000   0.000   239.420   0.000   0.000   0.000   1.000   
0.000   0.000   239.420   0.000   0.000   0.000   1.000   
0.000   0.000   239.420   0.000   0.000   0.000   1.000   
0.000   0.000   239.420   0.000   0.000   0.000   1.000   
0.000   0.000   239.420   0.000   0.000   0.000   1.000   
0.000   0.000   239.420   0.000   0.000   0.000   1.000   
0.000   0.000   239.420   0.000   0.000   0.000   1.000   
0.000   0.000   239.420   0.000   0.000   0.000   1.000   
0.000   0.000   239.420   0.000   0.000   0.000   1.000   
0.000   0.000   239.420   0.000   0.000   0.000   1.000   
0.000   0.000   239.420   0.000   0.000   0.000   1.000   
0.000   0.000   239.420   0.000   0.000   0.000   1.000   
0.000   0.000   239.420   0.000   0.000   0.000   1.000   
0.000   0.000   239.420   0.000   0.000   0.000   1.000   
0.000   0.000   239.420   0.000   0.000   0.000   1.000   
0.000   0.000   239.420   0.000   0.000   0.000   1.000   
0.000   0.000   239.420   0.000   0.000   0.000   1.000   
0.000   0.000   239.420   0.000   0.000   0.000   1.000   
0.000   0.000   239.420   0.000   0.000   0.000   1.000   
0.000   0.000   239.420   0.000   0.000   0.000   1.000   
0.000   0.000   239.420   0.000   0.000   0.000   1.000   
0.000   0.000   239.420   0.000   0.000   0.000   1.000   
0.000   0.000   239.420   0.000   0.000   0.000   1.000   
0.000   0.000   239.420   0.000   0.000   0.000   1.000   
0.000   0.000   239.420   0.000   0.000   0.000   1.000   
0.000   0.000   239.420   0.000   0.000   0.000   1.000   
0.000   0.000   239.420   0.000   0.000   0.000   1.000   
0.000   0.000   239.420   0.000   0.000   0.000   1.000   
0.000   0.000   239.420   0.000   0.000   0.000   1.000   
0.000   0.000   239.420   0.000   0.000   0.000   1.000   
0.000   0.000   239.420   0.000   0.000   0.000   1.000   
0.000   0.000   239.420   0.000   0.000   0.000   1.000   
0.000   0.000   239.420   0.000   0.000   0.000   1.000   
0.000   0.000   239.420   0.000   0.000   0.000   1.000   
0.000   0.000   239.420   0.000   0.000   0.000   1.000   
0.000   0.000   239.420   0.000   0.000   0.000   1.000   
0.000   0.000   239.420   0.000   0.000   0.000   1.000   
0.000   0.000   239.420   0.000   0.000   0.000   1.000   
0.000   0.000   239.420   0.000   0.000   0.000   1.000   
0.000   0.000   239.420   0.000   0.000   0.000   1.000   
0.000   0.000   239.420   0.000   0.000   0.000   1.000   
0.000   0.000   239.420   0.000   0.000   0.000   1.000   
0.000   0.000   239.420   0.000   0.000   0.000   1.000   
0.000   0.000   239.420   0.000   0.000   0.000   1.000   
0.000   0.000   239.420   0.000   0.000   0.000   1.000   
0.000   0.000   239.420   0.000   0.000   0.000   1.000   
0.000   0.000   239.420   0.000   0.000   0.000   1.000   
0.000   0.000   239.420   0.000   0.000   0.000   1.000   
0.000   0.000   239.420   0.000   0.000   0.000   1.000   
0.000   0.000   239.420   0.000   0.000   0.000   1.000   
0.000   0.000   239.420   0.000   0.000   0.000   1.000   
0.000   0.000   239.420   0.000   0.000   0.000   1.000   
0.000   0.000   239.420   0.000   0.000   0.000   1.000   
0.000   0.000   239.420   0.000   0.000   0.000   1.000   
0.000   0.000   239.420   0.000   0.000   0.000   1.000   
0.000   0.000   239.420   0.000   0.000   0.000   1.000   
0.000   0.000   239.420   0.000   0.000   0.000   1.000   
0.000   0.000   239.420   0.000   0.000   0.000   1.000   
0.000   0.000   239.420   0.000   0.000   0.000   1.000   
0.000   0.000   239.420   0.000   0.000   0.000   1.000   
0.000   0.000   239.420   0.000   0.000   0.000   1.000   
0.000   0.000   239.420   0.000   0.000   0.000   1.000   
0.000   0.000   239.420   0.000   0.000   0.000   1.000   
0.000   0.000   239.420   0.000   0.000   0.000   1.000   
0.000   0.000   239.420   0.000   0.000   0.000   1.000   
0.000   0.000   239.420   0.000   0.000   0.000   1.000   
0.000   0.000   239.420   0.000   0.000   0.000   1.000   
0.000   0.000   239.420   0.000   0.000   0.000   1.000   
0.000   0.000   239.420   0.000   0.000   0.000   1.000   
0.000   0.000   239.420   0.000   0.000   0.000   1.000   
0.000   0.000   239.420   0.000   0.000   0.000   1.000   
0.000   0.000   239.420   0.000   0.000   0.000   1.000   
0.000   0.000   239.420   0.000   0.000   0.000   1.000   
0.000   0.000   239.420   0.000   0.000   0.000   1.000   
0.000   0.000   239.420   0.000   0.000   0.000   1.000   
0.000   0.000   239.420   0.000   0.000   0.000   1.000   
0.000   0.000   239.420   0.000   0.000   0.000   1.000   
0.000   0.000   239.420   0.000   0.000   0.000   1.000   
0.000   0.000   239.420   0.000   0.000   0.000   1.000   
0.000   0.000   239.420   0.000   0.000   0.000   1.000   
0.000   0.000   239.420   0.000   0.000   0.000   1.000   
0.000   0.000   239.420   0.000   0.000   0.000   1.000   
0.000   0.000   239.420   0.000   0.000   0.000   1.000   
0.000   0.000   239.420   0.000   0.000   0.000   1.000   
0.000   0.000   239.420   0.000   0.000   0.000   1.000   
0.000   0.000   239.420   0.000   0.000   0.000   1.000   
0.000   0.000   239.420   0.000   0.000   0.000   1.000   
0.000   0.000   239.420   0.000   0.000   0.000   1.000   
0.000   0.000   239.420   0.000   0.000   0.000   1.000   
0.000   0.000   239.420   0.000   0.000   0.000   1.000   
0.000   0.000   239.420   0.000   0.000   0.000   1.000   
0.000   0.000   239.420   0.000   0.000   0.000   1.000   
0.000   0.000   239.420   0.000   0.000   0.000   1.000   
0.000   0.000   239.420   0.000   0.000   0.000   1.000   
0.000   0.000   239.420   0.000   0.000   0.000   1.000   
0.000   0.000   239.420   0.000   0.000   0.000   1.000   
0.000   0.000   239.420   0.000   0.000   0.000   1.000   
0.000   0.000   239.420   0.000   0.000   0.000   1.000   
0.000   0.000   239.420   0.000   0.000   0.000   1.000   
0.000   0.000   239.420   0.000   0.000   0.000   1.000   
0.000   0.000   239.420   0.000   0.000   0.000   1.000   
0.000   0.000   239.420   0.000   0.000   0.000   1.000   
0.000   0.000   239.420   0.000   0.000   0.000   1.000   
0.000   0.000   239.420   0.000   0.000   0.000   1.000   
0.000   0.000   239.420   0.000   0.000   0.000   1.000   
0.000   0.000   239.420   0.000   0.000   0.000   1.000   
0.000   0.000   239.420   0.000   0.000   0.000   1.000   
0.000   0.000   239.420   0.000   0.000   0.000   1.000   
0.000   0.000   239.420   0.000   0.000   0.000   1.000   
0.000   0.000   239.420   0.000   0.000   0.000   1.000   
0.000   0.000   239.420   0.000   0.000   0.000   1.000   
0.000   0.000   239.420   0.000   0.000   0.000   1.000   
0.000   0.000   239.420   0.000   0.000   0.000   1.000   
0.000   0.000   239.420   0.000   0.000   0.000   1.000   
0.000   0.000   239.420   0.000   0.000   0.000   1.000   
0.000   0.000   239.420   0.000   0.000   0.000   1.000   
0.000   0.000   239.420   0.000   0.000   0.000   1.000   
0.000   0.000   239.420   0.000   0.000   0.000   1.000   
0.000   0.000   239.420   0.000   0.000   0.000   1.000   
0.000   0.000   239.420   0.000   0.000   0.000   1.000   
0.000   0.000   239.420   0.000   0.000   0.000   1.000   
0.000   0.000   239.420   0.000   0.000   0.000   1.000   
0.000   0.000   239.420   0.000   0.000   0.000   1.000   
0.000   0.000   239.420   0.000   0.000   0.000   1.000   
0.000   0.000   239.420   0.000   0.000   0.000   1.000   
0.000   0.000   239.420   0.000   0.000   0.000   1.000   
0.000   0.000   239.420   0.000   0.000   0.000   1.000   
0.000   0.000   239.420   0.000   0.000   0.000   1.000   
0.000   0.000   239.420   0.000   0.000   0.000   1.000   
0.000   0.000   239.420   0.000   0.000   0.000   1.000   
0.000   0.000   239.420   0.000   0.000   0.000   1.000   
0.000   0.000   239.420   0.000   0.000   0.000   1.000   
0.000   0.000   239.420   0.000   0.000   0.000   1.000   
0.000   0.000   239.420   0.000   0.000   0.000   1.000   
0.000   0.000   239.420   0.000   0.000   0.000   1.000   
0.000   0.000   239.420   0.000   0.000   0.000   1.000   
0.000   0.000   239.420   0.000   0.000   0.000   1.000   
0.000   0.000   239.420   0.000   0.000   0.000   1.000   
0.000   0.000   239.420   0.000   0.000   0.000   1.000   
0.000   0.000   239.420   0.000   0.000   0.000   1.000   
0.000   0.000   239.420   0.000   0.000   0.000   1.000   
0.000   0.000   239.420   0.000   0.000   0.000   1.000   
0.000   0.000   239.420   0.000   0.000   0.000   1.000   
0.000   0.000   239.420   0.000   0.000   0.000   1.000   
0.000   0.000   239.420   0.000   0.000   0.000   1.000   
0.000   0.000   239.420   0.000   0.000   0.000   1.000   
0.000   0.000   239.420   0.000   0.000   0.000   1.000   
0.000   0.000   239.420   0.000   0.000   0.000   1.000   
0.000   0.000   239.420   0.000   0.000   0.000   1.000   
0.000   0.000   239.420   0.000   0.000   0.000   1.000   
0.000   0.000   239.420   0.000   0.000   0.000   1.000   
0.000   0.000   239.420   0.000   0.000   0.000   1.000   
0.000   0.000   239.420   0.000   0.000   0.000   1.000   
0.000   0.000   239.420   0.000   0.000   0.000   1.000   
0.000   0.000   239.420   0.000   0.000   0.000   1.000   
0.000   0.000   239.420   0.000   0.000   0.000   1.000   
0.000   0.000   239.420   0.000   0.000   0.000   1.000   
0.000   0.000   239.420   0.000   0.000   0.000   1.000   
0.000   0.000   239.420   0.000   0.000   0.000   1.000   
0.000   0.000   239.420   0.000   0.000   0.000   1.000   
0.000   0.000   239.420   0.000   0.000   0.000   1.000   
0.000   0.000   239.420   0.000   0.000   0.000   1.000   
0.000   0.000   239.420   0.000   0.000   0.000   1.000   
0.000   0.000   239.420   0.000   0.000   0.000   1.000   
0.000   0.000   239.420   0.000   0.000   0.000   1.000   
0.000   0.000   239.420   0.000   0.000   0.000   1.000   
0.000   0.000   239.420   0.000   0.000   0.000   1.000   
0.000   0.000   239.420   0.000   0.000   0.000   1.000   
0.000   0.000   239.420   0.000   0.000   0.000   1.000   
0.000   0.000   239.420   0.000   0.000   0.000   1.000   
0.000   0.000   239.420   0.000   0.000   0.000   1.000   
0.000   0.000   239.420   0.000   0.000   0.000   1.000   
0.000   0.000   239.420   0.000   0.000   0.000   1.000   
0.000   0.000   239.420   0.000   0.000   0.000   1.000   
0.000   0.000   239.420   0.000   0.000   0.000   1.000   
0.000   0.000   239.420   0.000   0.000   0.000   1.000   
0.000   0.000   239.420   0.000   0.000   0.000   1.000   
0.000   0.000   239.420   0.000   0.000   0.000   1.000   
0.000   0.000   239.420   0.000   0.000   0.000   1.000   
0.000   0.000   239.420   0.000   0.000   0.000   1.000   
0.000   0.000   239.420   0.000   0.000   0.000   1.000   
0.000   0.000   239.420   0.000   0.000   0.000   1.000   
0.000   0.000   239.420   0.000   0.000   0.000   1.000   
0.000   0.000   239.420   0.000   0.000   0.000   1.000   
0.000   0.000   239.420   0.000   0.000   0.000   1.000   
0.000   0.000   239.420   0.000   0.000   0.000   1.000   
0.000   0.000   239.420   0.000   0.000   0.000   1.000   
0.000   0.000   239.420   0.000   0.000   0.000   1.000   
0.000   0.000   239.420   0.000   0.000   0.000   1.000   
0.000   0.000   239.420   0.000   0.000   0.000   1.000   
0.000   0.000   239.420   0.000   0.000   0.000   1.000   
0.000   0.000   239.420   0.000   0.000   0.000   1.000   
0.000   0.000   239.420   0.000   0.000   0.000   1.000   
0.000   0.000   239.420   0.000   0.000   0.000   1.000   
0.000   0.000   239.420   0.000   0.000   0.000   1.000   
0.000   0.000   239.420   0.000   0.000   0.000   1.000   
0.000   0.000   239.420   0.000   0.000   0.000   1.000   
0.000   0.000   239.420   0.000   0.000   0.000   1.000   
0.000   0.000   239.420   0.000   0.000   0.000   1.000   
0.000   0.000   239.420   0.000   0.000   0.000   1.000   
0.000   0.000   239.420   0.000   0.000   0.000   1.000   
0.000   0.000   239.420   0.000   0.000   0.000   1.000   
0.000   0.000   239.420   0.000   0.000   0.000   1.000   
0.000   0.000   239.420   0.000   0.000   0.000   1.000   
0.000   0.000   239.420   0.000   0.000   0.000   1.000   
0.000   0.000   239.420   0.000   0.000   0.000   1.000   
0.000   0.000   239.420   0.000   0.000   0.000   1.000   
0.000   0.000   239.420   0.000   0.000   0.000   1.000   
0.000   0.000   239.420   0.000   0.000   0.000   1.000   
0.000   0.000   239.420   0.000   0.000   0.000   1.000   
0.000   0.000   239.420   0.000   0.000   0.000   1.000   
0.000   0.000   239.420   0.000   0.000   0.000   1.000   
0.000   0.000   239.420   0.000   0.000   0.000   1.000   
0.000   0.000   239.420   0.000   0.000   0.000   1.000   
0.000   0.000   239.420   0.000   0.000   0.000   1.000   
0.000   0.000   239.420   0.000   0.000   0.000   1.000   
0.000   0.000   239.420   0.000   0.000   0.000   1.000   
0.000   0.000   239.420   0.000   0.000   0.000   1.000   
0.000   0.000   239.420   0.000   0.000   0.000   1.000   
0.000   0.000   239.420   0.000   0.000   0.000   1.000   
0.000   0.000   239.420   0.000   0.000   0.000   1.000   
0.000   0.000   239.420   0.000   0.000   0.000   1.000   
0.000   0.000   239.420   0.000   0.000   0.000   1.000   
0.000   0.000   239.420   0.000   0.000   0.000   1.000   
0.000   0.000   239.420   0.000   0.000   0.000   1.000   
0.000   0.000   239.420   0.000   0.000   0.000   1.000   
0.000   0.000   239.420   0.000   0.000   0.000   1.000   
0.000   0.000   239.420   0.000   0.000   0.000   1.000   
0.000   0.000   239.420   0.000   0.000   0.000   1.000   
0.000   0.000   239.420   0.000   0.000   0.000   1.000   
0.000   0.000   239.420   0.000   0.000   0.000   1.000   
0.000   0.000   239.420   0.000   0.000   0.000   1.000   
0.000   0.000   239.420   0.000   0.000   0.000   1.000   
0.000   0.000   239.420   0.000   0.000   0.000   1.000   
0.000   0.000   239.420   0.000   0.000   0.000   1.000   
0.000   0.000   239.420   0.000   0.000   0.000   1.000   
0.000   0.000   239.420   0.000   0.000   0.000   1.000   
0.000   0.000   239.420   0.000   0.000   0.000   1.000   
0.000   0.000   239.420   0.000   0.000   0.000   1.000   
0.000   0.000   239.420   0.000   0.000   0.000   1.000   
0.000   0.000   239.420   0.000   0.000   0.000   1.000   
0.000   0.000   239.420   0.000   0.000   0.000   1.000   
0.000   0.000   239.420   0.000   0.000   0.000   1.000   
0.000   0.000   239.420   0.000   0.000   0.000   1.000   
0.000   0.000   239.420   0.000   0.000   0.000   1.000   
0.000   0.000   239.420   0.000   0.000   0.000   1.000   
0.000   0.000   239.420   0.000   0.000   0.000   1.000   
0.000   0.000   239.420   0.000   0.000   0.000   1.000   
0.000   0.000   239.420   0.000   0.000   0.000   1.000   
0.000   0.000   239.420   0.000   0.000   0.000   1.000   
0.000   0.000   239.420   0.000   0.000   0.000   1.000   
0.000   0.000   239.420   0.000   0.000   0.000   1.000   
0.000   0.000   239.420   0.000   0.000   0.000   1.000   
0.000   0.000   239.420   0.000   0.000   0.000   1.000   
0.000   0.000   239.420   0.000   0.000   0.000   1.000   
0.000   0.000   239.420   0.000   0.000   0.000   1.000   
0.000   0.000   239.420   0.000   0.000   0.000   1.000   
0.000   0.000   239.420   0.000   0.000   0.000   1.000   
0.000   0.000   239.420   0.000   0.000   0.000   1.000   
0.000   0.000   239.420   0.000   0.000   0.000   1.000   
0.000   0.000   239.420   0.000   0.000   0.000   1.000   
0.000   0.000   239.420   0.000   0.000   0.000   1.000   
0.000   0.000   239.420   0.000   0.000   0.000   1.000   
0.000   0.000   239.420   0.000   0.000   0.000   1.000   
0.000   0.000   239.420   0.000   0.000   0.000   1.000   
0.000   0.000   239.420   0.000   0.000   0.000   1.000   
0.000   0.000   239.420   0.000   0.000   0.000   1.000   
0.000   0.000   239.420   0.000   0.000   0.000   1.000   
0.000   0.000   239.420   0.000   0.000   0.000   1.000   
0.000   0.000   239.420   0.000   0.000   0.000   1.000   
0.000   0.000   239.420   0.000   0.000   0.000   1.000   
0.000   0.000   239.420   0.000   0.000   0.000   1.000   
0.000   0.000   239.420   0.000   0.000   0.000   1.000   
0.000   0.000   239.420   0.000   0.000   0.000   1.000   
0.000   0.000   239.420   0.000   0.000   0.000   1.000   
0.000   0.000   239.420   0.000   0.000   0.000   1.000   
0.000   0.000   239.420   0.000   0.000   0.000   1.000   
0.000   0.000   239.420   0.000   0.000   0.000   1.000   
0.000   0.000   239.420   0.000   0.000   0.000   1.000   
0.000   0.000   239.420   0.000   0.000   0.000   1.000   
0.000   0.000   239.420   0.000   0.000   0.000   1.000   
0.000   0.000   239.420   0.000   0.000   0.000   1.000   
0.000   0.000   239.420   0.000   0.000   0.000   1.000   
0.000   0.000   239.420   0.000   0.000   0.000   1.000   
0.000   0.000   239.420   0.000   0.000   0.000   1.000   
0.000   0.000   239.420   0.000   0.000   0.000   1.000   
0.000   0.000   239.420   0.000   0.000   0.000   1.000   
0.000   0.000   239.420   0.000   0.000   0.000   1.000   
0.000   0.000   239.420   0.000   0.000   0.000   1.000   
0.000   0.000   239.420   0.000   0.000   0.000   1.000   
0.000   0.000   239.420   0.000   0.000   0.000   1.000   
0.000   0.000   239.420   0.000   0.000   0.000   1.000   
0.000   0.000   239.420   0.000   0.000   0.000   1.000   
0.000   0.000   239.420   0.000   0.000   0.000   1.000   
0.000   0.000   239.420   0.000   0.000   0.000   1.000   
0.000   0.000   239.420   0.000   0.000   0.000   1.000   
0.000   0.000   239.420   0.000   0.000   0.000   1.000   
0.000   0.000   239.420   0.000   0.000   0.000   1.000   
0.000   0.000   239.420   0.000   0.000   0.000   1.000   
0.000   0.000   239.420   0.000   0.000   0.000   1.000   
0.000   0.000   239.420   0.000   0.000   0.000   1.000   
0.000   0.000   239.420   0.000   0.000   0.000   1.000   
0.000   0.000   239.420   0.000   0.000   0.000   1.000   
0.000   0.000   239.420   0.000   0.000   0.000   1.000   
0.000   0.000   239.420   0.000   0.000   0.000   1.000   
0.000   0.000   239.420   0.000   0.000   0.000   1.000   
0.000   0.000   239.420   0.000   0.000   0.000   1.000   
0.000   0.000   239.420   0.000   0.000   0.000   1.000   
0.000   0.000   239.420   0.000   0.000   0.000   1.000   
0.000   0.000   239.420   0.000   0.000   0.000   1.000   
0.000   0.000   239.420   0.000   0.000   0.000   1.000   
0.000   0.000   239.420   0.000   0.000   0.000   1.000   
0.000   0.000   239.420   0.000   0.000   0.000   1.000   
0.000   0.000   239.420   0.000   0.000   0.000   1.000   
0.000   0.000   239.420   0.000   0.000   0.000   1.000   
0.000   0.000   239.420   0.000   0.000   0.000   1.000   
0.000   0.000   239.420   0.000   0.000   0.000   1.000   
0.000   0.000   239.420   0.000   0.000   0.000   1.000   
0.000   0.000   239.420   0.000   0.000   0.000   1.000   
0.000   0.000   239.420   0.000   0.000   0.000   1.000   
0.000   0.000   239.420   0.000   0.000   0.000   1.000   
0.000   0.000   239.420   0.000   0.000   0.000   1.000   
0.000   0.000   239.420   0.000   0.000   0.000   1.000   
0.000   0.000   239.420   0.000   0.000   0.000   1.000   
0.000   0.000   239.420   0.000   0.000   0.000   1.000   
0.000   0.000   239.420   0.000   0.000   0.000   1.000   
0.000   0.000   239.420   0.000   0.000   0.000   1.000   
0.000   0.000   239.420   0.000   0.000   0.000   1.000   
0.000   0.000   239.420   0.000   0.000   0.000   1.000   
0.000   0.000   239.420   0.000   0.000   0.000   1.000   
0.000   0.000   239.420   0.000   0.000   0.000   1.000   
0.000   0.000   239.420   0.000   0.000   0.000   1.000   
0.000   0.000   239.420   0.000   0.000   0.000   1.000   
0.000   0.000   239.420   0.000   0.000   0.000   1.000   
0.000   0.000   239.420   0.000   0.000   0.000   1.000   
0.000   0.000   239.420   0.000   0.000   0.000   1.000   
0.000   0.000   239.420   0.000   0.000   0.000   1.000   
0.000   0.000   239.420   0.000   0.000   0.000   1.000   
0.000   0.000   239.420   0.000   0.000   0.000   1.000   
0.000   0.000   239.420   0.000   0.000   0.000   1.000   
0.000   0.000   239.420   0.000   0.000   0.000   1.000   
0.000   0.000   239.420   0.000   0.000   0.000   1.000   
0.000   0.000   239.420   0.000   0.000   0.000   1.000   
0.000   0.000   239.420   0.000   0.000   0.000   1.000   
0.000   0.000   239.420   0.000   0.000   0.000   1.000   
0.000   0.000   239.420   0.000   0.000   0.000   1.000   
0.000   0.000   239.420   0.000   0.000   0.000   1.000   
0.000   0.000   239.420   0.000   0.000   0.000   1.000   
0.000   0.000   239.420   0.000   0.000   0.000   1.000   
0.000   0.000   239.420   0.000   0.000   0.000   1.000   
0.000   0.000   239.420   0.000   0.000   0.000   1.000   
0.000   0.000   239.420   0.000   0.000   0.000   1.000   
0.000   0.000   239.420   0.000   0.000   0.000   1.000   
0.000   0.000   239.420   0.000   0.000   0.000   1.000   
0.000   0.000   239.420   0.000   0.000   0.000   1.000   
0.000   0.000   239.420   0.000   0.000   0.000   1.000   
0.000   0.000   239.420   0.000   0.000   0.000   1.000   
0.000   0.000   239.420   0.000   0.000   0.000   1.000   
0.000   0.000   239.420   0.000   0.000   0.000   1.000   
0.000   0.000   239.420   0.000   0.000   0.000   1.000   
0.000   0.000   239.420   0.000   0.000   0.000   1.000   
0.000   0.000   239.420   0.000   0.000   0.000   1.000   
0.000   0.000   239.420   0.000   0.000   0.000   1.000   
0.000   0.000   239.420   0.000   0.000   0.000   1.000   
0.000   0.000   239.420   0.000   0.000   0.000   1.000   
0.000   0.000   239.420   0.000   0.000   0.000   1.000   
0.000   0.000   239.420   0.000   0.000   0.000   1.000   
0.000   0.000   239.420   0.000   0.000   0.000   1.000   
0.000   0.000   239.420   0.000   0.000   0.000   1.000   
0.000   0.000   239.420   0.000   0.000   0.000   1.000   
0.000   0.000   239.420   0.000   0.000   0.000   1.000   
0.000   0.000   239.420   0.000   0.000   0.000   1.000   
0.000   0.000   239.420   0.000   0.000   0.000   1.000   
0.000   0.000   239.420   0.000   0.000   0.000   1.000   
0.000   0.000   239.420   0.000   0.000   0.000   1.000   
0.000   0.000   239.420   0.000   0.000   0.000   1.000   
0.000   0.000   239.420   0.000   0.000   0.000   1.000   
0.000   0.000   239.420   0.000   0.000   0.000   1.000   
0.000   0.000   239.420   0.000   0.000   0.000   1.000   
0.000   0.000   239.420   0.000   0.000   0.000   1.000   
0.000   0.000   239.420   0.000   0.000   0.000   1.000   
0.000   0.000   239.420   0.000   0.000   0.000   1.000   
0.000   0.000   239.420   0.000   0.000   0.000   1.000   
0.000   0.000   239.420   0.000   0.000   0.000   1.000   
0.000   0.000   239.420   0.000   0.000   0.000   1.000   
0.000   0.000   239.420   0.000   0.000   0.000   1.000   
0.000   0.000   239.420   0.000   0.000   0.000   1.000   
0.000   0.000   239.420   0.000   0.000   0.000   1.000   
0.000   0.000   239.420   0.000   0.000   0.000   1.000   
0.000   0.000   239.420   0.000   0.000   0.000   1.000   
0.000   0.000   239.420   0.000   0.000   0.000   1.000   
0.000   0.000   239.420   0.000   0.000   0.000   1.000   
0.000   0.000   239.420   0.000   0.000   0.000   1.000   
0.000   0.000   239.420   0.000   0.000   0.000   1.000   
0.000   0.000   239.420   0.000   0.000   0.000   1.000   
0.000   0.000   239.420   0.000   0.000   0.000   1.000   
0.000   0.000   239.420   0.000   0.000   0.000   1.000   
0.000   0.000   239.420   0.000   0.000   0.000   1.000   
0.000   0.000   239.420   0.000   0.000   0.000   1.000   
0.000   0.000   239.420   0.000   0.000   0.000   1.000   
0.000   0.000   239.420   0.000   0.000   0.000   1.000   
0.000   0.000   239.420   0.000   0.000   0.000   1.000   
0.000   0.000   239.420   0.000   0.000   0.000   1.000   
0.000   0.000   239.420   0.000   0.000   0.000   1.000   
0.000   0.000   239.420   0.000   0.000   0.000   1.000   
0.000   0.000   239.420   0.000   0.000   0.000   1.000   
0.000   0.000   239.420   0.000   0.000   0.000   1.000   
0.000   0.000   239.420   0.000   0.000   0.000   1.000   
0.000   0.000   239.420   0.000   0.000   0.000   1.000   
0.000   0.000   239.420   0.000   0.000   0.000   1.000   
0.000   0.000   239.420   0.000   0.000   0.000   1.000   
0.000   0.000   239.420   0.000   0.000   0.000   1.000   
0.000   0.000   239.420   0.000   0.000   0.000   1.000   
0.000   0.000   239.420   0.000   0.000   0.000   1.000   
0.000   0.000   239.420   0.000   0.000   0.000   1.000   
0.000   0.000   239.420   0.000   0.000   0.000   1.000   
0.000   0.000   239.420   0.000   0.000   0.000   1.000   
0.000   0.000   239.420   0.000   0.000   0.000   1.000   
0.000   0.000   239.420   0.000   0.000   0.000   1.000   
0.000   0.000   239.420   0.000   0.000   0.000   1.000   
0.000   0.000   239.420   0.000   0.000   0.000   1.000   
0.000   0.000   239.420   0.000   0.000   0.000   1.000   
0.000   0.000   239.420   0.000   0.000   0.000   1.000   
0.000   0.000   239.420   0.000   0.000   0.000   1.000   
0.000   0.000   239.420   0.000   0.000   0.000   1.000   
0.000   0.000   239.420   0.000   0.000   0.000   1.000   
0.000   0.000   239.420   0.000   0.000   0.000   1.000   
0.000   0.000   239.420   0.000   0.000   0.000   1.000   
0.000   0.000   239.420   0.000   0.000   0.000   1.000   
0.000   0.000   239.420   0.000   0.000   0.000   1.000   
0.000   0.000   239.420   0.000   0.000   0.000   1.000   
0.000   0.000   239.420   0.000   0.000   0.000   1.000   
0.000   0.000   239.420   0.000   0.000   0.000   1.000   
0.000   0.000   239.420   0.000   0.000   0.000   1.000   
0.000   0.000   239.420   0.000   0.000   0.000   1.000   
0.000   0.000   239.420   0.000   0.000   0.000   1.000   
0.000   0.000   239.420   0.000   0.000   0.000   1.000   
0.000   0.000   239.420   0.000   0.000   0.000   1.000   
0.000   0.000   239.420   0.000   0.000   0.000   1.000   
0.000   0.000   239.420   0.000   0.000   0.000   1.000   
0.000   0.000   239.420   0.000   0.000   0.000   1.000   
0.000   0.000   239.420   0.000   0.000   0.000   1.000   
0.000   0.000   239.420   0.000   0.000   0.000   1.000   
0.000   0.000   239.420   0.000   0.000   0.000   1.000   
0.000   0.000   239.420   0.000   0.000   0.000   1.000   
0.000   0.000   239.420   0.000   0.000   0.000   1.000   
0.000   0.000   239.420   0.000   0.000   0.000   1.000   
0.000   0.000   239.420   0.000   0.000   0.000   1.000   
0.000   0.000   239.420   0.000   0.000   0.000   1.000   
0.000   0.000   239.420   0.000   0.000   0.000   1.000   
0.000   0.000   239.420   0.000   0.000   0.000   1.000   
0.000   0.000   239.420   0.000   0.000   0.000   1.000   
0.000   0.000   239.420   0.000   0.000   0.000   1.000   
0.000   0.000   239.420   0.000   0.000   0.000   1.000   
0.000   0.000   239.420   0.000   0.000   0.000   1.000   
0.000   0.000   239.420   0.000   0.000   0.000   1.000   
0.000   0.000   239.420   0.000   0.000   0.000   1.000   
0.000   0.000   239.420   0.000   0.000   0.000   1.000   
0.000   0.000   239.420   0.000   0.000   0.000   1.000   
0.000   0.000   239.420   0.000   0.000   0.000   1.000   
0.000   0.000   239.420   0.000   0.000   0.000   1.000   
0.000   0.000   239.420   0.000   0.000   0.000   1.000   
0.000   0.000   239.420   0.000   0.000   0.000   1.000   
0.000   0.000   239.420   0.000   0.000   0.000   1.000   
0.000   0.000   239.420   0.000   0.000   0.000   1.000   
0.000   0.000   239.420   0.000   0.000   0.000   1.000   
0.000   0.000   239.420   0.000   0.000   0.000   1.000   
0.000   0.000   239.420   0.000   0.000   0.000   1.000   
0.000   0.000   239.420   0.000   0.000   0.000   1.000   
0.000   0.000   239.420   0.000   0.000   0.000   1.000   
0.000   0.000   239.420   0.000   0.000   0.000   1.000   
0.000   0.000   239.420   0.000   0.000   0.000   1.000   
0.000   0.000   239.420   0.000   0.000   0.000   1.000   
0.000   0.000   239.420   0.000   0.000   0.000   1.000   
0.000   0.000   239.420   0.000   0.000   0.000   1.000   
0.000   0.000   239.420   0.000   0.000   0.000   1.000   
0.000   0.000   239.420   0.000   0.000   0.000   1.000   
0.000   0.000   239.420   0.000   0.000   0.000   1.000   
0.000   0.000   239.420   0.000   0.000   0.000   1.000   
0.000   0.000   239.420   0.000   0.000   0.000   1.000   
0.000   0.000   239.420   0.000   0.000   0.000   1.000   
0.000   0.000   239.420   0.000   0.000   0.000   1.000   
0.000   0.000   239.420   0.000   0.000   0.000   1.000   
0.000   0.000   239.420   0.000   0.000   0.000   1.000   
0.000   0.000   239.420   0.000   0.000   0.000   1.000   
0.000   0.000   239.420   0.000   0.000   0.000   1.000   
0.000   0.000   239.420   0.000   0.000   0.000   1.000   
0.000   0.000   239.420   0.000   0.000   0.000   1.000   
0.000   0.000   239.420   0.000   0.000   0.000   1.000   
0.000   0.000   239.420   0.000   0.000   0.000   1.000   
0.000   0.000   239.420   0.000   0.000   0.000   1.000   
0.000   0.000   239.420   0.000   0.000   0.000   1.000   
0.000   0.000   239.420   0.000   0.000   0.000   1.000   
0.000   0.000   239.420   0.000   0.000   0.000   1.000   
0.000   0.000   239.420   0.000   0.000   0.000   1.000   
0.000   0.000   239.420   0.000   0.000   0.000   1.000   
0.000   0.000   239.420   0.000   0.000   0.000   1.000   
0.000   0.000   239.420   0.000   0.000   0.000   1.000   
0.000   0.000   239.420   0.000   0.000   0.000   1.000   
0.000   0.000   239.420   0.000   0.000   0.000   1.000   
0.000   0.000   239.420   0.000   0.000   0.000   1.000   
0.000   0.000   239.420   0.000   0.000   0.000   1.000   
0.000   0.000   239.420   0.000   0.000   0.000   1.000   
0.000   0.000   239.420   0.000   0.000   0.000   1.000   
0.000   0.000   239.420   0.000   0.000   0.000   1.000   
0.000   0.000   239.420   0.000   0.000   0.000   1.000   
0.000   0.000   239.420   0.000   0.000   0.000   1.000   
0.000   0.000   239.420   0.000   0.000   0.000   1.000   
0.000   0.000   239.420   0.000   0.000   0.000   1.000   
0.000   0.000   239.420   0.000   0.000   0.000   1.000   
0.000   0.000   239.420   0.000   0.000   0.000   1.000   
0.000   0.000   239.420   0.000   0.000   0.000   1.000   
0.000   0.000   239.420   0.000   0.000   0.000   1.000   
0.000   0.000   239.420   0.000   0.000   0.000   1.000   
0.000   0.000   239.420   0.000   0.000   0.000   1.000   
0.000   0.000   239.420   0.000   0.000   0.000   1.000   
0.000   0.000   239.420   0.000   0.000   0.000   1.000   
0.000   0.000   239.420   0.000   0.000   0.000   1.000   
0.000   0.000   239.420   0.000   0.000   0.000   1.000   
0.000   0.000   239.420   0.000   0.000   0.000   1.000   
0.000   0.000   239.420   0.000   0.000   0.000   1.000   
0.000   0.000   239.420   0.000   0.000   0.000   1.000   
0.000   0.000   239.420   0.000   0.000   0.000   1.000   
0.000   0.000   239.420   0.000   0.000   0.000   1.000   
0.000   0.000   239.420   0.000   0.000   0.000   1.000   
0.000   0.000   239.420   0.000   0.000   0.000   1.000   
0.000   0.000   239.420   0.000   0.000   0.000   1.000   
0.000   0.000   239.420   0.000   0.000   0.000   1.000   
0.000   0.000   239.420   0.000   0.000   0.000   1.000   
0.000   0.000   239.420   0.000   0.000   0.000   1.000   
0.000   0.000   239.420   0.000   0.000   0.000   1.000   
0.000   0.000   239.420   0.000   0.000   0.000   1.000   
0.000   0.000   239.420   0.000   0.000   0.000   1.000   
0.000   0.000   239.420   0.000   0.000   0.000   1.000   
0.000   0.000   239.420   0.000   0.000   0.000   1.000   
0.000   0.000   239.420   0.000   0.000   0.000   1.000   
0.000   0.000   239.420   0.000   0.000   0.000   1.000   
0.000   0.000   239.420   0.000   0.000   0.000   1.000   
0.000   0.000   239.420   0.000   0.000   0.000   1.000   
0.000   0.000   239.420   0.000   0.000   0.000   1.000   
0.000   0.000   239.420   0.000   0.000   0.000   1.000   
0.000   0.000   239.420   0.000   0.000   0.000   1.000   
0.000   0.000   239.420   0.000   0.000   0.000   1.000   
0.000   0.000   239.420   0.000   0.000   0.000   1.000   
0.000   0.000   239.420   0.000   0.000   0.000   1.000   
0.000   0.000   239.420   0.000   0.000   0.000   1.000   
0.000   0.000   239.420   0.000   0.000   0.000   1.000   
0.000   0.000   239.420   0.000   0.000   0.000   1.000   
0.000   0.000   239.420   0.000   0.000   0.000   1.000   
0.000   0.000   239.420   0.000   0.000   0.000   1.000   
0.000   0.000   239.420   0.000   0.000   0.000   1.000   
0.000   0.000   239.420   0.000   0.000   0.000   1.000   
0.000   0.000   239.420   0.000   0.000   0.000   1.000   
0.000   0.000   239.420   0.000   0.000   0.000   1.000   
0.000   0.000   239.420   0.000   0.000   0.000   1.000   
0.000   0.000   239.420   0.000   0.000   0.000   1.000   
0.000   0.000   239.420   0.000   0.000   0.000   1.000   
0.000   0.000   239.420   0.000   0.000   0.000   1.000   
0.000   0.000   239.420   0.000   0.000   0.000   1.000   
0.000   0.000   239.420   0.000   0.000   0.000   1.000   
0.000   0.000   239.420   0.000   0.000   0.000   1.000   
0.000   0.000   239.420   0.000   0.000   0.000   1.000   
0.000   0.000   239.420   0.000   0.000   0.000   1.000   
0.000   0.000   239.420   0.000   0.000   0.000   1.000   
0.000   0.000   239.420   0.000   0.000   0.000   1.000   
0.000   0.000   239.420   0.000   0.000   0.000   1.000   
0.000   0.000   239.420   0.000   0.000   0.000   1.000   
0.000   0.000   239.420   0.000   0.000   0.000   1.000   
0.000   0.000   239.420   0.000   0.000   0.000   1.000   
0.000   0.000   239.420   0.000   0.000   0.000   1.000   
0.000   0.000   239.420   0.000   0.000   0.000   1.000   
0.000   0.000   239.420   0.000   0.000   0.000   1.000   
0.000   0.000   239.420   0.000   0.000   0.000   1.000   
0.000   0.000   239.420   0.000   0.000   0.000   1.000   
0.000   0.000   239.420   0.000   0.000   0.000   1.000   
0.000   0.000   239.420   0.000   0.000   0.000   1.000   
0.000   0.000   239.420   0.000   0.000   0.000   1.000   
0.000   0.000   239.420   0.000   0.000   0.000   1.000   
0.000   0.000   239.420   0.000   0.000   0.000   1.000   
0.000   0.000   239.420   0.000   0.000   0.000   1.000   
0.000   0.000   239.420   0.000   0.000   0.000   1.000   
0.000   0.000   239.420   0.000   0.000   0.000   1.000   
0.000   0.000   239.420   0.000   0.000   0.000   1.000   
0.000   0.000   239.420   0.000   0.000   0.000   1.000   
0.000   0.000   239.420   0.000   0.000   0.000   1.000   
0.000   0.000   239.420   0.000   0.000   0.000   1.000   
0.000   0.000   239.420   0.000   0.000   0.000   1.000   
0.000   0.000   239.420   0.000   0.000   0.000   1.000   
0.000   0.000   239.420   0.000   0.000   0.000   1.000   
0.000   0.000   239.420   0.000   0.000   0.000   1.000   
0.000   0.000   239.420   0.000   0.000   0.000   1.000   
0.000   0.000   239.420   0.000   0.000   0.000   1.000   
0.000   0.000   239.420   0.000   0.000   0.000   1.000   
0.000   0.000   239.420   0.000   0.000   0.000   1.000   
0.000   0.000   239.420   0.000   0.000   0.000   1.000   
0.000   0.000   239.420   0.000   0.000   0.000   1.000   
0.000   0.000   239.420   0.000   0.000   0.000   1.000   
0.000   0.000   239.420   0.000   0.000   0.000   1.000   
0.000   0.000   239.420   0.000   0.000   0.000   1.000   
0.000   0.000   239.420   0.000   0.000   0.000   1.000   
0.000   0.000   239.420   0.000   0.000   0.000   1.000   
0.000   0.000   239.420   0.000   0.000   0.000   1.000   
0.000   0.000   239.420   0.000   0.000   0.000   1.000   
0.000   0.000   239.420   0.000   0.000   0.000   1.000   
0.000   0.000   239.420   0.000   0.000   0.000   1.000   
0.000   0.000   239.420   0.000   0.000   0.000   1.000   
0.000   0.000   239.420   0.000   0.000   0.000   1.000   
0.000   0.000   239.420   0.000   0.000   0.000   1.000   
0.000   0.000   239.420   0.000   0.000   0.000   1.000   
0.000   0.000   239.420   0.000   0.000   0.000   1.000   
0.000   0.000   239.420   0.000   0.000   0.000   1.000   
0.000   0.000   239.420   0.000   0.000   0.000   1.000   
0.000   0.000   239.420   0.000   0.000   0.000   1.000   
0.000   0.000   239.420   0.000   0.000   0.000   1.000   
0.000   0.000   239.420   0.000   0.000   0.000   1.000   
0.000   0.000   239.420   0.000   0.000   0.000   1.000   
0.000   0.000   239.420   0.000   0.000   0.000   1.000   
0.000   0.000   239.420   0.000   0.000   0.000   1.000   
0.000   0.000   239.420   0.000   0.000   0.000   1.000   
0.000   0.000   239.420   0.000   0.000   0.000   1.000   
0.000   0.000   239.420   0.000   0.000   0.000   1.000   
0.000   0.000   239.420   0.000   0.000   0.000   1.000   
0.000   0.000   239.420   0.000   0.000   0.000   1.000   
0.000   0.000   239.420   0.000   0.000   0.000   1.000   
0.000   0.000   239.420   0.000   0.000   0.000   1.000   
0.000   0.000   239.420   0.000   0.000   0.000   1.000   
0.000   0.000   239.420   0.000   0.000   0.000   1.000   
0.000   0.000   239.420   0.000   0.000   0.000   1.000   
0.000   0.000   239.420   0.000   0.000   0.000   1.000   
0.000   0.000   239.420   0.000   0.000   0.000   1.000   
0.000   0.000   239.420   0.000   0.000   0.000   1.000   
0.000   0.000   239.420   0.000   0.000   0.000   1.000   
0.000   0.000   239.420   0.000   0.000   0.000   1.000   
0.000   0.000   239.420   0.000   0.000   0.000   1.000   
0.000   0.000   239.420   0.000   0.000   0.000   1.000   
0.000   0.000   239.420   0.000   0.000   0.000   1.000   
0.000   0.000   239.420   0.000   0.000   0.000   1.000   
0.000   0.000   239.420   0.000   0.000   0.000   1.000   
0.000   0.000   239.420   0.000   0.000   0.000   1.000   
0.000   0.000   239.420   0.000   0.000   0.000   1.000   
0.000   0.000   239.420   0.000   0.000   0.000   1.000   
0.000   0.000   239.420   0.000   0.000   0.000   1.000   
0.000   0.000   239.420   0.000   0.000   0.000   1.000   
0.000   0.000   239.420   0.000   0.000   0.000   1.000   
0.000   0.000   239.420   0.000   0.000   0.000   1.000   
0.000   0.000   239.420   0.000   0.000   0.000   1.000   
0.000   0.000   239.420   0.000   0.000   0.000   1.000   
0.000   0.000   239.420   0.000   0.000   0.000   1.000   
0.000   0.000   239.420   0.000   0.000   0.000   1.000   
0.000   0.000   239.420   0.000   0.000   0.000   1.000   
0.000   0.000   239.420   0.000   0.000   0.000   1.000   
0.000   0.000   239.420   0.000   0.000   0.000   1.000   
0.000   0.000   239.420   0.000   0.000   0.000   1.000   
0.000   0.000   239.420   0.000   0.000   0.000   1.000   
0.000   0.000   239.420   0.000   0.000   0.000   1.000   
0.000   0.000   239.420   0.000   0.000   0.000   1.000   
0.000   0.000   239.420   0.000   0.000   0.000   1.000   
0.000   0.000   239.420   0.000   0.000   0.000   1.000   
0.000   0.000   239.420   0.000   0.000   0.000   1.000   
0.000   0.000   239.420   0.000   0.000   0.000   1.000   
0.000   0.000   239.420   0.000   0.000   0.000   1.000   
0.000   0.000   239.420   0.000   0.000   0.000   1.000   
0.000   0.000   239.420   0.000   0.000   0.000   1.000   
0.000   0.000   239.420   0.000   0.000   0.000   1.000   
0.000   0.000   239.420   0.000   0.000   0.000   1.000   
0.000   0.000   239.420   0.000   0.000   0.000   1.000   
0.000   0.000   239.420   0.000   0.000   0.000   1.000   
0.000   0.000   239.420   0.000   0.000   0.000   1.000   
0.000   0.000   239.420   0.000   0.000   0.000   1.000   
0.000   0.000   239.420   0.000   0.000   0.000   1.000   
0.000   0.000   239.420   0.000   0.000   0.000   1.000   
0.000   0.000   239.420   0.000   0.000   0.000   1.000   
0.000   0.000   239.420   0.000   0.000   0.000   1.000   
0.000   0.000   239.420   0.000   0.000   0.000   1.000   
0.000   0.000   239.420   0.000   0.000   0.000   1.000   
0.000   0.000   239.420   0.000   0.000   0.000   1.000   
0.000   0.000   239.420   0.000   0.000   0.000   1.000   
0.000   0.000   239.420   0.000   0.000   0.000   1.000   
0.000   0.000   239.420   0.000   0.000   0.000   1.000   
0.000   0.000   239.420   0.000   0.000   0.000   1.000   
0.000   0.000   239.420   0.000   0.000   0.000   1.000   
0.000   0.000   239.420   0.000   0.000   0.000   1.000   
0.000   0.000   239.420   0.000   0.000   0.000   1.000   
0.000   0.000   239.420   0.000   0.000   0.000   1.000   
0.000   0.000   239.420   0.000   0.000   0.000   1.000   
0.000   0.000   239.420   0.000   0.000   0.000   1.000   
0.000   0.000   239.420   0.000   0.000   0.000   1.000   
0.000   0.000   239.420   0.000   0.000   0.000   1.000   
0.000   0.000   239.420   0.000   0.000   0.000   1.000   
0.000   0.000   239.420   0.000   0.000   0.000   1.000   
0.000   0.000   239.420   0.000   0.000   0.000   1.000   
0.000   0.000   239.420   0.000   0.000   0.000   1.000   
0.000   0.000   239.420   0.000   0.000   0.000   1.000   
0.000   0.000   239.420   0.000   0.000   0.000   1.000   
0.000   0.000   239.420   0.000   0.000   0.000   1.000   
0.000   0.000   239.420   0.000   0.000   0.000   1.000   
0.000   0.000   239.420   0.000   0.000   0.000   1.000   
0.000   0.000   239.420   0.000   0.000   0.000   1.000   
0.000   0.000   239.420   0.000   0.000   0.000   1.000   
0.000   0.000   239.420   0.000   0.000   0.000   1.000   
0.000   0.000   239.420   0.000   0.000   0.000   1.000   
0.000   0.000   239.420   0.000   0.000   0.000   1.000   
0.000   0.000   239.420   0.000   0.000   0.000   1.000   
0.000   0.000   239.420   0.000   0.000   0.000   1.000   
0.000   0.000   239.420   0.000   0.000   0.000   1.000   
0.000   0.000   239.420   0.000   0.000   0.000   1.000   
0.000   0.000   239.420   0.000   0.000   0.000   1.000   
0.000   0.000   239.420   0.000   0.000   0.000   1.000   
0.000   0.000   239.420   0.000   0.000   0.000   1.000   
0.000   0.000   239.420   0.000   0.000   0.000   1.000   
0.000   0.000   239.420   0.000   0.000   0.000   1.000   
0.000   0.000   239.420   0.000   0.000   0.000   1.000   
0.000   0.000   239.420   0.000   0.000   0.000   1.000   
0.000   0.000   239.420   0.000   0.000   0.000   1.000   
0.000   0.000   239.420   0.000   0.000   0.000   1.000   
0.000   0.000   239.420   0.000   0.000   0.000   1.000   
0.000   0.000   239.420   0.000   0.000   0.000   1.000   
0.000   0.000   239.420   0.000   0.000   0.000   1.000   
0.000   0.000   239.420   0.000   0.000   0.000   1.000   
0.000   0.000   239.420   0.000   0.000   0.000   1.000   
0.000   0.000   239.420   0.000   0.000   0.000   1.000   
0.000   0.000   239.420   0.000   0.000   0.000   1.000   
0.000   0.000   239.420   0.000   0.000   0.000   1.000   
0.000   0.000   239.420   0.000   0.000   0.000   1.000   
0.000   0.000   239.420   0.000   0.000   0.000   1.000   
0.000   0.000   239.420   0.000   0.000   0.000   1.000   
0.000   0.000   239.420   0.000   0.000   0.000   1.000   
0.000   0.000   239.420   0.000   0.000   0.000   1.000   
0.000   0.000   239.420   0.000   0.000   0.000   1.000   
0.000   0.000   239.420   0.000   0.000   0.000   1.000   
0.000   0.000   239.420   0.000   0.000   0.000   1.000   
0.000   0.000   239.420   0.000   0.000   0.000   1.000   
0.000   0.000   239.420   0.000   0.000   0.000   1.000   
0.000   0.000   239.420   0.000   0.000   0.000   1.000   
0.000   0.000   239.420   0.000   0.000   0.000   1.000   
0.000   0.000   239.420   0.000   0.000   0.000   1.000   
0.000   0.000   239.420   0.000   0.000   0.000   1.000   
0.000   0.000   239.420   0.000   0.000   0.000   1.000   
0.000   0.000   239.420   0.000   0.000   0.000   1.000   
0.000   0.000   239.420   0.000   0.000   0.000   1.000   
0.000   0.000   239.420   0.000   0.000   0.000   1.000   
0.000   0.000   239.420   0.000   0.000   0.000   1.000   
0.000   0.000   239.420   0.000   0.000   0.000   1.000   
0.000   0.000   239.420   0.000   0.000   0.000   1.000   
0.000   0.000   239.420   0.000   0.000   0.000   1.000   
0.000   0.000   239.420   0.000   0.000   0.000   1.000   
0.000   0.000   239.420   0.000   0.000   0.000   1.000   
0.000   0.000   239.420   0.000   0.000   0.000   1.000   
0.000   0.000   239.420   0.000   0.000   0.000   1.000   
0.000   0.000   239.420   0.000   0.000   0.000   1.000   
0.000   0.000   239.420   0.000   0.000   0.000   1.000   
0.000   0.000   239.420   0.000   0.000   0.000   1.000   
0.000   0.000   239.420   0.000   0.000   0.000   1.000   
0.000   0.000   239.420   0.000   0.000   0.000   1.000   
0.000   0.000   239.420   0.000   0.000   0.000   1.000   
0.000   0.000   239.420   0.000   0.000   0.000   1.000   
0.000   0.000   239.420   0.000   0.000   0.000   1.000   
0.000   0.000   239.420   0.000   0.000   0.000   1.000   
0.000   0.000   239.420   0.000   0.000   0.000   1.000   
0.000   0.000   239.420   0.000   0.000   0.000   1.000   
0.000   0.000   239.420   0.000   0.000   0.000   1.000   
0.000   0.000   239.420   0.000   0.000   0.000   1.000   
0.000   0.000   239.420   0.000   0.000   0.000   1.000   
0.000   0.000   239.420   0.000   0.000   0.000   1.000   
0.000   0.000   239.420   0.000   0.000   0.000   1.000   
0.000   0.000   239.420   0.000   0.000   0.000   1.000   
0.000   0.000   239.420   0.000   0.000   0.000   1.000   
0.000   0.000   239.420   0.000   0.000   0.000   1.000   
0.000   0.000   239.420   0.000   0.000   0.000   1.000   
0.000   0.000   239.420   0.000   0.000   0.000   1.000   
0.000   0.000   239.420   0.000   0.000   0.000   1.000   
0.000   0.000   239.420   0.000   0.000   0.000   1.000   
0.000   0.000   239.420   0.000   0.000   0.000   1.000   
0.000   0.000   239.420   0.000   0.000   0.000   1.000   
0.000   0.000   239.420   0.000   0.000   0.000   1.000   
0.000   0.000   239.420   0.000   0.000   0.000   1.000   
0.000   0.000   239.420   0.000   0.000   0.000   1.000   
0.000   0.000   239.420   0.000   0.000   0.000   1.000   
0.000   0.000   239.420   0.000   0.000   0.000   1.000   
0.000   0.000   239.420   0.000   0.000   0.000   1.000   
0.000   0.000   239.420   0.000   0.000   0.000   1.000   
0.000   0.000   239.420   0.000   0.000   0.000   1.000   
0.000   0.000   239.420   0.000   0.000   0.000   1.000   
0.000   0.000   239.420   0.000   0.000   0.000   1.000   
0.000   0.000   239.420   0.000   0.000   0.000   1.000   
0.000   0.000   239.420   0.000   0.000   0.000   1.000   
0.000   0.000   239.420   0.000   0.000   0.000   1.000   
0.000   0.000   239.420   0.000   0.000   0.000   1.000   
0.000   0.000   239.420   0.000   0.000   0.000   1.000   
0.000   0.000   239.420   0.000   0.000   0.000   1.000   
0.000   0.000   239.420   0.000   0.000   0.000   1.000   
0.000   0.000   239.420   0.000   0.000   0.000   1.000   
0.000   0.000   239.420   0.000   0.000   0.000   1.000   
0.000   0.000   239.420   0.000   0.000   0.000   1.000   
0.000   0.000   239.420   0.000   0.000   0.000   1.000   
0.000   0.000   239.420   0.000   0.000   0.000   1.000   
0.000   0.000   239.420   0.000   0.000   0.000   1.000   
0.000   0.000   239.420   0.000   0.000   0.000   1.000   
0.000   0.000   239.420   0.000   0.000   0.000   1.000   
0.000   0.000   239.420   0.000   0.000   0.000   1.000   
0.000   0.000   239.420   0.000   0.000   0.000   1.000   
0.000   0.000   239.420   0.000   0.000   0.000   1.000   
0.000   0.000   239.420   0.000   0.000   0.000   1.000   
0.000   0.000   239.420   0.000   0.000   0.000   1.000   
0.000   0.000   239.420   0.000   0.000   0.000   1.000   
0.000   0.000   239.420   0.000   0.000   0.000   1.000   
0.000   0.000   239.420   0.000   0.000   0.000   1.000   
0.000   0.000   239.420   0.000   0.000   0.000   1.000   
0.000   0.000   239.420   0.000   0.000   0.000   1.000   
0.000   0.000   239.420   0.000   0.000   0.000   1.000   
0.000   0.000   239.420   0.000   0.000   0.000   1.000   
0.000   0.000   239.420   0.000   0.000   0.000   1.000   
0.000   0.000   239.420   0.000   0.000   0.000   1.000   
0.000   0.000   239.420   0.000   0.000   0.000   1.000   
0.000   0.000   239.420   0.000   0.000   0.000   1.000   
0.000   0.000   239.420   0.000   0.000   0.000   1.000   
0.000   0.000   239.420   0.000   0.000   0.000   1.000   
0.000   0.000   239.420   0.000   0.000   0.000   1.000   
0.000   0.000   239.420   0.000   0.000   0.000   1.000   
0.000   0.000   239.420   0.000   0.000   0.000   1.000   
0.000   0.000   239.420   0.000   0.000   0.000   1.000   
0.000   0.000   239.420   0.000   0.000   0.000   1.000   
0.000   0.000   239.420   0.000   0.000   0.000   1.000   
0.000   0.000   239.420   0.000   0.000   0.000   1.000   
0.000   0.000   239.420   0.000   0.000   0.000   1.000   
0.000   0.000   239.420   0.000   0.000   0.000   1.000   
0.000   0.000   239.420   0.000   0.000   0.000   1.000   
0.000   0.000   239.420   0.000   0.000   0.000   1.000   
0.000   0.000   239.420   0.000   0.000   0.000   1.000   
0.000   0.000   239.420   0.000   0.000   0.000   1.000   
0.000   0.000   239.420   0.000   0.000   0.000   1.000   
0.000   0.000   239.420   0.000   0.000   0.000   1.000   
0.000   0.000   239.420   0.000   0.000   0.000   1.000   
0.000   0.000   239.420   0.000   0.000   0.000   1.000   
0.000   0.000   239.420   0.000   0.000   0.000   1.000   
0.000   0.000   239.420   0.000   0.000   0.000   1.000   
0.000   0.000   239.420   0.000   0.000   0.000   1.000   
0.000   0.000   239.420   0.000   0.000   0.000   1.000   
0.000   0.000   239.420   0.000   0.000   0.000   1.000   
0.000   0.000   239.420   0.000   0.000   0.000   1.000   
0.000   0.000   239.420   0.000   0.000   0.000   1.000   
0.000   0.000   239.420   0.000   0.000   0.000   1.000   
0.000   0.000   239.420   0.000   0.000   0.000   1.000   
0.000   0.000   239.420   0.000   0.000   0.000   1.000   
0.000   0.000   239.420   0.000   0.000   0.000   1.000   
0.000   0.000   239.420   0.000   0.000   0.000   1.000   
0.000   0.000   239.420   0.000   0.000   0.000   1.000   
0.000   0.000   239.420   0.000   0.000   0.000   1.000   
0.000   0.000   239.420   0.000   0.000   0.000   1.000   
0.000   0.000   239.420   0.000   0.000   0.000   1.000   
0.000   0.000   239.420   0.000   0.000   0.000   1.000   
0.000   0.000   239.420   0.000   0.000   0.000   1.000   
0.000   0.000   239.420   0.000   0.000   0.000   1.000   
0.000   0.000   239.420   0.000   0.000   0.000   1.000   
0.000   0.000   239.420   0.000   0.000   0.000   1.000   
0.000   0.000   239.420   0.000   0.000   0.000   1.000   
0.000   0.000   239.420   0.000   0.000   0.000   1.000   
0.000   0.000   239.420   0.000   0.000   0.000   1.000   
0.000   0.000   239.420   0.000   0.000   0.000   1.000   
0.000   0.000   239.420   0.000   0.000   0.000   1.000   
0.000   0.000   239.420   0.000   0.000   0.000   1.000   
0.000   0.000   239.420   0.000   0.000   0.000   1.000   
0.000   0.000   239.420   0.000   0.000   0.000   1.000   
0.000   0.000   239.420   0.000   0.000   0.000   1.000   
0.000   0.000   239.420   0.000   0.000   0.000   1.000   
0.000   0.000   239.420   0.000   0.000   0.000   1.000   
0.000   0.000   239.420   0.000   0.000   0.000   1.000   
0.000   0.000   239.420   0.000   0.000   0.000   1.000   
0.000   0.000   239.420   0.000   0.000   0.000   1.000   
0.000   0.000   239.420   0.000   0.000   0.000   1.000   
0.000   0.000   239.420   0.000   0.000   0.000   1.000   
0.000   0.000   239.420   0.000   0.000   0.000   1.000   
0.000   0.000   239.420   0.000   0.000   0.000   1.000   
0.000   0.000   239.420   0.000   0.000   0.000   1.000   
0.000   0.000   239.420   0.000   0.000   0.000   1.000   
0.000   0.000   239.420   0.000   0.000   0.000   1.000   
0.000   0.000   239.420   0.000   0.000   0.000   1.000   
0.000   0.000   239.420   0.000   0.000   0.000   1.000   
0.000   0.000   239.420   0.000   0.000   0.000   1.000   
0.000   0.000   239.420   0.000   0.000   0.000   1.000   
0.000   0.000   239.420   0.000   0.000   0.000   1.000   
0.000   0.000   239.420   0.000   0.000   0.000   1.000   
0.000   0.000   239.420   0.000   0.000   0.000   1.000   
0.000   0.000   239.420   0.000   0.000   0.000   1.000   
0.000   0.000   239.420   0.000   0.000   0.000   1.000   
0.000   0.000   239.420   0.000   0.000   0.000   1.000   
0.000   0.000   239.420   0.000   0.000   0.000   1.000   
0.000   0.000   239.420   0.000   0.000   0.000   1.000   
0.000   0.000   239.420   0.000   0.000   0.000   1.000   
0.000   0.000   239.420   0.000   0.000   0.000   1.000   
0.000   0.000   239.420   0.000   0.000   0.000   1.000   
0.000   0.000   239.420   0.000   0.000   0.000   1.000   
0.000   0.000   239.420   0.000   0.000   0.000   1.000   
0.000   0.000   239.420   0.000   0.000   0.000   1.000   
0.000   0.000   239.420   0.000   0.000   0.000   1.000   
0.000   0.000   239.420   0.000   0.000   0.000   1.000   
0.000   0.000   239.420   0.000   0.000   0.000   1.000   
0.000   0.000   239.420   0.000   0.000   0.000   1.000   
0.000   0.000   239.420   0.000   0.000   0.000   1.000   
0.000   0.000   239.420   0.000   0.000   0.000   1.000   
0.000   0.000   239.420   0.000   0.000   0.000   1.000   
0.000   0.000   239.420   0.000   0.000   0.000   1.000   
0.000   0.000   239.420   0.000   0.000   0.000   1.000   
0.000   0.000   239.420   0.000   0.000   0.000   1.000   
0.000   0.000   239.420   0.000   0.000   0.000   1.000   
0.000   0.000   239.420   0.000   0.000   0.000   1.000   
0.000   0.000   239.420   0.000   0.000   0.000   1.000   
0.000   0.000   239.420   0.000   0.000   0.000   1.000   
0.000   0.000   239.420   0.000   0.000   0.000   1.000   
0.000   0.000   239.420   0.000   0.000   0.000   1.000   
0.000   0.000   239.420   0.000   0.000   0.000   1.000   
0.000   0.000   239.420   0.000   0.000   0.000   1.000   
0.000   0.000   239.420   0.000   0.000   0.000   1.000   
0.000   0.000   239.420   0.000   0.000   0.000   1.000   
0.000   0.000   239.420   0.000   0.000   0.000   1.000   
0.000   0.000   239.420   0.000   0.000   0.000   1.000   
0.000   0.000   239.420   0.000   0.000   0.000   1.000   
0.000   0.000   239.420   0.000   0.000   0.000   1.000   
0.000   0.000   239.420   0.000   0.000   0.000   1.000   
0.000   0.000   239.420   0.000   0.000   0.000   1.000   
0.000   0.000   239.420   0.000   0.000   0.000   1.000   
0.000   0.000   239.420   0.000   0.000   0.000   1.000   
0.000   0.000   239.420   0.000   0.000   0.000   1.000   
0.000   0.000   239.420   0.000   0.000   0.000   1.000   
0.000   0.000   239.420   0.000   0.000   0.000   1.000   
0.000   0.000   239.420   0.000   0.000   0.000   1.000   
0.000   0.000   239.420   0.000   0.000   0.000   1.000   
0.000   0.000   239.420   0.000   0.000   0.000   1.000   
0.000   0.000   239.420   0.000   0.000   0.000   1.000   
0.000   0.000   239.420   0.000   0.000   0.000   1.000   
0.000   0.000   239.420   0.000   0.000   0.000   1.000   
0.000   0.000   239.420   0.000   0.000   0.000   1.000   
0.000   0.000   239.420   0.000   0.000   0.000   1.000   
0.000   0.000   239.420   0.000   0.000   0.000   1.000   
0.000   0.000   239.420   0.000   0.000   0.000   1.000   
0.000   0.000   239.420   0.000   0.000   0.000   1.000   
0.000   0.000   239.420   0.000   0.000   0.000   1.000   
0.000   0.000   239.420   0.000   0.000   0.000   1.000   
0.000   0.000   239.420   0.000   0.000   0.000   1.000   
0.000   0.000   239.420   0.000   0.000   0.000   1.000   
0.000   0.000   239.420   0.000   0.000   0.000   1.000   
0.000   0.000   239.420   0.000   0.000   0.000   1.000   
0.000   0.000   239.420   0.000   0.000   0.000   1.000   
0.000   0.000   239.420   0.000   0.000   0.000   1.000   
0.000   0.000   239.420   0.000   0.000   0.000   1.000   
0.000   0.000   239.420   0.000   0.000   0.000   1.000   
0.000   0.000   239.420   0.000   0.000   0.000   1.000   
0.000   0.000   239.420   0.000   0.000   0.000   1.000   
0.000   0.000   239.420   0.000   0.000   0.000   1.000   
0.000   0.000   239.420   0.000   0.000   0.000   1.000   
0.000   0.000   239.420   0.000   0.000   0.000   1.000   
0.000   0.000   239.420   0.000   0.000   0.000   1.000   
0.000   0.000   239.420   0.000   0.000   0.000   1.000   
0.000   0.000   239.420   0.000   0.000   0.000   1.000   
0.000   0.000   239.420   0.000   0.000   0.000   1.000   
0.000   0.000   239.420   0.000   0.000   0.000   1.000   
0.000   0.000   239.420   0.000   0.000   0.000   1.000   
0.000   0.000   239.420   0.000   0.000   0.000   1.000   
0.000   0.000   239.420   0.000   0.000   0.000   1.000   
0.000   0.000   239.420   0.000   0.000   0.000   1.000   
0.000   0.000   239.420   0.000   0.000   0.000   1.000   
0.000   0.000   239.420   0.000   0.000   0.000   1.000   
0.000   0.000   239.420   0.000   0.000   0.000   1.000   
0.000   0.000   239.420   0.000   0.000   0.000   1.000   
0.000   0.000   239.420   0.000   0.000   0.000   1.000   
0.000   0.000   239.420   0.000   0.000   0.000   1.000   
0.000   0.000   239.420   0.000   0.000   0.000   1.000   
0.000   0.000   239.420   0.000   0.000   0.000   1.000   
0.000   0.000   239.420   0.000   0.000   0.000   1.000   
0.000   0.000   239.420   0.000   0.000   0.000   1.000   
0.000   0.000   239.420   0.000   0.000   0.000   1.000   
0.000   0.000   239.420   0.000   0.000   0.000   1.000   
0.000   0.000   239.420   0.000   0.000   0.000   1.000   
0.000   0.000   239.420   0.000   0.000   0.000   1.000   
0.000   0.000   239.420   0.000   0.000   0.000   1.000   
0.000   0.000   239.420   0.000   0.000   0.000   1.000   
0.000   0.000   239.420   0.000   0.000   0.000   1.000   
0.000   0.000   239.420   0.000   0.000   0.000   1.000   
0.000   0.000   239.420   0.000   0.000   0.000   1.000   
0.000   0.000   239.420   0.000   0.000   0.000   1.000   
0.000   0.000   239.420   0.000   0.000   0.000   1.000   
0.000   0.000   239.420   0.000   0.000   0.000   1.000   
0.000   0.000   239.420   0.000   0.000   0.000   1.000   
0.000   0.000   239.420   0.000   0.000   0.000   1.000   
0.000   0.000   239.420   0.000   0.000   0.000   1.000   
0.000   0.000   239.420   0.000   0.000   0.000   1.000   
0.000   0.000   239.420   0.000   0.000   0.000   1.000   
0.000   0.000   239.420   0.000   0.000   0.000   1.000   
0.000   0.000   239.420   0.000   0.000   0.000   1.000   
0.000   0.000   239.420   0.000   0.000   0.000   1.000   
0.000   0.000   239.420   0.000   0.000   0.000   1.000   
0.000   0.000   239.420   0.000   0.000   0.000   1.000   
0.000   0.000   239.420   0.000   0.000   0.000   1.000   
0.000   0.000   239.420   0.000   0.000   0.000   1.000   
0.000   0.000   239.420   0.000   0.000   0.000   1.000   
0.000   0.000   239.420   0.000   0.000   0.000   1.000   
0.000   0.000   239.420   0.000   0.000   0.000   1.000   
0.000   0.000   239.420   0.000   0.000   0.000   1.000   
0.000   0.000   239.420   0.000   0.000   0.000   1.000   
0.000   0.000   239.420   0.000   0.000   0.000   1.000   
0.000   0.000   239.420   0.000   0.000   0.000   1.000   
0.000   0.000   239.420   0.000   0.000   0.000   1.000   
0.000   0.000   239.420   0.000   0.000   0.000   1.000   
0.000   0.000   239.420   0.000   0.000   0.000   1.000   
0.000   0.000   239.420   0.000   0.000   0.000   1.000   
0.000   0.000   239.420   0.000   0.000   0.000   1.000   
0.000   0.000   239.420   0.000   0.000   0.000   1.000   
0.000   0.000   239.420   0.000   0.000   0.000   1.000   
0.000   0.000   239.420   0.000   0.000   0.000   1.000   
0.000   0.000   239.420   0.000   0.000   0.000   1.000   
0.000   0.000   239.420   0.000   0.000   0.000   1.000   
0.000   0.000   239.420   0.000   0.000   0.000   1.000   
0.000   0.000   239.420   0.000   0.000   0.000   1.000   
0.000   0.000   239.420   0.000   0.000   0.000   1.000   
0.000   0.000   239.420   0.000   0.000   0.000   1.000   
0.000   0.000   239.420   0.000   0.000   0.000   1.000   
0.000   0.000   239.420   0.000   0.000   0.000   1.000   
0.000   0.000   239.420   0.000   0.000   0.000   1.000   
0.000   0.000   239.420   0.000   0.000   0.000   1.000   
0.000   0.000   239.420   0.000   0.000   0.000   1.000   
0.000   0.000   239.420   0.000   0.000   0.000   1.000   
0.000   0.000   239.420   0.000   0.000   0.000   1.000   
0.000   0.000   239.420   0.000   0.000   0.000   1.000   
0.000   0.000   239.420   0.000   0.000   0.000   1.000   
0.000   0.000   239.420   0.000   0.000   0.000   1.000   
0.000   0.000   239.420   0.000   0.000   0.000   1.000   
0.000   0.000   239.420   0.000   0.000   0.000   1.000   
0.000   0.000   239.420   0.000   0.000   0.000   1.000   
0.000   0.000   239.420   0.000   0.000   0.000   1.000   
0.000   0.000   239.420   0.000   0.000   0.000   1.000   
0.000   0.000   239.420   0.000   0.000   0.000   1.000   
0.000   0.000   239.420   0.000   0.000   0.000   1.000   
0.000   0.000   239.420   0.000   0.000   0.000   1.000   
0.000   0.000   239.420   0.000   0.000   0.000   1.000   
0.000   0.000   239.420   0.000   0.000   0.000   1.000   
0.000   0.000   239.420   0.000   0.000   0.000   1.000   
0.000   0.000   239.420   0.000   0.000   0.000   1.000   
0.000   0.000   239.420   0.000   0.000   0.000   1.000   
0.000   0.000   239.420   0.000   0.000   0.000   1.000   
0.000   0.000   239.420   0.000   0.000   0.000   1.000   
0.000   0.000   239.420   0.000   0.000   0.000   1.000   
0.000   0.000   239.420   0.000   0.000   0.000   1.000   
0.000   0.000   239.420   0.000   0.000   0.000   1.000   
0.000   0.000   239.420   0.000   0.000   0.000   1.000   
0.000   0.000   239.420   0.000   0.000   0.000   1.000   
0.000   0.000   239.420   0.000   0.000   0.000   1.000   
0.000   0.000   239.420   0.000   0.000   0.000   1.000   
0.000   0.000   239.420   0.000   0.000   0.000   1.000   
0.000   0.000   239.420   0.000   0.000   0.000   1.000   
0.000   0.000   239.420   0.000   0.000   0.000   1.000   
0.000   0.000   239.420   0.000   0.000   0.000   1.000   
0.000   0.000   239.420   0.000   0.000   0.000   1.000   
0.000   0.000   239.420   0.000   0.000   0.000   1.000   
0.000   0.000   239.420   0.000   0.000   0.000   1.000   
0.000   0.000   239.420   0.000   0.000   0.000   1.000   
0.000   0.000   239.420   0.000   0.000   0.000   1.000   
0.000   0.000   239.420   0.000   0.000   0.000   1.000   
0.000   0.000   239.420   0.000   0.000   0.000   1.000   
0.000   0.000   239.420   0.000   0.000   0.000   1.000   
0.000   0.000   239.420   0.000   0.000   0.000   1.000   
0.000   0.000   239.420   0.000   0.000   0.000   1.000   
0.000   0.000   239.420   0.000   0.000   0.000   1.000   
0.000   0.000   239.420   0.000   0.000   0.000   1.000   
0.000   0.000   239.420   0.000   0.000   0.000   1.000   
0.000   0.000   239.420   0.000   0.000   0.000   1.000   
0.000   0.000   239.420   0.000   0.000   0.000   1.000   
0.000   0.000   239.420   0.000   0.000   0.000   1.000   
0.000   0.000   239.420   0.000   0.000   0.000   1.000   
0.000   0.000   239.420   0.000   0.000   0.000   1.000   
0.000   0.000   239.420   0.000   0.000   0.000   1.000   
0.000   0.000   239.420   0.000   0.000   0.000   1.000   
0.000   0.000   239.420   0.000   0.000   0.000   1.000   
0.000   0.000   239.420   0.000   0.000   0.000   1.000   
0.000   0.000   239.420   0.000   0.000   0.000   1.000   
0.000   0.000   239.420   0.000   0.000   0.000   1.000   
0.000   0.000   239.420   0.000   0.000   0.000   1.000   
0.000   0.000   239.420   0.000   0.000   0.000   1.000   
0.000   0.000   239.420   0.000   0.000   0.000   1.000   
0.000   0.000   239.420   0.000   0.000   0.000   1.000   
0.000   0.000   239.420   0.000   0.000   0.000   1.000   
0.000   0.000   239.420   0.000   0.000   0.000   1.000   
0.000   0.000   239.420   0.000   0.000   0.000   1.000   
0.000   0.000   239.420   0.000   0.000   0.000   1.000   
0.000   0.000   239.420   0.000   0.000   0.000   1.000   
0.000   0.000   239.420   0.000   0.000   0.000   1.000   
0.000   0.000   239.420   0.000   0.000   0.000   1.000   
0.000   0.000   239.420   0.000   0.000   0.000   1.000   
0.000   0.000   239.420   0.000   0.000   0.000   1.000   
0.000   0.000   239.420   0.000   0.000   0.000   1.000   
0.000   0.000   239.420   0.000   0.000   0.000   1.000   
0.000   0.000   239.420   0.000   0.000   0.000   1.000   
0.000   0.000   239.420   0.000   0.000   0.000   1.000   
0.000   0.000   239.420   0.000   0.000   0.000   1.000   
0.000   0.000   239.420   0.000   0.000   0.000   1.000   
0.000   0.000   239.420   0.000   0.000   0.000   1.000   
0.000   0.000   239.420   0.000   0.000   0.000   1.000   
0.000   0.000   239.420   0.000   0.000   0.000   1.000   
0.000   0.000   239.420   0.000   0.000   0.000   1.000   
0.000   0.000   239.420   0.000   0.000   0.000   1.000   
0.000   0.000   239.420   0.000   0.000   0.000   1.000   
0.000   0.000   239.420   0.000   0.000   0.000   1.000   
0.000   0.000   239.420   0.000   0.000   0.000   1.000   
0.000   0.000   239.420   0.000   0.000   0.000   1.000   
0.000   0.000   239.420   0.000   0.000   0.000   1.000   
0.000   0.000   239.420   0.000   0.000   0.000   1.000   
0.000   0.000   239.420   0.000   0.000   0.000   1.000   
0.000   0.000   239.420   0.000   0.000   0.000   1.000   
0.000   0.000   239.420   0.000   0.000   0.000   1.000   
0.000   0.000   239.420   0.000   0.000   0.000   1.000   
0.000   0.000   239.420   0.000   0.000   0.000   1.000   
0.000   0.000   239.420   0.000   0.000   0.000   1.000   
0.000   0.000   239.420   0.000   0.000   0.000   1.000   
0.000   0.000   239.420   0.000   0.000   0.000   1.000   
0.000   0.000   239.420   0.000   0.000   0.000   1.000   
0.000   0.000   239.420   0.000   0.000   0.000   1.000   
0.000   0.000   239.420   0.000   0.000   0.000   1.000   
0.000   0.000   239.420   0.000   0.000   0.000   1.000   
0.000   0.000   239.420   0.000   0.000   0.000   1.000   
0.000   0.000   239.420   0.000   0.000   0.000   1.000   
0.000   0.000   239.420   0.000   0.000   0.000   1.000   
0.000   0.000   239.420   0.000   0.000   0.000   1.000   
0.000   0.000   239.420   0.000   0.000   0.000   1.000   
0.000   0.000   239.420   0.000   0.000   0.000   1.000   
0.000   0.000   239.420   0.000   0.000   0.000   1.000   
0.000   0.000   239.420   0.000   0.000   0.000   1.000   
0.000   0.000   239.420   0.000   0.000   0.000   1.000   
0.000   0.000   239.420   0.000   0.000   0.000   1.000   
0.000   0.000   239.420   0.000   0.000   0.000   1.000   
0.000   0.000   239.420   0.000   0.000   0.000   1.000   
0.000   0.000   239.420   0.000   0.000   0.000   1.000   
0.000   0.000   239.420   0.000   0.000   0.000   1.000   
0.000   0.000   239.420   0.000   0.000   0.000   1.000   
0.000   0.000   239.420   0.000   0.000   0.000   1.000   
0.000   0.000   239.420   0.000   0.000   0.000   1.000   
0.000   0.000   239.420   0.000   0.000   0.000   1.000   
0.000   0.000   239.420   0.000   0.000   0.000   1.000   
0.000   0.000   239.420   0.000   0.000   0.000   1.000   
0.000   0.000   239.420   0.000   0.000   0.000   1.000   
0.000   0.000   239.420   0.000   0.000   0.000   1.000   
0.000   0.000   239.420   0.000   0.000   0.000   1.000   
0.000   0.000   239.420   0.000   0.000   0.000   1.000   
0.000   0.000   239.420   0.000   0.000   0.000   1.000   
0.000   0.000   239.420   0.000   0.000   0.000   1.000   
0.000   0.000   239.420   0.000   0.000   0.000   1.000   
0.000   0.000   239.420   0.000   0.000   0.000   1.000   
0.000   0.000   239.420   0.000   0.000   0.000   1.000   
0.000   0.000   239.420   0.000   0.000   0.000   1.000   
0.000   0.000   239.420   0.000   0.000   0.000   1.000   
0.000   0.000   239.420   0.000   0.000   0.000   1.000   
0.000   0.000   239.420   0.000   0.000   0.000   1.000   
0.000   0.000   239.420   0.000   0.000   0.000   1.000   
0.000   0.000   239.420   0.000   0.000   0.000   1.000   
0.000   0.000   239.420   0.000   0.000   0.000   1.000   
0.000   0.000   239.420   0.000   0.000   0.000   1.000   
0.000   0.000   239.420   0.000   0.000   0.000   1.000   
0.000   0.000   239.420   0.000   0.000   0.000   1.000   
0.000   0.000   239.420   0.000   0.000   0.000   1.000   
0.000   0.000   239.420   0.000   0.000   0.000   1.000   
0.000   0.000   239.420   0.000   0.000   0.000   1.000   
0.000   0.000   239.420   0.000   0.000   0.000   1.000   
0.000   0.000   239.420   0.000   0.000   0.000   1.000   
0.000   0.000   239.420   0.000   0.000   0.000   1.000   
0.000   0.000   239.420   0.000   0.000   0.000   1.000   
0.000   0.000   239.420   0.000   0.000   0.000   1.000   
0.000   0.000   239.420   0.000   0.000   0.000   1.000   
0.000   0.000   239.420   0.000   0.000   0.000   1.000   
0.000   0.000   239.420   0.000   0.000   0.000   1.000   
0.000   0.000   239.420   0.000   0.000   0.000   1.000   
0.000   0.000   239.420   0.000   0.000   0.000   1.000   
0.000   0.000   239.420   0.000   0.000   0.000   1.000   
0.000   0.000   239.420   0.000   0.000   0.000   1.000   
0.000   0.000   239.420   0.000   0.000   0.000   1.000   
0.000   0.000   239.420   0.000   0.000   0.000   1.000   
0.000   0.000   239.420   0.000   0.000   0.000   1.000   
0.000   0.000   239.420   0.000   0.000   0.000   1.000   
0.000   0.000   239.420   0.000   0.000   0.000   1.000   
0.000   0.000   239.420   0.000   0.000   0.000   1.000   
0.000   0.000   239.420   0.000   0.000   0.000   1.000   
0.000   0.000   239.420   0.000   0.000   0.000   1.000   
0.000   0.000   239.420   0.000   0.000   0.000   1.000   
0.000   0.000   239.420   0.000   0.000   0.000   1.000   
0.000   0.000   239.420   0.000   0.000   0.000   1.000   
0.000   0.000   239.420   0.000   0.000   0.000   1.000   
0.000   0.000   239.420   0.000   0.000   0.000   1.000   
0.000   0.000   239.420   0.000   0.000   0.000   1.000   
0.000   0.000   239.420   0.000   0.000   0.000   1.000   
0.000   0.000   239.420   0.000   0.000   0.000   1.000   
0.000   0.000   239.420   0.000   0.000   0.000   1.000   
0.000   0.000   239.420   0.000   0.000   0.000   1.000   
0.000   0.000   239.420   0.000   0.000   0.000   1.000   
0.000   0.000   239.420   0.000   0.000   0.000   1.000   
0.000   0.000   239.420   0.000   0.000   0.000   1.000   
0.000   0.000   239.420   0.000   0.000   0.000   1.000   
0.000   0.000   239.420   0.000   0.000   0.000   1.000   
0.000   0.000   239.420   0.000   0.000   0.000   1.000   
0.000   0.000   239.420   0.000   0.000   0.000   1.000   
0.000   0.000   239.420   0.000   0.000   0.000   1.000   
0.000   0.000   239.420   0.000   0.000   0.000   1.000   
0.000   0.000   239.420   0.000   0.000   0.000   1.000   
0.000   0.000   239.420   0.000   0.000   0.000   1.000   
0.000   0.000   239.420   0.000   0.000   0.000   1.000   
0.000   0.000   239.420   0.000   0.000   0.000   1.000   
0.000   0.000   239.420   0.000   0.000   0.000   1.000   
0.000   0.000   239.420   0.000   0.000   0.000   1.000   
0.000   0.000   239.420   0.000   0.000   0.000   1.000   
0.000   0.000   239.420   0.000   0.000   0.000   1.000   
0.000   0.000   239.420   0.000   0.000   0.000   1.000   
0.000   0.000   239.420   0.000   0.000   0.000   1.000   
0.000   0.000   239.420   0.000   0.000   0.000   1.000   
0.000   0.000   239.420   0.000   0.000   0.000   1.000   
0.000   0.000   239.420   0.000   0.000   0.000   1.000   
0.000   0.000   239.420   0.000   0.000   0.000   1.000   
0.000   0.000   239.420   0.000   0.000   0.000   1.000   
0.000   0.000   239.420   0.000   0.000   0.000   1.000   
0.000   0.000   239.420   0.000   0.000   0.000   1.000   
0.000   0.000   239.420   0.000   0.000   0.000   1.000   
0.000   0.000   239.420   0.000   0.000   0.000   1.000   
0.000   0.000   239.420   0.000   0.000   0.000   1.000   
0.000   0.000   239.420   0.000   0.000   0.000   1.000   
0.000   0.000   239.420   0.000   0.000   0.000   1.000   
0.000   0.000   239.420   0.000   0.000   0.000   1.000   
0.000   0.000   239.420   0.000   0.000   0.000   1.000   
0.000   0.000   239.420   0.000   0.000   0.000   1.000   
0.000   0.000   239.420   0.000   0.000   0.000   1.000   
0.000   0.000   239.420   0.000   0.000   0.000   1.000   
0.000   0.000   239.420   0.000   0.000   0.000   1.000   
0.000   0.000   239.420   0.000   0.000   0.000   1.000   
0.000   0.000   239.420   0.000   0.000   0.000   1.000   
0.000   0.000   239.420   0.000   0.000   0.000   1.000   
0.000   0.000   239.420   0.000   0.000   0.000   1.000   
0.000   0.000   239.420   0.000   0.000   0.000   1.000   
0.000   0.000   239.420   0.000   0.000   0.000   1.000   
0.000   0.000   239.420   0.000   0.000   0.000   1.000   
0.000   0.000   239.420   0.000   0.000   0.000   1.000   
0.000   0.000   239.420   0.000   0.000   0.000   1.000   
0.000   0.000   239.420   0.000   0.000   0.000   1.000   
0.000   0.000   239.420   0.000   0.000   0.000   1.000   
0.000   0.000   239.420   0.000   0.000   0.000   1.000   
0.000   0.000   239.420   0.000   0.000   0.000   1.000   
0.000   0.000   239.420   0.000   0.000   0.000   1.000   
0.000   0.000   239.420   0.000   0.000   0.000   1.000   
0.000   0.000   239.420   0.000   0.000   0.000   1.000   
0.000   0.000   239.420   0.000   0.000   0.000   1.000   
0.000   0.000   239.420   0.000   0.000   0.000   1.000   
0.000   0.000   239.420   0.000   0.000   0.000   1.000   
0.000   0.000   239.420   0.000   0.000   0.000   1.000   
0.000   0.000   239.420   0.000   0.000   0.000   1.000   
0.000   0.000   239.420   0.000   0.000   0.000   1.000   
0.000   0.000   239.420   0.000   0.000   0.000   1.000   
0.000   0.000   239.420   0.000   0.000   0.000   1.000   
0.000   0.000   239.420   0.000   0.000   0.000   1.000   
0.000   0.000   239.420   0.000   0.000   0.000   1.000   
0.000   0.000   239.420   0.000   0.000   0.000   1.000   
0.000   0.000   239.420   0.000   0.000   0.000   1.000   
0.000   0.000   239.420   0.000   0.000   0.000   1.000   
0.000   0.000   239.420   0.000   0.000   0.000   1.000   
0.000   0.000   239.420   0.000   0.000   0.000   1.000   
0.000   0.000   239.420   0.000   0.000   0.000   1.000   
0.000   0.000   239.420   0.000   0.000   0.000   1.000   
0.000   0.000   239.420   0.000   0.000   0.000   1.000   
0.000   0.000   239.420   0.000   0.000   0.000   1.000   
0.000   0.000   239.420   0.000   0.000   0.000   1.000   
0.000   0.000   239.420   0.000   0.000   0.000   1.000   
0.000   0.000   239.420   0.000   0.000   0.000   1.000   
0.000   0.000   239.420   0.000   0.000   0.000   1.000   
0.000   0.000   239.420   0.000   0.000   0.000   1.000   
0.000   0.000   239.420   0.000   0.000   0.000   1.000   
0.000   0.000   239.420   0.000   0.000   0.000   1.000   
0.000   0.000   239.420   0.000   0.000   0.000   1.000   
0.000   0.000   239.420   0.000   0.000   0.000   1.000   
0.000   0.000   239.420   0.000   0.000   0.000   1.000   
0.000   0.000   239.420   0.000   0.000   0.000   1.000   
0.000   0.000   239.420   0.000   0.000   0.000   1.000   
0.000   0.000   239.420   0.000   0.000   0.000   1.000   
0.000   0.000   239.420   0.000   0.000   0.000   1.000   
0.000   0.000   239.420   0.000   0.000   0.000   1.000   
0.000   0.000   239.420   0.000   0.000   0.000   1.000   
0.000   0.000   239.420   0.000   0.000   0.000   1.000   
0.000   0.000   239.420   0.000   0.000   0.000   1.000   
0.000   0.000   239.420   0.000   0.000   0.000   1.000   
0.000   0.000   239.420   0.000   0.000   0.000   1.000   
0.000   0.000   239.420   0.000   0.000   0.000   1.000   
0.000   0.000   239.420   0.000   0.000   0.000   1.000   
0.000   0.000   239.420   0.000   0.000   0.000   1.000   
0.000   0.000   239.420   0.000   0.000   0.000   1.000   
0.000   0.000   239.420   0.000   0.000   0.000   1.000   
0.000   0.000   239.420   0.000   0.000   0.000   1.000   
0.000   0.000   239.420   0.000   0.000   0.000   1.000   
0.000   0.000   239.420   0.000   0.000   0.000   1.000   
0.000   0.000   239.420   0.000   0.000   0.000   1.000   
0.000   0.000   239.420   0.000   0.000   0.000   1.000   
0.000   0.000   239.420   0.000   0.000   0.000   1.000   
0.000   0.000   239.420   0.000   0.000   0.000   1.000   
0.000   0.000   239.420   0.000   0.000   0.000   1.000   
0.000   0.000   239.420   0.000   0.000   0.000   1.000   
0.000   0.000   239.420   0.000   0.000   0.000   1.000   
0.000   0.000   239.420   0.000   0.000   0.000   1.000   
0.000   0.000   239.420   0.000   0.000   0.000   1.000   
0.000   0.000   239.420   0.000   0.000   0.000   1.000   
0.000   0.000   239.420   0.000   0.000   0.000   1.000   
0.000   0.000   239.420   0.000   0.000   0.000   1.000   
0.000   0.000   239.420   0.000   0.000   0.000   1.000   
0.000   0.000   239.420   0.000   0.000   0.000   1.000   
0.000   0.000   239.420   0.000   0.000   0.000   1.000   
0.000   0.000   239.420   0.000   0.000   0.000   1.000   
0.000   0.000   239.420   0.000   0.000   0.000   1.000   
0.000   0.000   239.420   0.000   0.000   0.000   1.000   
0.000   0.000   239.420   0.000   0.000   0.000   1.000   
0.000   0.000   239.420   0.000   0.000   0.000   1.000   
0.000   0.000   239.420   0.000   0.000   0.000   1.000   
0.000   0.000   239.420   0.000   0.000   0.000   1.000   
0.000   0.000   239.420   0.000   0.000   0.000   1.000   
0.000   0.000   239.420   0.000   0.000   0.000   1.000   
0.000   0.000   239.420   0.000   0.000   0.000   1.000   
0.000   0.000   239.420   0.000   0.000   0.000   1.000   
0.000   0.000   239.420   0.000   0.000   0.000   1.000   
0.000   0.000   239.420   0.000   0.000   0.000   1.000   
0.000   0.000   239.420   0.000   0.000   0.000   1.000   
0.000   0.000   239.420   0.000   0.000   0.000   1.000   
0.000   0.000   239.420   0.000   0.000   0.000   1.000   
0.000   0.000   239.420   0.000   0.000   0.000   1.000   
0.000   0.000   239.420   0.000   0.000   0.000   1.000   
0.000   0.000   239.420   0.000   0.000   0.000   1.000   
0.000   0.000   239.420   0.000   0.000   0.000   1.000   
0.000   0.000   239.420   0.000   0.000   0.000   1.000   
0.000   0.000   239.420   0.000   0.000   0.000   1.000   
0.000   0.000   239.420   0.000   0.000   0.000   1.000   
0.000   0.000   239.420   0.000   0.000   0.000   1.000   
0.000   0.000   239.420   0.000   0.000   0.000   1.000   
0.000   0.000   239.420   0.000   0.000   0.000   1.000   
0.000   0.000   239.420   0.000   0.000   0.000   1.000   
0.000   0.000   239.420   0.000   0.000   0.000   1.000   
0.000   0.000   239.420   0.000   0.000   0.000   1.000   
0.000   0.000   239.420   0.000   0.000   0.000   1.000   
0.000   0.000   239.420   0.000   0.000   0.000   1.000   
0.000   0.000   239.420   0.000   0.000   0.000   1.000   
0.000   0.000   239.420   0.000   0.000   0.000   1.000   
0.000   0.000   239.420   0.000   0.000   0.000   1.000   
0.000   0.000   239.420   0.000   0.000   0.000   1.000   
0.000   0.000   239.420   0.000   0.000   0.000   1.000   
0.000   0.000   239.420   0.000   0.000   0.000   1.000   
0.000   0.000   239.420   0.000   0.000   0.000   1.000   
0.000   0.000   239.420   0.000   0.000   0.000   1.000   
0.000   0.000   239.420   0.000   0.000   0.000   1.000   
0.000   0.000   239.420   0.000   0.000   0.000   1.000   
0.000   0.000   239.420   0.000   0.000   0.000   1.000   
0.000   0.000   239.420   0.000   0.000   0.000   1.000   
0.000   0.000   239.420   0.000   0.000   0.000   1.000   
0.000   0.000   239.420   0.000   0.000   0.000   1.000   
0.000   0.000   239.420   0.000   0.000   0.000   1.000   
0.000   0.000   239.420   0.000   0.000   0.000   1.000   
0.000   0.000   239.420   0.000   0.000   0.000   1.000   
0.000   0.000   239.420   0.000   0.000   0.000   1.000   
0.000   0.000   239.420   0.000   0.000   0.000   1.000   
0.000   0.000   239.420   0.000   0.000   0.000   1.000   
0.000   0.000   239.420   0.000   0.000   0.000   1.000   
0.000   0.000   239.420   0.000   0.000   0.000   1.000   
0.000   0.000   239.420   0.000   0.000   0.000   1.000   
0.000   0.000   239.420   0.000   0.000   0.000   1.000   
0.000   0.000   239.420   0.000   0.000   0.000   1.000   
0.000   0.000   239.420   0.000   0.000   0.000   1.000   
0.000   0.000   239.420   0.000   0.000   0.000   1.000   
0.000   0.000   239.420   0.000   0.000   0.000   1.000   
0.000   0.000   239.420   0.000   0.000   0.000   1.000   
0.000   0.000   239.420   0.000   0.000   0.000   1.000   
0.000   0.000   239.420   0.000   0.000   0.000   1.000   
0.000   0.000   239.420   0.000   0.000   0.000   1.000   
0.000   0.000   239.420   0.000   0.000   0.000   1.000   
0.000   0.000   239.420   0.000   0.000   0.000   1.000   
0.000   0.000   239.420   0.000   0.000   0.000   1.000   
0.000   0.000   239.420   0.000   0.000   0.000   1.000   
0.000   0.000   239.420   0.000   0.000   0.000   1.000   
0.000   0.000   239.420   0.000   0.000   0.000   1.000   
0.000   0.000   239.420   0.000   0.000   0.000   1.000   
0.000   0.000   239.420   0.000   0.000   0.000   1.000   
0.000   0.000   239.420   0.000   0.000   0.000   1.000   
0.000   0.000   239.420   0.000   0.000   0.000   1.000   
0.000   0.000   239.420   0.000   0.000   0.000   1.000   
0.000   0.000   239.420   0.000   0.000   0.000   1.000   
0.000   0.000   239.420   0.000   0.000   0.000   1.000   
0.000   0.000   239.420   0.000   0.000   0.000   1.000   
0.000   0.000   239.420   0.000   0.000   0.000   1.000   
0.000   0.000   239.420   0.000   0.000   0.000   1.000   
0.000   0.000   239.420   0.000   0.000   0.000   1.000   
0.000   0.000   239.420   0.000   0.000   0.000   1.000   
0.000   0.000   239.420   0.000   0.000   0.000   1.000   
0.000   0.000   239.420   0.000   0.000   0.000   1.000   
0.000   0.000   239.420   0.000   0.000   0.000   1.000   
0.000   0.000   239.420   0.000   0.000   0.000   1.000   
0.000   0.000   239.420   0.000   0.000   0.000   1.000   
0.000   0.000   239.420   0.000   0.000   0.000   1.000   
0.000   0.000   239.420   0.000   0.000   0.000   1.000   
0.000   0.000   239.420   0.000   0.000   0.000   1.000   
0.000   0.000   239.420   0.000   0.000   0.000   1.000   
0.000   0.000   239.420   0.000   0.000   0.000   1.000   
0.000   0.000   239.420   0.000   0.000   0.000   1.000   
0.000   0.000   239.420   0.000   0.000   0.000   1.000   
0.000   0.000   239.420   0.000   0.000   0.000   1.000   
0.000   0.000   239.420   0.000   0.000   0.000   1.000   
0.000   0.000   239.420   0.000   0.000   0.000   1.000   
0.000   0.000   239.420   0.000   0.000   0.000   1.000   
0.000   0.000   239.420   0.000   0.000   0.000   1.000   
0.000   0.000   239.420   0.000   0.000   0.000   1.000   
0.000   0.000   239.420   0.000   0.000   0.000   1.000   
0.000   0.000   239.420   0.000   0.000   0.000   1.000   
0.000   0.000   239.420   0.000   0.000   0.000   1.000   
0.000   0.000   239.420   0.000   0.000   0.000   1.000   
0.000   0.000   239.420   0.000   0.000   0.000   1.000   
0.000   0.000   239.420   0.000   0.000   0.000   1.000   
0.000   0.000   239.420   0.000   0.000   0.000   1.000   
0.000   0.000   239.420   0.000   0.000   0.000   1.000   
0.000   0.000   239.420   0.000   0.000   0.000   1.000   
0.000   0.000   239.420   0.000   0.000   0.000   1.000   
0.000   0.000   239.420   0.000   0.000   0.000   1.000   
0.000   0.000   239.420   0.000   0.000   0.000   1.000   
0.000   0.000   239.420   0.000   0.000   0.000   1.000   
0.000   0.000   239.420   0.000   0.000   0.000   1.000   
0.000   0.000   239.420   0.000   0.000   0.000   1.000   
0.000   0.000   239.420   0.000   0.000   0.000   1.000   
0.000   0.000   239.420   0.000   0.000   0.000   1.000   
0.000   0.000   239.420   0.000   0.000   0.000   1.000   
0.000   0.000   239.420   0.000   0.000   0.000   1.000   
0.000   0.000   239.420   0.000   0.000   0.000   1.000   
0.000   0.000   239.420   0.000   0.000   0.000   1.000   
0.000   0.000   239.420   0.000   0.000   0.000   1.000   
0.000   0.000   239.420   0.000   0.000   0.000   1.000   
0.000   0.000   239.420   0.000   0.000   0.000   1.000   
0.000   0.000   239.420   0.000   0.000   0.000   1.000   
0.000   0.000   239.420   0.000   0.000   0.000   1.000   
0.000   0.000   239.420   0.000   0.000   0.000   1.000   
0.000   0.000   239.420   0.000   0.000   0.000   1.000   
0.000   0.000   239.420   0.000   0.000   0.000   1.000   
0.000   0.000   239.420   0.000   0.000   0.000   1.000   
0.000   0.000   239.420   0.000   0.000   0.000   1.000   
0.000   0.000   239.420   0.000   0.000   0.000   1.000   
0.000   0.000   239.420   0.000   0.000   0.000   1.000   
0.000   0.000   239.420   0.000   0.000   0.000   1.000   
0.000   0.000   239.420   0.000   0.000   0.000   1.000   
0.000   0.000   239.420   0.000   0.000   0.000   1.000   
0.000   0.000   239.420   0.000   0.000   0.000   1.000   
0.000   0.000   239.420   0.000   0.000   0.000   1.000   
0.000   0.000   239.420   0.000   0.000   0.000   1.000   
0.000   0.000   239.420   0.000   0.000   0.000   1.000   
0.000   0.000   239.420   0.000   0.000   0.000   1.000   
0.000   0.000   239.420   0.000   0.000   0.000   1.000   
0.000   0.000   239.420   0.000   0.000   0.000   1.000   
0.000   0.000   239.420   0.000   0.000   0.000   1.000   
0.000   0.000   239.420   0.000   0.000   0.000   1.000   
0.000   0.000   239.420   0.000   0.000   0.000   1.000   
0.000   0.000   239.420   0.000   0.000   0.000   1.000   
0.000   0.000   239.420   0.000   0.000   0.000   1.000   
0.000   0.000   239.420   0.000   0.000   0.000   1.000   
0.000   0.000   239.420   0.000   0.000   0.000   1.000   
0.000   0.000   239.420   0.000   0.000   0.000   1.000   
0.000   0.000   239.420   0.000   0.000   0.000   1.000   
0.000   0.000   239.420   0.000   0.000   0.000   1.000   
0.000   0.000   239.420   0.000   0.000   0.000   1.000   
0.000   0.000   239.420   0.000   0.000   0.000   1.000   
0.000   0.000   239.420   0.000   0.000   0.000   1.000   
0.000   0.000   239.420   0.000   0.000   0.000   1.000   
0.000   0.000   239.420   0.000   0.000   0.000   1.000   
0.000   0.000   239.420   0.000   0.000   0.000   1.000   
0.000   0.000   239.420   0.000   0.000   0.000   1.000   
0.000   0.000   239.420   0.000   0.000   0.000   1.000   
0.000   0.000   239.420   0.000   0.000   0.000   1.000   
0.000   0.000   239.420   0.000   0.000   0.000   1.000   
0.000   0.000   239.420   0.000   0.000   0.000   1.000   
0.000   0.000   239.420   0.000   0.000   0.000   1.000   
0.000   0.000   239.420   0.000   0.000   0.000   1.000   
0.000   0.000   239.420   0.000   0.000   0.000   1.000   
0.000   0.000   239.420   0.000   0.000   0.000   1.000   
0.000   0.000   239.420   0.000   0.000   0.000   1.000   
0.000   0.000   239.420   0.000   0.000   0.000   1.000   
0.000   0.000   239.420   0.000   0.000   0.000   1.000   
0.000   0.000   239.420   0.000   0.000   0.000   1.000   
0.000   0.000   239.420   0.000   0.000   0.000   1.000   
0.000   0.000   239.420   0.000   0.000   0.000   1.000   
0.000   0.000   239.420   0.000   0.000   0.000   1.000   
0.000   0.000   239.420   0.000   0.000   0.000   1.000   
0.000   0.000   239.420   0.000   0.000   0.000   1.000   
0.000   0.000   239.420   0.000   0.000   0.000   1.000   
0.000   0.000   239.420   0.000   0.000   0.000   1.000   
0.000   0.000   239.420   0.000   0.000   0.000   1.000   
0.000   0.000   239.420   0.000   0.000   0.000   1.000   
0.000   0.000   239.420   0.000   0.000   0.000   1.000   
0.000   0.000   239.420   0.000   0.000   0.000   1.000   
0.000   0.000   239.420   0.000   0.000   0.000   1.000   
0.000   0.000   239.420   0.000   0.000   0.000   1.000   
0.000   0.000   239.420   0.000   0.000   0.000   1.000   
0.000   0.000   239.420   0.000   0.000   0.000   1.000   
0.000   0.000   239.420   0.000   0.000   0.000   1.000   
0.000   0.000   239.420   0.000   0.000   0.000   1.000   
0.000   0.000   239.420   0.000   0.000   0.000   1.000   
0.000   0.000   239.420   0.000   0.000   0.000   1.000   
0.000   0.000   239.420   0.000   0.000   0.000   1.000   
0.000   0.000   239.420   0.000   0.000   0.000   1.000   
0.000   0.000   239.420   0.000   0.000   0.000   1.000   
0.000   0.000   239.420   0.000   0.000   0.000   1.000   
0.000   0.000   239.420   0.000   0.000   0.000   1.000   
0.000   0.000   239.420   0.000   0.000   0.000   1.000   
0.000   0.000   239.420   0.000   0.000   0.000   1.000   
0.000   0.000   239.420   0.000   0.000   0.000   1.000   
0.000   0.000   239.420   0.000   0.000   0.000   1.000   
0.000   0.000   239.420   0.000   0.000   0.000   1.000   
0.000   0.000   239.420   0.000   0.000   0.000   1.000   
0.000   0.000   239.420   0.000   0.000   0.000   1.000   
0.000   0.000   239.420   0.000   0.000   0.000   1.000   
0.000   0.000   239.420   0.000   0.000   0.000   1.000   
0.000   0.000   239.420   0.000   0.000   0.000   1.000   
0.000   0.000   239.420   0.000   0.000   0.000   1.000   
0.000   0.000   239.420   0.000   0.000   0.000   1.000   
0.000   0.000   239.420   0.000   0.000   0.000   1.000   
0.000   0.000   239.420   0.000   0.000   0.000   1.000   
0.000   0.000   239.420   0.000   0.000   0.000   1.000   
0.000   0.000   239.420   0.000   0.000   0.000   1.000   
0.000   0.000   239.420   0.000   0.000   0.000   1.000   
0.000   0.000   239.420   0.000   0.000   0.000   1.000   
0.000   0.000   239.420   0.000   0.000   0.000   1.000   
0.000   0.000   239.420   0.000   0.000   0.000   1.000   
0.000   0.000   239.420   0.000   0.000   0.000   1.000   
0.000   0.000   239.420   0.000   0.000   0.000   1.000   
0.000   0.000   239.420   0.000   0.000   0.000   1.000   
0.000   0.000   239.420   0.000   0.000   0.000   1.000   
0.000   0.000   239.420   0.000   0.000   0.000   1.000   
0.000   0.000   239.420   0.000   0.000   0.000   1.000   
0.000   0.000   239.420   0.000   0.000   0.000   1.000   
0.000   0.000   239.420   0.000   0.000   0.000   1.000   
0.000   0.000   239.420   0.000   0.000   0.000   1.000   
0.000   0.000   239.420   0.000   0.000   0.000   1.000   
0.000   0.000   239.420   0.000   0.000   0.000   1.000   
0.000   0.000   239.420   0.000   0.000   0.000   1.000   
0.000   0.000   239.420   0.000   0.000   0.000   1.000   
0.000   0.000   239.420   0.000   0.000   0.000   1.000   
0.000   0.000   239.420   0.000   0.000   0.000   1.000   
0.000   0.000   239.420   0.000   0.000   0.000   1.000   
0.000   0.000   239.420   0.000   0.000   0.000   1.000   
0.000   0.000   239.420   0.000   0.000   0.000   1.000   
0.000   0.000   239.420   0.000   0.000   0.000   1.000   
0.000   0.000   239.420   0.000   0.000   0.000   1.000   
0.000   0.000   239.420   0.000   0.000   0.000   1.000   
0.000   0.000   239.420   0.000   0.000   0.000   1.000   
0.000   0.000   239.420   0.000   0.000   0.000   1.000   
0.000   0.000   239.420   0.000   0.000   0.000   1.000   
0.000   0.000   239.420   0.000   0.000   0.000   1.000   
0.000   0.000   239.420   0.000   0.000   0.000   1.000   
0.000   0.000   239.420   0.000   0.000   0.000   1.000   
0.000   0.000   239.420   0.000   0.000   0.000   1.000   
0.000   0.000   239.420   0.000   0.000   0.000   1.000   
0.000   0.000   239.420   0.000   0.000   0.000   1.000   
0.000   0.000   239.420   0.000   0.000   0.000   1.000   
0.000   0.000   239.420   0.000   0.000   0.000   1.000   
0.000   0.000   239.420   0.000   0.000   0.000   1.000   
0.000   0.000   239.420   0.000   0.000   0.000   1.000   
0.000   0.000   239.420   0.000   0.000   0.000   1.000   
0.000   0.000   239.420   0.000   0.000   0.000   1.000   
0.000   0.000   239.420   0.000   0.000   0.000   1.000   
0.000   0.000   239.420   0.000   0.000   0.000   1.000   
0.000   0.000   239.420   0.000   0.000   0.000   1.000   
0.000   0.000   239.420   0.000   0.000   0.000   1.000   
0.000   0.000   239.420   0.000   0.000   0.000   1.000   
0.000   0.000   239.420   0.000   0.000   0.000   1.000   
0.000   0.000   239.420   0.000   0.000   0.000   1.000   
0.000   0.000   239.420   0.000   0.000   0.000   1.000   
0.000   0.000   239.420   0.000   0.000   0.000   1.000   
0.000   0.000   239.420   0.000   0.000   0.000   1.000   
0.000   0.000   239.420   0.000   0.000   0.000   1.000   
0.000   0.000   239.420   0.000   0.000   0.000   1.000   
0.000   0.000   239.420   0.000   0.000   0.000   1.000   
0.000   0.000   239.420   0.000   0.000   0.000   1.000   
0.000   0.000   239.420   0.000   0.000   0.000   1.000   
0.000   0.000   239.420   0.000   0.000   0.000   1.000   
0.000   0.000   239.420   0.000   0.000   0.000   1.000   
0.000   0.000   239.420   0.000   0.000   0.000   1.000   
0.000   0.000   239.420   0.000   0.000   0.000   1.000   
0.000   0.000   239.420   0.000   0.000   0.000   1.000   
0.000   0.000   239.420   0.000   0.000   0.000   1.000   
0.000   0.000   239.420   0.000   0.000   0.000   1.000   
0.000   0.000   239.420   0.000   0.000   0.000   1.000   
0.000   0.000   239.420   0.000   0.000   0.000   1.000   
0.000   0.000   239.420   0.000   0.000   0.000   1.000   
0.000   0.000   239.420   0.000   0.000   0.000   1.000   
0.000   0.000   239.420   0.000   0.000   0.000   1.000   
0.000   0.000   239.420   0.000   0.000   0.000   1.000   
0.000   0.000   239.420   0.000   0.000   0.000   1.000   
0.000   0.000   239.420   0.000   0.000   0.000   1.000   
0.000   0.000   239.420   0.000   0.000   0.000   1.000   
0.000   0.000   239.420   0.000   0.000   0.000   1.000   
0.000   0.000   239.420   0.000   0.000   0.000   1.000   
0.000   0.000   239.420   0.000   0.000   0.000   1.000   
0.000   0.000   239.420   0.000   0.000   0.000   1.000   
0.000   0.000   239.420   0.000   0.000   0.000   1.000   
0.000   0.000   239.420   0.000   0.000   0.000   1.000   
0.000   0.000   239.420   0.000   0.000   0.000   1.000   
0.000   0.000   239.420   0.000   0.000   0.000   1.000   
0.000   0.000   239.420   0.000   0.000   0.000   1.000   
0.000   0.000   239.420   0.000   0.000   0.000   1.000   
0.000   0.000   239.420   0.000   0.000   0.000   1.000   
0.000   0.000   239.420   0.000   0.000   0.000   1.000   
0.000   0.000   239.420   0.000   0.000   0.000   1.000   
0.000   0.000   239.420   0.000   0.000   0.000   1.000   
0.000   0.000   239.420   0.000   0.000   0.000   1.000   
0.000   0.000   239.420   0.000   0.000   0.000   1.000   
0.000   0.000   239.420   0.000   0.000   0.000   1.000   
0.000   0.000   239.420   0.000   0.000   0.000   1.000   
0.000   0.000   239.420   0.000   0.000   0.000   1.000   
0.000   0.000   239.420   0.000   0.000   0.000   1.000   
0.000   0.000   239.420   0.000   0.000   0.000   1.000   
0.000   0.000   239.420   0.000   0.000   0.000   1.000   
0.000   0.000   239.420   0.000   0.000   0.000   1.000   
0.000   0.000   239.420   0.000   0.000   0.000   1.000   
0.000   0.000   239.420   0.000   0.000   0.000   1.000   
0.000   0.000   239.420   0.000   0.000   0.000   1.000   
0.000   0.000   239.420   0.000   0.000   0.000   1.000   
0.000   0.000   239.420   0.000   0.000   0.000   1.000   
0.000   0.000   239.420   0.000   0.000   0.000   1.000   
0.000   0.000   239.420   0.000   0.000   0.000   1.000   
0.000   0.000   239.420   0.000   0.000   0.000   1.000   
0.000   0.000   239.420   0.000   0.000   0.000   1.000   
0.000   0.000   239.420   0.000   0.000   0.000   1.000   
0.000   0.000   239.420   0.000   0.000   0.000   1.000   
0.000   0.000   239.420   0.000   0.000   0.000   1.000   
0.000   0.000   239.420   0.000   0.000   0.000   1.000   
0.000   0.000   239.420   0.000   0.000   0.000   1.000   
0.000   0.000   239.420   0.000   0.000   0.000   1.000   
0.000   0.000   239.420   0.000   0.000   0.000   1.000   
0.000   0.000   239.420   0.000   0.000   0.000   1.000   
0.000   0.000   239.420   0.000   0.000   0.000   1.000   
0.000   0.000   239.420   0.000   0.000   0.000   1.000   
0.000   0.000   239.420   0.000   0.000   0.000   1.000   
0.000   0.000   239.420   0.000   0.000   0.000   1.000   
0.000   0.000   239.420   0.000   0.000   0.000   1.000   
0.000   0.000   239.420   0.000   0.000   0.000   1.000   
0.000   0.000   239.420   0.000   0.000   0.000   1.000   
0.000   0.000   239.420   0.000   0.000   0.000   1.000   
0.000   0.000   239.420   0.000   0.000   0.000   1.000   
0.000   0.000   239.420   0.000   0.000   0.000   1.000   
0.000   0.000   239.420   0.000   0.000   0.000   1.000   
0.000   0.000   239.420   0.000   0.000   0.000   1.000   
0.000   0.000   239.420   0.000   0.000   0.000   1.000   
0.000   0.000   239.420   0.000   0.000   0.000   1.000   
0.000   0.000   239.420   0.000   0.000   0.000   1.000   
0.000   0.000   239.420   0.000   0.000   0.000   1.000   
0.000   0.000   239.420   0.000   0.000   0.000   1.000   
0.000   0.000   239.420   0.000   0.000   0.000   1.000   
0.000   0.000   239.420   0.000   0.000   0.000   1.000   
0.000   0.000   239.420   0.000   0.000   0.000   1.000   
0.000   0.000   239.420   0.000   0.000   0.000   1.000   
0.000   0.000   239.420   0.000   0.000   0.000   1.000   
0.000   0.000   239.420   0.000   0.000   0.000   1.000   
0.000   0.000   239.420   0.000   0.000   0.000   1.000   
0.000   0.000   239.420   0.000   0.000   0.000   1.000   
0.000   0.000   239.420   0.000   0.000   0.000   1.000   
0.000   0.000   239.420   0.000   0.000   0.000   1.000   
0.000   0.000   239.420   0.000   0.000   0.000   1.000   
0.000   0.000   239.420   0.000   0.000   0.000   1.000   
0.000   0.000   239.420   0.000   0.000   0.000   1.000   
0.000   0.000   239.420   0.000   0.000   0.000   1.000   
0.000   0.000   239.420   0.000   0.000   0.000   1.000   
0.000   0.000   239.420   0.000   0.000   0.000   1.000   
0.000   0.000   239.420   0.000   0.000   0.000   1.000   
0.000   0.000   239.420   0.000   0.000   0.000   1.000   
0.000   0.000   239.420   0.000   0.000   0.000   1.000   
0.000   0.000   239.420   0.000   0.000   0.000   1.000   
0.000   0.000   239.420   0.000   0.000   0.000   1.000   
0.000   0.000   239.420   0.000   0.000   0.000   1.000   
0.000   0.000   239.420   0.000   0.000   0.000   1.000   
0.000   0.000   239.420   0.000   0.000   0.000   1.000   
0.000   0.000   239.420   0.000   0.000   0.000   1.000   
0.000   0.000   239.420   0.000   0.000   0.000   1.000   
0.000   0.000   239.420   0.000   0.000   0.000   1.000   
0.000   0.000   239.420   0.000   0.000   0.000   1.000   
0.000   0.000   239.420   0.000   0.000   0.000   1.000   
0.000   0.000   239.420   0.000   0.000   0.000   1.000   
0.000   0.000   239.420   0.000   0.000   0.000   1.000   
0.000   0.000   239.420   0.000   0.000   0.000   1.000   
0.000   0.000   239.420   0.000   0.000   0.000   1.000   
0.000   0.000   239.420   0.000   0.000   0.000   1.000   
0.000   0.000   239.420   0.000   0.000   0.000   1.000   
0.000   0.000   239.420   0.000   0.000   0.000   1.000   
0.000   0.000   239.420   0.000   0.000   0.000   1.000   
0.000   0.000   239.420   0.000   0.000   0.000   1.000   
0.000   0.000   239.420   0.000   0.000   0.000   1.000   
0.000   0.000   239.420   0.000   0.000   0.000   1.000   
0.000   0.000   239.420   0.000   0.000   0.000   1.000   
0.000   0.000   239.420   0.000   0.000   0.000   1.000   
0.000   0.000   239.420   0.000   0.000   0.000   1.000   
0.000   0.000   239.420   0.000   0.000   0.000   1.000   
0.000   0.000   239.420   0.000   0.000   0.000   1.000   
0.000   0.000   239.420   0.000   0.000   0.000   1.000   
0.000   0.000   239.420   0.000   0.000   0.000   1.000   
0.000   0.000   239.420   0.000   0.000   0.000   1.000   
0.000   0.000   239.420   0.000   0.000   0.000   1.000   
0.000   0.000   239.420   0.000   0.000   0.000   1.000   
0.000   0.000   239.420   0.000   0.000   0.000   1.000   
0.000   0.000   239.420   0.000   0.000   0.000   1.000   
0.000   0.000   239.420   0.000   0.000   0.000   1.000   
0.000   0.000   239.420   0.000   0.000   0.000   1.000   
0.000   0.000   239.420   0.000   0.000   0.000   1.000   
0.000   0.000   239.420   0.000   0.000   0.000   1.000   
0.000   0.000   239.420   0.000   0.000   0.000   1.000   
0.000   0.000   239.420   0.000   0.000   0.000   1.000   
0.000   0.000   239.420   0.000   0.000   0.000   1.000   
0.000   0.000   239.420   0.000   0.000   0.000   1.000   
0.000   0.000   239.420   0.000   0.000   0.000   1.000   
0.000   0.000   239.420   0.000   0.000   0.000   1.000   
0.000   0.000   239.420   0.000   0.000   0.000   1.000   
0.000   0.000   239.420   0.000   0.000   0.000   1.000   
0.000   0.000   239.420   0.000   0.000   0.000   1.000   
0.000   0.000   239.420   0.000   0.000   0.000   1.000   
0.000   0.000   239.420   0.000   0.000   0.000   1.000   
0.000   0.000   239.420   0.000   0.000   0.000   1.000   
0.000   0.000   239.420   0.000   0.000   0.000   1.000   
0.000   0.000   239.420   0.000   0.000   0.000   1.000   
0.000   0.000   239.420   0.000   0.000   0.000   1.000   
0.000   0.000   239.420   0.000   0.000   0.000   1.000   
0.000   0.000   239.420   0.000   0.000   0.000   1.000   
0.000   0.000   239.420   0.000   0.000   0.000   1.000   
0.000   0.000   239.420   0.000   0.000   0.000   1.000   
0.000   0.000   239.420   0.000   0.000   0.000   1.000   
0.000   0.000   239.420   0.000   0.000   0.000   1.000   
0.000   0.000   239.420   0.000   0.000   0.000   1.000   
0.000   0.000   239.420   0.000   0.000   0.000   1.000   
0.000   0.000   239.420   0.000   0.000   0.000   1.000   
0.000   0.000   239.420   0.000   0.000   0.000   1.000   
0.000   0.000   239.420   0.000   0.000   0.000   1.000   
0.000   0.000   239.420   0.000   0.000   0.000   1.000   
0.000   0.000   239.420   0.000   0.000   0.000   1.000   
0.000   0.000   239.420   0.000   0.000   0.000   1.000   
0.000   0.000   239.420   0.000   0.000   0.000   1.000   
0.000   0.000   239.420   0.000   0.000   0.000   1.000   
0.000   0.000   239.420   0.000   0.000   0.000   1.000   
0.000   0.000   239.420   0.000   0.000   0.000   1.000   
0.000   0.000   239.420   0.000   0.000   0.000   1.000   
0.000   0.000   239.420   0.000   0.000   0.000   1.000   
0.000   0.000   239.420   0.000   0.000   0.000   1.000   
0.000   0.000   239.420   0.000   0.000   0.000   1.000   
0.000   0.000   239.420   0.000   0.000   0.000   1.000   
0.000   0.000   239.420   0.000   0.000   0.000   1.000   
0.000   0.000   239.420   0.000   0.000   0.000   1.000   
0.000   0.000   239.420   0.000   0.000   0.000   1.000   
0.000   0.000   239.420   0.000   0.000   0.000   1.000   
0.000   0.000   239.420   0.000   0.000   0.000   1.000   
0.000   0.000   239.420   0.000   0.000   0.000   1.000   
0.000   0.000   239.420   0.000   0.000   0.000   1.000   
0.000   0.000   239.420   0.000   0.000   0.000   1.000   
0.000   0.000   239.420   0.000   0.000   0.000   1.000   
0.000   0.000   239.420   0.000   0.000   0.000   1.000   
0.000   0.000   239.420   0.000   0.000   0.000   1.000   
0.000   0.000   239.420   0.000   0.000   0.000   1.000   
0.000   0.000   239.420   0.000   0.000   0.000   1.000   
0.000   0.000   239.420   0.000   0.000   0.000   1.000   
0.000   0.000   239.420   0.000   0.000   0.000   1.000   
0.000   0.000   239.420   0.000   0.000   0.000   1.000   
0.000   0.000   239.420   0.000   0.000   0.000   1.000   
0.000   0.000   239.420   0.000   0.000   0.000   1.000   
0.000   0.000   239.420   0.000   0.000   0.000   1.000   
0.000   0.000   239.420   0.000   0.000   0.000   1.000   
0.000   0.000   239.420   0.000   0.000   0.000   1.000   
0.000   0.000   239.420   0.000   0.000   0.000   1.000   
0.000   0.000   239.420   0.000   0.000   0.000   1.000   
0.000   0.000   239.420   0.000   0.000   0.000   1.000   
0.000   0.000   239.420   0.000   0.000   0.000   1.000   
0.000   0.000   239.420   0.000   0.000   0.000   1.000   
0.000   0.000   239.420   0.000   0.000   0.000   1.000   
0.000   0.000   239.420   0.000   0.000   0.000   1.000   
0.000   0.000   239.420   0.000   0.000   0.000   1.000   
0.000   0.000   239.420   0.000   0.000   0.000   1.000   
0.000   0.000   239.420   0.000   0.000   0.000   1.000   
0.000   0.000   239.420   0.000   0.000   0.000   1.000   
0.000   0.000   239.420   0.000   0.000   0.000   1.000   
0.000   0.000   239.420   0.000   0.000   0.000   1.000   
0.000   0.000   239.420   0.000   0.000   0.000   1.000   
0.000   0.000   239.420   0.000   0.000   0.000   1.000   
0.000   0.000   239.420   0.000   0.000   0.000   1.000   
0.000   0.000   239.420   0.000   0.000   0.000   1.000   
0.000   0.000   239.420   0.000   0.000   0.000   1.000   
0.000   0.000   239.420   0.000   0.000   0.000   1.000   
0.000   0.000   239.420   0.000   0.000   0.000   1.000   
0.000   0.000   239.420   0.000   0.000   0.000   1.000   
0.000   0.000   239.420   0.000   0.000   0.000   1.000   
0.000   0.000   239.420   0.000   0.000   0.000   1.000   
0.000   0.000   239.420   0.000   0.000   0.000   1.000   
0.000   0.000   239.420   0.000   0.000   0.000   1.000   
0.000   0.000   239.420   0.000   0.000   0.000   1.000   
0.000   0.000   239.420   0.000   0.000   0.000   1.000   
0.000   0.000   239.420   0.000   0.000   0.000   1.000   
0.000   0.000   239.420   0.000   0.000   0.000   1.000   
0.000   0.000   239.420   0.000   0.000   0.000   1.000   
0.000   0.000   239.420   0.000   0.000   0.000   1.000   
0.000   0.000   239.420   0.000   0.000   0.000   1.000   
0.000   0.000   239.420   0.000   0.000   0.000   1.000   
0.000   0.000   239.420   0.000   0.000   0.000   1.000   
0.000   0.000   239.420   0.000   0.000   0.000   1.000   
0.000   0.000   239.420   0.000   0.000   0.000   1.000   
0.000   0.000   239.420   0.000   0.000   0.000   1.000   
0.000   0.000   239.420   0.000   0.000   0.000   1.000   
0.000   0.000   239.420   0.000   0.000   0.000   1.000   
0.000   0.000   239.420   0.000   0.000   0.000   1.000   
0.000   0.000   239.420   0.000   0.000   0.000   1.000   
0.000   0.000   239.420   0.000   0.000   0.000   1.000   
0.000   0.000   239.420   0.000   0.000   0.000   1.000   
0.000   0.000   239.420   0.000   0.000   0.000   1.000   
0.000   0.000   239.420   0.000   0.000   0.000   1.000   
0.000   0.000   239.420   0.000   0.000   0.000   1.000   
0.795   0.000   239.420   0.000   0.000   0.000   1.000   
2.385   0.000   239.420   0.000   0.000   0.000   1.000   
4.775   0.000   239.420   0.000   0.000   0.000   1.000   
7.960   0.000   239.420   0.000   0.000   0.000   1.000   
11.940   0.000   239.420   0.000   0.000   0.000   1.000   
16.715   0.000   239.420   0.000   0.000   0.000   1.000   
22.285   0.000   239.420   0.000   0.000   0.000   1.000   
28.655   0.000   239.420   0.000   0.000   0.000   1.000   
35.820   0.000   239.420   0.000   0.000   0.000   1.000   
43.780   0.000   239.425   0.000   0.000   0.000   1.000   
52.535   0.000   239.430   0.000   0.000   0.000   1.000   
62.085   0.000   239.440   0.000   0.000   0.000   1.000   
72.435   0.000   239.450   0.000   0.000   0.000   1.000   
83.580   0.000   239.475   0.000   0.000   0.000   1.000   
95.520   0.000   239.505   0.000   0.000   0.000   1.000   
108.255   0.000   239.550   0.000   0.000   0.000   1.000   
121.785   0.000   239.610   0.000   0.000   0.000   1.000   
136.115   0.000   239.685   0.000   0.000   0.000   1.000   
151.240   0.000   239.770   0.000   0.000   0.000   1.000   
167.160   0.000   239.880   0.000   0.000   0.000   1.000   
183.875   0.000   240.005   0.000   0.000   0.000   1.000   
201.385   0.000   240.150   0.000   0.000   0.000   1.000   
219.695   0.000   240.315   0.000   0.000   0.000   1.000   
238.800   0.000   240.510   0.000   0.000   0.000   1.000   
258.700   0.000   240.730   0.000   0.000   0.000   1.000   
278.600   0.000   240.975   0.000   0.000   0.000   1.000   
298.500   0.000   241.250   0.000   0.000   0.000   1.000   
318.400   0.000   241.555   0.000   0.000   0.000   1.000   
338.300   0.000   241.875   0.000   0.000   0.000   1.000   
358.200   0.000   242.240   0.000   0.000   0.000   1.000   
378.100   0.000   242.635   0.000   0.000   0.000   1.000   
398.000   0.000   243.070   0.000   0.000   0.000   1.000   
417.900   0.000   243.545   0.000   0.000   0.000   1.000   
437.400   0.000   244.065   0.000   0.000   0.000   1.000   
456.105   0.000   244.625   0.000   0.000   0.000   1.000   
456.105   0.000   245.220   0.000   0.000   0.000   1.000   
474.015   0.000   245.865   0.000   0.000   0.000   1.000   
491.130   0.000   246.545   0.000   0.000   0.000   1.000   
507.450   0.000   247.265   0.000   0.000   0.000   1.000   
522.975   0.000   247.265   0.000   0.000   0.000   1.000   
537.700   0.000   248.020   0.000   0.000   0.000   1.000   
551.630   0.000   248.820   0.000   0.000   0.000   1.000   
564.765   0.000   249.660   0.000   0.000   0.000   1.000   
577.105   0.000   250.540   0.000   0.000   0.000   1.000   
588.645   0.000   251.460   0.000   0.000   0.000   1.000   
599.395   0.000   252.415   0.000   0.000   0.000   1.000   
609.345   0.000   253.400   0.000   0.000   0.000   1.000   
618.500   0.000   254.425   0.000   0.000   0.000   1.000   
626.855   0.000   255.475   0.000   0.000   0.000   1.000   
634.420   0.000   256.560   0.000   0.000   0.000   1.000   
641.185   0.000   257.675   0.000   0.000   0.000   1.000   
647.155   0.000   258.810   0.000   0.000   0.000   1.000   
652.330   0.000   259.975   0.000   0.000   0.000   1.000   
656.710   0.000   261.165   0.000   0.000   0.000   1.000   
660.290   0.000   262.375   0.000   0.000   0.000   1.000   
663.080   0.000   263.605   0.000   0.000   0.000   1.000   
665.070   0.000   264.850   0.000   0.000   0.000   1.000   
666.265   0.000   266.110   0.000   0.000   0.000   1.000   
666.665   0.000   267.385   0.000   0.000   0.000   1.000   
666.665   0.000   268.670   0.000   0.000   0.000   1.000   
666.665   0.000   269.970   0.000   0.000   0.000   1.000   
666.665   0.000   271.280   0.000   0.000   0.000   1.000   
666.665   0.000   272.595   0.000   0.000   0.000   1.000   
666.665   0.000   273.920   0.000   0.000   0.000   1.000   
666.665   0.000   275.250   0.000   0.000   0.000   1.000   
666.665   0.000   276.580   0.000   0.000   0.000   1.000   
666.665   0.000   277.915   0.000   0.000   0.000   1.000   
666.665   0.000   279.250   0.000   0.000   0.000   1.000   
666.665   0.000   280.585   0.000   0.000   0.000   1.000   
666.665   0.000   281.925   0.000   0.000   0.000   1.000   
666.665   0.000   283.255   0.000   0.000   0.000   1.000   
666.665   0.000   284.590   0.000   0.000   0.000   1.000   
666.665   0.000   285.925   0.000   0.000   0.000   1.000   
666.665   0.000   287.255   0.000   0.000   0.000   1.000   
666.665   0.000   288.590   0.000   0.000   0.000   1.000   
666.665   0.000   289.920   0.000   0.000   0.000   1.000   
666.665   0.000   291.255   0.000   0.000   0.000   1.000   
666.665   0.000   292.590   0.000   0.000   0.000   1.000   
666.665   0.000   293.920   0.000   0.000   0.000   1.000   
666.665   0.000   295.255   0.000   0.000   0.000   1.000   
666.665   0.000   296.590   0.000   0.000   0.000   1.000   
666.665   0.000   297.920   0.000   0.000   0.000   1.000   
666.665   0.000   297.920   0.000   0.000   0.000   1.000   
666.665   0.000   299.255   0.000   0.000   0.000   1.000   
666.665   0.000   300.590   0.000   0.000   0.000   1.000   
666.665   0.000   301.920   0.000   0.000   0.000   1.000   
666.665   0.000   303.255   0.000   0.000   0.000   1.000   
666.665   0.000   304.585   0.000   0.000   0.000   1.000   
666.665   0.000   305.920   0.000   0.000   0.000   1.000   
666.665   0.000   307.255   0.000   0.000   0.000   1.000   
666.665   0.000   308.590   0.000   0.000   0.000   1.000   
666.665   0.000   309.920   0.000   0.000   0.000   1.000   
666.665   0.000   311.255   0.000   0.000   0.000   1.000   
666.665   0.000   312.590   0.000   0.000   0.000   1.000   
666.665   0.000   313.920   0.000   0.000   0.000   1.000   
666.665   0.000   315.255   0.000   0.000   0.000   1.000   
666.665   0.000   316.590   0.000   0.000   0.000   1.000   
666.665   0.000   317.920   0.000   0.000   0.000   1.000   
666.665   0.000   319.255   0.000   0.000   0.000   1.000   
666.665   0.000   320.590   0.000   0.000   0.000   1.000   
666.665   0.000   321.920   0.000   0.000   0.000   1.000   
666.665   0.000   323.255   0.000   0.000   0.000   1.000   
666.665   0.000   324.585   0.000   0.000   0.000   1.000   
666.665   0.000   325.920   0.000   0.000   0.000   1.000   
666.665   0.000   327.255   0.000   0.000   0.000   1.000   
666.665   0.000   328.585   0.000   0.000   0.000   1.000   
666.665   0.000   329.920   0.000   0.000   0.000   1.000   
666.665   0.000   331.255   0.000   0.000   0.000   1.000   
666.665   0.000   332.590   0.000   0.000   0.000   1.000   
666.665   0.000   333.920   0.000   0.000   0.000   1.000   
666.665   0.000   335.255   0.000   0.000   0.000   1.000   
666.665   0.000   336.590   0.000   0.000   0.000   1.000   
666.665   0.000   337.920   0.000   0.000   0.000   1.000   
666.665   0.000   339.255   0.000   0.000   0.000   1.000   
666.665   0.000   340.590   0.000   0.000   0.000   1.000   
666.665   0.000   341.925   0.000   0.000   0.000   1.000   
666.665   0.000   343.255   0.000   0.000   0.000   1.000   
666.665   0.000   344.590   0.000   0.000   0.000   1.000   
666.665   0.000   345.920   0.000   0.000   0.000   1.000   
666.665   0.000   347.255   0.000   0.000   0.000   1.000   
666.665   0.000   348.585   0.000   0.000   0.000   1.000   
666.665   0.000   349.920   0.000   0.000   0.000   1.000   
666.665   0.000   351.255   0.000   0.000   0.000   1.000   
666.665   0.000   352.590   0.000   0.000   0.000   1.000   
666.665   0.000   353.920   0.000   0.000   0.000   1.000   
666.665   0.000   353.920   0.000   0.000   0.000   1.000   
666.665   0.000   355.255   0.000   0.000   0.000   1.000   
666.665   0.000   356.590   0.000   0.000   0.000   1.000   
666.665   0.000   357.920   0.000   0.000   0.000   1.000   
666.665   0.000   359.255   0.000   0.000   0.000   1.000   
666.665   0.000   360.590   0.000   0.000   0.000   1.000   
666.665   0.000   361.925   0.000   0.000   0.000   1.000   
666.665   0.000   363.255   0.000   0.000   0.000   1.000   
666.665   0.000   364.590   0.000   0.000   0.000   1.000   
666.665   0.000   365.925   0.000   0.000   0.000   1.000   
666.665   0.000   367.255   0.000   0.000   0.000   1.000   
666.665   0.000   368.590   0.000   0.000   0.000   1.000   
666.665   0.000   369.920   0.000   0.000   0.000   1.000   
666.665   0.000   371.255   0.000   0.000   0.000   1.000   
666.665   0.000   372.590   0.000   0.000   0.000   1.000   
666.665   0.000   373.920   0.000   0.000   0.000   1.000   
666.665   0.000   375.255   0.000   0.000   0.000   1.000   
666.665   0.000   376.590   0.000   0.000   0.000   1.000   
666.665   0.000   377.920   0.000   0.000   0.000   1.000   
666.665   0.000   379.255   0.000   0.000   0.000   1.000   
666.665   0.000   380.590   0.000   0.000   0.000   1.000   
666.665   0.000   381.920   0.000   0.000   0.000   1.000   
666.665   0.000   383.255   0.000   0.000   0.000   1.000   
666.665   0.000   384.585   0.000   0.000   0.000   1.000   
666.665   0.000   385.920   0.000   0.000   0.000   1.000   
666.665   0.000   387.255   0.000   0.000   0.000   1.000   
666.665   0.000   388.590   0.000   0.000   0.000   1.000   
666.665   0.000   389.920   0.000   0.000   0.000   1.000   
666.665   0.000   391.255   0.000   0.000   0.000   1.000   
666.665   0.000   392.590   0.000   0.000   0.000   1.000   
666.665   0.000   393.920   0.000   0.000   0.000   1.000   
666.665   0.000   395.255   0.000   0.000   0.000   1.000   
666.665   0.000   396.590   0.000   0.000   0.000   1.000   
666.665   0.000   397.920   0.000   0.000   0.000   1.000   
666.665   0.000   399.255   0.000   0.000   0.000   1.000   
666.665   0.000   400.590   0.000   0.000   0.000   1.000   
666.665   0.000   401.920   0.000   0.000   0.000   1.000   
666.665   0.000   403.255   0.000   0.000   0.000   1.000   
666.665   0.000   404.585   0.000   0.000   0.000   1.000   
666.665   0.000   405.920   0.000   0.000   0.000   1.000   
666.665   0.000   407.255   0.000   0.000   0.000   1.000   
666.665   0.000   408.590   0.000   0.000   0.000   1.000   
666.665   0.000   408.590   0.000   0.000   0.000   1.000   
666.665   0.000   409.920   0.000   0.000   0.000   1.000   
666.665   0.000   411.255   0.000   0.000   0.000   1.000   
666.665   0.000   412.590   0.000   0.000   0.000   1.000   
666.665   0.000   413.920   0.000   0.000   0.000   1.000   
666.665   0.000   415.255   0.000   0.000   0.000   1.000   
666.665   0.000   416.590   0.000   0.000   0.000   1.000   
666.665   0.000   417.920   0.000   0.000   0.000   1.000   
666.665   0.000   419.255   0.000   0.000   0.000   1.000   
666.665   0.000   420.590   0.000   0.000   0.000   1.000   
666.665   0.000   421.925   0.000   0.000   0.000   1.000   
666.665   0.000   423.255   0.000   0.000   0.000   1.000   
666.665   0.000   424.585   0.000   0.000   0.000   1.000   
666.665   0.000   425.920   0.000   0.000   0.000   1.000   
666.665   0.000   427.255   0.000   0.000   0.000   1.000   
666.665   0.000   428.590   0.000   0.000   0.000   1.000   
666.665   0.000   429.920   0.000   0.000   0.000   1.000   
666.665   0.000   431.255   0.000   0.000   0.000   1.000   
666.665   0.000   432.590   0.000   0.000   0.000   1.000   
666.665   0.000   433.920   0.000   0.000   0.000   1.000   
666.665   0.000   435.255   0.000   0.000   0.000   1.000   
666.665   0.000   436.590   0.000   0.000   0.000   1.000   
666.665   0.000   437.920   0.000   0.000   0.000   1.000   
666.665   0.000   439.255   0.000   0.000   0.000   1.000   
666.665   0.000   440.590   0.000   0.000   0.000   1.000   
666.665   0.000   441.920   0.000   0.000   0.000   1.000   
666.665   0.000   443.255   0.000   0.000   0.000   1.000   
666.665   0.000   444.585   0.000   0.000   0.000   1.000   
666.665   0.000   445.920   0.000   0.000   0.000   1.000   
666.665   0.000   447.255   0.000   0.000   0.000   1.000   
666.665   0.000   448.590   0.000   0.000   0.000   1.000   
666.665   0.000   449.920   0.000   0.000   0.000   1.000   
666.665   0.000   451.255   0.000   0.000   0.000   1.000   
666.665   0.000   452.590   0.000   0.000   0.000   1.000   
666.665   0.000   453.920   0.000   0.000   0.000   1.000   
666.665   0.000   455.255   0.000   0.000   0.000   1.000   
666.665   0.000   456.590   0.000   0.000   0.000   1.000   
666.665   0.000   457.920   0.000   0.000   0.000   1.000   
666.665   0.000   459.255   0.000   0.000   0.000   1.000   
666.665   0.000   460.590   0.000   0.000   0.000   1.000   
666.665   0.000   461.920   0.000   0.000   0.000   1.000   
666.665   0.000   463.255   0.000   0.000   0.000   1.000   
666.665   0.000   464.585   0.000   0.000   0.000   1.000   
666.665   0.000   464.585   0.000   0.000   0.000   1.000   
666.665   0.000   465.920   0.000   0.000   0.000   1.000   
666.665   0.000   467.255   0.000   0.000   0.000   1.000   
666.665   0.000   468.585   0.000   0.000   0.000   1.000   
666.665   0.000   469.920   0.000   0.000   0.000   1.000   
666.665   0.000   471.255   0.000   0.000   0.000   1.000   
666.665   0.000   472.590   0.000   0.000   0.000   1.000   
666.665   0.000   473.920   0.000   0.000   0.000   1.000   
666.665   0.000   475.255   0.000   0.000   0.000   1.000   
666.665   0.000   476.590   0.000   0.000   0.000   1.000   
666.665   0.000   477.920   0.000   0.000   0.000   1.000   
666.665   0.000   479.255   0.000   0.000   0.000   1.000   
666.665   0.000   480.590   0.000   0.000   0.000   1.000   
666.665   0.000   481.925   0.000   0.000   0.000   1.000   
666.665   0.000   483.255   0.000   0.000   0.000   1.000   
666.665   0.000   484.585   0.000   0.000   0.000   1.000   
666.665   0.000   485.920   0.000   0.000   0.000   1.000   
666.665   0.000   487.255   0.000   0.000   0.000   1.000   
666.665   0.000   488.590   0.000   0.000   0.000   1.000   
666.665   0.000   489.920   0.000   0.000   0.000   1.000   
666.665   0.000   491.255   0.000   0.000   0.000   1.000   
666.665   0.000   492.590   0.000   0.000   0.000   1.000   
666.665   0.000   493.920   0.000   0.000   0.000   1.000   
666.665   0.000   495.255   0.000   0.000   0.000   1.000   
666.665   0.000   496.590   0.000   0.000   0.000   1.000   
666.665   0.000   497.920   0.000   0.000   0.000   1.000   
666.665   0.000   499.255   0.000   0.000   0.000   1.000   
666.665   0.000   500.590   0.000   0.000   0.000   1.000   
666.665   0.000   501.925   0.000   0.000   0.000   1.000   
666.665   0.000   503.255   0.000   0.000   0.000   1.000   
666.665   0.000   504.585   0.000   0.000   0.000   1.000   
666.665   0.000   505.920   0.000   0.000   0.000   1.000   
666.665   0.000   507.255   0.000   0.000   0.000   1.000   
666.665   0.000   508.590   0.000   0.000   0.000   1.000   
666.665   0.000   509.920   0.000   0.000   0.000   1.000   
666.665   0.000   511.255   0.000   0.000   0.000   1.000   
666.665   0.000   512.590   0.000   0.000   0.000   1.000   
666.665   0.000   513.920   0.000   0.000   0.000   1.000   
666.665   0.000   515.255   0.000   0.000   0.000   1.000   
666.665   0.000   516.590   0.000   0.000   0.000   1.000   
666.665   0.000   517.920   0.000   0.000   0.000   1.000   
666.665   0.000   519.255   0.000   0.000   0.000   1.000   
666.665   0.000   519.255   0.000   0.000   0.000   1.000   
666.665   0.000   520.590   0.000   0.000   0.000   1.000   
666.665   0.000   521.925   0.000   0.000   0.000   1.000   
666.665   0.000   523.255   0.000   0.000   0.000   1.000   
666.665   0.000   524.585   0.000   0.000   0.000   1.000   
666.665   0.000   525.920   0.000   0.000   0.000   1.000   
666.665   0.000   527.255   0.000   0.000   0.000   1.000   
666.665   0.000   528.590   0.000   0.000   0.000   1.000   
666.665   0.000   529.920   0.000   0.000   0.000   1.000   
666.665   0.000   531.255   0.000   0.000   0.000   1.000   
666.665   0.000   532.590   0.000   0.000   0.000   1.000   
666.665   0.000   533.920   0.000   0.000   0.000   1.000   
666.665   0.000   535.255   0.000   0.000   0.000   1.000   
666.665   0.000   536.590   0.000   0.000   0.000   1.000   
666.665   0.000   537.920   0.000   0.000   0.000   1.000   
666.665   0.000   539.255   0.000   0.000   0.000   1.000   
666.665   0.000   540.590   0.000   0.000   0.000   1.000   
666.665   0.000   541.920   0.000   0.000   0.000   1.000   
666.665   0.000   543.255   0.000   0.000   0.000   1.000   
666.665   0.000   544.590   0.000   0.000   0.000   1.000   
666.665   0.000   545.920   0.000   0.000   0.000   1.000   
666.665   0.000   547.255   0.000   0.000   0.000   1.000   
666.665   0.000   548.585   0.000   0.000   0.000   1.000   
665.865   0.000   549.920   0.000   0.000   0.000   1.000   
664.275   0.000   551.255   0.000   0.000   0.000   1.000   
661.885   0.000   552.590   0.000   0.000   0.000   1.000   
658.705   0.000   553.920   0.000   0.000   0.000   1.000   
654.725   0.000   555.255   0.000   0.000   0.000   1.000   
649.945   0.000   556.590   0.000   0.000   0.000   1.000   
644.375   0.000   557.920   0.000   0.000   0.000   1.000   
638.005   0.000   559.255   0.000   0.000   0.000   1.000   
630.845   0.000   560.585   0.000   0.000   0.000   1.000   
622.885   0.000   561.915   0.000   0.000   0.000   1.000   
614.125   0.000   563.245   0.000   0.000   0.000   1.000   
604.575   0.000   564.570   0.000   0.000   0.000   1.000   
594.225   0.000   565.885   0.000   0.000   0.000   1.000   
583.085   0.000   567.195   0.000   0.000   0.000   1.000   
571.145   0.000   568.495   0.000   0.000   0.000   1.000   
571.145   0.000   569.785   0.000   0.000   0.000   1.000   
544.875   0.000   571.065   0.000   0.000   0.000   1.000   
544.875   0.000   572.325   0.000   0.000   0.000   1.000   
530.545   0.000   573.570   0.000   0.000   0.000   1.000   
515.425   0.000   574.795   0.000   0.000   0.000   1.000   
499.505   0.000   574.795   0.000   0.000   0.000   1.000   
482.785   0.000   576.005   0.000   0.000   0.000   1.000   
465.275   0.000   577.190   0.000   0.000   0.000   1.000   
446.965   0.000   578.355   0.000   0.000   0.000   1.000   
427.865   0.000   579.495   0.000   0.000   0.000   1.000   
408.760   0.000   580.610   0.000   0.000   0.000   1.000   
389.655   0.000   581.700   0.000   0.000   0.000   1.000   
370.550   0.000   582.755   0.000   0.000   0.000   1.000   
351.445   0.000   583.780   0.000   0.000   0.000   1.000   
332.345   0.000   584.780   0.000   0.000   0.000   1.000   
313.240   0.000   585.740   0.000   0.000   0.000   1.000   
294.135   0.000   586.670   0.000   0.000   0.000   1.000   
275.030   0.000   587.560   0.000   0.000   0.000   1.000   
255.925   0.000   588.415   0.000   0.000   0.000   1.000   
237.220   0.000   589.230   0.000   0.000   0.000   1.000   
218.740   0.000   590.005   0.000   0.000   0.000   1.000   
200.830   0.000   590.740   0.000   0.000   0.000   1.000   
183.715   0.000   591.440   0.000   0.000   0.000   1.000   
167.395   0.000   592.100   0.000   0.000   0.000   1.000   
151.870   0.000   592.720   0.000   0.000   0.000   1.000   
137.145   0.000   593.300   0.000   0.000   0.000   1.000   
123.215   0.000   593.845   0.000   0.000   0.000   1.000   
110.080   0.000   594.355   0.000   0.000   0.000   1.000   
97.740   0.000   594.825   0.000   0.000   0.000   1.000   
86.200   0.000   595.255   0.000   0.000   0.000   1.000   
75.450   0.000   595.655   0.000   0.000   0.000   1.000   
65.500   0.000   596.015   0.000   0.000   0.000   1.000   
56.345   0.000   596.345   0.000   0.000   0.000   1.000   
47.990   0.000   596.645   0.000   0.000   0.000   1.000   
40.425   0.000   596.915   0.000   0.000   0.000   1.000   
32.865   0.000   597.155   0.000   0.000   0.000   1.000   
26.095   0.000   597.370   0.000   0.000   0.000   1.000   
20.125   0.000   597.560   0.000   0.000   0.000   1.000   
14.950   0.000   597.725   0.000   0.000   0.000   1.000   
10.575   0.000   597.875   0.000   0.000   0.000   1.000   
6.990   0.000   598.000   0.000   0.000   0.000   1.000   
4.205   0.000   598.110   0.000   0.000   0.000   1.000   
0.000   0.000   598.205   0.000   0.000   0.000   1.000   
0.000   0.000   598.280   0.000   0.000   0.000   1.000   
0.000   0.000   598.345   0.000   0.000   0.000   1.000   
0.000   0.000   598.390   0.000   0.000   0.000   1.000   
1.225   0.000   598.430   0.000   0.000   0.000   1.000   
3.675   0.000   598.430   0.000   0.000   0.000   1.000   
7.350   0.000   598.480   0.000   0.000   0.000   1.000   
12.250   0.000   598.480   0.000   0.000   0.000   1.000   
18.375   0.000   598.490   0.000   0.000   0.000   1.000   
25.725   0.000   598.500   0.000   0.000   0.000   1.000   
34.300   0.000   598.500   0.000   0.000   0.000   1.000   
44.100   0.000   598.500   0.000   0.000   0.000   1.000   
53.290   0.000   598.500   0.000   0.000   0.000   1.000   
61.255   0.000   598.500   0.000   0.000   0.000   1.000   
67.995   0.000   598.495   0.000   0.000   0.000   1.000   
73.515   0.000   598.495   0.000   0.000   0.000   1.000   
77.805   0.000   598.495   0.000   0.000   0.000   1.000   
80.870   0.000   598.495   0.000   0.000   0.000   1.000   
82.710   0.000   598.495   0.000   0.000   0.000   1.000   
83.330   0.000   598.495   0.000   0.000   0.000   1.000   
83.330   0.000   598.495   0.000   0.000   0.000   1.000   
83.330   0.000   598.495   0.000   0.000   0.000   1.000   
83.330   0.000   598.495   0.000   0.000   0.000   1.000   
83.330   0.000   598.495   0.000   0.000   0.000   1.000   
83.330   0.000   598.495   0.000   0.000   0.000   1.000   
83.330   0.000   598.495   0.000   0.000   0.000   1.000   
83.330   0.000   598.495   0.000   0.000   0.000   1.000   
83.330   0.000   598.495   0.000   0.000   0.000   1.000   
83.330   0.000   598.495   0.000   0.000   0.000   1.000   
83.330   0.000   598.495   0.000   0.000   0.000   1.000   
83.330   0.000   598.495   0.000   0.000   0.000   1.000   
83.330   0.000   598.495   0.000   0.000   0.000   1.000   
83.330   0.000   598.495   0.000   0.000   0.000   1.000   
83.330   0.000   598.495   0.000   0.000   0.000   1.000   
83.330   0.000   598.495   0.000   0.000   0.000   1.000   
83.330   0.000   598.495   0.000   0.000   0.000   1.000   
83.330   0.000   598.495   0.000   0.000   0.000   1.000   
83.330   0.000   598.495   0.000   0.000   0.000   1.000   
83.330   0.000   598.495   0.000   0.000   0.000   1.000   
83.330   0.000   598.495   0.000   0.000   0.000   1.000   
82.105   0.000   598.495   0.000   0.000   0.000   1.000   
79.655   0.000   598.495   0.000   0.000   0.000   1.000   
75.980   0.000   598.495   0.000   0.000   0.000   1.000   
71.080   0.000   598.495   0.000   0.000   0.000   1.000   
66.180   0.000   598.495   0.000   0.000   0.000   1.000   
60.055   0.000   598.495   0.000   0.000   0.000   1.000   
60.055   0.000   598.495   0.000   0.000   0.000   1.000   
52.705   0.000   598.495   0.000   0.000   0.000   1.000   
44.130   0.000   598.495   0.000   0.000   0.000   1.000   
35.675   0.000   598.495   0.000   0.000   0.000   1.000   
27.710   0.000   598.495   0.000   0.000   0.000   1.000   
20.970   0.000   598.495   0.000   0.000   0.000   1.000   
15.455   0.000   598.495   0.000   0.000   0.000   1.000   
9.935   0.000   598.495   0.000   0.000   0.000   1.000   
5.645   0.000   598.495   0.000   0.000   0.000   1.000   
0.000   0.000   598.495   0.000   0.000   0.000   1.000   
0.000   0.000   598.495   0.000   0.000   0.000   1.000   
0.000   0.000   598.495   0.000   0.000   0.000   1.000   
0.000   0.000   598.495   0.000   0.000   0.000   1.000   
0.000   0.000   598.495   0.000   0.000   0.000   1.000   
0.000   0.000   598.495   0.000   0.000   0.000   1.000   
0.000   0.000   598.495   0.000   0.000   0.000   1.000   
0.000   0.000   598.495   0.000   0.000   0.000   1.000   
0.000   0.000   598.495   0.000   0.000   0.000   1.000   
0.000   0.000   598.495   0.000   0.000   0.000   1.000   
0.000   0.000   598.495   0.000   0.000   0.000   1.000   
0.000   0.000   598.495   0.000   0.000   0.000   1.000   
0.000   0.000   598.495   0.000   0.000   0.000   1.000   
0.000   0.000   598.495   0.000   0.000   0.000   1.000   
0.000   0.000   598.495   0.000   0.000   0.000   1.000   
0.000   0.000   598.495   0.000   0.000   0.000   1.000   
0.000   0.000   598.495   0.000   0.000   0.000   1.000   
0.000   0.000   598.495   0.000   0.000   0.000   1.000   
0.000   0.000   598.495   0.000   0.000   0.000   1.000   
0.000   0.000   598.495   0.000   0.000   0.000   1.000   
0.000   0.000   598.495   0.000   0.000   0.000   1.000   
0.000   0.000   598.495   0.000   0.000   0.000   1.000   
0.000   0.000   598.495   0.000   0.000   0.000   1.000   
0.000   0.000   598.495   0.000   0.000   0.000   1.000   
0.000   0.000   598.495   0.000   0.000   0.000   1.000   
0.000   0.000   598.495   0.000   0.000   0.000   1.000   
0.000   0.000   598.495   0.000   0.000   0.000   1.000   
0.000   0.000   598.495   0.000   0.000   0.000   1.000   
0.000   0.000   598.495   0.000   0.000   0.000   1.000   
0.000   0.000   598.495   0.000   0.000   0.000   1.000   
0.000   0.000   598.495   0.000   0.000   0.000   1.000   
0.000   0.000   598.495   0.000   0.000   0.000   1.000   
0.000   0.000   598.495   0.000   0.000   0.000   1.000   
0.000   0.000   598.495   0.000   0.000   0.000   1.000   
0.000   0.000   598.495   0.000   0.000   0.000   1.000   
0.000   0.000   598.495   0.000   0.000   0.000   1.000   
0.000   0.000   598.495   0.000   0.000   0.000   1.000   
0.000   0.000   598.495   0.000   0.000   0.000   1.000   
0.000   0.000   598.495   0.000   0.000   0.000   1.000   
0.000   0.000   598.495   0.000   0.000   0.000   1.000   
0.000   0.000   598.495   0.000   0.000   0.000   1.000   
0.000   0.000   598.495   0.000   0.000   0.000   1.000   
0.000   0.000   598.495   0.000   0.000   0.000   1.000   
0.000   0.000   598.495   0.000   0.000   0.000   1.000   
0.000   0.000   598.495   0.000   0.000   0.000   1.000   
0.000   0.000   598.495   0.000   0.000   0.000   1.000   
0.000   0.000   598.495   0.000   0.000   0.000   1.000   
0.000   0.000   598.495   0.000   0.000   0.000   1.000   
0.000   0.000   598.495   0.000   0.000   0.000   1.000   
0.000   0.000   598.495   0.000   0.000   0.000   1.000   
0.000   0.000   598.495   0.000   0.000   0.000   1.000   
0.000   0.000   598.495   0.000   0.000   0.000   1.000   
0.000   0.000   598.495   0.000   0.000   0.000   1.000   
0.000   0.000   598.495   0.000   0.000   0.000   1.000   
0.000   0.000   598.495   0.000   0.000   0.000   1.000   
0.000   0.000   598.495   0.000   0.000   0.000   1.000   
0.000   0.000   598.495   0.000   0.000   0.000   1.000   
0.000   0.000   598.495   0.000   0.000   0.000   1.000   
0.000   0.000   598.495   0.000   0.000   0.000   1.000   
0.000   0.000   598.495   0.000   0.000   0.000   1.000   
0.000   0.000   598.495   0.000   0.000   0.000   1.000   
0.000   0.000   598.495   0.000   0.000   0.000   1.000   
0.000   0.000   598.495   0.000   0.000   0.000   1.000   
0.000   0.000   598.495   0.000   0.000   0.000   1.000   
0.000   0.000   598.495   0.000   0.000   0.000   1.000   
0.000   0.000   598.495   0.000   0.000   0.000   1.000   
0.000   0.000   598.495   0.000   0.000   0.000   1.000   
0.000   0.000   598.495   0.000   0.000   0.000   1.000   
0.000   0.000   598.495   0.000   0.000   0.000   1.000   
0.000   0.000   598.495   0.000   0.000   0.000   1.000   
0.000   0.000   598.495   0.000   0.000   0.000   1.000   
0.000   0.000   598.495   0.000   0.000   0.000   1.000   
0.000   0.000   598.495   0.000   0.000   0.000   1.000   
0.000   0.000   598.495   0.000   0.000   0.000   1.000   
0.000   0.000   598.495   0.000   0.000   0.000   1.000   
0.000   0.000   598.495   0.000   0.000   0.000   1.000   
0.000   0.000   598.495   0.000   0.000   0.000   1.000   
0.000   0.000   598.495   0.000   0.000   0.000   1.000   
0.000   0.000   598.495   0.000   0.000   0.000   1.000   
0.000   0.000   598.495   0.000   0.000   0.000   1.000   
0.000   0.000   598.495   0.000   0.000   0.000   1.000   
0.000   0.000   598.495   0.000   0.000   0.000   1.000   
0.000   0.000   598.495   0.000   0.000   0.000   1.000   
0.000   0.000   598.495   0.000   0.000   0.000   1.000   
0.000   0.000   598.495   0.000   0.000   0.000   1.000   
0.000   0.000   598.495   0.000   0.000   0.000   1.000   
0.000   0.000   598.495   0.000   0.000   0.000   1.000   
0.000   0.000   598.495   0.000   0.000   0.000   1.000   
0.000   0.000   598.495   0.000   0.000   0.000   1.000   
0.000   0.000   598.495   0.000   0.000   0.000   1.000   
0.000   0.000   598.495   0.000   0.000   0.000   1.000   
0.000   0.000   598.495   0.000   0.000   0.000   1.000   
0.000   0.000   598.495   0.000   0.000   0.000   1.000   
0.000   0.000   598.495   0.000   0.000   0.000   1.000   
0.000   0.000   598.495   0.000   0.000   0.000   1.000   
0.000   0.000   598.495   0.000   0.000   0.000   1.000   
0.000   0.000   598.495   0.000   0.000   0.000   1.000   
0.000   0.000   598.495   0.000   0.000   0.000   1.000   
0.000   0.000   598.495   0.000   0.000   0.000   1.000   
0.000   0.000   598.495   0.000   0.000   0.000   1.000   
0.000   0.000   598.495   0.000   0.000   0.000   1.000   
0.000   0.000   598.495   0.000   0.000   0.000   1.000   
0.000   0.000   598.495   0.000   0.000   0.000   1.000   
0.000   0.000   598.495   0.000   0.000   0.000   1.000   
0.000   0.000   598.495   0.000   0.000   0.000   1.000   
0.000   0.000   598.495   0.000   0.000   0.000   1.000   
0.000   0.000   598.495   0.000   0.000   0.000   1.000   
0.000   0.000   598.495   0.000   0.000   0.000   1.000   
0.000   0.000   598.495   0.000   0.000   0.000   1.000   
0.000   0.000   598.495   0.000   0.000   0.000   1.000   
0.000   0.000   598.495   0.000   0.000   0.000   1.000   
0.000   0.000   598.495   0.000   0.000   0.000   1.000   
0.000   0.000   598.495   0.000   0.000   0.000   1.000   
0.000   0.000   598.495   0.000   0.000   0.000   1.000   
0.000   0.000   598.495   0.000   0.000   0.000   1.000   
0.000   0.000   598.495   0.000   0.000   0.000   1.000   
0.000   0.000   598.495   0.000   0.000   0.000   1.000   
0.000   0.000   598.495   0.000   0.000   0.000   1.000   
0.000   0.000   598.495   0.000   0.000   0.000   1.000   
0.000   0.000   598.495   0.000   0.000   0.000   1.000   
0.000   0.000   598.495   0.000   0.000   0.000   1.000   
0.000   0.000   598.495   0.000   0.000   0.000   1.000   
0.000   0.000   598.495   0.000   0.000   0.000   1.000   
0.000   0.000   598.495   0.000   0.000   0.000   1.000   
0.000   0.000   598.495   0.000   0.000   0.000   1.000   
0.000   0.000   598.495   0.000   0.000   0.000   1.000   
0.000   0.000   598.495   0.000   0.000   0.000   1.000   
0.000   0.000   598.495   0.000   0.000   0.000   1.000   
0.000   0.000   598.495   0.000   0.000   0.000   1.000   
0.000   0.000   598.495   0.000   0.000   0.000   1.000   
0.000   0.000   598.495   0.000   0.000   0.000   1.000   
0.000   0.000   598.495   0.000   0.000   0.000   1.000   
0.000   0.000   598.495   0.000   0.000   0.000   1.000   
0.000   0.000   598.495   0.000   0.000   0.000   1.000   
0.000   0.000   598.495   0.000   0.000   0.000   1.000   
0.000   0.000   598.495   0.000   0.000   0.000   1.000   
0.000   0.000   598.495   0.000   0.000   0.000   1.000   
0.000   0.000   598.495   0.000   0.000   0.000   1.000   
0.000   0.000   598.495   0.000   0.000   0.000   1.000   
0.000   0.000   598.495   0.000   0.000   0.000   1.000   
0.000   0.000   598.495   0.000   0.000   0.000   1.000   
0.000   0.000   598.495   0.000   0.000   0.000   1.000   
0.000   0.000   598.495   0.000   0.000   0.000   1.000   
0.000   0.000   598.495   0.000   0.000   0.000   1.000   
0.000   0.000   598.495   0.000   0.000   0.000   1.000   
0.000   0.000   598.495   0.000   0.000   0.000   1.000   
0.000   0.000   598.495   0.000   0.000   0.000   1.000   
0.000   0.000   598.495   0.000   0.000   0.000   1.000   
0.000   0.000   598.495   0.000   0.000   0.000   1.000   
0.000   0.000   598.495   0.000   0.000   0.000   1.000   
0.000   0.000   598.495   0.000   0.000   0.000   1.000   
0.000   0.000   598.495   0.000   0.000   0.000   1.000   
0.000   0.000   598.495   0.000   0.000   0.000   1.000   
0.000   0.000   598.495   0.000   0.000   0.000   1.000   
0.000   0.000   598.495   0.000   0.000   0.000   1.000   
0.000   0.000   598.495   0.000   0.000   0.000   1.000   
0.000   0.000   598.495   0.000   0.000   0.000   1.000   
0.000   0.000   598.495   0.000   0.000   0.000   1.000   
0.000   0.000   598.495   0.000   0.000   0.000   1.000   
0.000   0.000   598.495   0.000   0.000   0.000   1.000   
0.000   0.000   598.495   0.000   0.000   0.000   1.000   
0.000   0.000   598.495   0.000   0.000   0.000   1.000   
0.000   0.000   598.495   0.000   0.000   0.000   1.000   
0.000   0.000   598.495   0.000   0.000   0.000   1.000   
0.000   0.000   598.495   0.000   0.000   0.000   1.000   
0.000   0.000   598.495   0.000   0.000   0.000   1.000   
0.000   0.000   598.495   0.000   0.000   0.000   1.000   
0.000   0.000   598.495   0.000   0.000   0.000   1.000   
0.000   0.000   598.495   0.000   0.000   0.000   1.000   
0.000   0.000   598.495   0.000   0.000   0.000   1.000   
0.000   0.000   598.495   0.000   0.000   0.000   1.000   
0.000   0.000   598.495   0.000   0.000   0.000   1.000   
0.000   0.000   598.495   0.000   0.000   0.000   1.000   
0.000   0.000   598.495   0.000   0.000   0.000   1.000   
0.000   0.000   598.495   0.000   0.000   0.000   1.000   
0.000   0.000   598.495   0.000   0.000   0.000   1.000   
0.000   0.000   598.495   0.000   0.000   0.000   1.000   
0.000   0.000   598.495   0.000   0.000   0.000   1.000   
0.000   0.000   598.495   0.000   0.000   0.000   1.000   
0.000   0.000   598.495   0.000   0.000   0.000   1.000   
0.000   0.000   598.495   0.000   0.000   0.000   1.000   
0.000   0.000   598.495   0.000   0.000   0.000   1.000   
0.000   0.000   598.495   0.000   0.000   0.000   1.000   
0.000   0.000   598.495   0.000   0.000   0.000   1.000   
0.000   0.000   598.495   0.000   0.000   0.000   1.000   
0.000   0.000   598.495   0.000   0.000   0.000   1.000   
0.000   0.000   598.495   0.000   0.000   0.000   1.000   
0.000   0.000   598.495   0.000   0.000   0.000   1.000   
0.000   0.000   598.495   0.000   0.000   0.000   1.000   
0.000   0.000   598.495   0.000   0.000   0.000   1.000   
0.000   0.000   598.495   0.000   0.000   0.000   1.000   
0.000   0.000   598.495   0.000   0.000   0.000   1.000   
0.000   0.000   598.495   0.000   0.000   0.000   1.000   
0.000   0.000   598.495   0.000   0.000   0.000   1.000   
0.000   0.000   598.495   0.000   0.000   0.000   1.000   
0.000   0.000   598.495   0.000   0.000   0.000   1.000   
0.000   0.000   598.495   0.000   0.000   0.000   1.000   
0.000   0.000   598.495   0.000   0.000   0.000   1.000   
0.000   0.000   598.495   0.000   0.000   0.000   1.000   
0.000   0.000   598.495   0.000   0.000   0.000   1.000   
0.000   0.000   598.495   0.000   0.000   0.000   1.000   
0.000   0.000   598.495   0.000   0.000   0.000   1.000   
0.000   0.000   598.495   0.000   0.000   0.000   1.000   
0.000   0.000   598.495   0.000   0.000   0.000   1.000   
0.000   0.000   598.495   0.000   0.000   0.000   1.000   
0.000   0.000   598.495   0.000   0.000   0.000   1.000   
0.000   0.000   598.495   0.000   0.000   0.000   1.000   
0.000   0.000   598.495   0.000   0.000   0.000   1.000   
0.000   0.000   598.495   0.000   0.000   0.000   1.000   
0.000   0.000   598.495   0.000   0.000   0.000   1.000   
0.000   0.000   598.495   0.000   0.000   0.000   1.000   
0.000   0.000   598.495   0.000   0.000   0.000   1.000   
0.000   0.000   598.495   0.000   0.000   0.000   1.000   
0.000   0.000   598.495   0.000   0.000   0.000   1.000   
0.000   0.000   598.495   0.000   0.000   0.000   1.000   
0.000   0.000   598.495   0.000   0.000   0.000   1.000   
0.000   0.000   598.495   0.000   0.000   0.000   1.000   
0.000   0.000   598.495   0.000   0.000   0.000   1.000   
0.000   0.000   598.495   0.000   0.000   0.000   1.000   
0.000   0.000   598.495   0.000   0.000   0.000   1.000   
0.000   0.000   598.495   0.000   0.000   0.000   1.000   
0.000   0.000   598.495   0.000   0.000   0.000   1.000   
0.000   0.000   598.495   0.000   0.000   0.000   1.000   
0.000   0.000   598.495   0.000   0.000   0.000   1.000   
0.000   0.000   598.495   0.000   0.000   0.000   1.000   
0.000   0.000   598.495   0.000   0.000   0.000   1.000   
0.000   0.000   598.495   0.000   0.000   0.000   1.000   
0.000   0.000   598.495   0.000   0.000   0.000   1.000   
0.000   0.000   598.495   0.000   0.000   0.000   1.000   
0.000   0.000   598.495   0.000   0.000   0.000   1.000   
0.000   0.000   598.495   0.000   0.000   0.000   1.000   
0.000   0.000   598.495   0.000   0.000   0.000   1.000   
0.000   0.000   598.495   0.000   0.000   0.000   1.000   
0.000   0.000   598.495   0.000   0.000   0.000   1.000   
0.000   0.000   598.495   0.000   0.000   0.000   1.000   
0.000   0.000   598.495   0.000   0.000   0.000   1.000   
0.000   0.000   598.495   0.000   0.000   0.000   1.000   
0.000   0.000   598.495   0.000   0.000   0.000   1.000   
0.000   0.000   598.495   0.000   0.000   0.000   1.000   
0.000   0.000   598.495   0.000   0.000   0.000   1.000   
0.000   0.000   598.495   0.000   0.000   0.000   1.000   
0.000   0.000   598.495   0.000   0.000   0.000   1.000   
0.000   0.000   598.495   0.000   0.000   0.000   1.000   
0.000   0.000   598.495   0.000   0.000   0.000   1.000   
0.000   0.000   598.495   0.000   0.000   0.000   1.000   
0.000   0.000   598.495   0.000   0.000   0.000   1.000   
0.000   0.000   598.495   0.000   0.000   0.000   1.000   
0.000   0.000   598.495   0.000   0.000   0.000   1.000   
0.000   0.000   598.495   0.000   0.000   0.000   1.000   
0.000   0.000   598.495   0.000   0.000   0.000   1.000   
0.000   0.000   598.495   0.000   0.000   0.000   1.000   
0.000   0.000   598.495   0.000   0.000   0.000   1.000   
0.000   0.000   598.495   0.000   0.000   0.000   1.000   
0.000   0.000   598.495   0.000   0.000   0.000   1.000   
0.000   0.000   598.495   0.000   0.000   0.000   1.000   
0.000   0.000   598.495   0.000   0.000   0.000   1.000   
0.000   0.000   598.495   0.000   0.000   0.000   1.000   
0.000   0.000   598.495   0.000   0.000   0.000   1.000   
0.000   0.000   598.495   0.000   0.000   0.000   1.000   
0.000   0.000   598.495   0.000   0.000   0.000   1.000   
0.000   0.000   598.495   0.000   0.000   0.000   1.000   
0.000   0.000   598.495   0.000   0.000   0.000   1.000   
0.000   0.000   598.495   0.000   0.000   0.000   1.000   
0.000   0.000   598.495   0.000   0.000   0.000   1.000   
0.000   0.000   598.495   0.000   0.000   0.000   1.000   
0.000   0.000   598.495   0.000   0.000   0.000   1.000   
0.000   0.000   598.495   0.000   0.000   0.000   1.000   
0.000   0.000   598.495   0.000   0.000   0.000   1.000   
0.000   0.000   598.495   0.000   0.000   0.000   1.000   
0.000   0.000   598.495   0.000   0.000   0.000   1.000   
0.000   0.000   598.495   0.000   0.000   0.000   1.000   
0.000   0.000   598.495   0.000   0.000   0.000   1.000   
0.000   0.000   598.495   0.000   0.000   0.000   1.000   
0.000   0.000   598.495   0.000   0.000   0.000   1.000   
0.000   0.000   598.495   0.000   0.000   0.000   1.000   
0.000   0.000   598.495   0.000   0.000   0.000   1.000   
0.000   0.000   598.495   0.000   0.000   0.000   1.000   
0.000   0.000   598.495   0.000   0.000   0.000   1.000   
0.000   0.000   598.495   0.000   0.000   0.000   1.000   
0.000   0.000   598.495   0.000   0.000   0.000   1.000   
0.000   0.000   598.495   0.000   0.000   0.000   1.000   
0.000   0.000   598.495   0.000   0.000   0.000   1.000   
0.000   0.000   598.495   0.000   0.000   0.000   1.000   
0.000   0.000   598.495   0.000   0.000   0.000   1.000   
0.000   0.000   598.495   0.000   0.000   0.000   1.000   
0.000   0.000   598.495   0.000   0.000   0.000   1.000   
0.000   0.000   598.495   0.000   0.000   0.000   1.000   
0.000   0.000   598.495   0.000   0.000   0.000   1.000   
0.000   0.000   598.495   0.000   0.000   0.000   1.000   
0.000   0.000   598.495   0.000   0.000   0.000   1.000   
0.000   0.000   598.495   0.000   0.000   0.000   1.000   
0.000   0.000   598.495   0.000   0.000   0.000   1.000   
0.000   0.000   598.495   0.000   0.000   0.000   1.000   
0.000   0.000   598.495   0.000   0.000   0.000   1.000   
0.000   0.000   598.495   0.000   0.000   0.000   1.000   
0.000   0.000   598.495   0.000   0.000   0.000   1.000   
0.000   0.000   598.495   0.000   0.000   0.000   1.000   
0.000   0.000   598.495   0.000   0.000   0.000   1.000   
0.000   0.000   598.495   0.000   0.000   0.000   1.000   
0.000   0.000   598.495   0.000   0.000   0.000   1.000   
0.000   0.000   598.495   0.000   0.000   0.000   1.000   
0.000   0.000   598.495   0.000   0.000   0.000   1.000   
0.000   0.000   598.495   0.000   0.000   0.000   1.000   
0.000   0.000   598.495   0.000   0.000   0.000   1.000   
0.000   0.000   598.495   0.000   0.000   0.000   1.000   
0.000   0.000   598.495   0.000   0.000   0.000   1.000   
0.000   0.000   598.495   0.000   0.000   0.000   1.000   
0.000   0.000   598.495   0.000   0.000   0.000   1.000   
0.000   0.000   598.495   0.000   0.000   0.000   1.000   
0.000   0.000   598.495   0.000   0.000   0.000   1.000   
0.000   0.000   598.495   0.000   0.000   0.000   1.000   
0.000   0.000   598.495   0.000   0.000   0.000   1.000   
0.000   0.000   598.495   0.000   0.000   0.000   1.000   
0.000   0.000   598.495   0.000   0.000   0.000   1.000   
0.000   0.000   598.495   0.000   0.000   0.000   1.000   
0.000   0.000   598.495   0.000   0.000   0.000   1.000   
0.000   0.000   598.495   0.000   0.000   0.000   1.000   
0.000   0.000   598.495   0.000   0.000   0.000   1.000   
0.000   0.000   598.495   0.000   0.000   0.000   1.000   
0.000   0.000   598.495   0.000   0.000   0.000   1.000   
0.000   0.000   598.495   0.000   0.000   0.000   1.000   
0.000   0.000   598.495   0.000   0.000   0.000   1.000   
0.000   0.000   598.495   0.000   0.000   0.000   1.000   
0.000   0.000   598.495   0.000   0.000   0.000   1.000   
0.000   0.000   598.495   0.000   0.000   0.000   1.000   
0.000   0.000   598.495   0.000   0.000   0.000   1.000   
0.000   0.000   598.495   0.000   0.000   0.000   1.000   
0.000   0.000   598.495   0.000   0.000   0.000   1.000   
0.000   0.000   598.495   0.000   0.000   0.000   1.000   
0.000   0.000   598.495   0.000   0.000   0.000   1.000   
0.000   0.000   598.495   0.000   0.000   0.000   1.000   
0.000   0.000   598.495   0.000   0.000   0.000   1.000   
0.000   0.000   598.495   0.000   0.000   0.000   1.000   
0.000   0.000   598.495   0.000   0.000   0.000   1.000   
0.000   0.000   598.495   0.000   0.000   0.000   1.000   
0.000   0.000   598.495   0.000   0.000   0.000   1.000   
0.000   0.000   598.495   0.000   0.000   0.000   1.000   
0.000   0.000   598.495   0.000   0.000   0.000   1.000   
0.000   0.000   598.495   0.000   0.000   0.000   1.000   
0.000   0.000   598.495   0.000   0.000   0.000   1.000   
0.000   0.000   598.495   0.000   0.000   0.000   1.000   
0.000   0.000   598.495   0.000   0.000   0.000   1.000   
0.000   0.000   598.495   0.000   0.000   0.000   1.000   
0.000   0.000   598.495   0.000   0.000   0.000   1.000   
0.000   0.000   598.495   0.000   0.000   0.000   1.000   
0.000   0.000   598.495   0.000   0.000   0.000   1.000   
0.000   0.000   598.495   0.000   0.000   0.000   1.000   
0.000   0.000   598.495   0.000   0.000   0.000   1.000   
0.000   0.000   598.495   0.000   0.000   0.000   1.000   
0.000   0.000   598.495   0.000   0.000   0.000   1.000   
0.000   0.000   598.495   0.000   0.000   0.000   1.000   
0.000   0.000   598.495   0.000   0.000   0.000   1.000   
0.000   0.000   598.495   0.000   0.000   0.000   1.000   
0.000   0.000   598.495   0.000   0.000   0.000   1.000   
0.000   0.000   598.495   0.000   0.000   0.000   1.000   
0.000   0.000   598.495   0.000   0.000   0.000   1.000   
0.000   0.000   598.495   0.000   0.000   0.000   1.000   
0.000   0.000   598.495   0.000   0.000   0.000   1.000   
0.000   0.000   598.495   0.000   0.000   0.000   1.000   
0.000   0.000   598.495   0.000   0.000   0.000   1.000   
0.000   0.000   598.495   0.000   0.000   0.000   1.000   
0.000   0.000   598.495   0.000   0.000   0.000   1.000   
0.000   0.000   598.495   0.000   0.000   0.000   1.000   
0.000   0.000   598.495   0.000   0.000   0.000   1.000   
0.000   0.000   598.495   0.000   0.000   0.000   1.000   
0.000   0.000   598.495   0.000   0.000   0.000   1.000   
0.000   0.000   598.495   0.000   0.000   0.000   1.000   
0.000   0.000   598.495   0.000   0.000   0.000   1.000   
0.000   0.000   598.495   0.000   0.000   0.000   1.000   
0.000   0.000   598.495   0.000   0.000   0.000   1.000   
0.000   0.000   598.495   0.000   0.000   0.000   1.000   
0.000   0.000   598.495   0.000   0.000   0.000   1.000   
0.000   0.000   598.495   0.000   0.000   0.000   1.000   
0.000   0.000   598.495   0.000   0.000   0.000   1.000   
0.000   0.000   598.495   0.000   0.000   0.000   1.000   
0.000   0.000   598.495   0.000   0.000   0.000   1.000   
0.000   0.000   598.495   0.000   0.000   0.000   1.000   
0.000   0.000   598.495   0.000   0.000   0.000   1.000   
0.000   0.000   598.495   0.000   0.000   0.000   1.000   
0.000   0.000   598.495   0.000   0.000   0.000   1.000   
0.000   0.000   598.495   0.000   0.000   0.000   1.000   
0.000   0.000   598.495   0.000   0.000   0.000   1.000   
0.000   0.000   598.495   0.000   0.000   0.000   1.000   
0.000   0.000   598.495   0.000   0.000   0.000   1.000   
0.000   0.000   598.495   0.000   0.000   0.000   1.000   
0.000   0.000   598.495   0.000   0.000   0.000   1.000   
0.000   0.000   598.495   0.000   0.000   0.000   1.000   
0.000   0.000   598.495   0.000   0.000   0.000   1.000   
0.000   0.000   598.495   0.000   0.000   0.000   1.000   
0.000   0.000   598.495   0.000   0.000   0.000   1.000   
0.000   0.000   598.495   0.000   0.000   0.000   1.000   
0.000   0.000   598.495   0.000   0.000   0.000   1.000   
0.000   0.000   598.495   0.000   0.000   0.000   1.000   
0.000   0.000   598.495   0.000   0.000   0.000   1.000   
0.000   0.000   598.495   0.000   0.000   0.000   1.000   
0.000   0.000   598.495   0.000   0.000   0.000   1.000   
0.000   0.000   598.495   0.000   0.000   0.000   1.000   
0.000   0.000   598.495   0.000   0.000   0.000   1.000   
0.000   0.000   598.495   0.000   0.000   0.000   1.000   
0.000   0.000   598.495   0.000   0.000   0.000   1.000   
0.000   0.000   598.495   0.000   0.000   0.000   1.000   
0.000   0.000   598.495   0.000   0.000   0.000   1.000   
0.000   0.000   598.495   0.000   0.000   0.000   1.000   
0.000   0.000   598.495   0.000   0.000   0.000   1.000   
0.000   0.000   598.495   0.000   0.000   0.000   1.000   
0.000   0.000   598.495   0.000   0.000   0.000   1.000   
0.000   0.000   598.495   0.000   0.000   0.000   1.000   
0.000   0.000   598.495   0.000   0.000   0.000   1.000   
0.000   0.000   598.495   0.000   0.000   0.000   1.000   
0.000   0.000   598.495   0.000   0.000   0.000   1.000   
0.000   0.000   598.495   0.000   0.000   0.000   1.000   
0.000   0.000   598.495   0.000   0.000   0.000   1.000   
0.000   0.000   598.495   0.000   0.000   0.000   1.000   
0.000   0.000   598.495   0.000   0.000   0.000   1.000   
0.000   0.000   598.495   0.000   0.000   0.000   1.000   
0.000   0.000   598.495   0.000   0.000   0.000   1.000   
0.000   0.000   598.495   0.000   0.000   0.000   1.000   
0.000   0.000   598.495   0.000   0.000   0.000   1.000   
0.000   0.000   598.495   0.000   0.000   0.000   1.000   
0.000   0.000   598.495   0.000   0.000   0.000   1.000   
0.000   0.000   598.495   0.000   0.000   0.000   1.000   
0.000   0.000   598.495   0.000   0.000   0.000   1.000   
0.000   0.000   598.495   0.000   0.000   0.000   1.000   
0.000   0.000   598.495   0.000   0.000   0.000   1.000   
0.000   0.000   598.495   0.000   0.000   0.000   1.000   
0.000   0.000   598.495   0.000   0.000   0.000   1.000   
0.000   0.000   598.495   0.000   0.000   0.000   1.000   
0.000   0.000   598.495   0.000   0.000   0.000   1.000   
0.000   0.000   598.495   0.000   0.000   0.000   1.000   
0.000   0.000   598.495   0.000   0.000   0.000   1.000   
0.000   0.000   598.495   0.000   0.000   0.000   1.000   
0.000   0.000   598.495   0.000   0.000   0.000   1.000   
0.000   0.000   598.495   0.000   0.000   0.000   1.000   
0.000   0.000   598.495   0.000   0.000   0.000   1.000   
0.000   0.000   598.495   0.000   0.000   0.000   1.000   
0.000   0.000   598.495   0.000   0.000   0.000   1.000   
0.000   0.000   598.495   0.000   0.000   0.000   1.000   
0.000   0.000   598.495   0.000   0.000   0.000   1.000   
0.000   0.000   598.495   0.000   0.000   0.000   1.000   
0.000   0.000   598.495   0.000   0.000   0.000   1.000   
0.000   0.000   598.495   0.000   0.000   0.000   1.000   
0.000   0.000   598.495   0.000   0.000   0.000   1.000   
0.000   0.000   598.495   0.000   0.000   0.000   1.000   
0.000   0.000   598.495   0.000   0.000   0.000   1.000   
0.000   0.000   598.495   0.000   0.000   0.000   1.000   
0.000   0.000   598.495   0.000   0.000   0.000   1.000   
0.000   0.000   598.495   0.000   0.000   0.000   1.000   
0.000   0.000   598.495   0.000   0.000   0.000   1.000   
0.000   0.000   598.495   0.000   0.000   0.000   1.000   
0.000   0.000   598.495   0.000   0.000   0.000   1.000   
0.000   0.000   598.495   0.000   0.000   0.000   1.000   
0.000   0.000   598.495   0.000   0.000   0.000   1.000   
0.000   0.000   598.495   0.000   0.000   0.000   1.000   
0.000   0.000   598.495   0.000   0.000   0.000   1.000   
0.000   0.000   598.495   0.000   0.000   0.000   1.000   
0.000   0.000   598.495   0.000   0.000   0.000   1.000   
0.000   0.000   598.495   0.000   0.000   0.000   1.000   
0.000   0.000   598.495   0.000   0.000   0.000   1.000   
0.000   0.000   598.495   0.000   0.000   0.000   1.000   
0.000   0.000   598.495   0.000   0.000   0.000   1.000   
0.000   0.000   598.495   0.000   0.000   0.000   1.000   
0.000   0.000   598.495   0.000   0.000   0.000   1.000   
0.000   0.000   598.495   0.000   0.000   0.000   1.000   
0.000   0.000   598.495   0.000   0.000   0.000   1.000   
0.000   0.000   598.495   0.000   0.000   0.000   1.000   
0.000   0.000   598.495   0.000   0.000   0.000   1.000   
0.000   0.000   598.495   0.000   0.000   0.000   1.000   
0.000   0.000   598.495   0.000   0.000   0.000   1.000   
0.000   0.000   598.495   0.000   0.000   0.000   1.000   
0.000   0.000   598.495   0.000   0.000   0.000   1.000   
0.000   0.000   598.495   0.000   0.000   0.000   1.000   
0.000   0.000   598.495   0.000   0.000   0.000   1.000   
0.000   0.000   598.495   0.000   0.000   0.000   1.000   
0.000   0.000   598.495   0.000   0.000   0.000   1.000   
0.000   0.000   598.495   0.000   0.000   0.000   1.000   
0.000   0.000   598.495   0.000   0.000   0.000   1.000   
0.000   0.000   598.495   0.000   0.000   0.000   1.000   
0.000   0.000   598.495   0.000   0.000   0.000   1.000   
0.000   0.000   598.495   0.000   0.000   0.000   1.000   
0.000   0.000   598.495   0.000   0.000   0.000   1.000   
0.000   0.000   598.495   0.000   0.000   0.000   1.000   
0.000   0.000   598.495   0.000   0.000   0.000   1.000   
0.000   0.000   598.495   0.000   0.000   0.000   1.000   
0.000   0.000   598.495   0.000   0.000   0.000   1.000   
0.000   0.000   598.495   0.000   0.000   0.000   1.000   
0.000   0.000   598.495   0.000   0.000   0.000   1.000   
0.000   0.000   598.495   0.000   0.000   0.000   1.000   
0.000   0.000   598.495   0.000   0.000   0.000   1.000   
0.000   0.000   598.495   0.000   0.000   0.000   1.000   
0.000   0.000   598.495   0.000   0.000   0.000   1.000   
0.000   0.000   598.495   0.000   0.000   0.000   1.000   
0.000   0.000   598.495   0.000   0.000   0.000   1.000   
0.000   0.000   598.495   0.000   0.000   0.000   1.000   
0.000   0.000   598.495   0.000   0.000   0.000   1.000   
0.000   0.000   598.495   0.000   0.000   0.000   1.000   
0.000   0.000   598.495   0.000   0.000   0.000   1.000   
0.000   0.000   598.495   0.000   0.000   0.000   1.000   
0.000   0.000   598.495   0.000   0.000   0.000   1.000   
0.000   0.000   598.495   0.000   0.000   0.000   1.000   
0.000   0.000   598.495   0.000   0.000   0.000   1.000   
0.000   0.000   598.495   0.000   0.000   0.000   1.000   
0.000   0.000   598.495   0.000   0.000   0.000   1.000   
0.000   0.000   598.495   0.000   0.000   0.000   1.000   
0.000   0.000   598.495   0.000   0.000   0.000   1.000   
0.000   0.000   598.495   0.000   0.000   0.000   1.000   
0.000   0.000   598.495   0.000   0.000   0.000   1.000   
0.000   0.000   598.495   0.000   0.000   0.000   1.000   
0.000   0.000   598.495   0.000   0.000   0.000   1.000   
0.000   0.000   598.495   0.000   0.000   0.000   1.000   
0.000   0.000   598.495   0.000   0.000   0.000   1.000   
0.000   0.000   598.495   0.000   0.000   0.000   1.000   
0.000   0.000   598.495   0.000   0.000   0.000   1.000   
0.000   0.000   598.495   0.000   0.000   0.000   1.000   
0.000   0.000   598.495   0.000   0.000   0.000   1.000   
0.000   0.000   598.495   0.000   0.000   0.000   1.000   
0.000   0.000   598.495   0.000   0.000   0.000   1.000   
0.000   0.000   598.495   0.000   0.000   0.000   1.000   
0.000   0.000   598.495   0.000   0.000   0.000   1.000   
0.000   0.000   598.495   0.000   0.000   0.000   1.000   
0.000   0.000   598.495   0.000   0.000   0.000   1.000   
0.000   0.000   598.495   0.000   0.000   0.000   1.000   
0.000   0.000   598.495   0.000   0.000   0.000   1.000   
0.000   0.000   598.495   0.000   0.000   0.000   1.000   
0.000   0.000   598.495   0.000   0.000   0.000   1.000   
0.000   0.000   598.495   0.000   0.000   0.000   1.000   
0.000   0.000   598.495   0.000   0.000   0.000   1.000   
0.000   0.000   598.495   0.000   0.000   0.000   1.000   
0.000   0.000   598.495   0.000   0.000   0.000   1.000   
0.000   0.000   598.495   0.000   0.000   0.000   1.000   
0.000   0.000   598.495   0.000   0.000   0.000   1.000   
0.000   0.000   598.495   0.000   0.000   0.000   1.000   
0.000   0.000   598.495   0.000   0.000   0.000   1.000   
0.000   0.000   598.495   0.000   0.000   0.000   1.000   
0.000   0.000   598.495   0.000   0.000   0.000   1.000   
0.000   0.000   598.495   0.000   0.000   0.000   1.000   
0.000   0.000   598.495   0.000   0.000   0.000   1.000   
0.000   0.000   598.495   0.000   0.000   0.000   1.000   
0.000   0.000   598.495   0.000   0.000   0.000   1.000   
0.000   0.000   598.495   0.000   0.000   0.000   1.000   
0.000   0.000   598.495   0.000   0.000   0.000   1.000   
0.000   0.000   598.495   0.000   0.000   0.000   1.000   
0.000   0.000   598.495   0.000   0.000   0.000   1.000   
0.000   0.000   598.495   0.000   0.000   0.000   1.000   
0.000   0.000   598.495   0.000   0.000   0.000   1.000   
0.000   0.000   598.495   0.000   0.000   0.000   1.000   
0.000   0.000   598.495   0.000   0.000   0.000   1.000   
0.000   0.000   598.495   0.000   0.000   0.000   1.000   
0.000   0.000   598.495   0.000   0.000   0.000   1.000   
0.000   0.000   598.495   0.000   0.000   0.000   1.000   
0.000   0.000   598.495   0.000   0.000   0.000   1.000   
0.000   0.000   598.495   0.000   0.000   0.000   1.000   
0.000   0.000   598.495   0.000   0.000   0.000   1.000   
0.000   0.000   598.495   0.000   0.000   0.000   1.000   
0.000   0.000   598.495   0.000   0.000   0.000   1.000   
0.000   0.000   598.495   0.000   0.000   0.000   1.000   
0.000   0.000   598.495   0.000   0.000   0.000   1.000   
0.000   0.000   598.495   0.000   0.000   0.000   1.000   
0.000   0.000   598.495   0.000   0.000   0.000   1.000   
0.000   0.000   598.495   0.000   0.000   0.000   1.000   
0.000   0.000   598.495   0.000   0.000   0.000   1.000   
0.000   0.000   598.495   0.000   0.000   0.000   1.000   
0.000   0.000   598.495   0.000   0.000   0.000   1.000   
0.000   0.000   598.495   0.000   0.000   0.000   1.000   
0.000   0.000   598.495   0.000   0.000   0.000   1.000   
0.000   0.000   598.495   0.000   0.000   0.000   1.000   
0.000   0.000   598.495   0.000   0.000   0.000   1.000   
0.000   0.000   598.495   0.000   0.000   0.000   1.000   
0.000   0.000   598.495   0.000   0.000   0.000   1.000   
0.000   0.000   598.495   0.000   0.000   0.000   1.000   
0.000   0.000   598.495   0.000   0.000   0.000   1.000   
0.000   0.000   598.495   0.000   0.000   0.000   1.000   
0.000   0.000   598.495   0.000   0.000   0.000   1.000   
0.000   0.000   598.495   0.000   0.000   0.000   1.000   
0.000   0.000   598.495   0.000   0.000   0.000   1.000   
0.000   0.000   598.495   0.000   0.000   0.000   1.000   
0.000   0.000   598.495   0.000   0.000   0.000   1.000   
0.000   0.000   598.495   0.000   0.000   0.000   1.000   
0.000   0.000   598.495   0.000   0.000   0.000   1.000   
0.000   0.000   598.495   0.000   0.000   0.000   1.000   
0.000   0.000   598.495   0.000   0.000   0.000   1.000   
0.000   0.000   598.495   0.000   0.000   0.000   1.000   
0.000   0.000   598.495   0.000   0.000   0.000   1.000   
0.000   0.000   598.495   0.000   0.000   0.000   1.000   
0.000   0.000   598.495   0.000   0.000   0.000   1.000   
0.000   0.000   598.495   0.000   0.000   0.000   1.000   
0.000   0.000   598.495   0.000   0.000   0.000   1.000   
0.000   0.000   598.495   0.000   0.000   0.000   1.000   
0.000   0.000   598.495   0.000   0.000   0.000   1.000   
0.000   0.000   598.495   0.000   0.000   0.000   1.000   
0.000   0.000   598.495   0.000   0.000   0.000   1.000   
0.000   0.000   598.495   0.000   0.000   0.000   1.000   
0.000   0.000   598.495   0.000   0.000   0.000   1.000   
0.000   0.000   598.495   0.000   0.000   0.000   1.000   
0.000   0.000   598.495   0.000   0.000   0.000   1.000   
0.000   0.000   598.495   0.000   0.000   0.000   1.000   
0.000   0.000   598.495   0.000   0.000   0.000   1.000   
0.000   0.000   598.495   0.000   0.000   0.000   1.000   
0.000   0.000   598.495   0.000   0.000   0.000   1.000   
0.000   0.000   598.495   0.000   0.000   0.000   1.000   
0.000   0.000   598.495   0.000   0.000   0.000   1.000   
0.000   0.000   598.495   0.000   0.000   0.000   1.000   
0.000   0.000   598.495   0.000   0.000   0.000   1.000   
0.000   0.000   598.495   0.000   0.000   0.000   1.000   
0.000   0.000   598.495   0.000   0.000   0.000   1.000   
0.000   0.000   598.495   0.000   0.000   0.000   1.000   
0.000   0.000   598.495   0.000   0.000   0.000   1.000   
0.000   0.000   598.495   0.000   0.000   0.000   1.000   
0.000   0.000   598.495   0.000   0.000   0.000   1.000   
0.000   0.000   598.495   0.000   0.000   0.000   1.000   
0.000   0.000   598.495   0.000   0.000   0.000   1.000   
0.000   0.000   598.495   0.000   0.000   0.000   1.000   
0.000   0.000   598.495   0.000   0.000   0.000   1.000   
0.000   0.000   598.495   0.000   0.000   0.000   1.000   
0.000   0.000   598.495   0.000   0.000   0.000   1.000   
0.000   0.000   598.495   0.000   0.000   0.000   1.000   
0.000   0.000   598.495   0.000   0.000   0.000   1.000   
0.000   0.000   598.495   0.000   0.000   0.000   1.000   
0.000   0.000   598.495   0.000   0.000   0.000   1.000   
0.000   0.000   598.495   0.000   0.000   0.000   1.000   
0.000   0.000   598.495   0.000   0.000   0.000   1.000   
0.000   0.000   598.495   0.000   0.000   0.000   1.000   
0.000   0.000   598.495   0.000   0.000   0.000   1.000   
0.000   0.000   598.495   0.000   0.000   0.000   1.000   
0.000   0.000   598.495   0.000   0.000   0.000   1.000   
0.000   0.000   598.495   0.000   0.000   0.000   1.000   
0.000   0.000   598.495   0.000   0.000   0.000   1.000   
0.000   0.000   598.495   0.000   0.000   0.000   1.000   
0.000   0.000   598.495   0.000   0.000   0.000   1.000   
0.000   0.000   598.495   0.000   0.000   0.000   1.000   
0.000   0.000   598.495   0.000   0.000   0.000   1.000   
0.000   0.000   598.495   0.000   0.000   0.000   1.000   
0.000   0.000   598.495   0.000   0.000   0.000   1.000   
0.000   0.000   598.495   0.000   0.000   0.000   1.000   
0.000   0.000   598.495   0.000   0.000   0.000   1.000   
0.000   0.000   598.495   0.000   0.000   0.000   1.000   
0.000   0.000   598.495   0.000   0.000   0.000   1.000   
0.000   0.000   598.495   0.000   0.000   0.000   1.000   
0.000   0.000   598.495   0.000   0.000   0.000   1.000   
0.000   0.000   598.495   0.000   0.000   0.000   1.000   
0.000   0.000   598.495   0.000   0.000   0.000   1.000   
0.000   0.000   598.495   0.000   0.000   0.000   1.000   
0.000   0.000   598.495   0.000   0.000   0.000   1.000   
0.000   0.000   598.495   0.000   0.000   0.000   1.000   
0.000   0.000   598.495   0.000   0.000   0.000   1.000   
0.000   0.000   598.495   0.000   0.000   0.000   1.000   
0.000   0.000   598.495   0.000   0.000   0.000   1.000   
0.000   0.000   598.495   0.000   0.000   0.000   1.000   
0.000   0.000   598.495   0.000   0.000   0.000   1.000   
0.000   0.000   598.495   0.000   0.000   0.000   1.000   
0.000   0.000   598.495   0.000   0.000   0.000   1.000   
0.000   0.000   598.495   0.000   0.000   0.000   1.000   
0.000   0.000   598.495   0.000   0.000   0.000   1.000   
0.000   0.000   598.495   0.000   0.000   0.000   1.000   
0.000   0.000   598.495   0.000   0.000   0.000   1.000   
0.000   0.000   598.495   0.000   0.000   0.000   1.000   
0.000   0.000   598.495   0.000   0.000   0.000   1.000   
0.000   0.000   598.495   0.000   0.000   0.000   1.000   
0.000   0.000   598.495   0.000   0.000   0.000   1.000   
0.000   0.000   598.495   0.000   0.000   0.000   1.000   
0.000   0.000   598.495   0.000   0.000   0.000   1.000   
0.000   0.000   598.495   0.000   0.000   0.000   1.000   
0.000   0.000   598.495   0.000   0.000   0.000   1.000   
0.000   0.000   598.495   0.000   0.000   0.000   1.000   
0.000   0.000   598.495   0.000   0.000   0.000   1.000   
0.000   0.000   598.495   0.000   0.000   0.000   1.000   
0.000   0.000   598.495   0.000   0.000   0.000   1.000   
0.000   0.000   598.495   0.000   0.000   0.000   1.000   
0.000   0.000   598.495   0.000   0.000   0.000   1.000   
0.000   0.000   598.495   0.000   0.000   0.000   1.000   
0.000   0.000   598.495   0.000   0.000   0.000   1.000   
0.000   0.000   598.495   0.000   0.000   0.000   1.000   
0.000   0.000   598.495   0.000   0.000   0.000   1.000   
0.000   0.000   598.495   0.000   0.000   0.000   1.000   
0.000   0.000   598.495   0.000   0.000   0.000   1.000   
0.000   0.000   598.495   0.000   0.000   0.000   1.000   
0.000   0.000   598.495   0.000   0.000   0.000   1.000   
0.000   0.000   598.495   0.000   0.000   0.000   1.000   
0.000   0.000   598.495   0.000   0.000   0.000   1.000   
0.000   0.000   598.495   0.000   0.000   0.000   1.000   
0.000   0.000   598.495   0.000   0.000   0.000   1.000   
0.000   0.000   598.495   0.000   0.000   0.000   1.000   
0.000   0.000   598.495   0.000   0.000   0.000   1.000   
0.000   0.000   598.495   0.000   0.000   0.000   1.000   
0.000   0.000   598.495   0.000   0.000   0.000   1.000   
0.000   0.000   598.495   0.000   0.000   0.000   1.000   
0.000   0.000   598.495   0.000   0.000   0.000   1.000   
0.000   0.000   598.495   0.000   0.000   0.000   1.000   
0.000   0.000   598.495   0.000   0.000   0.000   1.000   
0.000   0.000   598.495   0.000   0.000   0.000   1.000   
0.000   0.000   598.495   0.000   0.000   0.000   1.000   
0.000   0.000   598.495   0.000   0.000   0.000   1.000   
0.000   0.000   598.495   0.000   0.000   0.000   1.000   
0.000   0.000   598.495   0.000   0.000   0.000   1.000   
0.000   0.000   598.495   0.000   0.000   0.000   1.000   
0.000   0.000   598.495   0.000   0.000   0.000   1.000   
0.000   0.000   598.495   0.000   0.000   0.000   1.000   
0.000   0.000   598.495   0.000   0.000   0.000   1.000   
0.000   0.000   598.495   0.000   0.000   0.000   1.000   
0.000   0.000   598.495   0.000   0.000   0.000   1.000   
0.000   0.000   598.495   0.000   0.000   0.000   1.000   
0.000   0.000   598.495   0.000   0.000   0.000   1.000   
0.000   0.000   598.495   0.000   0.000   0.000   1.000   
0.000   0.000   598.495   0.000   0.000   0.000   1.000   
0.000   0.000   598.495   0.000   0.000   0.000   1.000   
0.000   0.000   598.495   0.000   0.000   0.000   1.000   
0.000   0.000   598.495   0.000   0.000   0.000   1.000   
0.000   0.000   598.495   0.000   0.000   0.000   1.000   
0.000   0.000   598.495   0.000   0.000   0.000   1.000   
0.000   0.000   598.495   0.000   0.000   0.000   1.000   
0.000   0.000   598.495   0.000   0.000   0.000   1.000   
0.000   0.000   598.495   0.000   0.000   0.000   1.000   
0.000   0.000   598.495   0.000   0.000   0.000   1.000   
0.000   0.000   598.495   0.000   0.000   0.000   1.000   
0.000   0.000   598.495   0.000   0.000   0.000   1.000   
0.000   0.000   598.495   0.000   0.000   0.000   1.000   
0.000   0.000   598.495   0.000   0.000   0.000   1.000   
0.000   0.000   598.495   0.000   0.000   0.000   1.000   
0.000   0.000   598.495   0.000   0.000   0.000   1.000   
0.000   0.000   598.495   0.000   0.000   0.000   1.000   
0.000   0.000   598.495   0.000   0.000   0.000   1.000   
0.000   0.000   598.495   0.000   0.000   0.000   1.000   
0.000   0.000   598.495   0.000   0.000   0.000   1.000   
0.000   0.000   598.495   0.000   0.000   0.000   1.000   
0.000   0.000   598.495   0.000   0.000   0.000   1.000   
0.000   0.000   598.495   0.000   0.000   0.000   1.000   
0.000   0.000   598.495   0.000   0.000   0.000   1.000   
0.000   0.000   598.495   0.000   0.000   0.000   1.000   
0.000   0.000   598.495   0.000   0.000   0.000   1.000   
0.000   0.000   598.495   0.000   0.000   0.000   1.000   
0.000   0.000   598.495   0.000   0.000   0.000   1.000   
0.000   0.000   598.495   0.000   0.000   0.000   1.000   
0.000   0.000   598.495   0.000   0.000   0.000   1.000   
0.000   0.000   598.495   0.000   0.000   0.000   1.000   
0.000   0.000   598.495   0.000   0.000   0.000   1.000   
0.000   0.000   598.495   0.000   0.000   0.000   1.000   
0.000   0.000   598.495   0.000   0.000   0.000   1.000   
0.000   0.000   598.495   0.000   0.000   0.000   1.000   
0.000   0.000   598.495   0.000   0.000   0.000   1.000   
0.000   0.000   598.495   0.000   0.000   0.000   1.000   
0.000   0.000   598.495   0.000   0.000   0.000   1.000   
0.000   0.000   598.495   0.000   0.000   0.000   1.000   
0.000   0.000   598.495   0.000   0.000   0.000   1.000   
0.000   0.000   598.495   0.000   0.000   0.000   1.000   
0.000   0.000   598.495   0.000   0.000   0.000   1.000   
0.000   0.000   598.495   0.000   0.000   0.000   1.000   
0.000   0.000   598.495   0.000   0.000   0.000   1.000   
0.000   0.000   598.495   0.000   0.000   0.000   1.000   
0.000   0.000   598.495   0.000   0.000   0.000   1.000   
0.000   0.000   598.495   0.000   0.000   0.000   1.000   
0.000   0.000   598.495   0.000   0.000   0.000   1.000   
0.000   0.000   598.495   0.000   0.000   0.000   1.000   
0.000   0.000   598.495   0.000   0.000   0.000   1.000   
0.000   0.000   598.495   0.000   0.000   0.000   1.000   
0.000   0.000   598.495   0.000   0.000   0.000   1.000   
0.000   0.000   598.495   0.000   0.000   0.000   1.000   
0.000   0.000   598.495   0.000   0.000   0.000   1.000   
0.000   0.000   598.495   0.000   0.000   0.000   1.000   
0.000   0.000   598.495   0.000   0.000   0.000   1.000   
0.000   0.000   598.495   0.000   0.000   0.000   1.000   
0.000   0.000   598.495   0.000   0.000   0.000   1.000   
0.000   0.000   598.495   0.000   0.000   0.000   1.000   
0.000   0.000   598.495   0.000   0.000   0.000   1.000   
0.000   0.000   598.495   0.000   0.000   0.000   1.000   
0.000   0.000   598.495   0.000   0.000   0.000   1.000   
0.000   0.000   598.495   0.000   0.000   0.000   1.000   
0.000   0.000   598.495   0.000   0.000   0.000   1.000   
0.000   0.000   598.495   0.000   0.000   0.000   1.000   
0.000   0.000   598.495   0.000   0.000   0.000   1.000   
0.000   0.000   598.495   0.000   0.000   0.000   1.000   
0.000   0.000   598.495   0.000   0.000   0.000   1.000   
0.000   0.000   598.495   0.000   0.000   0.000   1.000   
0.000   0.000   598.495   0.000   0.000   0.000   1.000   
0.000   0.000   598.495   0.000   0.000   0.000   1.000   
0.000   0.000   598.495   0.000   0.000   0.000   1.000   
0.000   0.000   598.495   0.000   0.000   0.000   1.000   
0.000   0.000   598.495   0.000   0.000   0.000   1.000   
0.000   0.000   598.495   0.000   0.000   0.000   1.000   
0.000   0.000   598.495   0.000   0.000   0.000   1.000   
0.000   0.000   598.495   0.000   0.000   0.000   1.000   
0.000   0.000   598.495   0.000   0.000   0.000   1.000   
0.000   0.000   598.495   0.000   0.000   0.000   1.000   
0.000   0.000   598.495   0.000   0.000   0.000   1.000   
0.000   0.000   598.495   0.000   0.000   0.000   1.000   
0.000   0.000   598.495   0.000   0.000   0.000   1.000   
0.000   0.000   598.495   0.000   0.000   0.000   1.000   
0.000   0.000   598.495   0.000   0.000   0.000   1.000   
0.000   0.000   598.495   0.000   0.000   0.000   1.000   
0.000   0.000   598.495   0.000   0.000   0.000   1.000   
0.000   0.000   598.495   0.000   0.000   0.000   1.000   
0.000   0.000   598.495   0.000   0.000   0.000   1.000   
0.000   0.000   598.495   0.000   0.000   0.000   1.000   
0.000   0.000   598.495   0.000   0.000   0.000   1.000   
0.000   0.000   598.495   0.000   0.000   0.000   1.000   
0.000   0.000   598.495   0.000   0.000   0.000   1.000   
0.000   0.000   598.495   0.000   0.000   0.000   1.000   
0.000   0.000   598.495   0.000   0.000   0.000   1.000   
0.000   0.000   598.495   0.000   0.000   0.000   1.000   
0.000   0.000   598.495   0.000   0.000   0.000   1.000   
0.000   0.000   598.495   0.000   0.000   0.000   1.000   
0.000   0.000   598.495   0.000   0.000   0.000   1.000   
0.000   0.000   598.495   0.000   0.000   0.000   1.000   
0.000   0.000   598.495   0.000   0.000   0.000   1.000   
0.000   0.000   598.495   0.000   0.000   0.000   1.000   
0.000   0.000   598.495   0.000   0.000   0.000   1.000   
0.000   0.000   598.495   0.000   0.000   0.000   1.000   
0.000   0.000   598.495   0.000   0.000   0.000   1.000   
0.000   0.000   598.495   0.000   0.000   0.000   1.000   
0.000   0.000   598.495   0.000   0.000   0.000   1.000   
0.000   0.000   598.495   0.000   0.000   0.000   1.000   
0.000   0.000   598.495   0.000   0.000   0.000   1.000   
0.000   0.000   598.495   0.000   0.000   0.000   1.000   
0.000   0.000   598.495   0.000   0.000   0.000   1.000   
0.000   0.000   598.495   0.000   0.000   0.000   1.000   
0.000   0.000   598.495   0.000   0.000   0.000   1.000   
0.000   0.000   598.495   0.000   0.000   0.000   1.000   
0.000   0.000   598.495   0.000   0.000   0.000   1.000   
0.000   0.000   598.495   0.000   0.000   0.000   1.000   
0.000   0.000   598.495   0.000   0.000   0.000   1.000   
0.000   0.000   598.495   0.000   0.000   0.000   1.000   
0.000   0.000   598.495   0.000   0.000   0.000   1.000   
0.000   0.000   598.495   0.000   0.000   0.000   1.000   
0.000   0.000   598.495   0.000   0.000   0.000   1.000   
0.000   0.000   598.495   0.000   0.000   0.000   1.000   
0.000   0.000   598.495   0.000   0.000   0.000   1.000   
0.000   0.000   598.495   0.000   0.000   0.000   1.000   
0.000   0.000   598.495   0.000   0.000   0.000   1.000   
0.000   0.000   598.495   0.000   0.000   0.000   1.000   
0.000   0.000   598.495   0.000   0.000   0.000   1.000   
0.000   0.000   598.495   0.000   0.000   0.000   1.000   
0.000   0.000   598.495   0.000   0.000   0.000   1.000   
0.000   0.000   598.495   0.000   0.000   0.000   1.000   
0.000   0.000   598.495   0.000   0.000   0.000   1.000   
0.000   0.000   598.495   0.000   0.000   0.000   1.000   
0.000   0.000   598.495   0.000   0.000   0.000   1.000   
0.000   0.000   598.495   0.000   0.000   0.000   1.000   
0.000   0.000   598.495   0.000   0.000   0.000   1.000   
0.000   0.000   598.495   0.000   0.000   0.000   1.000   
0.000   0.000   598.495   0.000   0.000   0.000   1.000   
0.000   0.000   598.495   0.000   0.000   0.000   1.000   
0.000   0.000   598.495   0.000   0.000   0.000   1.000   
0.000   0.000   598.495   0.000   0.000   0.000   1.000   
0.000   0.000   598.495   0.000   0.000   0.000   1.000   
0.000   0.000   598.495   0.000   0.000   0.000   1.000   
0.000   0.000   598.495   0.000   0.000   0.000   1.000   
0.000   0.000   598.495   0.000   0.000   0.000   1.000   
0.000   0.000   598.495   0.000   0.000   0.000   1.000   
0.000   0.000   598.495   0.000   0.000   0.000   1.000   
0.000   0.000   598.495   0.000   0.000   0.000   1.000   
0.000   0.000   598.495   0.000   0.000   0.000   1.000   
0.000   0.000   598.495   0.000   0.000   0.000   1.000   
0.000   0.000   598.495   0.000   0.000   0.000   1.000   
0.000   0.000   598.495   0.000   0.000   0.000   1.000   
0.000   0.000   598.495   0.000   0.000   0.000   1.000   
0.000   0.000   598.495   0.000   0.000   0.000   1.000   
0.000   0.000   598.495   0.000   0.000   0.000   1.000   
0.000   0.000   598.495   0.000   0.000   0.000   1.000   
0.000   0.000   598.495   0.000   0.000   0.000   1.000   
0.000   0.000   598.495   0.000   0.000   0.000   1.000   
0.000   0.000   598.495   0.000   0.000   0.000   1.000   
0.000   0.000   598.495   0.000   0.000   0.000   1.000   
0.000   0.000   598.495   0.000   0.000   0.000   1.000   
0.000   0.000   598.495   0.000   0.000   0.000   1.000   
0.000   0.000   598.495   0.000   0.000   0.000   1.000   
0.000   0.000   598.495   0.000   0.000   0.000   1.000   
0.000   0.000   598.495   0.000   0.000   0.000   1.000   
0.000   0.000   598.495   0.000   0.000   0.000   1.000   
0.000   0.000   598.495   0.000   0.000   0.000   1.000   
0.000   0.000   598.495   0.000   0.000   0.000   1.000   
0.000   0.000   598.495   0.000   0.000   0.000   1.000   
0.000   0.000   598.495   0.000   0.000   0.000   1.000   
0.000   0.000   598.495   0.000   0.000   0.000   1.000   
0.000   0.000   598.495   0.000   0.000   0.000   1.000   
0.000   0.000   598.495   0.000   0.000   0.000   1.000   
0.000   0.000   598.495   0.000   0.000   0.000   1.000   
0.000   0.000   598.495   0.000   0.000   0.000   1.000   
0.000   0.000   598.495   0.000   0.000   0.000   1.000   
0.000   0.000   598.495   0.000   0.000   0.000   1.000   
0.000   0.000   598.495   0.000   0.000   0.000   1.000   
0.000   0.000   598.495   0.000   0.000   0.000   1.000   
0.000   0.000   598.495   0.000   0.000   0.000   1.000   
0.000   0.000   598.495   0.000   0.000   0.000   1.000   
0.000   0.000   598.495   0.000   0.000   0.000   1.000   
0.000   0.000   598.495   0.000   0.000   0.000   1.000   
0.000   0.000   598.495   0.000   0.000   0.000   1.000   
0.000   0.000   598.495   0.000   0.000   0.000   1.000   
0.000   0.000   598.495   0.000   0.000   0.000   1.000   
0.000   0.000   598.495   0.000   0.000   0.000   1.000   
0.000   0.000   598.495   0.000   0.000   0.000   1.000   
0.000   0.000   598.495   0.000   0.000   0.000   1.000   
0.000   0.000   598.495   0.000   0.000   0.000   1.000   
0.000   0.000   598.495   0.000   0.000   0.000   1.000   
0.000   0.000   598.495   0.000   0.000   0.000   1.000   
0.000   0.000   598.495   0.000   0.000   0.000   1.000   
0.000   0.000   598.495   0.000   0.000   0.000   1.000   
0.000   0.000   598.495   0.000   0.000   0.000   1.000   
0.000   0.000   598.495   0.000   0.000   0.000   1.000   
0.000   0.000   598.495   0.000   0.000   0.000   1.000   
0.000   0.000   598.495   0.000   0.000   0.000   1.000   
0.000   0.000   598.495   0.000   0.000   0.000   1.000   
0.000   0.000   598.495   0.000   0.000   0.000   1.000   
0.000   0.000   598.495   0.000   0.000   0.000   1.000   
0.000   0.000   598.495   0.000   0.000   0.000   1.000   
0.000   0.000   598.495   0.000   0.000   0.000   1.000   
0.000   0.000   598.495   0.000   0.000   0.000   1.000   
0.000   0.000   598.495   0.000   0.000   0.000   1.000   
0.000   0.000   598.495   0.000   0.000   0.000   1.000   
0.000   0.000   598.495   0.000   0.000   0.000   1.000   
0.000   0.000   598.495   0.000   0.000   0.000   1.000   
0.000   0.000   598.495   0.000   0.000   0.000   1.000   
0.000   0.000   598.495   0.000   0.000   0.000   1.000   
0.000   0.000   598.495   0.000   0.000   0.000   1.000   
0.000   0.000   598.495   0.000   0.000   0.000   1.000   
0.000   0.000   598.495   0.000   0.000   0.000   1.000   
0.000   0.000   598.495   0.000   0.000   0.000   1.000   
0.000   0.000   598.495   0.000   0.000   0.000   1.000   
0.000   0.000   598.495   0.000   0.000   0.000   1.000   
0.000   0.000   598.495   0.000   0.000   0.000   1.000   
0.000   0.000   598.495   0.000   0.000   0.000   1.000   
0.000   0.000   598.495   0.000   0.000   0.000   1.000   
0.000   0.000   598.495   0.000   0.000   0.000   1.000   
0.000   0.000   598.495   0.000   0.000   0.000   1.000   
0.000   0.000   598.495   0.000   0.000   0.000   1.000   
0.000   0.000   598.495   0.000   0.000   0.000   1.000   
0.000   0.000   598.495   0.000   0.000   0.000   1.000   
0.000   0.000   598.495   0.000   0.000   0.000   1.000   
0.000   0.000   598.495   0.000   0.000   0.000   1.000   
0.000   0.000   598.495   0.000   0.000   0.000   1.000   
0.000   0.000   598.495   0.000   0.000   0.000   1.000   
0.000   0.000   598.495   0.000   0.000   0.000   1.000   
0.000   0.000   598.495   0.000   0.000   0.000   1.000   
0.000   0.000   598.495   0.000   0.000   0.000   1.000   
0.000   0.000   598.495   0.000   0.000   0.000   1.000   
0.000   0.000   598.495   0.000   0.000   0.000   1.000   
0.000   0.000   598.495   0.000   0.000   0.000   1.000   
0.000   0.000   598.495   0.000   0.000   0.000   1.000   
0.000   0.000   598.495   0.000   0.000   0.000   1.000   
0.000   0.000   598.495   0.000   0.000   0.000   1.000   
0.000   0.000   598.495   0.000   0.000   0.000   1.000   
0.000   0.000   598.495   0.000   0.000   0.000   1.000   
0.000   0.000   598.495   0.000   0.000   0.000   1.000   
0.000   0.000   598.495   0.000   0.000   0.000   1.000   
0.000   0.000   598.495   0.000   0.000   0.000   1.000   
0.000   0.000   598.495   0.000   0.000   0.000   1.000   
0.000   0.000   598.495   0.000   0.000   0.000   1.000   
0.000   0.000   598.495   0.000   0.000   0.000   1.000   
0.000   0.000   598.495   0.000   0.000   0.000   1.000   
0.000   0.000   598.495   0.000   0.000   0.000   1.000   
0.000   0.000   598.495   0.000   0.000   0.000   1.000   
0.000   0.000   598.495   0.000   0.000   0.000   1.000   
0.000   0.000   598.495   0.000   0.000   0.000   1.000   
0.000   0.000   598.495   0.000   0.000   0.000   1.000   
0.000   0.000   598.495   0.000   0.000   0.000   1.000   
0.000   0.000   598.495   0.000   0.000   0.000   1.000   
0.000   0.000   598.495   0.000   0.000   0.000   1.000   
0.000   0.000   598.495   0.000   0.000   0.000   1.000   
0.000   0.000   598.495   0.000   0.000   0.000   1.000   
0.000   0.000   598.495   0.000   0.000   0.000   1.000   
0.000   0.000   598.495   0.000   0.000   0.000   1.000   
0.000   0.000   598.495   0.000   0.000   0.000   1.000   
0.000   0.000   598.495   0.000   0.000   0.000   1.000   
0.000   0.000   598.495   0.000   0.000   0.000   1.000   
0.000   0.000   598.495   0.000   0.000   0.000   1.000   
0.000   0.000   598.495   0.000   0.000   0.000   1.000   
0.000   0.000   598.495   0.000   0.000   0.000   1.000   
0.000   0.000   598.495   0.000   0.000   0.000   1.000   
0.000   0.000   598.495   0.000   0.000   0.000   1.000   
0.000   0.000   598.495   0.000   0.000   0.000   1.000   
0.000   0.000   598.495   0.000   0.000   0.000   1.000   
0.000   0.000   598.495   0.000   0.000   0.000   1.000   
0.000   0.000   598.495   0.000   0.000   0.000   1.000   
0.000   0.000   598.495   0.000   0.000   0.000   1.000   
0.000   0.000   598.495   0.000   0.000   0.000   1.000   
0.000   0.000   598.495   0.000   0.000   0.000   1.000   
0.000   0.000   598.495   0.000   0.000   0.000   1.000   
0.000   0.000   598.495   0.000   0.000   0.000   1.000   
0.000   0.000   598.495   0.000   0.000   0.000   1.000   
0.000   0.000   598.495   0.000   0.000   0.000   1.000   
0.000   0.000   598.495   0.000   0.000   0.000   1.000   
0.000   0.000   598.495   0.000   0.000   0.000   1.000   
0.000   0.000   598.495   0.000   0.000   0.000   1.000   
0.000   0.000   598.495   0.000   0.000   0.000   1.000   
0.000   0.000   598.495   0.000   0.000   0.000   1.000   
0.000   0.000   598.495   0.000   0.000   0.000   1.000   
0.000   0.000   598.495   0.000   0.000   0.000   1.000   
0.000   0.000   598.495   0.000   0.000   0.000   1.000   
0.000   0.000   598.495   0.000   0.000   0.000   1.000   
0.000   0.000   598.495   0.000   0.000   0.000   1.000   
0.000   0.000   598.495   0.000   0.000   0.000   1.000   
0.000   0.000   598.495   0.000   0.000   0.000   1.000   
0.000   0.000   598.495   0.000   0.000   0.000   1.000   
0.000   0.000   598.495   0.000   0.000   0.000   1.000   
0.000   0.000   598.495   0.000   0.000   0.000   1.000   
0.000   0.000   598.495   0.000   0.000   0.000   1.000   
0.000   0.000   598.495   0.000   0.000   0.000   1.000   
0.000   0.000   598.495   0.000   0.000   0.000   1.000   
0.000   0.000   598.495   0.000   0.000   0.000   1.000   
0.000   0.000   598.495   0.000   0.000   0.000   1.000   
0.000   0.000   598.495   0.000   0.000   0.000   1.000   
0.000   0.000   598.495   0.000   0.000   0.000   1.000   
0.000   0.000   598.495   0.000   0.000   0.000   1.000   
0.000   0.000   598.495   0.000   0.000   0.000   1.000   
0.000   0.000   598.495   0.000   0.000   0.000   1.000   
0.000   0.000   598.495   0.000   0.000   0.000   1.000   
0.000   0.000   598.495   0.000   0.000   0.000   1.000   
0.000   0.000   598.495   0.000   0.000   0.000   1.000   
0.000   0.000   598.500   0.000   0.000   0.000   1.000   
0.000   0.000   598.500   0.000   0.000   0.000   1.000   
0.000   0.000   598.500   0.000   0.000   0.000   1.000   
0.000   0.000   598.500   0.000   0.000   0.000   1.000   
0.000   0.000   598.500   0.000   0.000   0.000   1.000   
0.000   0.000   598.500   0.000   0.000   0.000   1.000   
0.000   0.000   598.500   0.000   0.000   0.000   1.000   
0.000   0.000   598.500   0.000   0.000   0.000   1.000   
0.000   0.000   598.500   0.000   0.000   0.000   1.000   
0.000   0.000   598.500   0.000   0.000   0.000   1.000   
0.000   0.000   598.500   0.000   0.000   0.000   1.000   
0.000   0.000   598.500   0.000   0.000   0.000   1.000   
0.000   0.000   598.500   0.000   0.000   0.000   1.000   
0.000   0.000   598.500   0.000   0.000   0.000   1.000   
0.000   0.000   598.500   0.000   0.000   0.000   1.000   
0.000   0.000   598.500   0.000   0.000   0.000   1.000   
0.000   0.000   598.500   0.000   0.000   0.000   1.000   
0.000   0.000   598.500   0.000   0.000   0.000   1.000   
0.000   0.000   598.500   0.000   0.000   0.000   1.000   
0.000   0.000   598.500   0.000   0.000   0.000   1.000   
0.000   0.000   598.500   0.000   0.000   0.000   1.000   
0.000   0.000   598.500   0.000   0.000   0.000   1.000   
0.000   0.000   598.500   0.000   0.000   0.000   1.000   
0.000   0.000   598.500   0.000   0.000   0.000   1.000   
0.000   0.000   598.500   0.000   0.000   0.000   1.000   
0.000   0.000   598.500   0.000   0.000   0.000   1.000   
0.000   0.000   598.500   0.000   0.000   0.000   1.000   
0.415   0.000   598.500   0.000   0.000   0.000   1.000   
1.250   0.000   598.500   0.000   0.000   0.000   1.000   
2.505   0.000   598.500   0.000   0.000   0.000   1.000   
4.180   0.000   598.500   0.000   0.000   0.000   1.000   
6.270   0.000   598.500   0.000   0.000   0.000   1.000   
8.360   0.000   598.500   0.000   0.000   0.000   1.000   
10.450   0.000   598.500   0.000   0.000   0.000   1.000   
12.540   0.000   598.500   0.000   0.000   0.000   1.000   
14.630   0.000   598.500   0.000   0.000   0.000   1.000   
16.720   0.000   598.500   0.000   0.000   0.000   1.000   
18.810   0.000   598.500   0.000   0.000   0.000   1.000   
20.900   0.000   598.500   0.000   0.000   0.000   1.000   
22.990   0.000   598.500   0.000   0.000   0.000   1.000   
25.080   0.000   598.500   0.000   0.000   0.000   1.000   
27.170   0.000   598.500   0.000   0.000   0.000   1.000   
29.260   0.000   598.500   0.000   0.000   0.000   1.000   
31.350   0.000   598.500   0.000   0.000   0.000   1.000   
33.445   0.000   598.500   0.000   0.000   0.000   1.000   
35.535   0.000   598.500   0.000   0.000   0.000   1.000   
37.625   0.000   598.500   0.000   0.000   0.000   1.000   
39.715   0.000   598.500   0.000   0.000   0.000   1.000   
41.805   0.000   598.500   0.000   0.000   0.000   1.000   
43.895   0.000   598.500   0.000   0.000   0.000   1.000   
45.985   0.000   598.500   0.000   0.000   0.000   1.000   
45.985   0.000   598.500   0.000   0.000   0.000   1.000   
50.165   0.000   598.500   0.000   0.000   0.000   1.000   
50.165   0.000   598.500   0.000   0.000   0.000   1.000   
52.255   0.000   598.500   0.000   0.000   0.000   1.000   
54.345   0.000   598.500   0.000   0.000   0.000   1.000   
56.020   0.000   598.500   0.000   0.000   0.000   1.000   
57.275   0.000   598.500   0.000   0.000   0.000   1.000   
58.110   0.000   598.500   0.000   0.000   0.000   1.000   
58.525   0.000   598.500   0.000   0.000   0.000   1.000   
58.530   0.000   598.500   0.000   0.000   0.000   1.000   
58.530   0.000   598.500   0.000   0.000   0.000   1.000   
58.530   0.000   598.500   0.000   0.000   0.000   1.000   
58.530   0.000   598.500   0.000   0.000   0.000   1.000   
58.530   0.000   598.500   0.000   0.000   0.000   1.000   
58.530   0.000   598.500   0.000   0.000   0.000   1.000   
58.530   0.000   598.500   0.000   0.000   0.000   1.000   
58.530   0.000   598.500   0.000   0.000   0.000   1.000   
58.530   0.000   598.500   0.000   0.000   0.000   1.000   
58.530   0.000   598.500   0.000   0.000   0.000   1.000   
58.530   0.000   598.500   0.000   0.000   0.000   1.000   
58.530   0.000   598.500   0.000   0.000   0.000   1.000   
58.530   0.000   598.500   0.000   0.000   0.000   1.000   
58.530   0.000   598.500   0.000   0.000   0.000   1.000   
58.530   0.000   598.500   0.000   0.000   0.000   1.000   
58.530   0.000   598.500   0.000   0.000   0.000   1.000   
58.530   0.000   598.500   0.000   0.000   0.000   1.000   
58.530   0.000   598.500   0.000   0.000   0.000   1.000   
58.530   0.000   598.500   0.000   0.000   0.000   1.000   
58.530   0.000   598.500   0.000   0.000   0.000   1.000   
58.530   0.000   598.500   0.000   0.000   0.000   1.000   
58.530   0.000   598.500   0.000   0.000   0.000   1.000   
58.530   0.000   598.500   0.000   0.000   0.000   1.000   
58.530   0.000   598.500   0.000   0.000   0.000   1.000   
58.530   0.000   598.500   0.000   0.000   0.000   1.000   
58.530   0.000   598.500   0.000   0.000   0.000   1.000   
58.530   0.000   598.500   0.000   0.000   0.000   1.000   
58.530   0.000   598.500   0.000   0.000   0.000   1.000   
58.530   0.000   598.500   0.000   0.000   0.000   1.000   
58.530   0.000   598.500   0.000   0.000   0.000   1.000   
58.530   0.000   598.500   0.000   0.000   0.000   1.000   
58.530   0.000   598.500   0.000   0.000   0.000   1.000   
58.530   0.000   598.500   0.000   0.000   0.000   1.000   
58.530   0.000   598.500   0.000   0.000   0.000   1.000   
58.530   0.000   598.500   0.000   0.000   0.000   1.000   
58.530   0.000   598.500   0.000   0.000   0.000   1.000   
58.530   0.000   598.500   0.000   0.000   0.000   1.000   
58.530   0.000   598.500   0.000   0.000   0.000   1.000   
58.530   0.000   598.500   0.000   0.000   0.000   1.000   
58.530   0.000   598.500   0.000   0.000   0.000   1.000   
58.530   0.000   598.500   0.000   0.000   0.000   1.000   
58.530   0.000   598.500   0.000   0.000   0.000   1.000   
58.530   0.000   598.500   0.000   0.000   0.000   1.000   
58.530   0.000   598.500   0.000   0.000   0.000   1.000   
58.530   0.000   598.500   0.000   0.000   0.000   1.000   
58.530   0.000   598.500   0.000   0.000   0.000   1.000   
58.530   0.000   598.500   0.000   0.000   0.000   1.000   
58.530   0.000   598.500   0.000   0.000   0.000   1.000   
58.530   0.000   598.500   0.000   0.000   0.000   1.000   
58.530   0.000   598.500   0.000   0.000   0.000   1.000   
58.530   0.000   598.500   0.000   0.000   0.000   1.000   
58.530   0.000   598.500   0.000   0.000   0.000   1.000   
58.530   0.000   598.500   0.000   0.000   0.000   1.000   
58.530   0.000   598.500   0.000   0.000   0.000   1.000   
58.530   0.000   598.500   0.000   0.000   0.000   1.000   
58.530   0.000   598.500   0.000   0.000   0.000   1.000   
58.530   0.000   598.500   0.000   0.000   0.000   1.000   
58.530   0.000   598.500   0.000   0.000   0.000   1.000   
58.530   0.000   598.500   0.000   0.000   0.000   1.000   
58.530   0.000   598.500   0.000   0.000   0.000   1.000   
58.530   0.000   598.500   0.000   0.000   0.000   1.000   
58.530   0.000   598.500   0.000   0.000   0.000   1.000   
58.530   0.000   598.500   0.000   0.000   0.000   1.000   
58.530   0.000   598.500   0.000   0.000   0.000   1.000   
58.530   0.000   598.500   0.000   0.000   0.000   1.000   
58.530   0.000   598.500   0.000   0.000   0.000   1.000   
58.530   0.000   598.500   0.000   0.000   0.000   1.000   
58.530   0.000   598.500   0.000   0.000   0.000   1.000   
58.530   0.000   598.500   0.000   0.000   0.000   1.000   
58.530   0.000   598.500   0.000   0.000   0.000   1.000   
58.530   0.000   598.500   0.000   0.000   0.000   1.000   
58.530   0.000   598.500   0.000   0.000   0.000   1.000   
58.530   0.000   598.500   0.000   0.000   0.000   1.000   
58.530   0.000   598.500   0.000   0.000   0.000   1.000   
58.530   0.000   598.500   0.000   0.000   0.000   1.000   
58.530   0.000   598.500   0.000   0.000   0.000   1.000   
58.530   0.000   598.500   0.000   0.000   0.000   1.000   
58.530   0.000   598.500   0.000   0.000   0.000   1.000   
58.530   0.000   598.500   0.000   0.000   0.000   1.000   
58.530   0.000   598.500   0.000   0.000   0.000   1.000   
58.530   0.000   598.500   0.000   0.000   0.000   1.000   
58.530   0.000   598.500   0.000   0.000   0.000   1.000   
58.530   0.000   598.500   0.000   0.000   0.000   1.000   
58.530   0.000   598.500   0.000   0.000   0.000   1.000   
58.530   0.000   598.500   0.000   0.000   0.000   1.000   
58.530   0.000   598.500   0.000   0.000   0.000   1.000   
58.530   0.000   598.500   0.000   0.000   0.000   1.000   
58.530   0.000   598.500   0.000   0.000   0.000   1.000   
58.530   0.000   598.500   0.000   0.000   0.000   1.000   
58.530   0.000   598.500   0.000   0.000   0.000   1.000   
58.530   0.000   598.500   0.000   0.000   0.000   1.000   
58.530   0.000   598.500   0.000   0.000   0.000   1.000   
58.530   0.000   598.500   0.000   0.000   0.000   1.000   
58.530   0.000   598.500   0.000   0.000   0.000   1.000   
58.530   0.000   598.500   0.000   0.000   0.000   1.000   
58.530   0.000   598.500   0.000   0.000   0.000   1.000   
58.530   0.000   598.500   0.000   0.000   0.000   1.000   
58.530   0.000   598.500   0.000   0.000   0.000   1.000   
58.530   0.000   598.500   0.000   0.000   0.000   1.000   
58.530   0.000   598.500   0.000   0.000   0.000   1.000   
58.530   0.000   598.500   0.000   0.000   0.000   1.000   
58.530   0.000   598.500   0.000   0.000   0.000   1.000   
58.530   0.000   598.500   0.000   0.000   0.000   1.000   
58.530   0.000   598.500   0.000   0.000   0.000   1.000   
58.530   0.000   598.500   0.000   0.000   0.000   1.000   
58.530   0.000   598.500   0.000   0.000   0.000   1.000   
58.530   0.000   598.500   0.000   0.000   0.000   1.000   
58.530   0.000   598.500   0.000   0.000   0.000   1.000   
58.530   0.000   598.500   0.000   0.000   0.000   1.000   
58.530   0.000   598.500   0.000   0.000   0.000   1.000   
58.530   0.000   598.500   0.000   0.000   0.000   1.000   
58.530   0.000   598.500   0.000   0.000   0.000   1.000   
58.530   0.000   598.500   0.000   0.000   0.000   1.000   
58.530   0.000   598.500   0.000   0.000   0.000   1.000   
58.530   0.000   598.500   0.000   0.000   0.000   1.000   
58.530   0.000   598.500   0.000   0.000   0.000   1.000   
58.530   0.000   598.500   0.000   0.000   0.000   1.000   
58.530   0.000   598.500   0.000   0.000   0.000   1.000   
58.530   0.000   598.500   0.000   0.000   0.000   1.000   
58.530   0.000   598.500   0.000   0.000   0.000   1.000   
58.530   0.000   598.500   0.000   0.000   0.000   1.000   
58.530   0.000   598.500   0.000   0.000   0.000   1.000   
58.530   0.000   598.500   0.000   0.000   0.000   1.000   
58.530   0.000   598.500   0.000   0.000   0.000   1.000   
58.530   0.000   598.500   0.000   0.000   0.000   1.000   
58.530   0.000   598.500   0.000   0.000   0.000   1.000   
58.530   0.000   598.500   0.000   0.000   0.000   1.000   
58.530   0.000   598.500   0.000   0.000   0.000   1.000   
58.530   0.000   598.500   0.000   0.000   0.000   1.000   
58.530   0.000   598.500   0.000   0.000   0.000   1.000   
58.530   0.000   598.500   0.000   0.000   0.000   1.000   
58.530   0.000   598.500   0.000   0.000   0.000   1.000   
58.530   0.000   598.500   0.000   0.000   0.000   1.000   
58.530   0.000   598.500   0.000   0.000   0.000   1.000   
58.530   0.000   598.500   0.000   0.000   0.000   1.000   
58.530   0.000   598.500   0.000   0.000   0.000   1.000   
58.530   0.000   598.500   0.000   0.000   0.000   1.000   
58.530   0.000   598.500   0.000   0.000   0.000   1.000   
58.530   0.000   598.500   0.000   0.000   0.000   1.000   
58.530   0.000   598.500   0.000   0.000   0.000   1.000   
58.530   0.000   598.500   0.000   0.000   0.000   1.000   
58.530   0.000   598.500   0.000   0.000   0.000   1.000   
58.530   0.000   598.500   0.000   0.000   0.000   1.000   
58.530   0.000   598.500   0.000   0.000   0.000   1.000   
58.530   0.000   598.500   0.000   0.000   0.000   1.000   
58.530   0.000   598.500   0.000   0.000   0.000   1.000   
58.530   0.000   598.500   0.000   0.000   0.000   1.000   
58.530   0.000   598.500   0.000   0.000   0.000   1.000   
58.530   0.000   598.500   0.000   0.000   0.000   1.000   
58.530   0.000   598.500   0.000   0.000   0.000   1.000   
58.530   0.000   598.500   0.000   0.000   0.000   1.000   
58.530   0.000   598.500   0.000   0.000   0.000   1.000   
58.530   0.000   598.500   0.000   0.000   0.000   1.000   
58.530   0.000   598.500   0.000   0.000   0.000   1.000   
58.530   0.000   598.500   0.000   0.000   0.000   1.000   
58.530   0.000   598.500   0.000   0.000   0.000   1.000   
58.530   0.000   598.500   0.000   0.000   0.000   1.000   
58.530   0.000   598.500   0.000   0.000   0.000   1.000   
58.530   0.000   598.500   0.000   0.000   0.000   1.000   
58.530   0.000   598.500   0.000   0.000   0.000   1.000   
58.530   0.000   598.500   0.000   0.000   0.000   1.000   
58.530   0.000   598.500   0.000   0.000   0.000   1.000   
58.530   0.000   598.500   0.000   0.000   0.000   1.000   
58.530   0.000   598.500   0.000   0.000   0.000   1.000   
58.530   0.000   598.500   0.000   0.000   0.000   1.000   
58.530   0.000   598.500   0.000   0.000   0.000   1.000   
58.530   0.000   598.500   0.000   0.000   0.000   1.000   
58.530   0.000   598.500   0.000   0.000   0.000   1.000   
58.530   0.000   598.500   0.000   0.000   0.000   1.000   
58.530   0.000   598.500   0.000   0.000   0.000   1.000   
58.530   0.000   598.500   0.000   0.000   0.000   1.000   
58.530   0.000   598.500   0.000   0.000   0.000   1.000   
58.530   0.000   598.500   0.000   0.000   0.000   1.000   
58.530   0.000   598.500   0.000   0.000   0.000   1.000   
58.530   0.000   598.500   0.000   0.000   0.000   1.000   
58.530   0.000   598.500   0.000   0.000   0.000   1.000   
58.530   0.000   598.500   0.000   0.000   0.000   1.000   
58.530   0.000   598.500   0.000   0.000   0.000   1.000   
58.530   0.000   598.500   0.000   0.000   0.000   1.000   
58.530   0.000   598.500   0.000   0.000   0.000   1.000   
58.530   0.000   598.500   0.000   0.000   0.000   1.000   
58.530   0.000   598.500   0.000   0.000   0.000   1.000   
58.530   0.000   598.500   0.000   0.000   0.000   1.000   
58.530   0.000   598.500   0.000   0.000   0.000   1.000   
58.530   0.000   598.500   0.000   0.000   0.000   1.000   
58.530   0.000   598.500   0.000   0.000   0.000   1.000   
58.530   0.000   598.500   0.000   0.000   0.000   1.000   
58.530   0.000   598.500   0.000   0.000   0.000   1.000   
58.530   0.000   598.500   0.000   0.000   0.000   1.000   
58.530   0.000   598.500   0.000   0.000   0.000   1.000   
58.530   0.000   598.500   0.000   0.000   0.000   1.000   
58.530   0.000   598.500   0.000   0.000   0.000   1.000   
58.530   0.000   598.500   0.000   0.000   0.000   1.000   
58.530   0.000   598.500   0.000   0.000   0.000   1.000   
58.530   0.000   598.500   0.000   0.000   0.000   1.000   
58.530   0.000   598.500   0.000   0.000   0.000   1.000   
58.530   0.000   598.500   0.000   0.000   0.000   1.000   
58.530   0.000   598.500   0.000   0.000   0.000   1.000   
58.530   0.000   598.500   0.000   0.000   0.000   1.000   
58.530   0.000   598.500   0.000   0.000   0.000   1.000   
58.530   0.000   598.500   0.000   0.000   0.000   1.000   
58.530   0.000   598.500   0.000   0.000   0.000   1.000   
58.530   0.000   598.500   0.000   0.000   0.000   1.000   
58.530   0.000   598.500   0.000   0.000   0.000   1.000   
58.530   0.000   598.500   0.000   0.000   0.000   1.000   
58.530   0.000   598.500   0.000   0.000   0.000   1.000   
58.530   0.000   598.500   0.000   0.000   0.000   1.000   
58.530   0.000   598.500   0.000   0.000   0.000   1.000   
58.530   0.000   598.500   0.000   0.000   0.000   1.000   
58.530   0.000   598.500   0.000   0.000   0.000   1.000   
58.530   0.000   598.500   0.000   0.000   0.000   1.000   
58.530   0.000   598.500   0.000   0.000   0.000   1.000   
58.530   0.000   598.500   0.000   0.000   0.000   1.000   
58.530   0.000   598.500   0.000   0.000   0.000   1.000   
58.530   0.000   598.500   0.000   0.000   0.000   1.000   
58.530   0.000   598.500   0.000   0.000   0.000   1.000   
58.530   0.000   598.500   0.000   0.000   0.000   1.000   
58.530   0.000   598.500   0.000   0.000   0.000   1.000   
58.530   0.000   598.500   0.000   0.000   0.000   1.000   
58.530   0.000   598.500   0.000   0.000   0.000   1.000   
58.530   0.000   598.500   0.000   0.000   0.000   1.000   
58.530   0.000   598.500   0.000   0.000   0.000   1.000   
58.530   0.000   598.500   0.000   0.000   0.000   1.000   
58.530   0.000   598.500   0.000   0.000   0.000   1.000   
58.530   0.000   598.500   0.000   0.000   0.000   1.000   
58.530   0.000   598.500   0.000   0.000   0.000   1.000   
58.530   0.000   598.500   0.000   0.000   0.000   1.000   
58.530   0.000   598.500   0.000   0.000   0.000   1.000   
58.530   0.000   598.500   0.000   0.000   0.000   1.000   
58.530   0.000   598.500   0.000   0.000   0.000   1.000   
58.530   0.000   598.500   0.000   0.000   0.000   1.000   
58.530   0.000   598.500   0.000   0.000   0.000   1.000   
58.530   0.000   598.500   0.000   0.000   0.000   1.000   
58.530   0.000   598.500   0.000   0.000   0.000   1.000   
58.530   0.000   598.500   0.000   0.000   0.000   1.000   
58.530   0.000   598.500   0.000   0.000   0.000   1.000   
58.530   0.000   598.500   0.000   0.000   0.000   1.000   
58.530   0.000   598.500   0.000   0.000   0.000   1.000   
58.530   0.000   598.500   0.000   0.000   0.000   1.000   
58.530   0.000   598.500   0.000   0.000   0.000   1.000   
58.530   0.000   598.500   0.000   0.000   0.000   1.000   
58.530   0.000   598.500   0.000   0.000   0.000   1.000   
58.530   0.000   598.500   0.000   0.000   0.000   1.000   
58.530   0.000   598.500   0.000   0.000   0.000   1.000   
58.530   0.000   598.500   0.000   0.000   0.000   1.000   
58.530   0.000   598.500   0.000   0.000   0.000   1.000   
58.530   0.000   598.500   0.000   0.000   0.000   1.000   
58.530   0.000   598.500   0.000   0.000   0.000   1.000   
58.530   0.000   598.500   0.000   0.000   0.000   1.000   
58.530   0.000   598.500   0.000   0.000   0.000   1.000   
58.530   0.000   598.500   0.000   0.000   0.000   1.000   
58.530   0.000   598.500   0.000   0.000   0.000   1.000   
58.530   0.000   598.500   0.000   0.000   0.000   1.000   
58.530   0.000   598.500   0.000   0.000   0.000   1.000   
58.530   0.000   598.500   0.000   0.000   0.000   1.000   
58.530   0.000   598.500   0.000   0.000   0.000   1.000   
58.530   0.000   598.500   0.000   0.000   0.000   1.000   
58.530   0.000   598.500   0.000   0.000   0.000   1.000   
58.530   0.000   598.500   0.000   0.000   0.000   1.000   
58.530   0.000   598.500   0.000   0.000   0.000   1.000   
58.530   0.000   598.500   0.000   0.000   0.000   1.000   
58.530   0.000   598.500   0.000   0.000   0.000   1.000   
58.530   0.000   598.500   0.000   0.000   0.000   1.000   
58.530   0.000   598.500   0.000   0.000   0.000   1.000   
58.530   0.000   598.500   0.000   0.000   0.000   1.000   
58.530   0.000   598.500   0.000   0.000   0.000   1.000   
58.530   0.000   598.500   0.000   0.000   0.000   1.000   
58.530   0.000   598.500   0.000   0.000   0.000   1.000   
58.530   0.000   598.500   0.000   0.000   0.000   1.000   
58.530   0.000   598.500   0.000   0.000   0.000   1.000   
58.530   0.000   598.500   0.000   0.000   0.000   1.000   
58.530   0.000   598.500   0.000   0.000   0.000   1.000   
58.530   0.000   598.500   0.000   0.000   0.000   1.000   
58.530   0.000   598.500   0.000   0.000   0.000   1.000   
58.530   0.000   598.500   0.000   0.000   0.000   1.000   
58.530   0.000   598.500   0.000   0.000   0.000   1.000   
58.530   0.000   598.500   0.000   0.000   0.000   1.000   
58.530   0.000   598.500   0.000   0.000   0.000   1.000   
58.530   0.000   598.500   0.000   0.000   0.000   1.000   
58.530   0.000   598.500   0.000   0.000   0.000   1.000   
58.530   0.000   598.500   0.000   0.000   0.000   1.000   
58.530   0.000   598.500   0.000   0.000   0.000   1.000   
58.530   0.000   598.500   0.000   0.000   0.000   1.000   
58.530   0.000   598.500   0.000   0.000   0.000   1.000   
58.530   0.000   598.500   0.000   0.000   0.000   1.000   
58.530   0.000   598.500   0.000   0.000   0.000   1.000   
58.530   0.000   598.500   0.000   0.000   0.000   1.000   
58.530   0.000   598.500   0.000   0.000   0.000   1.000   
58.530   0.000   598.500   0.000   0.000   0.000   1.000   
58.530   0.000   598.500   0.000   0.000   0.000   1.000   
58.530   0.000   598.500   0.000   0.000   0.000   1.000   
58.530   0.000   598.500   0.000   0.000   0.000   1.000   
58.530   0.000   598.500   0.000   0.000   0.000   1.000   
58.530   0.000   598.500   0.000   0.000   0.000   1.000   
58.530   0.000   598.500   0.000   0.000   0.000   1.000   
58.530   0.000   598.500   0.000   0.000   0.000   1.000   
58.530   0.000   598.500   0.000   0.000   0.000   1.000   
58.530   0.000   598.500   0.000   0.000   0.000   1.000   
58.530   0.000   598.500   0.000   0.000   0.000   1.000   
58.530   0.000   598.500   0.000   0.000   0.000   1.000   
58.530   0.000   598.500   0.000   0.000   0.000   1.000   
58.530   0.000   598.500   0.000   0.000   0.000   1.000   
58.530   0.000   598.500   0.000   0.000   0.000   1.000   
58.530   0.000   598.500   0.000   0.000   0.000   1.000   
58.530   0.000   598.500   0.000   0.000   0.000   1.000   
58.530   0.000   598.500   0.000   0.000   0.000   1.000   
58.530   0.000   598.500   0.000   0.000   0.000   1.000   
58.530   0.000   598.500   0.000   0.000   0.000   1.000   
58.530   0.000   598.500   0.000   0.000   0.000   1.000   
58.530   0.000   598.500   0.000   0.000   0.000   1.000   
58.530   0.000   598.500   0.000   0.000   0.000   1.000   
58.530   0.000   598.500   0.000   0.000   0.000   1.000   
58.530   0.000   598.500   0.000   0.000   0.000   1.000   
58.530   0.000   598.500   0.000   0.000   0.000   1.000   
58.530   0.000   598.500   0.000   0.000   0.000   1.000   
58.530   0.000   598.500   0.000   0.000   0.000   1.000   
58.530   0.000   598.500   0.000   0.000   0.000   1.000   
58.530   0.000   598.500   0.000   0.000   0.000   1.000   
58.530   0.000   598.500   0.000   0.000   0.000   1.000   
58.530   0.000   598.500   0.000   0.000   0.000   1.000   
58.530   0.000   598.500   0.000   0.000   0.000   1.000   
58.530   0.000   598.500   0.000   0.000   0.000   1.000   
58.530   0.000   598.500   0.000   0.000   0.000   1.000   
58.530   0.000   598.500   0.000   0.000   0.000   1.000   
58.530   0.000   598.500   0.000   0.000   0.000   1.000   
58.530   0.000   598.500   0.000   0.000   0.000   1.000   
58.530   0.000   598.500   0.000   0.000   0.000   1.000   
58.530   0.000   598.500   0.000   0.000   0.000   1.000   
58.530   0.000   598.500   0.000   0.000   0.000   1.000   
58.530   0.000   598.500   0.000   0.000   0.000   1.000   
58.530   0.000   598.500   0.000   0.000   0.000   1.000   
58.530   0.000   598.500   0.000   0.000   0.000   1.000   
58.530   0.000   598.500   0.000   0.000   0.000   1.000   
58.530   0.000   598.500   0.000   0.000   0.000   1.000   
58.530   0.000   598.500   0.000   0.000   0.000   1.000   
58.530   0.000   598.500   0.000   0.000   0.000   1.000   
58.530   0.000   598.500   0.000   0.000   0.000   1.000   
58.530   0.000   598.500   0.000   0.000   0.000   1.000   
58.530   0.000   598.500   0.000   0.000   0.000   1.000   
58.530   0.000   598.500   0.000   0.000   0.000   1.000   
58.530   0.000   598.500   0.000   0.000   0.000   1.000   
58.530   0.000   598.500   0.000   0.000   0.000   1.000   
58.530   0.000   598.500   0.000   0.000   0.000   1.000   
58.530   0.000   598.500   0.000   0.000   0.000   1.000   
58.530   0.000   598.500   0.000   0.000   0.000   1.000   
58.530   0.000   598.500   0.000   0.000   0.000   1.000   
58.530   0.000   598.500   0.000   0.000   0.000   1.000   
58.530   0.000   598.500   0.000   0.000   0.000   1.000   
58.530   0.000   598.500   0.000   0.000   0.000   1.000   
58.530   0.000   598.500   0.000   0.000   0.000   1.000   
58.530   0.000   598.500   0.000   0.000   0.000   1.000   
58.530   0.000   598.500   0.000   0.000   0.000   1.000   
58.530   0.000   598.500   0.000   0.000   0.000   1.000   
58.530   0.000   598.500   0.000   0.000   0.000   1.000   
58.530   0.000   598.500   0.000   0.000   0.000   1.000   
58.530   0.000   598.500   0.000   0.000   0.000   1.000   
58.530   0.000   598.500   0.000   0.000   0.000   1.000   
58.530   0.000   598.500   0.000   0.000   0.000   1.000   
58.530   0.000   598.500   0.000   0.000   0.000   1.000   
58.530   0.000   598.500   0.000   0.000   0.000   1.000   
58.530   0.000   598.500   0.000   0.000   0.000   1.000   
58.530   0.000   598.500   0.000   0.000   0.000   1.000   
58.530   0.000   598.500   0.000   0.000   0.000   1.000   
58.530   0.000   598.500   0.000   0.000   0.000   1.000   
58.530   0.000   598.500   0.000   0.000   0.000   1.000   
58.530   0.000   598.500   0.000   0.000   0.000   1.000   
58.530   0.000   598.500   0.000   0.000   0.000   1.000   
58.530   0.000   598.500   0.000   0.000   0.000   1.000   
58.530   0.000   598.500   0.000   0.000   0.000   1.000   
58.530   0.000   598.500   0.000   0.000   0.000   1.000   
58.530   0.000   598.500   0.000   0.000   0.000   1.000   
58.530   0.000   598.500   0.000   0.000   0.000   1.000   
58.530   0.000   598.500   0.000   0.000   0.000   1.000   
58.530   0.000   598.500   0.000   0.000   0.000   1.000   
58.530   0.000   598.500   0.000   0.000   0.000   1.000   
58.530   0.000   598.500   0.000   0.000   0.000   1.000   
58.530   0.000   598.500   0.000   0.000   0.000   1.000   
58.530   0.000   598.500   0.000   0.000   0.000   1.000   
58.530   0.000   598.500   0.000   0.000   0.000   1.000   
58.530   0.000   598.500   0.000   0.000   0.000   1.000   
58.530   0.000   598.500   0.000   0.000   0.000   1.000   
58.530   0.000   598.500   0.000   0.000   0.000   1.000   
58.530   0.000   598.500   0.000   0.000   0.000   1.000   
58.530   0.000   598.500   0.000   0.000   0.000   1.000   
58.530   0.000   598.500   0.000   0.000   0.000   1.000   
58.530   0.000   598.500   0.000   0.000   0.000   1.000   
58.530   0.000   598.500   0.000   0.000   0.000   1.000   
58.530   0.000   598.500   0.000   0.000   0.000   1.000   
58.530   0.000   598.500   0.000   0.000   0.000   1.000   
58.530   0.000   598.500   0.000   0.000   0.000   1.000   
58.530   0.000   598.500   0.000   0.000   0.000   1.000   
58.530   0.000   598.500   0.000   0.000   0.000   1.000   
58.530   0.000   598.500   0.000   0.000   0.000   1.000   
58.530   0.000   598.500   0.000   0.000   0.000   1.000   
58.530   0.000   598.500   0.000   0.000   0.000   1.000   
58.530   0.000   598.500   0.000   0.000   0.000   1.000   
58.530   0.000   598.500   0.000   0.000   0.000   1.000   
58.530   0.000   598.500   0.000   0.000   0.000   1.000   
58.530   0.000   598.500   0.000   0.000   0.000   1.000   
58.530   0.000   598.500   0.000   0.000   0.000   1.000   
58.530   0.000   598.500   0.000   0.000   0.000   1.000   
58.530   0.000   598.500   0.000   0.000   0.000   1.000   
58.530   0.000   598.500   0.000   0.000   0.000   1.000   
58.530   0.000   598.500   0.000   0.000   0.000   1.000   
58.530   0.000   598.500   0.000   0.000   0.000   1.000   
58.530   0.000   598.500   0.000   0.000   0.000   1.000   
58.530   0.000   598.500   0.000   0.000   0.000   1.000   
58.530   0.000   598.500   0.000   0.000   0.000   1.000   
58.530   0.000   598.500   0.000   0.000   0.000   1.000   
58.530   0.000   598.500   0.000   0.000   0.000   1.000   
58.530   0.000   598.500   0.000   0.000   0.000   1.000   
58.530   0.000   598.500   0.000   0.000   0.000   1.000   
58.530   0.000   598.500   0.000   0.000   0.000   1.000   
58.530   0.000   598.500   0.000   0.000   0.000   1.000   
58.530   0.000   598.500   0.000   0.000   0.000   1.000   
58.530   0.000   598.500   0.000   0.000   0.000   1.000   
58.530   0.000   598.500   0.000   0.000   0.000   1.000   
58.530   0.000   598.500   0.000   0.000   0.000   1.000   
58.530   0.000   598.500   0.000   0.000   0.000   1.000   
58.530   0.000   598.500   0.000   0.000   0.000   1.000   
58.530   0.000   598.500   0.000   0.000   0.000   1.000   
58.530   0.000   598.500   0.000   0.000   0.000   1.000   
58.110   0.000   598.500   0.000   0.000   0.000   1.000   
57.275   0.000   598.500   0.000   0.000   0.000   1.000   
56.435   0.000   598.500   0.000   0.000   0.000   1.000   
55.185   0.000   598.500   0.000   0.000   0.000   1.000   
53.510   0.000   598.500   0.000   0.000   0.000   1.000   
51.710   0.000   598.500   0.000   0.000   0.000   1.000   
49.615   0.000   598.500   0.000   0.000   0.000   1.000   
47.525   0.000   598.500   0.000   0.000   0.000   1.000   
45.435   0.000   598.500   0.000   0.000   0.000   1.000   
43.345   0.000   598.500   0.000   0.000   0.000   1.000   
41.255   0.000   598.500   0.000   0.000   0.000   1.000   
39.165   0.000   598.500   0.000   0.000   0.000   1.000   
37.075   0.000   598.500   0.000   0.000   0.000   1.000   
34.985   0.000   598.500   0.000   0.000   0.000   1.000   
32.895   0.000   598.500   0.000   0.000   0.000   1.000   
30.805   0.000   598.500   0.000   0.000   0.000   1.000   
28.715   0.000   598.500   0.000   0.000   0.000   1.000   
26.625   0.000   598.500   0.000   0.000   0.000   1.000   
24.535   0.000   598.500   0.000   0.000   0.000   1.000   
22.445   0.000   598.500   0.000   0.000   0.000   1.000   
22.445   0.000   598.500   0.000   0.000   0.000   1.000   
20.350   0.000   598.500   0.000   0.000   0.000   1.000   
18.260   0.000   598.500   0.000   0.000   0.000   1.000   
16.170   0.000   598.500   0.000   0.000   0.000   1.000   
14.080   0.000   598.500   0.000   0.000   0.000   1.000   
11.990   0.000   598.500   0.000   0.000   0.000   1.000   
9.900   0.000   598.500   0.000   0.000   0.000   1.000   
7.810   0.000   598.500   0.000   0.000   0.000   1.000   
5.720   0.000   598.500   0.000   0.000   0.000   1.000   
4.045   0.000   598.500   0.000   0.000   0.000   1.000   
2.795   0.000   598.500   0.000   0.000   0.000   1.000   
0.000   0.000   598.500   0.000   0.000   0.000   1.000   
0.000   0.000   598.500   0.000   0.000   0.000   1.000   
0.000   0.000   598.500   0.000   0.000   0.000   1.000   
0.000   0.000   598.500   0.000   0.000   0.000   1.000   
0.000   0.000   598.500   0.000   0.000   0.000   1.000   
0.795   0.000   598.500   0.000   0.000   0.000   1.000   
2.385   0.000   598.500   0.000   0.000   0.000   1.000   
4.775   0.000   598.500   0.000   0.000   0.000   1.000   
7.960   0.000   598.500   0.000   0.000   0.000   1.000   
11.940   0.000   598.500   0.000   0.000   0.000   1.000   
16.715   0.000   598.500   0.000   0.000   0.000   1.000   
22.285   0.000   598.500   0.000   0.000   0.000   1.000   
28.655   0.000   598.500   0.000   0.000   0.000   1.000   
35.820   0.000   598.495   0.000   0.000   0.000   1.000   
43.780   0.000   598.495   0.000   0.000   0.000   1.000   
52.535   0.000   598.490   0.000   0.000   0.000   1.000   
62.085   0.000   598.485   0.000   0.000   0.000   1.000   
72.435   0.000   598.470   0.000   0.000   0.000   1.000   
83.580   0.000   598.445   0.000   0.000   0.000   1.000   
95.520   0.000   598.415   0.000   0.000   0.000   1.000   
108.255   0.000   598.370   0.000   0.000   0.000   1.000   
121.785   0.000   598.310   0.000   0.000   0.000   1.000   
136.115   0.000   598.240   0.000   0.000   0.000   1.000   
151.240   0.000   598.150   0.000   0.000   0.000   1.000   
167.160   0.000   598.040   0.000   0.000   0.000   1.000   
183.875   0.000   597.915   0.000   0.000   0.000   1.000   
201.385   0.000   597.770   0.000   0.000   0.000   1.000   
219.695   0.000   597.605   0.000   0.000   0.000   1.000   
238.800   0.000   597.410   0.000   0.000   0.000   1.000   
258.700   0.000   597.195   0.000   0.000   0.000   1.000   
278.600   0.000   596.945   0.000   0.000   0.000   1.000   
278.600   0.000   596.670   0.000   0.000   0.000   1.000   
298.500   0.000   596.365   0.000   0.000   0.000   1.000   
318.400   0.000   596.030   0.000   0.000   0.000   1.000   
338.300   0.000   595.670   0.000   0.000   0.000   1.000   
358.200   0.000   595.270   0.000   0.000   0.000   1.000   
378.100   0.000   595.270   0.000   0.000   0.000   1.000   
398.000   0.000   594.840   0.000   0.000   0.000   1.000   
417.900   0.000   594.365   0.000   0.000   0.000   1.000   
437.400   0.000   593.850   0.000   0.000   0.000   1.000   
456.105   0.000   593.295   0.000   0.000   0.000   1.000   
474.015   0.000   592.695   0.000   0.000   0.000   1.000   
491.130   0.000   592.055   0.000   0.000   0.000   1.000   
507.450   0.000   591.375   0.000   0.000   0.000   1.000   
522.975   0.000   590.655   0.000   0.000   0.000   1.000   
537.700   0.000   589.895   0.000   0.000   0.000   1.000   
551.630   0.000   589.090   0.000   0.000   0.000   1.000   
564.765   0.000   588.255   0.000   0.000   0.000   1.000   
577.105   0.000   587.375   0.000   0.000   0.000   1.000   
588.645   0.000   586.455   0.000   0.000   0.000   1.000   
599.395   0.000   585.505   0.000   0.000   0.000   1.000   
609.345   0.000   584.515   0.000   0.000   0.000   1.000   
618.500   0.000   583.490   0.000   0.000   0.000   1.000   
626.855   0.000   582.440   0.000   0.000   0.000   1.000   
634.420   0.000   581.355   0.000   0.000   0.000   1.000   
641.185   0.000   580.245   0.000   0.000   0.000   1.000   
647.155   0.000   579.105   0.000   0.000   0.000   1.000   
652.330   0.000   577.940   0.000   0.000   0.000   1.000   
656.710   0.000   576.750   0.000   0.000   0.000   1.000   
660.290   0.000   575.540   0.000   0.000   0.000   1.000   
663.080   0.000   574.310   0.000   0.000   0.000   1.000   
665.070   0.000   573.065   0.000   0.000   0.000   1.000   
666.265   0.000   571.805   0.000   0.000   0.000   1.000   
666.665   0.000   570.535   0.000   0.000   0.000   1.000   
666.665   0.000   569.245   0.000   0.000   0.000   1.000   
666.665   0.000   567.945   0.000   0.000   0.000   1.000   
666.665   0.000   566.640   0.000   0.000   0.000   1.000   
666.665   0.000   565.325   0.000   0.000   0.000   1.000   
666.665   0.000   564.000   0.000   0.000   0.000   1.000   
666.665   0.000   562.670   0.000   0.000   0.000   1.000   
666.665   0.000   561.340   0.000   0.000   0.000   1.000   
666.665   0.000   560.005   0.000   0.000   0.000   1.000   
666.665   0.000   558.670   0.000   0.000   0.000   1.000   
666.665   0.000   557.330   0.000   0.000   0.000   1.000   
666.665   0.000   556.000   0.000   0.000   0.000   1.000   
666.665   0.000   554.665   0.000   0.000   0.000   1.000   
666.665   0.000   553.330   0.000   0.000   0.000   1.000   
666.665   0.000   551.995   0.000   0.000   0.000   1.000   
666.665   0.000   550.665   0.000   0.000   0.000   1.000   
666.665   0.000   550.665   0.000   0.000   0.000   1.000   
666.665   0.000   549.330   0.000   0.000   0.000   1.000   
666.665   0.000   547.995   0.000   0.000   0.000   1.000   
666.665   0.000   546.665   0.000   0.000   0.000   1.000   
666.665   0.000   545.330   0.000   0.000   0.000   1.000   
666.665   0.000   544.000   0.000   0.000   0.000   1.000   
666.665   0.000   542.665   0.000   0.000   0.000   1.000   
666.665   0.000   541.330   0.000   0.000   0.000   1.000   
666.665   0.000   540.000   0.000   0.000   0.000   1.000   
666.665   0.000   538.665   0.000   0.000   0.000   1.000   
666.665   0.000   537.330   0.000   0.000   0.000   1.000   
666.665   0.000   536.000   0.000   0.000   0.000   1.000   
666.665   0.000   534.665   0.000   0.000   0.000   1.000   
666.665   0.000   533.330   0.000   0.000   0.000   1.000   
666.665   0.000   532.000   0.000   0.000   0.000   1.000   
666.665   0.000   530.665   0.000   0.000   0.000   1.000   
666.665   0.000   529.330   0.000   0.000   0.000   1.000   
666.665   0.000   528.000   0.000   0.000   0.000   1.000   
666.665   0.000   526.665   0.000   0.000   0.000   1.000   
666.665   0.000   525.330   0.000   0.000   0.000   1.000   
666.665   0.000   523.995   0.000   0.000   0.000   1.000   
666.665   0.000   522.665   0.000   0.000   0.000   1.000   
666.665   0.000   521.330   0.000   0.000   0.000   1.000   
666.665   0.000   520.000   0.000   0.000   0.000   1.000   
666.665   0.000   518.665   0.000   0.000   0.000   1.000   
666.665   0.000   517.330   0.000   0.000   0.000   1.000   
666.665   0.000   516.000   0.000   0.000   0.000   1.000   
666.665   0.000   514.665   0.000   0.000   0.000   1.000   
666.665   0.000   513.330   0.000   0.000   0.000   1.000   
666.665   0.000   512.000   0.000   0.000   0.000   1.000   
666.665   0.000   510.665   0.000   0.000   0.000   1.000   
666.665   0.000   509.330   0.000   0.000   0.000   1.000   
666.665   0.000   508.000   0.000   0.000   0.000   1.000   
666.665   0.000   506.665   0.000   0.000   0.000   1.000   
666.665   0.000   505.335   0.000   0.000   0.000   1.000   
666.665   0.000   504.000   0.000   0.000   0.000   1.000   
666.665   0.000   502.665   0.000   0.000   0.000   1.000   
666.665   0.000   501.330   0.000   0.000   0.000   1.000   
666.665   0.000   500.000   0.000   0.000   0.000   1.000   
666.665   0.000   498.665   0.000   0.000   0.000   1.000   
666.665   0.000   497.330   0.000   0.000   0.000   1.000   
666.665   0.000   496.000   0.000   0.000   0.000   1.000   
666.665   0.000   496.000   0.000   0.000   0.000   1.000   
666.665   0.000   494.665   0.000   0.000   0.000   1.000   
666.665   0.000   493.330   0.000   0.000   0.000   1.000   
666.665   0.000   491.995   0.000   0.000   0.000   1.000   
666.665   0.000   490.665   0.000   0.000   0.000   1.000   
666.665   0.000   489.330   0.000   0.000   0.000   1.000   
666.665   0.000   488.000   0.000   0.000   0.000   1.000   
666.665   0.000   486.665   0.000   0.000   0.000   1.000   
666.665   0.000   485.335   0.000   0.000   0.000   1.000   
666.665   0.000   484.000   0.000   0.000   0.000   1.000   
666.665   0.000   482.665   0.000   0.000   0.000   1.000   
666.665   0.000   481.330   0.000   0.000   0.000   1.000   
666.665   0.000   480.000   0.000   0.000   0.000   1.000   
666.665   0.000   478.665   0.000   0.000   0.000   1.000   
666.665   0.000   477.330   0.000   0.000   0.000   1.000   
666.665   0.000   476.000   0.000   0.000   0.000   1.000   
666.665   0.000   474.665   0.000   0.000   0.000   1.000   
666.665   0.000   473.330   0.000   0.000   0.000   1.000   
666.665   0.000   471.995   0.000   0.000   0.000   1.000   
666.665   0.000   470.665   0.000   0.000   0.000   1.000   
666.665   0.000   469.330   0.000   0.000   0.000   1.000   
666.665   0.000   468.000   0.000   0.000   0.000   1.000   
666.665   0.000   466.665   0.000   0.000   0.000   1.000   
666.665   0.000   465.335   0.000   0.000   0.000   1.000   
666.665   0.000   464.000   0.000   0.000   0.000   1.000   
666.665   0.000   462.665   0.000   0.000   0.000   1.000   
666.665   0.000   461.330   0.000   0.000   0.000   1.000   
666.665   0.000   460.000   0.000   0.000   0.000   1.000   
666.665   0.000   458.665   0.000   0.000   0.000   1.000   
666.665   0.000   457.330   0.000   0.000   0.000   1.000   
666.665   0.000   456.000   0.000   0.000   0.000   1.000   
666.665   0.000   454.665   0.000   0.000   0.000   1.000   
666.665   0.000   453.330   0.000   0.000   0.000   1.000   
666.665   0.000   452.000   0.000   0.000   0.000   1.000   
666.665   0.000   450.665   0.000   0.000   0.000   1.000   
666.665   0.000   449.330   0.000   0.000   0.000   1.000   
666.665   0.000   448.000   0.000   0.000   0.000   1.000   
666.665   0.000   446.665   0.000   0.000   0.000   1.000   
666.665   0.000   445.335   0.000   0.000   0.000   1.000   
666.665   0.000   444.000   0.000   0.000   0.000   1.000   
666.665   0.000   442.665   0.000   0.000   0.000   1.000   
666.665   0.000   441.330   0.000   0.000   0.000   1.000   
666.665   0.000   440.000   0.000   0.000   0.000   1.000   
666.665   0.000   440.000   0.000   0.000   0.000   1.000   
666.665   0.000   438.665   0.000   0.000   0.000   1.000   
666.665   0.000   437.330   0.000   0.000   0.000   1.000   
666.665   0.000   436.000   0.000   0.000   0.000   1.000   
666.665   0.000   434.665   0.000   0.000   0.000   1.000   
666.665   0.000   433.330   0.000   0.000   0.000   1.000   
666.665   0.000   432.000   0.000   0.000   0.000   1.000   
666.665   0.000   430.665   0.000   0.000   0.000   1.000   
666.665   0.000   429.330   0.000   0.000   0.000   1.000   
666.665   0.000   428.000   0.000   0.000   0.000   1.000   
666.665   0.000   426.665   0.000   0.000   0.000   1.000   
666.665   0.000   425.335   0.000   0.000   0.000   1.000   
666.665   0.000   424.000   0.000   0.000   0.000   1.000   
666.665   0.000   422.665   0.000   0.000   0.000   1.000   
666.665   0.000   421.330   0.000   0.000   0.000   1.000   
666.665   0.000   420.000   0.000   0.000   0.000   1.000   
666.665   0.000   418.665   0.000   0.000   0.000   1.000   
666.665   0.000   417.330   0.000   0.000   0.000   1.000   
666.665   0.000   416.000   0.000   0.000   0.000   1.000   
666.665   0.000   414.665   0.000   0.000   0.000   1.000   
666.665   0.000   413.330   0.000   0.000   0.000   1.000   
666.665   0.000   411.995   0.000   0.000   0.000   1.000   
666.665   0.000   410.665   0.000   0.000   0.000   1.000   
666.665   0.000   409.330   0.000   0.000   0.000   1.000   
666.665   0.000   408.000   0.000   0.000   0.000   1.000   
666.665   0.000   406.665   0.000   0.000   0.000   1.000   
666.665   0.000   405.335   0.000   0.000   0.000   1.000   
666.665   0.000   404.000   0.000   0.000   0.000   1.000   
666.665   0.000   402.665   0.000   0.000   0.000   1.000   
666.665   0.000   401.330   0.000   0.000   0.000   1.000   
666.665   0.000   400.000   0.000   0.000   0.000   1.000   
666.665   0.000   398.665   0.000   0.000   0.000   1.000   
666.665   0.000   397.330   0.000   0.000   0.000   1.000   
666.665   0.000   396.000   0.000   0.000   0.000   1.000   
666.665   0.000   394.665   0.000   0.000   0.000   1.000   
666.665   0.000   393.330   0.000   0.000   0.000   1.000   
666.665   0.000   392.000   0.000   0.000   0.000   1.000   
666.665   0.000   390.665   0.000   0.000   0.000   1.000   
666.665   0.000   389.335   0.000   0.000   0.000   1.000   
666.665   0.000   388.000   0.000   0.000   0.000   1.000   
666.665   0.000   386.665   0.000   0.000   0.000   1.000   
666.665   0.000   385.335   0.000   0.000   0.000   1.000   
666.665   0.000   385.335   0.000   0.000   0.000   1.000   
666.665   0.000   384.000   0.000   0.000   0.000   1.000   
666.665   0.000   382.665   0.000   0.000   0.000   1.000   
666.665   0.000   381.330   0.000   0.000   0.000   1.000   
666.665   0.000   380.000   0.000   0.000   0.000   1.000   
666.665   0.000   378.665   0.000   0.000   0.000   1.000   
666.665   0.000   377.330   0.000   0.000   0.000   1.000   
666.665   0.000   376.000   0.000   0.000   0.000   1.000   
666.665   0.000   374.665   0.000   0.000   0.000   1.000   
666.665   0.000   373.330   0.000   0.000   0.000   1.000   
666.665   0.000   371.995   0.000   0.000   0.000   1.000   
666.665   0.000   370.665   0.000   0.000   0.000   1.000   
666.665   0.000   369.330   0.000   0.000   0.000   1.000   
666.665   0.000   368.000   0.000   0.000   0.000   1.000   
666.665   0.000   366.665   0.000   0.000   0.000   1.000   
666.665   0.000   365.330   0.000   0.000   0.000   1.000   
666.665   0.000   364.000   0.000   0.000   0.000   1.000   
666.665   0.000   362.665   0.000   0.000   0.000   1.000   
666.665   0.000   361.330   0.000   0.000   0.000   1.000   
666.665   0.000   360.000   0.000   0.000   0.000   1.000   
666.665   0.000   358.665   0.000   0.000   0.000   1.000   
666.665   0.000   357.330   0.000   0.000   0.000   1.000   
666.665   0.000   356.000   0.000   0.000   0.000   1.000   
666.665   0.000   354.665   0.000   0.000   0.000   1.000   
666.665   0.000   353.330   0.000   0.000   0.000   1.000   
666.665   0.000   352.000   0.000   0.000   0.000   1.000   
666.665   0.000   350.665   0.000   0.000   0.000   1.000   
666.665   0.000   349.330   0.000   0.000   0.000   1.000   
666.665   0.000   347.995   0.000   0.000   0.000   1.000   
666.665   0.000   346.665   0.000   0.000   0.000   1.000   
666.665   0.000   345.330   0.000   0.000   0.000   1.000   
666.665   0.000   344.000   0.000   0.000   0.000   1.000   
666.665   0.000   342.665   0.000   0.000   0.000   1.000   
666.665   0.000   341.330   0.000   0.000   0.000   1.000   
666.665   0.000   340.000   0.000   0.000   0.000   1.000   
666.665   0.000   338.665   0.000   0.000   0.000   1.000   
666.665   0.000   337.330   0.000   0.000   0.000   1.000   
666.665   0.000   336.000   0.000   0.000   0.000   1.000   
666.665   0.000   334.665   0.000   0.000   0.000   1.000   
666.665   0.000   333.330   0.000   0.000   0.000   1.000   
666.665   0.000   332.000   0.000   0.000   0.000   1.000   
666.665   0.000   330.665   0.000   0.000   0.000   1.000   
666.665   0.000   329.330   0.000   0.000   0.000   1.000   
666.665   0.000   329.330   0.000   0.000   0.000   1.000   
666.665   0.000   328.000   0.000   0.000   0.000   1.000   
666.665   0.000   326.665   0.000   0.000   0.000   1.000   
666.665   0.000   325.330   0.000   0.000   0.000   1.000   
666.665   0.000   324.000   0.000   0.000   0.000   1.000   
666.665   0.000   322.665   0.000   0.000   0.000   1.000   
666.665   0.000   321.335   0.000   0.000   0.000   1.000   
666.665   0.000   320.000   0.000   0.000   0.000   1.000   
666.665   0.000   318.665   0.000   0.000   0.000   1.000   
666.665   0.000   317.330   0.000   0.000   0.000   1.000   
666.665   0.000   316.000   0.000   0.000   0.000   1.000   
666.665   0.000   314.665   0.000   0.000   0.000   1.000   
666.665   0.000   313.330   0.000   0.000   0.000   1.000   
666.665   0.000   312.000   0.000   0.000   0.000   1.000   
666.665   0.000   310.665   0.000   0.000   0.000   1.000   
666.665   0.000   309.330   0.000   0.000   0.000   1.000   
666.665   0.000   307.995   0.000   0.000   0.000   1.000   
666.665   0.000   306.665   0.000   0.000   0.000   1.000   
666.665   0.000   305.330   0.000   0.000   0.000   1.000   
666.665   0.000   304.000   0.000   0.000   0.000   1.000   
666.665   0.000   302.665   0.000   0.000   0.000   1.000   
666.665   0.000   301.330   0.000   0.000   0.000   1.000   
666.665   0.000   300.000   0.000   0.000   0.000   1.000   
666.665   0.000   298.665   0.000   0.000   0.000   1.000   
666.665   0.000   297.330   0.000   0.000   0.000   1.000   
666.665   0.000   296.000   0.000   0.000   0.000   1.000   
666.665   0.000   294.665   0.000   0.000   0.000   1.000   
666.665   0.000   293.330   0.000   0.000   0.000   1.000   
666.665   0.000   292.000   0.000   0.000   0.000   1.000   
666.665   0.000   290.665   0.000   0.000   0.000   1.000   
666.665   0.000   289.330   0.000   0.000   0.000   1.000   
666.665   0.000   287.995   0.000   0.000   0.000   1.000   
666.665   0.000   286.665   0.000   0.000   0.000   1.000   
666.665   0.000   285.330   0.000   0.000   0.000   1.000   
666.665   0.000   284.000   0.000   0.000   0.000   1.000   
666.665   0.000   282.665   0.000   0.000   0.000   1.000   
666.665   0.000   281.330   0.000   0.000   0.000   1.000   
666.665   0.000   280.000   0.000   0.000   0.000   1.000   
666.665   0.000   278.665   0.000   0.000   0.000   1.000   
666.665   0.000   277.330   0.000   0.000   0.000   1.000   
666.665   0.000   276.000   0.000   0.000   0.000   1.000   
666.665   0.000   274.665   0.000   0.000   0.000   1.000   
666.665   0.000   273.330   0.000   0.000   0.000   1.000   
666.665   0.000   273.330   0.000   0.000   0.000   1.000   
666.665   0.000   271.995   0.000   0.000   0.000   1.000   
666.665   0.000   270.665   0.000   0.000   0.000   1.000   
666.665   0.000   269.330   0.000   0.000   0.000   1.000   
666.665   0.000   268.000   0.000   0.000   0.000   1.000   
666.665   0.000   266.665   0.000   0.000   0.000   1.000   
666.665   0.000   265.335   0.000   0.000   0.000   1.000   
666.665   0.000   264.000   0.000   0.000   0.000   1.000   
666.665   0.000   262.665   0.000   0.000   0.000   1.000   
666.665   0.000   261.330   0.000   0.000   0.000   1.000   
666.665   0.000   260.000   0.000   0.000   0.000   1.000   
666.665   0.000   258.665   0.000   0.000   0.000   1.000   
666.665   0.000   257.330   0.000   0.000   0.000   1.000   
666.665   0.000   256.000   0.000   0.000   0.000   1.000   
666.665   0.000   254.665   0.000   0.000   0.000   1.000   
666.665   0.000   253.330   0.000   0.000   0.000   1.000   
666.665   0.000   252.000   0.000   0.000   0.000   1.000   
666.665   0.000   250.665   0.000   0.000   0.000   1.000   
666.665   0.000   249.330   0.000   0.000   0.000   1.000   
666.665   0.000   247.995   0.000   0.000   0.000   1.000   
666.665   0.000   246.665   0.000   0.000   0.000   1.000   
666.665   0.000   245.330   0.000   0.000   0.000   1.000   
666.665   0.000   244.000   0.000   0.000   0.000   1.000   
666.665   0.000   242.665   0.000   0.000   0.000   1.000   
666.665   0.000   241.330   0.000   0.000   0.000   1.000   
666.665   0.000   240.000   0.000   0.000   0.000   1.000   
666.665   0.000   238.665   0.000   0.000   0.000   1.000   
666.665   0.000   237.330   0.000   0.000   0.000   1.000   
666.665   0.000   236.000   0.000   0.000   0.000   1.000   
666.665   0.000   234.665   0.000   0.000   0.000   1.000   
666.665   0.000   233.330   0.000   0.000   0.000   1.000   
666.665   0.000   232.000   0.000   0.000   0.000   1.000   
666.665   0.000   230.665   0.000   0.000   0.000   1.000   
666.665   0.000   229.330   0.000   0.000   0.000   1.000   
666.665   0.000   228.000   0.000   0.000   0.000   1.000   
666.665   0.000   226.665   0.000   0.000   0.000   1.000   
666.665   0.000   225.335   0.000   0.000   0.000   1.000   
666.665   0.000   224.000   0.000   0.000   0.000   1.000   
666.665   0.000   222.665   0.000   0.000   0.000   1.000   
666.665   0.000   221.330   0.000   0.000   0.000   1.000   
666.665   0.000   220.000   0.000   0.000   0.000   1.000   
666.665   0.000   218.665   0.000   0.000   0.000   1.000   
666.665   0.000   218.665   0.000   0.000   0.000   1.000   
666.665   0.000   217.330   0.000   0.000   0.000   1.000   
666.665   0.000   216.000   0.000   0.000   0.000   1.000   
666.665   0.000   214.665   0.000   0.000   0.000   1.000   
666.665   0.000   213.330   0.000   0.000   0.000   1.000   
666.665   0.000   212.000   0.000   0.000   0.000   1.000   
666.665   0.000   210.665   0.000   0.000   0.000   1.000   
666.665   0.000   209.335   0.000   0.000   0.000   1.000   
666.665   0.000   208.000   0.000   0.000   0.000   1.000   
666.665   0.000   206.665   0.000   0.000   0.000   1.000   
666.665   0.000   205.335   0.000   0.000   0.000   1.000   
666.665   0.000   204.000   0.000   0.000   0.000   1.000   
666.665   0.000   202.665   0.000   0.000   0.000   1.000   
666.665   0.000   201.330   0.000   0.000   0.000   1.000   
666.665   0.000   200.000   0.000   0.000   0.000   1.000   
666.665   0.000   198.665   0.000   0.000   0.000   1.000   
666.665   0.000   197.330   0.000   0.000   0.000   1.000   
666.665   0.000   196.000   0.000   0.000   0.000   1.000   
666.665   0.000   194.665   0.000   0.000   0.000   1.000   
666.665   0.000   193.330   0.000   0.000   0.000   1.000   
666.665   0.000   192.000   0.000   0.000   0.000   1.000   
666.665   0.000   190.665   0.000   0.000   0.000   1.000   
666.665   0.000   189.330   0.000   0.000   0.000   1.000   
666.665   0.000   188.000   0.000   0.000   0.000   1.000   
666.665   0.000   186.665   0.000   0.000   0.000   1.000   
666.665   0.000   185.335   0.000   0.000   0.000   1.000   
666.665   0.000   184.000   0.000   0.000   0.000   1.000   
666.665   0.000   182.665   0.000   0.000   0.000   1.000   
666.665   0.000   181.330   0.000   0.000   0.000   1.000   
666.665   0.000   180.000   0.000   0.000   0.000   1.000   
666.665   0.000   178.665   0.000   0.000   0.000   1.000   
666.665   0.000   177.330   0.000   0.000   0.000   1.000   
666.665   0.000   176.000   0.000   0.000   0.000   1.000   
666.665   0.000   174.665   0.000   0.000   0.000   1.000   
666.665   0.000   173.330   0.000   0.000   0.000   1.000   
666.665   0.000   172.000   0.000   0.000   0.000   1.000   
666.665   0.000   170.665   0.000   0.000   0.000   1.000   
666.665   0.000   169.330   0.000   0.000   0.000   1.000   
666.665   0.000   168.000   0.000   0.000   0.000   1.000   
666.665   0.000   166.665   0.000   0.000   0.000   1.000   
666.665   0.000   165.335   0.000   0.000   0.000   1.000   
666.665   0.000   164.000   0.000   0.000   0.000   1.000   
666.665   0.000   162.665   0.000   0.000   0.000   1.000   
666.665   0.000   161.330   0.000   0.000   0.000   1.000   
666.665   0.000   161.330   0.000   0.000   0.000   1.000   
666.665   0.000   160.000   0.000   0.000   0.000   1.000   
666.665   0.000   158.665   0.000   0.000   0.000   1.000   
666.665   0.000   157.330   0.000   0.000   0.000   1.000   
666.665   0.000   156.000   0.000   0.000   0.000   1.000   
666.665   0.000   154.665   0.000   0.000   0.000   1.000   
666.665   0.000   153.330   0.000   0.000   0.000   1.000   
666.665   0.000   152.000   0.000   0.000   0.000   1.000   
666.665   0.000   150.665   0.000   0.000   0.000   1.000   
665.865   0.000   149.330   0.000   0.000   0.000   1.000   
664.275   0.000   148.000   0.000   0.000   0.000   1.000   
661.885   0.000   146.665   0.000   0.000   0.000   1.000   
658.705   0.000   145.335   0.000   0.000   0.000   1.000   
654.725   0.000   144.000   0.000   0.000   0.000   1.000   
650.745   0.000   142.665   0.000   0.000   0.000   1.000   
645.965   0.000   141.330   0.000   0.000   0.000   1.000   
640.395   0.000   140.000   0.000   0.000   0.000   1.000   
634.025   0.000   138.665   0.000   0.000   0.000   1.000   
626.865   0.000   137.335   0.000   0.000   0.000   1.000   
618.905   0.000   136.010   0.000   0.000   0.000   1.000   
610.145   0.000   134.685   0.000   0.000   0.000   1.000   
600.595   0.000   133.365   0.000   0.000   0.000   1.000   
590.245   0.000   132.055   0.000   0.000   0.000   1.000   
579.105   0.000   130.755   0.000   0.000   0.000   1.000   
567.165   0.000   129.465   0.000   0.000   0.000   1.000   
554.425   0.000   128.180   0.000   0.000   0.000   1.000   
540.895   0.000   126.915   0.000   0.000   0.000   1.000   
526.565   0.000   125.665   0.000   0.000   0.000   1.000   
511.445   0.000   124.425   0.000   0.000   0.000   1.000   
495.525   0.000   123.205   0.000   0.000   0.000   1.000   
478.805   0.000   122.005   0.000   0.000   0.000   1.000   
461.295   0.000   120.825   0.000   0.000   0.000   1.000   
442.985   0.000   119.670   0.000   0.000   0.000   1.000   
423.885   0.000   118.535   0.000   0.000   0.000   1.000   
404.780   0.000   117.430   0.000   0.000   0.000   1.000   
385.675   0.000   116.350   0.000   0.000   0.000   1.000   
366.570   0.000   115.300   0.000   0.000   0.000   1.000   
347.465   0.000   114.280   0.000   0.000   0.000   1.000   
328.365   0.000   113.290   0.000   0.000   0.000   1.000   
328.365   0.000   112.335   0.000   0.000   0.000   1.000   
308.465   0.000   111.415   0.000   0.000   0.000   1.000   
288.565   0.000   110.535   0.000   0.000   0.000   1.000   
268.665   0.000   109.690   0.000   0.000   0.000   1.000   
249.160   0.000   109.690   0.000   0.000   0.000   1.000   
229.830   0.000   108.880   0.000   0.000   0.000   1.000   
211.125   0.000   108.115   0.000   0.000   0.000   1.000   
193.215   0.000   107.385   0.000   0.000   0.000   1.000   
176.100   0.000   106.700   0.000   0.000   0.000   1.000   
159.780   0.000   106.050   0.000   0.000   0.000   1.000   
144.260   0.000   105.435   0.000   0.000   0.000   1.000   
129.530   0.000   104.865   0.000   0.000   0.000   1.000   
115.600   0.000   104.330   0.000   0.000   0.000   1.000   
102.465   0.000   103.835   0.000   0.000   0.000   1.000   
90.130   0.000   103.380   0.000   0.000   0.000   1.000   
78.585   0.000   102.960   0.000   0.000   0.000   1.000   
67.840   0.000   102.580   0.000   0.000   0.000   1.000   
57.890   0.000   102.235   0.000   0.000   0.000   1.000   
48.735   0.000   101.920   0.000   0.000   0.000   1.000   
40.375   0.000   101.640   0.000   0.000   0.000   1.000   
32.815   0.000   101.385   0.000   0.000   0.000   1.000   
26.045   0.000   101.160   0.000   0.000   0.000   1.000   
20.075   0.000   100.960   0.000   0.000   0.000   1.000   
14.900   0.000   100.785   0.000   0.000   0.000   1.000   
10.520   0.000   100.630   0.000   0.000   0.000   1.000   
6.940   0.000   100.500   0.000   0.000   0.000   1.000   
4.155   0.000   100.385   0.000   0.000   0.000   1.000   
0.000   0.000   100.290   0.000   0.000   0.000   1.000   
0.000   0.000   100.215   0.000   0.000   0.000   1.000   
0.000   0.000   100.155   0.000   0.000   0.000   1.000   
0.000   0.000   100.105   0.000   0.000   0.000   1.000   
0.000   0.000   100.065   0.000   0.000   0.000   1.000   
0.000   0.000   100.040   0.000   0.000   0.000   1.000   
0.000   0.000   100.020   0.000   0.000   0.000   1.000   
0.000   0.000   100.010   0.000   0.000   0.000   1.000   
0.000   0.000   100.000   0.000   0.000   0.000   1.000   
0.000   0.000   100.000   0.000   0.000   0.000   1.000   
0.000   0.000   100.000   0.000   0.000   0.000   1.000   
0.000   0.000   100.000   0.000   0.000   0.000   1.000   
0.005   0.000   100.005   0.000   0.000   0.000   1.000   
0.010   0.000   100.005   0.000   0.000   0.000   1.000   
0.015   0.000   100.005   0.000   0.000   0.000   1.000   
0.015   0.000   100.005   0.000   0.000   0.000   1.000   
0.020   0.000   100.005   0.000   0.000   0.000   1.000   
0.025   0.000   100.005   0.000   0.000   0.000   1.000   
0.030   0.000   100.005   0.000   0.000   0.000   1.000   
0.035   0.000   100.005   0.000   0.000   0.000   1.000   
0.040   0.000   100.005   0.000   0.000   0.000   1.000   
0.045   0.000   100.005   0.000   0.000   0.000   1.000   
0.050   0.000   100.005   0.000   0.000   0.000   1.000   
0.055   0.000   100.005   0.000   0.000   0.000   1.000   
0.060   0.000   100.005   0.000   0.000   0.000   1.000   
0.065   0.000   100.005   0.000   0.000   0.000   1.000   
0.070   0.000   100.005   0.000   0.000   0.000   1.000   
0.075   0.000   100.005   0.000   0.000   0.000   1.000   
0.080   0.000   100.005   0.000   0.000   0.000   1.000   
0.085   0.000   100.005   0.000   0.000   0.000   1.000   
0.090   0.000   100.005   0.000   0.000   0.000   1.000   
0.095   0.000   100.005   0.000   0.000   0.000   1.000   
0.100   0.000   100.005   0.000   0.000   0.000   1.000   
0.105   0.000   100.005   0.000   0.000   0.000   1.000   
0.110   0.000   100.005   0.000   0.000   0.000   1.000   
0.110   0.000   100.005   0.000   0.000   0.000   1.000   
0.105   0.000   100.005   0.000   0.000   0.000   1.000   
0.100   0.000   100.005   0.000   0.000   0.000   1.000   
0.095   0.000   100.005   0.000   0.000   0.000   1.000   
0.090   0.000   100.005   0.000   0.000   0.000   1.000   
0.085   0.000   100.005   0.000   0.000   0.000   1.000   
0.080   0.000   100.005   0.000   0.000   0.000   1.000   
0.075   0.000   100.005   0.000   0.000   0.000   1.000   
0.070   0.000   100.005   0.000   0.000   0.000   1.000   
0.065   0.000   100.005   0.000   0.000   0.000   1.000   
0.060   0.000   100.005   0.000   0.000   0.000   1.000   
0.055   0.000   100.005   0.000   0.000   0.000   1.000   
0.050   0.000   100.005   0.000   0.000   0.000   1.000   
0.045   0.000   100.005   0.000   0.000   0.000   1.000   
0.045   0.000   100.005   0.000   0.000   0.000   1.000   
0.040   0.000   100.005   0.000   0.000   0.000   1.000   
0.035   0.000   100.005   0.000   0.000   0.000   1.000   
0.030   0.000   100.005   0.000   0.000   0.000   1.000   
0.025   0.000   100.005   0.000   0.000   0.000   1.000   
0.020   0.000   100.005   0.000   0.000   0.000   1.000   
0.015   0.000   100.005   0.000   0.000   0.000   1.000   
0.015   0.000   100.005   0.000   0.000   0.000   1.000   
0.010   0.000   100.005   0.000   0.000   0.000   1.000   
0.005   0.000   100.005   0.000   0.000   0.000   1.000   
0.005   0.000   100.005   0.000   0.000   0.000   1.000   
0.005   0.000   100.005   0.000   0.000   0.000   1.000   
0.005   0.000   100.005   0.000   0.000   0.000   1.000   
0.000   0.000   100.005   0.000   0.000   0.000   1.000   
0.000   0.000   100.005   0.000   0.000   0.000   1.000   
0.000   0.000   100.005   0.000   0.000   0.000   1.000   
0.000   0.000   100.005   0.000   0.000   0.000   1.000   
0.000   0.000   100.005   0.000   0.000   0.000   1.000   
0.000   0.000   100.005   0.000   0.000   0.000   1.000   
0.000   0.000   100.005   0.000   0.000   0.000   1.000   
0.000   0.000   100.005   0.000   0.000   0.000   1.000   
0.000   0.000   100.005   0.000   0.000   0.000   1.000   
0.000   0.000   100.005   0.000   0.000   0.000   1.000   
0.000   0.000   100.005   0.000   0.000   0.000   1.000   
0.000   0.000   100.005   0.000   0.000   0.000   1.000   
0.000   0.000   100.005   0.000   0.000   0.000   1.000   
0.000   0.000   100.005   0.000   0.000   0.000   1.000   
666.665   0.000   100.005   0.000   0.000   0.000   1.000   
666.665   0.000   100.005   0.000   0.000   0.000   1.000   
0.000   0.000   100.005   0.000   0.000   0.000   1.000   
0.000   0.000   100.005   0.000   0.000   0.000   1.000   
0.000   0.000   100.005   0.000   0.000   0.000   1.000   
0.000   0.000   100.005   0.000   0.000   0.000   1.000   
0.000   0.000   100.005   0.000   0.000   0.000   1.000   
0.000   0.000   100.005   0.000   0.000   0.000   1.000   
0.000   0.000   100.005   0.000   0.000   0.000   1.000   
0.000   0.000   100.005   0.000   0.000   0.000   1.000   
0.000   0.000   100.005   0.000   0.000   0.000   1.000   
0.000   0.000   100.005   0.000   0.000   0.000   1.000   
0.000   0.000   100.005   0.000   0.000   0.000   1.000   
0.000   0.000   100.005   0.000   0.000   0.000   1.000   
0.000   0.000   100.005   0.000   0.000   0.000   1.000   
0.000   0.000   100.005   0.000   0.000   0.000   1.000   
0.000   0.000   100.005   0.000   0.000   0.000   1.000   
0.000   0.000   100.005   0.000   0.000   0.000   1.000   
666.665   0.000   100.005   0.000   0.000   0.000   1.000   
666.665   0.000   100.005   0.000   0.000   0.000   1.000   
666.665   0.000   100.005   0.000   0.000   0.000   1.000   
666.665   0.000   100.005   0.000   0.000   0.000   1.000   
666.665   0.000   100.005   0.000   0.000   0.000   1.000   
666.665   0.000   100.005   0.000   0.000   0.000   1.000   
666.665   0.000   100.005   0.000   0.000   0.000   1.000   
666.665   0.000   100.005   0.000   0.000   0.000   1.000   
666.665   0.000   100.005   0.000   0.000   0.000   1.000   
666.665   0.000   100.005   0.000   0.000   0.000   1.000   
666.665   0.000   100.005   0.000   0.000   0.000   1.000   
666.665   0.000   100.005   0.000   0.000   0.000   1.000   
666.665   0.000   100.005   0.000   0.000   0.000   1.000   
666.665   0.000   100.005   0.000   0.000   0.000   1.000   
666.665   0.000   100.005   0.000   0.000   0.000   1.000   
666.665   0.000   100.005   0.000   0.000   0.000   1.000   
666.665   0.000   100.005   0.000   0.000   0.000   1.000   
666.665   0.000   100.005   0.000   0.000   0.000   1.000   
666.665   0.000   100.005   0.000   0.000   0.000   1.000   
666.665   0.000   100.005   0.000   0.000   0.000   1.000   
666.665   0.000   100.005   0.000   0.000   0.000   1.000   
666.665   0.000   100.005   0.000   0.000   0.000   1.000   
666.665   0.000   100.005   0.000   0.000   0.000   1.000   
666.665   0.000   100.005   0.000   0.000   0.000   1.000   
666.665   0.000   100.005   0.000   0.000   0.000   1.000   
666.665   0.000   100.005   0.000   0.000   0.000   1.000   
666.665   0.000   100.005   0.000   0.000   0.000   1.000   
666.665   0.000   100.005   0.000   0.000   0.000   1.000   
666.665   0.000   100.005   0.000   0.000   0.000   1.000   
666.665   0.000   100.005   0.000   0.000   0.000   1.000   
666.665   0.000   100.005   0.000   0.000   0.000   1.000   
666.665   0.000   100.005   0.000   0.000   0.000   1.000   
666.665   0.000   100.005   0.000   0.000   0.000   1.000   
666.665   0.000   100.005   0.000   0.000   0.000   1.000   
666.665   0.000   100.005   0.000   0.000   0.000   1.000   
666.665   0.000   100.005   0.000   0.000   0.000   1.000   
666.665   0.000   100.005   0.000   0.000   0.000   1.000   
666.665   0.000   100.005   0.000   0.000   0.000   1.000   
666.665   0.000   100.005   0.000   0.000   0.000   1.000   
666.665   0.000   100.005   0.000   0.000   0.000   1.000   
666.665   0.000   100.005   0.000   0.000   0.000   1.000   
666.665   0.000   100.005   0.000   0.000   0.000   1.000   
666.665   0.000   100.005   0.000   0.000   0.000   1.000   
666.665   0.000   100.005   0.000   0.000   0.000   1.000   
0.000   0.000   100.005   0.000   0.000   0.000   1.000   
0.000   0.000   100.005   0.000   0.000   0.000   1.000   
0.000   0.000   100.005   0.000   0.000   0.000   1.000   
0.000   0.000   100.005   0.000   0.000   0.000   1.000   
0.000   0.000   100.005   0.000   0.000   0.000   1.000   
0.000   0.000   100.005   0.000   0.000   0.000   1.000   
0.000   0.000   100.005   0.000   0.000   0.000   1.000   
0.000   0.000   100.005   0.000   0.000   0.000   1.000   
0.000   0.000   100.005   0.000   0.000   0.000   1.000   
0.000   0.000   100.005   0.000   0.000   0.000   1.000   
0.000   0.000   100.005   0.000   0.000   0.000   1.000   
0.000   0.000   100.005   0.000   0.000   0.000   1.000   
0.000   0.000   100.005   0.000   0.000   0.000   1.000   
0.000   0.000   100.005   0.000   0.000   0.000   1.000   
0.000   0.000   100.005   0.000   0.000   0.000   1.000   
0.000   0.000   100.005   0.000   0.000   0.000   1.000   
0.000   0.000   100.005   0.000   0.000   0.000   1.000   
0.000   0.000   100.000   0.000   0.000   0.000   1.000   
0.000   0.000   99.985   0.000   0.000   0.000   1.000   
0.000   0.000   99.960   0.000   0.000   0.000   1.000   
0.000   0.000   99.920   0.000   0.000   0.000   1.000   
0.000   0.000   99.855   0.000   0.000   0.000   1.000   
0.000   0.000   99.775   0.000   0.000   0.000   1.000   
0.000   0.000   99.675   0.000   0.000   0.000   1.000   
0.000   0.000   99.550   0.000   0.000   0.000   1.000   
0.000   0.000   99.405   0.000   0.000   0.000   1.000   
0.000   0.000   99.235   0.000   0.000   0.000   1.000   
0.000   0.000   99.040   0.000   0.000   0.000   1.000   
0.000   0.000   98.830   0.000   0.000   0.000   1.000   
0.000   0.000   98.595   0.000   0.000   0.000   1.000   
0.000   0.000   98.345   0.000   0.000   0.000   1.000   
0.000   0.000   98.075   0.000   0.000   0.000   1.000   
0.000   0.000   97.795   0.000   0.000   0.000   1.000   
0.000   0.000   97.515   0.000   0.000   0.000   1.000   
0.000   0.000   97.235   0.000   0.000   0.000   1.000   
0.000   0.000   96.955   0.000   0.000   0.000   1.000   
0.000   0.000   96.685   0.000   0.000   0.000   1.000   
0.000   0.000   96.415   0.000   0.000   0.000   1.000   
0.000   0.000   96.150   0.000   0.000   0.000   1.000   
0.000   0.000   95.880   0.000   0.000   0.000   1.000   
0.000   0.000   95.615   0.000   0.000   0.000   1.000   
0.000   0.000   95.350   0.000   0.000   0.000   1.000   
0.000   0.000   95.080   0.000   0.000   0.000   1.000   
0.000   0.000   94.815   0.000   0.000   0.000   1.000   
0.000   0.000   94.550   0.000   0.000   0.000   1.000   
0.000   0.000   94.285   0.000   0.000   0.000   1.000   
0.000   0.000   94.020   0.000   0.000   0.000   1.000   
0.000   0.000   93.750   0.000   0.000   0.000   1.000   
0.000   0.000   93.485   0.000   0.000   0.000   1.000   
0.000   0.000   93.220   0.000   0.000   0.000   1.000   
0.000   0.000   92.950   0.000   0.000   0.000   1.000   
0.000   0.000   92.685   0.000   0.000   0.000   1.000   
0.000   0.000   92.685   0.000   0.000   0.000   1.000   
0.000   0.000   92.420   0.000   0.000   0.000   1.000   
0.000   0.000   92.150   0.000   0.000   0.000   1.000   
0.000   0.000   91.885   0.000   0.000   0.000   1.000   
0.000   0.000   91.615   0.000   0.000   0.000   1.000   
0.000   0.000   91.350   0.000   0.000   2.000   1.000   
0.000   0.000   91.080   0.000   0.000   2.000   1.000   
0.000   0.000   90.815   0.000   0.000   2.000   1.000   
0.000   0.000   90.545   0.000   0.000   2.000   1.000   
0.000   0.000   90.280   0.000   0.000   2.000   1.000   
0.000   0.000   90.015   0.000   0.000   2.000   1.000   
0.000   0.000   89.745   0.000   0.000   2.000   1.000   
0.000   0.000   89.480   0.000   0.000   2.000   1.000   
0.000   0.000   89.220   0.000   0.000   2.000   1.000   
0.000   0.000   88.970   0.000   0.000   2.000   1.000   
0.000   0.000   88.730   0.000   0.000   2.000   1.000   
0.000   0.000   88.505   0.000   0.000   2.000   1.000   
0.000   0.000   88.300   0.000   0.000   2.000   1.000   
0.000   0.000   88.120   0.000   0.000   2.000   1.000   
0.000   0.000   87.965   0.000   0.000   2.000   1.000   
0.000   0.000   87.825   0.000   0.000   2.000   1.000   
0.000   0.000   87.690   0.000   0.000   2.000   1.000   
0.000   0.000   87.570   0.000   0.000   2.000   1.000   
0.000   0.000   87.445   0.000   0.000   2.000   1.000   
0.000   0.000   87.320   0.000   0.000   2.000   1.000   
0.000   0.000   87.190   0.000   0.000   2.000   1.000   
0.000   0.000   87.055   0.000   0.000   2.000   1.000   
0.000   0.000   86.925   0.000   0.000   2.000   1.000   
0.000   0.000   86.790   0.000   0.000   2.000   1.000   
0.000   0.000   86.655   0.000   0.000   2.000   1.000   
0.000   0.000   86.520   0.000   0.000   2.000   1.000   
0.000   0.000   86.390   0.000   0.000   2.000   1.000   
0.000   0.000   86.255   0.000   0.000   2.000   1.000   
0.000   0.000   86.120   0.000   0.000   2.000   1.000   
0.000   0.000   85.990   0.000   0.000   2.000   1.000   
0.000   0.000   85.855   0.000   0.000   2.000   1.000   
0.000   0.000   85.720   0.000   0.000   2.000   1.000   
0.000   0.000   85.590   0.000   0.000   2.000   1.000   
0.000   0.000   85.455   0.000   0.000   2.000   1.000   
0.000   0.000   85.320   0.000   0.000   2.000   1.000   
0.000   0.000   85.185   0.000   0.000   2.000   1.000   
0.000   0.000   85.055   0.000   0.000   2.000   1.000   
0.000   0.000   84.920   0.000   0.000   2.000   1.000   
0.000   0.000   84.920   0.000   0.000   2.000   1.000   
0.000   0.000   84.785   0.000   0.000   2.000   1.000   
0.000   0.000   84.650   0.000   0.000   2.000   1.000   
0.000   0.000   84.520   0.000   0.000   2.000   1.000   
0.000   0.000   84.385   0.000   0.000   2.000   1.000   
0.000   0.000   84.255   0.000   0.000   2.000   1.000   
0.000   0.000   84.120   0.000   0.000   2.000   1.000   
0.000   0.000   83.985   0.000   0.000   2.000   1.000   
0.000   0.000   83.855   0.000   0.000   2.000   1.000   
0.000   0.000   83.720   0.000   0.000   2.000   1.000   
0.000   0.000   83.590   0.000   0.000   2.000   1.000   
0.000   0.000   83.455   0.000   0.000   2.000   1.000   
0.000   0.000   83.320   0.000   0.000   2.000   1.000   
0.000   0.000   83.185   0.000   0.000   2.000   1.000   
0.000   0.000   83.055   0.000   0.000   2.000   1.000   
0.000   0.000   82.920   0.000   0.000   2.000   1.000   
0.000   0.000   82.790   0.000   0.000   2.000   1.000   
0.000   0.000   82.655   0.000   0.000   2.000   1.000   
0.000   0.000   82.520   0.000   0.000   2.000   1.000   
0.000   0.000   82.390   0.000   0.000   2.000   1.000   
0.000   0.000   82.255   0.000   0.000   2.000   1.000   
0.000   0.000   82.120   0.000   0.000   2.000   1.000   
0.000   0.000   81.985   0.000   0.000   2.000   1.000   
0.000   0.000   81.855   0.000   0.000   2.000   1.000   
0.000   0.000   81.720   0.000   0.000   2.000   1.000   
0.000   0.000   81.585   0.000   0.000   2.000   1.000   
0.000   0.000   81.455   0.000   0.000   2.000   1.000   
0.000   0.000   81.320   0.000   0.000   2.000   1.000   
0.000   0.000   81.190   0.000   0.000   2.000   1.000   
0.000   0.000   81.055   0.000   0.000   2.000   1.000   
0.000   0.000   80.920   0.000   0.000   2.000   1.000   
0.000   0.000   80.790   0.000   0.000   2.000   1.000   
0.000   0.000   80.655   0.000   0.000   2.000   1.000   
0.000   0.000   80.520   0.000   0.000   2.000   1.000   
0.000   0.000   80.390   0.000   0.000   2.000   1.000   
0.000   0.000   80.255   0.000   0.000   2.000   1.000   
0.000   0.000   80.120   0.000   0.000   2.000   1.000   
0.000   0.000   79.985   0.000   0.000   2.000   1.000   
0.000   0.000   79.855   0.000   0.000   2.000   1.000   
0.000   0.000   79.720   0.000   0.000   2.000   1.000   
0.000   0.000   79.585   0.000   0.000   2.000   1.000   
0.000   0.000   79.455   0.000   0.000   2.000   1.000   
0.000   0.000   79.320   0.000   0.000   2.000   1.000   
0.000   0.000   79.320   0.000   0.000   2.000   1.000   
0.000   0.000   79.185   0.000   0.000   2.000   1.000   
0.000   0.000   79.050   0.000   0.000   2.000   1.000   
0.000   0.000   78.920   0.000   0.000   2.000   1.000   
0.000   0.000   78.785   0.000   0.000   2.000   1.000   
0.000   0.000   78.655   0.000   0.000   2.000   1.000   
0.000   0.000   78.520   0.000   0.000   2.000   1.000   
0.000   0.000   78.385   0.000   0.000   2.000   1.000   
0.000   0.000   78.255   0.000   0.000   2.000   1.000   
0.000   0.000   78.120   0.000   0.000   2.000   1.000   
0.000   0.000   77.990   0.000   0.000   2.000   1.000   
0.000   0.000   77.855   0.000   0.000   2.000   1.000   
0.000   0.000   77.720   0.000   0.000   2.000   1.000   
0.000   0.000   77.590   0.000   0.000   2.000   1.000   
0.000   0.000   77.455   0.000   0.000   2.000   1.000   
0.000   0.000   77.320   0.000   0.000   2.000   1.000   
0.000   0.000   77.190   0.000   0.000   2.000   1.000   
0.000   0.000   77.055   0.000   0.000   2.000   1.000   
0.000   0.000   76.920   0.000   0.000   2.000   1.000   
0.000   0.000   76.785   0.000   0.000   2.000   1.000   
0.000   0.000   76.655   0.000   0.000   2.000   1.000   
0.000   0.000   76.520   0.000   0.000   2.000   1.000   
0.000   0.000   76.390   0.000   0.000   2.000   1.000   
0.000   0.000   76.255   0.000   0.000   2.000   1.000   
0.000   0.000   76.120   0.000   0.000   2.000   1.000   
0.000   0.000   75.990   0.000   0.000   2.000   1.000   
0.000   0.000   75.855   0.000   0.000   2.000   1.000   
0.000   0.000   75.720   0.000   0.000   2.000   1.000   
0.000   0.000   75.585   0.000   0.000   2.000   1.000   
0.000   0.000   75.455   0.000   0.000   2.000   1.000   
0.000   0.000   75.320   0.000   0.000   2.000   1.000   
0.000   0.000   75.185   0.000   0.000   2.000   1.000   
0.000   0.000   75.055   0.000   0.000   2.000   1.000   
0.000   0.000   74.920   0.000   0.000   2.000   1.000   
0.000   0.000   74.790   0.000   0.000   2.000   1.000   
0.000   0.000   74.655   0.000   0.000   2.000   1.000   
0.000   0.000   74.520   0.000   0.000   2.000   1.000   
0.000   0.000   74.385   0.000   0.000   2.000   1.000   
0.000   0.000   74.255   0.000   0.000   2.000   1.000   
0.000   0.000   74.120   0.000   0.000   2.000   1.000   
0.000   0.000   73.985   0.000   0.000   2.000   1.000   
0.000   0.000   73.850   0.000   0.000   2.000   1.000   
0.000   0.000   73.720   0.000   0.000   2.000   1.000   
0.000   0.000   73.585   0.000   0.000   2.000   1.000   
0.000   0.000   73.585   0.000   0.000   2.000   1.000   
0.000   0.000   73.455   0.000   0.000   2.000   1.000   
0.000   0.000   73.320   0.000   0.000   2.000   1.000   
0.000   0.000   73.185   0.000   0.000   2.000   1.000   
0.000   0.000   73.055   0.000   0.000   2.000   1.000   
0.000   0.000   72.920   0.000   0.000   2.000   1.000   
0.000   0.000   72.790   0.000   0.000   2.000   1.000   
0.000   0.000   72.655   0.000   0.000   2.000   1.000   
0.000   0.000   72.520   0.000   0.000   2.000   1.000   
0.000   0.000   72.390   0.000   0.000   2.000   1.000   
0.000   0.000   72.255   0.000   0.000   2.000   1.000   
0.000   0.000   72.120   0.000   0.000   2.000   1.000   
0.000   0.000   71.990   0.000   0.000   2.000   1.000   
0.000   0.000   71.855   0.000   0.000   2.000   1.000   
0.000   0.000   71.720   0.000   0.000   2.000   1.000   
0.000   0.000   71.590   0.000   0.000   2.000   1.000   
0.000   0.000   71.455   0.000   0.000   2.000   1.000   
0.000   0.000   71.320   0.000   0.000   2.000   1.000   
0.000   0.000   71.190   0.000   0.000   2.000   1.000   
0.000   0.000   71.055   0.000   0.000   2.000   1.000   
0.000   0.000   70.920   0.000   0.000   2.000   1.000   
0.000   0.000   70.785   0.000   0.000   2.000   1.000   
0.000   0.000   70.655   0.000   0.000   2.000   1.000   
0.000   0.000   70.520   0.000   0.000   2.000   1.000   
0.000   0.000   70.385   0.000   0.000   2.000   1.000   
0.000   0.000   70.255   0.000   0.000   2.000   1.000   
0.000   0.000   70.120   0.000   0.000   2.000   1.000   
0.000   0.000   69.985   0.000   0.000   2.000   1.000   
0.000   0.000   69.855   0.000   0.000   2.000   1.000   
0.000   0.000   69.720   0.000   0.000   2.000   1.000   
0.000   0.000   69.585   0.000   0.000   2.000   1.000   
0.000   0.000   69.455   0.000   0.000   2.000   1.000   
0.000   0.000   69.320   0.000   0.000   2.000   1.000   
0.000   0.000   69.185   0.000   0.000   2.000   1.000   
0.000   0.000   69.055   0.000   0.000   2.000   1.000   
0.000   0.000   68.920   0.000   0.000   2.000   1.000   
0.000   0.000   68.785   0.000   0.000   2.000   1.000   
0.000   0.000   68.655   0.000   0.000   2.000   1.000   
0.000   0.000   68.520   0.000   0.000   2.000   1.000   
0.000   0.000   68.385   0.000   0.000   2.000   1.000   
0.000   0.000   68.255   0.000   0.000   2.000   1.000   
0.000   0.000   68.120   0.000   0.000   2.000   1.000   
0.000   0.000   68.120   0.000   0.000   2.000   1.000   
0.000   0.000   67.985   0.000   0.000   2.000   1.000   
0.000   0.000   67.855   0.000   0.000   2.000   1.000   
0.000   0.000   67.720   0.000   0.000   2.000   1.000   
0.000   0.000   67.585   0.000   0.000   2.000   1.000   
0.000   0.000   67.455   0.000   0.000   2.000   1.000   
0.000   0.000   67.320   0.000   0.000   2.000   1.000   
0.000   0.000   67.190   0.000   0.000   2.000   1.000   
0.000   0.000   67.055   0.000   0.000   2.000   1.000   
0.000   0.000   66.920   0.000   0.000   2.000   1.000   
0.000   0.000   66.790   0.000   0.000   2.000   1.000   
0.000   0.000   66.655   0.000   0.000   2.000   1.000   
0.000   0.000   66.520   0.000   0.000   2.000   1.000   
0.000   0.000   66.390   0.000   0.000   2.000   1.000   
0.000   0.000   66.255   0.000   0.000   2.000   1.000   
0.000   0.000   66.120   0.000   0.000   2.000   1.000   
0.000   0.000   65.990   0.000   0.000   2.000   1.000   
0.000   0.000   65.855   0.000   0.000   2.000   1.000   
0.000   0.000   65.720   0.000   0.000   2.000   1.000   
0.000   0.000   65.585   0.000   0.000   2.000   1.000   
0.000   0.000   65.455   0.000   0.000   2.000   1.000   
0.000   0.000   65.320   0.000   0.000   2.000   1.000   
0.000   0.000   65.185   0.000   0.000   2.000   1.000   
0.000   0.000   65.055   0.000   0.000   2.000   1.000   
0.000   0.000   64.920   0.000   0.000   2.000   1.000   
0.000   0.000   64.785   0.000   0.000   2.000   1.000   
0.000   0.000   64.655   0.000   0.000   2.000   1.000   
0.000   0.000   64.520   0.000   0.000   2.000   1.000   
0.000   0.000   64.385   0.000   0.000   2.000   1.000   
0.000   0.000   64.255   0.000   0.000   2.000   1.000   
0.000   0.000   64.120   0.000   0.000   2.000   1.000   
0.000   0.000   63.985   0.000   0.000   2.000   1.000   
0.000   0.000   63.855   0.000   0.000   2.000   1.000   
0.000   0.000   63.720   0.000   0.000   2.000   1.000   
0.000   0.000   63.585   0.000   0.000   2.000   1.000   
0.000   0.000   63.455   0.000   0.000   2.000   1.000   
0.000   0.000   63.320   0.000   0.000   2.000   1.000   
0.000   0.000   63.185   0.000   0.000   2.000   1.000   
0.000   0.000   63.055   0.000   0.000   2.000   1.000   
0.000   0.000   62.920   0.000   0.000   2.000   1.000   
0.000   0.000   62.785   0.000   0.000   2.000   1.000   
0.000   0.000   62.655   0.000   0.000   2.000   1.000   
0.000   0.000   62.520   0.000   0.000   2.000   1.000   
0.000   0.000   62.520   0.000   0.000   2.000   1.000   
0.000   0.000   62.390   0.000   0.000   2.000   1.000   
0.000   0.000   62.255   0.000   0.000   2.000   1.000   
0.000   0.000   62.120   0.000   0.000   2.000   1.000   
0.000   0.000   61.990   0.000   0.000   2.000   1.000   
0.000   0.000   61.855   0.000   0.000   2.000   1.000   
0.000   0.000   61.720   0.000   0.000   2.000   1.000   
0.000   0.000   61.590   0.000   0.000   2.000   1.000   
0.000   0.000   61.455   0.000   0.000   2.000   1.000   
0.000   0.000   61.320   0.000   0.000   2.000   1.000   
0.000   0.000   61.190   0.000   0.000   2.000   1.000   
0.000   0.000   61.055   0.000   0.000   2.000   1.000   
0.000   0.000   60.920   0.000   0.000   2.000   1.000   
0.000   0.000   60.790   0.000   0.000   2.000   1.000   
0.000   0.000   60.655   0.000   0.000   2.000   1.000   
0.000   0.000   60.520   0.000   0.000   2.000   1.000   
0.000   0.000   60.385   0.000   0.000   2.000   1.000   
0.000   0.000   60.255   0.000   0.000   2.000   1.000   
0.000   0.000   60.120   0.000   0.000   2.000   1.000   
0.000   0.000   59.985   0.000   0.000   2.000   1.000   
0.000   0.000   59.855   0.000   0.000   2.000   1.000   
0.000   0.000   59.720   0.000   0.000   2.000   1.000   
0.000   0.000   59.585   0.000   0.000   2.000   1.000   
0.000   0.000   59.455   0.000   0.000   2.000   1.000   
0.000   0.000   59.320   0.000   0.000   2.000   1.000   
0.000   0.000   59.185   0.000   0.000   2.000   1.000   
0.000   0.000   59.055   0.000   0.000   2.000   1.000   
0.000   0.000   58.920   0.000   0.000   2.000   1.000   
0.000   0.000   58.785   0.000   0.000   2.000   1.000   
0.000   0.000   58.655   0.000   0.000   2.000   1.000   
0.000   0.000   58.520   0.000   0.000   2.000   1.000   
0.000   0.000   58.385   0.000   0.000   2.000   1.000   
0.000   0.000   58.255   0.000   0.000   2.000   1.000   
0.000   0.000   58.120   0.000   0.000   2.000   1.000   
0.000   0.000   57.985   0.000   0.000   2.000   1.000   
0.000   0.000   57.855   0.000   0.000   2.000   1.000   
0.000   0.000   57.720   0.000   0.000   2.000   1.000   
0.000   0.000   57.590   0.000   0.000   2.000   1.000   
0.000   0.000   57.455   0.000   0.000   2.000   1.000   
0.000   0.000   57.320   0.000   0.000   2.000   1.000   
0.000   0.000   57.190   0.000   0.000   2.000   1.000   
0.000   0.000   57.055   0.000   0.000   2.000   1.000   
0.000   0.000   57.055   0.000   0.000   2.000   1.000   
0.000   0.000   56.920   0.000   0.000   2.000   1.000   
0.000   0.000   56.790   0.000   0.000   2.000   1.000   
0.000   0.000   56.655   0.000   0.000   2.000   1.000   
0.000   0.000   56.520   0.000   0.000   2.000   1.000   
0.000   0.000   56.390   0.000   0.000   2.000   1.000   
0.000   0.000   56.255   0.000   0.000   2.000   1.000   
0.000   0.000   56.120   0.000   0.000   2.000   1.000   
0.000   0.000   55.990   0.000   0.000   2.000   1.000   
0.000   0.000   55.855   0.000   0.000   2.000   1.000   
0.000   0.000   55.720   0.000   0.000   2.000   1.000   
0.000   0.000   55.585   0.000   0.000   2.000   1.000   
0.000   0.000   55.455   0.000   0.000   2.000   1.000   
0.000   0.000   55.320   0.000   0.000   2.000   1.000   
0.000   0.000   55.185   0.000   0.000   2.000   1.000   
0.000   0.000   55.055   0.000   0.000   2.000   1.000   
0.000   0.000   54.920   0.000   0.000   2.000   1.000   
0.000   0.000   54.785   0.000   0.000   2.000   1.000   
0.000   0.000   54.655   0.000   0.000   2.000   1.000   
0.000   0.000   54.520   0.000   0.000   2.000   1.000   
0.000   0.000   54.385   0.000   0.000   2.000   1.000   
0.000   0.000   54.255   0.000   0.000   2.000   1.000   
0.000   0.000   54.120   0.000   0.000   2.000   1.000   
0.000   0.000   53.985   0.000   0.000   2.000   1.000   
0.000   0.000   53.855   0.000   0.000   2.000   1.000   
0.000   0.000   53.720   0.000   0.000   2.000   1.000   
0.000   0.000   53.585   0.000   0.000   2.000   1.000   
0.000   0.000   53.455   0.000   0.000   2.000   1.000   
0.000   0.000   53.320   0.000   0.000   2.000   1.000   
0.000   0.000   53.185   0.000   0.000   2.000   1.000   
0.000   0.000   53.055   0.000   0.000   2.000   1.000   
0.000   0.000   52.920   0.000   0.000   2.000   1.000   
0.000   0.000   52.785   0.000   0.000   2.000   1.000   
0.000   0.000   52.655   0.000   0.000   2.000   1.000   
0.000   0.000   52.520   0.000   0.000   2.000   1.000   
0.000   0.000   52.390   0.000   0.000   2.000   1.000   
0.000   0.000   52.255   0.000   0.000   2.000   1.000   
0.000   0.000   52.120   0.000   0.000   2.000   1.000   
0.000   0.000   51.990   0.000   0.000   2.000   1.000   
0.000   0.000   51.855   0.000   0.000   2.000   1.000   
0.000   0.000   51.720   0.000   0.000   2.000   1.000   
0.000   0.000   51.590   0.000   0.000   2.000   1.000   
0.000   0.000   51.455   0.000   0.000   2.000   1.000   
0.000   0.000   51.455   0.000   0.000   2.000   1.000   
0.000   0.000   51.320   0.000   0.000   2.000   1.000   
0.000   0.000   51.190   0.000   0.000   2.000   1.000   
0.000   0.000   51.055   0.000   0.000   2.000   1.000   
0.000   0.000   50.920   0.000   0.000   2.000   1.000   
0.000   0.000   50.785   0.000   0.000   2.000   1.000   
0.000   0.000   50.655   0.000   0.000   2.000   1.000   
0.000   0.000   50.520   0.000   0.000   2.000   1.000   
0.000   0.000   50.385   0.000   0.000   2.000   1.000   
0.000   0.000   50.255   0.000   0.000   2.000   1.000   
0.000   0.000   50.120   0.000   0.000   2.000   1.000   
0.000   0.000   49.985   0.000   0.000   2.000   1.000   
0.000   0.000   49.855   0.000   0.000   2.000   1.000   
0.000   0.000   49.720   0.000   0.000   2.000   1.000   
0.000   0.000   49.585   0.000   0.000   2.000   1.000   
0.000   0.000   49.455   0.000   0.000   2.000   1.000   
0.000   0.000   49.320   0.000   0.000   2.000   1.000   
0.000   0.000   49.185   0.000   0.000   2.000   1.000   
0.000   0.000   49.055   0.000   0.000   2.000   1.000   
0.000   0.000   48.920   0.000   0.000   2.000   1.000   
0.000   0.000   48.785   0.000   0.000   2.000   1.000   
0.000   0.000   48.655   0.000   0.000   2.000   1.000   
0.000   0.000   48.520   0.000   0.000   2.000   1.000   
0.000   0.000   48.385   0.000   0.000   2.000   1.000   
0.000   0.000   48.255   0.000   0.000   2.000   1.000   
0.000   0.000   48.120   0.000   0.000   2.000   1.000   
0.000   0.000   47.985   0.000   0.000   2.000   1.000   
0.000   0.000   47.855   0.000   0.000   2.000   1.000   
0.000   0.000   47.720   0.000   0.000   2.000   1.000   
0.000   0.000   47.585   0.000   0.000   2.000   1.000   
0.000   0.000   47.455   0.000   0.000   2.000   1.000   
0.000   0.000   47.320   0.000   0.000   2.000   1.000   
0.000   0.000   47.190   0.000   0.000   2.000   1.000   
0.000   0.000   47.055   0.000   0.000   2.000   1.000   
0.000   0.000   46.920   0.000   0.000   2.000   1.000   
0.000   0.000   46.790   0.000   0.000   2.000   1.000   
0.000   0.000   46.655   0.000   0.000   2.000   1.000   
0.000   0.000   46.520   0.000   0.000   2.000   1.000   
0.000   0.000   46.390   0.000   0.000   2.000   1.000   
0.000   0.000   46.255   0.000   0.000   2.000   1.000   
0.000   0.000   46.120   0.000   0.000   2.000   1.000   
0.000   0.000   45.990   0.000   0.000   2.000   1.000   
0.000   0.000   45.990   0.000   0.000   2.000   1.000   
0.000   0.000   45.855   0.000   0.000   2.000   1.000   
0.000   0.000   45.720   0.000   0.000   2.000   1.000   
0.000   0.000   45.590   0.000   0.000   2.000   1.000   
0.000   0.000   45.455   0.000   0.000   2.000   1.000   
0.000   0.000   45.320   0.000   0.000   2.000   1.000   
0.000   0.000   45.185   0.000   0.000   2.000   1.000   
0.000   0.000   45.055   0.000   0.000   2.000   1.000   
0.000   0.000   44.920   0.000   0.000   2.000   1.000   
0.000   0.000   44.785   0.000   0.000   2.000   1.000   
0.000   0.000   44.655   0.000   0.000   2.000   1.000   
0.000   0.000   44.520   0.000   0.000   2.000   1.000   
0.000   0.000   44.385   0.000   0.000   2.000   1.000   
0.000   0.000   44.255   0.000   0.000   2.000   1.000   
0.000   0.000   44.120   0.000   0.000   2.000   1.000   
0.000   0.000   43.985   0.000   0.000   2.000   1.000   
0.000   0.000   43.855   0.000   0.000   2.000   1.000   
0.000   0.000   43.720   0.000   0.000   2.000   1.000   
0.000   0.000   43.585   0.000   0.000   2.000   1.000   
0.000   0.000   43.455   0.000   0.000   2.000   1.000   
0.000   0.000   43.320   0.000   0.000   2.000   1.000   
0.000   0.000   43.185   0.000   0.000   2.000   1.000   
0.000   0.000   43.055   0.000   0.000   2.000   1.000   
0.000   0.000   42.920   0.000   0.000   2.000   1.000   
0.000   0.000   42.785   0.000   0.000   2.000   1.000   
0.000   0.000   42.655   0.000   0.000   2.000   1.000   
0.000   0.000   42.520   0.000   0.000   2.000   1.000   
0.000   0.000   42.390   0.000   0.000   2.000   1.000   
0.000   0.000   42.255   0.000   0.000   2.000   1.000   
0.000   0.000   42.120   0.000   0.000   2.000   1.000   
0.000   0.000   41.990   0.000   0.000   2.000   1.000   
0.000   0.000   41.855   0.000   0.000   2.000   1.000   
0.000   0.000   41.720   0.000   0.000   2.000   1.000   
0.000   0.000   41.590   0.000   0.000   2.000   1.000   
0.000   0.000   41.455   0.000   0.000   2.000   1.000   
0.000   0.000   41.320   0.000   0.000   2.000   1.000   
0.000   0.000   41.190   0.000   0.000   2.000   1.000   
0.000   0.000   41.055   0.000   0.000   2.000   1.000   
0.000   0.000   40.920   0.000   0.000   2.000   1.000   
0.000   0.000   40.790   0.000   0.000   2.000   1.000   
0.000   0.000   40.655   0.000   0.000   2.000   1.000   
0.000   0.000   40.520   0.000   0.000   2.000   1.000   
0.000   0.000   40.390   0.000   0.000   2.000   1.000   
0.000   0.000   40.390   0.000   0.000   2.000   1.000   
0.000   0.000   40.255   0.000   0.000   2.000   1.000   
0.000   0.000   40.120   0.000   0.000   2.000   1.000   
0.000   0.000   39.985   0.000   0.000   2.000   1.000   
0.000   0.000   39.855   0.000   0.000   2.000   1.000   
0.000   0.000   39.720   0.000   0.000   2.000   1.000   
0.000   0.000   39.585   0.000   0.000   2.000   1.000   
0.000   0.000   39.455   0.000   0.000   2.000   1.000   
0.000   0.000   39.325   0.000   0.000   2.000   1.000   
0.000   0.000   39.205   0.000   0.000   2.000   1.000   
0.000   0.000   39.105   0.000   0.000   2.000   1.000   
0.000   0.000   39.040   0.000   0.000   2.000   1.000   
0.000   0.000   39.010   0.000   0.000   2.000   1.000   
0.000   0.000   39.015   0.000   0.000   2.000   1.000   
0.000   0.000   39.060   0.000   0.000   2.000   1.000   
0.000   0.000   39.135   0.000   0.000   2.000   1.000   
0.000   0.000   39.235   0.000   0.000   2.000   1.000   
0.000   0.000   39.345   0.000   0.000   2.000   1.000   
0.000   0.000   39.470   0.000   0.000   2.000   1.000   
0.000   0.000   39.600   0.000   0.000   2.000   1.000   
0.000   0.000   39.735   0.000   0.000   2.000   1.000   
0.000   0.000   39.875   0.000   0.000   2.000   1.000   
0.000   0.000   40.015   0.000   0.000   2.000   1.000   
0.000   0.000   40.145   0.000   0.000   2.000   1.000   
0.000   0.000   40.270   0.000   0.000   2.000   1.000   
0.000   0.000   40.370   0.000   0.000   2.000   1.000   
0.000   0.000   40.440   0.000   0.000   2.000   1.000   
0.000   0.000   40.485   0.000   0.000   2.000   1.000   
0.000   0.000   40.495   0.000   0.000   2.000   1.000   
0.000   0.000   40.470   0.000   0.000   2.000   1.000   
0.000   0.000   40.420   0.000   0.000   2.000   1.000   
0.000   0.000   40.340   0.000   0.000   2.000   1.000   
0.000   0.000   40.240   0.000   0.000   2.000   1.000   
0.000   0.000   40.125   0.000   0.000   2.000   1.000   
0.000   0.000   39.990   0.000   0.000   2.000   1.000   
0.000   0.000   39.845   0.000   0.000   2.000   1.000   
0.000   0.000   39.695   0.000   0.000   2.000   1.000   
0.000   0.000   39.545   0.000   0.000   2.000   1.000   
0.000   0.000   39.400   0.000   0.000   2.000   1.000   
0.000   0.000   39.255   0.000   0.000   2.000   1.000   
0.000   0.000   39.120   0.000   0.000   2.000   1.000   
0.000   0.000   38.985   0.000   0.000   2.000   1.000   
0.000   0.000   38.860   0.000   0.000   2.000   1.000   
0.000   0.000   38.740   0.000   0.000   2.000   1.000   
0.000   0.000   38.740   0.000   0.000   2.000   1.000   
0.000   0.000   38.645   0.000   0.000   2.000   1.000   
0.000   0.000   38.580   0.000   0.000   2.000   1.000   
0.000   0.000   38.540   0.000   0.000   2.000   1.000   
0.000   0.000   38.530   0.000   0.000   2.000   1.000   
0.000   0.000   38.550   0.000   0.000   2.000   1.000   
0.000   0.000   38.600   0.000   0.000   2.000   1.000   
0.000   0.000   38.665   0.000   0.000   2.000   1.000   
0.000   0.000   38.745   0.000   0.000   2.000   1.000   
0.000   0.000   38.845   0.000   0.000   2.000   1.000   
0.000   0.000   38.960   0.000   0.000   2.000   1.000   
0.000   0.000   39.085   0.000   0.000   2.000   1.000   
0.000   0.000   39.220   0.000   0.000   2.000   1.000   
0.000   0.000   39.360   0.000   0.000   2.000   1.000   
0.000   0.000   39.505   0.000   0.000   2.000   1.000   
0.000   0.000   39.645   0.000   0.000   2.000   1.000   
0.000   0.000   39.780   0.000   0.000   2.000   1.000   
0.000   0.000   39.905   0.000   0.000   2.000   1.000   
0.000   0.000   40.020   0.000   0.000   2.000   1.000   
0.000   0.000   40.115   0.000   0.000   2.000   1.000   
0.000   0.000   40.185   0.000   0.000   2.000   1.000   
0.000   0.000   40.225   0.000   0.000   2.000   1.000   
0.000   0.000   40.230   0.000   0.000   2.000   1.000   
0.000   0.000   40.210   0.000   0.000   2.000   1.000   
0.000   0.000   40.160   0.000   0.000   2.000   1.000   
0.000   0.000   40.090   0.000   0.000   2.000   1.000   
0.000   0.000   40.000   0.000   0.000   2.000   1.000   
0.000   0.000   39.900   0.000   0.000   2.000   1.000   
0.000   0.000   39.780   0.000   0.000   2.000   1.000   
0.000   0.000   39.650   0.000   0.000   2.000   1.000   
0.000   0.000   39.515   0.000   0.000   2.000   1.000   
0.000   0.000   39.370   0.000   0.000   2.000   1.000   
0.000   0.000   39.230   0.000   0.000   2.000   1.000   
0.000   0.000   39.105   0.000   0.000   2.000   1.000   
0.000   0.000   39.005   0.000   0.000   2.000   1.000   
0.000   0.000   38.940   0.000   0.000   2.000   1.000   
0.000   0.000   38.900   0.000   0.000   2.000   1.000   
0.000   0.000   38.900   0.000   0.000   2.000   1.000   
0.000   0.000   38.920   0.000   0.000   2.000   1.000   
0.000   0.000   38.960   0.000   0.000   2.000   1.000   
0.000   0.000   39.010   0.000   0.000   2.000   1.000   
0.000   0.000   39.075   0.000   0.000   2.000   1.000   
0.000   0.000   39.150   0.000   0.000   2.000   1.000   
0.000   0.000   39.150   0.000   0.000   2.000   1.000   
0.000   0.000   39.245   0.000   0.000   2.000   1.000   
0.000   0.000   39.355   0.000   0.000   2.000   1.000   
0.000   0.000   39.485   0.000   0.000   2.000   1.000   
0.000   0.000   39.620   0.000   0.000   2.000   1.000   
0.000   0.000   39.765   0.000   0.000   2.000   1.000   
0.000   0.000   39.910   0.000   0.000   2.000   1.000   
0.000   0.000   40.050   0.000   0.000   2.000   1.000   
0.000   0.000   40.180   0.000   0.000   4.000   1.000   
0.000   0.000   40.285   0.000   0.000   4.000   1.000   
0.000   0.000   40.365   0.000   0.000   4.000   1.000   
0.000   0.000   40.420   0.000   0.000   4.000   1.000   
0.000   0.000   40.435   0.000   0.000   4.000   1.000   
0.000   0.000   40.420   0.000   0.000   4.000   1.000   
0.000   0.000   40.370   0.000   0.000   4.000   1.000   
0.000   0.000   40.295   0.000   0.000   4.000   1.000   
0.000   0.000   40.200   0.000   0.000   4.000   1.000   
0.000   0.000   40.110   0.000   0.000   4.000   1.000   
0.000   0.000   40.025   0.000   0.000   4.000   1.000   
0.000   0.000   39.955   0.000   0.000   4.000   1.000   
0.000   0.000   39.890   0.000   0.000   4.000   1.000   
0.000   0.000   39.830   0.000   0.000   4.000   1.000   
0.000   0.000   39.780   0.000   0.000   4.000   1.000   
0.000   0.000   39.735   0.000   0.000   4.000   1.000   
0.000   0.000   39.695   0.000   0.000   4.000   1.000   
0.000   0.000   39.660   0.000   0.000   4.000   1.000   
0.000   0.000   39.635   0.000   0.000   4.000   1.000   
0.000   0.000   39.625   0.000   0.000   4.000   1.000   
0.000   0.000   39.620   0.000   0.000   4.000   1.000   
0.000   0.000   39.625   0.000   0.000   4.000   1.000   
0.000   0.000   39.635   0.000   0.000   4.000   1.000   
0.000   0.000   39.645   0.000   0.000   4.000   1.000   
0.000   0.000   39.655   0.000   0.000   4.000   1.000   
0.000   0.000   39.670   0.000   0.000   4.000   1.000   
0.000   0.000   39.680   0.000   0.000   4.000   1.000   
0.000   0.000   39.690   0.000   0.000   4.000   1.000   
0.000   0.000   39.700   0.000   0.000   4.000   1.000   
0.000   0.000   39.705   0.000   0.000   4.000   1.000   
0.000   0.000   39.710   0.000   0.000   4.000   1.000   
0.000   0.000   39.710   0.000   0.000   4.000   1.000   
0.000   0.000   39.705   0.000   0.000   4.000   1.000   
0.000   0.000   39.705   0.000   0.000   4.000   1.000   
0.000   0.000   39.700   0.000   0.000   4.000   1.000   
0.000   0.000   39.695   0.000   0.000   4.000   1.000   
0.000   0.000   39.685   0.000   0.000   4.000   1.000   
0.000   0.000   39.670   0.000   0.000   4.000   1.000   
0.000   0.000   39.655   0.000   0.000   4.000   1.000   
0.000   0.000   39.635   0.000   0.000   4.000   1.000   
0.000   0.000   39.620   0.000   0.000   4.000   1.000   
0.000   0.000   39.605   0.000   0.000   4.000   1.000   
0.000   0.000   39.595   0.000   0.000   4.000   1.000   
0.000   0.000   39.585   0.000   0.000   4.000   1.000   
0.000   0.000   39.580   0.000   0.000   4.000   1.000   
0.000   0.000   39.580   0.000   0.000   4.000   1.000   
0.000   0.000   39.585   0.000   0.000   4.000   1.000   
0.000   0.000   39.585   0.000   0.000   4.000   1.000   
0.000   0.000   39.590   0.000   0.000   4.000   1.000   
0.000   0.000   39.595   0.000   0.000   4.000   1.000   
0.000   0.000   39.595   0.000   0.000   4.000   1.000   
0.000   0.000   39.595   0.000   0.000   4.000   1.000   
0.000   0.000   39.595   0.000   0.000   4.000   1.000   
0.000   0.000   39.595   0.000   0.000   4.000   1.000   
0.000   0.000   39.590   0.000   0.000   4.000   1.000   
0.000   0.000   39.585   0.000   0.000   4.000   1.000   
0.000   0.000   39.580   0.000   0.000   4.000   1.000   
0.000   0.000   39.575   0.000   0.000   6.000   1.000   
0.000   0.000   39.570   0.000   0.000   6.000   1.000   
0.000   0.000   39.560   0.000   0.000   6.000   1.000   
0.000   0.000   39.555   0.000   0.000   6.000   1.000   
0.000   0.000   39.555   0.000   0.000   6.000   1.000   
0.000   0.000   39.555   0.000   0.000   6.000   1.000   
0.000   0.000   39.555   0.000   0.000   6.000   1.000   
0.000   0.000   39.560   0.000   0.000   6.000   1.000   
0.000   0.000   39.560   0.000   0.000   6.000   1.000   
0.000   0.000   39.565   0.000   0.000   6.000   1.000   
0.000   0.000   39.565   0.000   0.000   6.000   1.000   
0.000   0.000   39.565   0.000   0.000   6.000   1.000   
0.000   0.000   39.565   0.000   0.000   6.000   1.000   
0.000   0.000   39.565   0.000   0.000   6.000   1.000   
0.000   0.000   39.560   0.000   0.000   6.000   1.000   
0.000   0.000   39.560   0.000   0.000   6.000   1.000   
0.000   0.000   39.560   0.000   0.000   6.000   1.000   
0.000   0.000   39.560   0.000   0.000   6.000   1.000   
0.000   0.000   39.560   0.000   0.000   6.000   1.000   
0.000   0.000   39.560   0.000   0.000   6.000   1.000   
0.000   0.000   39.560   0.000   0.000   6.000   1.000   
0.000   0.000   39.560   0.000   0.000   6.000   1.000   
0.000   0.000   39.560   0.000   0.000   6.000   1.000   
0.000   0.000   39.560   0.000   0.000   6.000   1.000   
0.000   0.000   39.560   0.000   0.000   6.000   1.000   
0.000   0.000   39.560   0.000   0.000   6.000   1.000   
0.000   0.000   39.560   0.000   0.000   6.000   1.000   
0.000   0.000   39.560   0.000   0.000   6.000   1.000   
0.000   0.000   39.560   0.000   0.000   6.000   1.000   
0.000   0.000   39.560   0.000   0.000   6.000   1.000   
0.000   0.000   39.560   0.000   0.000   6.000   1.000   
0.000   0.000   39.560   0.000   0.000   6.000   1.000   
0.000   0.000   39.560   0.000   0.000   6.000   1.000   
0.000   0.000   39.560   0.000   0.000   6.000   1.000   
0.000   0.000   39.560   0.000   0.000   6.000   1.000   
0.000   0.000   39.560   0.000   0.000   6.000   1.000   
0.000   0.000   39.560   0.000   0.000   6.000   1.000   
0.000   0.000   39.560   0.000   0.000   6.000   1.000   
0.000   0.000   39.560   0.000   0.000   6.000   1.000   
0.000   0.000   39.560   0.000   0.000   6.000   1.000   
0.000   0.000   39.560   0.000   0.000   6.000   1.000   
0.600   0.000   39.560   0.000   0.000   6.000   1.000   
1.200   0.000   39.560   0.000   0.000   6.000   1.000   
1.800   0.000   39.560   0.000   0.000   6.000   1.000   
2.400   0.000   39.560   0.000   0.000   6.000   1.000   
3.000   0.000   39.560   0.000   0.000   6.000   1.000   
3.600   0.000   39.560   0.000   0.000   6.000   1.000   
4.200   0.000   39.560   0.000   0.000   6.000   1.000   
4.800   0.000   39.560   0.000   0.000   6.000   1.000   
6.000   0.000   39.560   0.000   0.000   6.000   1.000   
6.600   0.000   39.560   0.000   0.000   6.000   1.000   
7.200   0.000   39.560   0.000   0.000   6.000   1.000   
7.800   0.000   39.560   0.000   0.000   6.000   1.000   
8.400   0.000   39.560   0.000   0.000   6.000   1.000   
9.000   0.000   39.560   0.000   0.000   6.000   1.000   
9.600   0.000   39.560   0.000   0.000   6.000   1.000   
10.200   0.000   39.560   0.000   0.000   6.000   1.000   
10.200   0.000   39.560   0.000   0.000   6.000   1.000   
10.800   0.000   39.560   0.000   0.000   6.000   1.000   
11.400   0.000   39.560   0.000   0.000   6.000   1.000   
12.000   0.000   39.560   0.000   0.000   6.000   1.000   
12.600   0.000   39.560   0.000   0.000   6.000   1.000   
13.200   0.000   39.560   0.000   0.000   6.000   1.000   
13.800   0.000   39.560   0.000   0.000   6.000   1.000   
14.400   0.000   39.560   0.000   0.000   6.000   1.000   
15.000   0.000   39.560   0.000   0.000   6.000   1.000   
15.600   0.000   39.565   0.000   0.000   6.000   1.000   
16.200   0.000   39.565   0.000   0.000   6.000   1.000   
16.800   0.000   39.565   0.000   0.000   6.000   1.000   
17.400   0.000   39.570   0.000   0.000   6.000   1.000   
18.000   0.000   39.570   0.000   0.000   6.000   1.000   
18.600   0.000   39.570   0.000   0.000   6.000   1.000   
19.200   0.000   39.570   0.000   0.000   6.000   1.000   
19.800   0.000   39.575   0.000   0.000   6.000   1.000   
20.400   0.000   39.575   0.000   0.000   6.000   1.000   
21.000   0.000   39.575   0.000   0.000   6.000   1.000   
21.600   0.000   39.575   0.000   0.000   6.000   1.000   
22.200   0.000   39.575   0.000   0.000   6.000   1.000   
22.800   0.000   39.575   0.000   0.000   6.000   1.000   
23.400   0.000   39.580   0.000   0.000   6.000   1.000   
24.000   0.000   39.580   0.000   0.000   6.000   1.000   
24.600   0.000   39.580   0.000   0.000   6.000   1.000   
25.200   0.000   39.580   0.000   0.000   6.000   1.000   
25.800   0.000   39.580   0.000   0.000   6.000   1.000   
26.400   0.000   39.580   0.000   0.000   6.000   1.000   
27.000   0.000   39.580   0.000   0.000   6.000   1.000   
27.600   0.000   39.580   0.000   0.000   6.000   1.000   
28.200   0.000   39.580   0.000   0.000   6.000   1.000   
28.800   0.000   39.580   0.000   0.000   6.000   1.000   
29.400   0.000   39.580   0.000   0.000   6.000   1.000   
30.000   0.000   39.580   0.000   0.000   6.000   1.000   
30.600   0.000   39.580   0.000   0.000   6.000   1.000   
31.200   0.000   39.580   0.000   0.000   6.000   1.000   
31.800   0.000   39.585   0.000   0.000   6.000   1.000   
32.400   0.000   39.585   0.000   0.000   6.000   1.000   
33.000   0.000   39.585   0.000   0.000   6.000   1.000   
33.600   0.000   39.585   0.000   0.000   6.000   1.000   
34.200   0.000   39.585   0.000   0.000   6.000   1.000   
34.800   0.000   39.585   0.000   0.000   6.000   1.000   
35.400   0.000   39.580   0.000   0.000   6.000   1.000   
35.400   0.000   39.580   0.000   0.000   6.000   1.000   
36.000   0.000   39.580   0.000   0.000   6.000   1.000   
36.600   0.000   39.580   0.000   0.000   6.000   1.000   
37.200   0.000   39.580   0.000   0.000   6.000   1.000   
37.800   0.000   39.580   0.000   0.000   6.000   1.000   
38.400   0.000   39.580   0.000   0.000   6.000   1.000   
39.000   0.000   39.580   0.000   0.000   6.000   1.000   
39.600   0.000   39.580   0.000   0.000   6.000   1.000   
40.200   0.000   39.580   0.000   0.000   6.000   1.000   
40.800   0.000   39.575   0.000   0.000   6.000   1.000   
41.400   0.000   39.575   0.000   0.000   6.000   1.000   
42.000   0.000   39.570   0.000   0.000   6.000   1.000   
42.600   0.000   39.570   0.000   0.000   6.000   1.000   
43.200   0.000   39.570   0.000   0.000   6.000   1.000   
43.800   0.000   39.570   0.000   0.000   6.000   1.000   
44.400   0.000   39.570   0.000   0.000   6.000   1.000   
45.000   0.000   39.565   0.000   0.000   6.000   1.000   
45.600   0.000   39.565   0.000   0.000   6.000   1.000   
46.200   0.000   39.565   0.000   0.000   6.000   1.000   
46.800   0.000   39.565   0.000   0.000   6.000   1.000   
47.400   0.000   39.560   0.000   0.000   6.000   1.000   
48.000   0.000   39.555   0.000   0.000   6.000   1.000   
48.600   0.000   39.555   0.000   0.000   6.000   1.000   
49.200   0.000   39.550   0.000   0.000   6.000   1.000   
49.800   0.000   39.545   0.000   0.000   6.000   1.000   
50.400   0.000   39.545   0.000   0.000   6.000   1.000   
51.000   0.000   39.540   0.000   0.000   6.000   1.000   
51.600   0.000   39.535   0.000   0.000   6.000   1.000   
52.200   0.000   39.530   0.000   0.000   6.000   1.000   
52.800   0.000   39.530   0.000   0.000   6.000   1.000   
53.400   0.000   39.525   0.000   0.000   6.000   1.000   
54.000   0.000   39.520   0.000   0.000   6.000   1.000   
54.600   0.000   39.520   0.000   0.000   6.000   1.000   
55.200   0.000   39.515   0.000   0.000   6.000   1.000   
55.800   0.000   39.515   0.000   0.000   6.000   1.000   
56.400   0.000   39.510   0.000   0.000   6.000   1.000   
57.000   0.000   39.505   0.000   0.000   6.000   1.000   
57.600   0.000   39.510   0.000   0.000   6.000   1.000   
58.200   0.000   39.530   0.000   0.000   6.000   1.000   
58.800   0.000   39.555   0.000   0.000   6.000   1.000   
59.400   0.000   39.600   0.000   0.000   6.000   1.000   
60.000   0.000   39.650   0.000   0.000   6.000   1.000   
60.600   0.000   39.705   0.000   0.000   6.000   1.000   
61.200   0.000   39.760   0.000   0.000   6.000   1.000   
61.200   0.000   39.815   0.000   0.000   6.000   1.000   
61.800   0.000   39.860   0.000   0.000   6.000   1.000   
62.400   0.000   39.900   0.000   0.000   6.000   1.000   
63.000   0.000   39.900   0.000   0.000   6.000   1.000   
63.600   0.000   39.940   0.000   0.000   6.000   1.000   
64.200   0.000   39.975   0.000   0.000   6.000   1.000   
64.800   0.000   40.010   0.000   0.000   6.000   1.000   
65.400   0.000   40.045   0.000   0.000   6.000   1.000   
66.000   0.000   40.080   0.000   0.000   6.000   1.000   
66.600   0.000   40.110   0.000   0.000   6.000   1.000   
67.200   0.000   40.145   0.000   0.000   6.000   1.000   
67.800   0.000   40.175   0.000   0.000   6.000   1.000   
68.400   0.000   40.200   0.000   0.000   6.000   1.000   
69.000   0.000   40.225   0.000   0.000   6.000   1.000   
69.600   0.000   40.250   0.000   0.000   6.000   1.000   
70.200   0.000   40.275   0.000   0.000   6.000   1.000   
70.800   0.000   40.295   0.000   0.000   6.000   1.000   
71.400   0.000   40.320   0.000   0.000   6.000   1.000   
72.000   0.000   40.345   0.000   0.000   6.000   1.000   
72.600   0.000   40.365   0.000   0.000   6.000   1.000   
73.200   0.000   40.385   0.000   0.000   6.000   1.000   
73.800   0.000   40.400   0.000   0.000   6.000   1.000   
74.400   0.000   40.420   0.000   0.000   6.000   1.000   
75.000   0.000   40.435   0.000   0.000   6.000   1.000   
75.600   0.000   40.450   0.000   0.000   6.000   1.000   
76.200   0.000   40.465   0.000   0.000   6.000   1.000   
76.800   0.000   40.480   0.000   0.000   6.000   1.000   
77.400   0.000   40.490   0.000   0.000   6.000   1.000   
78.000   0.000   40.500   0.000   0.000   6.000   1.000   
78.600   0.000   40.510   0.000   0.000   6.000   1.000   
79.200   0.000   40.520   0.000   0.000   6.000   1.000   
79.800   0.000   40.530   0.000   0.000   6.000   1.000   
80.400   0.000   40.535   0.000   0.000   6.000   1.000   
81.000   0.000   40.540   0.000   0.000   6.000   1.000   
81.600   0.000   40.545   0.000   0.000   6.000   1.000   
82.200   0.000   40.550   0.000   0.000   6.000   1.000   
82.800   0.000   40.550   0.000   0.000   6.000   1.000   
83.400   0.000   40.550   0.000   0.000   6.000   1.000   
84.000   0.000   40.550   0.000   0.000   6.000   1.000   
84.600   0.000   40.550   0.000   0.000   6.000   1.000   
85.200   0.000   40.550   0.000   0.000   6.000   1.000   
85.800   0.000   40.550   0.000   0.000   6.000   1.000   
86.400   0.000   40.545   0.000   0.000   6.000   1.000   
86.400   0.000   40.545   0.000   0.000   6.000   1.000   
87.000   0.000   40.540   0.000   0.000   6.000   1.000   
87.600   0.000   40.540   0.000   0.000   6.000   1.000   
88.200   0.000   40.530   0.000   0.000   6.000   1.000   
88.800   0.000   40.530   0.000   0.000   6.000   1.000   
89.400   0.000   40.520   0.000   0.000   6.000   1.000   
90.000   0.000   40.515   0.000   0.000   6.000   1.000   
90.600   0.000   40.505   0.000   0.000   6.000   1.000   
91.200   0.000   40.495   0.000   0.000   6.000   1.000   
91.800   0.000   40.485   0.000   0.000   6.000   1.000   
92.400   0.000   40.475   0.000   0.000   6.000   1.000   
93.000   0.000   40.465   0.000   0.000   6.000   1.000   
93.600   0.000   40.450   0.000   0.000   6.000   1.000   
94.200   0.000   40.435   0.000   0.000   6.000   1.000   
94.800   0.000   40.420   0.000   0.000   6.000   1.000   
95.400   0.000   40.405   0.000   0.000   6.000   1.000   
96.000   0.000   40.390   0.000   0.000   6.000   1.000   
96.600   0.000   40.370   0.000   0.000   6.000   1.000   
97.200   0.000   40.350   0.000   0.000   6.000   1.000   
97.800   0.000   40.330   0.000   0.000   6.000   1.000   
98.400   0.000   40.310   0.000   0.000   6.000   1.000   
99.000   0.000   40.290   0.000   0.000   6.000   1.000   
99.600   0.000   40.270   0.000   0.000   6.000   1.000   
100.200   0.000   40.245   0.000   0.000   6.000   1.000   
100.800   0.000   40.225   0.000   0.000   6.000   1.000   
101.400   0.000   40.200   0.000   0.000   6.000   1.000   
102.000   0.000   40.175   0.000   0.000   6.000   1.000   
102.600   0.000   40.150   0.000   0.000   6.000   1.000   
103.200   0.000   40.120   0.000   0.000   6.000   1.000   
103.800   0.000   40.095   0.000   0.000   6.000   1.000   
104.400   0.000   40.065   0.000   0.000   6.000   1.000   
105.000   0.000   40.035   0.000   0.000   6.000   1.000   
105.600   0.000   40.005   0.000   0.000   6.000   1.000   
106.200   0.000   39.975   0.000   0.000   6.000   1.000   
106.800   0.000   39.945   0.000   0.000   6.000   1.000   
107.400   0.000   39.910   0.000   0.000   6.000   1.000   
108.000   0.000   39.875   0.000   0.000   6.000   1.000   
108.600   0.000   39.840   0.000   0.000   6.000   1.000   
109.200   0.000   39.805   0.000   0.000   6.000   1.000   
109.800   0.000   39.765   0.000   0.000   6.000   1.000   
110.400   0.000   39.725   0.000   0.000   6.000   1.000   
111.000   0.000   39.685   0.000   0.000   6.000   1.000   
111.600   0.000   39.645   0.000   0.000   6.000   1.000   
111.600   0.000   39.605   0.000   0.000   6.000   1.000   
112.200   0.000   39.565   0.000   0.000   6.000   1.000   
112.800   0.000   39.565   0.000   0.000   6.000   1.000   
113.400   0.000   39.480   0.000   0.000   6.000   1.000   
114.000   0.000   39.480   0.000   0.000   6.000   1.000   
114.600   0.000   39.435   0.000   0.000   6.000   1.000   
115.200   0.000   39.390   0.000   0.000   6.000   1.000   
115.800   0.000   39.345   0.000   0.000   6.000   1.000   
116.400   0.000   39.295   0.000   0.000   6.000   1.000   
117.000   0.000   39.250   0.000   0.000   6.000   1.000   
117.600   0.000   39.200   0.000   0.000   6.000   1.000   
118.200   0.000   39.150   0.000   0.000   6.000   1.000   
118.800   0.000   39.100   0.000   0.000   6.000   1.000   
119.400   0.000   39.045   0.000   0.000   6.000   1.000   
120.000   0.000   38.995   0.000   0.000   6.000   1.000   
120.600   0.000   38.940   0.000   0.000   6.000   1.000   
121.200   0.000   38.885   0.000   0.000   6.000   1.000   
121.800   0.000   38.830   0.000   0.000   6.000   1.000   
122.400   0.000   38.770   0.000   0.000   6.000   1.000   
123.000   0.000   38.715   0.000   0.000   6.000   1.000   
123.600   0.000   38.655   0.000   0.000   6.000   1.000   
124.200   0.000   38.595   0.000   0.000   6.000   1.000   
124.800   0.000   38.535   0.000   0.000   6.000   1.000   
125.400   0.000   38.470   0.000   0.000   6.000   1.000   
126.000   0.000   38.410   0.000   0.000   6.000   1.000   
126.600   0.000   38.345   0.000   0.000   6.000   1.000   
127.200   0.000   38.275   0.000   0.000   6.000   1.000   
127.800   0.000   38.210   0.000   0.000   6.000   1.000   
128.400   0.000   38.140   0.000   0.000   6.000   1.000   
129.000   0.000   38.075   0.000   0.000   6.000   1.000   
129.600   0.000   38.005   0.000   0.000   6.000   1.000   
130.200   0.000   37.935   0.000   0.000   6.000   1.000   
130.800   0.000   37.860   0.000   0.000   6.000   1.000   
131.400   0.000   37.790   0.000   0.000   6.000   1.000   
132.000   0.000   37.715   0.000   0.000   6.000   1.000   
132.600   0.000   37.640   0.000   0.000   6.000   1.000   
133.200   0.000   37.565   0.000   0.000   6.000   1.000   
133.800   0.000   37.485   0.000   0.000   6.000   1.000   
134.400   0.000   37.405   0.000   0.000   6.000   1.000   
135.000   0.000   37.320   0.000   0.000   6.000   1.000   
135.600   0.000   37.240   0.000   0.000   6.000   1.000   
136.200   0.000   37.155   0.000   0.000   6.000   1.000   
136.200   0.000   37.070   0.000   0.000   6.000   1.000   
136.800   0.000   36.990   0.000   0.000   6.000   1.000   
137.400   0.000   36.930   0.000   0.000   6.000   1.000   
138.000   0.000   36.890   0.000   0.000   6.000   1.000   
138.600   0.000   36.880   0.000   0.000   6.000   1.000   
139.200   0.000   36.880   0.000   0.000   6.000   1.000   
139.800   0.000   36.885   0.000   0.000   6.000   1.000   
140.400   0.000   36.915   0.000   0.000   6.000   1.000   
141.000   0.000   36.950   0.000   0.000   6.000   1.000   
141.600   0.000   36.985   0.000   0.000   6.000   1.000   
142.200   0.000   37.015   0.000   0.000   6.000   1.000   
142.800   0.000   37.025   0.000   0.000   6.000   1.000   
143.400   0.000   37.030   0.000   0.000   6.000   1.000   
144.000   0.000   37.025   0.000   0.000   6.000   1.000   
144.600   0.000   37.020   0.000   0.000   6.000   1.000   
145.200   0.000   37.010   0.000   0.000   6.000   1.000   
145.800   0.000   36.995   0.000   0.000   6.000   1.000   
146.400   0.000   36.975   0.000   0.000   6.000   1.000   
147.000   0.000   36.955   0.000   0.000   6.000   1.000   
147.600   0.000   36.930   0.000   0.000   6.000   1.000   
148.200   0.000   36.900   0.000   0.000   6.000   1.000   
148.800   0.000   36.870   0.000   0.000   6.000   1.000   
149.400   0.000   36.830   0.000   0.000   6.000   1.000   
150.000   0.000   36.790   0.000   0.000   6.000   1.000   
150.600   0.000   36.750   0.000   0.000   6.000   1.000   
151.200   0.000   36.700   0.000   0.000   6.000   1.000   
151.800   0.000   36.650   0.000   0.000   6.000   1.000   
152.400   0.000   36.595   0.000   0.000   6.000   1.000   
153.000   0.000   36.540   0.000   0.000   6.000   1.000   
153.600   0.000   36.480   0.000   0.000   6.000   1.000   
154.200   0.000   36.420   0.000   0.000   6.000   1.000   
154.800   0.000   36.355   0.000   0.000   6.000   1.000   
155.400   0.000   36.290   0.000   0.000   6.000   1.000   
156.000   0.000   36.220   0.000   0.000   6.000   1.000   
156.600   0.000   36.145   0.000   0.000   6.000   1.000   
157.200   0.000   36.070   0.000   0.000   6.000   1.000   
157.800   0.000   35.990   0.000   0.000   6.000   1.000   
158.400   0.000   35.905   0.000   0.000   6.000   1.000   
159.000   0.000   35.815   0.000   0.000   6.000   1.000   
159.600   0.000   35.725   0.000   0.000   6.000   1.000   
160.200   0.000   35.630   0.000   0.000   6.000   1.000   
160.800   0.000   35.535   0.000   0.000   6.000   1.000   
160.800   0.000   35.435   0.000   0.000   6.000   1.000   
161.400   0.000   35.335   0.000   0.000   6.000   1.000   
162.000   0.000   35.230   0.000   0.000   6.000   1.000   
162.600   0.000   35.120   0.000   0.000   6.000   1.000   
163.200   0.000   35.010   0.000   0.000   6.000   1.000   
163.800   0.000   35.010   0.000   0.000   6.000   1.000   
164.400   0.000   34.895   0.000   0.000   6.000   1.000   
165.000   0.000   34.775   0.000   0.000   6.000   1.000   
165.600   0.000   34.655   0.000   0.000   6.000   1.000   
166.200   0.000   34.535   0.000   0.000   6.000   1.000   
166.800   0.000   34.410   0.000   0.000   6.000   1.000   
167.400   0.000   34.285   0.000   0.000   6.000   1.000   
168.000   0.000   34.155   0.000   0.000   6.000   1.000   
168.600   0.000   34.025   0.000   0.000   6.000   1.000   
169.200   0.000   33.890   0.000   0.000   6.000   1.000   
169.800   0.000   33.750   0.000   0.000   6.000   1.000   
170.400   0.000   33.610   0.000   0.000   6.000   1.000   
171.000   0.000   33.465   0.000   0.000   6.000   1.000   
171.600   0.000   33.320   0.000   0.000   6.000   1.000   
172.200   0.000   33.170   0.000   0.000   6.000   1.000   
172.800   0.000   33.020   0.000   0.000   6.000   1.000   
173.400   0.000   32.870   0.000   0.000   6.000   1.000   
174.000   0.000   32.715   0.000   0.000   6.000   1.000   
174.600   0.000   32.555   0.000   0.000   6.000   1.000   
175.200   0.000   32.390   0.000   0.000   6.000   1.000   
175.800   0.000   32.225   0.000   0.000   6.000   1.000   
176.400   0.000   32.060   0.000   0.000   6.000   1.000   
177.000   0.000   31.885   0.000   0.000   6.000   1.000   
177.600   0.000   31.715   0.000   0.000   6.000   1.000   
178.200   0.000   31.540   0.000   0.000   6.000   1.000   
178.800   0.000   31.360   0.000   0.000   6.000   1.000   
179.400   0.000   31.180   0.000   0.000   6.000   1.000   
180.000   0.000   30.995   0.000   0.000   6.000   1.000   
180.600   0.000   30.805   0.000   0.000   6.000   1.000   
181.200   0.000   30.615   0.000   0.000   6.000   1.000   
181.800   0.000   30.425   0.000   0.000   6.000   1.000   
182.400   0.000   30.230   0.000   0.000   6.000   1.000   
183.000   0.000   30.035   0.000   0.000   6.000   1.000   
183.600   0.000   29.840   0.000   0.000   6.000   1.000   
184.200   0.000   29.635   0.000   0.000   6.000   1.000   
184.800   0.000   29.430   0.000   0.000   6.000   1.000   
185.400   0.000   29.225   0.000   0.000   6.000   1.000   
186.000   0.000   29.015   0.000   0.000   6.000   1.000   
186.000   0.000   28.800   0.000   0.000   6.000   1.000   
187.200   0.000   28.580   0.000   0.000   6.000   1.000   
187.200   0.000   28.360   0.000   0.000   6.000   1.000   
187.800   0.000   28.140   0.000   0.000   6.000   1.000   
188.400   0.000   27.915   0.000   0.000   6.000   1.000   
189.000   0.000   27.915   0.000   0.000   6.000   1.000   
189.600   0.000   27.690   0.000   0.000   6.000   1.000   
190.200   0.000   27.460   0.000   0.000   6.000   1.000   
190.800   0.000   27.230   0.000   0.000   6.000   1.000   
191.400   0.000   26.995   0.000   0.000   6.000   1.000   
192.000   0.000   26.760   0.000   0.000   6.000   1.000   
192.600   0.000   26.520   0.000   0.000   6.000   1.000   
193.200   0.000   26.280   0.000   0.000   6.000   1.000   
193.800   0.000   26.040   0.000   0.000   6.000   1.000   
194.400   0.000   25.790   0.000   0.000   6.000   1.000   
195.000   0.000   25.545   0.000   0.000   6.000   1.000   
195.600   0.000   25.290   0.000   0.000   6.000   1.000   
196.200   0.000   25.035   0.000   0.000   6.000   1.000   
196.800   0.000   24.775   0.000   0.000   6.000   1.000   
197.400   0.000   24.515   0.000   0.000   6.000   1.000   
198.000   0.000   24.250   0.000   0.000   6.000   1.000   
198.600   0.000   23.985   0.000   0.000   6.000   1.000   
199.200   0.000   23.715   0.000   0.000   6.000   1.000   
199.800   0.000   23.445   0.000   0.000   6.000   1.000   
200.400   0.000   23.165   0.000   0.000   6.000   1.000   
201.000   0.000   22.890   0.000   0.000   6.000   1.000   
201.600   0.000   22.610   0.000   0.000   6.000   1.000   
202.200   0.000   22.330   0.000   0.000   6.000   1.000   
202.800   0.000   22.045   0.000   0.000   6.000   1.000   
203.005   0.000   21.755   0.000   0.000   6.000   1.000   
203.005   0.000   21.465   0.000   0.000   6.000   1.000   
203.005   0.000   21.165   0.000   0.000   6.000   1.000   
201.805   0.000   20.870   0.000   0.000   6.000   1.000   
200.605   0.000   20.570   0.000   0.000   6.000   1.000   
199.405   0.000   20.265   0.000   0.000   6.000   1.000   
198.205   0.000   19.960   0.000   0.000   6.000   1.000   
197.005   0.000   19.655   0.000   0.000   6.000   1.000   
195.805   0.000   19.340   0.000   0.000   6.000   1.000   
194.605   0.000   19.030   0.000   0.000   6.000   1.000   
193.405   0.000   18.710   0.000   0.000   6.000   1.000   
192.335   0.000   18.395   0.000   0.000   6.000   1.000   
192.335   0.000   18.075   0.000   0.000   6.000   1.000   
192.335   0.000   17.755   0.000   0.000   6.000   1.000   
192.335   0.000   17.435   0.000   0.000   6.000   1.000   
192.335   0.000   17.120   0.000   0.000   6.000   1.000   
192.335   0.000   16.800   0.000   0.000   6.000   1.000   
192.335   0.000   16.485   0.000   0.000   6.000   1.000   
192.335   0.000   16.485   0.000   0.000   6.000   1.000   
192.335   0.000   16.165   0.000   0.000   6.000   1.000   
192.335   0.000   15.850   0.000   0.000   6.000   1.000   
192.335   0.000   15.530   0.000   0.000   6.000   1.000   
192.335   0.000   15.210   0.000   0.000   6.000   1.000   
191.135   0.000   14.890   0.000   0.000   6.000   1.000   
189.935   0.000   14.570   0.000   0.000   6.000   1.000   
188.735   0.000   14.245   0.000   0.000   6.000   1.000   
187.535   0.000   13.925   0.000   0.000   6.000   1.000   
186.335   0.000   13.600   0.000   0.000   6.000   1.000   
185.135   0.000   13.275   0.000   0.000   6.000   1.000   
183.935   0.000   12.945   0.000   0.000   6.000   1.000   
182.735   0.000   12.620   0.000   0.000   6.000   1.000   
181.535   0.000   12.290   0.000   0.000   6.000   1.000   
181.035   0.000   11.955   0.000   0.000   6.000   1.000   
181.035   0.000   11.625   0.000   0.000   6.000   1.000   
181.035   0.000   11.290   0.000   0.000   6.000   1.000   
181.035   0.000   10.955   0.000   0.000   6.000   1.000   
181.035   0.000   10.625   0.000   0.000   6.000   1.000   
181.035   0.000   10.295   0.000   0.000   6.000   1.000   
181.035   0.000   9.965   0.000   0.000   6.000   1.000   
181.035   0.000   9.640   0.000   0.000   6.000   1.000   
181.035   0.000   9.310   0.000   0.000   6.000   1.000   
181.035   0.000   8.980   0.000   0.000   6.000   1.000   
179.835   0.000   8.650   0.000   0.000   6.000   1.000   
178.635   0.000   8.320   0.000   0.000   6.000   1.000   
177.435   0.000   7.990   0.000   0.000   6.000   1.000   
176.235   0.000   7.650   0.000   0.000   6.000   1.000   
175.035   0.000   7.315   0.000   0.000   6.000   1.000   
173.835   0.000   6.980   0.000   0.000   6.000   1.000   
172.635   0.000   6.640   0.000   0.000   6.000   1.000   
171.435   0.000   6.300   0.000   0.000   6.000   1.000   
170.235   0.000   5.960   0.000   0.000   6.000   1.000   
169.035   0.000   5.620   0.000   0.000   6.000   1.000   
168.980   0.000   5.285   0.000   0.000   6.000   1.000   
168.980   0.000   4.945   0.000   0.000   6.000   1.000   
168.980   0.000   4.610   0.000   0.000   6.000   1.000   
168.980   0.000   4.275   0.000   0.000   6.000   1.000   
168.980   0.000   3.940   0.000   0.000   6.000   1.000   
168.980   0.000   3.605   0.000   0.000   6.000   1.000   
168.980   0.000   3.270   0.000   0.000   6.000   1.000   
168.980   0.000   2.940   0.000   0.000   6.000   1.000   
168.980   0.000   2.605   0.000   0.000   6.000   1.000   
168.980   0.000   2.605   0.000   0.000   6.000   1.000   
168.980   0.000   2.275   0.000   0.000   6.000   1.000   
167.780   0.000   1.940   0.000   0.000   6.000   1.000   
166.580   0.000   1.610   0.000   0.000   6.000   1.000   
165.380   0.000   1.275   0.000   0.000   6.000   1.000   
164.180   0.000   0.945   0.000   0.000   6.000   1.000   
162.980   0.000   0.605   0.000   0.000   6.000   1.000   
161.780   0.000   0.265   0.000   0.000   6.000   1.000   
160.580   0.000   -0.075   0.000   0.000   6.000   1.000   
159.380   0.000   -0.415   0.000   0.000   6.000   1.000   
158.180   0.000   -0.755   0.000   0.000   6.000   1.000   
156.980   0.000   -1.095   0.000   0.000   6.000   1.000   
156.000   0.000   -1.435   0.000   0.000   6.000   1.000   
156.000   0.000   -1.775   0.000   0.000   6.000   1.000   
156.000   0.000   -2.115   0.000   0.000   6.000   1.000   
156.000   0.000   -2.455   0.000   0.000   6.000   1.000   
156.000   0.000   -2.790   0.000   0.000   6.000   1.000   
156.000   0.000   -3.125   0.000   0.000   6.000   1.000   
156.000   0.000   -3.455   0.000   0.000   6.000   1.000   
156.000   0.000   -3.790   0.000   0.000   6.000   1.000   
156.000   0.000   -4.120   0.000   0.000   6.000   1.000   
156.000   0.000   -4.445   0.000   0.000   6.000   1.000   
156.000   0.000   -4.775   0.000   0.000   6.000   1.000   
156.000   0.000   -5.110   0.000   0.000   6.000   1.000   
154.800   0.000   -5.440   0.000   0.000   6.000   1.000   
153.600   0.000   -5.770   0.000   0.000   6.000   1.000   
152.400   0.000   -6.105   0.000   0.000   6.000   1.000   
151.200   0.000   -6.440   0.000   0.000   6.000   1.000   
150.000   0.000   -6.775   0.000   0.000   6.000   1.000   
148.800   0.000   -7.110   0.000   0.000   6.000   1.000   
147.600   0.000   -7.445   0.000   0.000   6.000   1.000   
146.400   0.000   -7.785   0.000   0.000   6.000   1.000   
145.200   0.000   -8.125   0.000   0.000   6.000   1.000   
144.000   0.000   -8.460   0.000   0.000   6.000   1.000   
142.800   0.000   -8.795   0.000   0.000   6.000   1.000   
141.835   0.000   -9.130   0.000   0.000   6.000   1.000   
141.835   0.000   -9.470   0.000   0.000   6.000   1.000   
141.835   0.000   -9.800   0.000   0.000   6.000   1.000   
141.835   0.000   -10.130   0.000   0.000   6.000   1.000   
141.835   0.000   -10.455   0.000   0.000   6.000   1.000   
141.835   0.000   -10.780   0.000   0.000   6.000   1.000   
141.835   0.000   -11.100   0.000   0.000   6.000   1.000   
141.835   0.000   -11.100   0.000   0.000   6.000   1.000   
141.835   0.000   -11.420   0.000   0.000   6.000   1.000   
141.835   0.000   -11.735   0.000   0.000   6.000   1.000   
141.835   0.000   -12.055   0.000   0.000   6.000   1.000   
141.835   0.000   -12.375   0.000   0.000   6.000   1.000   
141.835   0.000   -12.695   0.000   0.000   6.000   1.000   
141.835   0.000   -13.015   0.000   0.000   6.000   1.000   
141.835   0.000   -13.335   0.000   0.000   6.000   1.000   
140.635   0.000   -13.655   0.000   0.000   6.000   1.000   
139.435   0.000   -13.980   0.000   0.000   6.000   1.000   
138.235   0.000   -14.300   0.000   0.000   6.000   1.000   
137.035   0.000   -14.620   0.000   0.000   6.000   1.000   
135.835   0.000   -14.945   0.000   0.000   6.000   1.000   
134.635   0.000   -15.270   0.000   0.000   6.000   1.000   
133.435   0.000   -15.600   0.000   0.000   6.000   1.000   
132.235   0.000   -15.930   0.000   0.000   6.000   1.000   
131.035   0.000   -16.255   0.000   0.000   6.000   1.000   
129.835   0.000   -16.580   0.000   0.000   6.000   1.000   
128.635   0.000   -16.910   0.000   0.000   6.000   1.000   
127.435   0.000   -17.235   0.000   0.000   6.000   1.000   
126.235   0.000   -17.555   0.000   0.000   6.000   1.000   
126.085   0.000   -17.875   0.000   0.000   6.000   1.000   
126.085   0.000   -18.190   0.000   0.000   6.000   1.000   
126.085   0.000   -18.505   0.000   0.000   6.000   1.000   
126.085   0.000   -18.820   0.000   0.000   6.000   1.000   
126.085   0.000   -19.130   0.000   0.000   6.000   1.000   
126.085   0.000   -19.440   0.000   0.000   6.000   1.000   
126.085   0.000   -19.745   0.000   0.000   6.000   1.000   
126.085   0.000   -20.050   0.000   0.000   6.000   1.000   
126.085   0.000   -20.350   0.000   0.000   6.000   1.000   
126.085   0.000   -20.650   0.000   0.000   6.000   1.000   
126.085   0.000   -20.950   0.000   0.000   6.000   1.000   
126.085   0.000   -21.250   0.000   0.000   6.000   1.000   
126.085   0.000   -21.555   0.000   0.000   6.000   1.000   
126.085   0.000   -21.860   0.000   0.000   6.000   1.000   
124.885   0.000   -22.170   0.000   0.000   6.000   1.000   
123.685   0.000   -22.475   0.000   0.000   6.000   1.000   
122.485   0.000   -22.780   0.000   0.000   6.000   1.000   
121.285   0.000   -23.090   0.000   0.000   6.000   1.000   
120.085   0.000   -23.390   0.000   0.000   6.000   1.000   
120.085   0.000   -23.695   0.000   0.000   6.000   1.000   
118.885   0.000   -24.000   0.000   0.000   6.000   1.000   
117.685   0.000   -24.315   0.000   0.000   6.000   1.000   
116.485   0.000   -24.315   0.000   0.000   6.000   1.000   
115.285   0.000   -24.625   0.000   0.000   6.000   1.000   
114.085   0.000   -24.935   0.000   0.000   6.000   1.000   
112.885   0.000   -25.240   0.000   0.000   6.000   1.000   
111.685   0.000   -25.550   0.000   0.000   6.000   1.000   
110.485   0.000   -25.850   0.000   0.000   6.000   1.000   
109.285   0.000   -26.150   0.000   0.000   6.000   1.000   
108.085   0.000   -26.440   0.000   0.000   6.000   1.000   
108.070   0.000   -26.730   0.000   0.000   6.000   1.000   
108.065   0.000   -27.020   0.000   0.000   6.000   1.000   
108.065   0.000   -27.305   0.000   0.000   6.000   1.000   
108.065   0.000   -27.590   0.000   0.000   6.000   1.000   
108.065   0.000   -27.870   0.000   0.000   6.000   1.000   
108.065   0.000   -28.150   0.000   0.000   6.000   1.000   
108.065   0.000   -28.430   0.000   0.000   6.000   1.000   
108.065   0.000   -28.705   0.000   0.000   6.000   1.000   
108.065   0.000   -28.975   0.000   0.000   6.000   1.000   
108.065   0.000   -29.245   0.000   0.000   6.000   1.000   
108.065   0.000   -29.520   0.000   0.000   6.000   1.000   
108.065   0.000   -29.795   0.000   0.000   6.000   1.000   
108.065   0.000   -30.065   0.000   0.000   6.000   1.000   
108.065   0.000   -30.340   0.000   0.000   6.000   1.000   
108.065   0.000   -30.615   0.000   0.000   6.000   1.000   
108.065   0.000   -30.890   0.000   0.000   6.000   1.000   
106.865   0.000   -31.165   0.000   0.000   6.000   1.000   
105.665   0.000   -31.440   0.000   0.000   6.000   1.000   
104.465   0.000   -31.720   0.000   0.000   6.000   1.000   
103.265   0.000   -31.995   0.000   0.000   6.000   1.000   
102.065   0.000   -32.275   0.000   0.000   6.000   1.000   
100.865   0.000   -32.550   0.000   0.000   6.000   1.000   
99.665   0.000   -32.830   0.000   0.000   6.000   1.000   
98.465   0.000   -33.105   0.000   0.000   6.000   1.000   
97.265   0.000   -33.380   0.000   0.000   6.000   1.000   
96.065   0.000   -33.660   0.000   0.000   6.000   1.000   
94.865   0.000   -33.935   0.000   0.000   6.000   1.000   
93.665   0.000   -34.210   0.000   0.000   6.000   1.000   
92.465   0.000   -34.475   0.000   0.000   6.000   1.000   
91.265   0.000   -34.745   0.000   0.000   6.000   1.000   
90.065   0.000   -35.005   0.000   0.000   6.000   1.000   
88.865   0.000   -35.265   0.000   0.000   6.000   1.000   
88.865   0.000   -35.515   0.000   0.000   6.000   1.000   
88.865   0.000   -35.770   0.000   0.000   6.000   1.000   
87.665   0.000   -36.020   0.000   0.000   6.000   1.000   
86.465   0.000   -36.270   0.000   0.000   6.000   1.000   
86.345   0.000   -36.270   0.000   0.000   6.000   1.000   
86.345   0.000   -36.520   0.000   0.000   6.000   1.000   
86.345   0.000   -36.765   0.000   0.000   6.000   1.000   
86.345   0.000   -37.005   0.000   0.000   6.000   1.000   
86.345   0.000   -37.245   0.000   0.000   6.000   1.000   
86.345   0.000   -37.475   0.000   0.000   6.000   1.000   
86.345   0.000   -37.705   0.000   0.000   6.000   1.000   
86.345   0.000   -37.935   0.000   0.000   6.000   1.000   
86.345   0.000   -38.165   0.000   0.000   6.000   1.000   
86.345   0.000   -38.395   0.000   0.000   6.000   1.000   
86.345   0.000   -38.625   0.000   0.000   6.000   1.000   
86.345   0.000   -38.855   0.000   0.000   6.000   1.000   
86.345   0.000   -39.085   0.000   0.000   6.000   1.000   
86.345   0.000   -39.320   0.000   0.000   6.000   1.000   
86.345   0.000   -39.550   0.000   0.000   6.000   1.000   
86.345   0.000   -39.780   0.000   0.000   6.000   1.000   
86.345   0.000   -40.010   0.000   0.000   6.000   1.000   
86.345   0.000   -40.245   0.000   0.000   6.000   1.000   
86.345   0.000   -40.475   0.000   0.000   6.000   1.000   
86.345   0.000   -40.710   0.000   0.000   6.000   1.000   
86.345   0.000   -40.940   0.000   0.000   6.000   1.000   
86.345   0.000   -41.175   0.000   0.000   6.000   1.000   
86.345   0.000   -41.405   0.000   0.000   6.000   1.000   
86.345   0.000   -41.635   0.000   0.000   6.000   1.000   
86.345   0.000   -41.865   0.000   0.000   6.000   1.000   
86.345   0.000   -42.095   0.000   0.000   6.000   1.000   
86.345   0.000   -42.330   0.000   0.000   6.000   1.000   
86.345   0.000   -42.560   0.000   0.000   6.000   1.000   
86.345   0.000   -42.795   0.000   0.000   6.000   1.000   
86.345   0.000   -43.025   0.000   0.000   6.000   1.000   
86.345   0.000   -43.260   0.000   0.000   6.000   1.000   
86.345   0.000   -43.500   0.000   0.000   6.000   1.000   
86.345   0.000   -43.735   0.000   0.000   6.000   1.000   
86.345   0.000   -43.970   0.000   0.000   6.000   1.000   
86.345   0.000   -44.210   0.000   0.000   6.000   1.000   
86.345   0.000   -44.445   0.000   0.000   6.000   1.000   
85.145   0.000   -44.685   0.000   0.000   6.000   1.000   
83.945   0.000   -44.920   0.000   0.000   6.000   1.000   
83.945   0.000   -45.160   0.000   0.000   6.000   1.000   
82.745   0.000   -45.395   0.000   0.000   6.000   1.000   
81.545   0.000   -45.630   0.000   0.000   6.000   1.000   
80.345   0.000   -45.870   0.000   0.000   6.000   1.000   
79.145   0.000   -46.110   0.000   0.000   6.000   1.000   
77.945   0.000   -46.110   0.000   0.000   6.000   1.000   
76.745   0.000   -46.345   0.000   0.000   6.000   1.000   
75.545   0.000   -46.580   0.000   0.000   6.000   1.000   
74.345   0.000   -46.815   0.000   0.000   6.000   1.000   
73.145   0.000   -47.045   0.000   0.000   6.000   1.000   
71.945   0.000   -47.275   0.000   0.000   6.000   1.000   
70.745   0.000   -47.500   0.000   0.000   6.000   1.000   
69.545   0.000   -47.725   0.000   0.000   6.000   1.000   
68.345   0.000   -47.945   0.000   0.000   6.000   1.000   
67.145   0.000   -48.160   0.000   0.000   6.000   1.000   
65.945   0.000   -48.375   0.000   0.000   6.000   1.000   
64.745   0.000   -48.585   0.000   0.000   6.000   1.000   
63.545   0.000   -48.790   0.000   0.000   6.000   1.000   
62.345   0.000   -48.990   0.000   0.000   6.000   1.000   
61.145   0.000   -49.190   0.000   0.000   6.000   1.000   
59.945   0.000   -49.390   0.000   0.000   6.000   1.000   
58.745   0.000   -49.585   0.000   0.000   6.000   1.000   
57.545   0.000   -49.780   0.000   0.000   6.000   1.000   
56.345   0.000   -49.965   0.000   0.000   6.000   1.000   
55.145   0.000   -50.150   0.000   0.000   6.000   1.000   
53.945   0.000   -50.330   0.000   0.000   6.000   1.000   
52.745   0.000   -50.510   0.000   0.000   6.000   1.000   
51.545   0.000   -50.690   0.000   0.000   6.000   1.000   
50.345   0.000   -50.860   0.000   0.000   6.000   1.000   
49.145   0.000   -51.030   0.000   0.000   6.000   1.000   
47.945   0.000   -51.195   0.000   0.000   6.000   1.000   
46.745   0.000   -51.355   0.000   0.000   6.000   1.000   
45.545   0.000   -51.515   0.000   0.000   6.000   1.000   
44.345   0.000   -51.670   0.000   0.000   6.000   1.000   
43.145   0.000   -51.825   0.000   0.000   6.000   1.000   
41.945   0.000   -51.970   0.000   0.000   6.000   1.000   
40.745   0.000   -52.115   0.000   0.000   6.000   1.000   
39.545   0.000   -52.260   0.000   0.000   6.000   1.000   
38.345   0.000   -52.395   0.000   0.000   6.000   1.000   
37.145   0.000   -52.530   0.000   0.000   6.000   1.000   
35.945   0.000   -52.660   0.000   0.000   6.000   1.000   
34.745   0.000   -52.785   0.000   0.000   6.000   1.000   
33.545   0.000   -52.915   0.000   0.000   6.000   1.000   
33.545   0.000   -53.035   0.000   0.000   6.000   1.000   
31.145   0.000   -53.155   0.000   0.000   6.000   1.000   
31.145   0.000   -53.270   0.000   0.000   6.000   1.000   
29.945   0.000   -53.380   0.000   0.000   6.000   1.000   
28.745   0.000   -53.485   0.000   0.000   6.000   1.000   
27.545   0.000   -53.485   0.000   0.000   6.000   1.000   
26.345   0.000   -53.590   0.000   0.000   6.000   1.000   
25.145   0.000   -53.695   0.000   0.000   6.000   1.000   
23.945   0.000   -53.795   0.000   0.000   6.000   1.000   
22.745   0.000   -53.890   0.000   0.000   6.000   1.000   
21.545   0.000   -53.980   0.000   0.000   6.000   1.000   
20.345   0.000   -54.075   0.000   0.000   6.000   1.000   
19.145   0.000   -54.160   0.000   0.000   6.000   1.000   
17.945   0.000   -54.240   0.000   0.000   6.000   1.000   
16.745   0.000   -54.320   0.000   0.000   6.000   1.000   
15.545   0.000   -54.390   0.000   0.000   6.000   1.000   
14.345   0.000   -54.460   0.000   0.000   6.000   1.000   
14.345   0.000   -54.530   0.000   0.000   6.000   1.000   
13.145   0.000   -54.590   0.000   0.000   6.000   1.000   
11.945   0.000   -54.650   0.000   0.000   6.000   1.000   
10.745   0.000   -54.710   0.000   0.000   6.000   1.000   
9.545   0.000   -54.765   0.000   0.000   6.000   1.000   
8.770   0.000   -54.815   0.000   0.000   6.000   1.000   
8.845   0.000   -54.860   0.000   0.000   6.000   1.000   
9.445   0.000   -54.905   0.000   0.000   6.000   1.000   
10.045   0.000   -54.945   0.000   0.000   6.000   1.000   
10.645   0.000   -54.985   0.000   0.000   6.000   1.000   
11.245   0.000   -55.020   0.000   0.000   6.000   1.000   
11.845   0.000   -55.060   0.000   0.000   6.000   1.000   
12.445   0.000   -55.090   0.000   0.000   6.000   1.000   
13.045   0.000   -55.115   0.000   0.000   6.000   1.000   
13.645   0.000   -55.130   0.000   0.000   6.000   1.000   
14.245   0.000   -55.130   0.000   0.000   6.000   1.000   
14.845   0.000   -55.125   0.000   0.000   6.000   1.000   
15.445   0.000   -55.120   0.000   0.000   6.000   1.000   
16.045   0.000   -55.110   0.000   0.000   6.000   1.000   
16.645   0.000   -55.100   0.000   0.000   6.000   1.000   
17.245   0.000   -55.100   0.000   0.000   6.000   1.000   
17.845   0.000   -55.105   0.000   0.000   6.000   1.000   
18.445   0.000   -55.105   0.000   0.000   6.000   1.000   
19.045   0.000   -55.105   0.000   0.000   6.000   1.000   
19.645   0.000   -55.105   0.000   0.000   6.000   1.000   
20.245   0.000   -55.105   0.000   0.000   6.000   1.000   
20.845   0.000   -55.105   0.000   0.000   6.000   1.000   
20.845   0.000   -55.100   0.000   0.000   6.000   1.000   
21.445   0.000   -55.100   0.000   0.000   6.000   1.000   
22.045   0.000   -55.100   0.000   0.000   6.000   1.000   
22.645   0.000   -55.100   0.000   0.000   6.000   1.000   
23.245   0.000   -55.100   0.000   0.000   6.000   1.000   
23.845   0.000   -55.100   0.000   0.000   6.000   1.000   
24.445   0.000   -55.100   0.000   0.000   6.000   1.000   
25.045   0.000   -55.095   0.000   0.000   6.000   1.000   
25.645   0.000   -55.090   0.000   0.000   6.000   1.000   
26.245   0.000   -55.085   0.000   0.000   6.000   1.000   
26.845   0.000   -55.085   0.000   0.000   6.000   1.000   
27.445   0.000   -55.080   0.000   0.000   6.000   1.000   
28.045   0.000   -55.075   0.000   0.000   6.000   1.000   
28.645   0.000   -55.075   0.000   0.000   6.000   1.000   
29.245   0.000   -55.080   0.000   0.000   6.000   1.000   
29.845   0.000   -55.080   0.000   0.000   6.000   1.000   
30.445   0.000   -55.080   0.000   0.000   6.000   1.000   
31.045   0.000   -55.080   0.000   0.000   6.000   1.000   
31.645   0.000   -55.080   0.000   0.000   6.000   1.000   
32.245   0.000   -55.075   0.000   0.000   6.000   1.000   
32.845   0.000   -55.070   0.000   0.000   6.000   1.000   
33.445   0.000   -55.065   0.000   0.000   6.000   1.000   
34.045   0.000   -55.060   0.000   0.000   6.000   1.000   
34.645   0.000   -55.060   0.000   0.000   6.000   1.000   
35.245   0.000   -55.055   0.000   0.000   6.000   1.000   
35.845   0.000   -55.055   0.000   0.000   6.000   1.000   
36.445   0.000   -55.055   0.000   0.000   6.000   1.000   
37.045   0.000   -55.060   0.000   0.000   6.000   1.000   
37.645   0.000   -55.055   0.000   0.000   6.000   1.000   
38.245   0.000   -55.050   0.000   0.000   6.000   1.000   
38.845   0.000   -55.045   0.000   0.000   6.000   1.000   
39.445   0.000   -55.040   0.000   0.000   6.000   1.000   
40.045   0.000   -55.040   0.000   0.000   6.000   1.000   
40.645   0.000   -55.035   0.000   0.000   6.000   1.000   
41.245   0.000   -55.035   0.000   0.000   6.000   1.000   
41.845   0.000   -55.040   0.000   0.000   6.000   1.000   
42.445   0.000   -55.040   0.000   0.000   6.000   1.000   
43.045   0.000   -55.035   0.000   0.000   6.000   1.000   
43.645   0.000   -55.030   0.000   0.000   6.000   1.000   
44.245   0.000   -55.020   0.000   0.000   6.000   1.000   
44.845   0.000   -55.015   0.000   0.000   6.000   1.000   
44.845   0.000   -55.015   0.000   0.000   6.000   1.000   
46.045   0.000   -55.010   0.000   0.000   6.000   1.000   
46.045   0.000   -55.005   0.000   0.000   6.000   1.000   
46.645   0.000   -55.005   0.000   0.000   6.000   1.000   
47.245   0.000   -55.005   0.000   0.000   6.000   1.000   
47.845   0.000   -55.005   0.000   0.000   6.000   1.000   
48.445   0.000   -55.000   0.000   0.000   6.000   1.000   
49.045   0.000   -54.995   0.000   0.000   6.000   1.000   
49.645   0.000   -54.990   0.000   0.000   6.000   1.000   
50.245   0.000   -54.985   0.000   0.000   6.000   1.000   
50.845   0.000   -54.980   0.000   0.000   6.000   1.000   
51.445   0.000   -54.980   0.000   0.000   6.000   1.000   
52.045   0.000   -54.975   0.000   0.000   6.000   1.000   
52.645   0.000   -54.975   0.000   0.000   6.000   1.000   
53.245   0.000   -54.970   0.000   0.000   6.000   1.000   
53.845   0.000   -54.965   0.000   0.000   6.000   1.000   
54.445   0.000   -54.960   0.000   0.000   6.000   1.000   
55.045   0.000   -54.955   0.000   0.000   6.000   1.000   
55.645   0.000   -54.950   0.000   0.000   6.000   1.000   
56.245   0.000   -54.945   0.000   0.000   6.000   1.000   
56.845   0.000   -54.940   0.000   0.000   6.000   1.000   
57.445   0.000   -54.940   0.000   0.000   6.000   1.000   
58.045   0.000   -54.935   0.000   0.000   6.000   1.000   
58.645   0.000   -54.930   0.000   0.000   6.000   1.000   
59.245   0.000   -54.930   0.000   0.000   6.000   1.000   
59.845   0.000   -54.925   0.000   0.000   6.000   1.000   
60.445   0.000   -54.925   0.000   0.000   6.000   1.000   
61.045   0.000   -54.920   0.000   0.000   6.000   1.000   
61.645   0.000   -54.910   0.000   0.000   6.000   1.000   
62.245   0.000   -54.910   0.000   0.000   6.000   1.000   
62.845   0.000   -54.905   0.000   0.000   6.000   1.000   
63.445   0.000   -54.905   0.000   0.000   6.000   1.000   
64.045   0.000   -54.895   0.000   0.000   6.000   1.000   
64.645   0.000   -54.890   0.000   0.000   6.000   1.000   
65.245   0.000   -54.885   0.000   0.000   6.000   1.000   
65.845   0.000   -54.880   0.000   0.000   6.000   1.000   
66.445   0.000   -54.875   0.000   0.000   6.000   1.000   
67.045   0.000   -54.865   0.000   0.000   6.000   1.000   
67.645   0.000   -54.860   0.000   0.000   6.000   1.000   
68.245   0.000   -54.855   0.000   0.000   6.000   1.000   
68.845   0.000   -54.855   0.000   0.000   6.000   1.000   
69.445   0.000   -54.845   0.000   0.000   6.000   1.000   
70.045   0.000   -54.840   0.000   0.000   6.000   1.000   
70.045   0.000   -54.835   0.000   0.000   6.000   1.000   
71.245   0.000   -54.825   0.000   0.000   6.000   1.000   
71.245   0.000   -54.820   0.000   0.000   6.000   1.000   
71.845   0.000   -54.810   0.000   0.000   6.000   1.000   
72.445   0.000   -54.810   0.000   0.000   6.000   1.000   
73.045   0.000   -54.800   0.000   0.000   6.000   1.000   
73.645   0.000   -54.795   0.000   0.000   6.000   1.000   
74.245   0.000   -54.790   0.000   0.000   6.000   1.000   
74.845   0.000   -54.785   0.000   0.000   6.000   1.000   
75.445   0.000   -54.775   0.000   0.000   6.000   1.000   
76.045   0.000   -54.765   0.000   0.000   6.000   1.000   
76.645   0.000   -54.755   0.000   0.000   6.000   1.000   
77.245   0.000   -54.745   0.000   0.000   6.000   1.000   
77.845   0.000   -54.735   0.000   0.000   6.000   1.000   
78.445   0.000   -54.725   0.000   0.000   6.000   1.000   
79.045   0.000   -54.710   0.000   0.000   6.000   1.000   
79.645   0.000   -54.705   0.000   0.000   6.000   1.000   
80.245   0.000   -54.695   0.000   0.000   6.000   1.000   
80.845   0.000   -54.680   0.000   0.000   6.000   1.000   
81.445   0.000   -54.665   0.000   0.000   6.000   1.000   
82.045   0.000   -54.650   0.000   0.000   6.000   1.000   
82.645   0.000   -54.635   0.000   0.000   6.000   1.000   
83.245   0.000   -54.620   0.000   0.000   6.000   1.000   
83.845   0.000   -54.600   0.000   0.000   6.000   1.000   
84.445   0.000   -54.585   0.000   0.000   6.000   1.000   
85.045   0.000   -54.570   0.000   0.000   6.000   1.000   
85.645   0.000   -54.555   0.000   0.000   6.000   1.000   
86.245   0.000   -54.540   0.000   0.000   6.000   1.000   
86.845   0.000   -54.525   0.000   0.000   6.000   1.000   
87.445   0.000   -54.500   0.000   0.000   6.000   1.000   
88.045   0.000   -54.480   0.000   0.000   6.000   1.000   
88.645   0.000   -54.460   0.000   0.000   6.000   1.000   
89.245   0.000   -54.435   0.000   0.000   6.000   1.000   
89.845   0.000   -54.415   0.000   0.000   6.000   1.000   
90.445   0.000   -54.400   0.000   0.000   6.000   1.000   
91.045   0.000   -54.385   0.000   0.000   6.000   1.000   
91.645   0.000   -54.365   0.000   0.000   6.000   1.000   
92.245   0.000   -54.345   0.000   0.000   6.000   1.000   
92.845   0.000   -54.325   0.000   0.000   6.000   1.000   
93.445   0.000   -54.300   0.000   0.000   6.000   1.000   
94.045   0.000   -54.275   0.000   0.000   6.000   1.000   
94.645   0.000   -54.250   0.000   0.000   6.000   1.000   
95.245   0.000   -54.230   0.000   0.000   6.000   1.000   
95.845   0.000   -54.215   0.000   0.000   6.000   1.000   
95.845   0.000   -54.200   0.000   0.000   6.000   1.000   
96.445   0.000   -54.180   0.000   0.000   6.000   1.000   
97.045   0.000   -54.160   0.000   0.000   6.000   1.000   
97.645   0.000   -54.160   0.000   0.000   6.000   1.000   
98.245   0.000   -54.145   0.000   0.000   6.000   1.000   
98.845   0.000   -54.120   0.000   0.000   6.000   1.000   
99.445   0.000   -54.095   0.000   0.000   6.000   1.000   
100.045   0.000   -54.070   0.000   0.000   6.000   1.000   
100.645   0.000   -54.045   0.000   0.000   6.000   1.000   
101.245   0.000   -54.025   0.000   0.000   6.000   1.000   
101.845   0.000   -54.000   0.000   0.000   6.000   1.000   
102.445   0.000   -53.980   0.000   0.000   6.000   1.000   
103.045   0.000   -53.955   0.000   0.000   6.000   1.000   
103.645   0.000   -53.935   0.000   0.000   6.000   1.000   
104.245   0.000   -53.910   0.000   0.000   6.000   1.000   
104.845   0.000   -53.890   0.000   0.000   6.000   1.000   
105.445   0.000   -53.865   0.000   0.000   6.000   1.000   
106.045   0.000   -53.840   0.000   0.000   6.000   1.000   
106.645   0.000   -53.810   0.000   0.000   6.000   1.000   
107.245   0.000   -53.780   0.000   0.000   6.000   1.000   
107.845   0.000   -53.755   0.000   0.000   6.000   1.000   
108.445   0.000   -53.725   0.000   0.000   6.000   1.000   
109.045   0.000   -53.690   0.000   0.000   6.000   1.000   
109.645   0.000   -53.660   0.000   0.000   6.000   1.000   
110.245   0.000   -53.625   0.000   0.000   6.000   1.000   
110.845   0.000   -53.595   0.000   0.000   6.000   1.000   
111.445   0.000   -53.555   0.000   0.000   6.000   1.000   
112.045   0.000   -53.520   0.000   0.000   6.000   1.000   
112.645   0.000   -53.480   0.000   0.000   6.000   1.000   
113.245   0.000   -53.440   0.000   0.000   6.000   1.000   
113.845   0.000   -53.400   0.000   0.000   6.000   1.000   
114.445   0.000   -53.355   0.000   0.000   6.000   1.000   
115.045   0.000   -53.315   0.000   0.000   6.000   1.000   
115.645   0.000   -53.270   0.000   0.000   6.000   1.000   
116.245   0.000   -53.225   0.000   0.000   6.000   1.000   
116.845   0.000   -53.185   0.000   0.000   6.000   1.000   
117.445   0.000   -53.145   0.000   0.000   6.000   1.000   
118.045   0.000   -53.105   0.000   0.000   6.000   1.000   
118.645   0.000   -53.065   0.000   0.000   6.000   1.000   
119.245   0.000   -53.020   0.000   0.000   6.000   1.000   
119.845   0.000   -52.980   0.000   0.000   6.000   1.000   
120.445   0.000   -52.930   0.000   0.000   6.000   1.000   
121.045   0.000   -52.885   0.000   0.000   6.000   1.000   
121.045   0.000   -52.835   0.000   0.000   6.000   1.000   
121.645   0.000   -52.790   0.000   0.000   6.000   1.000   
122.245   0.000   -52.790   0.000   0.000   6.000   1.000   
122.845   0.000   -52.695   0.000   0.000   6.000   1.000   
123.445   0.000   -52.695   0.000   0.000   6.000   1.000   
124.045   0.000   -52.645   0.000   0.000   6.000   1.000   
124.645   0.000   -52.595   0.000   0.000   6.000   1.000   
125.245   0.000   -52.545   0.000   0.000   6.000   1.000   
125.845   0.000   -52.495   0.000   0.000   6.000   1.000   
126.445   0.000   -52.450   0.000   0.000   6.000   1.000   
127.045   0.000   -52.405   0.000   0.000   6.000   1.000   
127.645   0.000   -52.365   0.000   0.000   6.000   1.000   
128.245   0.000   -52.320   0.000   0.000   6.000   1.000   
128.845   0.000   -52.265   0.000   0.000   6.000   1.000   
129.445   0.000   -52.215   0.000   0.000   6.000   1.000   
130.045   0.000   -52.165   0.000   0.000   6.000   1.000   
130.645   0.000   -52.115   0.000   0.000   6.000   1.000   
131.245   0.000   -52.060   0.000   0.000   6.000   1.000   
131.845   0.000   -52.005   0.000   0.000   6.000   1.000   
132.445   0.000   -51.955   0.000   0.000   6.000   1.000   
133.045   0.000   -51.900   0.000   0.000   6.000   1.000   
133.645   0.000   -51.840   0.000   0.000   6.000   1.000   
134.245   0.000   -51.770   0.000   0.000   6.000   1.000   
134.845   0.000   -51.705   0.000   0.000   6.000   1.000   
135.445   0.000   -51.635   0.000   0.000   6.000   1.000   
136.045   0.000   -51.565   0.000   0.000   6.000   1.000   
136.645   0.000   -51.495   0.000   0.000   6.000   1.000   
137.245   0.000   -51.425   0.000   0.000   6.000   1.000   
137.845   0.000   -51.355   0.000   0.000   6.000   1.000   
138.445   0.000   -51.280   0.000   0.000   6.000   1.000   
139.045   0.000   -51.210   0.000   0.000   6.000   1.000   
139.645   0.000   -51.140   0.000   0.000   6.000   1.000   
140.245   0.000   -51.065   0.000   0.000   6.000   1.000   
140.845   0.000   -50.990   0.000   0.000   6.000   1.000   
141.445   0.000   -50.915   0.000   0.000   6.000   1.000   
142.045   0.000   -50.840   0.000   0.000   6.000   1.000   
142.645   0.000   -50.765   0.000   0.000   6.000   1.000   
143.245   0.000   -50.690   0.000   0.000   6.000   1.000   
143.845   0.000   -50.615   0.000   0.000   6.000   1.000   
144.445   0.000   -50.540   0.000   0.000   6.000   1.000   
145.045   0.000   -50.460   0.000   0.000   6.000   1.000   
145.645   0.000   -50.385   0.000   0.000   6.000   1.000   
145.645   0.000   -50.305   0.000   0.000   6.000   1.000   
146.245   0.000   -50.225   0.000   0.000   6.000   1.000   
146.845   0.000   -50.145   0.000   0.000   6.000   1.000   
147.445   0.000   -50.145   0.000   0.000   6.000   1.000   
148.045   0.000   -49.985   0.000   0.000   6.000   1.000   
148.645   0.000   -49.985   0.000   0.000   6.000   1.000   
149.245   0.000   -49.900   0.000   0.000   6.000   1.000   
149.845   0.000   -49.820   0.000   0.000   6.000   1.000   
150.445   0.000   -49.740   0.000   0.000   6.000   1.000   
151.045   0.000   -49.655   0.000   0.000   6.000   1.000   
151.645   0.000   -49.565   0.000   0.000   6.000   1.000   
152.245   0.000   -49.475   0.000   0.000   6.000   1.000   
152.845   0.000   -49.380   0.000   0.000   6.000   1.000   
153.445   0.000   -49.285   0.000   0.000   6.000   1.000   
154.045   0.000   -49.185   0.000   0.000   6.000   1.000   
154.645   0.000   -49.085   0.000   0.000   6.000   1.000   
155.245   0.000   -48.980   0.000   0.000   6.000   1.000   
155.720   0.000   -48.880   0.000   0.000   6.000   1.000   
155.720   0.000   -48.775   0.000   0.000   6.000   1.000   
155.720   0.000   -48.670   0.000   0.000   6.000   1.000   
155.720   0.000   -48.560   0.000   0.000   6.000   1.000   
155.720   0.000   -48.450   0.000   0.000   6.000   1.000   
155.720   0.000   -48.345   0.000   0.000   6.000   1.000   
155.720   0.000   -48.240   0.000   0.000   6.000   1.000   
155.720   0.000   -48.130   0.000   0.000   6.000   1.000   
155.720   0.000   -48.025   0.000   0.000   6.000   1.000   
155.720   0.000   -47.915   0.000   0.000   6.000   1.000   
156.320   0.000   -47.805   0.000   0.000   6.000   1.000   
156.330   0.000   -47.695   0.000   0.000   6.000   1.000   
156.330   0.000   -47.585   0.000   0.000   6.000   1.000   
156.330   0.000   -47.475   0.000   0.000   6.000   1.000   
156.330   0.000   -47.360   0.000   0.000   6.000   1.000   
156.330   0.000   -47.250   0.000   0.000   6.000   1.000   
156.330   0.000   -47.145   0.000   0.000   6.000   1.000   
156.330   0.000   -47.040   0.000   0.000   6.000   1.000   
156.330   0.000   -46.930   0.000   0.000   6.000   1.000   
156.330   0.000   -46.815   0.000   0.000   6.000   1.000   
156.330   0.000   -46.705   0.000   0.000   6.000   1.000   
156.330   0.000   -46.595   0.000   0.000   6.000   1.000   
156.330   0.000   -46.475   0.000   0.000   6.000   1.000   
156.330   0.000   -46.350   0.000   0.000   6.000   1.000   
156.330   0.000   -46.225   0.000   0.000   6.000   1.000   
156.330   0.000   -46.100   0.000   0.000   6.000   1.000   
156.330   0.000   -45.975   0.000   0.000   6.000   1.000   
156.330   0.000   -45.840   0.000   0.000   6.000   1.000   
156.330   0.000   -45.700   0.000   0.000   6.000   1.000   
156.930   0.000   -45.565   0.000   0.000   6.000   1.000   
157.530   0.000   -45.435   0.000   0.000   6.000   1.000   
158.130   0.000   -45.435   0.000   0.000   6.000   1.000   
158.730   0.000   -45.300   0.000   0.000   6.000   1.000   
158.860   0.000   -45.170   0.000   0.000   6.000   1.000   
158.860   0.000   -45.040   0.000   0.000   6.000   1.000   
158.860   0.000   -44.910   0.000   0.000   6.000   1.000   
158.860   0.000   -44.780   0.000   0.000   6.000   1.000   
158.860   0.000   -44.650   0.000   0.000   6.000   1.000   
158.860   0.000   -44.520   0.000   0.000   6.000   1.000   
158.860   0.000   -44.385   0.000   0.000   6.000   1.000   
158.860   0.000   -44.250   0.000   0.000   6.000   1.000   
158.860   0.000   -44.110   0.000   0.000   6.000   1.000   
158.860   0.000   -43.975   0.000   0.000   6.000   1.000   
158.860   0.000   -43.840   0.000   0.000   6.000   1.000   
158.860   0.000   -43.705   0.000   0.000   6.000   1.000   
158.860   0.000   -43.565   0.000   0.000   6.000   1.000   
158.860   0.000   -43.430   0.000   0.000   6.000   1.000   
159.460   0.000   -43.290   0.000   0.000   6.000   1.000   
160.060   0.000   -43.150   0.000   0.000   6.000   1.000   
160.660   0.000   -43.010   0.000   0.000   6.000   1.000   
161.220   0.000   -42.870   0.000   0.000   6.000   1.000   
161.220   0.000   -42.725   0.000   0.000   6.000   1.000   
161.220   0.000   -42.575   0.000   0.000   6.000   1.000   
161.220   0.000   -42.425   0.000   0.000   6.000   1.000   
161.220   0.000   -42.265   0.000   0.000   6.000   1.000   
161.220   0.000   -42.105   0.000   0.000   6.000   1.000   
161.220   0.000   -41.945   0.000   0.000   6.000   1.000   
161.220   0.000   -41.785   0.000   0.000   6.000   1.000   
161.220   0.000   -41.625   0.000   0.000   6.000   1.000   
161.220   0.000   -41.460   0.000   0.000   6.000   1.000   
161.220   0.000   -41.305   0.000   0.000   6.000   1.000   
161.220   0.000   -41.145   0.000   0.000   6.000   1.000   
161.220   0.000   -40.990   0.000   0.000   6.000   1.000   
161.220   0.000   -40.830   0.000   0.000   6.000   1.000   
161.820   0.000   -40.670   0.000   0.000   6.000   1.000   
162.275   0.000   -40.510   0.000   0.000   6.000   1.000   
162.275   0.000   -40.345   0.000   0.000   6.000   1.000   
162.275   0.000   -40.185   0.000   0.000   6.000   1.000   
162.275   0.000   -40.025   0.000   0.000   6.000   1.000   
162.275   0.000   -39.870   0.000   0.000   6.000   1.000   
162.275   0.000   -39.710   0.000   0.000   6.000   1.000   
162.275   0.000   -39.550   0.000   0.000   6.000   1.000   
162.275   0.000   -39.385   0.000   0.000   6.000   1.000   
162.275   0.000   -39.385   0.000   0.000   6.000   1.000   
162.275   0.000   -39.220   0.000   0.000   6.000   1.000   
162.275   0.000   -39.055   0.000   0.000   6.000   1.000   
162.275   0.000   -38.890   0.000   0.000   6.000   1.000   
162.275   0.000   -38.715   0.000   0.000   6.000   1.000   
162.275   0.000   -38.545   0.000   0.000   6.000   1.000   
162.275   0.000   -38.365   0.000   0.000   6.000   1.000   
162.275   0.000   -38.185   0.000   0.000   6.000   1.000   
162.275   0.000   -38.000   0.000   0.000   6.000   1.000   
162.275   0.000   -37.815   0.000   0.000   6.000   1.000   
162.275   0.000   -37.630   0.000   0.000   6.000   1.000   
162.875   0.000   -37.450   0.000   0.000   6.000   1.000   
163.475   0.000   -37.265   0.000   0.000   6.000   1.000   
164.075   0.000   -37.085   0.000   0.000   6.000   1.000   
164.675   0.000   -36.905   0.000   0.000   6.000   1.000   
165.275   0.000   -36.725   0.000   0.000   6.000   1.000   
165.875   0.000   -36.540   0.000   0.000   6.000   1.000   
166.290   0.000   -36.360   0.000   0.000   6.000   1.000   
166.290   0.000   -36.180   0.000   0.000   6.000   1.000   
166.290   0.000   -35.995   0.000   0.000   6.000   1.000   
166.290   0.000   -35.810   0.000   0.000   6.000   1.000   
166.290   0.000   -35.620   0.000   0.000   6.000   1.000   
166.290   0.000   -35.430   0.000   0.000   6.000   1.000   
166.290   0.000   -35.245   0.000   0.000   6.000   1.000   
166.290   0.000   -35.055   0.000   0.000   6.000   1.000   
166.290   0.000   -34.865   0.000   0.000   6.000   1.000   
166.290   0.000   -34.675   0.000   0.000   6.000   1.000   
166.290   0.000   -34.485   0.000   0.000   6.000   1.000   
166.290   0.000   -34.290   0.000   0.000   6.000   1.000   
166.290   0.000   -34.090   0.000   0.000   6.000   1.000   
166.890   0.000   -33.890   0.000   0.000   6.000   1.000   
167.490   0.000   -33.690   0.000   0.000   6.000   1.000   
168.090   0.000   -33.485   0.000   0.000   6.000   1.000   
168.690   0.000   -33.275   0.000   0.000   6.000   1.000   
169.290   0.000   -33.070   0.000   0.000   6.000   1.000   
169.890   0.000   -32.860   0.000   0.000   6.000   1.000   
170.490   0.000   -32.650   0.000   0.000   6.000   1.000   
171.090   0.000   -32.440   0.000   0.000   6.000   1.000   
171.090   0.000   -32.235   0.000   0.000   6.000   1.000   
171.290   0.000   -32.030   0.000   0.000   6.000   1.000   
171.290   0.000   -31.820   0.000   0.000   6.000   1.000   
171.290   0.000   -31.610   0.000   0.000   6.000   1.000   
171.290   0.000   -31.400   0.000   0.000   6.000   1.000   
171.290   0.000   -31.400   0.000   0.000   6.000   1.000   
171.290   0.000   -31.185   0.000   0.000   6.000   1.000   
171.290   0.000   -30.975   0.000   0.000   6.000   1.000   
171.290   0.000   -30.760   0.000   0.000   6.000   1.000   
171.290   0.000   -30.545   0.000   0.000   6.000   1.000   
171.290   0.000   -30.330   0.000   0.000   6.000   1.000   
171.290   0.000   -30.115   0.000   0.000   6.000   1.000   
171.890   0.000   -29.895   0.000   0.000   6.000   1.000   
172.490   0.000   -29.675   0.000   0.000   6.000   1.000   
173.090   0.000   -29.450   0.000   0.000   6.000   1.000   
173.690   0.000   -29.230   0.000   0.000   6.000   1.000   
174.290   0.000   -29.005   0.000   0.000   6.000   1.000   
174.890   0.000   -28.775   0.000   0.000   6.000   1.000   
175.490   0.000   -28.550   0.000   0.000   6.000   1.000   
175.890   0.000   -28.315   0.000   0.000   6.000   1.000   
175.890   0.000   -28.085   0.000   0.000   6.000   1.000   
175.890   0.000   -27.850   0.000   0.000   6.000   1.000   
175.890   0.000   -27.615   0.000   0.000   6.000   1.000   
175.890   0.000   -27.385   0.000   0.000   6.000   1.000   
175.890   0.000   -27.150   0.000   0.000   6.000   1.000   
175.890   0.000   -26.915   0.000   0.000   6.000   1.000   
175.890   0.000   -26.670   0.000   0.000   6.000   1.000   
175.890   0.000   -26.435   0.000   0.000   6.000   1.000   
175.890   0.000   -26.190   0.000   0.000   6.000   1.000   
176.490   0.000   -25.950   0.000   0.000   6.000   1.000   
177.090   0.000   -25.705   0.000   0.000   6.000   1.000   
177.690   0.000   -25.465   0.000   0.000   6.000   1.000   
178.290   0.000   -25.230   0.000   0.000   6.000   1.000   
178.890   0.000   -24.990   0.000   0.000   6.000   1.000   
179.470   0.000   -24.750   0.000   0.000   6.000   1.000   
179.470   0.000   -24.510   0.000   0.000   6.000   1.000   
179.470   0.000   -24.265   0.000   0.000   6.000   1.000   
179.470   0.000   -24.015   0.000   0.000   6.000   1.000   
179.470   0.000   -23.765   0.000   0.000   6.000   1.000   
179.470   0.000   -23.515   0.000   0.000   6.000   1.000   
179.470   0.000   -23.255   0.000   0.000   6.000   1.000   
179.470   0.000   -22.995   0.000   0.000   6.000   1.000   
179.470   0.000   -22.730   0.000   0.000   6.000   1.000   
179.470   0.000   -22.470   0.000   0.000   6.000   1.000   
179.470   0.000   -22.205   0.000   0.000   6.000   1.000   
179.470   0.000   -21.940   0.000   0.000   6.000   1.000   
179.470   0.000   -21.675   0.000   0.000   6.000   1.000   
180.070   0.000   -21.675   0.000   0.000   6.000   1.000   
180.670   0.000   -21.420   0.000   0.000   6.000   1.000   
181.270   0.000   -21.155   0.000   0.000   6.000   1.000   
181.870   0.000   -20.895   0.000   0.000   6.000   1.000   
182.470   0.000   -20.635   0.000   0.000   6.000   1.000   
183.070   0.000   -20.375   0.000   0.000   6.000   1.000   
183.670   0.000   -20.115   0.000   0.000   6.000   1.000   
184.270   0.000   -19.850   0.000   0.000   6.000   1.000   
184.870   0.000   -19.590   0.000   0.000   6.000   1.000   
185.420   0.000   -19.325   0.000   0.000   6.000   1.000   
185.420   0.000   -19.060   0.000   0.000   6.000   1.000   
185.420   0.000   -18.790   0.000   0.000   6.000   1.000   
185.420   0.000   -18.515   0.000   0.000   6.000   1.000   
184.220   0.000   -18.240   0.000   0.000   6.000   1.000   
183.330   0.000   -17.955   0.000   0.000   6.000   1.000   
183.330   0.000   -17.670   0.000   0.000   6.000   1.000   
183.330   0.000   -17.385   0.000   0.000   6.000   1.000   
183.330   0.000   -17.100   0.000   0.000   6.000   1.000   
183.330   0.000   -16.810   0.000   0.000   6.000   1.000   
183.330   0.000   -16.525   0.000   0.000   6.000   1.000   
183.330   0.000   -16.240   0.000   0.000   6.000   1.000   
183.330   0.000   -15.955   0.000   0.000   6.000   1.000   
183.330   0.000   -15.670   0.000   0.000   6.000   1.000   
183.330   0.000   -15.390   0.000   0.000   6.000   1.000   
183.330   0.000   -15.110   0.000   0.000   6.000   1.000   
183.330   0.000   -14.830   0.000   0.000   6.000   1.000   
183.330   0.000   -14.550   0.000   0.000   6.000   1.000   
183.330   0.000   -14.270   0.000   0.000   6.000   1.000   
182.130   0.000   -13.990   0.000   0.000   6.000   1.000   
180.930   0.000   -13.710   0.000   0.000   6.000   1.000   
180.565   0.000   -13.425   0.000   0.000   6.000   1.000   
180.565   0.000   -13.140   0.000   0.000   6.000   1.000   
180.555   0.000   -12.850   0.000   0.000   6.000   1.000   
180.555   0.000   -12.560   0.000   0.000   6.000   1.000   
180.555   0.000   -12.270   0.000   0.000   6.000   1.000   
180.555   0.000   -11.975   0.000   0.000   6.000   1.000   
180.555   0.000   -11.680   0.000   0.000   6.000   1.000   
180.555   0.000   -11.385   0.000   0.000   6.000   1.000   
180.555   0.000   -11.090   0.000   0.000   6.000   1.000   
180.555   0.000   -10.795   0.000   0.000   6.000   1.000   
180.555   0.000   -10.500   0.000   0.000   6.000   1.000   
180.555   0.000   -10.215   0.000   0.000   6.000   1.000   
180.555   0.000   -9.930   0.000   0.000   6.000   1.000   
180.555   0.000   -9.930   0.000   0.000   6.000   1.000   
180.555   0.000   -9.645   0.000   0.000   6.000   1.000   
179.355   0.000   -9.355   0.000   0.000   6.000   1.000   
178.155   0.000   -9.070   0.000   0.000   6.000   1.000   
177.910   0.000   -8.785   0.000   0.000   6.000   1.000   
177.905   0.000   -8.495   0.000   0.000   6.000   1.000   
177.905   0.000   -8.205   0.000   0.000   6.000   1.000   
177.905   0.000   -7.915   0.000   0.000   6.000   1.000   
177.905   0.000   -7.630   0.000   0.000   6.000   1.000   
177.905   0.000   -7.340   0.000   0.000   6.000   1.000   
177.905   0.000   -7.050   0.000   0.000   6.000   1.000   
177.905   0.000   -6.755   0.000   0.000   6.000   1.000   
177.905   0.000   -6.465   0.000   0.000   6.000   1.000   
177.905   0.000   -6.170   0.000   0.000   6.000   1.000   
177.905   0.000   -5.880   0.000   0.000   6.000   1.000   
177.905   0.000   -5.585   0.000   0.000   6.000   1.000   
177.905   0.000   -5.295   0.000   0.000   6.000   1.000   
176.705   0.000   -5.005   0.000   0.000   6.000   1.000   
175.505   0.000   -4.715   0.000   0.000   6.000   1.000   
175.450   0.000   -4.425   0.000   0.000   6.000   1.000   
175.450   0.000   -4.135   0.000   0.000   6.000   1.000   
175.455   0.000   -3.845   0.000   0.000   6.000   1.000   
175.455   0.000   -3.550   0.000   0.000   6.000   1.000   
175.455   0.000   -3.265   0.000   0.000   6.000   1.000   
175.455   0.000   -2.975   0.000   0.000   6.000   1.000   
175.455   0.000   -2.685   0.000   0.000   6.000   1.000   
175.455   0.000   -2.400   0.000   0.000   6.000   1.000   
175.455   0.000   -2.110   0.000   0.000   6.000   1.000   
175.455   0.000   -1.825   0.000   0.000   6.000   1.000   
175.455   0.000   -1.535   0.000   0.000   6.000   1.000   
175.455   0.000   -1.250   0.000   0.000   6.000   1.000   
175.455   0.000   -0.960   0.000   0.000   6.000   1.000   
175.455   0.000   -0.670   0.000   0.000   6.000   1.000   
175.455   0.000   -0.380   0.000   0.000   6.000   1.000   
174.255   0.000   -0.085   0.000   0.000   6.000   1.000   
173.520   0.000   0.205   0.000   0.000   6.000   1.000   
173.520   0.000   0.495   0.000   0.000   6.000   1.000   
173.520   0.000   0.785   0.000   0.000   6.000   1.000   
173.520   0.000   1.075   0.000   0.000   6.000   1.000   
173.520   0.000   1.365   0.000   0.000   6.000   1.000   
173.520   0.000   1.655   0.000   0.000   6.000   1.000   
173.520   0.000   1.940   0.000   0.000   6.000   1.000   
173.520   0.000   1.940   0.000   0.000   6.000   1.000   
173.520   0.000   2.225   0.000   0.000   6.000   1.000   
173.520   0.000   2.510   0.000   0.000   6.000   1.000   
173.520   0.000   2.795   0.000   0.000   6.000   1.000   
173.520   0.000   3.080   0.000   0.000   6.000   1.000   
173.520   0.000   3.370   0.000   0.000   6.000   1.000   
173.520   0.000   3.655   0.000   0.000   6.000   1.000   
173.520   0.000   3.945   0.000   0.000   6.000   1.000   
173.520   0.000   4.235   0.000   0.000   6.000   1.000   
172.320   0.000   4.525   0.000   0.000   6.000   1.000   
171.970   0.000   4.815   0.000   0.000   6.000   1.000   
171.995   0.000   5.100   0.000   0.000   6.000   1.000   
171.995   0.000   5.385   0.000   0.000   6.000   1.000   
171.995   0.000   5.675   0.000   0.000   6.000   1.000   
171.995   0.000   5.965   0.000   0.000   6.000   1.000   
171.995   0.000   6.250   0.000   0.000   6.000   1.000   
171.995   0.000   6.535   0.000   0.000   6.000   1.000   
171.995   0.000   6.820   0.000   0.000   6.000   1.000   
171.995   0.000   7.100   0.000   0.000   6.000   1.000   
171.995   0.000   7.380   0.000   0.000   6.000   1.000   
171.995   0.000   7.660   0.000   0.000   6.000   1.000   
171.995   0.000   7.940   0.000   0.000   6.000   1.000   
171.995   0.000   8.220   0.000   0.000   6.000   1.000   
171.995   0.000   8.500   0.000   0.000   6.000   1.000   
171.995   0.000   8.780   0.000   0.000   6.000   1.000   
170.795   0.000   9.060   0.000   0.000   6.000   1.000   
170.655   0.000   9.340   0.000   0.000   6.000   1.000   
170.655   0.000   9.620   0.000   0.000   6.000   1.000   
170.655   0.000   9.900   0.000   0.000   6.000   1.000   
170.655   0.000   10.180   0.000   0.000   6.000   1.000   
170.655   0.000   10.465   0.000   0.000   6.000   1.000   
170.655   0.000   10.750   0.000   0.000   6.000   1.000   
170.655   0.000   11.030   0.000   0.000   6.000   1.000   
170.655   0.000   11.310   0.000   0.000   6.000   1.000   
170.655   0.000   11.590   0.000   0.000   6.000   1.000   
170.655   0.000   11.865   0.000   0.000   6.000   1.000   
170.655   0.000   12.140   0.000   0.000   6.000   1.000   
170.655   0.000   12.410   0.000   0.000   6.000   1.000   
170.655   0.000   12.685   0.000   0.000   6.000   1.000   
170.655   0.000   12.960   0.000   0.000   6.000   1.000   
170.655   0.000   13.230   0.000   0.000   6.000   1.000   
169.455   0.000   13.500   0.000   0.000   6.000   1.000   
169.450   0.000   13.775   0.000   0.000   6.000   1.000   
169.450   0.000   13.775   0.000   0.000   6.000   1.000   
169.435   0.000   14.050   0.000   0.000   6.000   1.000   
169.435   0.000   14.320   0.000   0.000   6.000   1.000   
169.435   0.000   14.595   0.000   0.000   6.000   1.000   
169.435   0.000   14.870   0.000   0.000   6.000   1.000   
169.435   0.000   15.145   0.000   0.000   6.000   1.000   
169.435   0.000   15.420   0.000   0.000   6.000   1.000   
169.435   0.000   15.685   0.000   0.000   6.000   1.000   
169.435   0.000   15.955   0.000   0.000   6.000   1.000   
169.435   0.000   16.225   0.000   0.000   6.000   1.000   
169.435   0.000   16.495   0.000   0.000   6.000   1.000   
169.435   0.000   16.760   0.000   0.000   6.000   1.000   
169.435   0.000   17.025   0.000   0.000   6.000   1.000   
169.435   0.000   17.295   0.000   0.000   6.000   1.000   
168.405   0.000   17.565   0.000   0.000   6.000   1.000   
168.405   0.000   17.830   0.000   0.000   6.000   1.000   
168.405   0.000   18.095   0.000   0.000   6.000   1.000   
168.415   0.000   18.360   0.000   0.000   6.000   1.000   
168.415   0.000   18.625   0.000   0.000   6.000   1.000   
168.415   0.000   18.890   0.000   0.000   6.000   1.000   
168.415   0.000   19.155   0.000   0.000   6.000   1.000   
168.415   0.000   19.420   0.000   0.000   6.000   1.000   
168.415   0.000   19.685   0.000   0.000   6.000   1.000   
168.415   0.000   19.940   0.000   0.000   6.000   1.000   
168.415   0.000   20.200   0.000   0.000   6.000   1.000   
168.415   0.000   20.460   0.000   0.000   6.000   1.000   
168.415   0.000   20.720   0.000   0.000   6.000   1.000   
168.415   0.000   20.975   0.000   0.000   6.000   1.000   
168.415   0.000   21.235   0.000   0.000   6.000   1.000   
168.415   0.000   21.495   0.000   0.000   6.000   1.000   
167.670   0.000   21.755   0.000   0.000   6.000   1.000   
167.670   0.000   22.010   0.000   0.000   6.000   1.000   
167.660   0.000   22.265   0.000   0.000   6.000   1.000   
167.660   0.000   22.515   0.000   0.000   6.000   1.000   
167.660   0.000   22.770   0.000   0.000   6.000   1.000   
167.660   0.000   23.025   0.000   0.000   6.000   1.000   
167.660   0.000   23.280   0.000   0.000   6.000   1.000   
167.660   0.000   23.530   0.000   0.000   6.000   1.000   
167.660   0.000   23.780   0.000   0.000   6.000   1.000   
167.660   0.000   24.030   0.000   0.000   6.000   1.000   
167.660   0.000   24.280   0.000   0.000   6.000   1.000   
167.660   0.000   24.525   0.000   0.000   6.000   1.000   
167.660   0.000   24.775   0.000   0.000   6.000   1.000   
167.660   0.000   25.020   0.000   0.000   6.000   1.000   
167.660   0.000   25.020   0.000   0.000   6.000   1.000   
167.660   0.000   25.265   0.000   0.000   6.000   1.000   
167.660   0.000   25.510   0.000   0.000   6.000   1.000   
167.100   0.000   25.760   0.000   0.000   6.000   1.000   
167.100   0.000   26.005   0.000   0.000   6.000   1.000   
167.090   0.000   26.245   0.000   0.000   6.000   1.000   
167.090   0.000   26.490   0.000   0.000   6.000   1.000   
167.090   0.000   26.735   0.000   0.000   6.000   1.000   
167.090   0.000   26.975   0.000   0.000   6.000   1.000   
167.090   0.000   27.215   0.000   0.000   6.000   1.000   
167.090   0.000   27.460   0.000   0.000   6.000   1.000   
167.090   0.000   27.695   0.000   0.000   6.000   1.000   
167.090   0.000   27.935   0.000   0.000   6.000   1.000   
167.090   0.000   28.170   0.000   0.000   6.000   1.000   
167.090   0.000   28.405   0.000   0.000   6.000   1.000   
167.090   0.000   28.640   0.000   0.000   6.000   1.000   
167.090   0.000   28.870   0.000   0.000   6.000   1.000   
167.090   0.000   29.100   0.000   0.000   6.000   1.000   
167.090   0.000   29.335   0.000   0.000   6.000   1.000   
166.635   0.000   29.565   0.000   0.000   6.000   1.000   
166.635   0.000   29.795   0.000   0.000   6.000   1.000   
166.645   0.000   30.025   0.000   0.000   6.000   1.000   
166.645   0.000   30.255   0.000   0.000   6.000   1.000   
166.645   0.000   30.490   0.000   0.000   6.000   1.000   
166.645   0.000   30.720   0.000   0.000   6.000   1.000   
166.645   0.000   30.950   0.000   0.000   6.000   1.000   
166.645   0.000   31.175   0.000   0.000   6.000   1.000   
166.645   0.000   31.400   0.000   0.000   6.000   1.000   
166.645   0.000   31.620   0.000   0.000   6.000   1.000   
166.645   0.000   31.845   0.000   0.000   6.000   1.000   
166.645   0.000   32.065   0.000   0.000   6.000   1.000   
166.645   0.000   32.285   0.000   0.000   6.000   1.000   
166.645   0.000   32.505   0.000   0.000   6.000   1.000   
166.645   0.000   32.725   0.000   0.000   6.000   1.000   
166.645   0.000   32.945   0.000   0.000   6.000   1.000   
166.265   0.000   33.160   0.000   0.000   6.000   1.000   
166.250   0.000   33.375   0.000   0.000   6.000   1.000   
166.250   0.000   33.590   0.000   0.000   6.000   1.000   
166.250   0.000   33.805   0.000   0.000   6.000   1.000   
166.250   0.000   34.020   0.000   0.000   6.000   1.000   
166.250   0.000   34.235   0.000   0.000   6.000   1.000   
166.250   0.000   34.450   0.000   0.000   6.000   1.000   
166.250   0.000   34.660   0.000   0.000   6.000   1.000   
166.250   0.000   34.660   0.000   0.000   6.000   1.000   
166.250   0.000   34.870   0.000   0.000   6.000   1.000   
166.250   0.000   35.080   0.000   0.000   6.000   1.000   
166.250   0.000   35.290   0.000   0.000   6.000   1.000   
166.250   0.000   35.500   0.000   0.000   6.000   1.000   
166.250   0.000   35.705   0.000   0.000   6.000   1.000   
166.250   0.000   35.910   0.000   0.000   6.000   1.000   
166.250   0.000   36.115   0.000   0.000   6.000   1.000   
165.965   0.000   36.320   0.000   0.000   6.000   1.000   
165.965   0.000   36.520   0.000   0.000   6.000   1.000   
165.965   0.000   36.720   0.000   0.000   6.000   1.000   
165.965   0.000   36.925   0.000   0.000   6.000   1.000   
165.965   0.000   37.120   0.000   0.000   6.000   1.000   
165.965   0.000   37.320   0.000   0.000   6.000   1.000   
165.965   0.000   37.515   0.000   0.000   6.000   1.000   
165.965   0.000   37.710   0.000   0.000   6.000   1.000   
165.965   0.000   37.905   0.000   0.000   6.000   1.000   
165.965   0.000   38.100   0.000   0.000   6.000   1.000   
165.965   0.000   38.290   0.000   0.000   6.000   1.000   
165.965   0.000   38.480   0.000   0.000   6.000   1.000   
165.965   0.000   38.670   0.000   0.000   6.000   1.000   
165.965   0.000   38.860   0.000   0.000   6.000   1.000   
165.965   0.000   39.045   0.000   0.000   6.000   1.000   
165.965   0.000   39.235   0.000   0.000   6.000   1.000   
165.785   0.000   39.425   0.000   0.000   6.000   1.000   
165.785   0.000   39.610   0.000   0.000   6.000   1.000   
165.785   0.000   39.795   0.000   0.000   6.000   1.000   
165.785   0.000   39.985   0.000   0.000   6.000   1.000   
165.785   0.000   40.165   0.000   0.000   6.000   1.000   
165.785   0.000   40.345   0.000   0.000   6.000   1.000   
165.785   0.000   40.525   0.000   0.000   6.000   1.000   
165.785   0.000   40.705   0.000   0.000   6.000   1.000   
165.785   0.000   40.880   0.000   0.000   6.000   1.000   
165.785   0.000   41.060   0.000   0.000   6.000   1.000   
165.785   0.000   41.235   0.000   0.000   6.000   1.000   
165.785   0.000   41.410   0.000   0.000   6.000   1.000   
165.785   0.000   41.585   0.000   0.000   6.000   1.000   
165.785   0.000   41.760   0.000   0.000   6.000   1.000   
165.785   0.000   41.930   0.000   0.000   6.000   1.000   
165.785   0.000   42.100   0.000   0.000   6.000   1.000   
165.785   0.000   42.275   0.000   0.000   6.000   1.000   
165.660   0.000   42.440   0.000   0.000   6.000   1.000   
165.660   0.000   42.440   0.000   0.000   6.000   1.000   
165.690   0.000   42.610   0.000   0.000   6.000   1.000   
165.690   0.000   42.775   0.000   0.000   6.000   1.000   
165.690   0.000   42.940   0.000   0.000   6.000   1.000   
165.690   0.000   43.105   0.000   0.000   6.000   1.000   
165.690   0.000   43.265   0.000   0.000   6.000   1.000   
165.690   0.000   43.430   0.000   0.000   6.000   1.000   
165.690   0.000   43.585   0.000   0.000   6.000   1.000   
165.690   0.000   43.745   0.000   0.000   6.000   1.000   
165.690   0.000   43.905   0.000   0.000   6.000   1.000   
165.690   0.000   44.060   0.000   0.000   6.000   1.000   
165.690   0.000   44.215   0.000   0.000   6.000   1.000   
165.690   0.000   44.375   0.000   0.000   6.000   1.000   
165.690   0.000   44.525   0.000   0.000   6.000   1.000   
165.600   0.000   44.830   0.000   0.000   6.000   1.000   
165.595   0.000   44.980   0.000   0.000   6.000   1.000   
165.595   0.000   45.125   0.000   0.000   6.000   1.000   
165.595   0.000   45.270   0.000   0.000   6.000   1.000   
165.595   0.000   45.415   0.000   0.000   6.000   1.000   
165.595   0.000   45.560   0.000   0.000   6.000   1.000   
165.595   0.000   45.705   0.000   0.000   6.000   1.000   
165.595   0.000   45.850   0.000   0.000   6.000   1.000   
165.595   0.000   45.990   0.000   0.000   6.000   1.000   
165.595   0.000   46.135   0.000   0.000   6.000   1.000   
165.595   0.000   46.275   0.000   0.000   6.000   1.000   
165.595   0.000   46.415   0.000   0.000   6.000   1.000   
165.595   0.000   46.550   0.000   0.000   6.000   1.000   
165.595   0.000   46.685   0.000   0.000   6.000   1.000   
165.595   0.000   46.820   0.000   0.000   6.000   1.000   
165.530   0.000   46.955   0.000   0.000   6.000   1.000   
165.530   0.000   47.085   0.000   0.000   6.000   1.000   
165.520   0.000   47.215   0.000   0.000   6.000   1.000   
165.520   0.000   47.345   0.000   0.000   6.000   1.000   
165.520   0.000   47.475   0.000   0.000   6.000   1.000   
165.520   0.000   47.600   0.000   0.000   6.000   1.000   
165.520   0.000   47.725   0.000   0.000   6.000   1.000   
165.520   0.000   47.850   0.000   0.000   6.000   1.000   
165.520   0.000   47.975   0.000   0.000   6.000   1.000   
165.520   0.000   48.100   0.000   0.000   6.000   1.000   
165.520   0.000   48.220   0.000   0.000   6.000   1.000   
165.520   0.000   48.345   0.000   0.000   6.000   1.000   
165.520   0.000   48.465   0.000   0.000   6.000   1.000   
165.520   0.000   48.465   0.000   0.000   6.000   1.000   
165.520   0.000   48.580   0.000   0.000   6.000   1.000   
165.520   0.000   48.695   0.000   0.000   6.000   1.000   
165.520   0.000   48.810   0.000   0.000   6.000   1.000   
165.485   0.000   48.925   0.000   0.000   6.000   1.000   
165.485   0.000   49.035   0.000   0.000   6.000   1.000   
165.485   0.000   49.145   0.000   0.000   6.000   1.000   
165.485   0.000   49.255   0.000   0.000   6.000   1.000   
165.485   0.000   49.365   0.000   0.000   6.000   1.000   
165.485   0.000   49.475   0.000   0.000   6.000   1.000   
165.485   0.000   49.585   0.000   0.000   6.000   1.000   
165.485   0.000   49.690   0.000   0.000   6.000   1.000   
165.485   0.000   49.790   0.000   0.000   6.000   1.000   
165.485   0.000   49.890   0.000   0.000   6.000   1.000   
165.485   0.000   49.990   0.000   0.000   6.000   1.000   
165.485   0.000   50.090   0.000   0.000   6.000   1.000   
165.485   0.000   50.190   0.000   0.000   6.000   1.000   
165.485   0.000   50.285   0.000   0.000   6.000   1.000   
165.485   0.000   50.380   0.000   0.000   6.000   1.000   
165.485   0.000   50.475   0.000   0.000   6.000   1.000   
165.475   0.000   50.570   0.000   0.000   6.000   1.000   
165.465   0.000   50.660   0.000   0.000   6.000   1.000   
165.465   0.000   50.750   0.000   0.000   6.000   1.000   
165.465   0.000   50.840   0.000   0.000   6.000   1.000   
165.465   0.000   50.930   0.000   0.000   6.000   1.000   
165.465   0.000   51.020   0.000   0.000   6.000   1.000   
165.465   0.000   51.105   0.000   0.000   6.000   1.000   
165.465   0.000   51.190   0.000   0.000   6.000   1.000   
165.465   0.000   51.270   0.000   0.000   6.000   1.000   
165.465   0.000   51.355   0.000   0.000   6.000   1.000   
165.465   0.000   51.435   0.000   0.000   6.000   1.000   
165.465   0.000   51.515   0.000   0.000   6.000   1.000   
165.465   0.000   51.595   0.000   0.000   6.000   1.000   
165.465   0.000   51.670   0.000   0.000   6.000   1.000   
165.465   0.000   51.750   0.000   0.000   6.000   1.000   
165.465   0.000   51.820   0.000   0.000   6.000   1.000   
165.460   0.000   51.895   0.000   0.000   6.000   1.000   
165.465   0.000   51.965   0.000   0.000   6.000   1.000   
165.465   0.000   52.035   0.000   0.000   6.000   1.000   
165.465   0.000   52.105   0.000   0.000   6.000   1.000   
165.465   0.000   52.170   0.000   0.000   6.000   1.000   
165.465   0.000   52.240   0.000   0.000   6.000   1.000   
165.465   0.000   52.305   0.000   0.000   6.000   1.000   
165.465   0.000   52.305   0.000   0.000   6.000   1.000   
165.465   0.000   52.370   0.000   0.000   6.000   1.000   
165.465   0.000   52.430   0.000   0.000   6.000   1.000   
165.465   0.000   52.490   0.000   0.000   6.000   1.000   
165.465   0.000   52.550   0.000   0.000   6.000   1.000   
165.465   0.000   52.605   0.000   0.000   6.000   1.000   
165.465   0.000   52.665   0.000   0.000   6.000   1.000   
165.465   0.000   52.720   0.000   0.000   6.000   1.000   
165.465   0.000   52.775   0.000   0.000   6.000   1.000   
165.465   0.000   52.825   0.000   0.000   6.000   1.000   
165.465   0.000   52.880   0.000   0.000   6.000   1.000   
165.465   0.000   52.930   0.000   0.000   6.000   1.000   
165.465   0.000   52.980   0.000   0.000   6.000   1.000   
165.465   0.000   53.025   0.000   0.000   6.000   1.000   
165.465   0.000   53.075   0.000   0.000   6.000   1.000   
165.465   0.000   53.120   0.000   0.000   6.000   1.000   
165.465   0.000   53.160   0.000   0.000   6.000   1.000   
165.465   0.000   53.205   0.000   0.000   6.000   1.000   
165.465   0.000   53.245   0.000   0.000   6.000   1.000   
165.465   0.000   53.285   0.000   0.000   6.000   1.000   
165.465   0.000   53.325   0.000   0.000   6.000   1.000   
165.465   0.000   53.360   0.000   0.000   6.000   1.000   
165.465   0.000   53.400   0.000   0.000   6.000   1.000   
165.465   0.000   53.430   0.000   0.000   6.000   1.000   
165.465   0.000   53.465   0.000   0.000   6.000   1.000   
165.460   0.000   53.495   0.000   0.000   6.000   1.000   
165.455   0.000   53.525   0.000   0.000   6.000   1.000   
165.455   0.000   53.560   0.000   0.000   6.000   1.000   
165.455   0.000   53.590   0.000   0.000   6.000   1.000   
165.455   0.000   53.615   0.000   0.000   6.000   1.000   
165.455   0.000   53.640   0.000   0.000   6.000   1.000   
165.455   0.000   53.665   0.000   0.000   6.000   1.000   
165.455   0.000   53.690   0.000   0.000   6.000   1.000   
165.455   0.000   53.710   0.000   0.000   6.000   1.000   
165.455   0.000   53.730   0.000   0.000   6.000   1.000   
165.455   0.000   53.750   0.000   0.000   6.000   1.000   
165.455   0.000   53.765   0.000   0.000   6.000   1.000   
165.455   0.000   53.780   0.000   0.000   6.000   1.000   
165.455   0.000   53.795   0.000   0.000   6.000   1.000   
165.455   0.000   53.805   0.000   0.000   6.000   1.000   
165.455   0.000   53.820   0.000   0.000   6.000   1.000   
165.455   0.000   53.830   0.000   0.000   6.000   1.000   
165.455   0.000   53.830   0.000   0.000   6.000   1.000   
165.455   0.000   53.840   0.000   0.000   6.000   1.000   
165.455   0.000   53.845   0.000   0.000   6.000   1.000   
165.455   0.000   53.855   0.000   0.000   6.000   1.000   
165.455   0.000   53.860   0.000   0.000   6.000   1.000   
165.455   0.000   53.865   0.000   0.000   6.000   1.000   
165.455   0.000   53.870   0.000   0.000   6.000   1.000   
165.455   0.000   53.870   0.000   0.000   6.000   1.000   
165.455   0.000   53.870   0.000   0.000   6.000   1.000   
165.455   0.000   53.870   0.000   0.000   6.000   1.000   
165.455   0.000   53.870   0.000   0.000   6.000   1.000   
165.455   0.000   53.865   0.000   0.000   6.000   1.000   
165.455   0.000   53.855   0.000   0.000   6.000   1.000   
165.455   0.000   53.850   0.000   0.000   6.000   1.000   
165.455   0.000   53.840   0.000   0.000   6.000   1.000   
165.455   0.000   53.830   0.000   0.000   6.000   1.000   
165.455   0.000   53.820   0.000   0.000   6.000   1.000   
165.465   0.000   53.805   0.000   0.000   6.000   1.000   
165.465   0.000   53.790   0.000   0.000   6.000   1.000   
165.465   0.000   53.780   0.000   0.000   6.000   1.000   
165.465   0.000   53.765   0.000   0.000   6.000   1.000   
165.465   0.000   53.745   0.000   0.000   6.000   1.000   
165.465   0.000   53.730   0.000   0.000   6.000   1.000   
165.465   0.000   53.710   0.000   0.000   6.000   1.000   
165.465   0.000   53.690   0.000   0.000   6.000   1.000   
165.465   0.000   53.665   0.000   0.000   6.000   1.000   
165.465   0.000   53.640   0.000   0.000   6.000   1.000   
165.465   0.000   53.615   0.000   0.000   6.000   1.000   
165.465   0.000   53.585   0.000   0.000   6.000   1.000   
165.465   0.000   53.560   0.000   0.000   6.000   1.000   
165.465   0.000   53.525   0.000   0.000   6.000   1.000   
165.465   0.000   53.495   0.000   0.000   6.000   1.000   
165.465   0.000   53.465   0.000   0.000   6.000   1.000   
165.465   0.000   53.430   0.000   0.000   6.000   1.000   
165.465   0.000   53.395   0.000   0.000   6.000   1.000   
165.465   0.000   53.360   0.000   0.000   6.000   1.000   
165.465   0.000   53.320   0.000   0.000   6.000   1.000   
165.465   0.000   53.285   0.000   0.000   6.000   1.000   
165.465   0.000   53.245   0.000   0.000   6.000   1.000   
165.465   0.000   53.200   0.000   0.000   6.000   1.000   
165.465   0.000   53.160   0.000   0.000   6.000   1.000   
165.465   0.000   53.115   0.000   0.000   6.000   1.000   
165.465   0.000   53.070   0.000   0.000   6.000   1.000   
165.465   0.000   53.070   0.000   0.000   6.000   1.000   
165.465   0.000   53.025   0.000   0.000   6.000   1.000   
165.465   0.000   52.980   0.000   0.000   6.000   1.000   
165.465   0.000   52.930   0.000   0.000   6.000   1.000   
165.465   0.000   52.885   0.000   0.000   6.000   1.000   
165.465   0.000   52.830   0.000   0.000   6.000   1.000   
165.465   0.000   52.780   0.000   0.000   6.000   1.000   
165.465   0.000   52.720   0.000   0.000   6.000   1.000   
165.465   0.000   52.665   0.000   0.000   6.000   1.000   
165.465   0.000   52.605   0.000   0.000   6.000   1.000   
165.465   0.000   52.550   0.000   0.000   6.000   1.000   
165.465   0.000   52.490   0.000   0.000   6.000   1.000   
165.465   0.000   52.425   0.000   0.000   6.000   1.000   
165.465   0.000   52.365   0.000   0.000   6.000   1.000   
165.465   0.000   52.300   0.000   0.000   6.000   1.000   
165.465   0.000   52.235   0.000   0.000   6.000   1.000   
165.465   0.000   52.165   0.000   0.000   6.000   1.000   
165.465   0.000   52.100   0.000   0.000   6.000   1.000   
165.465   0.000   52.030   0.000   0.000   6.000   1.000   
165.465   0.000   51.960   0.000   0.000   6.000   1.000   
165.465   0.000   51.885   0.000   0.000   6.000   1.000   
165.465   0.000   51.815   0.000   0.000   6.000   1.000   
165.485   0.000   51.740   0.000   0.000   6.000   1.000   
165.485   0.000   51.665   0.000   0.000   6.000   1.000   
165.485   0.000   51.590   0.000   0.000   6.000   1.000   
165.485   0.000   51.510   0.000   0.000   6.000   1.000   
165.485   0.000   51.430   0.000   0.000   6.000   1.000   
165.485   0.000   51.350   0.000   0.000   6.000   1.000   
165.485   0.000   51.265   0.000   0.000   6.000   1.000   
165.485   0.000   51.180   0.000   0.000   6.000   1.000   
165.485   0.000   51.100   0.000   0.000   6.000   1.000   
165.485   0.000   51.015   0.000   0.000   6.000   1.000   
165.485   0.000   50.925   0.000   0.000   6.000   1.000   
165.485   0.000   50.840   0.000   0.000   6.000   1.000   
165.485   0.000   50.750   0.000   0.000   6.000   1.000   
165.485   0.000   50.660   0.000   0.000   6.000   1.000   
165.485   0.000   50.565   0.000   0.000   6.000   1.000   
165.485   0.000   50.470   0.000   0.000   6.000   1.000   
165.520   0.000   50.375   0.000   0.000   6.000   1.000   
165.520   0.000   50.280   0.000   0.000   6.000   1.000   
165.520   0.000   50.185   0.000   0.000   6.000   1.000   
165.520   0.000   50.085   0.000   0.000   6.000   1.000   
165.520   0.000   50.085   0.000   0.000   6.000   1.000   
165.520   0.000   49.885   0.000   0.000   6.000   1.000   
165.520   0.000   49.885   0.000   0.000   6.000   1.000   
165.520   0.000   49.780   0.000   0.000   6.000   1.000   
165.520   0.000   49.675   0.000   0.000   6.000   1.000   
165.520   0.000   49.570   0.000   0.000   6.000   1.000   
165.520   0.000   49.460   0.000   0.000   6.000   1.000   
165.520   0.000   49.355   0.000   0.000   6.000   1.000   
165.520   0.000   49.245   0.000   0.000   6.000   1.000   
165.520   0.000   49.135   0.000   0.000   6.000   1.000   
165.520   0.000   49.020   0.000   0.000   6.000   1.000   
165.520   0.000   48.910   0.000   0.000   6.000   1.000   
165.595   0.000   48.795   0.000   0.000   6.000   1.000   
165.595   0.000   48.680   0.000   0.000   6.000   1.000   
165.595   0.000   48.565   0.000   0.000   6.000   1.000   
165.595   0.000   48.450   0.000   0.000   6.000   1.000   
165.595   0.000   48.330   0.000   0.000   6.000   1.000   
165.595   0.000   48.210   0.000   0.000   6.000   1.000   
165.595   0.000   48.090   0.000   0.000   6.000   1.000   
165.595   0.000   47.965   0.000   0.000   6.000   1.000   
165.595   0.000   47.840   0.000   0.000   6.000   1.000   
165.595   0.000   47.715   0.000   0.000   6.000   1.000   
165.595   0.000   47.590   0.000   0.000   6.000   1.000   
165.595   0.000   47.460   0.000   0.000   6.000   1.000   
165.595   0.000   47.335   0.000   0.000   6.000   1.000   
165.595   0.000   47.205   0.000   0.000   6.000   1.000   
165.595   0.000   47.075   0.000   0.000   6.000   1.000   
165.595   0.000   46.945   0.000   0.000   6.000   1.000   
165.690   0.000   46.810   0.000   0.000   6.000   1.000   
165.690   0.000   46.675   0.000   0.000   6.000   1.000   
165.690   0.000   46.535   0.000   0.000   6.000   1.000   
165.690   0.000   46.400   0.000   0.000   6.000   1.000   
165.690   0.000   46.260   0.000   0.000   6.000   1.000   
165.690   0.000   46.125   0.000   0.000   6.000   1.000   
165.690   0.000   45.980   0.000   0.000   6.000   1.000   
165.690   0.000   45.840   0.000   0.000   6.000   1.000   
165.690   0.000   45.695   0.000   0.000   6.000   1.000   
165.690   0.000   45.550   0.000   0.000   6.000   1.000   
155.690   0.000   45.405   0.000   0.000   6.000   1.000   
145.690   0.000   45.260   0.000   0.000   6.000   1.000   
145.690   0.000   45.115   0.000   0.000   6.000   1.000   
135.690   0.000   44.970   0.000   0.000   6.000   1.000   
125.690   0.000   44.820   0.000   0.000   6.000   1.000   
115.690   0.000   44.820   0.000   0.000   6.000   1.000   
105.690   0.000   44.670   0.000   0.000   6.000   1.000   
95.690   0.000   44.515   0.000   0.000   5.000   1.000   
85.690   0.000   44.360   0.000   0.000   5.000   1.000   
75.690   0.000   44.210   0.000   0.000   5.000   1.000   
65.690   0.000   44.060   0.000   0.000   5.000   1.000   
55.690   0.000   43.915   0.000   0.000   5.000   1.000   
45.690   0.000   43.780   0.000   0.000   5.000   1.000   
35.690   0.000   43.665   0.000   0.000   5.000   1.000   
25.690   0.000   43.580   0.000   0.000   5.000   1.000   
15.690   0.000   43.530   0.000   0.000   5.000   1.000   
5.690   0.000   43.510   0.000   0.000   5.000   1.000   
0.000   0.000   43.525   0.000   0.000   5.000   1.000   
0.000   0.000   43.575   0.000   0.000   5.000   1.000   
0.000   0.000   43.660   0.000   0.000   5.000   1.000   
0.000   0.000   43.770   0.000   0.000   5.000   1.000   
0.000   0.000   43.895   0.000   0.000   5.000   1.000   
0.000   0.000   44.040   0.000   0.000   5.000   1.000   
0.000   0.000   44.195   0.000   0.000   5.000   1.000   
0.000   0.000   44.355   0.000   0.000   5.000   1.000   
0.000   0.000   44.515   0.000   0.000   5.000   1.000   
0.000   0.000   44.675   0.000   0.000   5.000   1.000   
0.000   0.000   44.825   0.000   0.000   5.000   1.000   
0.000   0.000   44.975   0.000   0.000   5.000   1.000   
0.000   0.000   45.120   0.000   0.000   5.000   1.000   
0.000   0.000   45.265   0.000   0.000   5.000   1.000   
0.000   0.000   45.410   0.000   0.000   5.000   1.000   
0.000   0.000   45.555   0.000   0.000   5.000   1.000   
0.000   0.000   45.700   0.000   0.000   5.000   1.000   
0.000   0.000   45.840   0.000   0.000   5.000   1.000   
0.000   0.000   45.985   0.000   0.000   5.000   1.000   
0.000   0.000   46.130   0.000   0.000   5.000   1.000   
0.000   0.000   46.275   0.000   0.000   5.000   1.000   
0.000   0.000   46.420   0.000   0.000   5.000   1.000   
0.000   0.000   46.565   0.000   0.000   5.000   1.000   
0.000   0.000   46.705   0.000   0.000   5.000   1.000   
0.000   0.000   46.850   0.000   0.000   5.000   1.000   
0.000   0.000   46.995   0.000   0.000   5.000   1.000   
0.000   0.000   47.145   0.000   0.000   5.000   1.000   
0.000   0.000   47.295   0.000   0.000   5.000   1.000   
0.000   0.000   47.440   0.000   0.000   5.000   1.000   
0.000   0.000   47.590   0.000   0.000   5.000   1.000   
0.000   0.000   47.735   0.000   0.000   5.000   1.000   
0.000   0.000   47.735   0.000   0.000   5.000   1.000   
0.000   0.000   47.880   0.000   0.000   5.000   1.000   
0.000   0.000   48.030   0.000   0.000   5.000   1.000   
0.000   0.000   48.175   0.000   0.000   5.000   1.000   
0.000   0.000   48.325   0.000   0.000   5.000   1.000   
0.000   0.000   48.470   0.000   0.000   5.000   1.000   
0.000   0.000   48.615   0.000   0.000   5.000   1.000   
0.000   0.000   48.760   0.000   0.000   5.000   1.000   
0.000   0.000   48.900   0.000   0.000   5.000   1.000   
0.000   0.000   49.045   0.000   0.000   5.000   1.000   
0.000   0.000   49.190   0.000   0.000   5.000   1.000   
0.000   0.000   49.335   0.000   0.000   5.000   1.000   
0.000   0.000   49.480   0.000   0.000   5.000   1.000   
0.000   0.000   49.625   0.000   0.000   5.000   1.000   
0.000   0.000   49.770   0.000   0.000   5.000   1.000   
0.000   0.000   49.915   0.000   0.000   5.000   1.000   
0.000   0.000   50.055   0.000   0.000   5.000   1.000   
0.000   0.000   50.205   0.000   0.000   5.000   1.000   
0.000   0.000   50.350   0.000   0.000   5.000   1.000   
0.000   0.000   50.500   0.000   0.000   5.000   1.000   
0.000   0.000   50.645   0.000   0.000   5.000   1.000   
0.000   0.000   50.795   0.000   0.000   5.000   1.000   
0.000   0.000   50.940   0.000   0.000   5.000   1.000   
0.000   0.000   51.085   0.000   0.000   5.000   1.000   
0.000   0.000   51.230   0.000   0.000   5.000   1.000   
0.000   0.000   51.375   0.000   0.000   5.000   1.000   
0.000   0.000   51.525   0.000   0.000   5.000   1.000   
0.000   0.000   51.670   0.000   0.000   5.000   1.000   
0.000   0.000   51.815   0.000   0.000   5.000   1.000   
0.000   0.000   51.960   0.000   0.000   5.000   1.000   
0.000   0.000   52.105   0.000   0.000   5.000   1.000   
0.000   0.000   52.250   0.000   0.000   5.000   1.000   
0.000   0.000   52.390   0.000   0.000   5.000   1.000   
0.000   0.000   52.535   0.000   0.000   5.000   1.000   
0.000   0.000   52.680   0.000   0.000   5.000   1.000   
0.000   0.000   52.830   0.000   0.000   5.000   1.000   
0.000   0.000   52.970   0.000   0.000   5.000   1.000   
0.000   0.000   53.115   0.000   0.000   5.000   1.000   
0.000   0.000   53.265   0.000   0.000   5.000   1.000   
0.000   0.000   53.410   0.000   0.000   5.000   1.000   
0.000   0.000   53.555   0.000   0.000   5.000   1.000   
0.000   0.000   53.705   0.000   0.000   5.000   1.000   
0.000   0.000   53.850   0.000   0.000   5.000   1.000   
0.000   0.000   54.000   0.000   0.000   5.000   1.000   
0.000   0.000   54.000   0.000   0.000   5.000   1.000   
0.000   0.000   54.145   0.000   0.000   5.000   1.000   
0.000   0.000   54.290   0.000   0.000   5.000   1.000   
0.000   0.000   54.435   0.000   0.000   5.000   1.000   
0.000   0.000   54.585   0.000   0.000   5.000   1.000   
0.000   0.000   54.730   0.000   0.000   5.000   1.000   
0.000   0.000   54.875   0.000   0.000   5.000   1.000   
0.000   0.000   55.020   0.000   0.000   5.000   1.000   
0.000   0.000   55.165   0.000   0.000   5.000   1.000   
0.000   0.000   55.310   0.000   0.000   5.000   1.000   
0.000   0.000   55.455   0.000   0.000   5.000   1.000   
0.000   0.000   55.600   0.000   0.000   5.000   1.000   
0.000   0.000   55.745   0.000   0.000   5.000   1.000   
0.000   0.000   55.890   0.000   0.000   5.000   1.000   
0.000   0.000   56.035   0.000   0.000   5.000   1.000   
0.000   0.000   56.175   0.000   0.000   5.000   1.000   
0.000   0.000   56.320   0.000   0.000   5.000   1.000   
0.000   0.000   56.470   0.000   0.000   5.000   1.000   
0.000   0.000   56.615   0.000   0.000   5.000   1.000   
0.000   0.000   56.755   0.000   0.000   5.000   1.000   
0.000   0.000   56.805   0.000   0.000   5.000   1.000   
0.000   0.000   56.785   0.000   0.000   5.000   1.000   
0.000   0.000   56.730   0.000   0.000   5.000   1.000   
0.000   0.000   56.615   0.000   0.000   5.000   1.000   
0.000   0.000   56.450   0.000   0.000   5.000   1.000   
0.000   0.000   56.290   0.000   0.000   5.000   1.000   
0.000   0.000   56.195   0.000   0.000   5.000   1.000   
0.000   0.000   56.135   0.000   0.000   5.000   1.000   
0.000   0.000   56.095   0.000   0.000   5.000   1.000   
0.000   0.000   56.075   0.000   0.000   5.000   1.000   
0.000   0.000   56.060   0.000   0.000   5.000   1.000   
0.000   0.000   56.050   0.000   0.000   5.000   1.000   
0.000   0.000   56.040   0.000   0.000   5.000   1.000   
0.000   0.000   56.035   0.000   0.000   5.000   1.000   
0.000   0.000   56.030   0.000   0.000   5.000   1.000   
0.000   0.000   56.035   0.000   0.000   5.000   1.000   
0.000   0.000   56.040   0.000   0.000   5.000   1.000   
0.000   0.000   56.040   0.000   0.000   5.000   1.000   
0.000   0.000   56.040   0.000   0.000   5.000   1.000   
0.000   0.000   56.040   0.000   0.000   5.000   1.000   
0.000   0.000   56.035   0.000   0.000   5.000   1.000   
0.000   0.000   56.030   0.000   0.000   5.000   1.000   
0.000   0.000   56.035   0.000   0.000   5.000   1.000   
0.000   0.000   56.035   0.000   0.000   5.000   1.000   
0.000   0.000   56.035   0.000   0.000   5.000   1.000   
0.000   0.000   56.040   0.000   0.000   5.000   1.000   
0.000   0.000   56.045   0.000   0.000   5.000   1.000   
0.000   0.000   56.045   0.000   0.000   5.000   1.000   
0.000   0.000   56.045   0.000   0.000   5.000   1.000   
0.000   0.000   56.045   0.000   0.000   5.000   1.000   
0.000   0.000   56.045   0.000   0.000   5.000   1.000   
0.000   0.000   56.040   0.000   0.000   5.000   1.000   
0.000   0.000   56.035   0.000   0.000   5.000   1.000   
0.000   0.000   56.030   0.000   0.000   5.000   1.000   
0.000   0.000   56.025   0.000   0.000   5.000   1.000   
0.000   0.000   56.020   0.000   0.000   5.000   1.000   
0.000   0.000   56.020   0.000   0.000   5.000   1.000   
0.000   0.000   56.025   0.000   0.000   5.000   1.000   
0.000   0.000   56.025   0.000   0.000   5.000   1.000   
0.000   0.000   56.030   0.000   0.000   5.000   1.000   
0.000   0.000   56.035   0.000   0.000   5.000   1.000   
0.000   0.000   56.035   0.000   0.000   5.000   1.000   
0.000   0.000   56.040   0.000   0.000   5.000   1.000   
0.000   0.000   56.040   0.000   0.000   5.000   1.000   
0.000   0.000   56.040   0.000   0.000   5.000   1.000   
0.000   0.000   56.040   0.000   0.000   5.000   1.000   
0.000   0.000   56.045   0.000   0.000   5.000   1.000   
0.000   0.000   56.040   0.000   0.000   5.000   1.000   
0.000   0.000   56.040   0.000   0.000   5.000   1.000   
0.000   0.000   56.040   0.000   0.000   5.000   1.000   
0.000   0.000   56.040   0.000   0.000   5.000   1.000   
0.000   0.000   56.040   0.000   0.000   5.000   1.000   
0.000   0.000   56.040   0.000   0.000   5.000   1.000   
0.000   0.000   56.040   0.000   0.000   5.000   1.000   
0.000   0.000   56.035   0.000   0.000   5.000   1.000   
0.000   0.000   56.035   0.000   0.000   5.000   1.000   
0.000   0.000   56.030   0.000   0.000   5.000   1.000   
0.000   0.000   56.030   0.000   0.000   5.000   1.000   
0.000   0.000   56.030   0.000   0.000   5.000   1.000   
0.000   0.000   56.025   0.000   0.000   5.000   1.000   
0.000   0.000   56.025   0.000   0.000   5.000   1.000   
0.000   0.000   56.030   0.000   0.000   5.000   1.000   
0.000   0.000   56.030   0.000   0.000   5.000   1.000   
0.000   0.000   56.035   0.000   0.000   5.000   1.000   
0.000   0.000   56.035   0.000   0.000   5.000   1.000   
0.000   0.000   56.035   0.000   0.000   5.000   1.000   
0.000   0.000   56.040   0.000   0.000   5.000   1.000   
0.000   0.000   56.040   0.000   0.000   5.000   1.000   
0.000   0.000   56.040   0.000   0.000   5.000   1.000   
0.000   0.000   56.040   0.000   0.000   5.000   1.000   
0.000   0.000   56.045   0.000   0.000   5.000   1.000   
0.000   0.000   56.040   0.000   0.000   5.000   1.000   
0.000   0.000   56.040   0.000   0.000   5.000   1.000   
0.000   0.000   56.040   0.000   0.000   5.000   1.000   
0.000   0.000   56.040   0.000   0.000   5.000   1.000   
0.000   0.000   56.035   0.000   0.000   5.000   1.000   
0.000   0.000   56.035   0.000   0.000   5.000   1.000   
0.000   0.000   56.035   0.000   0.000   5.000   1.000   
0.000   0.000   56.030   0.000   0.000   5.000   1.000   
0.000   0.000   56.030   0.000   0.000   5.000   1.000   
0.000   0.000   56.030   0.000   0.000   5.000   1.000   
0.000   0.000   56.030   0.000   0.000   5.000   1.000   
0.000   0.000   56.030   0.000   0.000   5.000   1.000   
0.000   0.000   56.030   0.000   0.000   5.000   1.000   
0.000   0.000   56.035   0.000   0.000   5.000   1.000   
0.000   0.000   56.035   0.000   0.000   5.000   1.000   
0.000   0.000   56.035   0.000   0.000   5.000   1.000   
0.000   0.000   56.035   0.000   0.000   5.000   1.000   
0.000   0.000   56.035   0.000   0.000   5.000   1.000   
0.000   0.000   56.035   0.000   0.000   5.000   1.000   
0.000   0.000   56.035   0.000   0.000   5.000   1.000   
0.000   0.000   56.040   0.000   0.000   5.000   1.000   
0.000   0.000   56.040   0.000   0.000   5.000   1.000   
0.000   0.000   56.040   0.000   0.000   5.000   1.000   
0.000   0.000   56.040   0.000   0.000   5.000   1.000   
0.000   0.000   56.040   0.000   0.000   5.000   1.000   
0.000   0.000   56.035   0.000   0.000   5.000   1.000   
0.000   0.000   56.035   0.000   0.000   5.000   1.000   
0.000   0.000   56.035   0.000   0.000   5.000   1.000   
0.000   0.000   56.035   0.000   0.000   5.000   1.000   
0.000   0.000   56.035   0.000   0.000   5.000   1.000   
0.000   0.000   56.035   0.000   0.000   5.000   1.000   
0.000   0.000   56.030   0.000   0.000   5.000   1.000   
0.000   0.000   56.030   0.000   0.000   0.000   1.000   
0.000   0.000   56.030   0.000   0.000   0.000   1.000   
0.000   0.000   56.030   0.000   0.000   0.000   1.000   
0.000   0.000   56.035   0.000   0.000   0.000   1.000   
0.000   0.000   56.035   0.000   0.000   0.000   1.000   
0.000   0.000   56.035   0.000   0.000   0.000   1.000   
0.000   0.000   56.035   0.000   0.000   0.000   1.000   
0.000   0.000   56.035   0.000   0.000   0.000   1.000   
0.000   0.000   56.035   0.000   0.000   0.000   1.000   
0.000   0.000   56.040   0.000   0.000   0.000   1.000   
0.000   0.000   56.040   0.000   0.000   0.000   1.000   
0.000   0.000   56.040   0.000   0.000   0.000   1.000   
0.000   0.000   56.040   0.000   0.000   0.000   1.000   
0.000   0.000   56.035   0.000   0.000   0.000   1.000   
0.000   0.000   56.035   0.000   0.000   0.000   1.000   
0.000   0.000   56.035   0.000   0.000   0.000   1.000   
0.000   0.000   56.035   0.000   0.000   0.000   1.000   
0.000   0.000   56.035   0.000   0.000   0.000   1.000   
0.000   0.000   56.035   0.000   0.000   0.000   1.000   
0.000   0.000   56.035   0.000   0.000   0.000   1.000   
0.000   0.000   56.035   0.000   0.000   0.000   1.000   
0.000   0.000   56.035   0.000   0.000   0.000   1.000   
0.000   0.000   56.035   0.000   0.000   0.000   1.000   
0.000   0.000   56.035   0.000   0.000   0.000   1.000   
0.000   0.000   56.035   0.000   0.000   0.000   1.000   
0.000   0.000   56.035   0.000   0.000   0.000   1.000   
0.000   0.000   56.035   0.000   0.000   0.000   1.000   
0.000   0.000   56.035   0.000   0.000   0.000   1.000   
0.000   0.000   56.035   0.000   0.000   0.000   1.000   
0.000   0.000   56.035   0.000   0.000   0.000   1.000   
0.000   0.000   56.035   0.000   0.000   0.000   1.000   
0.000   0.000   56.035   0.000   0.000   0.000   1.000   
0.000   0.000   56.040   0.000   0.000   0.000   1.000   
0.000   0.000   56.040   0.000   0.000   0.000   1.000   
0.000   0.000   56.040   0.000   0.000   0.000   1.000   
0.000   0.000   56.040   0.000   0.000   0.000   1.000   
0.000   0.000   56.035   0.000   0.000   0.000   1.000   
0.000   0.000   56.035   0.000   0.000   0.000   1.000   
0.000   0.000   56.035   0.000   0.000   0.000   1.000   
0.000   0.000   56.035   0.000   0.000   0.000   1.000   
0.000   0.000   56.035   0.000   0.000   0.000   1.000   
0.000   0.000   56.035   0.000   0.000   0.000   1.000   
0.000   0.000   56.035   0.000   0.000   0.000   1.000   
0.000   0.000   56.035   0.000   0.000   0.000   1.000   
0.000   0.000   56.035   0.000   0.000   0.000   1.000   
0.000   0.000   56.035   0.000   0.000   0.000   1.000   
0.000   0.000   56.035   0.000   0.000   0.000   1.000   
0.000   0.000   56.035   0.000   0.000   0.000   1.000   
0.000   0.000   56.035   0.000   0.000   0.000   1.000   
0.000   0.000   56.035   0.000   0.000   0.000   1.000   
0.000   0.000   56.035   0.000   0.000   0.000   1.000   
0.000   0.000   56.035   0.000   0.000   0.000   1.000   
0.000   0.000   56.035   0.000   0.000   0.000   1.000   
0.000   0.000   56.035   0.000   0.000   0.000   1.000   
0.000   0.000   56.035   0.000   0.000   0.000   1.000   
0.000   0.000   56.035   0.000   0.000   0.000   1.000   
0.000   0.000   56.035   0.000   0.000   0.000   1.000   
0.000   0.000   56.040   0.000   0.000   0.000   1.000   
0.000   0.000   56.040   0.000   0.000   0.000   1.000   
0.000   0.000   56.035   0.000   0.000   0.000   1.000   
0.000   0.000   56.035   0.000   0.000   0.000   1.000   
0.000   0.000   56.035   0.000   0.000   0.000   1.000   
0.000   0.000   56.035   0.000   0.000   0.000   1.000   
0.000   0.000   56.035   0.000   0.000   0.000   1.000   
0.000   0.000   56.035   0.000   0.000   0.000   1.000   
0.000   0.000   56.035   0.000   0.000   0.000   1.000   
0.000   0.000   56.035   0.000   0.000   0.000   1.000   
0.000   0.000   56.035   0.000   0.000   0.000   1.000   
0.000   0.000   56.035   0.000   0.000   0.000   1.000   
0.000   0.000   56.035   0.000   0.000   0.000   1.000   
0.000   0.000   56.035   0.000   0.000   0.000   1.000   
0.000   0.000   56.035   0.000   0.000   0.000   1.000   
0.000   0.000   56.035   0.000   0.000   0.000   1.000   
0.000   0.000   56.035   0.000   0.000   0.000   1.000   
0.000   0.000   56.035   0.000   0.000   0.000   1.000   
0.000   0.000   56.035   0.000   0.000   0.000   1.000   
0.000   0.000   56.035   0.000   0.000   0.000   1.000   
0.000   0.000   56.035   0.000   0.000   0.000   1.000   
0.000   0.000   56.035   0.000   0.000   0.000   1.000   
0.000   0.000   56.035   0.000   0.000   0.000   1.000   
0.000   0.000   56.035   0.000   0.000   0.000   1.000   
0.000   0.000   56.035   0.000   0.000   0.000   1.000   
0.000   0.000   56.035   0.000   0.000   0.000   1.000   
0.000   0.000   56.035   0.000   0.000   0.000   1.000   
0.000   0.000   56.035   0.000   0.000   0.000   1.000   
0.000   0.000   56.035   0.000   0.000   0.000   1.000   
0.000   0.000   56.035   0.000   0.000   0.000   1.000   
0.000   0.000   56.035   0.000   0.000   0.000   1.000   
0.000   0.000   56.035   0.000   0.000   0.000   1.000   
0.000   0.000   56.035   0.000   0.000   0.000   1.000   
0.000   0.000   56.035   0.000   0.000   0.000   1.000   
0.000   0.000   56.035   0.000   0.000   0.000   1.000   
0.000   0.000   56.035   0.000   0.000   0.000   1.000   
0.000   0.000   56.035   0.000   0.000   0.000   1.000   
0.000   0.000   56.035   0.000   0.000   0.000   1.000   
0.000   0.000   56.035   0.000   0.000   0.000   1.000   
0.000   0.000   56.035   0.000   0.000   0.000   1.000   
0.000   0.000   56.035   0.000   0.000   0.000   1.000   
0.000   0.000   56.035   0.000   0.000   0.000   1.000   
0.000   0.000   56.035   0.000   0.000   0.000   1.000   
0.000   0.000   56.035   0.000   0.000   0.000   1.000   
0.000   0.000   56.035   0.000   0.000   0.000   1.000   
0.000   0.000   56.035   0.000   0.000   0.000   1.000   
0.000   0.000   56.035   0.000   0.000   0.000   1.000   
0.000   0.000   56.035   0.000   0.000   0.000   1.000   
0.000   0.000   56.035   0.000   0.000   0.000   1.000   
0.000   0.000   56.035   0.000   0.000   0.000   1.000   
0.000   0.000   56.035   0.000   0.000   0.000   1.000   
0.000   0.000   56.035   0.000   0.000   0.000   1.000   
0.000   0.000   56.035   0.000   0.000   0.000   1.000   
0.000   0.000   56.035   0.000   0.000   0.000   1.000   
0.000   0.000   56.035   0.000   0.000   0.000   1.000   
0.000   0.000   56.035   0.000   0.000   0.000   1.000   
0.000   0.000   56.035   0.000   0.000   0.000   1.000   
0.000   0.000   56.035   0.000   0.000   0.000   1.000   
0.000   0.000   56.035   0.000   0.000   0.000   1.000   
0.000   0.000   56.035   0.000   0.000   0.000   1.000   
0.000   0.000   56.035   0.000   0.000   0.000   1.000   
0.000   0.000   56.035   0.000   0.000   0.000   1.000   
0.000   0.000   56.035   0.000   0.000   0.000   1.000   
0.000   0.000   56.035   0.000   0.000   0.000   1.000   
0.000   0.000   56.035   0.000   0.000   0.000   1.000   
0.000   0.000   56.035   0.000   0.000   0.000   1.000   
0.000   0.000   56.035   0.000   0.000   0.000   1.000   
0.000   0.000   56.035   0.000   0.000   0.000   1.000   
0.000   0.000   56.035   0.000   0.000   0.000   1.000   
0.000   0.000   56.035   0.000   0.000   0.000   1.000   
0.000   0.000   56.035   0.000   0.000   0.000   1.000   
0.000   0.000   56.035   0.000   0.000   0.000   1.000   
0.000   0.000   56.035   0.000   0.000   0.000   1.000   
0.000   0.000   56.035   0.000   0.000   0.000   1.000   
0.000   0.000   56.035   0.000   0.000   0.000   1.000   
0.000   0.000   56.035   0.000   0.000   0.000   1.000   
0.000   0.000   56.035   0.000   0.000   0.000   1.000   
0.000   0.000   56.035   0.000   0.000   0.000   1.000   
0.000   0.000   56.035   0.000   0.000   0.000   1.000   
0.000   0.000   56.035   0.000   0.000   0.000   1.000   
0.000   0.000   56.035   0.000   0.000   0.000   1.000   
0.000   0.000   56.035   0.000   0.000   0.000   1.000   
0.000   0.000   56.035   0.000   0.000   0.000   1.000   
0.000   0.000   56.035   0.000   0.000   0.000   1.000   
0.000   0.000   56.035   0.000   0.000   0.000   1.000   
0.000   0.000   56.035   0.000   0.000   0.000   1.000   
0.000   0.000   56.035   0.000   0.000   0.000   1.000   
0.000   0.000   56.035   0.000   0.000   0.000   1.000   
0.000   0.000   56.035   0.000   0.000   0.000   1.000   
0.000   0.000   56.035   0.000   0.000   0.000   1.000   
0.000   0.000   56.035   0.000   0.000   0.000   1.000   
0.000   0.000   56.035   0.000   0.000   0.000   1.000   
0.000   0.000   56.035   0.000   0.000   0.000   1.000   
0.000   0.000   56.035   0.000   0.000   0.000   1.000   
0.000   0.000   56.035   0.000   0.000   0.000   1.000   
0.000   0.000   56.035   0.000   0.000   0.000   1.000   
0.000   0.000   56.035   0.000   0.000   0.000   1.000   
0.000   0.000   56.035   0.000   0.000   0.000   1.000   
0.000   0.000   56.035   0.000   0.000   0.000   1.000   
0.000   0.000   56.035   0.000   0.000   0.000   1.000   
0.000   0.000   56.035   0.000   0.000   0.000   1.000   
0.000   0.000   56.035   0.000   0.000   0.000   1.000   
0.000   0.000   56.035   0.000   0.000   0.000   1.000   
0.000   0.000   56.035   0.000   0.000   0.000   1.000   
0.000   0.000   56.035   0.000   0.000   0.000   1.000   
0.000   0.000   56.035   0.000   0.000   0.000   1.000   
0.000   0.000   56.035   0.000   0.000   0.000   1.000   
0.000   0.000   56.035   0.000   0.000   0.000   1.000   
0.000   0.000   56.035   0.000   0.000   0.000   1.000   
0.000   0.000   56.035   0.000   0.000   0.000   1.000   
0.000   0.000   56.035   0.000   0.000   0.000   1.000   
0.000   0.000   56.035   0.000   0.000   0.000   1.000   
0.000   0.000   56.035   0.000   0.000   0.000   1.000   
0.000   0.000   56.035   0.000   0.000   0.000   1.000   
0.000   0.000   56.035   0.000   0.000   0.000   1.000   
0.000   0.000   56.035   0.000   0.000   0.000   1.000   
0.000   0.000   56.035   0.000   0.000   0.000   1.000   
0.000   0.000   56.035   0.000   0.000   0.000   1.000   
0.000   0.000   56.035   0.000   0.000   0.000   1.000   
0.000   0.000   56.035   0.000   0.000   0.000   1.000   
0.000   0.000   56.035   0.000   0.000   0.000   1.000   
0.000   0.000   56.035   0.000   0.000   0.000   1.000   
0.000   0.000   56.035   0.000   0.000   0.000   1.000   
0.000   0.000   56.035   0.000   0.000   0.000   1.000   
0.000   0.000   56.035   0.000   0.000   0.000   1.000   
0.000   0.000   56.035   0.000   0.000   0.000   1.000   
0.000   0.000   56.035   0.000   0.000   0.000   1.000   
0.000   0.000   56.035   0.000   0.000   0.000   1.000   
0.000   0.000   56.035   0.000   0.000   0.000   1.000   
0.000   0.000   56.035   0.000   0.000   0.000   1.000   
0.000   0.000   56.035   0.000   0.000   0.000   1.000   
0.000   0.000   56.035   0.000   0.000   0.000   1.000   
0.000   0.000   56.035   0.000   0.000   0.000   1.000   
0.000   0.000   56.035   0.000   0.000   0.000   1.000   
0.000   0.000   56.035   0.000   0.000   0.000   1.000   
0.000   0.000   56.035   0.000   0.000   0.000   1.000   
0.000   0.000   56.035   0.000   0.000   0.000   1.000   
0.000   0.000   56.035   0.000   0.000   0.000   1.000   
0.000   0.000   56.035   0.000   0.000   0.000   1.000   
0.000   0.000   56.035   0.000   0.000   0.000   1.000   
0.000   0.000   56.035   0.000   0.000   0.000   1.000   
0.000   0.000   56.035   0.000   0.000   0.000   1.000   
0.000   0.000   56.035   0.000   0.000   0.000   1.000   
0.000   0.000   56.035   0.000   0.000   0.000   1.000   
0.000   0.000   56.035   0.000   0.000   0.000   1.000   
0.000   0.000   56.035   0.000   0.000   0.000   1.000   
0.000   0.000   56.035   0.000   0.000   0.000   1.000   
0.000   0.000   56.035   0.000   0.000   0.000   1.000   
0.000   0.000   56.035   0.000   0.000   0.000   1.000   
0.000   0.000   56.035   0.000   0.000   0.000   1.000   
0.000   0.000   56.035   0.000   0.000   0.000   1.000   
0.000   0.000   56.035   0.000   0.000   0.000   1.000   
0.000   0.000   56.035   0.000   0.000   0.000   1.000   
0.000   0.000   56.035   0.000   0.000   0.000   1.000   
0.000   0.000   56.035   0.000   0.000   0.000   1.000   
0.000   0.000   56.035   0.000   0.000   0.000   1.000   
0.000   0.000   56.035   0.000   0.000   0.000   1.000   
0.000   0.000   56.035   0.000   0.000   0.000   1.000   
0.000   0.000   56.035   0.000   0.000   0.000   1.000   
0.000   0.000   56.035   0.000   0.000   0.000   1.000   
0.000   0.000   56.035   0.000   0.000   0.000   1.000   
0.000   0.000   56.035   0.000   0.000   0.000   1.000   
0.000   0.000   56.035   0.000   0.000   0.000   1.000   
0.000   0.000   56.035   0.000   0.000   0.000   1.000   
0.000   0.000   56.035   0.000   0.000   0.000   1.000   
0.000   0.000   56.035   0.000   0.000   0.000   1.000   
0.000   0.000   56.035   0.000   0.000   0.000   1.000   
0.000   0.000   56.035   0.000   0.000   0.000   1.000   
0.000   0.000   56.035   0.000   0.000   0.000   1.000   
0.000   0.000   56.035   0.000   0.000   0.000   1.000   
0.000   0.000   56.035   0.000   0.000   0.000   1.000   
0.000   0.000   56.035   0.000   0.000   0.000   1.000   
0.000   0.000   56.035   0.000   0.000   0.000   1.000   
0.000   0.000   56.035   0.000   0.000   0.000   1.000   
0.000   0.000   56.035   0.000   0.000   0.000   1.000   
0.000   0.000   56.035   0.000   0.000   0.000   1.000   
0.000   0.000   56.035   0.000   0.000   0.000   1.000   
0.000   0.000   56.035   0.000   0.000   0.000   1.000   
0.000   0.000   56.035   0.000   0.000   0.000   1.000   
0.000   0.000   56.035   0.000   0.000   0.000   1.000   
0.000   0.000   56.035   0.000   0.000   0.000   1.000   
0.000   0.000   56.035   0.000   0.000   0.000   1.000   
0.000   0.000   56.035   0.000   0.000   0.000   1.000   
0.000   0.000   56.035   0.000   0.000   0.000   1.000   
0.000   0.000   56.035   0.000   0.000   0.000   1.000   
0.000   0.000   56.035   0.000   0.000   0.000   1.000   
0.000   0.000   56.035   0.000   0.000   0.000   1.000   
0.000   0.000   56.035   0.000   0.000   0.000   1.000   
0.000   0.000   56.035   0.000   0.000   0.000   1.000   
0.000   0.000   56.035   0.000   0.000   0.000   1.000   
0.000   0.000   56.035   0.000   0.000   0.000   1.000   
0.000   0.000   56.035   0.000   0.000   0.000   1.000   
0.000   0.000   56.035   0.000   0.000   0.000   1.000   
0.000   0.000   56.035   0.000   0.000   0.000   1.000   
0.000   0.000   56.035   0.000   0.000   0.000   1.000   
0.000   0.000   56.035   0.000   0.000   0.000   1.000   
0.000   0.000   56.035   0.000   0.000   0.000   1.000   
0.000   0.000   56.035   0.000   0.000   0.000   1.000   
0.000   0.000   56.035   0.000   0.000   0.000   1.000   
0.000   0.000   56.035   0.000   0.000   0.000   1.000   
0.000   0.000   56.035   0.000   0.000   0.000   1.000   
0.000   0.000   56.035   0.000   0.000   0.000   1.000   
0.000   0.000   56.035   0.000   0.000   0.000   1.000   
0.000   0.000   56.035   0.000   0.000   0.000   1.000   
0.000   0.000   56.035   0.000   0.000   0.000   1.000   
0.000   0.000   56.035   0.000   0.000   0.000   1.000   
0.000   0.000   56.035   0.000   0.000   0.000   1.000   
0.000   0.000   56.035   0.000   0.000   0.000   1.000   
0.000   0.000   56.035   0.000   0.000   0.000   1.000   
0.000   0.000   56.035   0.000   0.000   0.000   1.000   
0.000   0.000   56.035   0.000   0.000   0.000   1.000   
0.000   0.000   56.035   0.000   0.000   0.000   1.000   
0.000   0.000   56.035   0.000   0.000   0.000   1.000   
0.000   0.000   56.035   0.000   0.000   0.000   1.000   
0.000   0.000   56.035   0.000   0.000   0.000   1.000   
0.000   0.000   56.035   0.000   0.000   0.000   1.000   
0.000   0.000   56.035   0.000   0.000   0.000   1.000   
0.000   0.000   56.035   0.000   0.000   0.000   1.000   
0.000   0.000   56.035   0.000   0.000   0.000   1.000   
0.000   0.000   56.035   0.000   0.000   0.000   1.000   
0.000   0.000   56.035   0.000   0.000   0.000   1.000   
0.000   0.000   56.035   0.000   0.000   0.000   1.000   
0.000   0.000   56.035   0.000   0.000   0.000   1.000   
0.000   0.000   56.035   0.000   0.000   0.000   1.000   
0.000   0.000   56.035   0.000   0.000   0.000   1.000   
0.000   0.000   56.035   0.000   0.000   0.000   1.000   
0.000   0.000   56.035   0.000   0.000   0.000   1.000   
0.000   0.000   56.035   0.000   0.000   0.000   1.000   
0.000   0.000   56.035   0.000   0.000   0.000   1.000   
0.000   0.000   56.035   0.000   0.000   0.000   1.000   
0.000   0.000   56.035   0.000   0.000   0.000   1.000   
0.000   0.000   56.035   0.000   0.000   0.000   1.000   
0.000   0.000   56.035   0.000   0.000   0.000   1.000   
0.000   0.000   56.035   0.000   0.000   0.000   1.000   
0.000   0.000   56.035   0.000   0.000   0.000   1.000   
0.000   0.000   56.035   0.000   0.000   0.000   1.000   
0.000   0.000   56.035   0.000   0.000   0.000   1.000   
0.000   0.000   56.035   0.000   0.000   0.000   1.000   
0.000   0.000   56.035   0.000   0.000   0.000   1.000   
0.000   0.000   56.035   0.000   0.000   0.000   1.000   
0.000   0.000   56.035   0.000   0.000   0.000   1.000   
0.000   0.000   56.035   0.000   0.000   0.000   1.000   
0.000   0.000   56.035   0.000   0.000   0.000   1.000   
0.000   0.000   56.035   0.000   0.000   0.000   1.000   
0.000   0.000   56.035   0.000   0.000   0.000   1.000   
0.000   0.000   56.035   0.000   0.000   0.000   1.000   
0.000   0.000   56.035   0.000   0.000   0.000   1.000   
0.000   0.000   56.035   0.000   0.000   0.000   1.000   
0.000   0.000   56.035   0.000   0.000   0.000   1.000   
0.000   0.000   56.035   0.000   0.000   0.000   1.000   
0.000   0.000   56.035   0.000   0.000   0.000   1.000   
0.000   0.000   56.035   0.000   0.000   0.000   1.000   
0.000   0.000   56.035   0.000   0.000   0.000   1.000   
0.000   0.000   56.035   0.000   0.000   0.000   1.000   
0.000   0.000   56.035   0.000   0.000   0.000   1.000   
0.000   0.000   56.035   0.000   0.000   0.000   1.000   
0.000   0.000   56.035   0.000   0.000   0.000   1.000   
0.000   0.000   56.035   0.000   0.000   0.000   1.000   
0.000   0.000   56.035   0.000   0.000   0.000   1.000   
0.000   0.000   56.035   0.000   0.000   0.000   1.000   
0.000   0.000   56.035   0.000   0.000   0.000   1.000   
0.000   0.000   56.035   0.000   0.000   0.000   1.000   
0.000   0.000   56.035   0.000   0.000   0.000   1.000   
0.000   0.000   56.035   0.000   0.000   0.000   1.000   
0.000   0.000   56.035   0.000   0.000   0.000   1.000   
0.000   0.000   56.035   0.000   0.000   0.000   1.000   
0.000   0.000   56.035   0.000   0.000   0.000   1.000   
0.000   0.000   56.035   0.000   0.000   0.000   1.000   
0.000   0.000   56.035   0.000   0.000   0.000   1.000   
0.000   0.000   56.035   0.000   0.000   0.000   1.000   
0.000   0.000   56.035   0.000   0.000   0.000   1.000   
0.000   0.000   56.035   0.000   0.000   0.000   1.000   
0.000   0.000   56.035   0.000   0.000   0.000   1.000   
0.000   0.000   56.035   0.000   0.000   0.000   1.000   
0.000   0.000   56.035   0.000   0.000   0.000   1.000   
0.000   0.000   56.035   0.000   0.000   0.000   1.000   
0.000   0.000   56.035   0.000   0.000   0.000   1.000   
0.000   0.000   56.035   0.000   0.000   0.000   1.000   
0.000   0.000   56.035   0.000   0.000   0.000   1.000   
0.000   0.000   56.035   0.000   0.000   0.000   1.000   
0.000   0.000   56.035   0.000   0.000   0.000   1.000   
0.000   0.000   56.035   0.000   0.000   0.000   1.000   
0.000   0.000   56.035   0.000   0.000   0.000   1.000   
0.000   0.000   56.035   0.000   0.000   0.000   1.000   
0.000   0.000   56.035   0.000   0.000   0.000   1.000   
0.000   0.000   56.035   0.000   0.000   0.000   1.000   
0.000   0.000   56.035   0.000   0.000   0.000   1.000   
0.000   0.000   56.035   0.000   0.000   0.000   1.000   
0.000   0.000   56.035   0.000   0.000   0.000   1.000   
0.000   0.000   56.035   0.000   0.000   0.000   1.000   
0.000   0.000   56.035   0.000   0.000   0.000   1.000   
0.000   0.000   56.035   0.000   0.000   0.000   1.000   
0.000   0.000   56.035   0.000   0.000   0.000   1.000   
0.000   0.000   56.035   0.000   0.000   0.000   1.000   
0.000   0.000   56.035   0.000   0.000   0.000   1.000   
0.000   0.000   56.035   0.000   0.000   0.000   1.000   
0.000   0.000   56.035   0.000   0.000   0.000   1.000   
0.000   0.000   56.035   0.000   0.000   0.000   1.000   
0.000   0.000   56.035   0.000   0.000   0.000   1.000   
0.000   0.000   56.035   0.000   0.000   0.000   1.000   
0.000   0.000   56.035   0.000   0.000   0.000   1.000   
0.000   0.000   56.035   0.000   0.000   0.000   1.000   
0.000   0.000   56.035   0.000   0.000   0.000   1.000   
0.000   0.000   56.035   0.000   0.000   0.000   1.000   
0.000   0.000   56.035   0.000   0.000   0.000   1.000   
0.000   0.000   56.035   0.000   0.000   0.000   1.000   
0.000   0.000   56.035   0.000   0.000   0.000   1.000   
0.000   0.000   56.035   0.000   0.000   0.000   1.000   
0.000   0.000   56.035   0.000   0.000   0.000   1.000   
0.000   0.000   56.035   0.000   0.000   0.000   1.000   
0.000   0.000   56.035   0.000   0.000   0.000   1.000   
0.000   0.000   56.035   0.000   0.000   0.000   1.000   
0.000   0.000   56.035   0.000   0.000   0.000   1.000   
0.000   0.000   56.035   0.000   0.000   0.000   1.000   
0.000   0.000   56.035   0.000   0.000   0.000   1.000   
0.000   0.000   56.035   0.000   0.000   0.000   1.000   
0.000   0.000   56.035   0.000   0.000   0.000   1.000   
0.000   0.000   56.035   0.000   0.000   0.000   1.000   
0.000   0.000   56.035   0.000   0.000   0.000   1.000   
0.000   0.000   56.035   0.000   0.000   0.000   1.000   
0.000   0.000   56.035   0.000   0.000   0.000   1.000   
0.000   0.000   56.035   0.000   0.000   0.000   1.000   
0.000   0.000   56.035   0.000   0.000   0.000   1.000   
0.000   0.000   56.035   0.000   0.000   0.000   1.000   
0.000   0.000   56.035   0.000   0.000   0.000   1.000   
0.000   0.000   56.035   0.000   0.000   0.000   1.000   
0.000   0.000   56.035   0.000   0.000   0.000   1.000   
0.000   0.000   56.035   0.000   0.000   0.000   1.000   
0.000   0.000   56.035   0.000   0.000   0.000   1.000   
0.000   0.000   56.035   0.000   0.000   0.000   1.000   
0.000   0.000   56.035   0.000   0.000   0.000   1.000   
0.000   0.000   56.035   0.000   0.000   0.000   1.000   
0.000   0.000   56.035   0.000   0.000   0.000   1.000   
0.000   0.000   56.035   0.000   0.000   0.000   1.000   
0.000   0.000   56.035   0.000   0.000   0.000   1.000   
0.000   0.000   56.035   0.000   0.000   0.000   1.000   
0.000   0.000   56.035   0.000   0.000   0.000   1.000   
0.000   0.000   56.035   0.000   0.000   0.000   1.000   
0.000   0.000   56.035   0.000   0.000   0.000   1.000   
0.000   0.000   56.035   0.000   0.000   0.000   1.000   
0.000   0.000   56.035   0.000   0.000   0.000   1.000   
0.000   0.000   56.035   0.000   0.000   0.000   1.000   
0.000   0.000   56.035   0.000   0.000   0.000   1.000   
0.000   0.000   56.035   0.000   0.000   0.000   1.000   
0.000   0.000   56.035   0.000   0.000   0.000   1.000   
0.000   0.000   56.035   0.000   0.000   0.000   1.000   
0.000   0.000   56.035   0.000   0.000   0.000   1.000   
0.000   0.000   56.035   0.000   0.000   0.000   1.000   
0.000   0.000   56.035   0.000   0.000   0.000   1.000   
0.000   0.000   56.035   0.000   0.000   0.000   1.000   
0.000   0.000   56.035   0.000   0.000   0.000   1.000   
0.000   0.000   56.035   0.000   0.000   0.000   1.000   
0.000   0.000   56.035   0.000   0.000   0.000   1.000   
0.000   0.000   56.035   0.000   0.000   0.000   1.000   
0.000   0.000   56.035   0.000   0.000   0.000   1.000   
0.000   0.000   56.035   0.000   0.000   0.000   1.000   
0.000   0.000   56.035   0.000   0.000   0.000   1.000   
0.000   0.000   56.035   0.000   0.000   0.000   1.000   
0.000   0.000   56.035   0.000   0.000   0.000   1.000   
0.000   0.000   56.035   0.000   0.000   0.000   1.000   
0.000   0.000   56.035   0.000   0.000   0.000   1.000   
0.000   0.000   56.035   0.000   0.000   0.000   1.000   
0.000   0.000   56.035   0.000   0.000   0.000   1.000   
0.000   0.000   56.035   0.000   0.000   0.000   1.000   
0.000   0.000   56.035   0.000   0.000   0.000   1.000   
0.000   0.000   56.035   0.000   0.000   0.000   1.000   
0.000   0.000   56.035   0.000   0.000   0.000   1.000   
0.000   0.000   56.035   0.000   0.000   0.000   1.000   
0.000   0.000   56.035   0.000   0.000   0.000   1.000   
0.000   0.000   56.035   0.000   0.000   0.000   1.000   
0.000   0.000   56.035   0.000   0.000   0.000   1.000   
0.000   0.000   56.035   0.000   0.000   0.000   1.000   
0.000   0.000   56.035   0.000   0.000   0.000   1.000   
0.000   0.000   56.035   0.000   0.000   0.000   1.000   
0.000   0.000   56.035   0.000   0.000   0.000   1.000   
0.000   0.000   56.035   0.000   0.000   0.000   1.000   
0.000   0.000   56.035   0.000   0.000   0.000   1.000   
0.000   0.000   56.035   0.000   0.000   0.000   1.000   
0.000   0.000   56.035   0.000   0.000   0.000   1.000   
0.000   0.000   56.035   0.000   0.000   0.000   1.000   
0.000   0.000   56.035   0.000   0.000   0.000   1.000   
0.000   0.000   56.035   0.000   0.000   0.000   1.000   
0.000   0.000   56.035   0.000   0.000   0.000   1.000   
0.000   0.000   56.035   0.000   0.000   0.000   1.000   
0.000   0.000   56.035   0.000   0.000   0.000   1.000   
0.000   0.000   56.035   0.000   0.000   0.000   1.000   
0.000   0.000   56.035   0.000   0.000   0.000   1.000   
0.000   0.000   56.035   0.000   0.000   0.000   1.000   
0.000   0.000   56.035   0.000   0.000   0.000   1.000   
0.000   0.000   56.035   0.000   0.000   0.000   1.000   
0.000   0.000   56.035   0.000   0.000   0.000   1.000   
0.000   0.000   56.035   0.000   0.000   0.000   1.000   
0.000   0.000   56.035   0.000   0.000   0.000   1.000   
0.000   0.000   56.035   0.000   0.000   0.000   1.000   
0.000   0.000   56.035   0.000   0.000   0.000   1.000   
0.000   0.000   56.035   0.000   0.000   0.000   1.000   
0.000   0.000   56.035   0.000   0.000   0.000   1.000   
0.000   0.000   56.035   0.000   0.000   0.000   1.000   
0.000   0.000   56.035   0.000   0.000   0.000   1.000   
0.000   0.000   56.035   0.000   0.000   0.000   1.000   
0.000   0.000   56.035   0.000   0.000   0.000   1.000   
0.000   0.000   56.035   0.000   0.000   0.000   1.000   
0.000   0.000   56.035   0.000   0.000   0.000   1.000   
0.000   0.000   56.035   0.000   0.000   0.000   1.000   
0.000   0.000   56.035   0.000   0.000   0.000   1.000   
0.000   0.000   56.035   0.000   0.000   0.000   1.000   
0.000   0.000   56.035   0.000   0.000   0.000   1.000   
0.000   0.000   56.035   0.000   0.000   0.000   1.000   
0.000   0.000   56.035   0.000   0.000   0.000   1.000   
0.000   0.000   56.035   0.000   0.000   0.000   1.000   
0.000   0.000   56.035   0.000   0.000   0.000   1.000   
0.000   0.000   56.035   0.000   0.000   0.000   1.000   
0.000   0.000   56.035   0.000   0.000   0.000   1.000   
0.000   0.000   56.035   0.000   0.000   0.000   1.000   
0.000   0.000   56.035   0.000   0.000   0.000   1.000   
0.000   0.000   56.035   0.000   0.000   0.000   1.000   
0.000   0.000   56.035   0.000   0.000   0.000   1.000   
0.000   0.000   56.035   0.000   0.000   0.000   1.000   
0.000   0.000   56.035   0.000   0.000   0.000   1.000   
0.000   0.000   56.035   0.000   0.000   0.000   1.000   
0.000   0.000   56.035   0.000   0.000   0.000   1.000   
0.000   0.000   56.035   0.000   0.000   0.000   1.000   
0.000   0.000   56.035   0.000   0.000   0.000   1.000   
0.000   0.000   56.035   0.000   0.000   0.000   1.000   
0.000   0.000   56.035   0.000   0.000   0.000   1.000   
0.000   0.000   56.035   0.000   0.000   0.000   1.000   
0.000   0.000   56.035   0.000   0.000   0.000   1.000   
0.000   0.000   56.035   0.000   0.000   0.000   1.000   
0.000   0.000   56.035   0.000   0.000   0.000   1.000   
0.000   0.000   56.035   0.000   0.000   0.000   1.000   
0.000   0.000   56.035   0.000   0.000   0.000   1.000   
0.000   0.000   56.035   0.000   0.000   0.000   1.000   
0.000   0.000   56.035   0.000   0.000   0.000   1.000   
0.000   0.000   56.035   0.000   0.000   0.000   1.000   
0.000   0.000   56.035   0.000   0.000   0.000   1.000   
0.000   0.000   56.035   0.000   0.000   0.000   1.000   
0.000   0.000   56.035   0.000   0.000   0.000   1.000   
0.000   0.000   56.035   0.000   0.000   0.000   1.000   
0.000   0.000   56.035   0.000   0.000   0.000   1.000   
0.000   0.000   56.035   0.000   0.000   0.000   1.000   
0.000   0.000   56.035   0.000   0.000   0.000   1.000   
0.000   0.000   56.035   0.000   0.000   0.000   1.000   
0.000   0.000   56.035   0.000   0.000   0.000   1.000   
0.000   0.000   56.035   0.000   0.000   0.000   1.000   
0.000   0.000   56.035   0.000   0.000   0.000   1.000   
0.000   0.000   56.035   0.000   0.000   0.000   1.000   
0.000   0.000   56.035   0.000   0.000   0.000   1.000   
0.000   0.000   56.035   0.000   0.000   0.000   1.000   
0.000   0.000   56.035   0.000   0.000   0.000   1.000   
0.000   0.000   56.035   0.000   0.000   0.000   1.000   
0.000   0.000   56.035   0.000   0.000   0.000   1.000   
0.000   0.000   56.035   0.000   0.000   0.000   1.000   
0.000   0.000   56.035   0.000   0.000   0.000   1.000   
0.000   0.000   56.035   0.000   0.000   0.000   1.000   
0.000   0.000   56.035   0.000   0.000   0.000   1.000   
0.000   0.000   56.035   0.000   0.000   0.000   1.000   
0.000   0.000   56.035   0.000   0.000   0.000   1.000   
0.000   0.000   56.035   0.000   0.000   0.000   1.000   
0.000   0.000   56.035   0.000   0.000   0.000   1.000   
0.000   0.000   56.035   0.000   0.000   0.000   1.000   
0.000   0.000   56.035   0.000   0.000   0.000   1.000   
0.000   0.000   56.035   0.000   0.000   0.000   1.000   
0.000   0.000   56.035   0.000   0.000   0.000   1.000   
0.000   0.000   56.035   0.000   0.000   0.000   1.000   
0.000   0.000   56.035   0.000   0.000   0.000   1.000   
0.000   0.000   56.035   0.000   0.000   0.000   1.000   
0.000   0.000   56.035   0.000   0.000   0.000   1.000   
0.000   0.000   56.035   0.000   0.000   0.000   1.000   
0.000   0.000   56.035   0.000   0.000   0.000   1.000   
0.000   0.000   56.035   0.000   0.000   0.000   1.000   
0.000   0.000   56.035   0.000   0.000   0.000   1.000   
0.000   0.000   56.035   0.000   0.000   0.000   1.000   
0.000   0.000   56.035   0.000   0.000   0.000   1.000   
0.000   0.000   56.035   0.000   0.000   0.000   1.000   
0.000   0.000   56.035   0.000   0.000   0.000   1.000   
0.000   0.000   56.035   0.000   0.000   0.000   1.000   
0.000   0.000   56.035   0.000   0.000   0.000   1.000   
0.000   0.000   56.035   0.000   0.000   0.000   1.000   
0.000   0.000   56.035   0.000   0.000   0.000   1.000   
0.000   0.000   56.035   0.000   0.000   0.000   1.000   
0.000   0.000   56.035   0.000   0.000   0.000   1.000   
0.000   0.000   56.035   0.000   0.000   0.000   1.000   
0.000   0.000   56.035   0.000   0.000   0.000   1.000   
0.000   0.000   56.035   0.000   0.000   0.000   1.000   
0.000   0.000   56.035   0.000   0.000   0.000   1.000   
0.000   0.000   56.035   0.000   0.000   0.000   1.000   
0.000   0.000   56.035   0.000   0.000   0.000   1.000   
0.000   0.000   56.035   0.000   0.000   0.000   1.000   
0.000   0.000   56.035   0.000   0.000   0.000   1.000   
0.000   0.000   56.035   0.000   0.000   0.000   1.000   
0.000   0.000   56.035   0.000   0.000   0.000   1.000   
0.000   0.000   56.035   0.000   0.000   0.000   1.000   
0.000   0.000   56.035   0.000   0.000   0.000   1.000   
0.000   0.000   56.035   0.000   0.000   0.000   1.000   
0.000   0.000   56.035   0.000   0.000   0.000   1.000   
0.000   0.000   56.035   0.000   0.000   0.000   1.000   
0.000   0.000   56.035   0.000   0.000   0.000   1.000   
0.000   0.000   56.035   0.000   0.000   0.000   1.000   
0.000   0.000   56.035   0.000   0.000   0.000   1.000   
0.000   0.000   56.035   0.000   0.000   0.000   1.000   
0.000   0.000   56.035   0.000   0.000   0.000   1.000   
0.000   0.000   56.035   0.000   0.000   0.000   1.000   
0.000   0.000   56.035   0.000   0.000   0.000   1.000   
0.000   0.000   56.035   0.000   0.000   0.000   1.000   
0.000   0.000   56.035   0.000   0.000   0.000   1.000   
0.000   0.000   56.035   0.000   0.000   0.000   1.000   
0.000   0.000   56.035   0.000   0.000   0.000   1.000   
0.000   0.000   56.035   0.000   0.000   0.000   1.000   
0.000   0.000   56.035   0.000   0.000   0.000   1.000   
0.000   0.000   56.035   0.000   0.000   0.000   1.000   
0.000   0.000   56.035   0.000   0.000   0.000   1.000   
0.000   0.000   56.035   0.000   0.000   0.000   1.000   
0.000   0.000   56.035   0.000   0.000   0.000   1.000   
0.000   0.000   56.035   0.000   0.000   0.000   1.000   
0.000   0.000   56.035   0.000   0.000   0.000   1.000   
0.000   0.000   56.035   0.000   0.000   0.000   1.000   
0.000   0.000   56.035   0.000   0.000   0.000   1.000   
0.000   0.000   56.035   0.000   0.000   0.000   1.000   
0.000   0.000   56.035   0.000   0.000   0.000   1.000   
0.000   0.000   56.035   0.000   0.000   0.000   1.000   
0.000   0.000   56.035   0.000   0.000   0.000   1.000   
0.000   0.000   56.035   0.000   0.000   0.000   1.000   
0.000   0.000   56.035   0.000   0.000   0.000   1.000   
0.000   0.000   56.035   0.000   0.000   0.000   1.000   
0.000   0.000   56.035   0.000   0.000   0.000   1.000   
0.000   0.000   56.035   0.000   0.000   0.000   1.000   
0.000   0.000   56.035   0.000   0.000   0.000   1.000   
0.000   0.000   56.035   0.000   0.000   0.000   1.000   
0.000   0.000   56.035   0.000   0.000   0.000   1.000   
0.000   0.000   56.035   0.000   0.000   0.000   1.000   
0.000   0.000   56.035   0.000   0.000   0.000   1.000   
0.000   0.000   56.035   0.000   0.000   0.000   1.000   
0.000   0.000   56.035   0.000   0.000   0.000   1.000   
0.000   0.000   56.035   0.000   0.000   0.000   1.000   
0.000   0.000   56.035   0.000   0.000   0.000   1.000   
0.000   0.000   56.035   0.000   0.000   0.000   1.000   
0.000   0.000   56.035   0.000   0.000   0.000   1.000   
0.000   0.000   56.035   0.000   0.000   0.000   1.000   
0.000   0.000   56.035   0.000   0.000   0.000   1.000   
0.000   0.000   56.035   0.000   0.000   0.000   1.000   
0.000   0.000   56.035   0.000   0.000   0.000   1.000   
0.000   0.000   56.035   0.000   0.000   0.000   1.000   
0.000   0.000   56.035   0.000   0.000   0.000   1.000   
0.000   0.000   56.035   0.000   0.000   0.000   1.000   
0.000   0.000   56.035   0.000   0.000   0.000   1.000   
0.000   0.000   56.035   0.000   0.000   0.000   1.000   
0.000   0.000   56.035   0.000   0.000   0.000   1.000   
0.000   0.000   56.035   0.000   0.000   0.000   1.000   
0.000   0.000   56.035   0.000   0.000   0.000   1.000   
0.000   0.000   56.035   0.000   0.000   0.000   1.000   
0.000   0.000   56.035   0.000   0.000   0.000   1.000   
0.000   0.000   56.035   0.000   0.000   0.000   1.000   
0.000   0.000   56.035   0.000   0.000   0.000   1.000   
0.000   0.000   56.035   0.000   0.000   0.000   1.000   
0.000   0.000   56.035   0.000   0.000   0.000   1.000   
0.000   0.000   56.035   0.000   0.000   0.000   1.000   
0.000   0.000   56.035   0.000   0.000   0.000   1.000   
0.000   0.000   56.035   0.000   0.000   0.000   1.000   
0.000   0.000   56.035   0.000   0.000   0.000   1.000   
0.000   0.000   56.035   0.000   0.000   0.000   1.000   
0.000   0.000   56.035   0.000   0.000   0.000   1.000   
0.000   0.000   56.035   0.000   0.000   0.000   1.000   
0.000   0.000   56.035   0.000   0.000   0.000   1.000   
0.000   0.000   56.035   0.000   0.000   0.000   1.000   
0.000   0.000   56.035   0.000   0.000   0.000   1.000   
0.000   0.000   56.035   0.000   0.000   0.000   1.000   
0.000   0.000   56.035   0.000   0.000   0.000   1.000   
0.000   0.000   56.035   0.000   0.000   0.000   1.000   
0.000   0.000   56.035   0.000   0.000   0.000   1.000   
0.000   0.000   56.035   0.000   0.000   0.000   1.000   
0.000   0.000   56.035   0.000   0.000   0.000   1.000   
0.000   0.000   56.035   0.000   0.000   0.000   1.000   
0.000   0.000   56.035   0.000   0.000   0.000   1.000   
0.000   0.000   56.035   0.000   0.000   0.000   1.000   
0.000   0.000   56.035   0.000   0.000   0.000   1.000   
0.000   0.000   56.035   0.000   0.000   0.000   1.000   
0.000   0.000   56.035   0.000   0.000   0.000   1.000   
0.000   0.000   56.035   0.000   0.000   0.000   1.000   
0.000   0.000   56.035   0.000   0.000   0.000   1.000   
0.000   0.000   56.035   0.000   0.000   0.000   1.000   
0.000   0.000   56.035   0.000   0.000   0.000   1.000   
0.000   0.000   56.035   0.000   0.000   0.000   1.000   
0.000   0.000   56.035   0.000   0.000   0.000   1.000   
0.000   0.000   56.035   0.000   0.000   0.000   1.000   
0.000   0.000   56.035   0.000   0.000   0.000   1.000   
0.000   0.000   56.035   0.000   0.000   0.000   1.000   
0.000   0.000   56.035   0.000   0.000   0.000   1.000   
0.000   0.000   56.035   0.000   0.000   0.000   1.000   
0.000   0.000   56.035   0.000   0.000   0.000   1.000   
0.000   0.000   56.035   0.000   0.000   0.000   1.000   
0.000   0.000   56.035   0.000   0.000   0.000   1.000   
0.000   0.000   56.035   0.000   0.000   0.000   1.000   
0.000   0.000   56.035   0.000   0.000   0.000   1.000   
0.000   0.000   56.035   0.000   0.000   0.000   1.000   
0.000   0.000   56.035   0.000   0.000   0.000   1.000   
0.000   0.000   56.035   0.000   0.000   0.000   1.000   
0.000   0.000   56.035   0.000   0.000   0.000   1.000   
0.000   0.000   56.035   0.000   0.000   0.000   1.000   
0.000   0.000   56.035   0.000   0.000   0.000   1.000   
0.000   0.000   56.035   0.000   0.000   0.000   1.000   
0.000   0.000   56.035   0.000   0.000   0.000   1.000   
0.000   0.000   56.035   0.000   0.000   0.000   1.000   
0.000   0.000   56.035   0.000   0.000   0.000   1.000   
0.000   0.000   56.035   0.000   0.000   0.000   1.000   
0.000   0.000   56.035   0.000   0.000   0.000   1.000   
0.000   0.000   56.035   0.000   0.000   0.000   1.000   
0.000   0.000   56.035   0.000   0.000   0.000   1.000   
0.000   0.000   56.035   0.000   0.000   0.000   1.000   
0.000   0.000   56.035   0.000   0.000   0.000   1.000   
0.000   0.000   56.035   0.000   0.000   0.000   1.000   
0.000   0.000   56.035   0.000   0.000   0.000   1.000   
0.000   0.000   56.035   0.000   0.000   0.000   1.000   
0.000   0.000   56.035   0.000   0.000   0.000   1.000   
0.000   0.000   56.035   0.000   0.000   0.000   1.000   
0.000   0.000   56.035   0.000   0.000   0.000   1.000   
0.000   0.000   56.035   0.000   0.000   0.000   1.000   
0.000   0.000   56.035   0.000   0.000   0.000   1.000   
0.000   0.000   56.035   0.000   0.000   0.000   1.000   
0.000   0.000   56.035   0.000   0.000   0.000   1.000   
0.000   0.000   56.035   0.000   0.000   0.000   1.000   
0.000   0.000   56.035   0.000   0.000   0.000   1.000   
0.000   0.000   56.035   0.000   0.000   0.000   1.000   
0.000   0.000   56.035   0.000   0.000   0.000   1.000   
0.000   0.000   56.035   0.000   0.000   0.000   1.000   
0.000   0.000   56.035   0.000   0.000   0.000   1.000   
0.000   0.000   56.035   0.000   0.000   0.000   1.000   
0.000   0.000   56.035   0.000   0.000   0.000   1.000   
0.000   0.000   56.035   0.000   0.000   0.000   1.000   
0.000   0.000   56.035   0.000   0.000   0.000   1.000   
0.000   0.000   56.035   0.000   0.000   0.000   1.000   
0.000   0.000   56.035   0.000   0.000   0.000   1.000   
0.000   0.000   56.035   0.000   0.000   0.000   1.000   
0.000   0.000   56.035   0.000   0.000   0.000   1.000   
0.000   0.000   56.035   0.000   0.000   0.000   1.000   
0.000   0.000   56.035   0.000   0.000   0.000   1.000   
0.000   0.000   56.035   0.000   0.000   0.000   1.000   
0.000   0.000   56.035   0.000   0.000   0.000   1.000   
0.000   0.000   56.035   0.000   0.000   0.000   1.000   
0.000   0.000   56.035   0.000   0.000   0.000   1.000   
0.000   0.000   56.035   0.000   0.000   0.000   1.000   
0.000   0.000   56.035   0.000   0.000   0.000   1.000   
0.000   0.000   56.035   0.000   0.000   0.000   1.000   
0.000   0.000   56.035   0.000   0.000   0.000   1.000   
0.000   0.000   56.035   0.000   0.000   0.000   1.000   
0.000   0.000   56.035   0.000   0.000   0.000   1.000   
0.000   0.000   56.035   0.000   0.000   0.000   1.000   
0.000   0.000   56.035   0.000   0.000   0.000   1.000   
0.000   0.000   56.035   0.000   0.000   0.000   1.000   
0.000   0.000   56.035   0.000   0.000   0.000   1.000   
0.000   0.000   56.035   0.000   0.000   0.000   1.000   
0.000   0.000   56.035   0.000   0.000   0.000   1.000   
0.000   0.000   56.035   0.000   0.000   0.000   1.000   
0.000   0.000   56.035   0.000   0.000   0.000   1.000   
0.000   0.000   56.035   0.000   0.000   0.000   1.000   
0.000   0.000   56.035   0.000   0.000   0.000   1.000   
0.000   0.000   56.035   0.000   0.000   0.000   1.000   
0.000   0.000   56.035   0.000   0.000   0.000   1.000   
0.000   0.000   56.035   0.000   0.000   0.000   1.000   
0.000   0.000   56.035   0.000   0.000   0.000   1.000   
0.000   0.000   56.035   0.000   0.000   0.000   1.000   
0.000   0.000   56.035   0.000   0.000   0.000   1.000   
0.000   0.000   56.035   0.000   0.000   0.000   1.000   
0.000   0.000   56.035   0.000   0.000   0.000   1.000   
0.000   0.000   56.035   0.000   0.000   0.000   1.000   
0.000   0.000   56.035   0.000   0.000   0.000   1.000   
0.000   0.000   56.035   0.000   0.000   0.000   1.000   
0.000   0.000   56.035   0.000   0.000   0.000   1.000   
0.000   0.000   56.035   0.000   0.000   0.000   1.000   
0.000   0.000   56.035   0.000   0.000   0.000   1.000   
0.000   0.000   56.035   0.000   0.000   0.000   1.000   
0.000   0.000   56.035   0.000   0.000   0.000   1.000   
0.000   0.000   56.035   0.000   0.000   0.000   1.000   
0.000   0.000   56.035   0.000   0.000   0.000   1.000   
0.000   0.000   56.035   0.000   0.000   0.000   1.000   
0.000   0.000   56.035   0.000   0.000   0.000   1.000   
0.000   0.000   56.035   0.000   0.000   0.000   1.000   
0.000   0.000   56.035   0.000   0.000   0.000   1.000   
0.000   0.000   56.035   0.000   0.000   0.000   1.000   
0.000   0.000   56.035   0.000   0.000   0.000   1.000   
0.000   0.000   56.035   0.000   0.000   0.000   1.000   
0.000   0.000   56.035   0.000   0.000   0.000   1.000   
0.000   0.000   56.035   0.000   0.000   0.000   1.000   
0.000   0.000   56.035   0.000   0.000   0.000   1.000   
0.000   0.000   56.035   0.000   0.000   0.000   1.000   
0.000   0.000   56.035   0.000   0.000   0.000   1.000   
0.000   0.000   56.035   0.000   0.000   0.000   1.000   
0.000   0.000   56.035   0.000   0.000   0.000   1.000   
0.000   0.000   56.035   0.000   0.000   0.000   1.000   
0.000   0.000   56.035   0.000   0.000   0.000   1.000   
0.000   0.000   56.035   0.000   0.000   0.000   1.000   
0.000   0.000   56.035   0.000   0.000   0.000   1.000   
0.000   0.000   56.035   0.000   0.000   0.000   1.000   
0.000   0.000   56.035   0.000   0.000   0.000   1.000   
0.000   0.000   56.035   0.000   0.000   0.000   1.000   
0.000   0.000   56.035   0.000   0.000   0.000   1.000   
0.000   0.000   56.035   0.000   0.000   0.000   1.000   
0.000   0.000   56.035   0.000   0.000   0.000   1.000   
0.000   0.000   56.035   0.000   0.000   0.000   1.000   
0.000   0.000   56.035   0.000   0.000   0.000   1.000   
0.000   0.000   56.035   0.000   0.000   0.000   1.000   
0.000   0.000   56.035   0.000   0.000   0.000   1.000   
0.000   0.000   56.035   0.000   0.000   0.000   1.000   
0.000   0.000   56.035   0.000   0.000   0.000   1.000   
0.000   0.000   56.035   0.000   0.000   0.000   1.000   
0.000   0.000   56.035   0.000   0.000   0.000   1.000   
0.000   0.000   56.035   0.000   0.000   0.000   1.000   
0.000   0.000   56.035   0.000   0.000   0.000   1.000   
0.000   0.000   56.035   0.000   0.000   0.000   1.000   
0.000   0.000   56.035   0.000   0.000   0.000   1.000   
0.000   0.000   56.035   0.000   0.000   0.000   1.000   
0.000   0.000   56.035   0.000   0.000   0.000   1.000   
0.000   0.000   56.035   0.000   0.000   0.000   1.000   
0.000   0.000   56.035   0.000   0.000   0.000   1.000   
0.000   0.000   56.035   0.000   0.000   0.000   1.000   
0.000   0.000   56.035   0.000   0.000   0.000   1.000   
0.000   0.000   56.035   0.000   0.000   0.000   1.000   
0.000   0.000   56.035   0.000   0.000   0.000   1.000   
0.000   0.000   56.035   0.000   0.000   0.000   1.000   
0.000   0.000   56.035   0.000   0.000   0.000   1.000   
0.000   0.000   56.035   0.000   0.000   0.000   1.000   
0.000   0.000   56.035   0.000   0.000   0.000   1.000   
0.000   0.000   56.035   0.000   0.000   0.000   1.000   
0.000   0.000   56.035   0.000   0.000   0.000   1.000   
0.000   0.000   56.035   0.000   0.000   0.000   1.000   
0.000   0.000   56.035   0.000   0.000   0.000   1.000   
0.000   0.000   56.035   0.000   0.000   0.000   1.000   
0.000   0.000   56.035   0.000   0.000   0.000   1.000   
0.000   0.000   56.035   0.000   0.000   0.000   1.000   
0.000   0.000   56.035   0.000   0.000   0.000   1.000   
0.000   0.000   56.035   0.000   0.000   0.000   1.000   
0.000   0.000   56.035   0.000   0.000   0.000   1.000   
0.000   0.000   56.035   0.000   0.000   0.000   1.000   
0.000   0.000   56.035   0.000   0.000   0.000   1.000   
0.000   0.000   56.035   0.000   0.000   0.000   1.000   
0.000   0.000   56.035   0.000   0.000   0.000   1.000   
0.000   0.000   56.035   0.000   0.000   0.000   1.000   
0.000   0.000   56.035   0.000   0.000   0.000   1.000   
0.000   0.000   56.035   0.000   0.000   0.000   1.000   
0.000   0.000   56.035   0.000   0.000   0.000   1.000   
0.000   0.000   56.035   0.000   0.000   0.000   1.000   
0.000   0.000   56.035   0.000   0.000   0.000   1.000   
0.000   0.000   56.035   0.000   0.000   0.000   1.000   
0.000   0.000   56.035   0.000   0.000   0.000   1.000   
0.000   0.000   56.035   0.000   0.000   0.000   1.000   
0.000   0.000   56.035   0.000   0.000   0.000   1.000   
0.000   0.000   56.035   0.000   0.000   0.000   1.000   
0.000   0.000   56.035   0.000   0.000   0.000   1.000   
0.000   0.000   56.035   0.000   0.000   0.000   1.000   
0.000   0.000   56.035   0.000   0.000   0.000   1.000   
0.000   0.000   56.035   0.000   0.000   0.000   1.000   
0.000   0.000   56.035   0.000   0.000   0.000   1.000   
0.000   0.000   56.035   0.000   0.000   0.000   1.000   
0.000   0.000   56.035   0.000   0.000   0.000   1.000   
0.000   0.000   56.035   0.000   0.000   0.000   1.000   
0.000   0.000   56.035   0.000   0.000   0.000   1.000   
0.000   0.000   56.035   0.000   0.000   0.000   1.000   
0.000   0.000   56.035   0.000   0.000   0.000   1.000   
0.000   0.000   56.035   0.000   0.000   0.000   1.000   
0.000   0.000   56.035   0.000   0.000   0.000   1.000   
0.000   0.000   56.035   0.000   0.000   0.000   1.000   
0.000   0.000   56.035   0.000   0.000   0.000   1.000   
0.000   0.000   56.035   0.000   0.000   0.000   1.000   
0.000   0.000   56.035   0.000   0.000   0.000   1.000   
0.000   0.000   56.035   0.000   0.000   0.000   1.000   
0.000   0.000   56.035   0.000   0.000   0.000   1.000   
0.000   0.000   56.035   0.000   0.000   0.000   1.000   
0.000   0.000   56.035   0.000   0.000   0.000   1.000   
0.000   0.000   56.035   0.000   0.000   0.000   1.000   
0.000   0.000   56.035   0.000   0.000   0.000   1.000   
0.000   0.000   56.035   0.000   0.000   0.000   1.000   
0.000   0.000   56.035   0.000   0.000   0.000   1.000   
0.000   0.000   56.035   0.000   0.000   0.000   1.000   
0.000   0.000   56.035   0.000   0.000   0.000   1.000   
0.000   0.000   56.035   0.000   0.000   0.000   1.000   
0.000   0.000   56.035   0.000   0.000   0.000   1.000   
0.000   0.000   56.035   0.000   0.000   0.000   1.000   
0.000   0.000   56.035   0.000   0.000   0.000   1.000   
0.000   0.000   56.035   0.000   0.000   0.000   1.000   
0.000   0.000   56.035   0.000   0.000   0.000   1.000   
0.000   0.000   56.035   0.000   0.000   0.000   1.000   
0.000   0.000   56.035   0.000   0.000   0.000   1.000   
0.000   0.000   56.035   0.000   0.000   0.000   1.000   
0.000   0.000   56.035   0.000   0.000   0.000   1.000   
0.000   0.000   56.035   0.000   0.000   0.000   1.000   
0.000   0.000   56.035   0.000   0.000   0.000   1.000   
0.000   0.000   56.035   0.000   0.000   0.000   1.000   
0.000   0.000   56.035   0.000   0.000   0.000   1.000   
0.000   0.000   56.035   0.000   0.000   0.000   1.000   
0.000   0.000   56.035   0.000   0.000   0.000   1.000   
0.000   0.000   56.035   0.000   0.000   0.000   1.000   
0.000   0.000   56.035   0.000   0.000   0.000   1.000   
0.000   0.000   56.035   0.000   0.000   0.000   1.000   
0.000   0.000   56.035   0.000   0.000   0.000   1.000   
0.000   0.000   56.035   0.000   0.000   0.000   1.000   
0.000   0.000   56.035   0.000   0.000   0.000   1.000   
0.000   0.000   56.035   0.000   0.000   0.000   1.000   
0.000   0.000   56.035   0.000   0.000   0.000   1.000   
0.000   0.000   56.035   0.000   0.000   0.000   1.000   
0.000   0.000   56.035   0.000   0.000   0.000   1.000   
0.000   0.000   56.035   0.000   0.000   0.000   1.000   
0.000   0.000   56.035   0.000   0.000   0.000   1.000   
0.000   0.000   56.035   0.000   0.000   0.000   1.000   
0.000   0.000   56.035   0.000   0.000   0.000   1.000   
0.000   0.000   56.035   0.000   0.000   0.000   1.000   
0.000   0.000   56.035   0.000   0.000   0.000   1.000   
0.000   0.000   56.035   0.000   0.000   0.000   1.000   
0.000   0.000   56.035   0.000   0.000   0.000   1.000   
0.000   0.000   56.035   0.000   0.000   0.000   1.000   
0.000   0.000   56.035   0.000   0.000   0.000   1.000   
0.000   0.000   56.035   0.000   0.000   0.000   1.000   
0.000   0.000   56.035   0.000   0.000   0.000   1.000   
0.000   0.000   56.035   0.000   0.000   0.000   1.000   
0.000   0.000   56.035   0.000   0.000   0.000   1.000   
0.000   0.000   56.035   0.000   0.000   0.000   1.000   
0.000   0.000   56.035   0.000   0.000   0.000   1.000   
0.000   0.000   56.035   0.000   0.000   0.000   1.000   
0.000   0.000   56.035   0.000   0.000   0.000   1.000   
0.000   0.000   56.035   0.000   0.000   0.000   1.000   
0.000   0.000   56.035   0.000   0.000   0.000   1.000   
0.000   0.000   56.035   0.000   0.000   0.000   1.000   
0.000   0.000   56.035   0.000   0.000   0.000   1.000   
0.000   0.000   56.035   0.000   0.000   0.000   1.000   
0.000   0.000   56.035   0.000   0.000   0.000   1.000   
0.000   0.000   56.035   0.000   0.000   0.000   1.000   
0.000   0.000   56.035   0.000   0.000   0.000   1.000   
0.000   0.000   56.035   0.000   0.000   0.000   1.000   
0.000   0.000   56.035   0.000   0.000   0.000   1.000   
0.000   0.000   56.035   0.000   0.000   0.000   1.000   
0.000   0.000   56.035   0.000   0.000   0.000   1.000   
0.000   0.000   56.035   0.000   0.000   0.000   1.000   
0.000   0.000   56.035   0.000   0.000   0.000   1.000   
0.000   0.000   56.035   0.000   0.000   0.000   1.000   
0.000   0.000   56.035   0.000   0.000   0.000   1.000   
0.000   0.000   56.035   0.000   0.000   0.000   1.000   
0.000   0.000   56.035   0.000   0.000   0.000   1.000   
0.000   0.000   56.035   0.000   0.000   0.000   1.000   
0.000   0.000   56.035   0.000   0.000   0.000   1.000   
0.000   0.000   56.035   0.000   0.000   0.000   1.000   
0.000   0.000   56.035   0.000   0.000   0.000   1.000   
0.000   0.000   56.035   0.000   0.000   0.000   1.000   
0.000   0.000   56.035   0.000   0.000   0.000   1.000   
0.000   0.000   56.035   0.000   0.000   0.000   1.000   
0.000   0.000   56.035   0.000   0.000   0.000   1.000   
0.000   0.000   56.035   0.000   0.000   0.000   1.000   
0.000   0.000   56.035   0.000   0.000   0.000   1.000   
0.000   0.000   56.035   0.000   0.000   0.000   1.000   
0.000   0.000   56.035   0.000   0.000   0.000   1.000   
0.000   0.000   56.035   0.000   0.000   0.000   1.000   
0.000   0.000   56.035   0.000   0.000   0.000   1.000   
0.000   0.000   56.035   0.000   0.000   0.000   1.000   
0.000   0.000   56.035   0.000   0.000   0.000   1.000   
0.000   0.000   56.035   0.000   0.000   0.000   1.000   
0.000   0.000   56.035   0.000   0.000   0.000   1.000   
0.000   0.000   56.035   0.000   0.000   0.000   1.000   
0.000   0.000   56.035   0.000   0.000   0.000   1.000   
0.000   0.000   56.035   0.000   0.000   0.000   1.000   
0.000   0.000   56.035   0.000   0.000   0.000   1.000   
0.000   0.000   56.035   0.000   0.000   0.000   1.000   
0.000   0.000   56.035   0.000   0.000   0.000   1.000   
0.000   0.000   56.035   0.000   0.000   0.000   1.000   
0.000   0.000   56.035   0.000   0.000   0.000   1.000   
0.000   0.000   56.035   0.000   0.000   0.000   1.000   
0.000   0.000   56.035   0.000   0.000   0.000   1.000   
0.000   0.000   56.035   0.000   0.000   0.000   1.000   
0.000   0.000   56.035   0.000   0.000   0.000   1.000   
0.000   0.000   56.035   0.000   0.000   0.000   1.000   
0.000   0.000   56.035   0.000   0.000   0.000   1.000   
0.000   0.000   56.035   0.000   0.000   0.000   1.000   
0.000   0.000   56.035   0.000   0.000   0.000   1.000   
0.000   0.000   56.035   0.000   0.000   0.000   1.000   
0.000   0.000   56.035   0.000   0.000   0.000   1.000   
0.000   0.000   56.035   0.000   0.000   0.000   1.000   
0.000   0.000   56.035   0.000   0.000   0.000   1.000   
0.000   0.000   56.035   0.000   0.000   0.000   1.000   
0.000   0.000   56.035   0.000   0.000   0.000   1.000   
0.000   0.000   56.035   0.000   0.000   0.000   1.000   
0.000   0.000   56.035   0.000   0.000   0.000   1.000   
0.000   0.000   56.035   0.000   0.000   0.000   1.000   
0.000   0.000   56.035   0.000   0.000   0.000   1.000   
0.000   0.000   56.035   0.000   0.000   0.000   1.000   
0.000   0.000   56.035   0.000   0.000   0.000   1.000   
0.000   0.000   56.035   0.000   0.000   0.000   1.000   
0.000   0.000   56.035   0.000   0.000   0.000   1.000   
0.000   0.000   56.035   0.000   0.000   0.000   1.000   
0.000   0.000   56.035   0.000   0.000   0.000   1.000   
0.000   0.000   56.035   0.000   0.000   0.000   1.000   
0.000   0.000   56.035   0.000   0.000   0.000   1.000   
0.000   0.000   56.035   0.000   0.000   0.000   1.000   
0.000   0.000   56.035   0.000   0.000   0.000   1.000   
0.000   0.000   56.035   0.000   0.000   0.000   1.000   
0.000   0.000   56.035   0.000   0.000   0.000   1.000   
0.000   0.000   56.035   0.000   0.000   0.000   1.000   
0.000   0.000   56.035   0.000   0.000   0.000   1.000   
0.000   0.000   56.035   0.000   0.000   0.000   1.000   
0.000   0.000   56.035   0.000   0.000   0.000   1.000   
0.000   0.000   56.035   0.000   0.000   0.000   1.000   
0.000   0.000   56.035   0.000   0.000   0.000   1.000   
0.000   0.000   56.035   0.000   0.000   0.000   1.000   
0.000   0.000   56.035   0.000   0.000   0.000   1.000   
0.000   0.000   56.035   0.000   0.000   0.000   1.000   
0.000   0.000   56.035   0.000   0.000   0.000   1.000   
0.000   0.000   56.035   0.000   0.000   0.000   1.000   
0.000   0.000   56.035   0.000   0.000   0.000   1.000   
0.000   0.000   56.035   0.000   0.000   0.000   1.000   
0.000   0.000   56.035   0.000   0.000   0.000   1.000   
0.000   0.000   56.035   0.000   0.000   0.000   1.000   
0.000   0.000   56.035   0.000   0.000   0.000   1.000   
0.000   0.000   56.035   0.000   0.000   0.000   1.000   
0.000   0.000   56.035   0.000   0.000   0.000   1.000   
0.000   0.000   56.035   0.000   0.000   0.000   1.000   
0.000   0.000   56.035   0.000   0.000   0.000   1.000   
0.000   0.000   56.035   0.000   0.000   0.000   1.000   
0.000   0.000   56.035   0.000   0.000   0.000   1.000   
0.000   0.000   56.035   0.000   0.000   0.000   1.000   
0.000   0.000   56.035   0.000   0.000   0.000   1.000   
0.000   0.000   56.035   0.000   0.000   0.000   1.000   
0.000   0.000   56.035   0.000   0.000   0.000   1.000   
0.000   0.000   56.035   0.000   0.000   0.000   1.000   
0.000   0.000   56.035   0.000   0.000   0.000   1.000   
0.000   0.000   56.035   0.000   0.000   0.000   1.000   
0.000   0.000   56.035   0.000   0.000   0.000   1.000   
0.000   0.000   56.035   0.000   0.000   0.000   1.000   
0.000   0.000   56.035   0.000   0.000   0.000   1.000   
0.000   0.000   56.035   0.000   0.000   0.000   1.000   
0.000   0.000   56.035   0.000   0.000   0.000   1.000   
0.000   0.000   56.035   0.000   0.000   0.000   1.000   
0.000   0.000   56.035   0.000   0.000   0.000   1.000   
0.000   0.000   56.035   0.000   0.000   0.000   1.000   
0.000   0.000   56.035   0.000   0.000   0.000   1.000   
0.000   0.000   56.035   0.000   0.000   0.000   1.000   
0.000   0.000   56.035   0.000   0.000   0.000   1.000   
0.000   0.000   56.035   0.000   0.000   0.000   1.000   
0.000   0.000   56.035   0.000   0.000   0.000   1.000   
0.000   0.000   56.035   0.000   0.000   0.000   1.000   
0.000   0.000   56.035   0.000   0.000   0.000   1.000   
0.000   0.000   56.035   0.000   0.000   0.000   1.000   
0.000   0.000   56.035   0.000   0.000   0.000   1.000   
0.000   0.000   56.035   0.000   0.000   0.000   1.000   
0.000   0.000   56.035   0.000   0.000   0.000   1.000   
0.000   0.000   56.035   0.000   0.000   0.000   1.000   
0.000   0.000   56.035   0.000   0.000   0.000   1.000   
0.000   0.000   56.035   0.000   0.000   0.000   1.000   
0.000   0.000   56.035   0.000   0.000   0.000   1.000   
0.000   0.000   56.035   0.000   0.000   0.000   1.000   
0.000   0.000   56.035   0.000   0.000   0.000   1.000   
0.000   0.000   56.035   0.000   0.000   0.000   1.000   
0.000   0.000   56.035   0.000   0.000   0.000   1.000   
0.000   0.000   56.035   0.000   0.000   0.000   1.000   
0.000   0.000   56.035   0.000   0.000   0.000   1.000   
0.000   0.000   56.035   0.000   0.000   0.000   1.000   
0.000   0.000   56.035   0.000   0.000   0.000   1.000   
0.000   0.000   56.035   0.000   0.000   0.000   1.000   
0.000   0.000   56.035   0.000   0.000   0.000   1.000   
0.000   0.000   56.035   0.000   0.000   0.000   1.000   
0.000   0.000   56.035   0.000   0.000   0.000   1.000   
0.000   0.000   56.035   0.000   0.000   0.000   1.000   
0.000   0.000   56.035   0.000   0.000   0.000   1.000   
0.000   0.000   56.035   0.000   0.000   0.000   1.000   
0.000   0.000   56.035   0.000   0.000   0.000   1.000   
0.000   0.000   56.035   0.000   0.000   0.000   1.000   
0.000   0.000   56.035   0.000   0.000   0.000   1.000   
0.000   0.000   56.035   0.000   0.000   0.000   1.000   
0.000   0.000   56.035   0.000   0.000   0.000   1.000   
0.000   0.000   56.035   0.000   0.000   0.000   1.000   
0.000   0.000   56.035   0.000   0.000   0.000   1.000   
0.000   0.000   56.035   0.000   0.000   0.000   1.000   
0.000   0.000   56.035   0.000   0.000   0.000   1.000   
0.000   0.000   56.035   0.000   0.000   0.000   1.000   
0.000   0.000   56.035   0.000   0.000   0.000   1.000   
0.000   0.000   56.035   0.000   0.000   0.000   1.000   
0.000   0.000   56.035   0.000   0.000   0.000   1.000   
0.000   0.000   56.035   0.000   0.000   0.000   1.000   
0.000   0.000   56.035   0.000   0.000   0.000   1.000   
0.000   0.000   56.035   0.000   0.000   0.000   1.000   
0.000   0.000   56.035   0.000   0.000   0.000   1.000   
0.000   0.000   56.035   0.000   0.000   0.000   1.000   
0.000   0.000   56.035   0.000   0.000   0.000   1.000   
0.000   0.000   56.035   0.000   0.000   0.000   1.000   
0.000   0.000   56.035   0.000   0.000   0.000   1.000   
0.000   0.000   56.035   0.000   0.000   0.000   1.000   
0.000   0.000   56.035   0.000   0.000   0.000   1.000   
0.000   0.000   56.035   0.000   0.000   0.000   1.000   
0.000   0.000   56.035   0.000   0.000   0.000   1.000   
0.000   0.000   56.035   0.000   0.000   0.000   1.000   
0.000   0.000   56.035   0.000   0.000   0.000   1.000   
0.000   0.000   56.035   0.000   0.000   0.000   1.000   
0.000   0.000   56.035   0.000   0.000   0.000   1.000   
0.000   0.000   56.035   0.000   0.000   0.000   1.000   
0.000   0.000   56.035   0.000   0.000   0.000   1.000   
0.000   0.000   56.035   0.000   0.000   0.000   1.000   
0.000   0.000   56.035   0.000   0.000   0.000   1.000   
0.000   0.000   56.035   0.000   0.000   0.000   1.000   
0.000   0.000   56.035   0.000   0.000   0.000   1.000   
0.000   0.000   56.035   0.000   0.000   0.000   1.000   
0.000   0.000   56.035   0.000   0.000   0.000   1.000   
0.000   0.000   56.035   0.000   0.000   0.000   1.000   
0.000   0.000   56.035   0.000   0.000   0.000   1.000   
0.000   0.000   56.035   0.000   0.000   0.000   1.000   
0.000   0.000   56.035   0.000   0.000   0.000   1.000   
0.000   0.000   56.035   0.000   0.000   0.000   1.000   
0.000   0.000   56.035   0.000   0.000   0.000   1.000   
0.000   0.000   56.035   0.000   0.000   0.000   1.000   
0.000   0.000   56.035   0.000   0.000   0.000   1.000   
0.000   0.000   56.035   0.000   0.000   0.000   1.000   
0.000   0.000   56.035   0.000   0.000   0.000   1.000   
0.000   0.000   56.035   0.000   0.000   0.000   1.000   
0.000   0.000   56.035   0.000   0.000   0.000   1.000   
0.000   0.000   56.035   0.000   0.000   0.000   1.000   
0.000   0.000   56.035   0.000   0.000   0.000   1.000   
0.000   0.000   56.035   0.000   0.000   0.000   1.000   
0.000   0.000   56.035   0.000   0.000   0.000   1.000   
0.000   0.000   56.035   0.000   0.000   0.000   1.000   
0.000   0.000   56.035   0.000   0.000   0.000   1.000   
0.000   0.000   56.035   0.000   0.000   0.000   1.000   
0.000   0.000   56.035   0.000   0.000   0.000   1.000   
0.000   0.000   56.035   0.000   0.000   0.000   1.000   
0.000   0.000   56.035   0.000   0.000   0.000   1.000   
0.000   0.000   56.035   0.000   0.000   0.000   1.000   
0.000   0.000   56.035   0.000   0.000   0.000   1.000   
0.000   0.000   56.035   0.000   0.000   0.000   1.000   
0.000   0.000   56.035   0.000   0.000   0.000   1.000   
0.000   0.000   56.035   0.000   0.000   0.000   1.000   
0.000   0.000   56.035   0.000   0.000   0.000   1.000   
0.000   0.000   56.035   0.000   0.000   0.000   1.000   
0.000   0.000   56.035   0.000   0.000   0.000   1.000   
0.000   0.000   56.035   0.000   0.000   0.000   1.000   
0.000   0.000   56.035   0.000   0.000   0.000   1.000   
0.000   0.000   56.035   0.000   0.000   0.000   1.000   
0.000   0.000   56.035   0.000   0.000   0.000   1.000   
0.000   0.000   56.035   0.000   0.000   0.000   1.000   
0.000   0.000   56.035   0.000   0.000   0.000   1.000   
0.000   0.000   56.035   0.000   0.000   0.000   1.000   
0.000   0.000   56.035   0.000   0.000   0.000   1.000   
0.000   0.000   56.035   0.000   0.000   0.000   1.000   
0.000   0.000   56.035   0.000   0.000   0.000   1.000   
0.000   0.000   56.035   0.000   0.000   0.000   1.000   
0.000   0.000   56.035   0.000   0.000   0.000   1.000   
0.000   0.000   56.035   0.000   0.000   0.000   1.000   
0.000   0.000   56.035   0.000   0.000   0.000   1.000   
0.000   0.000   56.035   0.000   0.000   0.000   1.000   
0.000   0.000   56.035   0.000   0.000   0.000   1.000   
0.000   0.000   56.035   0.000   0.000   0.000   1.000   
0.000   0.000   56.035   0.000   0.000   0.000   1.000   
0.000   0.000   56.035   0.000   0.000   0.000   1.000   
0.000   0.000   56.035   0.000   0.000   0.000   1.000   
0.000   0.000   56.035   0.000   0.000   0.000   1.000   
0.000   0.000   56.035   0.000   0.000   0.000   1.000   
0.000   0.000   56.035   0.000   0.000   0.000   1.000   
0.000   0.000   56.035   0.000   0.000   0.000   1.000   
0.000   0.000   56.035   0.000   0.000   0.000   1.000   
0.000   0.000   56.035   0.000   0.000   0.000   1.000   
0.000   0.000   56.035   0.000   0.000   0.000   1.000   
0.000   0.000   56.035   0.000   0.000   0.000   1.000   
0.000   0.000   56.035   0.000   0.000   0.000   1.000   
0.000   0.000   56.035   0.000   0.000   0.000   1.000   
0.000   0.000   56.035   0.000   0.000   0.000   1.000   
0.000   0.000   56.035   0.000   0.000   0.000   1.000   
0.000   0.000   56.035   0.000   0.000   0.000   1.000   
0.000   0.000   56.035   0.000   0.000   0.000   1.000   
0.000   0.000   56.035   0.000   0.000   0.000   1.000   
0.000   0.000   56.035   0.000   0.000   0.000   1.000   
0.000   0.000   56.035   0.000   0.000   0.000   1.000   
0.000   0.000   56.035   0.000   0.000   0.000   1.000   
0.000   0.000   56.035   0.000   0.000   0.000   1.000   
0.000   0.000   56.035   0.000   0.000   0.000   1.000   
0.000   0.000   56.035   0.000   0.000   0.000   1.000   
0.000   0.000   56.035   0.000   0.000   0.000   1.000   
0.000   0.000   56.035   0.000   0.000   0.000   1.000   
0.000   0.000   56.035   0.000   0.000   0.000   1.000   
0.000   0.000   56.035   0.000   0.000   0.000   1.000   
0.000   0.000   56.035   0.000   0.000   0.000   1.000   
0.000   0.000   56.035   0.000   0.000   0.000   1.000   
0.000   0.000   56.035   0.000   0.000   0.000   1.000   
0.000   0.000   56.035   0.000   0.000   0.000   1.000   
0.000   0.000   56.035   0.000   0.000   0.000   1.000   
0.000   0.000   56.035   0.000   0.000   0.000   1.000   
0.000   0.000   56.035   0.000   0.000   0.000   1.000   
0.000   0.000   56.035   0.000   0.000   0.000   1.000   
0.000   0.000   56.035   0.000   0.000   0.000   1.000   
0.000   0.000   56.035   0.000   0.000   0.000   1.000   
0.000   0.000   56.035   0.000   0.000   0.000   1.000   
0.000   0.000   56.035   0.000   0.000   0.000   1.000   
0.000   0.000   56.035   0.000   0.000   0.000   1.000   
0.000   0.000   56.035   0.000   0.000   0.000   1.000   
0.000   0.000   56.035   0.000   0.000   0.000   1.000   
0.000   0.000   56.035   0.000   0.000   0.000   1.000   
0.000   0.000   56.035   0.000   0.000   0.000   1.000   
0.000   0.000   56.035   0.000   0.000   0.000   1.000   
0.000   0.000   56.035   0.000   0.000   0.000   1.000   
0.000   0.000   56.035   0.000   0.000   0.000   1.000   
0.000   0.000   56.035   0.000   0.000   0.000   1.000   
0.000   0.000   56.035   0.000   0.000   0.000   1.000   
0.000   0.000   56.035   0.000   0.000   0.000   1.000   
0.000   0.000   56.035   0.000   0.000   0.000   1.000   
0.000   0.000   56.035   0.000   0.000   0.000   1.000   
0.000   0.000   56.035   0.000   0.000   0.000   1.000   
0.000   0.000   56.035   0.000   0.000   0.000   1.000   
0.000   0.000   56.035   0.000   0.000   0.000   1.000   
0.000   0.000   56.035   0.000   0.000   0.000   1.000   
0.000   0.000   56.035   0.000   0.000   0.000   1.000   
0.000   0.000   56.035   0.000   0.000   0.000   1.000   
0.000   0.000   56.035   0.000   0.000   0.000   1.000   
0.000   0.000   56.035   0.000   0.000   0.000   1.000   
0.000   0.000   56.035   0.000   0.000   0.000   1.000   
0.000   0.000   56.035   0.000   0.000   0.000   1.000   
0.000   0.000   56.035   0.000   0.000   0.000   1.000   
0.000   0.000   56.035   0.000   0.000   0.000   1.000   
0.000   0.000   56.035   0.000   0.000   0.000   1.000   
0.000   0.000   56.035   0.000   0.000   0.000   1.000   
0.000   0.000   56.035   0.000   0.000   0.000   1.000   
0.000   0.000   56.035   0.000   0.000   0.000   1.000   
0.000   0.000   56.035   0.000   0.000   0.000   1.000   
0.000   0.000   56.035   0.000   0.000   0.000   1.000   
0.000   0.000   56.035   0.000   0.000   0.000   1.000   
0.000   0.000   56.035   0.000   0.000   0.000   1.000   
0.000   0.000   56.035   0.000   0.000   0.000   1.000   
0.000   0.000   56.035   0.000   0.000   0.000   1.000   
0.000   0.000   56.035   0.000   0.000   0.000   1.000   
0.000   0.000   56.035   0.000   0.000   0.000   1.000   
0.000   0.000   56.035   0.000   0.000   0.000   1.000   
0.000   0.000   56.035   0.000   0.000   0.000   1.000   
0.000   0.000   56.035   0.000   0.000   0.000   1.000   
0.000   0.000   56.035   0.000   0.000   0.000   1.000   
0.000   0.000   56.035   0.000   0.000   0.000   1.000   
0.000   0.000   56.035   0.000   0.000   0.000   1.000   
0.000   0.000   56.035   0.000   0.000   0.000   1.000   
0.000   0.000   56.035   0.000   0.000   0.000   1.000   
0.000   0.000   56.035   0.000   0.000   0.000   1.000   
0.000   0.000   56.035   0.000   0.000   0.000   1.000   
0.000   0.000   56.035   0.000   0.000   0.000   1.000   
0.000   0.000   56.035   0.000   0.000   0.000   1.000   
0.000   0.000   56.035   0.000   0.000   0.000   1.000   
0.000   0.000   56.035   0.000   0.000   0.000   1.000   
0.000   0.000   56.035   0.000   0.000   0.000   1.000   
0.000   0.000   56.035   0.000   0.000   0.000   1.000   
0.000   0.000   56.035   0.000   0.000   0.000   1.000   
0.000   0.000   56.035   0.000   0.000   0.000   1.000   
0.000   0.000   56.035   0.000   0.000   0.000   1.000   
0.000   0.000   56.035   0.000   0.000   0.000   1.000   
0.000   0.000   56.035   0.000   0.000   0.000   1.000   
0.000   0.000   56.035   0.000   0.000   0.000   1.000   
0.000   0.000   56.035   0.000   0.000   0.000   1.000   
0.000   0.000   56.035   0.000   0.000   0.000   1.000   
0.000   0.000   56.035   0.000   0.000   0.000   1.000   
0.000   0.000   56.035   0.000   0.000   0.000   1.000   
0.000   0.000   56.035   0.000   0.000   0.000   1.000   
0.000   0.000   56.035   0.000   0.000   0.000   1.000   
0.000   0.000   56.035   0.000   0.000   0.000   1.000   
0.000   0.000   56.035   0.000   0.000   0.000   1.000   
0.000   0.000   56.035   0.000   0.000   0.000   1.000   
0.000   0.000   56.035   0.000   0.000   0.000   1.000   
0.000   0.000   56.035   0.000   0.000   0.000   1.000   
0.000   0.000   56.035   0.000   0.000   0.000   1.000   
0.000   0.000   56.035   0.000   0.000   0.000   1.000   
0.000   0.000   56.035   0.000   0.000   0.000   1.000   
0.000   0.000   56.035   0.000   0.000   0.000   1.000   
0.000   0.000   56.035   0.000   0.000   0.000   1.000   
0.000   0.000   56.035   0.000   0.000   0.000   1.000   
0.000   0.000   56.035   0.000   0.000   0.000   1.000   
0.000   0.000   56.035   0.000   0.000   0.000   1.000   
0.000   0.000   56.035   0.000   0.000   0.000   1.000   
0.000   0.000   56.035   0.000   0.000   0.000   1.000   
0.000   0.000   56.035   0.000   0.000   0.000   1.000   
0.000   0.000   56.035   0.000   0.000   0.000   1.000   
0.000   0.000   56.035   0.000   0.000   0.000   1.000   
0.000   0.000   56.035   0.000   0.000   0.000   1.000   
0.000   0.000   56.035   0.000   0.000   0.000   1.000   
0.000   0.000   56.035   0.000   0.000   0.000   1.000   
0.000   0.000   56.035   0.000   0.000   0.000   1.000   
0.000   0.000   56.035   0.000   0.000   0.000   1.000   
0.000   0.000   56.035   0.000   0.000   0.000   1.000   
0.000   0.000   56.035   0.000   0.000   0.000   1.000   
0.000   0.000   56.035   0.000   0.000   0.000   1.000   
0.000   0.000   56.035   0.000   0.000   0.000   1.000   
0.000   0.000   56.035   0.000   0.000   0.000   1.000   
0.000   0.000   56.035   0.000   0.000   0.000   1.000   
0.000   0.000   56.035   0.000   0.000   0.000   1.000   
0.000   0.000   56.035   0.000   0.000   0.000   1.000   
0.000   0.000   56.035   0.000   0.000   0.000   1.000   
0.000   0.000   56.035   0.000   0.000   0.000   1.000   
0.000   0.000   56.035   0.000   0.000   0.000   1.000   
0.000   0.000   56.035   0.000   0.000   0.000   1.000   
0.000   0.000   56.035   0.000   0.000   0.000   1.000   
0.000   0.000   56.035   0.000   0.000   0.000   1.000   
0.000   0.000   56.035   0.000   0.000   0.000   1.000   
0.000   0.000   56.035   0.000   0.000   0.000   1.000   
0.000   0.000   56.035   0.000   0.000   0.000   1.000   
0.000   0.000   56.035   0.000   0.000   0.000   1.000   
0.000   0.000   56.035   0.000   0.000   0.000   1.000   
0.000   0.000   56.035   0.000   0.000   0.000   1.000   
0.000   0.000   56.035   0.000   0.000   0.000   1.000   
0.000   0.000   56.035   0.000   0.000   0.000   1.000   
0.000   0.000   56.035   0.000   0.000   0.000   1.000   
0.000   0.000   56.035   0.000   0.000   0.000   1.000   
0.000   0.000   56.035   0.000   0.000   0.000   1.000   
0.000   0.000   56.035   0.000   0.000   0.000   1.000   
0.000   0.000   56.035   0.000   0.000   0.000   1.000   
0.000   0.000   56.035   0.000   0.000   0.000   1.000   
0.000   0.000   56.035   0.000   0.000   0.000   1.000   
0.000   0.000   56.035   0.000   0.000   0.000   1.000   
0.000   0.000   56.035   0.000   0.000   0.000   1.000   
0.000   0.000   56.035   0.000   0.000   0.000   1.000   
0.000   0.000   56.035   0.000   0.000   0.000   1.000   
0.000   0.000   56.035   0.000   0.000   0.000   1.000   
0.000   0.000   56.035   0.000   0.000   0.000   1.000   
0.000   0.000   56.035   0.000   0.000   0.000   1.000   
0.000   0.000   56.035   0.000   0.000   0.000   1.000   
0.000   0.000   56.035   0.000   0.000   0.000   1.000   
0.000   0.000   56.035   0.000   0.000   0.000   1.000   
0.000   0.000   56.035   0.000   0.000   0.000   1.000   
0.000   0.000   56.035   0.000   0.000   0.000   1.000   
0.000   0.000   56.035   0.000   0.000   0.000   1.000   
0.000   0.000   56.035   0.000   0.000   0.000   1.000   
0.000   0.000   56.035   0.000   0.000   0.000   1.000   
0.000   0.000   56.035   0.000   0.000   0.000   1.000   
0.000   0.000   56.035   0.000   0.000   0.000   1.000   
0.000   0.000   56.035   0.000   0.000   0.000   1.000   
0.000   0.000   56.035   0.000   0.000   0.000   1.000   
0.000   0.000   56.035   0.000   0.000   0.000   1.000   
0.000   0.000   56.035   0.000   0.000   0.000   1.000   
0.000   0.000   56.035   0.000   0.000   0.000   1.000   
0.000   0.000   56.035   0.000   0.000   0.000   1.000   
0.000   0.000   56.035   0.000   0.000   0.000   1.000   
0.000   0.000   56.035   0.000   0.000   0.000   1.000   
0.000   0.000   56.035   0.000   0.000   0.000   1.000   
0.000   0.000   56.035   0.000   0.000   0.000   1.000   
0.000   0.000   56.035   0.000   0.000   0.000   1.000   
0.000   0.000   56.035   0.000   0.000   0.000   1.000   
0.000   0.000   56.035   0.000   0.000   0.000   1.000   
0.000   0.000   56.035   0.000   0.000   0.000   1.000   
0.000   0.000   56.035   0.000   0.000   0.000   1.000   
0.000   0.000   56.035   0.000   0.000   0.000   1.000   
0.000   0.000   56.035   0.000   0.000   0.000   1.000   
0.000   0.000   56.035   0.000   0.000   0.000   1.000   
0.000   0.000   56.035   0.000   0.000   0.000   1.000   
0.000   0.000   56.035   0.000   0.000   0.000   1.000   
0.000   0.000   56.035   0.000   0.000   0.000   1.000   
0.000   0.000   56.035   0.000   0.000   0.000   1.000   
0.000   0.000   56.035   0.000   0.000   0.000   1.000   
0.000   0.000   56.035   0.000   0.000   0.000   1.000   
0.000   0.000   56.035   0.000   0.000   0.000   1.000   
0.000   0.000   56.035   0.000   0.000   0.000   1.000   
0.000   0.000   56.035   0.000   0.000   0.000   1.000   
0.000   0.000   56.035   0.000   0.000   0.000   1.000   
0.000   0.000   56.035   0.000   0.000   0.000   1.000   
0.000   0.000   56.035   0.000   0.000   0.000   1.000   
0.000   0.000   56.035   0.000   0.000   0.000   1.000   
0.000   0.000   56.035   0.000   0.000   0.000   1.000   
0.000   0.000   56.035   0.000   0.000   0.000   1.000   
0.000   0.000   56.035   0.000   0.000   0.000   1.000   
0.000   0.000   56.035   0.000   0.000   0.000   1.000   
0.000   0.000   56.035   0.000   0.000   0.000   1.000   
0.000   0.000   56.035   0.000   0.000   0.000   1.000   
0.000   0.000   56.035   0.000   0.000   0.000   1.000   
0.000   0.000   56.035   0.000   0.000   0.000   1.000   
0.000   0.000   56.035   0.000   0.000   0.000   1.000   
0.000   0.000   56.035   0.000   0.000   0.000   1.000   
0.000   0.000   56.035   0.000   0.000   0.000   1.000   
0.000   0.000   56.035   0.000   0.000   0.000   1.000   
0.000   0.000   56.035   0.000   0.000   0.000   1.000   
0.000   0.000   56.035   0.000   0.000   0.000   1.000   
0.000   0.000   56.035   0.000   0.000   0.000   1.000   
0.000   0.000   56.035   0.000   0.000   0.000   1.000   
0.000   0.000   56.035   0.000   0.000   0.000   1.000   
0.000   0.000   56.035   0.000   0.000   0.000   1.000   
0.000   0.000   56.035   0.000   0.000   0.000   1.000   
0.000   0.000   56.035   0.000   0.000   0.000   1.000   
0.000   0.000   56.035   0.000   0.000   0.000   1.000   
0.000   0.000   56.035   0.000   0.000   0.000   1.000   
0.000   0.000   56.035   0.000   0.000   0.000   1.000   
0.000   0.000   56.035   0.000   0.000   0.000   1.000   
0.000   0.000   56.035   0.000   0.000   0.000   1.000   
0.000   0.000   56.035   0.000   0.000   0.000   1.000   
0.000   0.000   56.035   0.000   0.000   0.000   1.000   
0.000   0.000   56.035   0.000   0.000   0.000   1.000   
0.000   0.000   56.035   0.000   0.000   0.000   1.000   
0.000   0.000   56.035   0.000   0.000   0.000   1.000   
0.000   0.000   56.035   0.000   0.000   0.000   1.000   
0.000   0.000   56.035   0.000   0.000   0.000   1.000   
0.000   0.000   56.035   0.000   0.000   0.000   1.000   
0.000   0.000   56.035   0.000   0.000   0.000   1.000   
0.000   0.000   56.035   0.000   0.000   0.000   1.000   
0.000   0.000   56.035   0.000   0.000   0.000   1.000   
0.000   0.000   56.035   0.000   0.000   0.000   1.000   
0.000   0.000   56.035   0.000   0.000   0.000   1.000   
0.000   0.000   56.035   0.000   0.000   0.000   1.000   
0.000   0.000   56.035   0.000   0.000   0.000   1.000   
0.000   0.000   56.035   0.000   0.000   0.000   1.000   
0.000   0.000   56.035   0.000   0.000   0.000   1.000   
0.000   0.000   56.035   0.000   0.000   0.000   1.000   
0.000   0.000   56.035   0.000   0.000   0.000   1.000   
0.000   0.000   56.035   0.000   0.000   0.000   1.000   
0.000   0.000   56.035   0.000   0.000   0.000   1.000   
0.000   0.000   56.035   0.000   0.000   0.000   1.000   
0.000   0.000   56.035   0.000   0.000   0.000   1.000   
0.000   0.000   56.035   0.000   0.000   0.000   1.000   
0.000   0.000   56.035   0.000   0.000   0.000   1.000   
0.000   0.000   56.035   0.000   0.000   0.000   1.000   
0.000   0.000   56.035   0.000   0.000   0.000   1.000   
0.000   0.000   56.035   0.000   0.000   0.000   1.000   
0.000   0.000   56.035   0.000   0.000   0.000   1.000   
0.000   0.000   56.035   0.000   0.000   0.000   1.000   
0.000   0.000   56.035   0.000   0.000   0.000   1.000   
0.000   0.000   56.035   0.000   0.000   0.000   1.000   
0.000   0.000   56.035   0.000   0.000   0.000   1.000   
0.000   0.000   56.035   0.000   0.000   0.000   1.000   
0.000   0.000   56.035   0.000   0.000   0.000   1.000   
0.000   0.000   56.035   0.000   0.000   0.000   1.000   
0.000   0.000   56.035   0.000   0.000   0.000   1.000   
0.000   0.000   56.035   0.000   0.000   0.000   1.000   
0.000   0.000   56.035   0.000   0.000   0.000   1.000   
0.000   0.000   56.035   0.000   0.000   0.000   1.000   
0.000   0.000   56.035   0.000   0.000   0.000   1.000   
0.000   0.000   56.035   0.000   0.000   0.000   1.000   
0.000   0.000   56.035   0.000   0.000   0.000   1.000   
0.000   0.000   56.035   0.000   0.000   0.000   1.000   
0.000   0.000   56.035   0.000   0.000   0.000   1.000   
0.000   0.000   56.035   0.000   0.000   0.000   1.000   
0.000   0.000   56.035   0.000   0.000   0.000   1.000   
0.000   0.000   56.035   0.000   0.000   0.000   1.000   
0.000   0.000   56.035   0.000   0.000   0.000   1.000   
0.000   0.000   56.035   0.000   0.000   0.000   1.000   
0.000   0.000   56.035   0.000   0.000   0.000   1.000   
0.000   0.000   56.035   0.000   0.000   0.000   1.000   
0.000   0.000   56.035   0.000   0.000   0.000   1.000   
0.000   0.000   56.035   0.000   0.000   0.000   1.000   
0.000   0.000   56.035   0.000   0.000   0.000   1.000   
0.000   0.000   56.035   0.000   0.000   0.000   1.000   
0.000   0.000   56.035   0.000   0.000   0.000   1.000   
0.000   0.000   56.035   0.000   0.000   0.000   1.000   
0.000   0.000   56.035   0.000   0.000   0.000   1.000   
0.000   0.000   56.035   0.000   0.000   0.000   1.000   
0.000   0.000   56.035   0.000   0.000   0.000   1.000   
0.000   0.000   56.035   0.000   0.000   0.000   1.000   
0.000   0.000   56.035   0.000   0.000   0.000   1.000   
0.000   0.000   56.035   0.000   0.000   0.000   1.000   
0.000   0.000   56.035   0.000   0.000   0.000   1.000   
0.000   0.000   56.035   0.000   0.000   0.000   1.000   
0.000   0.000   56.035   0.000   0.000   0.000   1.000   
0.000   0.000   56.035   0.000   0.000   0.000   1.000   
0.000   0.000   56.035   0.000   0.000   0.000   1.000   
0.000   0.000   56.035   0.000   0.000   0.000   1.000   
0.000   0.000   56.035   0.000   0.000   0.000   1.000   
0.000   0.000   56.035   0.000   0.000   0.000   1.000   
0.000   0.000   56.035   0.000   0.000   0.000   1.000   
0.000   0.000   56.035   0.000   0.000   0.000   1.000   
0.000   0.000   56.035   0.000   0.000   0.000   1.000   
0.000   0.000   56.035   0.000   0.000   0.000   1.000   
0.000   0.000   56.035   0.000   0.000   0.000   1.000   
0.000   0.000   56.035   0.000   0.000   0.000   1.000   
0.000   0.000   56.035   0.000   0.000   0.000   1.000   
0.000   0.000   56.035   0.000   0.000   0.000   1.000   
0.000   0.000   56.035   0.000   0.000   0.000   1.000   
0.000   0.000   56.035   0.000   0.000   0.000   1.000   
0.000   0.000   56.035   0.000   0.000   0.000   1.000   
0.000   0.000   56.035   0.000   0.000   0.000   1.000   
0.000   0.000   56.035   0.000   0.000   0.000   1.000   
0.000   0.000   56.035   0.000   0.000   0.000   1.000   
0.000   0.000   56.035   0.000   0.000   0.000   1.000   
0.000   0.000   56.035   0.000   0.000   0.000   1.000   
0.000   0.000   56.035   0.000   0.000   0.000   1.000   
0.000   0.000   56.035   0.000   0.000   0.000   1.000   
0.000   0.000   56.035   0.000   0.000   0.000   1.000   
0.000   0.000   56.035   0.000   0.000   0.000   1.000   
0.000   0.000   56.035   0.000   0.000   0.000   1.000   
0.000   0.000   56.035   0.000   0.000   0.000   1.000   
0.000   0.000   56.035   0.000   0.000   0.000   1.000   
0.000   0.000   56.035   0.000   0.000   0.000   1.000   
0.000   0.000   56.035   0.000   0.000   0.000   1.000   
0.000   0.000   56.035   0.000   0.000   0.000   1.000   
0.000   0.000   56.035   0.000   0.000   0.000   1.000   
0.000   0.000   56.035   0.000   0.000   0.000   1.000   
0.000   0.000   56.035   0.000   0.000   0.000   1.000   
0.000   0.000   56.035   0.000   0.000   0.000   1.000   
0.000   0.000   56.035   0.000   0.000   0.000   1.000   
0.000   0.000   56.035   0.000   0.000   0.000   1.000   
0.000   0.000   56.035   0.000   0.000   0.000   1.000   
0.000   0.000   56.035   0.000   0.000   0.000   1.000   
0.000   0.000   56.035   0.000   0.000   0.000   1.000   
0.000   0.000   56.035   0.000   0.000   0.000   1.000   
0.000   0.000   56.035   0.000   0.000   0.000   1.000   
0.000   0.000   56.035   0.000   0.000   0.000   1.000   
0.000   0.000   56.035   0.000   0.000   0.000   1.000   
0.000   0.000   56.035   0.000   0.000   0.000   1.000   
0.000   0.000   56.035   0.000   0.000   0.000   1.000   
0.000   0.000   56.035   0.000   0.000   0.000   1.000   
0.000   0.000   56.035   0.000   0.000   0.000   1.000   
0.000   0.000   56.035   0.000   0.000   0.000   1.000   
0.000   0.000   56.035   0.000   0.000   0.000   1.000   
0.000   0.000   56.035   0.000   0.000   0.000   1.000   
0.000   0.000   56.035   0.000   0.000   0.000   1.000   
0.000   0.000   56.035   0.000   0.000   0.000   1.000   
0.000   0.000   56.035   0.000   0.000   0.000   1.000   
0.000   0.000   56.035   0.000   0.000   0.000   1.000   
0.000   0.000   56.035   0.000   0.000   0.000   1.000   
0.000   0.000   56.035   0.000   0.000   0.000   1.000   
0.000   0.000   56.035   0.000   0.000   0.000   1.000   
0.000   0.000   56.035   0.000   0.000   0.000   1.000   
0.000   0.000   56.035   0.000   0.000   0.000   1.000   
0.000   0.000   56.035   0.000   0.000   0.000   1.000   
0.000   0.000   56.035   0.000   0.000   0.000   1.000   
0.000   0.000   56.035   0.000   0.000   0.000   1.000   
0.000   0.000   56.035   0.000   0.000   0.000   1.000   
0.000   0.000   56.035   0.000   0.000   0.000   1.000   
0.000   0.000   56.035   0.000   0.000   0.000   1.000   
0.000   0.000   56.035   0.000   0.000   0.000   1.000   
0.000   0.000   56.035   0.000   0.000   0.000   1.000   
0.000   0.000   56.035   0.000   0.000   0.000   1.000   
0.000   0.000   56.035   0.000   0.000   0.000   1.000   
0.000   0.000   56.035   0.000   0.000   0.000   1.000   
0.000   0.000   56.035   0.000   0.000   0.000   1.000   
0.000   0.000   56.035   0.000   0.000   0.000   1.000   
0.000   0.000   56.035   0.000   0.000   0.000   1.000   
0.000   0.000   56.035   0.000   0.000   0.000   1.000   
0.000   0.000   56.035   0.000   0.000   0.000   1.000   
0.000   0.000   56.035   0.000   0.000   0.000   1.000   
0.000   0.000   56.035   0.000   0.000   0.000   1.000   
0.000   0.000   56.035   0.000   0.000   0.000   1.000   
0.000   0.000   56.035   0.000   0.000   0.000   1.000   
0.000   0.000   56.035   0.000   0.000   0.000   1.000   
0.000   0.000   56.035   0.000   0.000   0.000   1.000   
0.000   0.000   56.035   0.000   0.000   0.000   1.000   
0.000   0.000   56.035   0.000   0.000   0.000   1.000   
0.000   0.000   56.035   0.000   0.000   0.000   1.000   
0.000   0.000   56.035   0.000   0.000   0.000   1.000   
0.000   0.000   56.035   0.000   0.000   0.000   1.000   
0.000   0.000   56.035   0.000   0.000   0.000   1.000   
0.000   0.000   56.035   0.000   0.000   0.000   1.000   
0.000   0.000   56.035   0.000   0.000   0.000   1.000   
0.000   0.000   56.035   0.000   0.000   0.000   1.000   
0.000   0.000   56.035   0.000   0.000   0.000   1.000   
0.000   0.000   56.035   0.000   0.000   0.000   1.000   
0.000   0.000   56.035   0.000   0.000   0.000   1.000   
0.000   0.000   56.035   0.000   0.000   0.000   1.000   
0.000   0.000   56.035   0.000   0.000   0.000   1.000   
0.000   0.000   56.035   0.000   0.000   0.000   1.000   
0.000   0.000   56.035   0.000   0.000   0.000   1.000   
0.000   0.000   56.035   0.000   0.000   0.000   1.000   
0.000   0.000   56.035   0.000   0.000   0.000   1.000   
0.000   0.000   56.035   0.000   0.000   0.000   1.000   
0.000   0.000   56.035   0.000   0.000   0.000   1.000   
0.000   0.000   56.035   0.000   0.000   0.000   1.000   
0.000   0.000   56.035   0.000   0.000   0.000   1.000   
0.000   0.000   56.035   0.000   0.000   0.000   1.000   
0.000   0.000   56.035   0.000   0.000   0.000   1.000   
0.000   0.000   56.035   0.000   0.000   0.000   1.000   
0.000   0.000   56.035   0.000   0.000   0.000   1.000   
0.000   0.000   56.035   0.000   0.000   0.000   1.000   
0.000   0.000   56.035   0.000   0.000   0.000   1.000   
0.000   0.000   56.035   0.000   0.000   0.000   1.000   
0.000   0.000   56.035   0.000   0.000   0.000   1.000   
0.000   0.000   56.035   0.000   0.000   0.000   1.000   
0.000   0.000   56.035   0.000   0.000   0.000   1.000   
0.000   0.000   56.035   0.000   0.000   0.000   1.000   
0.000   0.000   56.035   0.000   0.000   0.000   1.000   
0.000   0.000   56.035   0.000   0.000   0.000   1.000   
0.000   0.000   56.035   0.000   0.000   0.000   1.000   
0.000   0.000   56.035   0.000   0.000   0.000   1.000   
0.000   0.000   56.035   0.000   0.000   0.000   1.000   
0.000   0.000   56.035   0.000   0.000   0.000   1.000   
0.000   0.000   56.035   0.000   0.000   0.000   1.000   
0.000   0.000   56.035   0.000   0.000   0.000   1.000   
0.000   0.000   56.035   0.000   0.000   0.000   1.000   
0.000   0.000   56.035   0.000   0.000   0.000   1.000   
0.000   0.000   56.035   0.000   0.000   0.000   1.000   
0.000   0.000   56.035   0.000   0.000   0.000   1.000   
0.000   0.000   56.035   0.000   0.000   0.000   1.000   
0.000   0.000   56.035   0.000   0.000   0.000   1.000   
0.000   0.000   56.035   0.000   0.000   0.000   1.000   
0.000   0.000   56.035   0.000   0.000   0.000   1.000   
0.000   0.000   56.035   0.000   0.000   0.000   1.000   
0.000   0.000   56.035   0.000   0.000   0.000   1.000   
0.000   0.000   56.035   0.000   0.000   0.000   1.000   
0.000   0.000   56.035   0.000   0.000   0.000   1.000   
0.000   0.000   56.035   0.000   0.000   0.000   1.000   
0.000   0.000   56.035   0.000   0.000   0.000   1.000   
0.000   0.000   56.035   0.000   0.000   0.000   1.000   
0.000   0.000   56.035   0.000   0.000   0.000   1.000   
0.000   0.000   56.035   0.000   0.000   0.000   1.000   
0.000   0.000   56.035   0.000   0.000   0.000   1.000   
0.000   0.000   56.035   0.000   0.000   0.000   1.000   
0.000   0.000   56.035   0.000   0.000   0.000   1.000   
0.000   0.000   56.035   0.000   0.000   0.000   1.000   
0.000   0.000   56.035   0.000   0.000   0.000   1.000   
0.000   0.000   56.035   0.000   0.000   0.000   1.000   
0.000   0.000   56.035   0.000   0.000   0.000   1.000   
0.000   0.000   56.035   0.000   0.000   0.000   1.000   
0.000   0.000   56.035   0.000   0.000   0.000   1.000   
0.000   0.000   56.035   0.000   0.000   0.000   1.000   
0.000   0.000   56.035   0.000   0.000   0.000   1.000   
0.000   0.000   56.035   0.000   0.000   0.000   1.000   
0.000   0.000   56.035   0.000   0.000   0.000   1.000   
0.000   0.000   56.035   0.000   0.000   0.000   1.000   
0.000   0.000   56.035   0.000   0.000   0.000   1.000   
0.000   0.000   56.035   0.000   0.000   0.000   1.000   
0.000   0.000   56.035   0.000   0.000   0.000   1.000   
0.000   0.000   56.035   0.000   0.000   0.000   1.000   
0.000   0.000   56.035   0.000   0.000   0.000   1.000   
0.000   0.000   56.035   0.000   0.000   0.000   1.000   
0.000   0.000   56.035   0.000   0.000   0.000   1.000   
0.000   0.000   56.035   0.000   0.000   0.000   1.000   
0.000   0.000   56.035   0.000   0.000   0.000   1.000   
0.000   0.000   56.035   0.000   0.000   0.000   1.000   
0.000   0.000   56.035   0.000   0.000   0.000   1.000   
0.000   0.000   56.035   0.000   0.000   0.000   1.000   
0.000   0.000   56.035   0.000   0.000   0.000   1.000   
0.000   0.000   56.035   0.000   0.000   0.000   1.000   
0.000   0.000   56.035   0.000   0.000   0.000   1.000   
0.000   0.000   56.035   0.000   0.000   0.000   1.000   
0.000   0.000   56.035   0.000   0.000   0.000   1.000   
0.000   0.000   56.035   0.000   0.000   0.000   1.000   
0.000   0.000   56.035   0.000   0.000   0.000   1.000   
0.000   0.000   56.035   0.000   0.000   0.000   1.000   
0.000   0.000   56.035   0.000   0.000   0.000   1.000   
0.000   0.000   56.035   0.000   0.000   0.000   1.000   
0.000   0.000   56.035   0.000   0.000   0.000   1.000   
0.000   0.000   56.035   0.000   0.000   0.000   1.000   
0.000   0.000   56.035   0.000   0.000   0.000   1.000   
0.000   0.000   56.035   0.000   0.000   0.000   1.000   
0.000   0.000   56.035   0.000   0.000   0.000   1.000   
0.000   0.000   56.035   0.000   0.000   0.000   1.000   
0.000   0.000   56.035   0.000   0.000   0.000   1.000   
0.000   0.000   56.035   0.000   0.000   0.000   1.000   
0.000   0.000   56.035   0.000   0.000   0.000   1.000   
0.000   0.000   56.035   0.000   0.000   0.000   1.000   
0.000   0.000   56.035   0.000   0.000   0.000   1.000   
0.000   0.000   56.035   0.000   0.000   0.000   1.000   
0.000   0.000   56.035   0.000   0.000   0.000   1.000   
0.000   0.000   56.035   0.000   0.000   0.000   1.000   
0.000   0.000   56.035   0.000   0.000   0.000   1.000   
0.000   0.000   56.035   0.000   0.000   0.000   1.000   
0.000   0.000   56.035   0.000   0.000   0.000   1.000   
0.000   0.000   56.035   0.000   0.000   0.000   1.000   
0.000   0.000   56.035   0.000   0.000   0.000   1.000   
0.000   0.000   56.035   0.000   0.000   0.000   1.000   
0.000   0.000   56.035   0.000   0.000   0.000   1.000   
0.000   0.000   56.035   0.000   0.000   0.000   1.000   
0.000   0.000   56.035   0.000   0.000   0.000   1.000   
0.000   0.000   56.035   0.000   0.000   0.000   1.000   
0.000   0.000   56.035   0.000   0.000   0.000   1.000   
0.000   0.000   56.035   0.000   0.000   0.000   1.000   
0.000   0.000   56.035   0.000   0.000   0.000   1.000   
0.000   0.000   56.035   0.000   0.000   0.000   1.000   
0.000   0.000   56.035   0.000   0.000   0.000   1.000   
0.000   0.000   56.035   0.000   0.000   0.000   1.000   
0.000   0.000   56.035   0.000   0.000   0.000   1.000   
0.000   0.000   56.035   0.000   0.000   0.000   1.000   
0.000   0.000   56.035   0.000   0.000   0.000   1.000   
0.000   0.000   56.035   0.000   0.000   0.000   1.000   
0.000   0.000   56.035   0.000   0.000   0.000   1.000   
0.000   0.000   56.035   0.000   0.000   0.000   1.000   
0.000   0.000   56.035   0.000   0.000   0.000   1.000   
0.000   0.000   56.035   0.000   0.000   0.000   1.000   
0.000   0.000   56.035   0.000   0.000   0.000   1.000   
0.000   0.000   56.035   0.000   0.000   0.000   1.000   
0.000   0.000   56.035   0.000   0.000   0.000   1.000   
0.000   0.000   56.035   0.000   0.000   0.000   1.000   
0.000   0.000   56.035   0.000   0.000   0.000   1.000   
0.000   0.000   56.035   0.000   0.000   0.000   1.000   
0.000   0.000   56.035   0.000   0.000   0.000   1.000   
0.000   0.000   56.035   0.000   0.000   0.000   1.000   
0.000   0.000   56.035   0.000   0.000   0.000   1.000   
0.000   0.000   56.035   0.000   0.000   0.000   1.000   
0.000   0.000   56.035   0.000   0.000   0.000   1.000   
0.000   0.000   56.035   0.000   0.000   0.000   1.000   
0.000   0.000   56.035   0.000   0.000   0.000   1.000   
0.000   0.000   56.035   0.000   0.000   0.000   1.000   
0.000   0.000   56.035   0.000   0.000   0.000   1.000   
0.000   0.000   56.035   0.000   0.000   0.000   1.000   
0.000   0.000   56.035   0.000   0.000   0.000   1.000   
0.000   0.000   56.035   0.000   0.000   0.000   1.000   
0.000   0.000   56.035   0.000   0.000   0.000   1.000   
0.000   0.000   56.035   0.000   0.000   0.000   1.000   
0.000   0.000   56.035   0.000   0.000   0.000   1.000   
0.000   0.000   56.035   0.000   0.000   0.000   1.000   
0.000   0.000   56.035   0.000   0.000   0.000   1.000   
0.000   0.000   56.035   0.000   0.000   0.000   1.000   
0.000   0.000   56.035   0.000   0.000   0.000   1.000   
0.000   0.000   56.035   0.000   0.000   0.000   1.000   
0.000   0.000   56.035   0.000   0.000   0.000   1.000   
0.000   0.000   56.035   0.000   0.000   0.000   1.000   
0.000   0.000   56.035   0.000   0.000   0.000   1.000   
0.000   0.000   56.035   0.000   0.000   0.000   1.000   
0.000   0.000   56.035   0.000   0.000   0.000   1.000   
0.000   0.000   56.035   0.000   0.000   0.000   1.000   
0.000   0.000   56.035   0.000   0.000   0.000   1.000   
0.000   0.000   56.035   0.000   0.000   0.000   1.000   
0.000   0.000   56.035   0.000   0.000   0.000   1.000   
0.000   0.000   56.035   0.000   0.000   0.000   1.000   
0.000   0.000   56.035   0.000   0.000   0.000   1.000   
0.000   0.000   56.035   0.000   0.000   0.000   1.000   
0.000   0.000   56.035   0.000   0.000   0.000   1.000   
0.000   0.000   56.035   0.000   0.000   0.000   1.000   
0.000   0.000   56.035   0.000   0.000   0.000   1.000   
0.000   0.000   56.035   0.000   0.000   0.000   1.000   
0.000   0.000   56.035   0.000   0.000   0.000   1.000   
0.000   0.000   56.035   0.000   0.000   0.000   1.000   
0.000   0.000   56.035   0.000   0.000   0.000   1.000   
0.000   0.000   56.035   0.000   0.000   0.000   1.000   
0.000   0.000   56.035   0.000   0.000   0.000   1.000   
0.000   0.000   56.035   0.000   0.000   0.000   1.000   
0.000   0.000   56.035   0.000   0.000   0.000   1.000   
0.000   0.000   56.035   0.000   0.000   0.000   1.000   
0.000   0.000   56.035   0.000   0.000   0.000   1.000   
0.000   0.000   56.035   0.000   0.000   0.000   1.000   
0.000   0.000   56.035   0.000   0.000   0.000   1.000   
0.000   0.000   56.035   0.000   0.000   0.000   1.000   
0.000   0.000   56.035   0.000   0.000   0.000   1.000   
0.000   0.000   56.035   0.000   0.000   0.000   1.000   
0.000   0.000   56.035   0.000   0.000   0.000   1.000   
0.000   0.000   56.035   0.000   0.000   0.000   1.000   
0.000   0.000   56.035   0.000   0.000   0.000   1.000   
0.000   0.000   56.035   0.000   0.000   0.000   1.000   
0.000   0.000   56.035   0.000   0.000   0.000   1.000   
0.000   0.000   56.035   0.000   0.000   0.000   1.000   
0.000   0.000   56.035   0.000   0.000   0.000   1.000   
0.000   0.000   56.035   0.000   0.000   0.000   1.000   
0.000   0.000   56.035   0.000   0.000   0.000   1.000   
0.000   0.000   56.035   0.000   0.000   0.000   1.000   
0.000   0.000   56.035   0.000   0.000   0.000   1.000   
0.000   0.000   56.035   0.000   0.000   0.000   1.000   
0.000   0.000   56.035   0.000   0.000   0.000   1.000   
0.000   0.000   56.035   0.000   0.000   0.000   1.000   
0.000   0.000   56.035   0.000   0.000   0.000   1.000   
0.000   0.000   56.035   0.000   0.000   0.000   1.000   
0.000   0.000   56.035   0.000   0.000   0.000   1.000   
0.000   0.000   56.035   0.000   0.000   0.000   1.000   
0.000   0.000   56.035   0.000   0.000   0.000   1.000   
0.000   0.000   56.035   0.000   0.000   0.000   1.000   
0.000   0.000   56.035   0.000   0.000   0.000   1.000   
0.000   0.000   56.035   0.000   0.000   0.000   1.000   
0.000   0.000   56.035   0.000   0.000   0.000   1.000   
0.000   0.000   56.035   0.000   0.000   0.000   1.000   
0.000   0.000   56.035   0.000   0.000   0.000   1.000   
0.000   0.000   56.035   0.000   0.000   0.000   1.000   
0.000   0.000   56.035   0.000   0.000   0.000   1.000   
0.000   0.000   56.035   0.000   0.000   0.000   1.000   
0.000   0.000   56.035   0.000   0.000   0.000   1.000   
0.000   0.000   56.035   0.000   0.000   0.000   1.000   
0.000   0.000   56.035   0.000   0.000   0.000   1.000   
0.000   0.000   56.035   0.000   0.000   0.000   1.000   
0.000   0.000   56.035   0.000   0.000   0.000   1.000   
0.000   0.000   56.035   0.000   0.000   0.000   1.000   
0.000   0.000   56.035   0.000   0.000   0.000   1.000   
0.000   0.000   56.035   0.000   0.000   0.000   1.000   
0.000   0.000   56.035   0.000   0.000   0.000   1.000   
0.000   0.000   56.035   0.000   0.000   0.000   1.000   
0.000   0.000   56.035   0.000   0.000   0.000   1.000   
0.000   0.000   56.035   0.000   0.000   0.000   1.000   
0.000   0.000   56.035   0.000   0.000   0.000   1.000   
0.000   0.000   56.035   0.000   0.000   0.000   1.000   
0.000   0.000   56.035   0.000   0.000   0.000   1.000   
0.000   0.000   56.035   0.000   0.000   0.000   1.000   
0.000   0.000   56.035   0.000   0.000   0.000   1.000   
0.000   0.000   56.035   0.000   0.000   0.000   1.000   
0.000   0.000   56.035   0.000   0.000   0.000   1.000   
0.000   0.000   56.035   0.000   0.000   0.000   1.000   
0.000   0.000   56.035   0.000   0.000   0.000   1.000   
0.000   0.000   56.035   0.000   0.000   0.000   1.000   
0.000   0.000   56.035   0.000   0.000   0.000   1.000   
0.000   0.000   56.035   0.000   0.000   0.000   1.000   
0.000   0.000   56.035   0.000   0.000   0.000   1.000   
0.000   0.000   56.035   0.000   0.000   0.000   1.000   
0.000   0.000   56.035   0.000   0.000   0.000   1.000   
0.000   0.000   56.035   0.000   0.000   0.000   1.000   
0.000   0.000   56.035   0.000   0.000   0.000   1.000   
0.000   0.000   56.035   0.000   0.000   0.000   1.000   
0.000   0.000   56.035   0.000   0.000   0.000   1.000   
0.000   0.000   56.035   0.000   0.000   0.000   1.000   
0.000   0.000   56.035   0.000   0.000   0.000   1.000   
0.000   0.000   56.035   0.000   0.000   0.000   1.000   
0.000   0.000   56.035   0.000   0.000   0.000   1.000   
0.000   0.000   56.035   0.000   0.000   0.000   1.000   
0.000   0.000   56.035   0.000   0.000   0.000   1.000   
0.000   0.000   56.035   0.000   0.000   0.000   1.000   
0.000   0.000   56.035   0.000   0.000   0.000   1.000   
0.000   0.000   56.035   0.000   0.000   0.000   1.000   
0.000   0.000   56.035   0.000   0.000   0.000   1.000   
0.000   0.000   56.035   0.000   0.000   0.000   1.000   
0.000   0.000   56.035   0.000   0.000   0.000   1.000   
0.000   0.000   56.035   0.000   0.000   0.000   1.000   
0.000   0.000   56.035   0.000   0.000   0.000   1.000   
0.000   0.000   56.035   0.000   0.000   0.000   1.000   
0.000   0.000   56.035   0.000   0.000   0.000   1.000   
0.000   0.000   56.035   0.000   0.000   0.000   1.000   
0.000   0.000   56.035   0.000   0.000   0.000   1.000   
0.000   0.000   56.035   0.000   0.000   0.000   1.000   
0.000   0.000   56.035   0.000   0.000   0.000   1.000   
0.000   0.000   56.035   0.000   0.000   0.000   1.000   
0.000   0.000   56.035   0.000   0.000   0.000   1.000   
0.000   0.000   56.035   0.000   0.000   0.000   1.000   
0.000   0.000   56.035   0.000   0.000   0.000   1.000   
0.000   0.000   56.035   0.000   0.000   0.000   1.000   
0.000   0.000   56.035   0.000   0.000   0.000   1.000   
0.000   0.000   56.035   0.000   0.000   0.000   1.000   
0.000   0.000   56.035   0.000   0.000   0.000   1.000   
0.000   0.000   56.035   0.000   0.000   0.000   1.000   
0.000   0.000   56.035   0.000   0.000   0.000   1.000   
0.000   0.000   56.035   0.000   0.000   0.000   1.000   
0.000   0.000   56.035   0.000   0.000   0.000   1.000   
0.000   0.000   56.035   0.000   0.000   0.000   1.000   
0.000   0.000   56.035   0.000   0.000   0.000   1.000   
0.000   0.000   56.035   0.000   0.000   0.000   1.000   
0.000   0.000   56.035   0.000   0.000   0.000   1.000   
0.000   0.000   56.035   0.000   0.000   0.000   1.000   
0.000   0.000   56.035   0.000   0.000   0.000   1.000   
0.000   0.000   56.035   0.000   0.000   0.000   1.000   
0.000   0.000   56.035   0.000   0.000   0.000   1.000   
0.000   0.000   56.035   0.000   0.000   0.000   1.000   
0.000   0.000   56.035   0.000   0.000   0.000   1.000   
0.000   0.000   56.035   0.000   0.000   0.000   1.000   
0.000   0.000   56.035   0.000   0.000   0.000   1.000   
0.000   0.000   56.035   0.000   0.000   0.000   1.000   
0.000   0.000   56.035   0.000   0.000   0.000   1.000   
0.000   0.000   56.035   0.000   0.000   0.000   1.000   
0.000   0.000   56.035   0.000   0.000   0.000   1.000   
0.000   0.000   56.035   0.000   0.000   0.000   1.000   
0.000   0.000   56.035   0.000   0.000   0.000   1.000   
0.000   0.000   56.035   0.000   0.000   0.000   1.000   
0.000   0.000   56.035   0.000   0.000   0.000   1.000   
0.000   0.000   56.035   0.000   0.000   0.000   1.000   
0.000   0.000   56.035   0.000   0.000   0.000   1.000   
0.000   0.000   56.035   0.000   0.000   0.000   1.000   
0.000   0.000   56.035   0.000   0.000   0.000   1.000   
0.000   0.000   56.035   0.000   0.000   0.000   1.000   
0.000   0.000   56.035   0.000   0.000   0.000   1.000   
0.000   0.000   56.035   0.000   0.000   0.000   1.000   
0.000   0.000   56.035   0.000   0.000   0.000   1.000   
0.000   0.000   56.035   0.000   0.000   0.000   1.000   
0.000   0.000   56.035   0.000   0.000   0.000   1.000   
0.000   0.000   56.035   0.000   0.000   0.000   1.000   
0.000   0.000   56.035   0.000   0.000   0.000   1.000   
0.000   0.000   56.035   0.000   0.000   0.000   1.000   
0.000   0.000   56.035   0.000   0.000   0.000   1.000   
0.000   0.000   56.035   0.000   0.000   0.000   1.000   
0.000   0.000   56.035   0.000   0.000   0.000   1.000   
0.000   0.000   56.035   0.000   0.000   0.000   1.000   
0.000   0.000   56.035   0.000   0.000   0.000   1.000   
0.000   0.000   56.035   0.000   0.000   0.000   1.000   
0.000   0.000   56.035   0.000   0.000   0.000   1.000   
0.000   0.000   56.035   0.000   0.000   0.000   1.000   
0.000   0.000   56.035   0.000   0.000   0.000   1.000   
0.000   0.000   56.035   0.000   0.000   0.000   1.000   
0.000   0.000   56.035   0.000   0.000   0.000   1.000   
0.000   0.000   56.035   0.000   0.000   0.000   1.000   
0.000   0.000   56.035   0.000   0.000   0.000   1.000   
0.000   0.000   56.035   0.000   0.000   0.000   1.000   
0.000   0.000   56.035   0.000   0.000   0.000   1.000   
0.000   0.000   56.035   0.000   0.000   0.000   1.000   
0.000   0.000   56.035   0.000   0.000   0.000   1.000   
0.000   0.000   56.035   0.000   0.000   0.000   1.000   
0.000   0.000   56.035   0.000   0.000   0.000   1.000   
0.000   0.000   56.035   0.000   0.000   0.000   1.000   
0.000   0.000   56.035   0.000   0.000   0.000   1.000   
0.000   0.000   56.035   0.000   0.000   0.000   1.000   
0.000   0.000   56.035   0.000   0.000   0.000   1.000   
0.000   0.000   56.035   0.000   0.000   0.000   1.000   
0.000   0.000   56.035   0.000   0.000   0.000   1.000   
0.000   0.000   56.035   0.000   0.000   0.000   1.000   
0.000   0.000   56.035   0.000   0.000   0.000   1.000   
0.000   0.000   56.035   0.000   0.000   0.000   1.000   
0.000   0.000   56.035   0.000   0.000   0.000   1.000   
0.000   0.000   56.035   0.000   0.000   0.000   1.000   
0.000   0.000   56.035   0.000   0.000   0.000   1.000   
0.000   0.000   56.035   0.000   0.000   0.000   1.000   
0.000   0.000   56.035   0.000   0.000   0.000   1.000   
0.000   0.000   56.035   0.000   0.000   0.000   1.000   
0.000   0.000   56.035   0.000   0.000   0.000   1.000   
0.000   0.000   56.035   0.000   0.000   0.000   1.000   
0.000   0.000   56.035   0.000   0.000   0.000   1.000   
0.000   0.000   56.035   0.000   0.000   0.000   1.000   
0.000   0.000   56.035   0.000   0.000   0.000   1.000   
0.000   0.000   56.035   0.000   0.000   0.000   1.000   
0.000   0.000   56.035   0.000   0.000   0.000   1.000   
0.000   0.000   56.035   0.000   0.000   0.000   1.000   
0.000   0.000   56.035   0.000   0.000   0.000   1.000   
0.000   0.000   56.035   0.000   0.000   0.000   1.000   
0.000   0.000   56.035   0.000   0.000   0.000   1.000   
0.000   0.000   56.035   0.000   0.000   0.000   1.000   
0.000   0.000   56.035   0.000   0.000   0.000   1.000   
0.000   0.000   56.035   0.000   0.000   0.000   1.000   
0.000   0.000   56.035   0.000   0.000   0.000   1.000   
0.000   0.000   56.035   0.000   0.000   0.000   1.000   
0.000   0.000   56.035   0.000   0.000   0.000   1.000   
0.000   0.000   56.035   0.000   0.000   0.000   1.000   
0.000   0.000   56.035   0.000   0.000   0.000   1.000   
0.000   0.000   56.035   0.000   0.000   0.000   1.000   
0.000   0.000   56.035   0.000   0.000   0.000   1.000   
0.000   0.000   56.035   0.000   0.000   0.000   1.000   
0.000   0.000   56.035   0.000   0.000   0.000   1.000   
0.000   0.000   56.035   0.000   0.000   0.000   1.000   
0.000   0.000   56.035   0.000   0.000   0.000   1.000   
0.000   0.000   56.035   0.000   0.000   0.000   1.000   
0.000   0.000   56.035   0.000   0.000   0.000   1.000   
0.000   0.000   56.035   0.000   0.000   0.000   1.000   
0.000   0.000   56.035   0.000   0.000   0.000   1.000   
0.000   0.000   56.035   0.000   0.000   0.000   1.000   
0.000   0.000   56.035   0.000   0.000   0.000   1.000   
0.000   0.000   56.035   0.000   0.000   0.000   1.000   
0.000   0.000   56.035   0.000   0.000   0.000   1.000   
0.000   0.000   56.035   0.000   0.000   0.000   1.000   
0.000   0.000   56.035   0.000   0.000   0.000   1.000   
0.000   0.000   56.035   0.000   0.000   0.000   1.000   
0.000   0.000   56.035   0.000   0.000   0.000   1.000   
0.000   0.000   56.035   0.000   0.000   0.000   1.000   
0.000   0.000   56.035   0.000   0.000   0.000   1.000   
0.000   0.000   56.035   0.000   0.000   0.000   1.000   
0.000   0.000   56.035   0.000   0.000   0.000   1.000   
0.000   0.000   56.035   0.000   0.000   0.000   1.000   
0.000   0.000   56.035   0.000   0.000   0.000   1.000   
0.000   0.000   56.035   0.000   0.000   0.000   1.000   
0.000   0.000   56.035   0.000   0.000   0.000   1.000   
0.000   0.000   56.035   0.000   0.000   0.000   1.000   
0.000   0.000   56.035   0.000   0.000   0.000   1.000   
0.000   0.000   56.035   0.000   0.000   0.000   1.000   
0.000   0.000   56.035   0.000   0.000   0.000   1.000   
0.000   0.000   56.035   0.000   0.000   0.000   1.000   
0.000   0.000   56.035   0.000   0.000   0.000   1.000   
0.000   0.000   56.035   0.000   0.000   0.000   1.000   
0.000   0.000   56.035   0.000   0.000   0.000   1.000   
0.000   0.000   56.035   0.000   0.000   0.000   1.000   
0.000   0.000   56.035   0.000   0.000   0.000   1.000   
0.000   0.000   56.035   0.000   0.000   0.000   1.000   
0.000   0.000   56.035   0.000   0.000   0.000   1.000   
0.000   0.000   56.035   0.000   0.000   0.000   1.000   
0.000   0.000   56.035   0.000   0.000   0.000   1.000   
0.000   0.000   56.035   0.000   0.000   0.000   1.000   
0.000   0.000   56.035   0.000   0.000   0.000   1.000   
0.000   0.000   56.035   0.000   0.000   0.000   1.000   
0.000   0.000   56.035   0.000   0.000   0.000   1.000   
0.000   0.000   56.035   0.000   0.000   0.000   1.000   
0.000   0.000   56.035   0.000   0.000   0.000   1.000   
0.000   0.000   56.035   0.000   0.000   0.000   1.000   
0.000   0.000   56.035   0.000   0.000   0.000   1.000   
0.000   0.000   56.035   0.000   0.000   0.000   1.000   
0.000   0.000   56.035   0.000   0.000   0.000   1.000   
0.000   0.000   56.035   0.000   0.000   0.000   1.000   
0.000   0.000   56.035   0.000   0.000   0.000   1.000   
0.000   0.000   56.035   0.000   0.000   0.000   1.000   
0.000   0.000   56.035   0.000   0.000   0.000   1.000   
0.000   0.000   56.035   0.000   0.000   0.000   1.000   
0.000   0.000   56.035   0.000   0.000   0.000   1.000   
0.000   0.000   56.035   0.000   0.000   0.000   1.000   
0.000   0.000   56.035   0.000   0.000   0.000   1.000   
0.000   0.000   56.035   0.000   0.000   0.000   1.000   
0.000   0.000   56.035   0.000   0.000   0.000   1.000   
0.000   0.000   56.035   0.000   0.000   0.000   1.000   
0.000   0.000   56.035   0.000   0.000   0.000   1.000   
0.000   0.000   56.035   0.000   0.000   0.000   1.000   
0.000   0.000   56.035   0.000   0.000   0.000   1.000   
0.000   0.000   56.035   0.000   0.000   0.000   1.000   
0.000   0.000   56.035   0.000   0.000   0.000   1.000   
0.000   0.000   56.035   0.000   0.000   0.000   1.000   
0.000   0.000   56.035   0.000   0.000   0.000   1.000   
0.000   0.000   56.035   0.000   0.000   0.000   1.000   
0.000   0.000   56.035   0.000   0.000   0.000   1.000   
0.000   0.000   56.035   0.000   0.000   0.000   1.000   
0.000   0.000   56.035   0.000   0.000   0.000   1.000   
0.000   0.000   56.035   0.000   0.000   0.000   1.000   
0.000   0.000   56.035   0.000   0.000   0.000   1.000   
0.000   0.000   56.035   0.000   0.000   0.000   1.000   
0.000   0.000   56.035   0.000   0.000   0.000   1.000   
0.000   0.000   56.035   0.000   0.000   0.000   1.000   
0.000   0.000   56.035   0.000   0.000   0.000   1.000   
0.000   0.000   56.035   0.000   0.000   0.000   1.000   
0.000   0.000   56.035   0.000   0.000   0.000   1.000   
0.000   0.000   56.035   0.000   0.000   0.000   1.000   
0.000   0.000   56.035   0.000   0.000   0.000   1.000   
0.000   0.000   56.035   0.000   0.000   0.000   1.000   
0.000   0.000   56.035   0.000   0.000   0.000   1.000   
0.000   0.000   56.035   0.000   0.000   0.000   1.000   
0.000   0.000   56.035   0.000   0.000   0.000   1.000   
0.000   0.000   56.035   0.000   0.000   0.000   1.000   
0.000   0.000   56.035   0.000   0.000   0.000   1.000   
0.000   0.000   56.035   0.000   0.000   0.000   1.000   
0.000   0.000   56.035   0.000   0.000   0.000   1.000   
0.000   0.000   56.035   0.000   0.000   0.000   1.000   
0.000   0.000   56.035   0.000   0.000   0.000   1.000   
0.000   0.000   56.035   0.000   0.000   0.000   1.000   
0.000   0.000   56.035   0.000   0.000   0.000   1.000   
0.000   0.000   56.035   0.000   0.000   0.000   1.000   
0.000   0.000   56.035   0.000   0.000   0.000   1.000   
0.000   0.000   56.035   0.000   0.000   0.000   1.000   
0.000   0.000   56.035   0.000   0.000   0.000   1.000   
0.000   0.000   56.035   0.000   0.000   0.000   1.000   
0.000   0.000   56.035   0.000   0.000   0.000   1.000   
0.000   0.000   56.035   0.000   0.000   0.000   1.000   
0.000   0.000   56.035   0.000   0.000   0.000   1.000   
0.000   0.000   56.035   0.000   0.000   0.000   1.000   
0.000   0.000   56.035   0.000   0.000   0.000   1.000   
0.000   0.000   56.035   0.000   0.000   0.000   1.000   
0.000   0.000   56.035   0.000   0.000   0.000   1.000   
0.000   0.000   56.035   0.000   0.000   0.000   1.000   
0.000   0.000   56.035   0.000   0.000   0.000   1.000   
0.000   0.000   56.035   0.000   0.000   0.000   1.000   
0.000   0.000   56.035   0.000   0.000   0.000   1.000   
0.000   0.000   56.035   0.000   0.000   0.000   1.000   
0.000   0.000   56.035   0.000   0.000   0.000   1.000   
0.000   0.000   56.035   0.000   0.000   0.000   1.000   
0.000   0.000   56.035   0.000   0.000   0.000   1.000   
0.000   0.000   56.035   0.000   0.000   0.000   1.000   
0.000   0.000   56.035   0.000   0.000   0.000   1.000   
0.000   0.000   56.035   0.000   0.000   0.000   1.000   
0.000   0.000   56.035   0.000   0.000   0.000   1.000   
0.000   0.000   56.035   0.000   0.000   0.000   1.000   
0.000   0.000   56.035   0.000   0.000   0.000   1.000   
0.000   0.000   56.035   0.000   0.000   0.000   1.000   
0.000   0.000   56.035   0.000   0.000   0.000   1.000   
0.000   0.000   56.035   0.000   0.000   0.000   1.000   
0.000   0.000   56.035   0.000   0.000   0.000   1.000   
0.000   0.000   56.035   0.000   0.000   0.000   1.000   
0.000   0.000   56.035   0.000   0.000   0.000   1.000   
0.000   0.000   56.035   0.000   0.000   0.000   1.000   
0.000   0.000   56.035   0.000   0.000   0.000   1.000   
0.000   0.000   56.035   0.000   0.000   0.000   1.000   
0.000   0.000   56.035   0.000   0.000   0.000   1.000   
0.000   0.000   56.035   0.000   0.000   0.000   1.000   
0.000   0.000   56.035   0.000   0.000   0.000   1.000   
0.000   0.000   56.035   0.000   0.000   0.000   1.000   
0.000   0.000   56.035   0.000   0.000   0.000   1.000   
0.000   0.000   56.035   0.000   0.000   0.000   1.000   
0.000   0.000   56.035   0.000   0.000   0.000   1.000   
0.000   0.000   56.035   0.000   0.000   0.000   1.000   
0.000   0.000   56.035   0.000   0.000   0.000   1.000   
0.000   0.000   56.035   0.000   0.000   0.000   1.000   
0.000   0.000   56.035   0.000   0.000   0.000   1.000   
0.000   0.000   56.035   0.000   0.000   0.000   1.000   
0.000   0.000   56.035   0.000   0.000   0.000   1.000   
0.000   0.000   56.035   0.000   0.000   0.000   1.000   
0.000   0.000   56.035   0.000   0.000   0.000   1.000   
0.000   0.000   56.035   0.000   0.000   0.000   1.000   
0.000   0.000   56.035   0.000   0.000   0.000   1.000   
0.000   0.000   56.035   0.000   0.000   0.000   1.000   
0.000   0.000   56.035   0.000   0.000   0.000   1.000   
0.000   0.000   56.035   0.000   0.000   0.000   1.000   
0.000   0.000   56.035   0.000   0.000   0.000   1.000   
0.000   0.000   56.035   0.000   0.000   0.000   1.000   
0.000   0.000   56.035   0.000   0.000   0.000   1.000   
0.000   0.000   56.035   0.000   0.000   0.000   1.000   
0.000   0.000   56.035   0.000   0.000   0.000   1.000   
0.000   0.000   56.035   0.000   0.000   0.000   1.000   
0.000   0.000   56.035   0.000   0.000   0.000   1.000   
0.000   0.000   56.035   0.000   0.000   0.000   1.000   
0.000   0.000   56.035   0.000   0.000   0.000   1.000   
0.000   0.000   56.035   0.000   0.000   0.000   1.000   
0.000   0.000   56.035   0.000   0.000   0.000   1.000   
0.000   0.000   56.035   0.000   0.000   0.000   1.000   
0.000   0.000   56.035   0.000   0.000   0.000   1.000   
0.000   0.000   56.035   0.000   0.000   0.000   1.000   
0.000   0.000   56.035   0.000   0.000   0.000   1.000   
0.000   0.000   56.035   0.000   0.000   0.000   1.000   
0.000   0.000   56.035   0.000   0.000   0.000   1.000   
0.000   0.000   56.035   0.000   0.000   0.000   1.000   
0.000   0.000   56.035   0.000   0.000   0.000   1.000   
0.000   0.000   56.035   0.000   0.000   0.000   1.000   
0.000   0.000   56.035   0.000   0.000   0.000   1.000   
0.000   0.000   56.035   0.000   0.000   0.000   1.000   
0.000   0.000   56.035   0.000   0.000   0.000   1.000   
0.000   0.000   56.035   0.000   0.000   0.000   1.000   
0.000   0.000   56.035   0.000   0.000   0.000   1.000   
0.000   0.000   56.035   0.000   0.000   0.000   1.000   
0.000   0.000   56.035   0.000   0.000   0.000   1.000   
0.000   0.000   56.035   0.000   0.000   0.000   1.000   
0.000   0.000   56.035   0.000   0.000   0.000   1.000   
0.000   0.000   56.035   0.000   0.000   0.000   1.000   
0.000   0.000   56.035   0.000   0.000   0.000   1.000   
0.000   0.000   56.035   0.000   0.000   0.000   1.000   
0.000   0.000   56.035   0.000   0.000   0.000   1.000   
0.000   0.000   56.035   0.000   0.000   0.000   1.000   
0.000   0.000   56.035   0.000   0.000   0.000   1.000   
0.000   0.000   56.035   0.000   0.000   0.000   1.000   
0.000   0.000   56.035   0.000   0.000   0.000   1.000   
0.000   0.000   56.035   0.000   0.000   0.000   1.000   
0.000   0.000   56.035   0.000   0.000   0.000   1.000   
0.000   0.000   56.035   0.000   0.000   0.000   1.000   
0.000   0.000   56.035   0.000   0.000   0.000   1.000   
0.000   0.000   56.035   0.000   0.000   0.000   1.000   
0.000   0.000   56.035   0.000   0.000   0.000   1.000   
0.000   0.000   56.035   0.000   0.000   0.000   1.000   
0.000   0.000   56.035   0.000   0.000   0.000   1.000   
0.000   0.000   56.035   0.000   0.000   0.000   1.000   
0.000   0.000   56.035   0.000   0.000   0.000   1.000   
0.000   0.000   56.035   0.000   0.000   0.000   1.000   
0.000   0.000   56.035   0.000   0.000   0.000   1.000   
0.000   0.000   56.035   0.000   0.000   0.000   1.000   
0.000   0.000   56.035   0.000   0.000   0.000   1.000   
0.000   0.000   56.035   0.000   0.000   0.000   1.000   
0.000   0.000   56.035   0.000   0.000   0.000   1.000   
0.000   0.000   56.035   0.000   0.000   0.000   1.000   
0.000   0.000   56.035   0.000   0.000   0.000   1.000   
0.000   0.000   56.035   0.000   0.000   0.000   1.000   
0.000   0.000   56.035   0.000   0.000   0.000   1.000   
0.000   0.000   56.035   0.000   0.000   0.000   1.000   
0.000   0.000   56.035   0.000   0.000   0.000   1.000   
0.000   0.000   56.035   0.000   0.000   0.000   1.000   
0.000   0.000   56.035   0.000   0.000   0.000   1.000   
0.000   0.000   56.035   0.000   0.000   0.000   1.000   
0.000   0.000   56.035   0.000   0.000   0.000   1.000   
0.000   0.000   56.035   0.000   0.000   0.000   1.000   
0.000   0.000   56.035   0.000   0.000   0.000   1.000   
0.000   0.000   56.035   0.000   0.000   0.000   1.000   
0.000   0.000   56.035   0.000   0.000   0.000   1.000   
0.000   0.000   56.035   0.000   0.000   0.000   1.000   
0.000   0.000   56.035   0.000   0.000   0.000   1.000   
0.000   0.000   56.035   0.000   0.000   0.000   1.000   
0.000   0.000   56.035   0.000   0.000   0.000   1.000   
0.000   0.000   56.035   0.000   0.000   0.000   1.000   
0.000   0.000   56.035   0.000   0.000   0.000   1.000   
0.000   0.000   56.035   0.000   0.000   0.000   1.000   
0.000   0.000   56.035   0.000   0.000   0.000   1.000   
0.000   0.000   56.035   0.000   0.000   0.000   1.000   
0.000   0.000   56.035   0.000   0.000   0.000   1.000   
0.000   0.000   56.035   0.000   0.000   0.000   1.000   
0.000   0.000   56.035   0.000   0.000   0.000   1.000   
0.000   0.000   56.035   0.000   0.000   0.000   1.000   
0.000   0.000   56.035   0.000   0.000   0.000   1.000   
0.000   0.000   56.035   0.000   0.000   0.000   1.000   
0.000   0.000   56.035   0.000   0.000   0.000   1.000   
0.000   0.000   56.035   0.000   0.000   0.000   1.000   
0.000   0.000   56.035   0.000   0.000   0.000   1.000   
0.000   0.000   56.035   0.000   0.000   0.000   1.000   
0.000   0.000   56.035   0.000   0.000   0.000   1.000   
0.000   0.000   56.035   0.000   0.000   0.000   1.000   
0.000   0.000   56.035   0.000   0.000   0.000   1.000   
0.000   0.000   56.035   0.000   0.000   0.000   1.000   
0.000   0.000   56.035   0.000   0.000   0.000   1.000   
0.000   0.000   56.035   0.000   0.000   0.000   1.000   
0.000   0.000   56.035   0.000   0.000   0.000   1.000   
0.000   0.000   56.035   0.000   0.000   0.000   1.000   
0.000   0.000   56.035   0.000   0.000   0.000   1.000   
0.000   0.000   56.035   0.000   0.000   0.000   1.000   
0.000   0.000   56.035   0.000   0.000   0.000   1.000   
0.000   0.000   56.035   0.000   0.000   0.000   1.000   
0.000   0.000   56.035   0.000   0.000   0.000   1.000   
0.000   0.000   56.035   0.000   0.000   0.000   1.000   
0.000   0.000   56.035   0.000   0.000   0.000   1.000   
0.000   0.000   56.035   0.000   0.000   0.000   1.000   
0.000   0.000   56.035   0.000   0.000   0.000   1.000   
0.000   0.000   56.035   0.000   0.000   0.000   1.000   
0.000   0.000   56.035   0.000   0.000   0.000   1.000   
0.000   0.000   56.035   0.000   0.000   0.000   1.000   
0.000   0.000   56.035   0.000   0.000   0.000   1.000   
0.000   0.000   56.035   0.000   0.000   0.000   1.000   
0.000   0.000   56.035   0.000   0.000   0.000   1.000   
0.000   0.000   56.035   0.000   0.000   0.000   1.000   
0.000   0.000   56.035   0.000   0.000   0.000   1.000   
0.000   0.000   56.035   0.000   0.000   0.000   1.000   
0.000   0.000   56.035   0.000   0.000   0.000   1.000   
0.000   0.000   56.035   0.000   0.000   0.000   1.000   
0.000   0.000   56.035   0.000   0.000   0.000   1.000   
0.000   0.000   56.035   0.000   0.000   0.000   1.000   
0.000   0.000   56.035   0.000   0.000   0.000   1.000   
0.000   0.000   56.035   0.000   0.000   0.000   1.000   
0.000   0.000   56.035   0.000   0.000   0.000   1.000   
0.000   0.000   56.035   0.000   0.000   0.000   1.000   
0.000   0.000   56.035   0.000   0.000   0.000   1.000   
0.000   0.000   56.035   0.000   0.000   0.000   1.000   
0.000   0.000   56.035   0.000   0.000   0.000   1.000   
0.000   0.000   56.035   0.000   0.000   0.000   1.000   
0.000   0.000   56.035   0.000   0.000   0.000   1.000   
0.000   0.000   56.035   0.000   0.000   0.000   1.000   
0.000   0.000   56.035   0.000   0.000   0.000   1.000   
0.000   0.000   56.035   0.000   0.000   0.000   1.000   
0.000   0.000   56.035   0.000   0.000   0.000   1.000   
0.000   0.000   56.035   0.000   0.000   0.000   1.000   
0.000   0.000   56.035   0.000   0.000   0.000   1.000   
0.000   0.000   56.035   0.000   0.000   0.000   1.000   
0.000   0.000   56.035   0.000   0.000   0.000   1.000   
0.000   0.000   56.035   0.000   0.000   0.000   1.000   
0.000   0.000   56.035   0.000   0.000   0.000   1.000   
0.000   0.000   56.035   0.000   0.000   0.000   1.000   
0.000   0.000   56.035   0.000   0.000   0.000   1.000   
0.000   0.000   56.035   0.000   0.000   0.000   1.000   
0.000   0.000   56.035   0.000   0.000   0.000   1.000   
0.000   0.000   56.035   0.000   0.000   0.000   1.000   
0.000   0.000   56.035   0.000   0.000   0.000   1.000   
0.000   0.000   56.035   0.000   0.000   0.000   1.000   
0.000   0.000   56.035   0.000   0.000   0.000   1.000   
0.000   0.000   56.035   0.000   0.000   0.000   1.000   
0.000   0.000   56.035   0.000   0.000   0.000   1.000   
0.000   0.000   56.035   0.000   0.000   0.000   1.000   
0.000   0.000   56.035   0.000   0.000   0.000   1.000   
0.000   0.000   56.035   0.000   0.000   0.000   1.000   
0.000   0.000   56.035   0.000   0.000   0.000   1.000   
0.000   0.000   56.035   0.000   0.000   0.000   1.000   
0.000   0.000   56.035   0.000   0.000   0.000   1.000   
0.000   0.000   56.035   0.000   0.000   0.000   1.000   
0.000   0.000   56.035   0.000   0.000   0.000   1.000   
0.000   0.000   56.035   0.000   0.000   0.000   1.000   
0.000   0.000   56.035   0.000   0.000   0.000   1.000   
0.000   0.000   56.035   0.000   0.000   0.000   1.000   
0.000   0.000   56.035   0.000   0.000   0.000   1.000   
0.000   0.000   56.035   0.000   0.000   0.000   1.000   
0.000   0.000   56.035   0.000   0.000   0.000   1.000   
0.000   0.000   56.035   0.000   0.000   0.000   1.000   
0.000   0.000   56.035   0.000   0.000   0.000   1.000   
0.000   0.000   56.035   0.000   0.000   0.000   1.000   
0.000   0.000   56.035   0.000   0.000   0.000   1.000   
0.000   0.000   56.035   0.000   0.000   0.000   1.000   
0.000   0.000   56.035   0.000   0.000   0.000   1.000   
0.000   0.000   56.035   0.000   0.000   0.000   1.000   
0.000   0.000   56.035   0.000   0.000   0.000   1.000   
0.000   0.000   56.035   0.000   0.000   0.000   1.000   
0.000   0.000   56.035   0.000   0.000   0.000   1.000   
0.000   0.000   56.035   0.000   0.000   0.000   1.000   
0.000   0.000   56.035   0.000   0.000   0.000   1.000   
0.000   0.000   56.035   0.000   0.000   0.000   1.000   
0.000   0.000   56.035   0.000   0.000   0.000   1.000   
0.000   0.000   56.035   0.000   0.000   0.000   1.000   
0.000   0.000   56.035   0.000   0.000   0.000   1.000   
0.000   0.000   56.035   0.000   0.000   0.000   1.000   
0.000   0.000   56.035   0.000   0.000   0.000   1.000   
0.000   0.000   56.035   0.000   0.000   0.000   1.000   
0.000   0.000   56.035   0.000   0.000   0.000   1.000   
0.000   0.000   56.035   0.000   0.000   0.000   1.000   
0.000   0.000   56.035   0.000   0.000   0.000   1.000   
0.000   0.000   56.035   0.000   0.000   0.000   1.000   
0.000   0.000   56.035   0.000   0.000   0.000   1.000   
0.000   0.000   56.035   0.000   0.000   0.000   1.000   
0.000   0.000   56.035   0.000   0.000   0.000   1.000   
0.000   0.000   56.035   0.000   0.000   0.000   1.000   
0.000   0.000   56.035   0.000   0.000   0.000   1.000   
0.000   0.000   56.035   0.000   0.000   0.000   1.000   
0.000   0.000   56.035   0.000   0.000   0.000   1.000   
0.000   0.000   56.035   0.000   0.000   0.000   1.000   
0.000   0.000   56.035   0.000   0.000   0.000   1.000   
0.000   0.000   56.035   0.000   0.000   0.000   1.000   
0.000   0.000   56.035   0.000   0.000   0.000   1.000   
0.000   0.000   56.035   0.000   0.000   0.000   1.000   
0.000   0.000   56.035   0.000   0.000   0.000   1.000   
0.000   0.000   56.035   0.000   0.000   0.000   1.000   
0.000   0.000   56.035   0.000   0.000   0.000   1.000   
0.000   0.000   56.035   0.000   0.000   0.000   1.000   
0.000   0.000   56.035   0.000   0.000   0.000   1.000   
0.000   0.000   56.035   0.000   0.000   0.000   1.000   
0.000   0.000   56.035   0.000   0.000   0.000   1.000   
0.000   0.000   56.035   0.000   0.000   0.000   1.000   
0.000   0.000   56.035   0.000   0.000   0.000   1.000   
0.000   0.000   56.035   0.000   0.000   0.000   1.000   
0.000   0.000   56.035   0.000   0.000   0.000   1.000   
0.000   0.000   56.035   0.000   0.000   0.000   1.000   
0.000   0.000   56.035   0.000   0.000   0.000   1.000   
0.000   0.000   56.035   0.000   0.000   0.000   1.000   
0.000   0.000   56.035   0.000   0.000   0.000   1.000   
0.000   0.000   56.035   0.000   0.000   0.000   1.000   
0.000   0.000   56.035   0.000   0.000   0.000   1.000   
0.000   0.000   56.035   0.000   0.000   0.000   1.000   
0.000   0.000   56.035   0.000   0.000   0.000   1.000   
0.000   0.000   56.035   0.000   0.000   0.000   1.000   
0.000   0.000   56.035   0.000   0.000   0.000   1.000   
0.000   0.000   56.035   0.000   0.000   0.000   1.000   
0.000   0.000   56.035   0.000   0.000   0.000   1.000   
0.000   0.000   56.035   0.000   0.000   0.000   1.000   
0.000   0.000   56.035   0.000   0.000   0.000   1.000   
0.000   0.000   56.035   0.000   0.000   0.000   1.000   
0.000   0.000   56.035   0.000   0.000   0.000   1.000   
0.000   0.000   56.035   0.000   0.000   0.000   1.000   
0.000   0.000   56.035   0.000   0.000   0.000   1.000   
0.000   0.000   56.035   0.000   0.000   0.000   1.000   
0.000   0.000   56.035   0.000   0.000   0.000   1.000   
0.000   0.000   56.035   0.000   0.000   0.000   1.000   
0.000   0.000   56.035   0.000   0.000   0.000   1.000   
0.000   0.000   56.035   0.000   0.000   0.000   1.000   
0.000   0.000   56.035   0.000   0.000   0.000   1.000   
0.000   0.000   56.035   0.000   0.000   0.000   1.000   
0.000   0.000   56.035   0.000   0.000   0.000   1.000   
0.000   0.000   56.035   0.000   0.000   0.000   1.000   
0.000   0.000   56.035   0.000   0.000   0.000   1.000   
0.000   0.000   56.035   0.000   0.000   0.000   1.000   
0.000   0.000   56.035   0.000   0.000   0.000   1.000   
0.000   0.000   56.035   0.000   0.000   0.000   1.000   
0.000   0.000   56.035   0.000   0.000   0.000   1.000   
0.000   0.000   56.035   0.000   0.000   0.000   1.000   
0.000   0.000   56.035   0.000   0.000   0.000   1.000   
0.000   0.000   56.035   0.000   0.000   0.000   1.000   
0.000   0.000   56.035   0.000   0.000   0.000   1.000   
0.000   0.000   56.035   0.000   0.000   0.000   1.000   
0.000   0.000   56.035   0.000   0.000   0.000   1.000   
0.000   0.000   56.035   0.000   0.000   0.000   1.000   
0.000   0.000   56.035   0.000   0.000   0.000   1.000   
0.000   0.000   56.035   0.000   0.000   0.000   1.000   
0.000   0.000   56.035   0.000   0.000   0.000   1.000   
0.000   0.000   56.035   0.000   0.000   0.000   1.000   
0.000   0.000   56.035   0.000   0.000   0.000   1.000   
0.000   0.000   56.035   0.000   0.000   0.000   1.000   
0.000   0.000   56.035   0.000   0.000   0.000   1.000   
0.000   0.000   56.035   0.000   0.000   0.000   1.000   
0.000   0.000   56.035   0.000   0.000   0.000   1.000   
0.000   0.000   56.035   0.000   0.000   0.000   1.000   
0.000   0.000   56.035   0.000   0.000   0.000   1.000   
0.000   0.000   56.035   0.000   0.000   0.000   1.000   
0.000   0.000   56.035   0.000   0.000   0.000   1.000   
0.000   0.000   56.035   0.000   0.000   0.000   1.000   
0.000   0.000   56.035   0.000   0.000   0.000   1.000   
0.000   0.000   56.035   0.000   0.000   0.000   1.000   
0.000   0.000   56.035   0.000   0.000   0.000   1.000   
0.000   0.000   56.035   0.000   0.000   0.000   1.000   
0.000   0.000   56.035   0.000   0.000   0.000   1.000   
0.000   0.000   56.035   0.000   0.000   0.000   1.000   
0.000   0.000   56.035   0.000   0.000   0.000   1.000   
0.000   0.000   56.035   0.000   0.000   0.000   1.000   
0.000   0.000   56.035   0.000   0.000   0.000   1.000   
0.000   0.000   56.035   0.000   0.000   0.000   1.000   
0.000   0.000   56.035   0.000   0.000   0.000   1.000   
0.000   0.000   56.035   0.000   0.000   0.000   1.000   
0.000   0.000   56.035   0.000   0.000   0.000   1.000   
0.000   0.000   56.035   0.000   0.000   0.000   1.000   
0.000   0.000   56.035   0.000   0.000   0.000   1.000   
0.000   0.000   56.035   0.000   0.000   0.000   1.000   
0.000   0.000   56.035   0.000   0.000   0.000   1.000   
0.000   0.000   56.035   0.000   0.000   0.000   1.000   
0.000   0.000   56.035   0.000   0.000   0.000   1.000   
0.000   0.000   56.035   0.000   0.000   0.000   1.000   
0.000   0.000   56.035   0.000   0.000   0.000   1.000   
0.000   0.000   56.035   0.000   0.000   0.000   1.000   
0.000   0.000   56.035   0.000   0.000   0.000   1.000   
0.000   0.000   56.035   0.000   0.000   0.000   1.000   
0.000   0.000   56.035   0.000   0.000   0.000   1.000   
0.000   0.000   56.035   0.000   0.000   0.000   1.000   
0.000   0.000   56.035   0.000   0.000   0.000   1.000   
0.000   0.000   56.035   0.000   0.000   0.000   1.000   
0.000   0.000   56.035   0.000   0.000   0.000   1.000   
0.000   0.000   56.035   0.000   0.000   0.000   1.000   
0.000   0.000   56.035   0.000   0.000   0.000   1.000   
0.000   0.000   56.035   0.000   0.000   0.000   1.000   
0.000   0.000   56.035   0.000   0.000   0.000   1.000   
0.000   0.000   56.035   0.000   0.000   0.000   1.000   
0.000   0.000   56.035   0.000   0.000   0.000   1.000   
0.000   0.000   56.035   0.000   0.000   0.000   1.000   
0.000   0.000   56.035   0.000   0.000   0.000   1.000   
0.000   0.000   56.035   0.000   0.000   0.000   1.000   
0.000   0.000   56.035   0.000   0.000   0.000   1.000   
0.000   0.000   56.035   0.000   0.000   0.000   1.000   
0.000   0.000   56.035   0.000   0.000   0.000   1.000   
0.000   0.000   56.035   0.000   0.000   0.000   1.000   
0.000   0.000   56.035   0.000   0.000   0.000   1.000   
0.000   0.000   56.035   0.000   0.000   0.000   1.000   
0.000   0.000   56.035   0.000   0.000   0.000   1.000   
0.000   0.000   56.035   0.000   0.000   0.000   1.000   
0.000   0.000   56.035   0.000   0.000   0.000   1.000   
0.000   0.000   56.035   0.000   0.000   0.000   1.000   
0.000   0.000   56.035   0.000   0.000   0.000   1.000   
0.000   0.000   56.035   0.000   0.000   0.000   1.000   
0.000   0.000   56.035   0.000   0.000   0.000   1.000   
0.000   0.000   56.035   0.000   0.000   0.000   1.000   
0.000   0.000   56.035   0.000   0.000   0.000   1.000   
0.000   0.000   56.035   0.000   0.000   0.000   1.000   
0.000   0.000   56.035   0.000   0.000   0.000   1.000   
0.000   0.000   56.035   0.000   0.000   0.000   1.000   
0.000   0.000   56.035   0.000   0.000   0.000   1.000   
0.000   0.000   56.035   0.000   0.000   0.000   1.000   
0.000   0.000   56.035   0.000   0.000   0.000   1.000   
0.000   0.000   56.035   0.000   0.000   0.000   1.000   
0.000   0.000   56.035   0.000   0.000   0.000   1.000   
0.000   0.000   56.035   0.000   0.000   0.000   1.000   
0.000   0.000   56.035   0.000   0.000   0.000   1.000   
0.000   0.000   56.035   0.000   0.000   0.000   1.000   
0.000   0.000   56.035   0.000   0.000   0.000   1.000   
0.000   0.000   56.035   0.000   0.000   0.000   1.000   
0.000   0.000   56.035   0.000   0.000   0.000   1.000   
0.000   0.000   56.035   0.000   0.000   0.000   1.000   
0.000   0.000   56.035   0.000   0.000   0.000   1.000   
0.000   0.000   56.035   0.000   0.000   0.000   1.000   
0.000   0.000   56.035   0.000   0.000   0.000   1.000   
0.000   0.000   56.035   0.000   0.000   0.000   1.000   
0.000   0.000   56.035   0.000   0.000   0.000   1.000   
0.000   0.000   56.035   0.000   0.000   0.000   1.000   
0.000   0.000   56.035   0.000   0.000   0.000   1.000   
0.000   0.000   56.035   0.000   0.000   0.000   1.000   
0.000   0.000   56.035   0.000   0.000   0.000   1.000   
0.000   0.000   56.035   0.000   0.000   0.000   1.000   
0.000   0.000   56.035   0.000   0.000   0.000   1.000   
0.000   0.000   56.035   0.000   0.000   0.000   1.000   
0.000   0.000   56.035   0.000   0.000   0.000   1.000   
0.000   0.000   56.035   0.000   0.000   0.000   1.000   
0.000   0.000   56.035   0.000   0.000   0.000   1.000   
0.000   0.000   56.035   0.000   0.000   0.000   1.000   
0.000   0.000   56.035   0.000   0.000   0.000   1.000   
0.000   0.000   56.035   0.000   0.000   0.000   1.000   
0.000   0.000   56.035   0.000   0.000   0.000   1.000   
0.000   0.000   56.035   0.000   0.000   0.000   1.000   
0.000   0.000   56.035   0.000   0.000   0.000   1.000   
0.000   0.000   56.035   0.000   0.000   0.000   1.000   
0.000   0.000   56.035   0.000   0.000   0.000   1.000   
0.000   0.000   56.035   0.000   0.000   0.000   1.000   
0.000   0.000   56.035   0.000   0.000   0.000   1.000   
0.000   0.000   56.035   0.000   0.000   0.000   1.000   
0.000   0.000   56.035   0.000   0.000   0.000   1.000   
0.000   0.000   56.035   0.000   0.000   0.000   1.000   
0.000   0.000   56.035   0.000   0.000   0.000   1.000   
0.000   0.000   56.035   0.000   0.000   0.000   1.000   
0.000   0.000   56.035   0.000   0.000   0.000   1.000   
0.000   0.000   56.035   0.000   0.000   0.000   1.000   
0.000   0.000   56.035   0.000   0.000   0.000   1.000   
0.000   0.000   56.035   0.000   0.000   0.000   1.000   
0.000   0.000   56.035   0.000   0.000   0.000   1.000   
0.000   0.000   56.035   0.000   0.000   0.000   1.000   
0.000   0.000   56.035   0.000   0.000   0.000   1.000   
0.000   0.000   56.035   0.000   0.000   0.000   1.000   
0.000   0.000   56.035   0.000   0.000   0.000   1.000   
0.000   0.000   56.035   0.000   0.000   0.000   1.000   
0.000   0.000   56.035   0.000   0.000   0.000   1.000   
0.000   0.000   56.035   0.000   0.000   0.000   1.000   
0.000   0.000   56.035   0.000   0.000   0.000   1.000   
0.000   0.000   56.035   0.000   0.000   0.000   1.000   
0.000   0.000   56.035   0.000   0.000   0.000   1.000   
0.000   0.000   56.035   0.000   0.000   0.000   1.000   
0.000   0.000   56.035   0.000   0.000   0.000   1.000   
0.000   0.000   56.035   0.000   0.000   0.000   1.000   
0.000   0.000   56.035   0.000   0.000   0.000   1.000   
0.000   0.000   56.035   0.000   0.000   0.000   1.000   
0.000   0.000   56.035   0.000   0.000   0.000   1.000   
0.000   0.000   56.035   0.000   0.000   0.000   1.000   
0.000   0.000   56.035   0.000   0.000   0.000   1.000   
0.000   0.000   56.035   0.000   0.000   0.000   1.000   
0.000   0.000   56.035   0.000   0.000   0.000   1.000   
0.000   0.000   56.035   0.000   0.000   0.000   1.000   
0.000   0.000   56.035   0.000   0.000   0.000   1.000   
0.000   0.000   56.035   0.000   0.000   0.000   1.000   
0.000   0.000   56.035   0.000   0.000   0.000   1.000   
0.000   0.000   56.035   0.000   0.000   0.000   1.000   
0.000   0.000   56.035   0.000   0.000   0.000   1.000   
0.000   0.000   56.035   0.000   0.000   0.000   1.000   
0.000   0.000   56.035   0.000   0.000   0.000   1.000   
0.000   0.000   56.035   0.000   0.000   0.000   1.000   
0.000   0.000   56.035   0.000   0.000   0.000   1.000   
0.000   0.000   56.035   0.000   0.000   0.000   1.000   
0.000   0.000   56.035   0.000   0.000   0.000   1.000   
0.000   0.000   56.035   0.000   0.000   0.000   1.000   
0.000   0.000   56.035   0.000   0.000   0.000   1.000   
0.000   0.000   56.035   0.000   0.000   0.000   1.000   
0.000   0.000   56.035   0.000   0.000   0.000   1.000   
0.000   0.000   56.035   0.000   0.000   0.000   1.000   
0.000   0.000   56.035   0.000   0.000   0.000   1.000   
0.000   0.000   56.035   0.000   0.000   0.000   1.000   
0.000   0.000   56.035   0.000   0.000   0.000   1.000   
0.000   0.000   56.035   0.000   0.000   0.000   1.000   
0.000   0.000   56.035   0.000   0.000   0.000   1.000   
0.000   0.000   56.035   0.000   0.000   0.000   1.000   
0.000   0.000   56.035   0.000   0.000   0.000   1.000   
0.000   0.000   56.035   0.000   0.000   0.000   1.000   
0.000   0.000   56.035   0.000   0.000   0.000   1.000   
0.000   0.000   56.035   0.000   0.000   0.000   1.000   
0.000   0.000   56.035   0.000   0.000   0.000   1.000   
0.000   0.000   56.035   0.000   0.000   0.000   1.000   
0.000   0.000   56.035   0.000   0.000   0.000   1.000   
0.000   0.000   56.035   0.000   0.000   0.000   1.000   
0.000   0.000   56.035   0.000   0.000   0.000   1.000   
0.000   0.000   56.035   0.000   0.000   0.000   1.000   
0.000   0.000   56.035   0.000   0.000   0.000   1.000   
0.000   0.000   56.035   0.000   0.000   0.000   1.000   
0.000   0.000   56.035   0.000   0.000   0.000   1.000   
0.000   0.000   56.035   0.000   0.000   0.000   1.000   
0.000   0.000   56.035   0.000   0.000   0.000   1.000   
0.000   0.000   56.035   0.000   0.000   0.000   1.000   
0.000   0.000   56.035   0.000   0.000   0.000   1.000   
0.000   0.000   56.035   0.000   0.000   0.000   1.000   
0.000   0.000   56.035   0.000   0.000   0.000   1.000   
0.000   0.000   56.035   0.000   0.000   0.000   1.000   
0.000   0.000   56.035   0.000   0.000   0.000   1.000   
0.000   0.000   56.035   0.000   0.000   0.000   1.000   
0.000   0.000   56.035   0.000   0.000   0.000   1.000   
0.000   0.000   56.035   0.000   0.000   0.000   1.000   
0.000   0.000   56.035   0.000   0.000   0.000   1.000   
0.000   0.000   56.035   0.000   0.000   0.000   1.000   
0.000   0.000   56.035   0.000   0.000   0.000   1.000   
0.000   0.000   56.035   0.000   0.000   0.000   1.000   
0.000   0.000   56.035   0.000   0.000   0.000   1.000   
0.000   0.000   56.035   0.000   0.000   0.000   1.000   
0.000   0.000   56.035   0.000   0.000   0.000   1.000   
0.000   0.000   56.035   0.000   0.000   0.000   1.000   
0.000   0.000   56.035   0.000   0.000   0.000   1.000   
0.000   0.000   56.035   0.000   0.000   0.000   1.000   
0.000   0.000   56.035   0.000   0.000   0.000   1.000   
0.000   0.000   56.035   0.000   0.000   0.000   1.000   
0.000   0.000   56.035   0.000   0.000   0.000   1.000   
0.000   0.000   56.035   0.000   0.000   0.000   1.000   
0.000   0.000   56.035   0.000   0.000   0.000   1.000   
0.000   0.000   56.035   0.000   0.000   0.000   1.000   
0.000   0.000   56.035   0.000   0.000   0.000   1.000   
0.000   0.000   56.035   0.000   0.000   0.000   1.000   
0.000   0.000   56.035   0.000   0.000   0.000   1.000   
0.000   0.000   56.035   0.000   0.000   0.000   1.000   
0.000   0.000   56.035   0.000   0.000   0.000   1.000   
0.000   0.000   56.035   0.000   0.000   0.000   1.000   
0.000   0.000   56.035   0.000   0.000   0.000   1.000   
0.000   0.000   56.035   0.000   0.000   0.000   1.000   
0.000   0.000   56.035   0.000   0.000   0.000   1.000   
0.000   0.000   56.035   0.000   0.000   0.000   1.000   
0.000   0.000   56.035   0.000   0.000   0.000   1.000   
0.000   0.000   56.035   0.000   0.000   0.000   1.000   
0.000   0.000   56.035   0.000   0.000   0.000   1.000   
0.000   0.000   56.035   0.000   0.000   0.000   1.000   
0.000   0.000   56.035   0.000   0.000   0.000   1.000   
0.000   0.000   56.035   0.000   0.000   0.000   1.000   
0.000   0.000   56.035   0.000   0.000   0.000   1.000   
0.000   0.000   56.035   0.000   0.000   0.000   1.000   
0.000   0.000   56.035   0.000   0.000   0.000   1.000   
0.000   0.000   56.035   0.000   0.000   0.000   1.000   
0.000   0.000   56.035   0.000   0.000   0.000   1.000   
0.000   0.000   56.035   0.000   0.000   0.000   1.000   
0.000   0.000   56.035   0.000   0.000   0.000   1.000   
0.000   0.000   56.035   0.000   0.000   0.000   1.000   
0.000   0.000   56.035   0.000   0.000   0.000   1.000   
0.000   0.000   56.035   0.000   0.000   0.000   1.000   
0.000   0.000   56.035   0.000   0.000   0.000   1.000   
0.000   0.000   56.035   0.000   0.000   0.000   1.000   
0.000   0.000   56.035   0.000   0.000   0.000   1.000   
0.000   0.000   56.035   0.000   0.000   0.000   1.000   
0.000   0.000   56.035   0.000   0.000   0.000   1.000   
0.000   0.000   56.035   0.000   0.000   0.000   1.000   
0.000   0.000   56.035   0.000   0.000   0.000   1.000   
0.000   0.000   56.035   0.000   0.000   0.000   1.000   
0.000   0.000   56.035   0.000   0.000   0.000   1.000   
0.000   0.000   56.035   0.000   0.000   0.000   1.000   
0.000   0.000   56.035   0.000   0.000   0.000   1.000   
0.000   0.000   56.035   0.000   0.000   0.000   1.000   
0.000   0.000   56.035   0.000   0.000   0.000   1.000   
0.000   0.000   56.035   0.000   0.000   0.000   1.000   
0.000   0.000   56.035   0.000   0.000   0.000   1.000   
0.000   0.000   56.035   0.000   0.000   0.000   1.000   
0.000   0.000   56.035   0.000   0.000   0.000   1.000   
0.000   0.000   56.035   0.000   0.000   0.000   1.000   
0.000   0.000   56.035   0.000   0.000   0.000   1.000   
0.000   0.000   56.035   0.000   0.000   0.000   1.000   
0.000   0.000   56.035   0.000   0.000   0.000   1.000   
0.000   0.000   56.035   0.000   0.000   0.000   1.000   
0.000   0.000   56.035   0.000   0.000   0.000   1.000   
0.000   0.000   56.035   0.000   0.000   0.000   1.000   
0.000   0.000   56.035   0.000   0.000   0.000   1.000   
0.000   0.000   56.035   0.000   0.000   0.000   1.000   
0.000   0.000   56.035   0.000   0.000   0.000   1.000   
0.000   0.000   56.035   0.000   0.000   0.000   1.000   
0.000   0.000   56.035   0.000   0.000   0.000   1.000   
0.000   0.000   56.035   0.000   0.000   0.000   1.000   
0.000   0.000   56.035   0.000   0.000   0.000   1.000   
0.000   0.000   56.035   0.000   0.000   0.000   1.000   
0.000   0.000   56.035   0.000   0.000   0.000   1.000   
0.000   0.000   56.035   0.000   0.000   0.000   1.000   
0.000   0.000   56.035   0.000   0.000   0.000   1.000   
0.000   0.000   56.035   0.000   0.000   0.000   1.000   
0.000   0.000   56.035   0.000   0.000   0.000   1.000   
0.000   0.000   56.035   0.000   0.000   0.000   1.000   
0.000   0.000   56.035   0.000   0.000   0.000   1.000   
0.000   0.000   56.035   0.000   0.000   0.000   1.000   
0.000   0.000   56.035   0.000   0.000   0.000   1.000   
0.000   0.000   56.035   0.000   0.000   0.000   1.000   
0.000   0.000   56.035   0.000   0.000   0.000   1.000   
0.000   0.000   56.035   0.000   0.000   0.000   1.000   
0.000   0.000   56.035   0.000   0.000   0.000   1.000   
0.000   0.000   56.035   0.000   0.000   0.000   1.000   
0.000   0.000   56.035   0.000   0.000   0.000   1.000   
0.000   0.000   56.035   0.000   0.000   0.000   1.000   
0.000   0.000   56.035   0.000   0.000   0.000   1.000   
0.000   0.000   56.035   0.000   0.000   0.000   1.000   
0.000   0.000   56.035   0.000   0.000   0.000   1.000   
0.000   0.000   56.035   0.000   0.000   0.000   1.000   
0.000   0.000   56.035   0.000   0.000   0.000   1.000   
0.000   0.000   56.035   0.000   0.000   0.000   1.000   
0.000   0.000   56.035   0.000   0.000   0.000   1.000   
0.000   0.000   56.035   0.000   0.000   0.000   1.000   
0.000   0.000   56.035   0.000   0.000   0.000   1.000   
0.000   0.000   56.035   0.000   0.000   0.000   1.000   
0.000   0.000   56.035   0.000   0.000   0.000   1.000   
0.000   0.000   56.035   0.000   0.000   0.000   1.000   
0.000   0.000   56.035   0.000   0.000   0.000   1.000   
0.000   0.000   56.035   0.000   0.000   0.000   1.000   
0.000   0.000   56.035   0.000   0.000   0.000   1.000   
0.000   0.000   56.035   0.000   0.000   0.000   1.000   
0.000   0.000   56.035   0.000   0.000   0.000   1.000   
0.000   0.000   56.035   0.000   0.000   0.000   1.000   
0.000   0.000   56.035   0.000   0.000   0.000   1.000   
0.000   0.000   56.035   0.000   0.000   0.000   1.000   
0.000   0.000   56.035   0.000   0.000   0.000   1.000   
0.000   0.000   56.035   0.000   0.000   0.000   1.000   
0.000   0.000   56.035   0.000   0.000   0.000   1.000   
0.000   0.000   56.035   0.000   0.000   0.000   1.000   
0.000   0.000   56.035   0.000   0.000   0.000   1.000   
0.000   0.000   56.035   0.000   0.000   0.000   1.000   
0.000   0.000   56.035   0.000   0.000   0.000   1.000   
0.000   0.000   56.035   0.000   0.000   0.000   1.000   
0.000   0.000   56.035   0.000   0.000   0.000   1.000   
0.000   0.000   56.035   0.000   0.000   0.000   1.000   
0.000   0.000   56.035   0.000   0.000   0.000   1.000   
0.000   0.000   56.035   0.000   0.000   0.000   1.000   
0.000   0.000   56.035   0.000   0.000   0.000   1.000   
0.000   0.000   56.035   0.000   0.000   0.000   1.000   
0.000   0.000   56.035   0.000   0.000   0.000   1.000   
0.000   0.000   56.035   0.000   0.000   0.000   1.000   
0.000   0.000   56.035   0.000   0.000   0.000   1.000   
0.000   0.000   56.035   0.000   0.000   0.000   1.000   
0.000   0.000   56.035   0.000   0.000   0.000   1.000   
0.000   0.000   56.035   0.000   0.000   0.000   1.000   
0.000   0.000   56.035   0.000   0.000   0.000   1.000   
0.000   0.000   56.035   0.000   0.000   0.000   1.000   
0.000   0.000   56.035   0.000   0.000   0.000   1.000   
0.000   0.000   56.035   0.000   0.000   0.000   1.000   
0.000   0.000   56.035   0.000   0.000   0.000   1.000   
0.000   0.000   56.035   0.000   0.000   0.000   1.000   
0.000   0.000   56.035   0.000   0.000   0.000   1.000   
0.000   0.000   56.035   0.000   0.000   0.000   1.000   
0.000   0.000   56.035   0.000   0.000   0.000   1.000   
0.000   0.000   56.035   0.000   0.000   0.000   1.000   
0.000   0.000   56.035   0.000   0.000   0.000   1.000   
0.000   0.000   56.035   0.000   0.000   0.000   1.000   
0.000   0.000   56.035   0.000   0.000   0.000   1.000   
0.000   0.000   56.035   0.000   0.000   0.000   1.000   
0.000   0.000   56.035   0.000   0.000   0.000   1.000   
0.000   0.000   56.035   0.000   0.000   0.000   1.000   
0.000   0.000   56.035   0.000   0.000   0.000   1.000   
0.000   0.000   56.035   0.000   0.000   0.000   1.000   
0.000   0.000   56.035   0.000   0.000   0.000   1.000   
0.000   0.000   56.035   0.000   0.000   0.000   1.000   
0.000   0.000   56.035   0.000   0.000   0.000   1.000   
0.000   0.000   56.035   0.000   0.000   0.000   1.000   
0.000   0.000   56.035   0.000   0.000   0.000   1.000   
0.000   0.000   56.035   0.000   0.000   0.000   1.000   
0.000   0.000   56.035   0.000   0.000   0.000   1.000   
0.000   0.000   56.035   0.000   0.000   0.000   1.000   
0.000   0.000   56.035   0.000   0.000   0.000   1.000   
0.000   0.000   56.035   0.000   0.000   0.000   1.000   
0.000   0.000   56.035   0.000   0.000   0.000   1.000   
0.000   0.000   56.035   0.000   0.000   0.000   1.000   
0.000   0.000   56.035   0.000   0.000   0.000   1.000   
0.000   0.000   56.035   0.000   0.000   0.000   1.000   
0.000   0.000   56.035   0.000   0.000   0.000   1.000   
0.000   0.000   56.035   0.000   0.000   0.000   1.000   
0.000   0.000   56.035   0.000   0.000   0.000   1.000   
0.000   0.000   56.035   0.000   0.000   0.000   1.000   
0.000   0.000   56.035   0.000   0.000   0.000   1.000   
0.000   0.000   56.035   0.000   0.000   0.000   1.000   
0.000   0.000   56.035   0.000   0.000   0.000   1.000   
0.000   0.000   56.035   0.000   0.000   0.000   1.000   
0.000   0.000   56.035   0.000   0.000   0.000   1.000   
0.000   0.000   56.035   0.000   0.000   0.000   1.000   
0.000   0.000   56.035   0.000   0.000   0.000   1.000   
0.000   0.000   56.035   0.000   0.000   0.000   1.000   
0.000   0.000   56.035   0.000   0.000   0.000   1.000   
0.000   0.000   56.035   0.000   0.000   0.000   1.000   
0.000   0.000   56.035   0.000   0.000   0.000   1.000   
0.000   0.000   56.035   0.000   0.000   0.000   1.000   
0.000   0.000   56.035   0.000   0.000   0.000   1.000   
0.000   0.000   56.035   0.000   0.000   0.000   1.000   
0.000   0.000   56.035   0.000   0.000   0.000   1.000   
0.000   0.000   56.035   0.000   0.000   0.000   1.000   
0.000   0.000   56.035   0.000   0.000   0.000   1.000   
0.000   0.000   56.035   0.000   0.000   0.000   1.000   
0.000   0.000   56.035   0.000   0.000   0.000   1.000   
0.000   0.000   56.035   0.000   0.000   0.000   1.000   
0.000   0.000   56.035   0.000   0.000   0.000   1.000   
0.000   0.000   56.035   0.000   0.000   0.000   1.000   
0.000   0.000   56.035   0.000   0.000   0.000   1.000   
0.000   0.000   56.035   0.000   0.000   0.000   1.000   
0.000   0.000   56.035   0.000   0.000   0.000   1.000   
0.000   0.000   56.035   0.000   0.000   0.000   1.000   
0.000   0.000   56.035   0.000   0.000   0.000   1.000   
0.000   0.000   56.035   0.000   0.000   0.000   1.000   
0.000   0.000   56.035   0.000   0.000   0.000   1.000   
0.000   0.000   56.035   0.000   0.000   0.000   1.000   
0.000   0.000   56.035   0.000   0.000   0.000   1.000   
0.000   0.000   56.035   0.000   0.000   0.000   1.000   
0.000   0.000   56.035   0.000   0.000   0.000   1.000   
0.000   0.000   56.035   0.000   0.000   0.000   1.000   
0.000   0.000   56.035   0.000   0.000   0.000   1.000   
0.000   0.000   56.035   0.000   0.000   0.000   1.000   
0.000   0.000   56.035   0.000   0.000   0.000   1.000   
0.000   0.000   56.035   0.000   0.000   0.000   1.000   
0.000   0.000   56.035   0.000   0.000   0.000   1.000   
0.000   0.000   56.035   0.000   0.000   0.000   1.000   
0.000   0.000   56.035   0.000   0.000   0.000   1.000   
0.000   0.000   56.035   0.000   0.000   0.000   1.000   
0.000   0.000   56.035   0.000   0.000   0.000   1.000   
0.000   0.000   56.035   0.000   0.000   0.000   1.000   
0.000   0.000   56.035   0.000   0.000   0.000   1.000   
0.000   0.000   56.035   0.000   0.000   0.000   1.000   
0.000   0.000   56.035   0.000   0.000   0.000   1.000   
0.000   0.000   56.035   0.000   0.000   0.000   1.000   
0.000   0.000   56.035   0.000   0.000   0.000   1.000   
0.000   0.000   56.035   0.000   0.000   0.000   1.000   
0.000   0.000   56.035   0.000   0.000   0.000   1.000   
0.000   0.000   56.035   0.000   0.000   0.000   1.000   
0.000   0.000   56.035   0.000   0.000   0.000   1.000   
0.000   0.000   56.035   0.000   0.000   0.000   1.000   
0.000   0.000   56.035   0.000   0.000   0.000   1.000   
0.000   0.000   56.035   0.000   0.000   0.000   1.000   
0.000   0.000   56.035   0.000   0.000   0.000   1.000   
0.000   0.000   56.035   0.000   0.000   0.000   1.000   
0.000   0.000   56.035   0.000   0.000   0.000   1.000   
0.000   0.000   56.035   0.000   0.000   0.000   1.000   
0.000   0.000   56.035   0.000   0.000   0.000   1.000   
0.000   0.000   56.035   0.000   0.000   0.000   1.000   
0.000   0.000   56.035   0.000   0.000   0.000   1.000   
0.000   0.000   56.035   0.000   0.000   0.000   1.000   
0.000   0.000   56.035   0.000   0.000   0.000   1.000   
0.000   0.000   56.035   0.000   0.000   0.000   1.000   
0.000   0.000   56.035   0.000   0.000   0.000   1.000   
0.000   0.000   56.035   0.000   0.000   0.000   1.000   
0.000   0.000   56.035   0.000   0.000   0.000   1.000   
0.000   0.000   56.035   0.000   0.000   0.000   1.000   
0.000   0.000   56.035   0.000   0.000   0.000   1.000   
0.000   0.000   56.035   0.000   0.000   0.000   1.000   
0.000   0.000   56.035   0.000   0.000   0.000   1.000   
0.000   0.000   56.035   0.000   0.000   0.000   1.000   
0.000   0.000   56.035   0.000   0.000   0.000   1.000   
0.000   0.000   56.035   0.000   0.000   0.000   1.000   
0.000   0.000   56.035   0.000   0.000   0.000   1.000   
0.000   0.000   56.035   0.000   0.000   0.000   1.000   
0.000   0.000   56.035   0.000   0.000   0.000   1.000   
0.000   0.000   56.035   0.000   0.000   0.000   1.000   
0.000   0.000   56.035   0.000   0.000   0.000   1.000   
0.000   0.000   56.035   0.000   0.000   0.000   1.000   
0.000   0.000   56.035   0.000   0.000   0.000   1.000   
0.000   0.000   56.035   0.000   0.000   0.000   1.000   
0.000   0.000   56.035   0.000   0.000   0.000   1.000   
0.000   0.000   56.035   0.000   0.000   0.000   1.000   
0.000   0.000   56.035   0.000   0.000   0.000   1.000   
0.000   0.000   56.035   0.000   0.000   0.000   1.000   
0.000   0.000   56.035   0.000   0.000   0.000   1.000   
0.000   0.000   56.035   0.000   0.000   0.000   1.000   
0.000   0.000   56.035   0.000   0.000   0.000   1.000   
0.000   0.000   56.035   0.000   0.000   0.000   1.000   
0.000   0.000   56.035   0.000   0.000   0.000   1.000   
0.000   0.000   56.035   0.000   0.000   0.000   1.000   
0.000   0.000   56.035   0.000   0.000   0.000   1.000   
0.000   0.000   56.035   0.000   0.000   0.000   1.000   
0.000   0.000   56.035   0.000   0.000   0.000   1.000   
0.000   0.000   56.035   0.000   0.000   0.000   1.000   
0.000   0.000   56.035   0.000   0.000   0.000   1.000   
0.000   0.000   56.035   0.000   0.000   0.000   1.000   
0.000   0.000   56.035   0.000   0.000   0.000   1.000   
0.000   0.000   56.035   0.000   0.000   0.000   1.000   
0.000   0.000   56.035   0.000   0.000   0.000   1.000   
0.000   0.000   56.035   0.000   0.000   0.000   1.000   
0.000   0.000   56.035   0.000   0.000   0.000   1.000   
0.000   0.000   56.035   0.000   0.000   0.000   1.000   
0.000   0.000   56.035   0.000   0.000   0.000   1.000   
0.000   0.000   56.035   0.000   0.000   0.000   1.000   
0.000   0.000   56.035   0.000   0.000   0.000   1.000   
0.000   0.000   56.035   0.000   0.000   0.000   1.000   
0.000   0.000   56.035   0.000   0.000   0.000   1.000   
0.000   0.000   56.035   0.000   0.000   0.000   1.000   
0.000   0.000   56.035   0.000   0.000   0.000   1.000   
0.000   0.000   56.035   0.000   0.000   0.000   1.000   
0.000   0.000   56.035   0.000   0.000   0.000   1.000   
0.000   0.000   56.035   0.000   0.000   0.000   1.000   
0.000   0.000   56.035   0.000   0.000   0.000   1.000   
0.000   0.000   56.035   0.000   0.000   0.000   1.000   
0.000   0.000   56.035   0.000   0.000   0.000   1.000   
0.000   0.000   56.035   0.000   0.000   0.000   1.000   
0.000   0.000   56.035   0.000   0.000   0.000   1.000   
0.000   0.000   56.035   0.000   0.000   0.000   1.000   
0.000   0.000   56.035   0.000   0.000   0.000   1.000   
0.000   0.000   56.035   0.000   0.000   0.000   1.000   
0.000   0.000   56.035   0.000   0.000   0.000   1.000   
0.000   0.000   56.035   0.000   0.000   0.000   1.000   
0.000   0.000   56.035   0.000   0.000   0.000   1.000   
0.000   0.000   56.035   0.000   0.000   0.000   1.000   
0.000   0.000   56.035   0.000   0.000   0.000   1.000   
0.000   0.000   56.035   0.000   0.000   0.000   1.000   
0.000   0.000   56.035   0.000   0.000   0.000   1.000   
0.000   0.000   56.035   0.000   0.000   0.000   1.000   
0.000   0.000   56.035   0.000   0.000   0.000   1.000   
0.000   0.000   56.035   0.000   0.000   0.000   1.000   
0.000   0.000   56.035   0.000   0.000   0.000   1.000   
0.000   0.000   56.035   0.000   0.000   0.000   1.000   
0.000   0.000   56.035   0.000   0.000   0.000   1.000   
0.000   0.000   56.035   0.000   0.000   0.000   1.000   
0.000   0.000   56.035   0.000   0.000   0.000   1.000   
0.000   0.000   56.035   0.000   0.000   0.000   1.000   
0.000   0.000   56.035   0.000   0.000   0.000   1.000   
0.000   0.000   56.035   0.000   0.000   0.000   1.000   
0.000   0.000   56.035   0.000   0.000   0.000   1.000   
0.000   0.000   56.035   0.000   0.000   0.000   1.000   
0.000   0.000   56.035   0.000   0.000   0.000   1.000   
0.000   0.000   56.035   0.000   0.000   0.000   1.000   
0.000   0.000   56.035   0.000   0.000   0.000   1.000   
0.000   0.000   56.035   0.000   0.000   0.000   1.000   
0.000   0.000   56.035   0.000   0.000   0.000   1.000   
0.000   0.000   56.035   0.000   0.000   0.000   1.000   
0.000   0.000   56.035   0.000   0.000   0.000   1.000   
0.000   0.000   56.035   0.000   0.000   0.000   1.000   
0.000   0.000   56.035   0.000   0.000   0.000   1.000   
0.000   0.000   56.035   0.000   0.000   0.000   1.000   
0.000   0.000   56.035   0.000   0.000   0.000   1.000   
0.000   0.000   56.035   0.000   0.000   0.000   1.000   
0.000   0.000   56.035   0.000   0.000   0.000   1.000   
0.000   0.000   56.035   0.000   0.000   0.000   1.000   
0.000   0.000   56.035   0.000   0.000   0.000   1.000   
0.000   0.000   56.035   0.000   0.000   0.000   1.000   
0.000   0.000   56.035   0.000   0.000   0.000   1.000   
0.000   0.000   56.035   0.000   0.000   0.000   1.000   
0.000   0.000   56.035   0.000   0.000   0.000   1.000   
0.000   0.000   56.035   0.000   0.000   0.000   1.000   
0.000   0.000   56.035   0.000   0.000   0.000   1.000   
0.000   0.000   56.035   0.000   0.000   0.000   1.000   
0.000   0.000   56.035   0.000   0.000   0.000   1.000   
0.000   0.000   56.035   0.000   0.000   0.000   1.000   
0.000   0.000   56.035   0.000   0.000   0.000   1.000   
0.000   0.000   56.035   0.000   0.000   0.000   1.000   
0.000   0.000   56.035   0.000   0.000   0.000   1.000   
0.000   0.000   56.035   0.000   0.000   0.000   1.000   
0.000   0.000   56.035   0.000   0.000   0.000   1.000   
0.000   0.000   56.035   0.000   0.000   0.000   1.000   
0.000   0.000   56.035   0.000   0.000   0.000   1.000   
0.000   0.000   56.035   0.000   0.000   0.000   1.000   
0.000   0.000   56.035   0.000   0.000   0.000   1.000   
0.000   0.000   56.035   0.000   0.000   0.000   1.000   
0.000   0.000   56.035   0.000   0.000   0.000   1.000   
0.000   0.000   56.035   0.000   0.000   0.000   1.000   
0.000   0.000   56.035   0.000   0.000   0.000   1.000   
0.000   0.000   56.035   0.000   0.000   0.000   1.000   
0.000   0.000   56.035   0.000   0.000   0.000   1.000   
0.000   0.000   56.035   0.000   0.000   0.000   1.000   
0.000   0.000   56.035   0.000   0.000   0.000   1.000   
0.000   0.000   56.035   0.000   0.000   0.000   1.000   
0.000   0.000   56.035   0.000   0.000   0.000   1.000   
0.000   0.000   56.035   0.000   0.000   0.000   1.000   
0.000   0.000   56.035   0.000   0.000   0.000   1.000   
0.000   0.000   56.035   0.000   0.000   0.000   1.000   
0.000   0.000   56.035   0.000   0.000   0.000   1.000   
0.000   0.000   56.035   0.000   0.000   0.000   1.000   
0.000   0.000   56.035   0.000   0.000   0.000   1.000   
0.000   0.000   56.035   0.000   0.000   0.000   1.000   
0.000   0.000   56.035   0.000   0.000   0.000   1.000   
0.000   0.000   56.035   0.000   0.000   0.000   1.000   
0.000   0.000   56.035   0.000   0.000   0.000   1.000   
0.000   0.000   56.035   0.000   0.000   0.000   1.000   
0.000   0.000   56.035   0.000   0.000   0.000   1.000   
0.000   0.000   56.035   0.000   0.000   0.000   1.000   
0.000   0.000   56.035   0.000   0.000   0.000   1.000   
0.000   0.000   56.035   0.000   0.000   0.000   1.000   
0.000   0.000   56.035   0.000   0.000   0.000   1.000   
0.000   0.000   56.035   0.000   0.000   0.000   1.000   
0.000   0.000   56.035   0.000   0.000   0.000   1.000   
0.000   0.000   56.035   0.000   0.000   0.000   1.000   
0.000   0.000   56.035   0.000   0.000   0.000   1.000   
0.000   0.000   56.035   0.000   0.000   0.000   1.000   
0.000   0.000   56.035   0.000   0.000   0.000   1.000   
0.000   0.000   56.035   0.000   0.000   0.000   1.000   
0.000   0.000   56.035   0.000   0.000   0.000   1.000   
0.000   0.000   56.035   0.000   0.000   0.000   1.000   
0.000   0.000   56.035   0.000   0.000   0.000   1.000   
0.000   0.000   56.035   0.000   0.000   0.000   1.000   
0.000   0.000   56.035   0.000   0.000   0.000   1.000   
0.000   0.000   56.035   0.000   0.000   0.000   1.000   
0.000   0.000   56.035   0.000   0.000   0.000   1.000   
0.000   0.000   56.035   0.000   0.000   0.000   1.000   
0.000   0.000   56.035   0.000   0.000   0.000   1.000   
0.000   0.000   56.035   0.000   0.000   0.000   1.000   
0.000   0.000   56.035   0.000   0.000   0.000   1.000   
0.000   0.000   56.035   0.000   0.000   0.000   1.000   
0.000   0.000   56.035   0.000   0.000   0.000   1.000   
0.000   0.000   56.035   0.000   0.000   0.000   1.000   
0.000   0.000   56.035   0.000   0.000   0.000   1.000   
0.000   0.000   56.035   0.000   0.000   0.000   1.000   
0.000   0.000   56.035   0.000   0.000   0.000   1.000   
0.000   0.000   56.035   0.000   0.000   0.000   1.000   
0.000   0.000   56.035   0.000   0.000   0.000   1.000   
0.000   0.000   56.035   0.000   0.000   0.000   1.000   
0.000   0.000   56.035   0.000   0.000   0.000   1.000   
0.000   0.000   56.035   0.000   0.000   0.000   1.000   
0.000   0.000   56.035   0.000   0.000   0.000   1.000   
0.000   0.000   56.035   0.000   0.000   0.000   1.000   
0.000   0.000   56.035   0.000   0.000   0.000   1.000   
0.000   0.000   56.035   0.000   0.000   0.000   1.000   
0.000   0.000   56.035   0.000   0.000   0.000   1.000   
0.000   0.000   56.035   0.000   0.000   0.000   1.000   
0.000   0.000   56.035   0.000   0.000   0.000   1.000   
0.000   0.000   56.035   0.000   0.000   0.000   1.000   
0.000   0.000   56.035   0.000   0.000   0.000   1.000   
0.000   0.000   56.035   0.000   0.000   0.000   1.000   
0.000   0.000   56.035   0.000   0.000   0.000   1.000   
0.000   0.000   56.035   0.000   0.000   0.000   1.000   
0.000   0.000   56.035   0.000   0.000   0.000   1.000   
0.000   0.000   56.035   0.000   0.000   0.000   1.000   
0.000   0.000   56.035   0.000   0.000   0.000   1.000   
0.000   0.000   56.035   0.000   0.000   0.000   1.000   
0.000   0.000   56.035   0.000   0.000   0.000   1.000   
0.000   0.000   56.035   0.000   0.000   0.000   1.000   
0.000   0.000   56.035   0.000   0.000   0.000   1.000   
0.000   0.000   56.035   0.000   0.000   0.000   1.000   
0.000   0.000   56.035   0.000   0.000   0.000   1.000   
0.000   0.000   56.035   0.000   0.000   0.000   1.000   
0.000   0.000   56.035   0.000   0.000   0.000   1.000   
0.000   0.000   56.035   0.000   0.000   0.000   1.000   
0.000   0.000   56.035   0.000   0.000   0.000   1.000   
0.000   0.000   56.035   0.000   0.000   0.000   1.000   
0.000   0.000   56.035   0.000   0.000   0.000   1.000   
0.000   0.000   56.035   0.000   0.000   0.000   1.000   
0.000   0.000   56.035   0.000   0.000   0.000   1.000   
0.000   0.000   56.035   0.000   0.000   0.000   1.000   
0.000   0.000   56.035   0.000   0.000   0.000   1.000   
0.000   0.000   56.035   0.000   0.000   0.000   1.000   
0.000   0.000   56.035   0.000   0.000   0.000   1.000   
0.000   0.000   56.035   0.000   0.000   0.000   1.000   
0.000   0.000   56.035   0.000   0.000   0.000   1.000   
0.000   0.000   56.035   0.000   0.000   0.000   1.000   
0.000   0.000   56.035   0.000   0.000   0.000   1.000   
0.000   0.000   56.035   0.000   0.000   0.000   1.000   
0.000   0.000   56.035   0.000   0.000   0.000   1.000   
0.000   0.000   56.035   0.000   0.000   0.000   1.000   
0.000   0.000   56.035   0.000   0.000   0.000   1.000   
0.000   0.000   56.035   0.000   0.000   0.000   1.000   
0.000   0.000   56.035   0.000   0.000   0.000   1.000   
0.000   0.000   56.035   0.000   0.000   0.000   1.000   
0.000   0.000   56.035   0.000   0.000   0.000   1.000   
0.000   0.000   56.035   0.000   0.000   0.000   1.000   
0.000   0.000   56.035   0.000   0.000   0.000   1.000   
0.000   0.000   56.035   0.000   0.000   0.000   1.000   
0.000   0.000   56.035   0.000   0.000   0.000   1.000   
0.000   0.000   56.035   0.000   0.000   0.000   1.000   
0.000   0.000   56.035   0.000   0.000   0.000   1.000   
0.000   0.000   56.035   0.000   0.000   0.000   1.000   
0.000   0.000   56.035   0.000   0.000   0.000   1.000   
0.000   0.000   56.035   0.000   0.000   0.000   1.000   
0.000   0.000   56.035   0.000   0.000   0.000   1.000   
0.000   0.000   56.035   0.000   0.000   0.000   1.000   
0.000   0.000   56.035   0.000   0.000   0.000   1.000   
0.000   0.000   56.035   0.000   0.000   0.000   1.000   
0.000   0.000   56.035   0.000   0.000   0.000   1.000   
0.000   0.000   56.035   0.000   0.000   0.000   1.000   
0.000   0.000   56.035   0.000   0.000   0.000   1.000   
0.000   0.000   56.035   0.000   0.000   0.000   1.000   
0.000   0.000   56.035   0.000   0.000   0.000   1.000   
0.000   0.000   56.035   0.000   0.000   0.000   1.000   
0.000   0.000   56.035   0.000   0.000   0.000   1.000   
0.000   0.000   56.035   0.000   0.000   0.000   1.000   
0.000   0.000   56.035   0.000   0.000   0.000   1.000   
0.000   0.000   56.035   0.000   0.000   0.000   1.000   
0.000   0.000   56.035   0.000   0.000   0.000   1.000   
0.000   0.000   56.035   0.000   0.000   0.000   1.000   
0.000   0.000   56.035   0.000   0.000   0.000   1.000   
0.000   0.000   56.035   0.000   0.000   0.000   1.000   
0.000   0.000   56.035   0.000   0.000   0.000   1.000   
0.000   0.000   56.035   0.000   0.000   0.000   1.000   
0.000   0.000   56.035   0.000   0.000   0.000   1.000   
0.000   0.000   56.035   0.000   0.000   0.000   1.000   
0.000   0.000   56.035   0.000   0.000   0.000   1.000   
0.000   0.000   56.035   0.000   0.000   0.000   1.000   
0.000   0.000   56.035   0.000   0.000   0.000   1.000   
0.000   0.000   56.035   0.000   0.000   0.000   1.000   
0.000   0.000   56.035   0.000   0.000   0.000   1.000   
0.000   0.000   56.035   0.000   0.000   0.000   1.000   
0.000   0.000   56.035   0.000   0.000   0.000   1.000   
0.000   0.000   56.035   0.000   0.000   0.000   1.000   
0.000   0.000   56.035   0.000   0.000   0.000   1.000   
0.000   0.000   56.035   0.000   0.000   0.000   1.000   
0.000   0.000   56.035   0.000   0.000   0.000   1.000   
0.000   0.000   56.035   0.000   0.000   0.000   1.000   
0.000   0.000   56.035   0.000   0.000   0.000   1.000   
0.000   0.000   56.035   0.000   0.000   0.000   1.000   
0.000   0.000   56.035   0.000   0.000   0.000   1.000   
0.000   0.000   56.035   0.000   0.000   0.000   1.000   
0.000   0.000   56.035   0.000   0.000   0.000   1.000   
0.000   0.000   56.035   0.000   0.000   0.000   1.000   
0.000   0.000   56.035   0.000   0.000   0.000   1.000   
0.000   0.000   56.035   0.000   0.000   0.000   1.000   
0.000   0.000   56.035   0.000   0.000   0.000   1.000   
0.000   0.000   56.035   0.000   0.000   0.000   1.000   
0.000   0.000   56.035   0.000   0.000   0.000   1.000   
0.000   0.000   56.035   0.000   0.000   0.000   1.000   
0.000   0.000   56.035   0.000   0.000   0.000   1.000   
0.000   0.000   56.035   0.000   0.000   0.000   1.000   
0.000   0.000   56.035   0.000   0.000   0.000   1.000   
0.000   0.000   56.035   0.000   0.000   0.000   1.000   
0.000   0.000   56.035   0.000   0.000   0.000   1.000   
0.000   0.000   56.035   0.000   0.000   0.000   1.000   
0.000   0.000   56.035   0.000   0.000   0.000   1.000   
0.000   0.000   56.035   0.000   0.000   0.000   1.000   
0.000   0.000   56.035   0.000   0.000   0.000   1.000   
0.000   0.000   56.035   0.000   0.000   0.000   1.000   
0.000   0.000   56.035   0.000   0.000   0.000   1.000   
0.000   0.000   56.035   0.000   0.000   0.000   1.000   
0.000   0.000   56.035   0.000   0.000   0.000   1.000   
0.000   0.000   56.035   0.000   0.000   0.000   1.000   
0.000   0.000   56.035   0.000   0.000   0.000   1.000   
0.000   0.000   56.035   0.000   0.000   0.000   1.000   
0.000   0.000   56.035   0.000   0.000   0.000   1.000   
0.000   0.000   56.035   0.000   0.000   0.000   1.000   
0.000   0.000   56.035   0.000   0.000   0.000   1.000   
0.000   0.000   56.035   0.000   0.000   0.000   1.000   
0.000   0.000   56.035   0.000   0.000   0.000   1.000   
0.000   0.000   56.035   0.000   0.000   0.000   1.000   
0.000   0.000   56.035   0.000   0.000   0.000   1.000   
0.000   0.000   56.035   0.000   0.000   0.000   1.000   
0.000   0.000   56.035   0.000   0.000   0.000   1.000   
0.000   0.000   56.035   0.000   0.000   0.000   1.000   
0.000   0.000   56.035   0.000   0.000   0.000   1.000   
0.000   0.000   56.035   0.000   0.000   0.000   1.000   
0.000   0.000   56.035   0.000   0.000   0.000   1.000   
0.000   0.000   56.035   0.000   0.000   0.000   1.000   
0.000   0.000   56.035   0.000   0.000   0.000   1.000   
0.000   0.000   56.035   0.000   0.000   0.000   1.000   
0.000   0.000   56.035   0.000   0.000   0.000   1.000   
0.000   0.000   56.035   0.000   0.000   0.000   1.000   
0.000   0.000   56.035   0.000   0.000   0.000   1.000   
0.000   0.000   56.035   0.000   0.000   0.000   1.000   
0.000   0.000   56.035   0.000   0.000   0.000   1.000   
0.000   0.000   56.035   0.000   0.000   0.000   1.000   
0.000   0.000   56.035   0.000   0.000   0.000   1.000   
0.000   0.000   56.035   0.000   0.000   0.000   1.000   
0.000   0.000   56.035   0.000   0.000   0.000   1.000   
0.000   0.000   56.035   0.000   0.000   0.000   1.000   
0.000   0.000   56.035   0.000   0.000   0.000   1.000   
0.000   0.000   56.035   0.000   0.000   0.000   1.000   
0.000   0.000   56.035   0.000   0.000   0.000   1.000   
0.000   0.000   56.035   0.000   0.000   0.000   1.000   
0.000   0.000   56.035   0.000   0.000   0.000   1.000   
0.000   0.000   56.035   0.000   0.000   0.000   1.000   
0.000   0.000   56.035   0.000   0.000   0.000   1.000   
0.000   0.000   56.035   0.000   0.000   0.000   1.000   
0.000   0.000   56.035   0.000   0.000   0.000   1.000   
0.000   0.000   56.035   0.000   0.000   0.000   1.000   
0.000   0.000   56.035   0.000   0.000   0.000   1.000   
0.000   0.000   56.035   0.000   0.000   0.000   1.000   
0.000   0.000   56.035   0.000   0.000   0.000   1.000   
0.000   0.000   56.035   0.000   0.000   0.000   1.000   
0.000   0.000   56.035   0.000   0.000   0.000   1.000   
0.000   0.000   56.035   0.000   0.000   0.000   1.000   
0.000   0.000   56.035   0.000   0.000   0.000   1.000   
0.000   0.000   56.035   0.000   0.000   0.000   1.000   
0.000   0.000   56.035   0.000   0.000   0.000   1.000   
0.000   0.000   56.035   0.000   0.000   0.000   1.000   
0.000   0.000   56.035   0.000   0.000   0.000   1.000   
0.000   0.000   56.035   0.000   0.000   0.000   1.000   
0.000   0.000   56.035   0.000   0.000   0.000   1.000   
0.000   0.000   56.035   0.000   0.000   0.000   1.000   
0.000   0.000   56.035   0.000   0.000   0.000   1.000   
0.000   0.000   56.035   0.000   0.000   0.000   1.000   
0.000   0.000   56.035   0.000   0.000   0.000   1.000   
0.000   0.000   56.035   0.000   0.000   0.000   1.000   
0.000   0.000   56.035   0.000   0.000   0.000   1.000   
0.000   0.000   56.035   0.000   0.000   0.000   1.000   
0.000   0.000   56.035   0.000   0.000   0.000   1.000   
0.000   0.000   56.035   0.000   0.000   0.000   1.000   
0.000   0.000   56.035   0.000   0.000   0.000   1.000   
0.000   0.000   56.035   0.000   0.000   0.000   1.000   
0.000   0.000   56.035   0.000   0.000   0.000   1.000   
0.000   0.000   56.035   0.000   0.000   0.000   1.000   
0.000   0.000   56.035   0.000   0.000   0.000   1.000   
0.000   0.000   56.035   0.000   0.000   0.000   1.000   
0.000   0.000   56.035   0.000   0.000   0.000   1.000   
0.000   0.000   56.035   0.000   0.000   0.000   1.000   
0.000   0.000   56.035   0.000   0.000   0.000   1.000   
0.000   0.000   56.035   0.000   0.000   0.000   1.000   
0.000   0.000   56.035   0.000   0.000   0.000   1.000   
0.000   0.000   56.035   0.000   0.000   0.000   1.000   
0.000   0.000   56.035   0.000   0.000   0.000   1.000   
0.000   0.000   56.035   0.000   0.000   0.000   1.000   
0.000   0.000   56.035   0.000   0.000   0.000   1.000   
0.000   0.000   56.035   0.000   0.000   0.000   1.000   
0.000   0.000   56.035   0.000   0.000   0.000   1.000   
0.000   0.000   56.035   0.000   0.000   0.000   1.000   
0.000   0.000   56.035   0.000   0.000   0.000   1.000   
0.000   0.000   56.035   0.000   0.000   0.000   1.000   
0.000   0.000   56.035   0.000   0.000   0.000   1.000   
0.000   0.000   56.035   0.000   0.000   0.000   1.000   
0.000   0.000   56.035   0.000   0.000   0.000   1.000   
0.000   0.000   56.035   0.000   0.000   0.000   1.000   
0.000   0.000   56.035   0.000   0.000   0.000   1.000   
0.000   0.000   56.035   0.000   0.000   0.000   1.000   
0.000   0.000   56.035   0.000   0.000   0.000   1.000   
0.000   0.000   56.035   0.000   0.000   0.000   1.000   
0.000   0.000   56.035   0.000   0.000   0.000   1.000   
0.000   0.000   56.035   0.000   0.000   0.000   1.000   
0.000   0.000   56.035   0.000   0.000   0.000   1.000   
0.000   0.000   56.035   0.000   0.000   0.000   1.000   
0.000   0.000   56.035   0.000   0.000   0.000   1.000   
0.000   0.000   56.035   0.000   0.000   0.000   1.000   
0.000   0.000   56.035   0.000   0.000   0.000   1.000   
0.000   0.000   56.035   0.000   0.000   0.000   1.000   
0.000   0.000   56.035   0.000   0.000   0.000   1.000   
0.000   0.000   56.035   0.000   0.000   0.000   1.000   
0.000   0.000   56.035   0.000   0.000   0.000   1.000   
0.000   0.000   56.035   0.000   0.000   0.000   1.000   
0.000   0.000   56.035   0.000   0.000   0.000   1.000   
0.000   0.000   56.035   0.000   0.000   0.000   1.000   
0.000   0.000   56.035   0.000   0.000   0.000   1.000   
0.000   0.000   56.035   0.000   0.000   0.000   1.000   
0.000   0.000   56.035   0.000   0.000   0.000   1.000   
0.000   0.000   56.035   0.000   0.000   0.000   1.000   
0.000   0.000   56.035   0.000   0.000   0.000   1.000   
0.000   0.000   56.035   0.000   0.000   0.000   1.000   
0.000   0.000   56.035   0.000   0.000   0.000   1.000   
0.000   0.000   56.035   0.000   0.000   0.000   1.000   
0.000   0.000   56.035   0.000   0.000   0.000   1.000   
0.000   0.000   56.035   0.000   0.000   0.000   1.000   
0.000   0.000   56.035   0.000   0.000   0.000   1.000   
0.000   0.000   56.035   0.000   0.000   0.000   1.000   
0.000   0.000   56.035   0.000   0.000   0.000   1.000   
0.000   0.000   56.035   0.000   0.000   0.000   1.000   
0.000   0.000   56.035   0.000   0.000   0.000   1.000   
0.000   0.000   56.035   0.000   0.000   0.000   1.000   
0.000   0.000   56.035   0.000   0.000   0.000   1.000   
0.000   0.000   56.035   0.000   0.000   0.000   1.000   
0.000   0.000   56.035   0.000   0.000   0.000   1.000   
0.000   0.000   56.035   0.000   0.000   0.000   1.000   
0.000   0.000   56.035   0.000   0.000   0.000   1.000   
0.000   0.000   56.035   0.000   0.000   0.000   1.000   
0.000   0.000   56.035   0.000   0.000   0.000   1.000   
0.000   0.000   56.035   0.000   0.000   0.000   1.000   
0.000   0.000   56.035   0.000   0.000   0.000   1.000   
0.000   0.000   56.035   0.000   0.000   0.000   1.000   
0.000   0.000   56.035   0.000   0.000   0.000   1.000   
0.000   0.000   56.035   0.000   0.000   0.000   1.000   
0.000   0.000   56.035   0.000   0.000   0.000   1.000   
0.000   0.000   56.035   0.000   0.000   0.000   1.000   
0.000   0.000   56.035   0.000   0.000   0.000   1.000   
0.000   0.000   56.035   0.000   0.000   0.000   1.000   
0.000   0.000   56.035   0.000   0.000   0.000   1.000   
0.000   0.000   56.035   0.000   0.000   0.000   1.000   
0.000   0.000   56.035   0.000   0.000   0.000   1.000   
0.000   0.000   56.035   0.000   0.000   0.000   1.000   
0.000   0.000   56.035   0.000   0.000   0.000   1.000   
0.000   0.000   56.035   0.000   0.000   0.000   1.000   
0.000   0.000   56.035   0.000   0.000   0.000   1.000   
0.000   0.000   56.035   0.000   0.000   0.000   1.000   
0.000   0.000   56.035   0.000   0.000   0.000   1.000   
0.000   0.000   56.035   0.000   0.000   0.000   1.000   
0.000   0.000   56.035   0.000   0.000   0.000   1.000   
0.000   0.000   56.035   0.000   0.000   0.000   1.000   
0.000   0.000   56.035   0.000   0.000   0.000   1.000   
0.000   0.000   56.035   0.000   0.000   0.000   1.000   
0.000   0.000   56.035   0.000   0.000   0.000   1.000   
0.000   0.000   56.035   0.000   0.000   0.000   1.000   
0.000   0.000   56.035   0.000   0.000   0.000   1.000   
0.000   0.000   56.035   0.000   0.000   0.000   1.000   
0.000   0.000   56.035   0.000   0.000   0.000   1.000   
0.000   0.000   56.035   0.000   0.000   0.000   1.000   
0.000   0.000   56.035   0.000   0.000   0.000   1.000   
0.000   0.000   56.035   0.000   0.000   0.000   1.000   
0.000   0.000   56.035   0.000   0.000   0.000   1.000   
0.000   0.000   56.035   0.000   0.000   0.000   1.000   
0.000   0.000   56.035   0.000   0.000   0.000   1.000   
0.000   0.000   56.035   0.000   0.000   0.000   1.000   
0.000   0.000   56.035   0.000   0.000   0.000   1.000   
0.000   0.000   56.035   0.000   0.000   0.000   1.000   
0.000   0.000   56.035   0.000   0.000   0.000   1.000   
0.000   0.000   56.035   0.000   0.000   0.000   1.000   
0.000   0.000   56.035   0.000   0.000   0.000   1.000   
0.000   0.000   56.035   0.000   0.000   0.000   1.000   
0.000   0.000   56.035   0.000   0.000   0.000   1.000   
0.000   0.000   56.035   0.000   0.000   0.000   1.000   
0.000   0.000   56.035   0.000   0.000   0.000   1.000   
0.000   0.000   56.035   0.000   0.000   0.000   1.000   
0.000   0.000   56.035   0.000   0.000   0.000   1.000   
0.000   0.000   56.035   0.000   0.000   0.000   1.000   
0.000   0.000   56.035   0.000   0.000   0.000   1.000   
0.000   0.000   56.035   0.000   0.000   0.000   1.000   
0.000   0.000   56.035   0.000   0.000   0.000   1.000   
0.000   0.000   56.035   0.000   0.000   0.000   1.000   
0.000   0.000   56.035   0.000   0.000   0.000   1.000   
0.000   0.000   56.035   0.000   0.000   0.000   1.000   
0.000   0.000   56.035   0.000   0.000   0.000   1.000   
0.000   0.000   56.035   0.000   0.000   0.000   1.000   
0.000   0.000   56.035   0.000   0.000   0.000   1.000   
0.000   0.000   56.035   0.000   0.000   0.000   1.000   
0.000   0.000   56.035   0.000   0.000   0.000   1.000   
0.000   0.000   56.035   0.000   0.000   0.000   1.000   
0.000   0.000   56.035   0.000   0.000   0.000   1.000   
0.000   0.000   56.035   0.000   0.000   0.000   1.000   
0.000   0.000   56.035   0.000   0.000   0.000   1.000   
0.000   0.000   56.035   0.000   0.000   0.000   1.000   
0.000   0.000   56.035   0.000   0.000   0.000   1.000   
0.000   0.000   56.035   0.000   0.000   0.000   1.000   
0.000   0.000   56.035   0.000   0.000   0.000   1.000   
0.000   0.000   56.035   0.000   0.000   0.000   1.000   
0.000   0.000   56.035   0.000   0.000   0.000   1.000   
0.000   0.000   56.035   0.000   0.000   0.000   1.000   
0.000   0.000   56.035   0.000   0.000   0.000   1.000   
0.000   0.000   56.035   0.000   0.000   0.000   1.000   
0.000   0.000   56.035   0.000   0.000   0.000   1.000   
0.000   0.000   56.035   0.000   0.000   0.000   1.000   
0.000   0.000   56.035   0.000   0.000   0.000   1.000   
0.000   0.000   56.035   0.000   0.000   0.000   1.000   
0.000   0.000   56.035   0.000   0.000   0.000   1.000   
0.000   0.000   56.035   0.000   0.000   0.000   1.000   
0.000   0.000   56.035   0.000   0.000   0.000   1.000   
0.000   0.000   56.035   0.000   0.000   0.000   1.000   
0.000   0.000   56.035   0.000   0.000   0.000   1.000   
0.000   0.000   56.035   0.000   0.000   0.000   1.000   
0.000   0.000   56.035   0.000   0.000   0.000   1.000   
0.000   0.000   56.035   0.000   0.000   0.000   1.000   
0.000   0.000   56.035   0.000   0.000   0.000   1.000   
0.000   0.000   56.035   0.000   0.000   0.000   1.000   
0.000   0.000   56.035   0.000   0.000   0.000   1.000   
0.000   0.000   56.035   0.000   0.000   0.000   1.000   
0.000   0.000   56.035   0.000   0.000   0.000   1.000   
0.000   0.000   56.035   0.000   0.000   0.000   1.000   
0.000   0.000   56.035   0.000   0.000   0.000   1.000   
0.000   0.000   56.035   0.000   0.000   0.000   1.000   
0.000   0.000   56.035   0.000   0.000   0.000   1.000   
0.000   0.000   56.035   0.000   0.000   0.000   1.000   
0.000   0.000   56.035   0.000   0.000   0.000   1.000   
0.000   0.000   56.035   0.000   0.000   0.000   1.000   
0.000   0.000   56.035   0.000   0.000   0.000   1.000   
0.000   0.000   56.035   0.000   0.000   0.000   1.000   
0.000   0.000   56.035   0.000   0.000   0.000   1.000   
0.000   0.000   56.035   0.000   0.000   0.000   1.000   
0.000   0.000   56.035   0.000   0.000   0.000   1.000   
0.000   0.000   56.035   0.000   0.000   0.000   1.000   
0.000   0.000   56.035   0.000   0.000   0.000   1.000   
0.000   0.000   56.035   0.000   0.000   0.000   1.000   
0.000   0.000   56.035   0.000   0.000   0.000   1.000   
0.000   0.000   56.035   0.000   0.000   0.000   1.000   
0.000   0.000   56.035   0.000   0.000   0.000   1.000   
0.000   0.000   56.035   0.000   0.000   0.000   1.000   
0.000   0.000   56.035   0.000   0.000   0.000   1.000   
0.000   0.000   56.035   0.000   0.000   0.000   1.000   
0.000   0.000   56.035   0.000   0.000   0.000   1.000   
0.000   0.000   56.035   0.000   0.000   0.000   1.000   
0.000   0.000   56.035   0.000   0.000   0.000   1.000   
0.000   0.000   56.035   0.000   0.000   0.000   1.000   
0.000   0.000   56.035   0.000   0.000   0.000   1.000   
0.000   0.000   56.035   0.000   0.000   0.000   1.000   
0.000   0.000   56.035   0.000   0.000   0.000   1.000   
0.000   0.000   56.035   0.000   0.000   0.000   1.000   
0.000   0.000   56.035   0.000   0.000   0.000   1.000   
0.000   0.000   56.035   0.000   0.000   0.000   1.000   
0.000   0.000   56.035   0.000   0.000   0.000   1.000   
0.000   0.000   56.035   0.000   0.000   0.000   1.000   
0.000   0.000   56.035   0.000   0.000   0.000   1.000   
0.000   0.000   56.035   0.000   0.000   0.000   1.000   
0.000   0.000   56.035   0.000   0.000   0.000   1.000   
0.000   0.000   56.035   0.000   0.000   0.000   1.000   
0.000   0.000   56.035   0.000   0.000   0.000   1.000   
0.000   0.000   56.035   0.000   0.000   0.000   1.000   
0.000   0.000   56.035   0.000   0.000   0.000   1.000   
0.000   0.000   56.035   0.000   0.000   0.000   1.000   
0.000   0.000   56.035   0.000   0.000   0.000   1.000   
0.000   0.000   56.035   0.000   0.000   0.000   1.000   
0.000   0.000   56.035   0.000   0.000   0.000   1.000   
0.000   0.000   56.035   0.000   0.000   0.000   1.000   
0.000   0.000   56.035   0.000   0.000   0.000   1.000   
0.000   0.000   56.035   0.000   0.000   0.000   1.000   
0.000   0.000   56.035   0.000   0.000   0.000   1.000   
0.000   0.000   56.035   0.000   0.000   0.000   1.000   
0.000   0.000   56.035   0.000   0.000   0.000   1.000   
0.000   0.000   56.035   0.000   0.000   0.000   1.000   
0.000   0.000   56.035   0.000   0.000   0.000   1.000   
0.000   0.000   56.035   0.000   0.000   0.000   1.000   
0.000   0.000   56.035   0.000   0.000   0.000   1.000   
0.000   0.000   56.035   0.000   0.000   0.000   1.000   
0.000   0.000   56.035   0.000   0.000   0.000   1.000   
0.000   0.000   56.035   0.000   0.000   0.000   1.000   
0.000   0.000   56.035   0.000   0.000   0.000   1.000   
0.000   0.000   56.035   0.000   0.000   0.000   1.000   
0.000   0.000   56.035   0.000   0.000   0.000   1.000   
0.000   0.000   56.035   0.000   0.000   0.000   1.000   
0.000   0.000   56.035   0.000   0.000   0.000   1.000   
0.000   0.000   56.035   0.000   0.000   0.000   1.000   
0.000   0.000   56.035   0.000   0.000   0.000   1.000   
0.000   0.000   56.035   0.000   0.000   0.000   1.000   
0.000   0.000   56.035   0.000   0.000   0.000   1.000   
0.000   0.000   56.035   0.000   0.000   0.000   1.000   
0.000   0.000   56.035   0.000   0.000   0.000   1.000   
0.000   0.000   56.035   0.000   0.000   0.000   1.000   
0.000   0.000   56.035   0.000   0.000   0.000   1.000   
0.000   0.000   56.035   0.000   0.000   0.000   1.000   
0.000   0.000   56.035   0.000   0.000   0.000   1.000   
0.000   0.000   56.035   0.000   0.000   0.000   1.000   
0.000   0.000   56.035   0.000   0.000   0.000   1.000   
0.000   0.000   56.035   0.000   0.000   0.000   1.000   
0.000   0.000   56.035   0.000   0.000   0.000   1.000   
0.000   0.000   56.035   0.000   0.000   0.000   1.000   
0.000   0.000   56.035   0.000   0.000   0.000   1.000   
0.000   0.000   56.035   0.000   0.000   0.000   1.000   
0.000   0.000   56.035   0.000   0.000   0.000   1.000   
0.000   0.000   56.035   0.000   0.000   0.000   1.000   
0.000   0.000   56.035   0.000   0.000   0.000   1.000   
0.000   0.000   56.035   0.000   0.000   0.000   1.000   
0.000   0.000   56.035   0.000   0.000   0.000   1.000   
0.000   0.000   56.035   0.000   0.000   0.000   1.000   
0.000   0.000   56.035   0.000   0.000   0.000   1.000   
0.000   0.000   56.035   0.000   0.000   0.000   1.000   
0.000   0.000   56.035   0.000   0.000   0.000   1.000   
0.000   0.000   56.035   0.000   0.000   0.000   1.000   
0.000   0.000   56.035   0.000   0.000   0.000   1.000   
0.000   0.000   56.035   0.000   0.000   0.000   1.000   
0.000   0.000   56.035   0.000   0.000   0.000   1.000   
0.000   0.000   56.035   0.000   0.000   0.000   1.000   
0.000   0.000   56.035   0.000   0.000   0.000   1.000   
0.000   0.000   56.035   0.000   0.000   0.000   1.000   
0.000   0.000   56.035   0.000   0.000   0.000   1.000   
0.000   0.000   56.035   0.000   0.000   0.000   1.000   
0.000   0.000   56.035   0.000   0.000   0.000   1.000   
0.000   0.000   56.035   0.000   0.000   0.000   1.000   
0.000   0.000   56.035   0.000   0.000   0.000   1.000   
0.000   0.000   56.035   0.000   0.000   0.000   1.000   
0.000   0.000   56.035   0.000   0.000   0.000   1.000   
0.000   0.000   56.035   0.000   0.000   0.000   1.000   
0.000   0.000   56.035   0.000   0.000   0.000   1.000   
0.000   0.000   56.035   0.000   0.000   0.000   1.000   
0.000   0.000   56.035   0.000   0.000   0.000   1.000   
0.000   0.000   56.035   0.000   0.000   0.000   1.000   
0.000   0.000   56.035   0.000   0.000   0.000   1.000   
0.000   0.000   56.035   0.000   0.000   0.000   1.000   
0.000   0.000   56.035   0.000   0.000   0.000   1.000   
0.000   0.000   56.035   0.000   0.000   0.000   1.000   
0.000   0.000   56.035   0.000   0.000   0.000   1.000   
0.000   0.000   56.035   0.000   0.000   0.000   1.000   
0.000   0.000   56.035   0.000   0.000   0.000   1.000   
0.000   0.000   56.035   0.000   0.000   0.000   1.000   
0.000   0.000   56.035   0.000   0.000   0.000   1.000   
0.000   0.000   56.035   0.000   0.000   0.000   1.000   
0.000   0.000   56.035   0.000   0.000   0.000   1.000   
0.000   0.000   56.035   0.000   0.000   0.000   1.000   
0.000   0.000   56.035   0.000   0.000   0.000   1.000   
0.000   0.000   56.035   0.000   0.000   0.000   1.000   
0.000   0.000   56.035   0.000   0.000   0.000   1.000   
0.000   0.000   56.035   0.000   0.000   0.000   1.000   
0.000   0.000   56.035   0.000   0.000   0.000   1.000   
0.000   0.000   56.035   0.000   0.000   0.000   1.000   
0.000   0.000   56.035   0.000   0.000   0.000   1.000   
0.000   0.000   56.035   0.000   0.000   0.000   1.000   
0.000   0.000   56.035   0.000   0.000   0.000   1.000   
0.000   0.000   56.035   0.000   0.000   0.000   1.000   
0.000   0.000   56.035   0.000   0.000   0.000   1.000   
0.000   0.000   56.035   0.000   0.000   0.000   1.000   
0.000   0.000   56.035   0.000   0.000   0.000   1.000   
0.000   0.000   56.035   0.000   0.000   0.000   1.000   
0.000   0.000   56.035   0.000   0.000   0.000   1.000   
0.000   0.000   56.035   0.000   0.000   0.000   1.000   
0.000   0.000   56.035   0.000   0.000   0.000   1.000   
0.000   0.000   56.035   0.000   0.000   0.000   1.000   
0.000   0.000   56.035   0.000   0.000   0.000   1.000   
0.000   0.000   56.035   0.000   0.000   0.000   1.000   
0.000   0.000   56.035   0.000   0.000   0.000   1.000   
0.000   0.000   56.035   0.000   0.000   0.000   1.000   
0.000   0.000   56.035   0.000   0.000   0.000   1.000   
0.000   0.000   56.035   0.000   0.000   0.000   1.000   
0.000   0.000   56.035   0.000   0.000   0.000   1.000   
0.000   0.000   56.035   0.000   0.000   0.000   1.000   
0.000   0.000   56.035   0.000   0.000   0.000   1.000   
0.000   0.000   56.035   0.000   0.000   0.000   1.000   
0.000   0.000   56.035   0.000   0.000   0.000   1.000   
0.000   0.000   56.035   0.000   0.000   0.000   1.000   
0.000   0.000   56.035   0.000   0.000   0.000   1.000   
0.000   0.000   56.035   0.000   0.000   0.000   1.000   
0.000   0.000   56.035   0.000   0.000   0.000   1.000   
0.000   0.000   56.035   0.000   0.000   0.000   1.000   
0.000   0.000   56.035   0.000   0.000   0.000   1.000   
0.000   0.000   56.035   0.000   0.000   0.000   1.000   
0.000   0.000   56.035   0.000   0.000   0.000   1.000   
0.000   0.000   56.035   0.000   0.000   0.000   1.000   
0.000   0.000   56.035   0.000   0.000   0.000   1.000   
0.000   0.000   56.035   0.000   0.000   0.000   1.000   
0.000   0.000   56.035   0.000   0.000   0.000   1.000   
0.000   0.000   56.035   0.000   0.000   0.000   1.000   
0.000   0.000   56.035   0.000   0.000   0.000   1.000   
0.000   0.000   56.035   0.000   0.000   0.000   1.000   
0.000   0.000   56.035   0.000   0.000   0.000   1.000   
0.000   0.000   56.035   0.000   0.000   0.000   1.000   
0.000   0.000   56.035   0.000   0.000   0.000   1.000   
0.000   0.000   56.035   0.000   0.000   0.000   1.000   
0.000   0.000   56.035   0.000   0.000   0.000   1.000   
0.000   0.000   56.035   0.000   0.000   0.000   1.000   
0.000   0.000   56.035   0.000   0.000   0.000   1.000   
0.000   0.000   56.035   0.000   0.000   0.000   1.000   
0.000   0.000   56.035   0.000   0.000   0.000   1.000   
0.000   0.000   56.035   0.000   0.000   0.000   1.000   
0.000   0.000   56.035   0.000   0.000   0.000   1.000   
0.000   0.000   56.035   0.000   0.000   0.000   1.000   
0.000   0.000   56.035   0.000   0.000   0.000   1.000   
0.000   0.000   56.035   0.000   0.000   0.000   1.000   
0.000   0.000   56.035   0.000   0.000   0.000   1.000   
0.000   0.000   56.035   0.000   0.000   0.000   1.000   
0.000   0.000   56.035   0.000   0.000   0.000   1.000   
0.000   0.000   56.035   0.000   0.000   0.000   1.000   
0.000   0.000   56.035   0.000   0.000   0.000   1.000   
0.000   0.000   56.035   0.000   0.000   0.000   1.000   
0.000   0.000   56.035   0.000   0.000   0.000   1.000   
0.000   0.000   56.035   0.000   0.000   0.000   1.000   
0.000   0.000   56.035   0.000   0.000   0.000   1.000   
0.000   0.000   56.035   0.000   0.000   0.000   1.000   
0.000   0.000   56.035   0.000   0.000   0.000   1.000   
0.000   0.000   56.035   0.000   0.000   0.000   1.000   
0.000   0.000   56.035   0.000   0.000   0.000   1.000   
0.000   0.000   56.035   0.000   0.000   0.000   1.000   
0.000   0.000   56.035   0.000   0.000   0.000   1.000   
0.000   0.000   56.035   0.000   0.000   0.000   1.000   
0.000   0.000   56.035   0.000   0.000   0.000   1.000   
0.000   0.000   56.035   0.000   0.000   0.000   1.000   
0.000   0.000   56.035   0.000   0.000   0.000   1.000   
0.000   0.000   56.035   0.000   0.000   0.000   1.000   
0.000   0.000   56.035   0.000   0.000   0.000   1.000   
0.000   0.000   56.035   0.000   0.000   0.000   1.000   
0.000   0.000   56.035   0.000   0.000   0.000   1.000   
0.000   0.000   56.035   0.000   0.000   0.000   1.000   
0.000   0.000   56.035   0.000   0.000   0.000   1.000   
0.000   0.000   56.035   0.000   0.000   0.000   1.000   
0.000   0.000   56.035   0.000   0.000   0.000   1.000   
0.000   0.000   56.035   0.000   0.000   0.000   1.000   
0.000   0.000   56.035   0.000   0.000   0.000   1.000   
0.000   0.000   56.035   0.000   0.000   0.000   1.000   
0.000   0.000   56.035   0.000   0.000   0.000   1.000   
0.000   0.000   56.035   0.000   0.000   0.000   1.000   
0.000   0.000   56.035   0.000   0.000   0.000   1.000   
0.000   0.000   56.035   0.000   0.000   0.000   1.000   
0.000   0.000   56.035   0.000   0.000   0.000   1.000   
0.000   0.000   56.035   0.000   0.000   0.000   1.000   
0.000   0.000   56.035   0.000   0.000   0.000   1.000   
0.000   0.000   56.035   0.000   0.000   0.000   1.000   
0.000   0.000   56.035   0.000   0.000   0.000   1.000   
0.000   0.000   56.035   0.000   0.000   0.000   1.000   
0.000   0.000   56.035   0.000   0.000   0.000   1.000   
0.000   0.000   56.035   0.000   0.000   0.000   1.000   
0.000   0.000   56.035   0.000   0.000   0.000   1.000   
0.000   0.000   56.035   0.000   0.000   0.000   1.000   
0.000   0.000   56.035   0.000   0.000   0.000   1.000   
0.000   0.000   56.035   0.000   0.000   0.000   1.000   
0.000   0.000   56.035   0.000   0.000   0.000   1.000   
0.000   0.000   56.035   0.000   0.000   0.000   1.000   
0.000   0.000   56.035   0.000   0.000   0.000   1.000   
0.000   0.000   56.035   0.000   0.000   0.000   1.000   
0.000   0.000   56.035   0.000   0.000   0.000   1.000   
0.000   0.000   56.035   0.000   0.000   0.000   1.000   
0.000   0.000   56.035   0.000   0.000   0.000   1.000   
0.000   0.000   56.035   0.000   0.000   0.000   1.000   
0.000   0.000   56.035   0.000   0.000   0.000   1.000   
0.000   0.000   56.035   0.000   0.000   0.000   1.000   
0.000   0.000   56.035   0.000   0.000   0.000   1.000   
0.000   0.000   56.035   0.000   0.000   0.000   1.000   
0.000   0.000   56.035   0.000   0.000   0.000   1.000   
0.000   0.000   56.035   0.000   0.000   0.000   1.000   
0.000   0.000   56.035   0.000   0.000   0.000   1.000   
0.000   0.000   56.035   0.000   0.000   0.000   1.000   
0.000   0.000   56.035   0.000   0.000   0.000   1.000   
0.000   0.000   56.035   0.000   0.000   0.000   1.000   
0.000   0.000   56.035   0.000   0.000   0.000   1.000   
0.000   0.000   56.035   0.000   0.000   0.000   1.000   
0.000   0.000   56.035   0.000   0.000   0.000   1.000   
0.000   0.000   56.035   0.000   0.000   0.000   1.000   
0.000   0.000   56.035   0.000   0.000   0.000   1.000   
0.000   0.000   56.035   0.000   0.000   0.000   1.000   
0.000   0.000   56.035   0.000   0.000   0.000   1.000   
0.000   0.000   56.035   0.000   0.000   0.000   1.000   
0.000   0.000   56.035   0.000   0.000   0.000   1.000   
0.000   0.000   56.035   0.000   0.000   0.000   1.000   
0.000   0.000   56.035   0.000   0.000   0.000   1.000   
0.000   0.000   56.035   0.000   0.000   0.000   1.000   
0.000   0.000   56.035   0.000   0.000   0.000   1.000   
0.000   0.000   56.035   0.000   0.000   0.000   1.000   
0.000   0.000   56.035   0.000   0.000   0.000   1.000   
0.000   0.000   56.035   0.000   0.000   0.000   1.000   
0.000   0.000   56.035   0.000   0.000   0.000   1.000   
0.000   0.000   56.035   0.000   0.000   0.000   1.000   
0.000   0.000   56.035   0.000   0.000   0.000   1.000   
0.000   0.000   56.035   0.000   0.000   0.000   1.000   
0.000   0.000   56.035   0.000   0.000   0.000   1.000   
0.000   0.000   56.035   0.000   0.000   0.000   1.000   
0.000   0.000   56.035   0.000   0.000   0.000   1.000   
0.000   0.000   56.035   0.000   0.000   0.000   1.000   
0.000   0.000   56.035   0.000   0.000   0.000   1.000   
0.000   0.000   56.035   0.000   0.000   0.000   1.000   
0.000   0.000   56.035   0.000   0.000   0.000   1.000   
0.000   0.000   56.035   0.000   0.000   0.000   1.000   
0.000   0.000   56.035   0.000   0.000   0.000   1.000   
0.000   0.000   56.035   0.000   0.000   0.000   1.000   
0.000   0.000   56.035   0.000   0.000   0.000   1.000   
0.000   0.000   56.035   0.000   0.000   0.000   1.000   
0.000   0.000   56.035   0.000   0.000   0.000   1.000   
0.000   0.000   56.035   0.000   0.000   0.000   1.000   
0.000   0.000   56.035   0.000   0.000   0.000   1.000   
0.000   0.000   56.035   0.000   0.000   0.000   1.000   
0.000   0.000   56.035   0.000   0.000   0.000   1.000   
0.000   0.000   56.035   0.000   0.000   0.000   1.000   
0.000   0.000   56.035   0.000   0.000   0.000   1.000   
0.000   0.000   56.035   0.000   0.000   0.000   1.000   
0.000   0.000   56.035   0.000   0.000   0.000   1.000   
0.000   0.000   56.035   0.000   0.000   0.000   1.000   
0.000   0.000   56.035   0.000   0.000   0.000   1.000   
0.000   0.000   56.035   0.000   0.000   0.000   1.000   
0.000   0.000   56.035   0.000   0.000   0.000   1.000   
0.000   0.000   56.035   0.000   0.000   0.000   1.000   
0.000   0.000   56.035   0.000   0.000   0.000   1.000   
0.000   0.000   56.035   0.000   0.000   0.000   1.000   
0.000   0.000   56.035   0.000   0.000   0.000   1.000   
0.000   0.000   56.035   0.000   0.000   0.000   1.000   
0.000   0.000   56.035   0.000   0.000   0.000   1.000   
0.000   0.000   56.035   0.000   0.000   0.000   1.000   
0.000   0.000   56.035   0.000   0.000   0.000   1.000   
0.000   0.000   56.035   0.000   0.000   0.000   1.000   
0.000   0.000   56.035   0.000   0.000   0.000   1.000   
0.000   0.000   56.035   0.000   0.000   0.000   1.000   
0.000   0.000   56.035   0.000   0.000   0.000   1.000   
0.000   0.000   56.035   0.000   0.000   0.000   1.000   
0.000   0.000   56.035   0.000   0.000   0.000   1.000   
0.000   0.000   56.035   0.000   0.000   0.000   1.000   
0.000   0.000   56.035   0.000   0.000   0.000   1.000   
0.000   0.000   56.035   0.000   0.000   0.000   1.000   
0.000   0.000   56.035   0.000   0.000   0.000   1.000   
0.000   0.000   56.035   0.000   0.000   0.000   1.000   
0.000   0.000   56.035   0.000   0.000   0.000   1.000   
0.000   0.000   56.035   0.000   0.000   0.000   1.000   
0.000   0.000   56.035   0.000   0.000   0.000   1.000   
0.000   0.000   56.035   0.000   0.000   0.000   1.000   
0.000   0.000   56.035   0.000   0.000   0.000   1.000   
0.000   0.000   56.035   0.000   0.000   0.000   1.000   
0.000   0.000   56.035   0.000   0.000   0.000   1.000   
0.000   0.000   56.035   0.000   0.000   0.000   1.000   
0.000   0.000   56.035   0.000   0.000   0.000   1.000   
0.000   0.000   56.035   0.000   0.000   0.000   1.000   
0.000   0.000   56.035   0.000   0.000   0.000   1.000   
0.000   0.000   56.035   0.000   0.000   0.000   1.000   
0.000   0.000   56.035   0.000   0.000   0.000   1.000   
0.000   0.000   56.035   0.000   0.000   0.000   1.000   
0.000   0.000   56.035   0.000   0.000   0.000   1.000   
0.000   0.000   56.035   0.000   0.000   0.000   1.000   
0.000   0.000   56.035   0.000   0.000   0.000   1.000   
0.000   0.000   56.035   0.000   0.000   0.000   1.000   
0.000   0.000   56.035   0.000   0.000   0.000   1.000   
0.000   0.000   56.035   0.000   0.000   0.000   1.000   
0.000   0.000   56.035   0.000   0.000   0.000   1.000   
0.000   0.000   56.035   0.000   0.000   0.000   1.000   
0.000   0.000   56.035   0.000   0.000   0.000   1.000   
0.000   0.000   56.035   0.000   0.000   0.000   1.000   
0.000   0.000   56.035   0.000   0.000   0.000   1.000   
0.000   0.000   56.035   0.000   0.000   0.000   1.000   
0.000   0.000   56.035   0.000   0.000   0.000   1.000   
0.000   0.000   56.035   0.000   0.000   0.000   1.000   
0.000   0.000   56.035   0.000   0.000   0.000   1.000   
0.000   0.000   56.035   0.000   0.000   0.000   1.000   
0.000   0.000   56.035   0.000   0.000   0.000   1.000   
0.000   0.000   56.035   0.000   0.000   0.000   1.000   
