-452.925   -452.925   0.000   0.000   0.000   -1.000   
-452.925   -452.925   0.000   0.000   0.000   -1.000   
-452.925   -452.925   0.000   0.000   0.000   -1.000   
-452.925   -452.925   0.000   0.000   0.000   -1.000   
-452.925   -452.925   0.000   0.000   0.000   -1.000   
-452.925   -452.925   0.000   0.000   0.000   0.000   
-452.925   -452.925   0.000   0.000   0.000   -3.000   
-452.925   -452.925   0.000   0.000   0.000   -1.000   
-452.925   -452.925   0.000   0.000   0.000   0.000   
-452.925   -452.925   0.000   0.000   0.000   -1.000   
-452.925   -452.925   0.000   0.000   0.000   0.000   
-452.925   -452.925   0.000   0.000   0.000   -1.000   
-452.925   -452.925   0.000   0.000   0.000   -1.000   
-452.925   -452.925   0.000   0.000   0.000   -1.000   
-452.925   -452.925   0.000   0.000   0.000   -1.000   
-452.925   -452.925   0.000   0.000   0.000   0.000   
-452.925   -452.925   0.000   0.000   0.000   0.000   
-452.925   -452.925   0.000   0.000   0.000   -2.000   
-452.925   -452.925   0.000   0.000   0.000   -1.000   
-452.925   -452.925   0.000   0.000   0.000   -2.000   
-452.925   -452.925   0.000   0.000   0.000   -1.000   
-452.925   -452.925   0.000   0.000   0.000   -2.000   
-452.925   -452.925   0.000   0.000   0.000   -1.000   
-452.925   -452.925   0.000   0.000   0.000   -1.000   
-452.925   -452.925   0.000   0.000   0.000   -1.000   
-452.925   -452.925   0.000   0.000   0.000   8.000   
-452.925   -452.925   0.000   0.000   0.000   8.000   
-452.925   -452.925   0.000   0.000   0.000   7.000   
-452.925   -452.925   0.000   0.000   0.000   8.000   
-452.925   -452.925   0.000   0.000   0.000   8.000   
-452.925   -452.925   0.000   0.000   0.000   7.000   
-452.925   -452.925   0.000   0.000   0.000   7.000   
-452.925   -452.925   0.000   0.000   0.000   8.000   
-452.925   -452.925   0.000   0.000   0.000   8.000   
-452.925   -452.925   0.000   0.000   0.000   7.000   
-452.925   -452.925   0.000   0.000   0.000   7.000   
-452.925   -452.925   0.000   0.000   0.000   7.000   
-452.925   -452.925   0.000   0.000   0.000   7.000   
-452.925   -452.925   0.000   0.000   0.000   7.000   
-452.925   -452.925   0.000   0.000   0.000   8.000   
-452.925   -452.925   0.000   0.000   0.000   8.000   
-452.925   -452.925   0.000   0.000   0.000   8.000   
-452.925   -452.925   0.000   0.000   0.000   7.000   
-452.925   -452.925   0.000   0.000   0.000   7.000   
-452.925   -452.925   0.000   0.000   0.000   7.000   
-452.925   -452.925   0.000   0.000   0.000   7.000   
-452.925   -452.925   0.000   0.000   0.000   7.000   
-452.925   -452.925   0.000   0.000   0.000   7.000   
-452.925   -452.925   0.000   0.000   0.000   8.000   
-452.925   -452.925   0.000   0.000   0.000   7.000   
-452.925   -452.925   0.000   0.000   0.000   7.000   
-452.925   -452.925   0.000   0.000   0.000   7.000   
-452.925   -452.925   0.000   0.000   0.000   8.000   
-452.925   -452.925   0.000   0.000   0.000   7.000   
-452.925   -452.925   0.000   0.000   0.000   7.000   
-452.925   -452.925   0.000   0.000   0.000   6.000   
-452.925   -452.925   0.000   0.000   0.000   7.000   
-452.925   -452.925   0.000   0.000   0.000   8.000   
-452.925   -452.925   0.000   0.000   0.000   7.000   
-452.925   -452.925   0.000   0.000   0.000   7.000   
-452.925   -452.925   0.000   0.000   0.000   7.000   
-452.925   -452.925   0.000   0.000   0.000   7.000   
-452.925   -452.925   0.000   0.000   0.000   7.000   
-452.925   -452.925   0.000   0.000   0.000   8.000   
-452.925   -452.925   0.000   0.000   0.000   7.000   
-452.925   -452.925   0.000   0.000   0.000   8.000   
-452.925   -452.925   0.000   0.000   0.000   7.000   
-452.925   -452.925   0.000   0.000   0.000   -1.000   
-452.925   -452.925   0.000   0.000   0.000   0.000   
-452.925   -452.925   0.000   0.000   0.000   0.000   
-452.925   -452.925   0.000   0.000   0.000   -2.000   
-452.925   -452.925   0.000   0.000   0.000   0.000   
-452.925   -452.925   0.000   0.000   0.000   -1.000   
-452.925   -452.925   0.000   0.000   0.000   0.000   
-452.925   -452.925   0.000   0.000   0.000   -1.000   
-452.925   -452.925   0.000   0.000   0.000   -1.000   
-452.925   -452.925   0.000   0.000   0.000   0.000   
-452.925   -452.925   0.000   0.000   0.000   -2.000   
-452.925   -452.925   0.000   0.000   0.000   -1.000   
-452.925   -452.925   0.000   0.000   0.000   0.000   
-452.925   -452.925   0.000   0.000   0.000   -2.000   
-452.925   -452.925   0.000   0.000   0.000   0.000   
-452.925   -452.925   0.000   0.000   0.000   -1.000   
-452.925   -452.925   0.000   0.000   0.000   0.000   
-452.925   -452.925   0.000   0.000   0.000   0.000   
-452.925   -452.925   0.000   0.000   0.000   0.000   
-452.925   -452.925   0.000   0.000   0.000   -1.000   
-452.925   -452.925   0.000   0.000   0.000   0.000   
-452.925   -452.925   0.000   0.000   0.000   0.000   
-452.925   -452.925   0.000   0.000   0.000   -1.000   
-452.925   -452.925   0.000   0.000   0.000   0.000   
-452.925   -452.925   0.000   0.000   0.000   -1.000   
-452.925   -452.925   0.000   0.000   0.000   0.000   
-452.925   -452.925   0.000   0.000   0.000   -1.000   
-452.925   -452.925   0.000   0.000   0.000   -1.000   
-452.925   -452.925   0.000   0.000   0.000   -1.000   
-452.925   -452.925   0.000   0.000   0.000   -1.000   
-452.925   -452.925   0.000   0.000   0.000   0.000   
-452.925   -452.925   0.000   0.000   0.000   -1.000   
-452.925   -452.925   0.000   0.000   0.000   -1.000   
-452.925   -452.925   0.000   0.000   0.000   -1.000   
-452.925   -452.925   0.000   0.000   0.000   0.000   
-452.925   -452.925   0.000   0.000   0.000   -1.000   
-452.925   -452.925   0.000   0.000   0.000   0.000   
-452.925   -452.925   0.000   0.000   0.000   -1.000   
-452.925   -452.925   0.000   0.000   0.000   -1.000   
-452.925   -452.925   0.000   0.000   0.000   -1.000   
-452.925   -452.925   0.000   0.000   0.000   0.000   
-452.925   -452.925   0.000   0.000   0.000   0.000   
-452.925   -452.925   0.000   0.000   0.000   -1.000   
-452.925   -452.925   0.000   0.000   0.000   -1.000   
-452.925   -452.925   0.000   0.000   0.000   0.000   
-452.925   -452.925   0.000   0.000   0.000   -1.000   
-452.925   -452.925   0.000   0.000   0.000   -2.000   
-452.925   -452.925   0.000   0.000   0.000   -1.000   
-452.925   -452.925   0.000   0.000   0.000   -1.000   
-452.925   -452.925   0.000   0.000   0.000   -1.000   
-452.925   -452.925   0.000   0.000   0.000   -1.000   
-452.925   -452.925   0.000   0.000   0.000   -2.000   
-452.925   -452.925   0.000   0.000   0.000   -1.000   
-452.925   -452.925   0.000   0.000   0.000   -1.000   
-452.925   -452.925   0.000   0.000   0.000   -1.000   
-452.925   -452.925   0.000   0.000   0.000   -1.000   
-452.925   -452.925   0.000   0.000   0.000   -1.000   
-452.925   -452.925   0.000   0.000   0.000   -1.000   
-452.925   -452.925   0.000   0.000   0.000   -1.000   
-452.925   -452.925   0.000   0.000   0.000   -1.000   
-452.925   -452.925   0.000   0.000   0.000   -1.000   
-452.925   -452.925   0.000   0.000   0.000   -1.000   
-452.925   -452.925   0.000   0.000   0.000   -1.000   
-452.925   -452.925   0.000   0.000   0.000   -2.000   
-452.925   -452.925   0.000   0.000   0.000   -1.000   
-452.925   -452.925   0.000   0.000   0.000   0.000   
-452.925   -452.925   0.000   0.000   0.000   0.000   
-452.925   -452.925   0.000   0.000   0.000   -1.000   
-452.925   -452.925   0.000   0.000   0.000   -1.000   
-452.925   -452.925   0.000   0.000   0.000   -2.000   
-452.925   -452.925   0.000   0.000   0.000   -2.000   
-452.925   -452.925   0.000   0.000   0.000   -1.000   
-452.925   -452.925   0.000   0.000   0.000   -1.000   
-452.925   -452.925   0.000   0.000   0.000   -2.000   
-452.925   -452.925   0.000   0.000   0.000   -1.000   
-452.925   -452.925   0.000   0.000   0.000   0.000   
-452.925   -452.925   0.000   0.000   0.000   -1.000   
-452.925   -452.925   0.000   0.000   0.000   0.000   
-452.925   -452.925   0.000   0.000   0.000   -1.000   
-452.925   -452.925   0.000   0.000   0.000   -1.000   
-452.925   -452.925   0.000   0.000   0.000   -1.000   
-452.925   -452.925   0.000   0.000   0.000   -1.000   
-452.925   -452.925   0.000   0.000   0.000   -1.000   
-452.925   -452.925   0.000   0.000   0.000   -1.000   
-452.925   -452.925   0.000   0.000   0.000   -2.000   
-452.925   -452.925   0.000   0.000   0.000   -1.000   
-452.925   -452.925   0.000   0.000   0.000   -1.000   
-452.925   -452.925   0.000   0.000   0.000   -2.000   
-452.925   -452.925   0.000   0.000   0.000   -2.000   
-452.925   -452.925   0.000   0.000   0.000   -1.000   
-452.925   -452.925   0.000   0.000   0.000   0.000   
-452.925   -452.925   0.000   0.000   0.000   -1.000   
-452.925   -452.925   0.000   0.000   0.000   -1.000   
-452.925   -452.925   0.000   0.000   0.000   -2.000   
-452.925   -452.925   0.000   0.000   0.000   -1.000   
-452.925   -452.925   0.000   0.000   0.000   -2.000   
-452.925   -452.925   0.000   0.000   0.000   -2.000   
-452.925   -452.925   0.000   0.000   0.000   -2.000   
-452.925   -452.925   0.000   0.000   0.000   -1.000   
-452.925   -452.925   0.000   0.000   0.000   -2.000   
-452.925   -452.925   0.000   0.000   0.000   -1.000   
-452.925   -452.925   0.000   0.000   0.000   -1.000   
-452.925   -452.925   0.000   0.000   0.000   -1.000   
-452.925   -452.925   0.000   0.000   0.000   -1.000   
-452.925   -452.925   0.000   0.000   0.000   -2.000   
-452.925   -452.925   0.000   0.000   0.000   -2.000   
-452.925   -452.925   0.000   0.000   0.000   -1.000   
-452.925   -452.925   0.000   0.000   0.000   -2.000   
-452.925   -452.925   0.000   0.000   0.000   -1.000   
-452.925   -452.925   0.000   0.000   0.000   -2.000   
-452.925   -452.925   0.000   0.000   0.000   -1.000   
-452.925   -452.925   0.000   0.000   0.000   -2.000   
-452.925   -452.925   0.000   0.000   0.000   -2.000   
-452.925   -452.925   0.000   0.000   0.000   -2.000   
-452.925   -452.925   0.000   0.000   0.000   -1.000   
-452.925   -452.925   0.000   0.000   0.000   -1.000   
-452.925   -452.925   0.000   0.000   0.000   -1.000   
-452.925   -452.925   0.000   0.000   0.000   -1.000   
-452.925   -452.925   0.000   0.000   0.000   -1.000   
-452.925   -452.925   0.000   0.000   0.000   -1.000   
-452.925   -452.925   0.000   0.000   0.000   -2.000   
-452.925   -452.925   0.000   0.000   0.000   -2.000   
-452.925   -452.925   0.000   0.000   0.000   -1.000   
-452.925   -452.925   0.000   0.000   0.000   -2.000   
-452.925   -452.925   0.000   0.000   0.000   -2.000   
-452.925   -452.925   0.000   0.000   0.000   -1.000   
-452.925   -452.925   0.000   0.000   0.000   -11.000   
-452.925   -452.925   0.000   0.000   0.000   -8.000   
-452.925   -452.925   0.000   0.000   0.000   -8.000   
-452.925   -452.925   0.000   0.000   0.000   -10.000   
-452.925   -452.925   0.000   0.000   0.000   -8.000   
-452.925   -452.925   0.000   0.000   0.000   -10.000   
-452.925   -452.925   0.000   0.000   0.000   -10.000   
-452.925   -452.925   0.000   0.000   0.000   -9.000   
-452.925   -452.925   0.000   0.000   0.000   -10.000   
-452.925   -452.925   0.000   0.000   0.000   -10.000   
-452.925   -452.925   0.000   0.000   0.000   -10.000   
-452.925   -452.925   0.000   0.000   0.000   -8.000   
-452.925   -452.925   0.000   0.000   0.000   -7.000   
-452.925   -452.925   0.000   0.000   0.000   -8.000   
-452.925   -452.925   0.000   0.000   0.000   -9.000   
-452.925   -452.925   0.000   0.000   0.000   -9.000   
-452.925   -452.925   0.000   0.000   0.000   -10.000   
-452.925   -452.925   0.000   0.000   0.000   -10.000   
-452.925   -452.925   0.000   0.000   0.000   -9.000   
-452.925   -452.925   0.000   0.000   0.000   -9.000   
-452.925   -452.925   0.000   0.000   0.000   -10.000   
-452.925   -452.925   0.000   0.000   0.000   -8.000   
-452.925   -452.925   0.000   0.000   0.000   -8.000   
-452.925   -452.925   0.000   0.000   0.000   -10.000   
-452.925   -452.925   0.000   0.000   0.000   -10.000   
-452.925   -452.925   0.000   0.000   0.000   -8.000   
-452.925   -452.925   0.000   0.000   0.000   -10.000   
-452.925   -452.925   0.000   0.000   0.000   -10.000   
-452.925   -452.925   0.000   0.000   0.000   -7.000   
-452.925   -452.925   0.000   0.000   0.000   -12.000   
-452.925   -452.925   0.000   0.000   0.000   -12.000   
-452.925   -452.925   0.000   0.000   0.000   -8.000   
-452.925   -452.925   0.000   0.000   0.000   -8.000   
-452.925   -452.925   0.000   0.000   0.000   -10.000   
-452.925   -452.925   0.000   0.000   0.000   -10.000   
-452.925   -452.925   0.000   0.000   0.000   -10.000   
-452.925   -452.925   0.000   0.000   0.000   -8.000   
-452.925   -452.925   0.000   0.000   0.000   -9.000   
-452.925   -452.925   0.000   0.000   0.000   -10.000   
-452.925   -452.925   0.000   0.000   0.000   -10.000   
-452.925   -452.925   0.000   0.000   0.000   -10.000   
-452.925   -452.925   0.000   0.000   0.000   -12.000   
-452.925   -452.925   0.000   0.000   0.000   -9.000   
-452.925   -452.925   0.000   0.000   0.000   -1.000   
-452.925   -452.925   0.000   0.000   0.000   -1.000   
-452.925   -452.925   0.000   0.000   0.000   0.000   
-452.925   -452.925   0.000   0.000   0.000   0.000   
-452.925   -452.925   0.000   0.000   0.000   -1.000   
-452.925   -452.925   0.000   0.000   0.000   -1.000   
-452.925   -452.925   0.000   0.000   0.000   -1.000   
-452.925   -452.925   0.000   0.000   0.000   -2.000   
-452.925   -452.925   0.000   0.000   0.000   0.000   
-452.925   -452.925   0.000   0.000   0.000   0.000   
-452.925   -452.925   0.000   0.000   0.000   -1.000   
-452.925   -452.925   0.000   0.000   0.000   0.000   
-452.925   -452.925   0.000   0.000   0.000   0.000   
-452.925   -452.925   0.000   0.000   0.000   0.000   
-452.925   -452.925   0.000   0.000   0.000   -1.000   
-452.925   -452.925   0.000   0.000   0.000   -1.000   
-452.925   -452.925   0.000   0.000   0.000   -1.000   
-452.925   -452.925   0.000   0.000   0.000   -1.000   
-452.925   -452.925   0.000   0.000   0.000   -1.000   
-452.925   -452.925   0.000   0.000   0.000   0.000   
-452.925   -452.925   0.000   0.000   0.000   0.000   
-452.925   -452.925   0.000   0.000   0.000   0.000   
-452.925   -452.925   0.000   0.000   0.000   -1.000   
-452.925   -452.925   0.000   0.000   0.000   -1.000   
-452.925   -452.925   0.000   0.000   0.000   -1.000   
-452.925   -452.925   0.000   0.000   0.000   0.000   
-452.925   -452.925   0.000   0.000   0.000   -1.000   
-452.925   -452.925   0.000   0.000   0.000   -1.000   
-452.925   -452.925   0.000   0.000   0.000   0.000   
-452.925   -452.925   0.000   0.000   0.000   0.000   
-452.925   -452.925   0.000   0.000   0.000   -1.000   
-452.925   -452.925   0.000   0.000   0.000   -1.000   
-452.925   -452.925   0.000   0.000   0.000   -1.000   
-452.925   -452.925   0.000   0.000   0.000   -1.000   
-452.925   -452.925   0.000   0.000   0.000   -1.000   
-452.925   -452.925   0.000   0.000   0.000   0.000   
-452.925   -452.925   0.000   0.000   0.000   0.000   
-452.925   -452.925   0.000   0.000   0.000   0.000   
-452.925   -452.925   0.000   0.000   0.000   -1.000   
-452.925   -452.925   0.000   0.000   0.000   -1.000   
-452.925   -452.925   0.000   0.000   0.000   0.000   
-452.925   -452.925   0.000   0.000   0.000   -1.000   
-452.925   -452.925   0.000   0.000   0.000   -1.000   
-452.925   -452.925   0.000   0.000   0.000   -1.000   
-452.925   -452.925   0.000   0.000   0.000   -1.000   
-452.925   -452.925   0.000   0.000   0.000   -1.000   
-452.925   -452.925   0.000   0.000   0.000   -1.000   
-452.925   -452.925   0.000   0.000   0.000   -1.000   
-452.925   -452.925   0.000   0.000   0.000   -1.000   
-452.925   -452.925   0.000   0.000   0.000   -1.000   
-452.925   -452.925   0.000   0.000   0.000   -1.000   
-452.925   -452.925   0.000   0.000   0.000   0.000   
-452.925   -452.925   0.000   0.000   0.000   -1.000   
-452.925   -452.925   0.000   0.000   0.000   0.000   
-452.925   -452.925   0.000   0.000   0.000   -1.000   
-452.925   -452.925   0.000   0.000   0.000   -1.000   
-452.925   -452.925   0.000   0.000   0.000   -1.000   
-452.925   -452.925   0.000   0.000   0.000   -1.000   
-452.925   -452.925   0.000   0.000   0.000   -1.000   
-452.925   -452.925   0.000   0.000   0.000   -1.000   
-452.925   -452.925   0.000   0.000   0.000   0.000   
-452.925   -452.925   0.000   0.000   0.000   -1.000   
-452.925   -452.925   0.000   0.000   0.000   0.000   
-452.925   -452.925   0.000   0.000   0.000   -1.000   
-452.925   -452.925   0.000   0.000   0.000   -1.000   
-452.925   -452.925   0.000   0.000   0.000   -2.000   
-452.925   -452.925   0.000   0.000   0.000   -1.000   
-452.925   -452.925   0.000   0.000   0.000   -1.000   
-452.925   -452.925   0.000   0.000   0.000   -1.000   
-452.925   -452.925   0.000   0.000   0.000   0.000   
-452.925   -452.925   0.000   0.000   0.000   -1.000   
-452.925   -452.925   0.000   0.000   0.000   0.000   
-452.925   -452.925   0.000   0.000   0.000   -1.000   
-452.925   -452.925   0.000   0.000   0.000   -1.000   
-452.925   -452.925   0.000   0.000   0.000   -1.000   
-452.925   -452.925   0.000   0.000   0.000   0.000   
-452.925   -452.925   0.000   0.000   0.000   -2.000   
-452.925   -452.925   0.000   0.000   0.000   0.000   
-452.925   -452.925   0.000   0.000   0.000   -2.000   
-452.925   -452.925   0.000   0.000   0.000   -1.000   
-452.925   -452.925   0.000   0.000   0.000   0.000   
-452.925   -452.925   0.000   0.000   0.000   0.000   
-452.925   -452.925   0.000   0.000   0.000   -1.000   
-452.925   -452.925   0.000   0.000   0.000   0.000   
-452.925   -452.925   0.000   0.000   0.000   -1.000   
-452.925   -452.925   0.000   0.000   0.000   -1.000   
-452.925   -452.925   0.000   0.000   0.000   0.000   
-452.925   -452.925   0.000   0.000   0.000   -1.000   
-452.925   -452.925   0.000   0.000   0.000   -1.000   
-452.925   -452.925   0.000   0.000   0.000   -1.000   
-452.925   -452.925   0.000   0.000   0.000   -3.000   
-452.925   -452.925   0.000   0.000   0.000   -1.000   
-452.925   -452.925   0.000   0.000   0.000   0.000   
-452.925   -452.925   0.000   0.000   0.000   -1.000   
-452.925   -452.925   0.000   0.000   0.000   0.000   
-452.925   -452.925   0.000   0.000   0.000   -1.000   
-452.925   -452.925   0.000   0.000   0.000   -1.000   
-452.925   -452.925   0.000   0.000   0.000   -1.000   
-452.925   -452.925   0.000   0.000   0.000   -1.000   
-452.925   -452.925   0.000   0.000   0.000   -3.000   
-452.925   -452.925   0.000   0.000   0.000   -1.000   
-452.925   -452.925   0.000   0.000   0.000   -1.000   
-452.925   -452.925   0.000   0.000   0.000   -1.000   
-452.925   -452.925   0.000   0.000   0.000   -2.000   
-452.925   -452.925   0.000   0.000   0.000   -1.000   
-452.925   -452.925   0.000   0.000   0.000   -1.000   
-452.925   -452.925   0.000   0.000   0.000   0.000   
-452.925   -452.925   0.000   0.000   0.000   -1.000   
-452.925   -452.925   0.000   0.000   0.000   -1.000   
-452.925   -452.925   0.000   0.000   0.000   -2.000   
-452.925   -452.925   0.000   0.000   0.000   -1.000   
-452.925   -452.925   0.000   0.000   0.000   -1.000   
-452.925   -452.925   0.000   0.000   0.000   -1.000   
-452.925   -452.925   0.000   0.000   0.000   -1.000   
-452.925   -452.925   0.000   0.000   0.000   -1.000   
-452.925   -452.925   0.000   0.000   0.000   -2.000   
-452.925   -452.925   0.000   0.000   0.000   -1.000   
-452.925   -452.925   0.000   0.000   0.000   -1.000   
-452.925   -452.925   0.000   0.000   0.000   -1.000   
-452.925   -452.925   0.000   0.000   0.000   0.000   
-452.925   -452.925   0.000   0.000   0.000   -1.000   
-452.925   -452.925   0.000   0.000   0.000   -1.000   
-452.925   -452.925   0.000   0.000   0.000   -1.000   
-452.925   -452.925   0.000   0.000   0.000   -1.000   
-452.925   -452.925   0.000   0.000   0.000   -2.000   
-452.925   -452.925   0.000   0.000   0.000   -1.000   
-452.925   -452.925   0.000   0.000   0.000   6.000   
-452.925   -452.925   0.000   0.000   0.000   5.000   
-452.925   -452.925   0.000   0.000   0.000   7.000   
-452.925   -452.925   0.000   0.000   0.000   5.000   
-452.925   -452.925   0.000   0.000   0.000   6.000   
-452.925   -452.925   0.000   0.000   0.000   6.000   
-452.925   -452.925   0.000   0.000   0.000   6.000   
-452.925   -452.925   0.000   0.000   0.000   6.000   
-452.925   -452.925   0.000   0.000   0.000   6.000   
-452.925   -452.925   0.000   0.000   0.000   6.000   
-452.925   -452.925   0.000   0.000   0.000   7.000   
-452.925   -452.925   0.000   0.000   0.000   7.000   
-452.925   -452.925   0.000   0.000   0.000   6.000   
-452.925   -452.925   0.000   0.000   0.000   6.000   
-452.925   -452.925   0.000   0.000   0.000   6.000   
-452.925   -452.925   0.000   0.000   0.000   7.000   
-452.925   -452.925   0.000   0.000   0.000   7.000   
-452.925   -452.925   0.000   0.000   0.000   7.000   
-452.925   -452.925   0.000   0.000   0.000   7.000   
-452.925   -452.925   0.000   0.000   0.000   6.000   
-452.925   -452.925   0.000   0.000   0.000   7.000   
-452.925   -452.925   0.000   0.000   0.000   7.000   
-452.925   -452.925   0.000   0.000   0.000   7.000   
-452.925   -452.925   0.000   0.000   0.000   5.000   
-452.925   -452.925   0.000   0.000   0.000   6.000   
-452.925   -452.925   0.000   0.000   0.000   5.000   
-452.925   -452.925   0.000   0.000   0.000   6.000   
-452.925   -452.925   0.000   0.000   0.000   7.000   
-452.925   -452.925   0.000   0.000   0.000   7.000   
-452.925   -452.925   0.000   0.000   0.000   5.000   
-452.925   -452.925   0.000   0.000   0.000   7.000   
-452.925   -452.925   0.000   0.000   0.000   6.000   
-452.925   -452.925   0.000   0.000   0.000   5.000   
-452.925   -452.925   0.000   0.000   0.000   6.000   
-452.925   -452.925   0.000   0.000   0.000   7.000   
-452.925   -452.925   0.000   0.000   0.000   5.000   
-452.925   -452.925   0.000   0.000   0.000   5.000   
-452.925   -452.925   0.000   0.000   0.000   5.000   
-452.925   -452.925   0.000   0.000   0.000   6.000   
-452.925   -452.925   0.000   0.000   0.000   5.000   
-452.925   -452.925   0.000   0.000   0.000   6.000   
-452.925   -452.925   0.000   0.000   0.000   7.000   
-452.925   -452.925   0.000   0.000   0.000   0.000   
-452.925   -452.925   0.000   0.000   0.000   -2.000   
-452.925   -452.925   0.000   0.000   0.000   -1.000   
-452.925   -452.925   0.000   0.000   0.000   0.000   
-452.925   -452.925   0.000   0.000   0.000   -1.000   
-452.925   -452.925   0.000   0.000   0.000   -1.000   
-452.925   -452.925   0.000   0.000   0.000   -1.000   
-452.925   -452.925   0.000   0.000   0.000   -1.000   
-452.925   -452.925   0.000   0.000   0.000   -2.000   
-452.925   -452.925   0.000   0.000   0.000   -1.000   
-452.925   -452.925   0.000   0.000   0.000   0.000   
-452.925   -452.925   0.000   0.000   0.000   0.000   
-452.925   -452.925   0.000   0.000   0.000   0.000   
-452.925   -452.925   0.000   0.000   0.000   -1.000   
-452.925   -452.925   0.000   0.000   0.000   -1.000   
-452.925   -452.925   0.000   0.000   0.000   -1.000   
-452.925   -452.925   0.000   0.000   0.000   -1.000   
-452.925   -452.925   0.000   0.000   0.000   -1.000   
-452.925   -452.925   0.000   0.000   0.000   -1.000   
-452.925   -452.925   0.000   0.000   0.000   -2.000   
-452.925   -452.925   0.000   0.000   0.000   -1.000   
-452.925   -452.925   0.000   0.000   0.000   0.000   
-452.925   -452.925   0.000   0.000   0.000   0.000   
-452.925   -452.925   0.000   0.000   0.000   0.000   
-452.925   -452.925   0.000   0.000   0.000   -1.000   
-452.925   -452.925   0.000   0.000   0.000   -1.000   
-452.925   -452.925   0.000   0.000   0.000   -1.000   
-452.925   -452.925   0.000   0.000   0.000   0.000   
-452.925   -452.925   0.000   0.000   0.000   -1.000   
-452.925   -452.925   0.000   0.000   0.000   -1.000   
-452.925   -452.925   0.000   0.000   0.000   -1.000   
-452.925   -452.925   0.000   0.000   0.000   -1.000   
-452.925   -452.925   0.000   0.000   0.000   0.000   
-452.925   -452.925   0.000   0.000   0.000   0.000   
-452.925   -452.925   0.000   0.000   0.000   0.000   
-452.925   -452.925   0.000   0.000   0.000   -1.000   
-452.925   -452.925   0.000   0.000   0.000   -1.000   
-452.925   -452.925   0.000   0.000   0.000   -1.000   
-452.925   -452.925   0.000   0.000   0.000   0.000   
-452.925   -452.925   0.000   0.000   0.000   -1.000   
-452.925   -452.925   0.000   0.000   0.000   -1.000   
-452.925   -452.925   0.000   0.000   0.000   -2.000   
-452.925   -452.925   0.000   0.000   0.000   -1.000   
-452.925   -452.925   0.000   0.000   0.000   -1.000   
-452.925   -452.925   0.000   0.000   0.000   0.000   
-452.925   -452.925   0.000   0.000   0.000   -1.000   
-452.925   -452.925   0.000   0.000   0.000   -1.000   
-452.925   -452.925   0.000   0.000   0.000   -2.000   
-452.925   -452.925   0.000   0.000   0.000   -2.000   
-452.925   -452.925   0.000   0.000   0.000   -1.000   
-452.925   -452.925   0.000   0.000   0.000   -1.000   
-452.925   -452.925   0.000   0.000   0.000   0.000   
-452.925   -452.925   0.000   0.000   0.000   -1.000   
-452.925   -452.925   0.000   0.000   0.000   0.000   
-452.925   -452.925   0.000   0.000   0.000   -1.000   
-452.925   -452.925   0.000   0.000   0.000   -1.000   
-452.925   -452.925   0.000   0.000   0.000   -2.000   
-452.925   -452.925   0.000   0.000   0.000   -1.000   
-452.925   -452.925   0.000   0.000   0.000   -1.000   
-452.925   -452.925   0.000   0.000   0.000   -2.000   
-452.925   -452.925   0.000   0.000   0.000   -1.000   
-452.925   -452.925   0.000   0.000   0.000   -1.000   
-452.925   -452.925   0.000   0.000   0.000   -1.000   
-452.925   -452.925   0.000   0.000   0.000   -1.000   
-452.925   -452.925   0.000   0.000   0.000   0.000   
-452.925   -452.925   0.000   0.000   0.000   0.000   
-452.925   -452.925   0.000   0.000   0.000   -2.000   
-452.925   -452.925   0.000   0.000   0.000   0.000   
-452.925   -452.925   0.000   0.000   0.000   -2.000   
-452.925   -452.925   0.000   0.000   0.000   -1.000   
-452.925   -452.925   0.000   0.000   0.000   0.000   
-452.925   -452.925   0.000   0.000   0.000   -1.000   
-452.925   -452.925   0.000   0.000   0.000   -1.000   
-452.925   -452.925   0.000   0.000   0.000   -1.000   
-452.925   -452.925   0.000   0.000   0.000   -1.000   
-452.925   -452.925   0.000   0.000   0.000   -1.000   
-452.925   -452.925   0.000   0.000   0.000   -1.000   
-452.925   -452.925   0.000   0.000   0.000   0.000   
-452.925   -452.925   0.000   0.000   0.000   -1.000   
-452.925   -452.925   0.000   0.000   0.000   -1.000   
-452.925   -452.925   0.000   0.000   0.000   -1.000   
-452.925   -452.925   0.000   0.000   0.000   -1.000   
-452.925   -452.925   0.000   0.000   0.000   -2.000   
-452.925   -452.925   0.000   0.000   0.000   -2.000   
-452.925   -452.925   0.000   0.000   0.000   -1.000   
-452.925   -452.925   0.000   0.000   0.000   -1.000   
-452.925   -452.925   0.000   0.000   0.000   0.000   
-452.925   -452.925   0.000   0.000   0.000   -2.000   
-452.925   -452.925   0.000   0.000   0.000   -1.000   
-452.925   -452.925   0.000   0.000   0.000   -1.000   
-452.925   -452.925   0.000   0.000   0.000   -1.000   
-452.925   -452.925   0.000   0.000   0.000   -1.000   
-452.925   -452.925   0.000   0.000   0.000   -2.000   
-452.925   -452.925   0.000   0.000   0.000   -2.000   
-452.925   -452.925   0.000   0.000   0.000   -2.000   
-452.925   -452.925   0.000   0.000   0.000   -2.000   
-452.925   -452.925   0.000   0.000   0.000   -1.000   
-452.925   -452.925   0.000   0.000   0.000   -1.000   
-452.925   -452.925   0.000   0.000   0.000   -2.000   
-452.925   -452.925   0.000   0.000   0.000   -1.000   
-452.925   -452.925   0.000   0.000   0.000   -2.000   
-452.925   -452.925   0.000   0.000   0.000   -3.000   
-452.925   -452.925   0.000   0.000   0.000   -2.000   
-452.925   -452.925   0.000   0.000   0.000   -2.000   
-452.925   -452.925   0.000   0.000   0.000   -2.000   
-452.925   -452.925   0.000   0.000   0.000   -2.000   
-452.925   -452.925   0.000   0.000   0.000   -2.000   
-452.925   -452.925   0.000   0.000   0.000   -1.000   
-452.925   -452.925   0.000   0.000   0.000   -2.000   
-452.925   -452.925   0.000   0.000   0.000   -1.000   
-452.925   -452.925   0.000   0.000   0.000   0.000   
-452.925   -452.925   0.000   0.000   0.000   -2.000   
-452.925   -452.925   0.000   0.000   0.000   -1.000   
-452.925   -452.925   0.000   0.000   0.000   -2.000   
-452.925   -452.925   0.000   0.000   0.000   -2.000   
-452.925   -452.925   0.000   0.000   0.000   -1.000   
-452.925   -452.925   0.000   0.000   0.000   -2.000   
-452.925   -452.925   0.000   0.000   0.000   -2.000   
-452.925   -452.925   0.000   0.000   0.000   -1.000   
-452.925   -452.925   0.000   0.000   0.000   -1.000   
-452.925   -452.925   0.000   0.000   0.000   -1.000   
-452.925   -452.925   0.000   0.000   0.000   -1.000   
-452.925   -452.925   0.000   0.000   0.000   -2.000   
-452.925   -452.925   0.000   0.000   0.000   -1.000   
-452.925   -452.925   0.000   0.000   0.000   -1.000   
-452.925   -452.925   0.000   0.000   0.000   -1.000   
-452.925   -452.925   0.000   0.000   0.000   -2.000   
-452.925   -452.925   0.000   0.000   0.000   -10.000   
-452.925   -452.925   0.000   0.000   0.000   -12.000   
-452.925   -452.925   0.000   0.000   0.000   -10.000   
-452.925   -452.925   0.000   0.000   0.000   -12.000   
-452.925   -452.925   0.000   0.000   0.000   -10.000   
-452.925   -452.925   0.000   0.000   0.000   -10.000   
-452.925   -452.925   0.000   0.000   0.000   -10.000   
-452.925   -452.925   0.000   0.000   0.000   -10.000   
-452.925   -452.925   0.000   0.000   0.000   -11.000   
-452.925   -452.925   0.000   0.000   0.000   -11.000   
-452.925   -452.925   0.000   0.000   0.000   -11.000   
-452.925   -452.925   0.000   0.000   0.000   -12.000   
-452.925   -452.925   0.000   0.000   0.000   -11.000   
-452.925   -452.925   0.000   0.000   0.000   -9.000   
-452.925   -452.925   0.000   0.000   0.000   -12.000   
-452.925   -452.925   0.000   0.000   0.000   -12.000   
-452.925   -452.925   0.000   0.000   0.000   -11.000   
-452.925   -452.925   0.000   0.000   0.000   -12.000   
-452.925   -452.925   0.000   0.000   0.000   -11.000   
-452.925   -452.925   0.000   0.000   0.000   -10.000   
-452.925   -452.925   0.000   0.000   0.000   -10.000   
-452.925   -452.925   0.000   0.000   0.000   -11.000   
-452.925   -452.925   0.000   0.000   0.000   -11.000   
-452.925   -452.925   0.000   0.000   0.000   -12.000   
-452.925   -452.925   0.000   0.000   0.000   -12.000   
-452.925   -452.925   0.000   0.000   0.000   -11.000   
-452.925   -452.925   0.000   0.000   0.000   -11.000   
-452.925   -452.925   0.000   0.000   0.000   -10.000   
-452.925   -452.925   0.000   0.000   0.000   -12.000   
-452.925   -452.925   0.000   0.000   0.000   -10.000   
-452.925   -452.925   0.000   0.000   0.000   -10.000   
-452.925   -452.925   0.000   0.000   0.000   -10.000   
-452.925   -452.925   0.000   0.000   0.000   -11.000   
-452.925   -452.925   0.000   0.000   0.000   -10.000   
-452.925   -452.925   0.000   0.000   0.000   -11.000   
-452.925   -452.925   0.000   0.000   0.000   -10.000   
-452.925   -452.925   0.000   0.000   0.000   -10.000   
-452.925   -452.925   0.000   0.000   0.000   -12.000   
-452.925   -452.925   0.000   0.000   0.000   -12.000   
-452.925   -452.925   0.000   0.000   0.000   -10.000   
-452.925   -452.925   0.000   0.000   0.000   -10.000   
-452.925   -452.925   0.000   0.000   0.000   0.000   
-452.925   -452.925   0.000   0.000   0.000   -1.000   
-452.925   -452.925   0.000   0.000   0.000   0.000   
-452.925   -452.925   0.000   0.000   0.000   0.000   
-452.925   -452.925   0.000   0.000   0.000   0.000   
-452.925   -452.925   0.000   0.000   0.000   -1.000   
-452.925   -452.925   0.000   0.000   0.000   -1.000   
-452.925   -452.925   0.000   0.000   0.000   -1.000   
-452.925   -452.925   0.000   0.000   0.000   0.000   
-452.925   -452.925   0.000   0.000   0.000   -1.000   
-452.925   -452.925   0.000   0.000   0.000   -1.000   
-452.925   -452.925   0.000   0.000   0.000   0.000   
-452.925   -452.925   0.000   0.000   0.000   -2.000   
-452.925   -452.925   0.000   0.000   0.000   -1.000   
-452.925   -452.925   0.000   0.000   0.000   0.000   
-452.925   -452.925   0.000   0.000   0.000   -1.000   
-452.925   -452.925   0.000   0.000   0.000   0.000   
-452.925   -452.925   0.000   0.000   0.000   -1.000   
-452.925   -452.925   0.000   0.000   0.000   -1.000   
-452.925   -452.925   0.000   0.000   0.000   0.000   
-452.925   -452.925   0.000   0.000   0.000   -1.000   
-452.925   -452.925   0.000   0.000   0.000   0.000   
-452.925   -452.925   0.000   0.000   0.000   -1.000   
-452.925   -452.925   0.000   0.000   0.000   -1.000   
-452.925   -452.925   0.000   0.000   0.000   0.000   
-452.925   -452.925   0.000   0.000   0.000   -1.000   
-452.925   -452.925   0.000   0.000   0.000   0.000   
-452.925   -452.925   0.000   0.000   0.000   0.000   
-452.925   -452.925   0.000   0.000   0.000   -1.000   
-452.925   -452.925   0.000   0.000   0.000   0.000   
-452.925   -452.925   0.000   0.000   0.000   -1.000   
-452.925   -452.925   0.000   0.000   0.000   0.000   
-452.925   -452.925   0.000   0.000   0.000   -1.000   
-452.925   -452.925   0.000   0.000   0.000   0.000   
-452.925   -452.925   0.000   0.000   0.000   -1.000   
-452.925   -452.925   0.000   0.000   0.000   0.000   
-452.925   -452.925   0.000   0.000   0.000   -1.000   
-452.925   -452.925   0.000   0.000   0.000   -1.000   
-452.925   -452.925   0.000   0.000   0.000   -1.000   
-452.925   -452.925   0.000   0.000   0.000   0.000   
-452.925   -452.925   0.000   0.000   0.000   0.000   
-452.925   -452.925   0.000   0.000   0.000   0.000   
-452.925   -452.925   0.000   0.000   0.000   -1.000   
-452.925   -452.925   0.000   0.000   0.000   0.000   
-452.925   -452.925   0.000   0.000   0.000   -1.000   
-452.925   -452.925   0.000   0.000   0.000   0.000   
-452.925   -452.925   0.000   0.000   0.000   -2.000   
-452.925   -452.925   0.000   0.000   0.000   -1.000   
-452.925   -452.925   0.000   0.000   0.000   -1.000   
-452.925   -452.925   0.000   0.000   0.000   -1.000   
-452.925   -452.925   0.000   0.000   0.000   -1.000   
-452.925   -452.925   0.000   0.000   0.000   -1.000   
-452.925   -452.925   0.000   0.000   0.000   -2.000   
-452.925   -452.925   0.000   0.000   0.000   -1.000   
-452.925   -452.925   0.000   0.000   0.000   -1.000   
-452.925   -452.925   0.000   0.000   0.000   -2.000   
-452.925   -452.925   0.000   0.000   0.000   -1.000   
-452.925   -452.925   0.000   0.000   0.000   0.000   
-452.925   -452.925   0.000   0.000   0.000   -2.000   
-452.925   -452.925   0.000   0.000   0.000   -1.000   
-452.925   -452.925   0.000   0.000   0.000   0.000   
-452.925   -452.925   0.000   0.000   0.000   -2.000   
-452.925   -452.925   0.000   0.000   0.000   0.000   
-452.925   -452.925   0.000   0.000   0.000   -2.000   
-452.925   -452.925   0.000   0.000   0.000   0.000   
-452.925   -452.925   0.000   0.000   0.000   -1.000   
-452.925   -452.925   0.000   0.000   0.000   0.000   
-452.925   -452.925   0.000   0.000   0.000   -1.000   
-452.925   -452.925   0.000   0.000   0.000   0.000   
-452.925   -452.925   0.000   0.000   0.000   -1.000   
-452.925   -452.925   0.000   0.000   0.000   -1.000   
-452.925   -452.925   0.000   0.000   0.000   -1.000   
-452.925   -452.925   0.000   0.000   0.000   -1.000   
-452.925   -452.925   0.000   0.000   0.000   -1.000   
-452.925   -452.925   0.000   0.000   0.000   -1.000   
-452.925   -452.925   0.000   0.000   0.000   -1.000   
-452.925   -452.925   0.000   0.000   0.000   0.000   
-452.925   -452.925   0.000   0.000   0.000   -1.000   
-452.925   -452.925   0.000   0.000   0.000   -1.000   
-452.925   -452.925   0.000   0.000   0.000   -1.000   
-452.925   -452.925   0.000   0.000   0.000   0.000   
-452.925   -452.925   0.000   0.000   0.000   -1.000   
-452.925   -452.925   0.000   0.000   0.000   -1.000   
-452.925   -452.925   0.000   0.000   0.000   -1.000   
-452.925   -452.925   0.000   0.000   0.000   -1.000   
-452.925   -452.925   0.000   0.000   0.000   -1.000   
-452.925   -452.925   0.000   0.000   0.000   -2.000   
-452.925   -452.925   0.000   0.000   0.000   -1.000   
-452.925   -452.925   0.000   0.000   0.000   -2.000   
-452.925   -452.925   0.000   0.000   0.000   -1.000   
-452.925   -452.925   0.000   0.000   0.000   -1.000   
-452.925   -452.925   0.000   0.000   0.000   0.000   
-452.925   -452.925   0.000   0.000   0.000   -2.000   
-452.925   -452.925   0.000   0.000   0.000   -1.000   
-452.925   -452.925   0.000   0.000   0.000   -2.000   
-452.925   -452.925   0.000   0.000   0.000   1.000   
-452.925   -452.925   0.000   0.000   0.000   -2.000   
-452.925   -452.925   0.000   0.000   0.000   -1.000   
-452.925   -452.925   0.000   0.000   0.000   -2.000   
-452.925   -452.925   0.000   0.000   0.000   -1.000   
-452.925   -452.925   0.000   0.000   0.000   -1.000   
-452.925   -452.925   0.000   0.000   0.000   -1.000   
-452.925   -452.925   0.000   0.000   0.000   -1.000   
-452.925   -452.925   0.000   0.000   0.000   -1.000   
-452.925   -452.925   0.000   0.000   0.000   -1.000   
-452.925   -452.925   0.000   0.000   0.000   -1.000   
-452.925   -452.925   0.000   0.000   0.000   -2.000   
-452.925   -452.925   0.000   0.000   0.000   -1.000   
-452.925   -452.925   0.000   0.000   0.000   -2.000   
-452.925   -452.925   0.000   0.000   0.000   -1.000   
-452.925   -452.925   0.000   0.000   0.000   0.000   
-452.925   -452.925   0.000   0.000   0.000   -1.000   
-452.925   -452.925   0.000   0.000   0.000   -1.000   
-452.925   -452.925   0.000   0.000   0.000   -1.000   
-452.925   -452.925   0.000   0.000   0.000   -1.000   
-452.925   -452.925   0.000   0.000   0.000   -1.000   
-452.925   -452.925   0.000   0.000   0.000   0.000   
-452.925   -452.925   0.000   0.000   0.000   -1.000   
-452.925   -452.925   0.000   0.000   0.000   0.000   
-452.925   -452.925   0.000   0.000   0.000   -1.000   
-452.925   -452.925   0.000   0.000   0.000   -1.000   
-452.925   -452.925   0.000   0.000   0.000   -1.000   
-452.925   -452.925   0.000   0.000   0.000   0.000   
-452.925   -452.925   0.000   0.000   0.000   -1.000   
-452.925   -452.925   0.000   0.000   0.000   -1.000   
-452.925   -452.925   0.000   0.000   0.000   -2.000   
-452.925   -452.925   0.000   0.000   0.000   -1.000   
-452.925   -452.925   0.000   0.000   0.000   7.000   
-452.925   -452.925   0.000   0.000   0.000   7.000   
-452.925   -452.925   0.000   0.000   0.000   8.000   
-452.925   -452.925   0.000   0.000   0.000   7.000   
-452.925   -452.925   0.000   0.000   0.000   7.000   
-452.925   -452.925   0.000   0.000   0.000   7.000   
-452.925   -452.925   0.000   0.000   0.000   7.000   
-452.925   -452.925   0.000   0.000   0.000   7.000   
-452.925   -452.925   0.000   0.000   0.000   8.000   
-452.925   -452.925   0.000   0.000   0.000   7.000   
-452.925   -452.925   0.000   0.000   0.000   8.000   
-452.925   -452.925   0.000   0.000   0.000   7.000   
-452.925   -452.925   0.000   0.000   0.000   7.000   
-452.925   -452.925   0.000   0.000   0.000   8.000   
-452.925   -452.925   0.000   0.000   0.000   8.000   
-452.925   -452.925   0.000   0.000   0.000   8.000   
-452.925   -452.925   0.000   0.000   0.000   8.000   
-452.925   -452.925   0.000   0.000   0.000   8.000   
-452.925   -452.925   0.000   0.000   0.000   8.000   
-452.925   -452.925   0.000   0.000   0.000   7.000   
-452.925   -452.925   0.000   0.000   0.000   8.000   
-452.925   -452.925   0.000   0.000   0.000   7.000   
-452.925   -452.925   0.000   0.000   0.000   8.000   
-452.925   -452.925   0.000   0.000   0.000   8.000   
-452.925   -452.925   0.000   0.000   0.000   8.000   
-452.925   -452.925   0.000   0.000   0.000   8.000   
-452.925   -452.925   0.000   0.000   0.000   8.000   
-452.925   -452.925   0.000   0.000   0.000   7.000   
-452.925   -452.925   0.000   0.000   0.000   8.000   
-452.925   -452.925   0.000   0.000   0.000   7.000   
-452.925   -452.925   0.000   0.000   0.000   7.000   
-452.925   -452.925   0.000   0.000   0.000   7.000   
-452.925   -452.925   0.000   0.000   0.000   7.000   
-452.925   -452.925   0.000   0.000   0.000   7.000   
-452.925   -452.925   0.000   0.000   0.000   7.000   
-452.925   -452.925   0.000   0.000   0.000   7.000   
-452.925   -452.925   0.000   0.000   0.000   7.000   
-452.925   -452.925   0.000   0.000   0.000   7.000   
-452.925   -452.925   0.000   0.000   0.000   6.000   
-452.925   -452.925   0.000   0.000   0.000   7.000   
-452.925   -452.925   0.000   0.000   0.000   8.000   
-452.925   -452.925   0.000   0.000   0.000   7.000   
-452.925   -452.925   0.000   0.000   0.000   -1.000   
-452.925   -452.925   0.000   0.000   0.000   -2.000   
-452.925   -452.925   0.000   0.000   0.000   0.000   
-452.925   -452.925   0.000   0.000   0.000   -1.000   
-452.925   -452.925   0.000   0.000   0.000   -1.000   
-452.925   -452.925   0.000   0.000   0.000   -1.000   
-452.925   -452.925   0.000   0.000   0.000   -1.000   
-452.925   -452.925   0.000   0.000   0.000   0.000   
-452.925   -452.925   0.000   0.000   0.000   -1.000   
-452.925   -452.925   0.000   0.000   0.000   -1.000   
-452.925   -452.925   0.000   0.000   0.000   0.000   
-452.925   -452.925   0.000   0.000   0.000   -2.000   
-452.925   -452.925   0.000   0.000   0.000   -1.000   
-452.925   -452.925   0.000   0.000   0.000   -1.000   
-452.925   -452.925   0.000   0.000   0.000   -1.000   
-452.925   -452.925   0.000   0.000   0.000   -1.000   
-452.925   -452.925   0.000   0.000   0.000   0.000   
-452.925   -452.925   0.000   0.000   0.000   -1.000   
-452.925   -452.925   0.000   0.000   0.000   0.000   
-452.925   -452.925   0.000   0.000   0.000   0.000   
-452.925   -452.925   0.000   0.000   0.000   -1.000   
-452.925   -452.925   0.000   0.000   0.000   -1.000   
-452.925   -452.925   0.000   0.000   0.000   -1.000   
-452.925   -452.925   0.000   0.000   0.000   -1.000   
-452.925   -452.925   0.000   0.000   0.000   0.000   
-452.925   -452.925   0.000   0.000   0.000   -1.000   
-452.925   -452.925   0.000   0.000   0.000   -1.000   
-452.925   -452.925   0.000   0.000   0.000   0.000   
-452.925   -452.925   0.000   0.000   0.000   -1.000   
-452.925   -452.925   0.000   0.000   0.000   -1.000   
-452.925   -452.925   0.000   0.000   0.000   0.000   
-452.925   -452.925   0.000   0.000   0.000   -1.000   
-452.925   -452.925   0.000   0.000   0.000   -1.000   
-452.925   -452.925   0.000   0.000   0.000   0.000   
-452.925   -452.925   0.000   0.000   0.000   -1.000   
-452.925   -452.925   0.000   0.000   0.000   -1.000   
-452.925   -452.925   0.000   0.000   0.000   -1.000   
-452.925   -452.925   0.000   0.000   0.000   -1.000   
-452.925   -452.925   0.000   0.000   0.000   -1.000   
-452.925   -452.925   0.000   0.000   0.000   -1.000   
-452.925   -452.925   0.000   0.000   0.000   -1.000   
-452.925   -452.925   0.000   0.000   0.000   0.000   
-452.925   -452.925   0.000   0.000   0.000   -2.000   
-452.925   -452.925   0.000   0.000   0.000   -2.000   
-452.925   -452.925   0.000   0.000   0.000   -1.000   
-452.925   -452.925   0.000   0.000   0.000   -2.000   
-452.925   -452.925   0.000   0.000   0.000   -3.000   
-452.925   -452.925   0.000   0.000   0.000   0.000   
-452.925   -452.925   0.000   0.000   0.000   -1.000   
-452.925   -452.925   0.000   0.000   0.000   -1.000   
-452.925   -452.925   0.000   0.000   0.000   -2.000   
-452.925   -452.925   0.000   0.000   0.000   -1.000   
-452.925   -452.925   0.000   0.000   0.000   -2.000   
-452.925   -452.925   0.000   0.000   0.000   -1.000   
-452.925   -452.925   0.000   0.000   0.000   -1.000   
-452.925   -452.925   0.000   0.000   0.000   -1.000   
-452.925   -452.925   0.000   0.000   0.000   -2.000   
-452.925   -452.925   0.000   0.000   0.000   -1.000   
-452.925   -452.925   0.000   0.000   0.000   -1.000   
-452.925   -452.925   0.000   0.000   0.000   -2.000   
-452.925   -452.925   0.000   0.000   0.000   -1.000   
-452.925   -452.925   0.000   0.000   0.000   -2.000   
-452.925   -452.925   0.000   0.000   0.000   -1.000   
-452.925   -452.925   0.000   0.000   0.000   -1.000   
-452.925   -452.925   0.000   0.000   0.000   -1.000   
-452.925   -452.925   0.000   0.000   0.000   -1.000   
-452.925   -452.925   0.000   0.000   0.000   -1.000   
-452.925   -452.925   0.000   0.000   0.000   -1.000   
-452.925   -452.925   0.000   0.000   0.000   -1.000   
-452.925   -452.925   0.000   0.000   0.000   -1.000   
-452.925   -452.925   0.000   0.000   0.000   -1.000   
-452.925   -452.925   0.000   0.000   0.000   0.000   
-452.925   -452.925   0.000   0.000   0.000   -1.000   
-452.925   -452.925   0.000   0.000   0.000   -1.000   
-452.925   -452.925   0.000   0.000   0.000   -2.000   
-452.925   -452.925   0.000   0.000   0.000   0.000   
-452.925   -452.925   0.000   0.000   0.000   -2.000   
-452.925   -452.925   0.000   0.000   0.000   0.000   
-452.925   -452.925   0.000   0.000   0.000   -1.000   
-452.925   -452.925   0.000   0.000   0.000   0.000   
-452.925   -452.925   0.000   0.000   0.000   -2.000   
-452.925   -452.925   0.000   0.000   0.000   -1.000   
-452.925   -452.925   0.000   0.000   0.000   -1.000   
-452.925   -452.925   0.000   0.000   0.000   0.000   
-452.925   -452.925   0.000   0.000   0.000   -1.000   
-452.925   -452.925   0.000   0.000   0.000   -1.000   
-452.925   -452.925   0.000   0.000   0.000   -2.000   
-452.925   -452.925   0.000   0.000   0.000   -2.000   
-452.925   -452.925   0.000   0.000   0.000   -1.000   
-452.925   -452.925   0.000   0.000   0.000   -1.000   
-452.925   -452.925   0.000   0.000   0.000   -2.000   
-452.925   -452.925   0.000   0.000   0.000   -1.000   
-452.925   -452.925   0.000   0.000   0.000   -2.000   
-452.925   -452.925   0.000   0.000   0.000   -2.000   
-452.925   -452.925   0.000   0.000   0.000   -1.000   
-452.925   -452.925   0.000   0.000   0.000   -1.000   
-452.925   -452.925   0.000   0.000   0.000   -3.000   
-452.925   -452.925   0.000   0.000   0.000   -2.000   
-452.925   -452.925   0.000   0.000   0.000   -1.000   
-452.925   -452.925   0.000   0.000   0.000   -2.000   
-452.925   -452.925   0.000   0.000   0.000   -2.000   
-452.925   -452.925   0.000   0.000   0.000   -2.000   
-452.925   -452.925   0.000   0.000   0.000   -1.000   
-452.925   -452.925   0.000   0.000   0.000   -1.000   
-452.925   -452.925   0.000   0.000   0.000   -2.000   
-452.925   -452.925   0.000   0.000   0.000   -1.000   
-452.925   -452.925   0.000   0.000   0.000   -1.000   
-452.925   -452.925   0.000   0.000   0.000   -2.000   
-452.925   -452.925   0.000   0.000   0.000   -3.000   
-452.925   -452.925   0.000   0.000   0.000   -2.000   
-452.925   -452.925   0.000   0.000   0.000   -2.000   
-452.925   -452.925   0.000   0.000   0.000   -2.000   
-452.925   -452.925   0.000   0.000   0.000   -1.000   
-452.925   -452.925   0.000   0.000   0.000   -1.000   
-452.925   -452.925   0.000   0.000   0.000   -2.000   
-452.925   -452.925   0.000   0.000   0.000   0.000   
-452.925   -452.925   0.000   0.000   0.000   -1.000   
-452.925   -452.925   0.000   0.000   0.000   -3.000   
-452.925   -452.925   0.000   0.000   0.000   -2.000   
-452.925   -452.925   0.000   0.000   0.000   -2.000   
-452.925   -452.925   0.000   0.000   0.000   -1.000   
-452.925   -452.925   0.000   0.000   0.000   -1.000   
-452.925   -452.925   0.000   0.000   0.000   -1.000   
-452.925   -452.925   0.000   0.000   0.000   -2.000   
-452.925   -452.925   0.000   0.000   0.000   -2.000   
-452.925   -452.925   0.000   0.000   0.000   -1.000   
-452.925   -452.925   0.000   0.000   0.000   -2.000   
-452.925   -452.925   0.000   0.000   0.000   -6.000   
-452.925   -452.925   0.000   0.000   0.000   -7.000   
-452.925   -452.925   0.000   0.000   0.000   -6.000   
-452.925   -452.925   0.000   0.000   0.000   -6.000   
-452.925   -452.925   0.000   0.000   0.000   -6.000   
-452.925   -452.925   0.000   0.000   0.000   -7.000   
-452.925   -452.925   0.000   0.000   0.000   -6.000   
-452.925   -452.925   0.000   0.000   0.000   -7.000   
-452.925   -452.925   0.000   0.000   0.000   -6.000   
-452.925   -452.925   0.000   0.000   0.000   -7.000   
-452.925   -452.925   0.000   0.000   0.000   -7.000   
-452.925   -452.925   0.000   0.000   0.000   -7.000   
-452.925   -452.925   0.000   0.000   0.000   -7.000   
-452.925   -452.925   0.000   0.000   0.000   -6.000   
-452.925   -452.925   0.000   0.000   0.000   -7.000   
-452.925   -452.925   0.000   0.000   0.000   -7.000   
-452.925   -452.925   0.000   0.000   0.000   -8.000   
-452.925   -452.925   0.000   0.000   0.000   -6.000   
-452.925   -452.925   0.000   0.000   0.000   -7.000   
-452.925   -452.925   0.000   0.000   0.000   -7.000   
-452.925   -452.925   0.000   0.000   0.000   -8.000   
-452.925   -452.925   0.000   0.000   0.000   -7.000   
-452.925   -452.925   0.000   0.000   0.000   -7.000   
-452.925   -452.925   0.000   0.000   0.000   -8.000   
-452.925   -452.925   0.000   0.000   0.000   -7.000   
-452.925   -452.925   0.000   0.000   0.000   -7.000   
-452.925   -452.925   0.000   0.000   0.000   -7.000   
-452.925   -452.925   0.000   0.000   0.000   -7.000   
-452.925   -452.925   0.000   0.000   0.000   -7.000   
-452.925   -452.925   0.000   0.000   0.000   -7.000   
-452.925   -452.925   0.000   0.000   0.000   -7.000   
-452.925   -452.925   0.000   0.000   0.000   -7.000   
-452.925   -452.925   0.000   0.000   0.000   -7.000   
-452.925   -452.925   0.000   0.000   0.000   -7.000   
-452.925   -452.925   0.000   0.000   0.000   -7.000   
-452.925   -452.925   0.000   0.000   0.000   -8.000   
-452.925   -452.925   0.000   0.000   0.000   -7.000   
-452.925   -452.925   0.000   0.000   0.000   -7.000   
-452.925   -452.925   0.000   0.000   0.000   -7.000   
-452.925   -452.925   0.000   0.000   0.000   -7.000   
-452.925   -452.925   0.000   0.000   0.000   -7.000   
-452.925   -452.925   0.000   0.000   0.000   -7.000   
-452.925   -452.925   0.000   0.000   0.000   0.000   
-452.925   -452.925   0.000   0.000   0.000   -1.000   
-452.925   -452.925   0.000   0.000   0.000   -1.000   
-452.925   -452.925   0.000   0.000   0.000   0.000   
-452.925   -452.925   0.000   0.000   0.000   0.000   
-452.925   -452.925   0.000   0.000   0.000   0.000   
-452.925   -452.925   0.000   0.000   0.000   -1.000   
-452.925   -452.925   0.000   0.000   0.000   -1.000   
-452.925   -452.925   0.000   0.000   0.000   -1.000   
-452.925   -452.925   0.000   0.000   0.000   -1.000   
-452.925   -452.925   0.000   0.000   0.000   0.000   
-452.925   -452.925   0.000   0.000   0.000   0.000   
-452.925   -452.925   0.000   0.000   0.000   0.000   
-452.925   -452.925   0.000   0.000   0.000   -1.000   
-452.925   -452.925   0.000   0.000   0.000   0.000   
-452.925   -452.925   0.000   0.000   0.000   -1.000   
-452.925   -452.925   0.000   0.000   0.000   0.000   
-452.925   -452.925   0.000   0.000   0.000   -1.000   
-452.925   -452.925   0.000   0.000   0.000   -1.000   
-452.925   -452.925   0.000   0.000   0.000   -1.000   
-452.925   -452.925   0.000   0.000   0.000   -1.000   
-452.925   -452.925   0.000   0.000   0.000   -1.000   
-452.925   -452.925   0.000   0.000   0.000   -1.000   
-452.925   -452.925   0.000   0.000   0.000   0.000   
-452.925   -452.925   0.000   0.000   0.000   -1.000   
-452.925   -452.925   0.000   0.000   0.000   -1.000   
-452.925   -452.925   0.000   0.000   0.000   -1.000   
-452.925   -452.925   0.000   0.000   0.000   0.000   
-452.925   -452.925   0.000   0.000   0.000   0.000   
-452.925   -452.925   0.000   0.000   0.000   0.000   
-452.925   -452.925   0.000   0.000   0.000   0.000   
-452.925   -452.925   0.000   0.000   0.000   0.000   
-452.925   -452.925   0.000   0.000   0.000   0.000   
-452.925   -452.925   0.000   0.000   0.000   -1.000   
-452.925   -452.925   0.000   0.000   0.000   -1.000   
-452.925   -452.925   0.000   0.000   0.000   -1.000   
-452.925   -452.925   0.000   0.000   0.000   0.000   
-452.925   -452.925   0.000   0.000   0.000   0.000   
-452.925   -452.925   0.000   0.000   0.000   0.000   
-452.925   -452.925   0.000   0.000   0.000   -1.000   
-452.925   -452.925   0.000   0.000   0.000   0.000   
-452.925   -452.925   0.000   0.000   0.000   -1.000   
-452.925   -452.925   0.000   0.000   0.000   0.000   
-452.925   -452.925   0.000   0.000   0.000   -1.000   
-452.925   -452.925   0.000   0.000   0.000   -3.000   
-452.925   -452.925   0.000   0.000   0.000   0.000   
-452.925   -452.925   0.000   0.000   0.000   0.000   
-452.925   -452.925   0.000   0.000   0.000   -1.000   
-452.925   -452.925   0.000   0.000   0.000   0.000   
-452.925   -452.925   0.000   0.000   0.000   -2.000   
-452.925   -452.925   0.000   0.000   0.000   0.000   
-452.925   -452.925   0.000   0.000   0.000   -2.000   
-452.925   -452.925   0.000   0.000   0.000   -1.000   
-452.925   -452.925   0.000   0.000   0.000   -1.000   
-452.925   -452.925   0.000   0.000   0.000   -1.000   
-452.925   -452.925   0.000   0.000   0.000   -1.000   
-452.925   -452.925   0.000   0.000   0.000   -1.000   
-452.925   -452.925   0.000   0.000   0.000   -1.000   
-452.925   -452.925   0.000   0.000   0.000   -2.000   
-452.925   -452.925   0.000   0.000   0.000   0.000   
-452.925   -452.925   0.000   0.000   0.000   0.000   
-452.925   -452.925   0.000   0.000   0.000   -1.000   
-452.925   -452.925   0.000   0.000   0.000   0.000   
-452.925   -452.925   0.000   0.000   0.000   0.000   
-452.925   -452.925   0.000   0.000   0.000   -1.000   
-452.925   -452.925   0.000   0.000   0.000   0.000   
-452.925   -452.925   0.000   0.000   0.000   0.000   
-452.925   -452.925   0.000   0.000   0.000   -1.000   
-452.925   -452.925   0.000   0.000   0.000   -1.000   
-452.925   -452.925   0.000   0.000   0.000   0.000   
-452.925   -452.925   0.000   0.000   0.000   0.000   
-452.925   -452.925   0.000   0.000   0.000   -2.000   
-452.925   -452.925   0.000   0.000   0.000   -1.000   
-452.925   -452.925   0.000   0.000   0.000   0.000   
-452.925   -452.925   0.000   0.000   0.000   -1.000   
-452.925   -452.925   0.000   0.000   0.000   -1.000   
-452.925   -452.925   0.000   0.000   0.000   0.000   
-452.925   -452.925   0.000   0.000   0.000   -1.000   
-452.925   -452.925   0.000   0.000   0.000   -1.000   
-452.925   -452.925   0.000   0.000   0.000   -1.000   
-452.925   -452.925   0.000   0.000   0.000   -1.000   
-452.925   -452.925   0.000   0.000   0.000   -1.000   
-452.925   -452.925   0.000   0.000   0.000   0.000   
-452.925   -452.925   0.000   0.000   0.000   -1.000   
-452.925   -452.925   0.000   0.000   0.000   -1.000   
-452.925   -452.925   0.000   0.000   0.000   0.000   
-452.925   -452.925   0.000   0.000   0.000   0.000   
-452.925   -452.925   0.000   0.000   0.000   -1.000   
-452.925   -452.925   0.000   0.000   0.000   0.000   
-452.925   -452.925   0.000   0.000   0.000   -1.000   
-452.925   -452.925   0.000   0.000   0.000   0.000   
-452.925   -452.925   0.000   0.000   0.000   0.000   
-452.925   -452.925   0.000   0.000   0.000   0.000   
-452.925   -452.925   0.000   0.000   0.000   -2.000   
-452.925   -452.925   0.000   0.000   0.000   -1.000   
-452.925   -452.925   0.000   0.000   0.000   0.000   
-452.925   -452.925   0.000   0.000   0.000   0.000   
-452.925   -452.925   0.000   0.000   0.000   0.000   
-452.925   -452.925   0.000   0.000   0.000   -1.000   
-452.925   -452.925   0.000   0.000   0.000   -3.000   
-452.925   -452.925   0.000   0.000   0.000   -1.000   
-452.925   -452.925   0.000   0.000   0.000   -1.000   
-452.925   -452.925   0.000   0.000   0.000   1.000   
-452.925   -452.925   0.000   0.000   0.000   -1.000   
-452.925   -452.925   0.000   0.000   0.000   -1.000   
-452.925   -452.925   0.000   0.000   0.000   -1.000   
-452.925   -452.925   0.000   0.000   0.000   -1.000   
-452.925   -452.925   0.000   0.000   0.000   -1.000   
-452.925   -452.925   0.000   0.000   0.000   0.000   
-452.925   -452.925   0.000   0.000   0.000   -1.000   
-452.925   -452.925   0.000   0.000   0.000   -1.000   
-452.925   -452.925   0.000   0.000   0.000   -2.000   
-452.925   -452.925   0.000   0.000   0.000   -2.000   
-452.925   -452.925   0.000   0.000   0.000   -1.000   
-452.925   -452.925   0.000   0.000   0.000   0.000   
-452.925   -452.925   0.000   0.000   0.000   -2.000   
-452.925   -452.925   0.000   0.000   0.000   -1.000   
-452.925   -452.925   0.000   0.000   0.000   -1.000   
-452.925   -452.925   0.000   0.000   0.000   -1.000   
-452.925   -452.925   0.000   0.000   0.000   -3.000   
-452.925   -452.925   0.000   0.000   0.000   -1.000   
-452.925   -452.925   0.000   0.000   0.000   1.000   
-452.925   -452.925   0.000   0.000   0.000   -1.000   
-452.925   -452.925   0.000   0.000   0.000   -1.000   
-452.925   -452.925   0.000   0.000   0.000   -1.000   
-452.925   -452.925   0.000   0.000   0.000   0.000   
-452.925   -452.925   0.000   0.000   0.000   -1.000   
-452.925   -452.925   0.000   0.000   0.000   7.000   
-452.925   -452.925   0.000   0.000   0.000   8.000   
-452.925   -452.925   0.000   0.000   0.000   9.000   
-452.925   -452.925   0.000   0.000   0.000   8.000   
-452.925   -452.925   0.000   0.000   0.000   8.000   
-452.925   -452.925   0.000   0.000   0.000   8.000   
-452.925   -452.925   0.000   0.000   0.000   10.000   
-452.925   -452.925   0.000   0.000   0.000   10.000   
-452.925   -452.925   0.000   0.000   0.000   10.000   
-452.925   -452.925   0.000   0.000   0.000   8.000   
-452.925   -452.925   0.000   0.000   0.000   9.000   
-452.925   -452.925   0.000   0.000   0.000   8.000   
-452.925   -452.925   0.000   0.000   0.000   10.000   
-452.925   -452.925   0.000   0.000   0.000   8.000   
-452.925   -452.925   0.000   0.000   0.000   9.000   
-452.925   -452.925   0.000   0.000   0.000   9.000   
-452.925   -452.925   0.000   0.000   0.000   8.000   
-452.925   -452.925   0.000   0.000   0.000   10.000   
-452.925   -452.925   0.000   0.000   0.000   9.000   
-452.925   -452.925   0.000   0.000   0.000   10.000   
-452.925   -452.925   0.000   0.000   0.000   8.000   
-452.925   -452.925   0.000   0.000   0.000   10.000   
-452.925   -452.925   0.000   0.000   0.000   10.000   
-452.925   -452.925   0.000   0.000   0.000   10.000   
-452.925   -452.925   0.000   0.000   0.000   10.000   
-452.925   -452.925   0.000   0.000   0.000   10.000   
-452.925   -452.925   0.000   0.000   0.000   10.000   
-452.925   -452.925   0.000   0.000   0.000   10.000   
-452.925   -452.925   0.000   0.000   0.000   10.000   
-452.925   -452.925   0.000   0.000   0.000   9.000   
-452.925   -452.925   0.000   0.000   0.000   10.000   
-452.925   -452.925   0.000   0.000   0.000   9.000   
-452.925   -452.925   0.000   0.000   0.000   9.000   
-452.925   -452.925   0.000   0.000   0.000   10.000   
-452.925   -452.925   0.000   0.000   0.000   8.000   
-452.925   -452.925   0.000   0.000   0.000   8.000   
-452.925   -452.925   0.000   0.000   0.000   10.000   
-452.925   -452.925   0.000   0.000   0.000   7.000   
-452.925   -452.925   0.000   0.000   0.000   10.000   
-452.925   -452.925   0.000   0.000   0.000   10.000   
-452.925   -452.925   0.000   0.000   0.000   10.000   
-452.925   -452.925   0.000   0.000   0.000   -1.000   
-452.925   -452.925   0.000   0.000   0.000   -1.000   
-452.925   -452.925   0.000   0.000   0.000   -1.000   
-452.925   -452.925   0.000   0.000   0.000   -1.000   
-452.925   -452.925   0.000   0.000   0.000   -1.000   
-452.925   -452.925   0.000   0.000   0.000   -1.000   
-452.925   -452.925   0.000   0.000   0.000   -1.000   
-452.925   -452.925   0.000   0.000   0.000   -1.000   
-452.925   -452.925   0.000   0.000   0.000   0.000   
-452.925   -452.925   0.000   0.000   0.000   -1.000   
-452.925   -452.925   0.000   0.000   0.000   -2.000   
-452.925   -452.925   0.000   0.000   0.000   0.000   
-452.925   -452.925   0.000   0.000   0.000   0.000   
-452.925   -452.925   0.000   0.000   0.000   0.000   
-452.925   -452.925   0.000   0.000   0.000   -1.000   
-452.925   -452.925   0.000   0.000   0.000   -1.000   
-452.925   -452.925   0.000   0.000   0.000   -1.000   
-452.925   -452.925   0.000   0.000   0.000   0.000   
-452.925   -452.925   0.000   0.000   0.000   0.000   
-452.925   -452.925   0.000   0.000   0.000   -1.000   
-452.925   -452.925   0.000   0.000   0.000   0.000   
-452.925   -452.925   0.000   0.000   0.000   1.000   
-452.925   -452.925   0.000   0.000   0.000   -1.000   
-452.925   -452.925   0.000   0.000   0.000   0.000   
-452.925   -452.925   0.000   0.000   0.000   0.000   
-452.925   -452.925   0.000   0.000   0.000   -1.000   
-452.925   -452.925   0.000   0.000   0.000   -2.000   
-452.925   -452.925   0.000   0.000   0.000   -1.000   
-452.925   -452.925   0.000   0.000   0.000   0.000   
-452.925   -452.925   0.000   0.000   0.000   -1.000   
-452.925   -452.925   0.000   0.000   0.000   0.000   
-452.925   -452.925   0.000   0.000   0.000   0.000   
-452.925   -452.925   0.000   0.000   0.000   -1.000   
-452.925   -452.925   0.000   0.000   0.000   -1.000   
-452.925   -452.925   0.000   0.000   0.000   0.000   
-452.925   -452.925   0.000   0.000   0.000   -1.000   
-452.925   -452.925   0.000   0.000   0.000   -1.000   
-452.925   -452.925   0.000   0.000   0.000   -1.000   
-452.925   -452.925   0.000   0.000   0.000   0.000   
-452.925   -452.925   0.000   0.000   0.000   -1.000   
-452.925   -452.925   0.000   0.000   0.000   -3.000   
-452.925   -452.925   0.000   0.000   0.000   -1.000   
-452.925   -452.925   0.000   0.000   0.000   -2.000   
-452.925   -452.925   0.000   0.000   0.000   1.000   
-452.925   -452.925   0.000   0.000   0.000   0.000   
-452.925   -452.925   0.000   0.000   0.000   -1.000   
-452.925   -452.925   0.000   0.000   0.000   -1.000   
-452.925   -452.925   0.000   0.000   0.000   -1.000   
-452.925   -452.925   0.000   0.000   0.000   -1.000   
-452.925   -452.925   0.000   0.000   0.000   -1.000   
-452.925   -452.925   0.000   0.000   0.000   -2.000   
-452.925   -452.925   0.000   0.000   0.000   -1.000   
-452.925   -452.925   0.000   0.000   0.000   -2.000   
-452.925   -452.925   0.000   0.000   0.000   -1.000   
-452.925   -452.925   0.000   0.000   0.000   0.000   
-452.925   -452.925   0.000   0.000   0.000   -1.000   
-452.925   -452.925   0.000   0.000   0.000   -1.000   
-452.925   -452.925   0.000   0.000   0.000   0.000   
-452.925   -452.925   0.000   0.000   0.000   -1.000   
-452.925   -452.925   0.000   0.000   0.000   -2.000   
-452.925   -452.925   0.000   0.000   0.000   -1.000   
-452.925   -452.925   0.000   0.000   0.000   -1.000   
-452.925   -452.925   0.000   0.000   0.000   -1.000   
-452.925   -452.925   0.000   0.000   0.000   -2.000   
-452.925   -452.925   0.000   0.000   0.000   -1.000   
-452.925   -452.925   0.000   0.000   0.000   -2.000   
-452.925   -452.925   0.000   0.000   0.000   -1.000   
-452.925   -452.925   0.000   0.000   0.000   0.000   
-452.925   -452.925   0.000   0.000   0.000   -1.000   
-452.925   -452.925   0.000   0.000   0.000   -1.000   
-452.925   -452.925   0.000   0.000   0.000   -2.000   
-452.925   -452.925   0.000   0.000   0.000   -1.000   
-452.925   -452.925   0.000   0.000   0.000   -1.000   
-452.925   -452.925   0.000   0.000   0.000   -1.000   
-452.925   -452.925   0.000   0.000   0.000   -1.000   
-452.925   -452.925   0.000   0.000   0.000   -1.000   
-452.925   -452.925   0.000   0.000   0.000   -1.000   
-452.925   -452.925   0.000   0.000   0.000   -1.000   
-452.925   -452.925   0.000   0.000   0.000   -1.000   
-452.925   -452.925   0.000   0.000   0.000   -1.000   
-452.925   -452.925   0.000   0.000   0.000   -1.000   
-452.925   -452.925   0.000   0.000   0.000   -2.000   
-452.925   -452.925   0.000   0.000   0.000   -1.000   
-452.925   -452.925   0.000   0.000   0.000   -1.000   
-452.925   -452.925   0.000   0.000   0.000   -1.000   
-452.925   -452.925   0.000   0.000   0.000   -3.000   
-452.925   -452.925   0.000   0.000   0.000   -1.000   
-452.925   -452.925   0.000   0.000   0.000   -2.000   
-452.925   -452.925   0.000   0.000   0.000   -3.000   
-452.925   -452.925   0.000   0.000   0.000   -2.000   
-452.925   -452.925   0.000   0.000   0.000   -1.000   
-452.925   -452.925   0.000   0.000   0.000   -1.000   
-452.925   -452.925   0.000   0.000   0.000   -1.000   
-452.925   -452.925   0.000   0.000   0.000   -1.000   
-452.925   -452.925   0.000   0.000   0.000   -1.000   
-452.925   -452.925   0.000   0.000   0.000   -1.000   
-452.925   -452.925   0.000   0.000   0.000   -2.000   
-452.925   -452.925   0.000   0.000   0.000   -1.000   
-452.925   -452.925   0.000   0.000   0.000   -2.000   
-452.925   -452.925   0.000   0.000   0.000   -2.000   
-452.925   -452.925   0.000   0.000   0.000   -2.000   
-452.925   -452.925   0.000   0.000   0.000   -3.000   
-452.925   -452.925   0.000   0.000   0.000   -2.000   
-452.925   -452.925   0.000   0.000   0.000   -2.000   
-452.925   -452.925   0.000   0.000   0.000   -2.000   
-452.925   -452.925   0.000   0.000   0.000   -2.000   
-452.925   -452.925   0.000   0.000   0.000   -2.000   
-452.925   -452.925   0.000   0.000   0.000   -1.000   
-452.925   -452.925   0.000   0.000   0.000   -2.000   
-452.925   -452.925   0.000   0.000   0.000   -2.000   
-452.925   -452.925   0.000   0.000   0.000   -1.000   
-452.925   -452.925   0.000   0.000   0.000   -2.000   
-452.925   -452.925   0.000   0.000   0.000   -1.000   
-452.925   -452.925   0.000   0.000   0.000   -1.000   
-452.925   -452.925   0.000   0.000   0.000   -2.000   
-452.925   -452.925   0.000   0.000   0.000   -2.000   
-452.925   -452.925   0.000   0.000   0.000   -1.000   
-452.925   -452.925   0.000   0.000   0.000   -1.000   
-452.925   -452.925   0.000   0.000   0.000   -1.000   
-452.925   -452.925   0.000   0.000   0.000   -2.000   
-452.925   -452.925   0.000   0.000   0.000   -2.000   
-452.925   -452.925   0.000   0.000   0.000   -2.000   
-452.925   -452.925   0.000   0.000   0.000   -2.000   
-452.925   -452.925   0.000   0.000   0.000   -1.000   
-452.925   -452.925   0.000   0.000   0.000   -2.000   
-452.925   -452.925   0.000   0.000   0.000   -2.000   
-452.925   -452.925   0.000   0.000   0.000   -6.000   
-452.925   -452.925   0.000   0.000   0.000   -6.000   
-452.925   -452.925   0.000   0.000   0.000   -6.000   
-452.925   -452.925   0.000   0.000   0.000   -7.000   
-452.925   -452.925   0.000   0.000   0.000   -6.000   
-452.925   -452.925   0.000   0.000   0.000   -6.000   
-452.925   -452.925   0.000   0.000   0.000   -7.000   
-452.925   -452.925   0.000   0.000   0.000   -5.000   
-452.925   -452.925   0.000   0.000   0.000   -7.000   
-452.925   -452.925   0.000   0.000   0.000   -5.000   
-452.925   -452.925   0.000   0.000   0.000   -7.000   
-452.925   -452.925   0.000   0.000   0.000   -6.000   
-452.925   -452.925   0.000   0.000   0.000   -7.000   
-452.925   -452.925   0.000   0.000   0.000   -6.000   
-452.925   -452.925   0.000   0.000   0.000   -7.000   
-452.925   -452.925   0.000   0.000   0.000   -6.000   
-452.925   -452.925   0.000   0.000   0.000   -7.000   
-452.925   -452.925   0.000   0.000   0.000   -6.000   
-452.925   -452.925   0.000   0.000   0.000   -5.000   
-452.925   -452.925   0.000   0.000   0.000   -6.000   
-452.925   -452.925   0.000   0.000   0.000   -6.000   
-452.925   -452.925   0.000   0.000   0.000   -6.000   
-452.925   -452.925   0.000   0.000   0.000   -6.000   
-452.925   -452.925   0.000   0.000   0.000   -6.000   
-452.925   -452.925   0.000   0.000   0.000   -6.000   
-452.925   -452.925   0.000   0.000   0.000   -7.000   
-452.925   -452.925   0.000   0.000   0.000   -6.000   
-452.925   -452.925   0.000   0.000   0.000   -7.000   
-452.925   -452.925   0.000   0.000   0.000   -6.000   
-452.925   -452.925   0.000   0.000   0.000   -6.000   
-452.925   -452.925   0.000   0.000   0.000   -7.000   
-452.925   -452.925   0.000   0.000   0.000   -8.000   
-452.925   -452.925   0.000   0.000   0.000   -7.000   
-452.925   -452.925   0.000   0.000   0.000   -5.000   
-452.925   -452.925   0.000   0.000   0.000   -6.000   
-452.925   -452.925   0.000   0.000   0.000   -6.000   
-452.925   -452.925   0.000   0.000   0.000   -6.000   
-452.925   -452.925   0.000   0.000   0.000   -6.000   
-452.925   -452.925   0.000   0.000   0.000   -6.000   
-452.925   -452.925   0.000   0.000   0.000   -6.000   
-452.925   -452.925   0.000   0.000   0.000   -7.000   
-452.925   -452.925   0.000   0.000   0.000   -6.000   
-452.925   -452.925   0.000   0.000   0.000   -1.000   
-452.925   -452.925   0.000   0.000   0.000   0.000   
-452.925   -452.925   0.000   0.000   0.000   -1.000   
-452.925   -452.925   0.000   0.000   0.000   -1.000   
-452.925   -452.925   0.000   0.000   0.000   -1.000   
-452.925   -452.925   0.000   0.000   0.000   -1.000   
-452.925   -452.925   0.000   0.000   0.000   -1.000   
-452.925   -452.925   0.000   0.000   0.000   0.000   
-452.925   -452.925   0.000   0.000   0.000   0.000   
-452.925   -452.925   0.000   0.000   0.000   -1.000   
-452.925   -452.925   0.000   0.000   0.000   -1.000   
-452.925   -452.925   0.000   0.000   0.000   0.000   
-452.925   -452.925   0.000   0.000   0.000   -1.000   
-452.925   -452.925   0.000   0.000   0.000   0.000   
-452.925   -452.925   0.000   0.000   0.000   -1.000   
-452.925   -452.925   0.000   0.000   0.000   -1.000   
-452.925   -452.925   0.000   0.000   0.000   -1.000   
-452.925   -452.925   0.000   0.000   0.000   0.000   
-452.925   -452.925   0.000   0.000   0.000   0.000   
-452.925   -452.925   0.000   0.000   0.000   0.000   
-452.925   -452.925   0.000   0.000   0.000   0.000   
-452.925   -452.925   0.000   0.000   0.000   -1.000   
-452.925   -452.925   0.000   0.000   0.000   0.000   
-452.925   -452.925   0.000   0.000   0.000   0.000   
-452.925   -452.925   0.000   0.000   0.000   0.000   
-452.925   -452.925   0.000   0.000   0.000   0.000   
-452.925   -452.925   0.000   0.000   0.000   0.000   
-452.925   -452.925   0.000   0.000   0.000   -1.000   
-452.925   -452.925   0.000   0.000   0.000   -2.000   
-452.925   -452.925   0.000   0.000   0.000   0.000   
-452.925   -452.925   0.000   0.000   0.000   -2.000   
-452.925   -452.925   0.000   0.000   0.000   -1.000   
-452.925   -452.925   0.000   0.000   0.000   -1.000   
-452.925   -452.925   0.000   0.000   0.000   -1.000   
-452.925   -452.925   0.000   0.000   0.000   -1.000   
-452.925   -452.925   0.000   0.000   0.000   -1.000   
-452.925   -452.925   0.000   0.000   0.000   -1.000   
-452.925   -452.925   0.000   0.000   0.000   0.000   
-452.925   -452.925   0.000   0.000   0.000   -1.000   
-452.925   -452.925   0.000   0.000   0.000   -1.000   
-452.925   -452.925   0.000   0.000   0.000   -1.000   
-452.925   -452.925   0.000   0.000   0.000   -1.000   
-452.925   -452.925   0.000   0.000   0.000   -1.000   
-452.925   -452.925   0.000   0.000   0.000   -1.000   
-452.925   -452.925   0.000   0.000   0.000   -2.000   
-452.925   -452.925   0.000   0.000   0.000   0.000   
-452.925   -452.925   0.000   0.000   0.000   -1.000   
-452.925   -452.925   0.000   0.000   0.000   0.000   
-452.925   -452.925   0.000   0.000   0.000   -1.000   
-452.925   -452.925   0.000   0.000   0.000   0.000   
-452.925   -452.925   0.000   0.000   0.000   0.000   
-452.925   -452.925   0.000   0.000   0.000   -1.000   
-452.925   -452.925   0.000   0.000   0.000   -1.000   
-452.925   -452.925   0.000   0.000   0.000   0.000   
-452.925   -452.925   0.000   0.000   0.000   -1.000   
-452.925   -452.925   0.000   0.000   0.000   0.000   
-452.925   -452.925   0.000   0.000   0.000   -1.000   
-452.925   -452.925   0.000   0.000   0.000   -2.000   
-452.925   -452.925   0.000   0.000   0.000   -1.000   
-452.925   -452.925   0.000   0.000   0.000   -1.000   
-452.925   -452.925   0.000   0.000   0.000   -1.000   
-452.925   -452.925   0.000   0.000   0.000   -1.000   
-452.925   -452.925   0.000   0.000   0.000   -1.000   
-452.925   -452.925   0.000   0.000   0.000   -1.000   
-452.925   -452.925   0.000   0.000   0.000   -1.000   
-452.925   -452.925   0.000   0.000   0.000   -1.000   
-452.925   -452.925   0.000   0.000   0.000   -1.000   
-452.925   -452.925   0.000   0.000   0.000   -1.000   
-452.925   -452.925   0.000   0.000   0.000   -1.000   
-452.925   -452.925   0.000   0.000   0.000   -1.000   
-452.925   -452.925   0.000   0.000   0.000   0.000   
-452.925   -452.925   0.000   0.000   0.000   -1.000   
-452.925   -452.925   0.000   0.000   0.000   -1.000   
-452.925   -452.925   0.000   0.000   0.000   -1.000   
-452.925   -452.925   0.000   0.000   0.000   -1.000   
-452.925   -452.925   0.000   0.000   0.000   -1.000   
-452.925   -452.925   0.000   0.000   0.000   -1.000   
-452.925   -452.925   0.000   0.000   0.000   -1.000   
-452.925   -452.925   0.000   0.000   0.000   -1.000   
-452.925   -452.925   0.000   0.000   0.000   -1.000   
-452.925   -452.925   0.000   0.000   0.000   -1.000   
-452.925   -452.925   0.000   0.000   0.000   -1.000   
-452.925   -452.925   0.000   0.000   0.000   -1.000   
-452.925   -452.925   0.000   0.000   0.000   -1.000   
-452.925   -452.925   0.000   0.000   0.000   0.000   
-452.925   -452.925   0.000   0.000   0.000   0.000   
-452.925   -452.925   0.000   0.000   0.000   -1.000   
-452.925   -452.925   0.000   0.000   0.000   -1.000   
-452.925   -452.925   0.000   0.000   0.000   -1.000   
-452.925   -452.925   0.000   0.000   0.000   -1.000   
-452.925   -452.925   0.000   0.000   0.000   -1.000   
-452.925   -452.925   0.000   0.000   0.000   -1.000   
-452.925   -452.925   0.000   0.000   0.000   -3.000   
-452.925   -452.925   0.000   0.000   0.000   -2.000   
-452.925   -452.925   0.000   0.000   0.000   -1.000   
-452.925   -452.925   0.000   0.000   0.000   -1.000   
-452.925   -452.925   0.000   0.000   0.000   -1.000   
-452.925   -452.925   0.000   0.000   0.000   -1.000   
-452.925   -452.925   0.000   0.000   0.000   -1.000   
-452.925   -452.925   0.000   0.000   0.000   -2.000   
-452.925   -452.925   0.000   0.000   0.000   -1.000   
-452.925   -452.925   0.000   0.000   0.000   -1.000   
-452.925   -452.925   0.000   0.000   0.000   -1.000   
-452.925   -452.925   0.000   0.000   0.000   -1.000   
-452.925   -452.925   0.000   0.000   0.000   -1.000   
-452.925   -452.925   0.000   0.000   0.000   -1.000   
-452.925   -452.925   0.000   0.000   0.000   1.000   
-452.925   -452.925   0.000   0.000   0.000   -1.000   
-452.925   -452.925   0.000   0.000   0.000   -1.000   
-452.925   -452.925   0.000   0.000   0.000   -1.000   
-452.925   -452.925   0.000   0.000   0.000   -1.000   
-452.925   -452.925   0.000   0.000   0.000   -1.000   
-452.925   -452.925   0.000   0.000   0.000   -1.000   
-452.925   -452.925   0.000   0.000   0.000   -1.000   
-452.925   -452.925   0.000   0.000   0.000   -1.000   
-452.925   -452.925   0.000   0.000   0.000   -1.000   
-452.925   -452.925   0.000   0.000   0.000   0.000   
-452.925   -452.925   0.000   0.000   0.000   -1.000   
-452.925   -452.925   0.000   0.000   0.000   -1.000   
-452.925   -452.925   0.000   0.000   0.000   1.000   
-452.925   -452.925   0.000   0.000   0.000   -1.000   
-452.925   -452.925   0.000   0.000   0.000   -1.000   
-452.925   -452.925   0.000   0.000   0.000   0.000   
-452.925   -452.925   0.000   0.000   0.000   -1.000   
-452.925   -452.925   0.000   0.000   0.000   1.000   
-452.925   -452.925   0.000   0.000   0.000   -1.000   
-452.925   -452.925   0.000   0.000   0.000   -1.000   
-452.925   -452.925   0.000   0.000   0.000   7.000   
-452.925   -452.925   0.000   0.000   0.000   7.000   
-452.925   -452.925   0.000   0.000   0.000   8.000   
-452.925   -452.925   0.000   0.000   0.000   7.000   
-452.925   -452.925   0.000   0.000   0.000   7.000   
-452.925   -452.925   0.000   0.000   0.000   7.000   
-452.925   -452.925   0.000   0.000   0.000   7.000   
-452.925   -452.925   0.000   0.000   0.000   7.000   
-452.925   -452.925   0.000   0.000   0.000   7.000   
-452.925   -452.925   0.000   0.000   0.000   7.000   
-452.925   -452.925   0.000   0.000   0.000   6.000   
-452.925   -452.925   0.000   0.000   0.000   7.000   
-452.925   -452.925   0.000   0.000   0.000   7.000   
-452.925   -452.925   0.000   0.000   0.000   7.000   
-452.925   -452.925   0.000   0.000   0.000   7.000   
-452.925   -452.925   0.000   0.000   0.000   7.000   
-452.925   -452.925   0.000   0.000   0.000   7.000   
-452.925   -452.925   0.000   0.000   0.000   7.000   
-452.925   -452.925   0.000   0.000   0.000   6.000   
-452.925   -452.925   0.000   0.000   0.000   7.000   
-452.925   -452.925   0.000   0.000   0.000   8.000   
-452.925   -452.925   0.000   0.000   0.000   7.000   
-452.925   -452.925   0.000   0.000   0.000   7.000   
-452.925   -452.925   0.000   0.000   0.000   7.000   
-452.925   -452.925   0.000   0.000   0.000   8.000   
-452.925   -452.925   0.000   0.000   0.000   7.000   
-452.925   -452.925   0.000   0.000   0.000   8.000   
-452.925   -452.925   0.000   0.000   0.000   7.000   
-452.925   -452.925   0.000   0.000   0.000   7.000   
-452.925   -452.925   0.000   0.000   0.000   7.000   
-452.925   -452.925   0.000   0.000   0.000   7.000   
-452.925   -452.925   0.000   0.000   0.000   7.000   
-452.925   -452.925   0.000   0.000   0.000   7.000   
-452.925   -452.925   0.000   0.000   0.000   7.000   
-452.925   -452.925   0.000   0.000   0.000   7.000   
-452.925   -452.925   0.000   0.000   0.000   8.000   
-452.925   -452.925   0.000   0.000   0.000   8.000   
-452.925   -452.925   0.000   0.000   0.000   7.000   
-452.925   -452.925   0.000   0.000   0.000   8.000   
-452.925   -452.925   0.000   0.000   0.000   7.000   
-452.925   -452.925   0.000   0.000   0.000   7.000   
-452.925   -452.925   0.000   0.000   0.000   7.000   
-452.925   -452.925   0.000   0.000   0.000   0.000   
-452.925   -452.925   0.000   0.000   0.000   0.000   
-452.925   -452.925   0.000   0.000   0.000   0.000   
-452.925   -452.925   0.000   0.000   0.000   0.000   
-452.925   -452.925   0.000   0.000   0.000   0.000   
-452.925   -452.925   0.000   0.000   0.000   -1.000   
-452.925   -452.925   0.000   0.000   0.000   -1.000   
-452.925   -452.925   0.000   0.000   0.000   -2.000   
-452.925   -452.925   0.000   0.000   0.000   -1.000   
-452.925   -452.925   0.000   0.000   0.000   0.000   
-452.925   -452.925   0.000   0.000   0.000   -1.000   
-452.925   -452.925   0.000   0.000   0.000   -1.000   
-452.925   -452.925   0.000   0.000   0.000   -2.000   
-452.925   -452.925   0.000   0.000   0.000   -1.000   
-452.925   -452.925   0.000   0.000   0.000   -1.000   
-452.925   -452.925   0.000   0.000   0.000   -1.000   
-452.925   -452.925   0.000   0.000   0.000   -1.000   
-452.925   -452.925   0.000   0.000   0.000   -1.000   
-452.925   -452.925   0.000   0.000   0.000   -1.000   
-452.925   -452.925   0.000   0.000   0.000   0.000   
-452.925   -452.925   0.000   0.000   0.000   -1.000   
-452.925   -452.925   0.000   0.000   0.000   -1.000   
-452.925   -452.925   0.000   0.000   0.000   -2.000   
-452.925   -452.925   0.000   0.000   0.000   0.000   
-452.925   -452.925   0.000   0.000   0.000   0.000   
-452.925   -452.925   0.000   0.000   0.000   -1.000   
-452.925   -452.925   0.000   0.000   0.000   -1.000   
-452.925   -452.925   0.000   0.000   0.000   -1.000   
-452.925   -452.925   0.000   0.000   0.000   0.000   
-452.925   -452.925   0.000   0.000   0.000   -1.000   
-452.925   -452.925   0.000   0.000   0.000   -1.000   
-452.925   -452.925   0.000   0.000   0.000   -1.000   
-452.925   -452.925   0.000   0.000   0.000   -1.000   
-452.925   -452.925   0.000   0.000   0.000   0.000   
-452.925   -452.925   0.000   0.000   0.000   -1.000   
-452.925   -452.925   0.000   0.000   0.000   -1.000   
-452.925   -452.925   0.000   0.000   0.000   0.000   
-452.925   -452.925   0.000   0.000   0.000   -1.000   
-452.925   -452.925   0.000   0.000   0.000   -1.000   
-452.925   -452.925   0.000   0.000   0.000   0.000   
-452.925   -452.925   0.000   0.000   0.000   -1.000   
-452.925   -452.925   0.000   0.000   0.000   -1.000   
-452.925   -452.925   0.000   0.000   0.000   -1.000   
-452.925   -452.925   0.000   0.000   0.000   -1.000   
-452.925   -452.925   0.000   0.000   0.000   -1.000   
-452.925   -452.925   0.000   0.000   0.000   -1.000   
-452.925   -452.925   0.000   0.000   0.000   -1.000   
-452.925   -452.925   0.000   0.000   0.000   1.000   
-452.925   -452.925   0.000   0.000   0.000   -3.000   
-452.925   -452.925   0.000   0.000   0.000   -1.000   
-452.925   -452.925   0.000   0.000   0.000   -1.000   
-452.925   -452.925   0.000   0.000   0.000   0.000   
-452.925   -452.925   0.000   0.000   0.000   -1.000   
-452.925   -452.925   0.000   0.000   0.000   -1.000   
-452.925   -452.925   0.000   0.000   0.000   -1.000   
-452.925   -452.925   0.000   0.000   0.000   -1.000   
-452.925   -452.925   0.000   0.000   0.000   -1.000   
-452.925   -452.925   0.000   0.000   0.000   -1.000   
-452.925   -452.925   0.000   0.000   0.000   -1.000   
-452.925   -452.925   0.000   0.000   0.000   -1.000   
-452.925   -452.925   0.000   0.000   0.000   0.000   
-452.925   -452.925   0.000   0.000   0.000   -1.000   
-452.925   -452.925   0.000   0.000   0.000   -1.000   
-452.925   -452.925   0.000   0.000   0.000   -1.000   
-452.925   -452.925   0.000   0.000   0.000   -1.000   
-452.925   -452.925   0.000   0.000   0.000   -1.000   
-452.925   -452.925   0.000   0.000   0.000   -1.000   
-452.925   -452.925   0.000   0.000   0.000   -1.000   
-452.925   -452.925   0.000   0.000   0.000   -1.000   
-452.925   -452.925   0.000   0.000   0.000   -1.000   
-452.925   -452.925   0.000   0.000   0.000   -2.000   
-452.925   -452.925   0.000   0.000   0.000   -2.000   
-452.925   -452.925   0.000   0.000   0.000   -2.000   
-452.925   -452.925   0.000   0.000   0.000   -2.000   
-452.925   -452.925   0.000   0.000   0.000   -1.000   
-452.925   -452.925   0.000   0.000   0.000   -2.000   
-452.925   -452.925   0.000   0.000   0.000   -1.000   
-452.925   -452.925   0.000   0.000   0.000   -1.000   
-452.925   -452.925   0.000   0.000   0.000   -1.000   
-452.925   -452.925   0.000   0.000   0.000   -1.000   
-452.925   -452.925   0.000   0.000   0.000   -1.000   
-452.925   -452.925   0.000   0.000   0.000   -2.000   
-452.925   -452.925   0.000   0.000   0.000   -1.000   
-452.925   -452.925   0.000   0.000   0.000   -2.000   
-452.925   -452.925   0.000   0.000   0.000   -2.000   
-452.925   -452.925   0.000   0.000   0.000   -1.000   
-452.925   -452.925   0.000   0.000   0.000   -1.000   
-452.925   -452.925   0.000   0.000   0.000   -1.000   
-452.925   -452.925   0.000   0.000   0.000   -2.000   
-452.925   -452.925   0.000   0.000   0.000   -2.000   
-452.925   -452.925   0.000   0.000   0.000   -1.000   
-452.925   -452.925   0.000   0.000   0.000   -2.000   
-452.925   -452.925   0.000   0.000   0.000   -2.000   
-452.925   -452.925   0.000   0.000   0.000   -2.000   
-452.925   -452.925   0.000   0.000   0.000   0.000   
-452.925   -452.925   0.000   0.000   0.000   -1.000   
-452.925   -452.925   0.000   0.000   0.000   -3.000   
-452.925   -452.925   0.000   0.000   0.000   -2.000   
-452.925   -452.925   0.000   0.000   0.000   -2.000   
-452.925   -452.925   0.000   0.000   0.000   -1.000   
-452.925   -452.925   0.000   0.000   0.000   -2.000   
-452.925   -452.925   0.000   0.000   0.000   -2.000   
-452.925   -452.925   0.000   0.000   0.000   -2.000   
-452.925   -452.925   0.000   0.000   0.000   -2.000   
-452.925   -452.925   0.000   0.000   0.000   -1.000   
-452.925   -452.925   0.000   0.000   0.000   -2.000   
-452.925   -452.925   0.000   0.000   0.000   -2.000   
-452.925   -452.925   0.000   0.000   0.000   0.000   
-452.925   -452.925   0.000   0.000   0.000   -2.000   
-452.925   -452.925   0.000   0.000   0.000   -1.000   
-452.925   -452.925   0.000   0.000   0.000   -1.000   
-452.925   -452.925   0.000   0.000   0.000   -1.000   
-452.925   -452.925   0.000   0.000   0.000   -1.000   
-452.925   -452.925   0.000   0.000   0.000   -2.000   
-452.925   -452.925   0.000   0.000   0.000   -1.000   
-452.925   -452.925   0.000   0.000   0.000   -2.000   
-452.925   -452.925   0.000   0.000   0.000   -2.000   
-452.925   -452.925   0.000   0.000   0.000   -1.000   
-452.925   -452.925   0.000   0.000   0.000   -2.000   
-452.925   -452.925   0.000   0.000   0.000   -1.000   
-452.925   -452.925   0.000   0.000   0.000   -2.000   
-452.925   -452.925   0.000   0.000   0.000   -2.000   
-452.925   -452.925   0.000   0.000   0.000   -1.000   
-452.925   -452.925   0.000   0.000   0.000   -1.000   
-452.925   -452.925   0.000   0.000   0.000   -1.000   
-452.925   -452.925   0.000   0.000   0.000   -2.000   
-452.925   -452.925   0.000   0.000   0.000   -1.000   
-452.925   -452.925   0.000   0.000   0.000   -10.000   
-452.925   -452.925   0.000   0.000   0.000   -8.000   
-452.925   -452.925   0.000   0.000   0.000   -9.000   
-452.925   -452.925   0.000   0.000   0.000   -10.000   
-452.925   -452.925   0.000   0.000   0.000   -10.000   
-452.925   -452.925   0.000   0.000   0.000   -8.000   
-452.925   -452.925   0.000   0.000   0.000   -10.000   
-452.925   -452.925   0.000   0.000   0.000   -7.000   
-452.925   -452.925   0.000   0.000   0.000   -9.000   
-452.925   -452.925   0.000   0.000   0.000   -8.000   
-452.925   -452.925   0.000   0.000   0.000   -8.000   
-452.925   -452.925   0.000   0.000   0.000   -8.000   
-452.925   -452.925   0.000   0.000   0.000   -10.000   
-452.925   -452.925   0.000   0.000   0.000   -9.000   
-452.925   -452.925   0.000   0.000   0.000   -8.000   
-452.925   -452.925   0.000   0.000   0.000   -10.000   
-452.925   -452.925   0.000   0.000   0.000   -8.000   
-452.925   -452.925   0.000   0.000   0.000   -9.000   
-452.925   -452.925   0.000   0.000   0.000   -8.000   
-452.925   -452.925   0.000   0.000   0.000   -10.000   
-452.925   -452.925   0.000   0.000   0.000   -7.000   
-452.925   -452.925   0.000   0.000   0.000   -8.000   
-452.925   -452.925   0.000   0.000   0.000   -9.000   
-452.925   -452.925   0.000   0.000   0.000   -10.000   
-452.925   -452.925   0.000   0.000   0.000   -10.000   
-452.925   -452.925   0.000   0.000   0.000   -10.000   
-452.925   -452.925   0.000   0.000   0.000   -7.000   
-452.925   -452.925   0.000   0.000   0.000   -8.000   
-452.925   -452.925   0.000   0.000   0.000   -7.000   
-452.925   -452.925   0.000   0.000   0.000   -8.000   
-452.925   -452.925   0.000   0.000   0.000   -10.000   
-452.925   -452.925   0.000   0.000   0.000   -8.000   
-452.925   -452.925   0.000   0.000   0.000   -10.000   
-452.925   -452.925   0.000   0.000   0.000   -9.000   
-452.925   -452.925   0.000   0.000   0.000   -11.000   
-452.925   -452.925   0.000   0.000   0.000   -9.000   
-452.925   -452.925   0.000   0.000   0.000   -10.000   
-452.925   -452.925   0.000   0.000   0.000   -10.000   
-452.925   -452.925   0.000   0.000   0.000   -10.000   
-452.925   -452.925   0.000   0.000   0.000   -10.000   
-452.925   -452.925   0.000   0.000   0.000   -10.000   
-452.925   -452.925   0.000   0.000   0.000   -10.000   
-452.925   -452.925   0.000   0.000   0.000   -2.000   
-452.925   -452.925   0.000   0.000   0.000   -1.000   
-452.925   -452.925   0.000   0.000   0.000   -1.000   
-452.925   -452.925   0.000   0.000   0.000   -1.000   
-452.925   -452.925   0.000   0.000   0.000   -1.000   
-452.925   -452.925   0.000   0.000   0.000   0.000   
-452.925   -452.925   0.000   0.000   0.000   -1.000   
-452.925   -452.925   0.000   0.000   0.000   0.000   
-452.925   -452.925   0.000   0.000   0.000   -1.000   
-452.925   -452.925   0.000   0.000   0.000   -1.000   
-452.925   -452.925   0.000   0.000   0.000   0.000   
-452.925   -452.925   0.000   0.000   0.000   -1.000   
-452.925   -452.925   0.000   0.000   0.000   -2.000   
-452.925   -452.925   0.000   0.000   0.000   -1.000   
-452.925   -452.925   0.000   0.000   0.000   0.000   
-452.925   -452.925   0.000   0.000   0.000   -1.000   
-452.925   -452.925   0.000   0.000   0.000   0.000   
-452.925   -452.925   0.000   0.000   0.000   -2.000   
-452.925   -452.925   0.000   0.000   0.000   0.000   
-452.925   -452.925   0.000   0.000   0.000   0.000   
-452.925   -452.925   0.000   0.000   0.000   -1.000   
-452.925   -452.925   0.000   0.000   0.000   -1.000   
-452.925   -452.925   0.000   0.000   0.000   0.000   
-452.925   -452.925   0.000   0.000   0.000   0.000   
-452.925   -452.925   0.000   0.000   0.000   0.000   
-452.925   -452.925   0.000   0.000   0.000   0.000   
-452.925   -452.925   0.000   0.000   0.000   0.000   
-452.925   -452.925   0.000   0.000   0.000   -1.000   
-452.925   -452.925   0.000   0.000   0.000   -1.000   
-452.925   -452.925   0.000   0.000   0.000   -1.000   
-452.925   -452.925   0.000   0.000   0.000   -1.000   
-452.925   -452.925   0.000   0.000   0.000   0.000   
-452.925   -452.925   0.000   0.000   0.000   0.000   
-452.925   -452.925   0.000   0.000   0.000   -1.000   
-452.925   -452.925   0.000   0.000   0.000   -1.000   
-452.925   -452.925   0.000   0.000   0.000   0.000   
-452.925   -452.925   0.000   0.000   0.000   -1.000   
-452.925   -452.925   0.000   0.000   0.000   0.000   
-452.925   -452.925   0.000   0.000   0.000   -1.000   
-452.925   -452.925   0.000   0.000   0.000   0.000   
-452.925   -452.925   0.000   0.000   0.000   0.000   
-452.925   -452.925   0.000   0.000   0.000   0.000   
-452.925   -452.925   0.000   0.000   0.000   -1.000   
-452.925   -452.925   0.000   0.000   0.000   -1.000   
-452.925   -452.925   0.000   0.000   0.000   -1.000   
-452.925   -452.925   0.000   0.000   0.000   -2.000   
-452.925   -452.925   0.000   0.000   0.000   0.000   
-452.925   -452.925   0.000   0.000   0.000   0.000   
-452.925   -452.925   0.000   0.000   0.000   -1.000   
-452.925   -452.925   0.000   0.000   0.000   -1.000   
-452.925   -452.925   0.000   0.000   0.000   -1.000   
-452.925   -452.925   0.000   0.000   0.000   -1.000   
-452.925   -452.925   0.000   0.000   0.000   -1.000   
-452.925   -452.925   0.000   0.000   0.000   -2.000   
-452.925   -452.925   0.000   0.000   0.000   0.000   
-452.925   -452.925   0.000   0.000   0.000   -1.000   
-452.925   -452.925   0.000   0.000   0.000   -1.000   
-452.925   -452.925   0.000   0.000   0.000   -2.000   
-452.925   -452.925   0.000   0.000   0.000   -1.000   
-452.925   -452.925   0.000   0.000   0.000   0.000   
-452.925   -452.925   0.000   0.000   0.000   -1.000   
-452.925   -452.925   0.000   0.000   0.000   -1.000   
-452.925   -452.925   0.000   0.000   0.000   -1.000   
-452.925   -452.925   0.000   0.000   0.000   -1.000   
-452.925   -452.925   0.000   0.000   0.000   -1.000   
-452.925   -452.925   0.000   0.000   0.000   0.000   
-452.925   -452.925   0.000   0.000   0.000   -1.000   
-452.925   -452.925   0.000   0.000   0.000   -1.000   
-452.925   -452.925   0.000   0.000   0.000   -1.000   
-452.925   -452.925   0.000   0.000   0.000   0.000   
-452.925   -452.925   0.000   0.000   0.000   -2.000   
-452.925   -452.925   0.000   0.000   0.000   -1.000   
-452.925   -452.925   0.000   0.000   0.000   0.000   
-452.925   -452.925   0.000   0.000   0.000   0.000   
-452.925   -452.925   0.000   0.000   0.000   -2.000   
-452.925   -452.925   0.000   0.000   0.000   0.000   
-452.925   -452.925   0.000   0.000   0.000   -1.000   
-452.925   -452.925   0.000   0.000   0.000   -1.000   
-452.925   -452.925   0.000   0.000   0.000   0.000   
-452.920   -452.925   0.001   2.080   0.000   -1.000   
-452.910   -452.925   0.003   4.165   0.000   -1.000   
-452.875   -452.925   0.016   7.285   0.030   -126.000   
-452.845   -452.920   0.037   8.330   0.560   -24.000   
-452.795   -452.905   0.070   8.330   3.150   -512.000   
-452.760   -452.880   0.087   8.330   5.985   -167.000   
-452.710   -452.830   0.097   8.330   7.730   -443.000   
-452.680   -452.790   0.094   8.330   9.840   100.000   
-452.645   -452.730   0.086   8.330   9.455   84.000   
-452.595   -452.695   0.082   8.330   9.400   536.000   
-452.560   -452.660   0.081   8.330   8.635   348.000   
-452.510   -452.610   0.080   8.330   8.340   -79.000   
-452.480   -452.575   0.080   8.330   8.435   35.000   
-452.430   -452.525   0.080   8.330   8.360   14.000   
-452.395   -452.495   0.080   8.330   8.320   -44.000   
-452.345   -452.445   0.080   8.330   8.320   -40.000   
-452.310   -452.410   0.080   8.330   8.350   16.000   
-452.280   -452.375   0.080   8.330   8.320   10.000   
-452.230   -452.325   0.080   8.330   8.320   12.000   
-452.195   -452.295   0.080   8.330   8.350   29.000   
-452.145   -452.245   0.080   8.330   8.330   13.000   
-452.110   -452.210   0.080   8.330   8.350   15.000   
-452.060   -452.160   0.080   8.330   8.320   35.000   
-452.030   -452.125   0.080   8.330   8.350   17.000   
-451.995   -452.075   0.080   8.330   8.320   -3.000   
-451.945   -452.045   0.080   8.330   8.350   11.000   
-451.910   -452.010   0.080   8.330   8.320   8.000   
-451.860   -451.960   0.080   8.330   8.320   -46.000   
-451.830   -451.925   0.080   8.330   8.350   16.000   
-451.780   -451.875   0.080   8.330   8.320   14.000   
-451.745   -451.845   0.080   8.330   8.320   -48.000   
-451.695   -451.795   0.080   8.330   8.320   -50.000   
-451.660   -451.760   0.080   8.330   8.350   11.000   
-451.630   -451.710   0.080   8.330   8.330   -39.000   
-451.580   -451.675   0.080   8.330   8.330   37.000   
-451.545   -451.645   0.080   8.330   8.330   12.000   
-451.495   -451.595   0.080   8.330   8.330   1.000   
-451.460   -451.560   0.080   8.330   8.330   35.000   
-451.410   -451.510   0.080   8.330   8.350   36.000   
-451.380   -451.475   0.080   8.330   8.320   14.000   
-451.330   -451.425   0.080   8.330   8.320   -3.000   
-451.295   -451.395   0.080   8.330   8.350   18.000   
-451.260   -451.345   0.080   8.330   8.320   12.000   
-451.210   -451.310   0.080   8.330   8.320   -44.000   
-451.180   -451.275   0.080   8.330   8.360   14.000   
-451.130   -451.225   0.080   8.330   8.350   11.000   
-451.095   -451.195   0.080   8.330   8.320   -42.000   
-451.045   -451.145   0.080   8.330   8.320   -45.000   
-451.010   -451.110   0.080   8.330   8.360   13.000   
-450.960   -451.060   0.080   8.330   8.300   -41.000   
-450.930   -451.025   0.080   8.330   8.340   30.000   
-450.895   -450.975   0.080   8.330   8.350   5.000   
-450.845   -450.945   0.080   8.330   8.320   -7.000   
-450.810   -450.910   0.080   8.330   8.350   -41.000   
-450.760   -450.860   0.080   8.330   8.320   46.000   
-450.730   -450.825   0.080   8.330   8.360   22.000   
-450.680   -450.775   0.080   8.330   8.320   -5.000   
-450.645   -450.745   0.080   8.330   8.350   16.000   
-450.595   -450.695   0.080   8.330   8.340   18.000   
-450.560   -450.660   0.080   8.330   8.330   -36.000   
-450.530   -450.625   0.080   8.330   8.350   16.000   
-450.480   -450.575   0.080   8.330   8.320   6.000   
-450.445   -450.545   0.080   8.330   8.320   10.000   
-450.395   -450.495   0.080   8.330   8.320   6.000   
-450.360   -450.460   0.080   8.330   8.350   7.000   
-450.310   -450.410   0.080   8.330   8.320   6.000   
-450.280   -450.375   0.080   8.330   8.350   38.000   
-450.245   -450.325   0.080   8.330   8.340   16.000   
-450.195   -450.295   0.080   8.330   8.330   4.000   
-450.160   -450.260   0.080   8.330   8.320   -42.000   
-450.110   -450.210   0.080   8.330   8.360   43.000   
-450.080   -450.175   0.080   8.330   8.320   20.000   
-450.030   -450.125   0.080   8.330   8.330   79.000   
-449.995   -450.095   0.080   8.330   8.340   8.000   
-449.945   -450.045   0.080   8.330   8.330   5.000   
-449.910   -450.010   0.080   8.330   8.340   7.000   
-449.880   -449.960   0.080   8.330   8.320   23.000   
-449.830   -449.925   0.080   8.330   8.360   12.000   
-449.795   -449.895   0.080   8.330   8.320   18.000   
-449.745   -449.845   0.080   8.330   8.340   20.000   
-449.710   -449.810   0.080   8.330   8.330   13.000   
-449.660   -449.760   0.080   8.330   8.330   2.000   
-449.630   -449.725   0.080   8.330   8.320   39.000   
-449.580   -449.675   0.080   8.330   8.360   21.000   
-449.545   -449.645   0.080   8.330   8.320   -6.000   
-449.510   -449.595   0.080   8.330   8.340   -43.000   
-449.460   -449.560   0.080   8.330   8.350   8.000   
-449.430   -449.525   0.080   8.330   8.320   4.000   
-449.380   -449.475   0.080   8.330   8.350   11.000   
-449.345   -449.445   0.080   8.330   8.320   15.000   
-449.295   -449.395   0.080   8.330   8.360   26.000   
-449.260   -449.360   0.080   8.330   8.320   21.000   
-449.210   -449.310   0.080   8.330   8.340   38.000   
-449.180   -449.275   0.080   8.330   8.330   24.000   
-449.145   -449.245   0.080   8.330   8.320   21.000   
-449.095   -449.195   0.080   8.330   8.350   -44.000   
-449.060   -449.160   0.080   8.330   8.300   11.000   
-449.010   -449.110   0.080   8.330   8.340   -35.000   
-448.980   -449.075   0.080   8.330   8.350   20.000   
-448.930   -449.025   0.080   8.330   8.350   19.000   
-448.895   -448.995   0.080   8.330   8.320   -36.000   
-448.845   -448.945   0.080   8.330   8.320   -43.000   
-448.810   -448.910   0.080   8.330   8.360   21.000   
-448.780   -448.875   0.080   8.330   8.320   18.000   
-448.730   -448.825   0.080   8.330   8.320   25.000   
-448.695   -448.795   0.079   8.330   8.340   39.000   
-448.645   -448.745   0.078   8.330   8.330   29.000   
-448.615   -448.710   0.080   8.330   8.320   210.000   
-448.565   -448.660   0.080   8.330   8.055   212.000   
-448.530   -448.630   0.080   8.330   8.475   553.000   
-448.495   -448.580   0.081   8.330   8.280   610.000   
-448.445   -448.545   0.080   8.330   8.150   -364.000   
-448.415   -448.510   0.080   8.330   8.615   -95.000   
-448.365   -448.460   0.080   8.330   8.360   49.000   
-448.330   -448.430   0.080   8.330   8.310   24.000   
-448.280   -448.380   0.080   8.330   8.340   -32.000   
-448.245   -448.345   0.080   8.330   8.350   21.000   
-448.195   -448.295   0.080   8.330   8.350   18.000   
-448.165   -448.260   0.080   8.330   8.320   27.000   
-448.130   -448.210   0.080   8.330   8.350   43.000   
-448.080   -448.180   0.080   8.330   8.320   28.000   
-448.045   -448.145   0.080   8.330   8.340   8.000   
-447.995   -448.095   0.080   8.330   8.330   43.000   
-447.965   -448.060   0.080   8.330   8.350   30.000   
-447.915   -448.010   0.080   8.330   8.310   26.000   
-447.880   -447.980   0.080   8.330   8.360   -39.000   
-447.830   -447.930   0.080   8.330   8.330   17.000   
-447.795   -447.895   0.080   8.330   8.330   -34.000   
-447.765   -447.845   0.080   8.330   8.350   23.000   
-447.715   -447.810   0.080   8.330   8.320   18.000   
-447.680   -447.780   0.080   8.330   8.320   24.000   
-447.630   -447.730   0.080   8.330   8.320   -50.000   
-447.595   -447.695   0.080   8.330   8.340   18.000   
-447.545   -447.645   0.080   8.330   8.330   15.000   
-447.515   -447.610   0.080   8.330   8.350   18.000   
-447.465   -447.560   0.080   8.330   8.320   35.000   
-447.430   -447.530   0.080   8.330   8.360   24.000   
-447.395   -447.495   0.080   8.330   8.320   -5.000   
-447.345   -447.445   0.080   8.330   8.350   42.000   
-447.315   -447.410   0.080   8.330   8.320   42.000   
-447.265   -447.360   0.080   8.330   8.360   19.000   
-447.230   -447.330   0.080   8.330   8.350   -49.000   
-447.180   -447.280   0.080   8.330   8.300   10.000   
-447.145   -447.245   0.080   8.330   8.340   -35.000   
-447.115   -447.195   0.080   8.330   8.320   22.000   
-447.065   -447.160   0.080   8.330   8.350   15.000   
-447.030   -447.130   0.080   8.330   8.320   23.000   
-446.980   -447.080   0.080   8.330   8.320   -55.000   
-446.945   -447.045   0.080   8.330   8.360   21.000   
-446.895   -446.995   0.080   8.330   8.350   18.000   
-446.865   -446.960   0.080   8.330   8.320   21.000   
-446.815   -446.910   0.080   8.330   8.350   38.000   
-446.780   -446.880   0.080   8.330   8.320   18.000   
-446.745   -446.830   0.080   8.330   8.330   -6.000   
-446.695   -446.795   0.080   8.330   8.320   37.000   
-446.665   -446.760   0.080   8.330   8.360   16.000   
-446.615   -446.710   0.080   8.330   8.320   2.000   
-446.580   -446.680   0.080   8.330   8.350   14.000   
-446.530   -446.630   0.080   8.330   8.350   12.000   
-446.495   -446.595   0.080   8.330   8.320   -45.000   
-446.445   -446.545   0.080   8.330   8.340   17.000   
-446.415   -446.510   0.080   8.330   8.330   20.000   
-446.380   -446.460   0.080   8.330   8.360   24.000   
-446.330   -446.430   0.080   8.330   8.320   -44.000   
-446.295   -446.395   0.080   8.330   8.350   -45.000   
-446.245   -446.345   0.080   8.330   8.320   -32.000   
-446.215   -446.310   0.080   8.330   8.340   45.000   
-446.165   -446.260   0.080   8.330   8.340   19.000   
-446.130   -446.230   0.080   8.330   8.330   2.000   
-446.080   -446.180   0.080   8.330   8.330   -38.000   
-446.045   -446.145   0.080   8.330   8.350   42.000   
-446.015   -446.110   0.080   8.330   8.320   15.000   
-445.965   -446.060   0.080   8.330   8.320   -5.000   
-445.930   -446.030   0.080   8.330   8.350   18.000   
-445.880   -445.980   0.080   8.330   8.320   13.000   
-445.845   -445.945   0.080   8.330   8.320   -40.000   
-445.795   -445.895   0.080   8.330   8.320   13.000   
-445.765   -445.860   0.080   8.330   8.350   14.000   
-445.715   -445.810   0.080   8.330   8.320   17.000   
-445.680   -445.780   0.080   8.330   8.350   21.000   
-445.645   -445.745   0.080   8.330   8.320   16.000   
-445.595   -445.695   0.080   8.330   8.330   -2.000   
-445.565   -445.660   0.080   8.330   8.330   -40.000   
-445.515   -445.610   0.080   8.330   8.350   14.000   
-445.480   -445.580   0.080   8.330   8.320   3.000   
-445.430   -445.530   0.080   8.330   8.320   -42.000   
-445.395   -445.495   0.080   8.330   8.320   40.000   
-445.365   -445.445   0.080   8.330   8.360   17.000   
-445.315   -445.410   0.080   8.330   8.350   76.000   
-445.280   -445.380   0.080   8.330   8.300   39.000   
-445.230   -445.330   0.080   8.330   8.350   17.000   
-445.195   -445.295   0.080   8.330   8.320   4.000   
-445.145   -445.245   0.080   8.330   8.350   37.000   
-445.115   -445.210   0.080   8.330   8.320   15.000   
-445.065   -445.160   0.080   8.330   8.360   17.000   
-445.030   -445.130   0.080   8.330   8.320   14.000   
-444.995   -445.080   0.080   8.330   8.350   11.000   
-444.945   -445.045   0.080   8.330   8.320   3.000   
-444.915   -445.010   0.080   8.330   8.340   -39.000   
-444.865   -444.960   0.080   8.330   8.340   14.000   
-444.830   -444.930   0.080   8.330   8.330   -3.000   
-444.780   -444.880   0.080   8.330   8.320   -46.000   
-444.745   -444.845   0.080   8.330   8.360   40.000   
-444.695   -444.795   0.080   8.330   8.350   15.000   
-444.665   -444.760   0.080   8.330   8.320   81.000   
-444.630   -444.710   0.080   8.330   8.350   41.000   
-444.580   -444.680   0.080   8.330   8.320   14.000   
-444.550   -444.645   0.080   8.330   8.340   -1.000   
-444.500   -444.595   0.079   8.330   8.320   33.000   
-444.465   -444.560   0.079   8.330   8.330   29.000   
-444.415   -444.510   0.079   8.330   8.075   128.000   
-444.380   -444.480   0.079   8.330   8.035   -508.000   
-444.330   -444.430   0.080   8.330   8.280   -514.000   
-444.300   -444.395   0.081   8.330   8.170   -131.000   
-444.265   -444.365   0.080   8.330   8.585   -84.000   
-444.215   -444.315   0.080   8.330   8.260   -5.000   
-444.180   -444.280   0.080   8.330   8.410   -61.000   
-444.130   -444.230   0.080   8.330   8.360   23.000   
-444.100   -444.195   0.080   8.330   8.320   71.000   
-444.050   -444.145   0.080   8.330   8.340   34.000   
-444.015   -444.115   0.080   8.330   8.330   11.000   
-443.980   -444.065   0.080   8.330   8.320   -10.000   
-443.930   -444.030   0.080   8.330   8.320   29.000   
-443.900   -443.995   0.080   8.330   8.360   36.000   
-443.850   -443.945   0.080   8.330   8.320   21.000   
-443.815   -443.915   0.080   8.330   8.340   10.000   
-443.765   -443.865   0.080   8.330   8.350   14.000   
-443.730   -443.830   0.080   8.330   8.320   7.000   
-443.680   -443.780   0.080   8.330   8.320   -33.000   
-443.650   -443.745   0.080   8.330   8.360   14.000   
-443.615   -443.695   0.080   8.330   8.350   13.000   
-443.565   -443.665   0.080   8.330   8.320   -51.000   
-443.530   -443.630   0.080   8.330   8.320   -56.000   
-443.480   -443.580   0.080   8.330   8.360   9.000   
-443.450   -443.545   0.080   8.330   8.350   73.000   
-443.400   -443.495   0.080   8.330   8.340   34.000   
-443.365   -443.465   0.080   8.330   8.350   13.000   
-443.315   -443.415   0.080   8.330   8.320   8.000   
-443.280   -443.380   0.080   8.330   8.350   41.000   
-443.250   -443.330   0.080   8.330   8.320   44.000   
-443.200   -443.295   0.080   8.330   8.360   24.000   
-443.165   -443.265   0.080   8.330   8.350   86.000   
-443.115   -443.215   0.080   8.330   8.300   14.000   
-443.080   -443.180   0.080   8.330   8.340   -38.000   
-443.030   -443.130   0.080   8.330   8.320   10.000   
-443.000   -443.095   0.080   8.330   8.350   8.000   
-442.950   -443.045   0.080   8.330   8.320   10.000   
-442.915   -443.015   0.080   8.330   8.330   -53.000   
-442.880   -442.965   0.080   8.330   8.350   11.000   
-442.830   -442.930   0.080   8.330   8.350   18.000   
-442.800   -442.895   0.080   8.330   8.320   5.000   
-442.750   -442.845   0.080   8.330   8.340   38.000   
-442.715   -442.815   0.080   8.330   8.330   24.000   
-442.665   -442.765   0.080   8.330   8.320   8.000   
-442.630   -442.730   0.080   8.330   8.330   40.000   
-442.580   -442.680   0.080   8.330   8.350   35.000   
-442.550   -442.645   0.080   8.330   8.320   20.000   
-442.515   -442.615   0.080   8.330   8.340   69.000   
-442.465   -442.565   0.080   8.330   8.340   16.000   
-442.430   -442.530   0.080   8.330   8.330   25.000   
-442.380   -442.480   0.080   8.330   8.340   21.000   
-442.350   -442.445   0.080   8.330   8.330   16.000   
-442.300   -442.395   0.080   8.330   8.360   26.000   
-442.265   -442.365   0.080   8.330   8.310   -46.000   
-442.230   -442.315   0.080   8.330   8.350   27.000   
-442.180   -442.280   0.080   8.330   8.330   18.000   
-442.150   -442.245   0.080   8.330   8.350   2.000   
-442.100   -442.195   0.080   8.330   8.330   36.000   
-442.065   -442.165   0.080   8.330   8.350   27.000   
-442.015   -442.115   0.080   8.330   8.320   2.000   
-441.980   -442.080   0.080   8.330   8.350   41.000   
-441.930   -442.030   0.080   8.330   8.340   20.000   
-441.900   -441.995   0.080   8.330   8.330   -8.000   
-441.865   -441.945   0.080   8.330   8.350   23.000   
-441.815   -441.915   0.080   8.330   8.320   15.000   
-441.780   -441.880   0.080   8.330   8.320   22.000   
-441.730   -441.830   0.080   8.330   8.320   23.000   
-441.700   -441.795   0.080   8.330   8.350   19.000   
-441.650   -441.745   0.080   8.330   8.320   24.000   
-441.615   -441.715   0.080   8.330   8.320   -50.000   
-441.565   -441.665   0.080   8.330   8.350   -51.000   
-441.530   -441.630   0.080   8.330   8.300   -20.000   
-441.500   -441.580   0.080   8.330   8.340   -35.000   
-441.450   -441.545   0.080   8.330   8.350   21.000   
-441.415   -441.515   0.080   8.330   8.320   18.000   
-441.365   -441.465   0.080   8.330   8.330   -42.000   
-441.330   -441.430   0.080   8.330   8.320   47.000   
-441.280   -441.380   0.080   8.330   8.360   22.000   
-441.250   -441.345   0.080   8.330   8.320   1.000   
-441.200   -441.295   0.080   8.330   8.320   25.000   
-441.165   -441.265   0.080   8.330   8.350   16.000   
-441.130   -441.230   0.080   8.330   8.320   24.000   
-441.080   -441.180   0.080   8.330   8.340   20.000   
-441.050   -441.145   0.080   8.330   8.330   41.000   
-441.000   -441.095   0.080   8.330   8.360   29.000   
-440.965   -441.065   0.080   8.330   8.320   -48.000   
-440.915   -441.015   0.080   8.330   8.350   -46.000   
-440.880   -440.980   0.080   8.330   8.320   -32.000   
-440.830   -440.930   0.080   8.330   8.330   -38.000   
-440.800   -440.895   0.080   8.330   8.340   22.000   
-440.765   -440.865   0.080   8.330   8.330   16.000   
-440.715   -440.815   0.080   8.330   8.330   -36.000   
-440.680   -440.780   0.080   8.330   8.350   -41.000   
-440.630   -440.730   0.080   8.330   8.350   18.000   
-440.600   -440.695   0.080   8.330   8.320   84.000   
-440.550   -440.645   0.080   8.330   8.340   46.000   
-440.515   -440.615   0.080   8.330   8.330   24.000   
-440.480   -440.565   0.080   8.330   8.330   7.000   
-440.430   -440.530   0.080   8.330   8.320   36.000   
-440.400   -440.495   0.080   8.330   8.360   41.000   
-440.350   -440.445   0.079   8.330   8.320   21.000   
-440.315   -440.415   0.078   8.330   8.350   21.000   
-440.265   -440.365   0.079   8.330   8.065   -276.000   
-440.235   -440.330   0.080   8.330   8.065   223.000   
-440.185   -440.285   0.082   8.330   8.495   32.000   
-440.150   -440.250   0.081   8.330   8.240   570.000   
-440.115   -440.200   0.080   8.330   8.595   378.000   
-440.065   -440.165   0.080   8.330   8.280   -40.000   
-440.035   -440.130   0.080   8.330   8.370   20.000   
-439.985   -440.080   0.080   8.330   8.320   27.000   
-439.950   -440.050   0.080   8.330   8.330   15.000   
-439.900   -440.000   0.080   8.330   8.360   23.000   
-439.865   -439.965   0.080   8.330   8.320   17.000   
-439.815   -439.915   0.080   8.330   8.350   40.000   
-439.785   -439.880   0.080   8.330   8.320   18.000   
-439.750   -439.830   0.080   8.330   8.340   4.000   
-439.700   -439.800   0.080   8.330   8.350   14.000   
-439.665   -439.765   0.080   8.330   8.320   14.000   
-439.615   -439.715   0.080   8.330   8.320   -49.000   
-439.585   -439.680   0.080   8.330   8.360   16.000   
-439.535   -439.630   0.080   8.330   8.350   13.000   
-439.500   -439.600   0.080   8.330   8.320   -36.000   
-439.450   -439.550   0.080   8.330   8.320   -41.000   
-439.415   -439.515   0.080   8.330   8.360   16.000   
-439.385   -439.480   0.080   8.330   8.350   -42.000   
-439.335   -439.430   0.080   8.330   8.340   41.000   
-439.300   -439.400   0.080   8.330   8.350   14.000   
-439.250   -439.350   0.080   8.330   8.320   3.000   
-439.215   -439.315   0.080   8.330   8.350   38.000   
-439.165   -439.265   0.080   8.330   8.320   38.000   
-439.135   -439.230   0.080   8.330   8.360   21.000   
-439.100   -439.180   0.080   8.330   8.320   -3.000   
-439.050   -439.150   0.080   8.330   8.350   13.000   
-439.015   -439.115   0.080   8.330   8.320   11.000   
-438.965   -439.065   0.080   8.330   8.320   -39.000   
-438.935   -439.030   0.080   8.330   8.340   15.000   
-438.885   -438.980   0.080   8.330   8.330   10.000   
-438.850   -438.950   0.080   8.330   8.320   -46.000   
-438.800   -438.900   0.080   8.330   8.320   -51.000   
-438.765   -438.865   0.080   8.330   8.340   13.000   
-438.735   -438.815   0.080   8.330   8.340   -29.000   
-438.685   -438.780   0.080   8.330   8.330   36.000   
-438.650   -438.750   0.080   8.330   8.330   10.000   
-438.600   -438.700   0.080   8.330   8.320   4.000   
-438.565   -438.665   0.080   8.330   8.330   41.000   
-438.515   -438.615   0.080   8.330   8.350   41.000   
-438.485   -438.580   0.080   8.330   8.310   16.000   
-438.435   -438.530   0.080   8.330   8.320   4.000   
-438.400   -438.500   0.080   8.330   8.340   13.000   
-438.365   -438.450   0.080   8.330   8.330   11.000   
-438.315   -438.415   0.080   8.330   8.320   -38.000   
-438.285   -438.380   0.080   8.330   8.360   18.000   
-438.235   -438.330   0.080   8.330   8.340   10.000   
-438.200   -438.300   0.080   8.330   8.330   -45.000   
-438.150   -438.250   0.080   8.330   8.340   14.000   
-438.115   -438.215   0.080   8.330   8.330   14.000   
-438.065   -438.165   0.080   8.330   8.320   3.000   
-438.035   -438.130   0.080   8.330   8.320   33.000   
-438.000   -438.100   0.080   8.330   8.360   13.000   
-437.950   -438.050   0.080   8.330   8.320   2.000   
-437.915   -438.015   0.080   8.330   8.350   -44.000   
-437.865   -437.965   0.080   8.330   8.320   37.000   
-437.835   -437.930   0.080   8.330   8.360   18.000   
-437.785   -437.880   0.080   8.330   8.350   84.000   
-437.750   -437.850   0.080   8.330   8.300   7.000   
-437.715   -437.800   0.080   8.330   8.350   13.000   
-437.665   -437.765   0.080   8.330   8.320   16.000   
-437.635   -437.730   0.080   8.330   8.340   33.000   
-437.585   -437.680   0.080   8.330   8.330   22.000   
-437.550   -437.650   0.080   8.330   8.320   19.000   
-437.500   -437.600   0.080   8.330   8.320   14.000   
-437.465   -437.565   0.080   8.330   8.350   10.000   
-437.415   -437.515   0.080   8.330   8.320   3.000   
-437.385   -437.480   0.080   8.330   8.340   38.000   
-437.350   -437.430   0.080   8.330   8.350   18.000   
-437.300   -437.400   0.080   8.330   8.320   4.000   
-437.265   -437.365   0.080   8.330   8.330   -30.000   
-437.215   -437.315   0.080   8.330   8.350   14.000   
-437.185   -437.280   0.080   8.330   8.320   9.000   
-437.135   -437.230   0.080   8.330   8.320   15.000   
-437.100   -437.200   0.080   8.330   8.340   11.000   
-437.050   -437.150   0.080   8.330   8.330   11.000   
-437.015   -437.115   0.080   8.330   8.350   6.000   
-436.985   -437.065   0.080   8.330   8.320   25.000   
-436.935   -437.030   0.080   8.330   8.360   17.000   
-436.900   -437.000   0.080   8.330   8.320   19.000   
-436.850   -436.950   0.080   8.330   8.350   -39.000   
-436.815   -436.915   0.080   8.330   8.320   -29.000   
-436.765   -436.865   0.080   8.330   8.330   -30.000   
-436.735   -436.830   0.080   8.330   8.340   13.000   
-436.685   -436.780   0.080   8.330   8.330   12.000   
-436.650   -436.750   0.080   8.330   8.320   -41.000   
-436.615   -436.700   0.080   8.330   8.360   -56.000   
-436.565   -436.665   0.080   8.330   8.340   6.000   
-436.535   -436.630   0.080   8.330   8.330   5.000   
-436.485   -436.580   0.080   8.330   8.350   7.000   
-436.450   -436.550   0.080   8.330   8.320   6.000   
-436.400   -436.500   0.080   8.330   8.350   24.000   
-436.365   -436.465   0.080   8.330   8.320   15.000   
-436.315   -436.415   0.080   8.330   8.350   36.000   
-436.285   -436.380   0.080   8.330   8.320   19.000   
-436.250   -436.350   0.080   8.330   8.320   19.000   
-436.200   -436.300   0.079   8.330   8.350   -45.000   
-436.170   -436.265   0.079   8.330   8.300   9.000   
-436.120   -436.215   0.080   8.330   8.310   184.000   
-436.085   -436.180   0.079   8.330   8.085   91.000   
-436.035   -436.135   0.080   8.330   8.465   497.000   
-436.000   -436.100   0.080   8.330   8.300   -436.000   
-435.970   -436.050   0.080   8.330   8.170   -286.000   
-435.920   -436.015   0.080   8.330   8.595   -64.000   
-435.885   -435.985   0.080   8.330   8.270   81.000   
-435.835   -435.935   0.080   8.330   8.340   22.000   
-435.800   -435.900   0.080   8.330   8.330   10.000   
-435.750   -435.850   0.080   8.330   8.340   43.000   
-435.720   -435.815   0.080   8.330   8.330   21.000   
-435.670   -435.765   0.080   8.330   8.360   17.000   
-435.635   -435.735   0.080   8.330   8.350   -43.000   
-435.600   -435.685   0.080   8.330   8.300   18.000   
-435.550   -435.650   0.080   8.330   8.340   -31.000   
-435.520   -435.615   0.080   8.330   8.350   23.000   
-435.470   -435.565   0.080   8.330   8.350   18.000   
-435.435   -435.535   0.080   8.330   8.320   -36.000   
-435.385   -435.485   0.080   8.330   8.320   -43.000   
-435.350   -435.450   0.080   8.330   8.360   24.000   
-435.300   -435.400   0.080   8.330   8.350   21.000   
-435.270   -435.365   0.080   8.330   8.320   27.000   
-435.235   -435.315   0.080   8.330   8.350   45.000   
-435.185   -435.285   0.080   8.330   8.320   24.000   
-435.150   -435.250   0.080   8.330   8.340   1.000   
-435.100   -435.200   0.080   8.330   8.320   52.000   
-435.070   -435.165   0.080   8.330   8.360   27.000   
-435.020   -435.115   0.080   8.330   8.320   24.000   
-434.985   -435.085   0.080   8.330   8.340   -50.000   
-434.935   -435.035   0.080   8.330   8.340   12.000   
-434.900   -435.000   0.080   8.330   8.320   -29.000   
-434.870   -434.950   0.080   8.330   8.340   27.000   
-434.820   -434.915   0.080   8.330   8.330   19.000   
-434.785   -434.885   0.080   8.330   8.320   30.000   
-434.735   -434.835   0.080   8.330   8.320   -53.000   
-434.700   -434.800   0.080   8.330   8.350   24.000   
-434.650   -434.750   0.080   8.330   8.320   16.000   
-434.620   -434.715   0.080   8.330   8.350   29.000   
-434.585   -434.665   0.080   8.330   8.320   46.000   
-434.535   -434.635   0.080   8.330   8.360   24.000   
-434.500   -434.600   0.080   8.330   8.320   3.000   
-434.450   -434.550   0.080   8.330   8.350   41.000   
-434.420   -434.515   0.080   8.330   8.320   18.000   
-434.370   -434.465   0.080   8.330   8.330   7.000   
-434.335   -434.435   0.080   8.330   8.350   20.000   
-434.285   -434.385   0.080   8.330   8.320   18.000   
-434.250   -434.350   0.080   8.330   8.320   -49.000   
-434.220   -434.300   0.080   8.330   8.320   18.000   
-434.170   -434.265   0.080   8.330   8.350   18.000   
-434.135   -434.235   0.080   8.330   8.320   25.000   
-434.085   -434.185   0.080   8.330   8.320   -42.000   
-434.050   -434.150   0.080   8.330   8.360   21.000   
-434.000   -434.100   0.080   8.330   8.300   -36.000   
-433.970   -434.065   0.080   8.330   8.340   47.000   
-433.920   -434.015   0.080   8.330   8.350   17.000   
-433.885   -433.985   0.080   8.330   8.320   5.000   
-433.850   -433.935   0.080   8.330   8.320   -37.000   
-433.800   -433.900   0.080   8.330   8.320   40.000   
-433.770   -433.865   0.080   8.330   8.360   15.000   
-433.720   -433.815   0.080   8.330   8.320   -4.000   
-433.685   -433.785   0.080   8.330   8.350   19.000   
-433.635   -433.735   0.080   8.330   8.340   14.000   
-433.600   -433.700   0.080   8.330   8.330   -43.000   
-433.550   -433.650   0.080   8.330   8.340   22.000   
-433.520   -433.615   0.080   8.330   8.330   17.000   
-433.485   -433.565   0.080   8.330   8.320   21.000   
-433.435   -433.535   0.080   8.330   8.320   21.000   
-433.400   -433.500   0.080   8.330   8.350   18.000   
-433.350   -433.450   0.080   8.330   8.320   4.000   
-433.320   -433.415   0.080   8.330   8.350   37.000   
-433.270   -433.365   0.080   8.330   8.340   15.000   
-433.235   -433.335   0.080   8.330   8.330   1.000   
-433.185   -433.285   0.080   8.330   8.320   -44.000   
-433.150   -433.250   0.080   8.330   8.360   42.000   
-433.120   -433.215   0.080   8.330   8.320   17.000   
-433.070   -433.165   0.080   8.330   8.330   81.000   
-433.035   -433.135   0.080   8.330   8.340   45.000   
-432.985   -433.085   0.080   8.330   8.330   21.000   
-432.950   -433.050   0.080   8.330   8.350   22.000   
-432.870   -432.965   0.080   8.330   8.360   21.000   
-432.820   -432.915   0.080   8.330   8.320   20.000   
-432.785   -432.885   0.080   8.330   8.340   20.000   
-432.750   -432.850   0.080   8.330   8.330   17.000   
-432.700   -432.800   0.080   8.330   8.320   5.000   
-432.670   -432.765   0.080   8.330   8.320   -37.000   
-432.620   -432.715   0.080   8.330   8.360   16.000   
-432.585   -432.685   0.080   8.330   8.320   -3.000   
-432.535   -432.635   0.080   8.330   8.320   -39.000   
-432.500   -432.600   0.080   8.330   8.320   45.000   
-432.470   -432.550   0.080   8.330   8.360   20.000   
-432.420   -432.515   0.080   8.330   8.350   83.000   
-432.385   -432.485   0.080   8.330   8.300   46.000   
-432.335   -432.435   0.080   8.330   8.350   17.000   
-432.300   -432.400   0.080   8.330   8.320   22.000   
-432.250   -432.350   0.080   8.330   8.350   38.000   
-432.220   -432.315   0.080   8.330   8.320   23.000   
-432.170   -432.265   0.080   8.330   8.360   18.000   
-432.135   -432.235   0.080   8.330   8.320   15.000   
-432.100   -432.185   0.080   8.330   8.350   9.000   
-432.055   -432.150   0.080   8.330   8.320   -1.000   
-432.020   -432.115   0.079   8.330   8.350   -43.000   
-431.970   -432.065   0.079   8.330   8.320   28.000   
-431.935   -432.035   0.079   8.330   8.065   -275.000   
-431.885   -431.985   0.079   8.330   8.045   -505.000   
-431.855   -431.955   0.082   8.330   8.485   -18.000   
-431.805   -431.900   0.081   8.330   8.160   -94.000   
-431.770   -431.870   0.080   8.330   8.615   486.000   
-431.735   -431.820   0.080   8.330   8.270   18.000   
-431.685   -431.785   0.080   8.330   8.370   41.000   
-431.655   -431.750   0.080   8.330   8.320   50.000   
-431.605   -431.700   0.080   8.330   8.350   14.000   
-431.570   -431.670   0.080   8.330   8.330   13.000   
-431.520   -431.620   0.080   8.330   8.350   12.000   
-431.485   -431.585   0.080   8.330   8.320   5.000   
-431.435   -431.535   0.080   8.330   8.320   -48.000   
-431.405   -431.500   0.080   8.330   8.340   13.000   
-431.370   -431.470   0.080   8.330   8.330   12.000   
-431.320   -431.420   0.080   8.330   8.320   -42.000   
-431.285   -431.385   0.080   8.330   8.360   -49.000   
-431.235   -431.335   0.080   8.330   8.340   13.000   
-431.205   -431.300   0.080   8.330   8.330   73.000   
-431.155   -431.250   0.080   8.330   8.350   46.000   
-431.120   -431.220   0.080   8.330   8.320   15.000   
-431.085   -431.170   0.080   8.330   8.330   -2.000   
-431.035   -431.135   0.080   8.330   8.320   31.000   
-431.005   -431.100   0.080   8.330   8.360   38.000   
-430.955   -431.050   0.080   8.330   8.310   21.000   
-430.920   -431.020   0.080   8.330   8.360   79.000   
-430.870   -430.970   0.080   8.330   8.330   7.000   
-430.835   -430.935   0.080   8.330   8.330   -40.000   
-430.785   -430.885   0.080   8.330   8.350   12.000   
-430.755   -430.850   0.080   8.330   8.320   14.000   
-430.720   -430.800   0.080   8.330   8.350   19.000   
-430.670   -430.770   0.080   8.330   8.320   -44.000   
-430.635   -430.735   0.080   8.330   8.350   15.000   
-430.585   -430.685   0.080   8.330   8.320   11.000   
-430.555   -430.650   0.080   8.330   8.350   18.000   
-430.505   -430.600   0.080   8.330   8.320   33.000   
-430.470   -430.570   0.080   8.330   8.360   23.000   
-430.420   -430.520   0.080   8.330   8.320   7.000   
-430.385   -430.485   0.080   8.330   8.350   39.000   
-430.355   -430.435   0.080   8.330   8.320   43.000   
-430.305   -430.400   0.080   8.330   8.360   22.000   
-430.270   -430.370   0.080   8.330   8.350   83.000   
-430.220   -430.320   0.080   8.330   8.300   11.000   
-430.185   -430.285   0.080   8.330   8.340   -38.000   
-430.135   -430.235   0.080   8.330   8.320   6.000   
-430.105   -430.200   0.080   8.330   8.350   4.000   
-430.055   -430.150   0.080   8.330   8.320   8.000   
-430.020   -430.120   0.080   8.330   8.320   -52.000   
-429.985   -430.085   0.080   8.330   8.360   19.000   
-429.935   -430.035   0.080   8.330   8.340   15.000   
-429.905   -430.000   0.080   8.330   8.330   7.000   
-429.855   -429.950   0.080   8.330   8.350   38.000   
-429.820   -429.920   0.080   8.330   8.320   24.000   
-429.770   -429.870   0.080   8.330   8.320   11.000   
-429.735   -429.835   0.080   8.330   8.320   44.000   
-429.705   -429.785   0.080   8.330   8.360   15.000   
-429.655   -429.750   0.080   8.330   8.320   -12.000   
-429.620   -429.720   0.080   8.330   8.350   8.000   
-429.570   -429.670   0.080   8.330   8.350   4.000   
-429.535   -429.635   0.080   8.330   8.320   12.000   
-429.485   -429.585   0.080   8.330   8.340   16.000   
-429.455   -429.550   0.080   8.330   8.330   11.000   
-429.405   -429.500   0.080   8.330   8.360   21.000   
-429.370   -429.470   0.080   8.330   8.320   -51.000   
-429.335   -429.420   0.080   8.330   8.350   -48.000   
-429.285   -429.385   0.080   8.330   8.320   -25.000   
-429.255   -429.350   0.080   8.330   8.340   -35.000   
-429.205   -429.300   0.080   8.330   8.340   13.000   
-429.170   -429.270   0.080   8.330   8.330   -7.000   
-429.120   -429.220   0.080   8.330   8.320   -54.000   
-429.085   -429.185   0.080   8.330   8.360   31.000   
-429.035   -429.135   0.080   8.330   8.340   4.000   
-429.005   -429.100   0.080   8.330   8.330   -9.000   
-428.970   -429.050   0.080   8.330   8.350   17.000   
-428.920   -429.020   0.080   8.330   8.320   19.000   
-428.885   -428.985   0.080   8.330   8.320   19.000   
-428.835   -428.935   0.080   8.330   8.320   20.000   
-428.805   -428.900   0.080   8.330   8.350   16.000   
-428.755   -428.850   0.080   8.330   8.320   24.000   
-428.720   -428.820   0.080   8.330   8.330   -44.000   
-428.670   -428.770   0.080   8.330   8.350   -36.000   
-428.635   -428.735   0.080   8.330   8.300   -32.000   
-428.605   -428.700   0.080   8.330   8.340   -38.000   
-428.555   -428.650   0.080   8.330   8.350   19.000   
-428.520   -428.620   0.080   8.330   8.320   17.000   
-428.470   -428.570   0.080   8.330   8.320   -37.000   
-428.435   -428.535   0.080   8.330   8.320   43.000   
-428.385   -428.485   0.080   8.330   8.360   21.000   
-428.355   -428.450   0.080   8.330   8.350   81.000   
-428.305   -428.400   0.080   8.330   8.340   47.000   
-428.270   -428.370   0.080   8.330   8.350   25.000   
-428.235   -428.335   0.080   8.330   8.320   7.000   
-428.185   -428.285   0.080   8.330   8.350   46.000   
-428.155   -428.250   0.080   8.330   8.320   47.000   
-428.105   -428.200   0.080   8.330   8.360   23.000   
-428.070   -428.170   0.080   8.330   8.320   26.000   
-428.020   -428.120   0.080   8.330   8.350   24.000   
-427.985   -428.085   0.080   8.330   8.320   2.000   
-427.955   -428.035   0.080   8.330   8.330   -38.000   
-427.905   -428.000   0.080   8.330   8.350   20.000   
-427.870   -427.970   0.079   8.330   8.320   19.000   
-427.820   -427.920   0.078   8.330   8.320   -36.000   
-427.790   -427.885   0.080   8.330   8.330   -290.000   
-427.740   -427.835   0.080   8.330   8.035   196.000   
-427.705   -427.805   0.080   8.330   8.485   555.000   
-427.655   -427.755   0.081   8.330   8.290   625.000   
-427.620   -427.720   0.080   8.330   8.160   -295.000   
-427.590   -427.670   0.080   8.330   8.250   -15.000   
-427.540   -427.635   0.080   8.330   8.400   55.000   
-427.505   -427.605   0.080   8.330   8.300   1.000   
-427.455   -427.555   0.080   8.330   8.360   21.000   
-427.420   -427.520   0.080   8.330   8.320   -9.000   
-427.370   -427.470   0.080   8.330   8.320   -42.000   
-427.340   -427.435   0.080   8.330   8.340   24.000   
-427.290   -427.385   0.080   8.330   8.330   21.000   
-427.255   -427.355   0.080   8.330   8.330   -33.000   
-427.220   -427.305   0.080   8.330   8.350   -37.000   
-427.170   -427.270   0.080   8.330   8.360   21.000   
-427.140   -427.235   0.080   8.330   8.330   -23.000   
-427.090   -427.185   0.080   8.330   8.330   48.000   
-427.055   -427.155   0.080   8.330   8.330   27.000   
-427.005   -427.105   0.080   8.330   8.330   5.000   
-426.970   -427.070   0.080   8.330   8.320   38.000   
-426.920   -427.020   0.080   8.330   8.360   41.000   
-426.890   -426.985   0.080   8.330   8.320   19.000   
-426.855   -426.955   0.080   8.330   8.340   -8.000   
-426.805   -426.905   0.080   8.330   8.350   17.000   
-426.770   -426.870   0.080   8.330   8.320   14.000   
-426.720   -426.820   0.080   8.330   8.330   -41.000   
-426.690   -426.785   0.080   8.330   8.350   12.000   
-426.640   -426.735   0.080   8.330   8.350   15.000   
-426.605   -426.705   0.080   8.330   8.320   -41.000   
-426.555   -426.655   0.080   8.330   8.320   -52.000   
-426.520   -426.620   0.080   8.330   8.360   19.000   
-426.490   -426.585   0.080   8.330   8.350   -27.000   
-426.440   -426.535   0.080   8.330   8.340   44.000   
-426.405   -426.505   0.080   8.330   8.350   13.000   
-426.355   -426.455   0.080   8.330   8.320   1.000   
-426.320   -426.420   0.080   8.330   8.340   36.000   
-426.270   -426.370   0.080   8.330   8.320   47.000   
-426.240   -426.335   0.080   8.330   8.360   21.000   
-426.205   -426.285   0.080   8.330   8.320   -2.000   
-426.155   -426.255   0.080   8.330   8.350   13.000   
-426.120   -426.220   0.080   8.330   8.320   15.000   
-426.070   -426.170   0.080   8.330   8.320   -44.000   
-426.040   -426.135   0.080   8.330   8.340   20.000   
-425.990   -426.085   0.080   8.330   8.330   13.000   
-425.955   -426.055   0.080   8.330   8.320   -46.000   
-425.905   -426.005   0.080   8.330   8.320   17.000   
-425.870   -425.970   0.080   8.330   8.340   15.000   
-425.840   -425.920   0.080   8.330   8.330   0.000   
-425.790   -425.885   0.080   8.330   8.350   40.000   
-425.755   -425.855   0.080   8.330   8.320   17.000   
-425.705   -425.805   0.080   8.330   8.330   2.000   
-425.670   -425.770   0.080   8.330   8.320   38.000   
-425.620   -425.720   0.080   8.330   8.360   41.000   
-425.590   -425.685   0.080   8.330   8.320   25.000   
-425.540   -425.635   0.080   8.330   8.330   84.000   
-425.505   -425.605   0.080   8.330   8.350   13.000   
-425.470   -425.555   0.080   8.330   8.320   18.000   
-425.420   -425.520   0.080   8.330   8.340   18.000   
-425.390   -425.485   0.080   8.330   8.330   35.000   
-425.340   -425.435   0.080   8.330   8.350   23.000   
-425.305   -425.405   0.080   8.330   8.320   -48.000   
-425.255   -425.355   0.080   8.330   8.350   16.000   
-425.220   -425.320   0.080   8.330   8.320   10.000   
-425.170   -425.270   0.080   8.330   8.320   -5.000   
-425.140   -425.235   0.080   8.330   8.320   35.000   
-425.105   -425.205   0.080   8.330   8.360   16.000   
-425.055   -425.155   0.080   8.330   8.320   5.000   
-425.020   -425.120   0.080   8.330   8.340   -36.000   
-424.970   -425.070   0.080   8.330   8.320   38.000   
-424.940   -425.035   0.080   8.330   8.360   18.000   
-424.890   -424.985   0.080   8.330   8.350   78.000   
-424.855   -424.955   0.080   8.330   8.300   10.000   
-424.820   -424.905   0.080   8.330   8.350   19.000   
-424.770   -424.870   0.080   8.330   8.320   15.000   
-424.740   -424.835   0.080   8.330   8.350   37.000   
-424.690   -424.785   0.080   8.330   8.320   20.000   
-424.655   -424.755   0.080   8.330   8.320   15.000   
-424.605   -424.705   0.080   8.330   8.350   -41.000   
-424.570   -424.670   0.080   8.330   8.300   -25.000   
-424.520   -424.620   0.080   8.330   8.340   -29.000   
-424.490   -424.585   0.080   8.330   8.350   12.000   
-424.455   -424.535   0.080   8.330   8.350   9.000   
-424.405   -424.505   0.080   8.330   8.320   -44.000   
-424.370   -424.470   0.080   8.330   8.320   -49.000   
-424.320   -424.420   0.080   8.330   8.360   15.000   
-424.290   -424.385   0.080   8.330   8.320   0.000   
-424.240   -424.335   0.080   8.330   8.330   16.000   
-424.205   -424.305   0.080   8.330   8.350   10.000   
-424.155   -424.255   0.080   8.330   8.320   17.000   
-424.120   -424.220   0.080   8.330   8.340   14.000   
-424.090   -424.170   0.080   8.330   8.320   38.000   
-424.040   -424.135   0.080   8.330   8.360   21.000   
-424.005   -424.105   0.080   8.330   8.320   19.000   
-423.955   -424.055   0.080   8.330   8.340   -56.000   
-423.920   -424.020   0.080   8.330   8.330   -33.000   
-423.870   -423.970   0.080   8.330   8.330   -35.000   
-423.840   -423.935   0.080   8.330   8.340   11.000   
-423.790   -423.885   0.080   8.330   8.330   12.000   
-423.755   -423.855   0.080   8.330   8.320   -51.000   
-423.725   -423.820   0.079   8.330   8.360   -50.000   
-423.675   -423.770   0.079   8.330   8.350   13.000   
-423.640   -423.735   0.079   8.330   8.290   193.000   
-423.590   -423.685   0.079   8.330   8.065   72.000   
-423.555   -423.655   0.079   8.330   8.075   -468.000   
-423.505   -423.605   0.081   8.330   8.240   -471.000   
-423.475   -423.570   0.081   8.330   8.200   -47.000   
-423.425   -423.520   0.080   8.330   8.575   -38.000   
-423.390   -423.490   0.080   8.330   8.280   -17.000   
-423.355   -423.455   0.080   8.330   8.380   6.000   
-423.305   -423.405   0.080   8.330   8.330   -29.000   
-423.275   -423.370   0.080   8.330   8.340   10.000   
-423.225   -423.320   0.080   8.330   8.330   10.000   
-423.190   -423.290   0.080   8.330   8.320   -49.000   
-423.140   -423.240   0.080   8.330   8.320   -55.000   
-423.105   -423.205   0.080   8.330   8.350   11.000   
-423.075   -423.155   0.080   8.330   8.320   12.000   
-423.025   -423.120   0.080   8.330   8.350   24.000   
-422.990   -423.090   0.080   8.330   8.320   35.000   
-422.940   -423.040   0.080   8.330   8.360   23.000   
-422.905   -423.005   0.080   8.330   8.320   3.000   
-422.855   -422.955   0.080   8.330   8.350   40.000   
-422.825   -422.920   0.080   8.330   8.320   21.000   
-422.775   -422.870   0.080   8.330   8.360   15.000   
-422.740   -422.840   0.080   8.330   8.350   -53.000   
-422.705   -422.790   0.080   8.330   8.300   6.000   
-422.655   -422.755   0.080   8.330   8.340   -43.000   
-422.625   -422.720   0.080   8.330   8.350   12.000   
-422.575   -422.670   0.080   8.330   8.350   5.000   
-422.540   -422.640   0.080   8.330   8.320   -44.000   
-422.490   -422.590   0.080   8.330   8.320   -42.000   
-422.455   -422.555   0.080   8.330   8.360   20.000   
-422.405   -422.505   0.080   8.330   8.350   14.000   
-422.375   -422.470   0.080   8.330   8.320   25.000   
-422.340   -422.420   0.080   8.330   8.350   41.000   
-422.290   -422.390   0.080   8.330   8.320   22.000   
-422.255   -422.355   0.080   8.330   8.340   -9.000   
-422.205   -422.305   0.080   8.330   8.320   29.000   
-422.175   -422.270   0.080   8.330   8.360   13.000   
-422.125   -422.220   0.080   8.330   8.320   -7.000   
-422.090   -422.190   0.080   8.330   8.350   7.000   
-422.040   -422.140   0.080   8.330   8.350   7.000   
-422.005   -422.105   0.080   8.330   8.320   -47.000   
-421.975   -422.070   0.080   8.330   8.340   17.000   
-421.925   -422.020   0.080   8.330   8.330   18.000   
-421.890   -421.990   0.080   8.330   8.330   22.000   
-421.840   -421.940   0.080   8.330   8.320   -39.000   
-421.805   -421.905   0.080   8.330   8.350   19.000   
-421.755   -421.855   0.080   8.330   8.320   -35.000   
-421.725   -421.820   0.080   8.330   8.340   52.000   
-421.690   -421.770   0.080   8.330   8.340   19.000   
-421.640   -421.740   0.080   8.330   8.330   8.000   
-421.605   -421.705   0.080   8.330   8.330   -38.000   
-421.555   -421.655   0.080   8.330   8.350   45.000   
-421.525   -421.620   0.080   8.330   8.310   22.000   
-421.475   -421.570   0.080   8.330   8.320   1.000   
-421.440   -421.540   0.080   8.330   8.340   21.000   
-421.390   -421.490   0.080   8.330   8.330   18.000   
-421.355   -421.455   0.080   8.330   8.320   -40.000   
-421.325   -421.405   0.080   8.330   8.320   21.000   
-421.275   -421.370   0.080   8.330   8.350   14.000   
-421.240   -421.340   0.080   8.330   8.320   26.000   
-421.190   -421.290   0.080   8.330   8.340   26.000   
-421.155   -421.255   0.080   8.330   8.330   21.000   
-421.105   -421.205   0.080   8.330   8.320   4.000   
-421.075   -421.170   0.080   8.330   8.330   42.000   
-421.025   -421.120   0.080   8.330   8.350   19.000   
-420.990   -421.090   0.080   8.330   8.320   1.000   
-420.955   -421.040   0.080   8.330   8.320   -47.000   
-420.905   -421.005   0.080   8.330   8.320   47.000   
-420.875   -420.970   0.080   8.330   8.360   24.000   
-420.825   -420.920   0.080   8.330   8.350   85.000   
-420.790   -420.890   0.080   8.330   8.300   11.000   
-420.740   -420.840   0.080   8.330   8.350   20.000   
-420.705   -420.805   0.080   8.330   8.320   27.000   
-420.655   -420.755   0.080   8.330   8.340   46.000   
-420.625   -420.720   0.080   8.330   8.330   28.000   
-420.590   -420.670   0.080   8.330   8.330   24.000   
-420.540   -420.640   0.080   8.330   8.320   21.000   
-420.505   -420.605   0.080   8.330   8.350   20.000   
-420.455   -420.555   0.080   8.330   8.320   5.000   
-420.425   -420.520   0.080   8.330   8.350   43.000   
-420.375   -420.470   0.080   8.330   8.340   22.000   
-420.340   -420.440   0.080   8.330   8.330   3.000   
-420.290   -420.390   0.080   8.330   8.320   -43.000   
-420.255   -420.355   0.080   8.330   8.360   43.000   
-420.225   -420.320   0.080   8.330   8.320   20.000   
-420.175   -420.270   0.080   8.330   8.330   83.000   
-420.140   -420.240   0.080   8.330   8.350   49.000   
-420.090   -420.190   0.080   8.330   8.320   20.000   
-420.055   -420.155   0.080   8.330   8.340   20.000   
-420.005   -420.105   0.080   8.330   8.330   40.000   
-419.975   -420.070   0.080   8.330   8.350   26.000   
-419.940   -420.020   0.080   8.330   8.320   24.000   
-419.890   -419.990   0.080   8.330   8.350   21.000   
-419.855   -419.955   0.080   8.330   8.320   17.000   
-419.805   -419.905   0.080   8.330   8.320   2.000   
-419.775   -419.870   0.080   8.330   8.320   -41.000   
-419.725   -419.820   0.080   8.330   8.360   18.000   
-419.690   -419.790   0.080   8.330   8.320   4.000   
-419.640   -419.740   0.080   8.330   8.320   -36.000   
-419.605   -419.705   0.080   8.330   8.350   17.000   
-419.575   -419.655   0.080   8.330   8.320   14.000   
-419.525   -419.620   0.079   8.330   8.350   24.000   
-419.490   -419.590   0.078   8.330   8.320   52.000   
-419.440   -419.540   0.079   8.330   8.075   -263.000   
-419.410   -419.505   0.080   8.330   8.055   156.000   
-419.360   -419.460   0.082   8.330   8.465   -22.000   
-419.325   -419.425   0.081   8.330   8.300   575.000   
-419.275   -419.375   0.080   8.330   8.615   465.000   
-419.240   -419.340   0.080   8.330   8.270   -54.000   
-419.210   -419.290   0.080   8.330   8.350   -44.000   
-419.160   -419.255   0.080   8.330   8.350   26.000   
-419.125   -419.225   0.080   8.330   8.320   17.000   
-419.075   -419.175   0.080   8.330   8.330   -42.000   
-419.040   -419.140   0.080   8.330   8.320   40.000   
-418.990   -419.090   0.080   8.330   8.360   15.000   
-418.960   -419.055   0.080   8.330   8.350   79.000   
-418.910   -419.005   0.080   8.330   8.330   46.000   
-418.875   -418.975   0.080   8.330   8.360   19.000   
-418.840   -418.940   0.080   8.330   8.320   2.000   
-418.790   -418.890   0.080   8.330   8.350   36.000   
-418.760   -418.855   0.080   8.330   8.320   36.000   
-418.710   -418.805   0.080   8.330   8.360   17.000   
-418.675   -418.775   0.080   8.330   8.350   -42.000   
-418.625   -418.725   0.080   8.330   8.300   15.000   
-418.590   -418.690   0.080   8.330   8.340   -39.000   
-418.560   -418.640   0.080   8.330   8.320   17.000   
-418.510   -418.605   0.080   8.330   8.350   17.000   
-418.475   -418.575   0.080   8.330   8.320   16.000   
-418.425   -418.525   0.080   8.330   8.320   -44.000   
-418.390   -418.490   0.080   8.330   8.360   16.000   
-418.340   -418.440   0.080   8.330   8.340   10.000   
-418.310   -418.405   0.080   8.330   8.330   18.000   
-418.260   -418.355   0.080   8.330   8.340   32.000   
-418.225   -418.325   0.080   8.330   8.330   19.000   
-418.190   -418.275   0.080   8.330   8.320   2.000   
-418.140   -418.240   0.080   8.330   8.320   36.000   
-418.110   -418.205   0.080   8.330   8.360   39.000   
-418.060   -418.155   0.080   8.330   8.320   17.000   
-418.025   -418.125   0.080   8.330   8.350   -42.000   
-417.975   -418.075   0.080   8.330   8.330   9.000   
-417.940   -418.040   0.080   8.330   8.330   -29.000   
-417.890   -417.990   0.080   8.330   8.350   15.000   
-417.860   -417.955   0.080   8.330   8.320   10.000   
-417.825   -417.905   0.080   8.330   8.360   18.000   
-417.775   -417.875   0.080   8.330   8.320   -46.000   
-417.740   -417.840   0.080   8.330   8.350   15.000   
-417.690   -417.790   0.080   8.330   8.320   10.000   
-417.660   -417.755   0.080   8.330   8.340   17.000   
-417.610   -417.705   0.080   8.330   8.320   39.000   
-417.575   -417.675   0.080   8.330   8.360   21.000   
-417.525   -417.625   0.080   8.330   8.320   2.000   
-417.490   -417.590   0.080   8.330   8.350   40.000   
-417.460   -417.540   0.080   8.330   8.320   16.000   
-417.410   -417.505   0.080   8.330   8.320   1.000   
-417.375   -417.475   0.080   8.330   8.350   20.000   
-417.325   -417.425   0.080   8.330   8.320   9.000   
-417.290   -417.390   0.080   8.330   8.320   -39.000   
-417.240   -417.340   0.080   8.330   8.320   16.000   
-417.210   -417.305   0.080   8.330   8.350   12.000   
-417.160   -417.255   0.080   8.330   8.320   15.000   
-417.125   -417.225   0.080   8.330   8.320   -48.000   
-417.090   -417.190   0.080   8.330   8.360   -49.000   
-417.050   -417.140   0.079   5.205   8.300   -28.000   
-417.035   -417.105   0.074   3.120   8.340   -38.000   
-417.025   -417.060   0.053   0.000   8.320   220.000   
-417.025   -417.030   0.030   0.000   7.455   236.000   
-417.025   -417.005   -0.002   0.000   3.740   261.000   
-417.025   -417.000   -0.014   0.000   0.960   585.000   
-417.025   -417.010   -0.015   0.000   -0.725   264.000   
-417.025   -417.015   -0.011   0.000   -1.925   10.000   
-417.025   -417.020   -0.003   0.000   -1.680   -82.000   
-417.025   -417.025   -0.000   0.000   -0.600   -198.000   
-417.025   -417.025   -0.000   0.000   0.000   18.000   
-417.025   -417.025   0.000   0.000   -0.120   -27.000   
-417.025   -417.025   0.000   0.000   0.040   33.000   
-417.025   -417.025   0.000   0.000   0.010   14.000   
-417.025   -417.025   0.000   0.000   0.000   5.000   
-417.025   -417.025   0.000   0.000   0.010   13.000   
-417.025   -417.025   0.000   0.000   0.000   14.000   
-417.025   -417.025   0.000   0.000   0.000   15.000   
-417.025   -417.025   0.000   0.000   0.000   14.000   
-417.025   -417.025   0.000   0.000   0.000   15.000   
-417.025   -417.025   0.000   0.000   0.000   13.000   
-417.025   -417.025   0.000   0.000   0.000   13.000   
-417.025   -417.025   0.000   0.000   0.000   14.000   
-417.025   -417.025   0.000   0.000   0.000   15.000   
-417.025   -417.025   0.000   0.000   0.000   15.000   
-417.025   -417.025   0.000   0.000   0.000   14.000   
-417.025   -417.025   0.000   0.000   0.000   14.000   
-417.025   -417.025   0.000   0.000   0.000   12.000   
-417.025   -417.025   0.000   0.000   0.000   14.000   
-417.025   -417.025   0.000   0.000   0.000   14.000   
-417.025   -417.025   0.000   0.000   0.000   14.000   
-417.025   -417.025   0.000   0.000   0.000   14.000   
-417.025   -417.025   0.000   0.000   0.000   15.000   
-417.025   -417.025   0.000   0.000   0.000   15.000   
-417.025   -417.025   0.000   0.000   0.000   14.000   
-417.025   -417.025   0.000   0.000   0.000   14.000   
-417.025   -417.025   0.000   0.000   0.000   13.000   
-417.025   -417.025   0.000   0.000   0.000   11.000   
-417.025   -417.025   0.000   0.000   0.000   12.000   
-417.025   -417.025   0.000   0.000   0.000   12.000   
-417.025   -417.025   0.000   0.000   0.000   14.000   
-417.025   -417.025   0.000   0.000   0.000   12.000   
-417.025   -417.025   0.000   0.000   0.000   12.000   
-417.025   -417.025   0.000   0.000   0.000   10.000   
-417.025   -417.025   0.000   0.000   0.000   13.000   
-417.025   -417.025   0.000   0.000   0.000   12.000   
-417.025   -417.025   0.000   0.000   0.000   13.000   
-417.025   -417.025   0.000   0.000   0.000   12.000   
-417.025   -417.025   0.000   0.000   0.000   12.000   
-417.025   -417.025   0.000   0.000   0.000   12.000   
-417.025   -417.025   0.000   0.000   0.000   1.000   
-417.025   -417.025   0.000   0.000   0.000   2.000   
-417.025   -417.025   0.000   0.000   0.000   2.000   
-417.025   -417.025   0.000   0.000   0.000   3.000   
-417.025   -417.025   0.000   0.000   0.000   3.000   
-417.025   -417.025   0.000   0.000   0.000   2.000   
-417.025   -417.025   0.000   0.000   0.000   1.000   
-417.025   -417.025   0.000   0.000   0.000   3.000   
-417.025   -417.025   0.000   0.000   0.000   1.000   
-417.025   -417.025   0.000   0.000   0.000   1.000   
-417.025   -417.025   0.000   0.000   0.000   2.000   
-417.025   -417.025   0.000   0.000   0.000   2.000   
-417.025   -417.025   0.000   0.000   0.000   2.000   
-417.025   -417.025   0.000   0.000   0.000   3.000   
-417.025   -417.025   0.000   0.000   0.000   4.000   
-417.025   -417.025   0.000   0.000   0.000   2.000   
-417.025   -417.025   0.000   0.000   0.000   2.000   
-417.025   -417.025   0.000   0.000   0.000   3.000   
-417.025   -417.025   0.000   0.000   0.000   3.000   
-417.025   -417.025   0.000   0.000   0.000   3.000   
-417.025   -417.025   0.000   0.000   0.000   2.000   
-417.025   -417.025   0.000   0.000   0.000   2.000   
-417.025   -417.025   0.000   0.000   0.000   2.000   
-417.025   -417.025   0.000   0.000   0.000   2.000   
-417.025   -417.025   0.000   0.000   0.000   2.000   
-417.025   -417.025   0.000   0.000   0.000   2.000   
-417.025   -417.025   0.000   0.000   0.000   2.000   
-417.025   -417.025   0.000   0.000   0.000   1.000   
-417.025   -417.025   0.000   0.000   0.000   2.000   
-417.025   -417.025   0.000   0.000   0.000   1.000   
-417.025   -417.025   0.000   0.000   0.000   2.000   
-417.025   -417.025   0.000   0.000   0.000   2.000   
-417.025   -417.025   0.000   0.000   0.000   2.000   
-417.025   -417.025   0.000   0.000   0.000   2.000   
-417.025   -417.025   0.000   0.000   0.000   2.000   
-417.025   -417.025   0.000   0.000   0.000   1.000   
-417.025   -417.025   0.000   0.000   0.000   2.000   
-417.025   -417.025   0.000   0.000   0.000   2.000   
-417.025   -417.025   0.000   0.000   0.000   2.000   
-417.025   -417.025   0.000   0.000   0.000   2.000   
-417.025   -417.025   0.000   0.000   0.000   2.000   
-417.025   -417.025   0.000   0.000   0.000   2.000   
-417.025   -417.025   0.000   0.000   0.000   2.000   
-417.025   -417.025   0.000   0.000   0.000   3.000   
-417.025   -417.025   0.000   0.000   0.000   3.000   
-417.025   -417.025   0.000   0.000   0.000   3.000   
-417.025   -417.025   0.000   0.000   0.000   2.000   
-417.025   -417.025   0.000   0.000   0.000   1.000   
-417.025   -417.025   0.000   0.000   0.000   3.000   
-417.025   -417.025   0.000   0.000   0.000   2.000   
-417.025   -417.025   0.000   0.000   0.000   2.000   
-417.025   -417.025   0.000   0.000   0.000   1.000   
-417.025   -417.025   0.000   0.000   0.000   2.000   
-417.025   -417.025   0.000   0.000   0.000   3.000   
-417.025   -417.025   0.000   0.000   0.000   3.000   
-417.025   -417.025   0.000   0.000   0.000   3.000   
-417.025   -417.025   0.000   0.000   0.000   2.000   
-417.025   -417.025   0.000   0.000   0.000   2.000   
-417.025   -417.025   0.000   0.000   0.000   3.000   
-417.025   -417.025   0.000   0.000   0.000   1.000   
-417.025   -417.025   0.000   0.000   0.000   3.000   
-417.025   -417.025   0.000   0.000   0.000   1.000   
-417.025   -417.025   0.000   0.000   0.000   2.000   
-417.025   -417.025   0.000   0.000   0.000   2.000   
-417.025   -417.025   0.000   0.000   0.000   2.000   
-417.030   -417.025   -0.002   -3.120   0.000   3.000   
-417.050   -417.025   -0.006   -5.205   0.000   2.000   
-417.075   -417.025   -0.025   -7.285   -0.590   -99.000   
-417.120   -417.030   -0.048   -8.330   -1.195   560.000   
-417.155   -417.045   -0.079   -8.330   -3.150   544.000   
-417.205   -417.085   -0.094   -8.330   -5.965   340.000   
-417.240   -417.120   -0.097   -8.330   -7.760   153.000   
-417.290   -417.180   -0.090   -8.330   -10.320   425.000   
-417.320   -417.220   -0.086   -8.330   -9.455   -131.000   
-417.370   -417.275   -0.082   -8.330   -9.360   -101.000   
-417.405   -417.305   -0.080   -8.330   -8.680   -370.000   
-417.440   -417.355   -0.080   -8.330   -8.415   -49.000   
-417.490   -417.390   -0.080   -8.330   -8.300   60.000   
-417.520   -417.425   -0.080   -8.330   -8.350   -15.000   
-417.570   -417.475   -0.080   -8.330   -8.330   -18.000   
-417.605   -417.505   -0.080   -8.330   -8.320   39.000   
-417.655   -417.555   -0.080   -8.330   -8.340   63.000   
-417.690   -417.590   -0.080   -8.330   -8.310   7.000   
-417.740   -417.640   -0.080   -8.330   -8.330   41.000   
-417.770   -417.675   -0.080   -8.330   -8.360   -38.000   
-417.805   -417.725   -0.080   -8.330   -8.340   -29.000   
-417.855   -417.755   -0.080   -8.330   -8.340   -11.000   
-417.890   -417.790   -0.080   -8.330   -8.320   40.000   
-417.940   -417.840   -0.080   -8.330   -8.350   -23.000   
-417.970   -417.875   -0.080   -8.330   -8.320   -8.000   
-418.020   -417.925   -0.080   -8.330   -8.320   -4.000   
-418.055   -417.955   -0.080   -8.330   -8.350   -15.000   
-418.105   -418.005   -0.080   -8.330   -8.320   -20.000   
-418.140   -418.040   -0.080   -8.330   -8.330   52.000   
-418.170   -418.090   -0.080   -8.330   -8.350   1.000   
-418.220   -418.125   -0.080   -8.330   -8.350   -13.000   
-418.255   -418.155   -0.080   -8.330   -8.320   -21.000   
-418.305   -418.205   -0.080   -8.330   -8.340   62.000   
-418.340   -418.240   -0.080   -8.330   -8.340   10.000   
-418.390   -418.290   -0.080   -8.330   -8.340   41.000   
-418.470   -418.375   -0.080   -8.330   -8.350   -23.000   
-418.505   -418.405   -0.080   -8.330   -8.330   -9.000   
-418.540   -418.440   -0.080   -8.330   -8.350   41.000   
-418.590   -418.490   -0.080   -8.330   -8.340   -26.000   
-418.620   -418.525   -0.080   -8.330   -8.330   -10.000   
-418.670   -418.575   -0.080   -8.330   -8.330   4.000   
-418.705   -418.605   -0.080   -8.330   -8.350   -12.000   
-418.755   -418.655   -0.080   -8.330   -8.360   -18.000   
-418.790   -418.690   -0.080   -8.330   -8.320   -2.000   
-418.840   -418.740   -0.080   -8.330   -8.350   -39.000   
-418.870   -418.775   -0.080   -8.330   -8.320   -18.000   
-418.905   -418.805   -0.080   -8.330   -8.330   -6.000   
-418.955   -418.855   -0.080   -8.330   -8.320   -19.000   
-418.990   -418.890   -0.080   -8.330   -8.350   -14.000   
-419.040   -418.940   -0.080   -8.330   -8.310   40.000   
-419.070   -418.975   -0.080   -8.330   -8.360   -35.000   
-419.120   -419.025   -0.080   -8.330   -8.340   -24.000   
-419.155   -419.055   -0.080   -8.330   -8.330   -8.000   
-419.190   -419.105   -0.080   -8.330   -8.320   49.000   
-419.240   -419.140   -0.080   -8.330   -8.360   -26.000   
-419.270   -419.175   -0.080   -8.330   -8.340   4.000   
-419.320   -419.225   -0.080   -8.330   -8.330   -34.000   
-419.355   -419.255   -0.080   -8.330   -8.350   -21.000   
-419.405   -419.305   -0.080   -8.330   -8.320   -17.000   
-419.440   -419.340   -0.080   -8.330   -8.340   -3.000   
-419.490   -419.390   -0.080   -8.330   -8.310   -20.000   
-419.520   -419.425   -0.080   -8.330   -8.360   -13.000   
-419.555   -419.475   -0.080   -8.330   -8.320   -6.000   
-419.605   -419.505   -0.080   -8.330   -8.350   -15.000   
-419.640   -419.540   -0.080   -8.330   -8.320   -12.000   
-419.690   -419.590   -0.080   -8.330   -8.320   46.000   
-419.720   -419.625   -0.080   -8.330   -8.320   -44.000   
-419.770   -419.675   -0.080   -8.330   -8.360   -32.000   
-419.805   -419.705   -0.080   -8.330   -8.320   -11.000   
-419.855   -419.755   -0.080   -8.330   -8.320   35.000   
-419.890   -419.790   -0.080   -8.330   -8.340   -29.000   
-419.920   -419.825   -0.080   -8.330   -8.340   13.000   
-419.970   -419.875   -0.080   -8.330   -8.330   -29.000   
-420.005   -419.905   -0.080   -8.330   -8.330   -29.000   
-420.055   -419.955   -0.080   -8.330   -8.360   -13.000   
-420.090   -419.990   -0.080   -8.330   -8.320   6.000   
-420.140   -420.040   -0.080   -8.330   -8.350   -33.000   
-420.170   -420.075   -0.080   -8.330   -8.320   -24.000   
-420.205   -420.125   -0.080   -8.330   -8.340   -67.000   
-420.255   -420.155   -0.080   -8.330   -8.330   -12.000   
-420.290   -420.190   -0.080   -8.330   -8.330   -23.000   
-420.340   -420.240   -0.080   -8.330   -8.330   39.000   
-420.370   -420.275   -0.080   -8.330   -8.350   -8.000   
-420.420   -420.325   -0.080   -8.330   -8.350   -24.000   
-420.455   -420.355   -0.080   -8.330   -8.320   45.000   
-420.505   -420.405   -0.080   -8.330   -8.340   6.000   
-420.540   -420.440   -0.080   -8.330   -8.340   -2.000   
-420.570   -420.490   -0.080   -8.330   -8.350   -1.000   
-420.620   -420.525   -0.080   -8.330   -8.310   -29.000   
-420.655   -420.555   -0.080   -8.330   -8.360   -44.000   
-420.705   -420.605   -0.080   -8.330   -8.320   -23.000   
-420.740   -420.640   -0.080   -8.330   -8.340   -12.000   
-420.790   -420.690   -0.080   -8.330   -8.320   -38.000   
-420.820   -420.725   -0.080   -8.330   -8.360   -18.000   
-420.870   -420.775   -0.080   -8.330   -8.340   -69.000   
-420.905   -420.805   -0.080   -8.330   -8.320   -15.000   
-420.940   -420.855   -0.080   -8.330   -8.350   -16.000   
-420.990   -420.890   -0.080   -8.330   -8.320   50.000   
-421.020   -420.925   -0.080   -8.330   -8.340   13.000   
-421.070   -420.975   -0.080   -8.330   -8.330   -2.000   
-421.105   -421.005   -0.080   -8.330   -8.320   50.000   
-421.155   -421.055   -0.080   -8.330   -8.320   5.000   
-421.190   -421.090   -0.080   -8.330   -8.350   -15.000   
-421.235   -421.140   -0.080   -8.330   -8.320   -17.000   
-421.270   -421.175   -0.079   -8.330   -8.350   -34.000   
-421.305   -421.225   -0.079   -8.330   -8.320   -38.000   
-421.355   -421.255   -0.079   -8.330   -8.075   280.000   
-421.385   -421.290   -0.080   -8.330   -8.055   517.000   
-421.435   -421.340   -0.082   -8.330   -8.475   -16.000   
-421.470   -421.370   -0.081   -8.330   -8.280   -585.000   
-421.520   -421.420   -0.080   -8.330   -8.605   -476.000   
-421.555   -421.455   -0.080   -8.330   -8.270   93.000   
-421.605   -421.505   -0.080   -8.330   -8.360   23.000   
-421.635   -421.540   -0.080   -8.330   -8.320   -24.000   
-421.670   -421.570   -0.080   -8.330   -8.340   -27.000   
-421.720   -421.620   -0.080   -8.330   -8.320   -7.000   
-421.755   -421.655   -0.080   -8.330   -8.350   -26.000   
-421.805   -421.705   -0.080   -8.330   -8.320   -15.000   
-421.835   -421.740   -0.080   -8.330   -8.350   -36.000   
-421.885   -421.790   -0.080   -8.330   -8.330   -45.000   
-421.920   -421.820   -0.080   -8.330   -8.350   -29.000   
-421.970   -421.870   -0.080   -8.330   -8.320   -17.000   
-422.005   -421.905   -0.080   -8.330   -8.350   -41.000   
-422.035   -421.940   -0.080   -8.330   -8.320   -33.000   
-422.085   -421.990   -0.080   -8.330   -8.350   -65.000   
-422.120   -422.020   -0.080   -8.330   -8.330   -41.000   
-422.170   -422.070   -0.080   -8.330   -8.330   -32.000   
-422.205   -422.105   -0.080   -8.330   -8.330   39.000   
-422.255   -422.155   -0.080   -8.330   -8.320   -5.000   
-422.285   -422.190   -0.080   -8.330   -8.350   -15.000   
-422.320   -422.240   -0.080   -8.330   -8.320   -26.000   
-422.370   -422.270   -0.080   -8.330   -8.330   9.000   
-422.405   -422.305   -0.080   -8.330   -8.350   -29.000   
-422.455   -422.355   -0.080   -8.330   -8.340   -18.000   
-422.485   -422.390   -0.080   -8.330   -8.310   -38.000   
-422.535   -422.440   -0.080   -8.330   -8.360   -35.000   
-422.570   -422.470   -0.080   -8.330   -8.320   -13.000   
-422.620   -422.520   -0.080   -8.330   -8.320   47.000   
-422.655   -422.555   -0.080   -8.330   -8.340   -39.000   
-422.685   -422.605   -0.080   -8.330   -8.340   -25.000   
-422.735   -422.640   -0.080   -8.330   -8.330   -12.000   
-422.770   -422.670   -0.080   -8.330   -8.340   -38.000   
-422.820   -422.720   -0.080   -8.330   -8.360   -25.000   
-422.855   -422.755   -0.080   -8.330   -8.320   44.000   
-422.905   -422.805   -0.080   -8.330   -8.340   -9.000   
-422.935   -422.840   -0.080   -8.330   -8.340   -21.000   
-422.985   -422.890   -0.080   -8.330   -8.360   -27.000   
-423.020   -422.920   -0.080   -8.330   -8.340   66.000   
-423.055   -422.955   -0.080   -8.330   -8.320   -8.000   
-423.105   -423.005   -0.080   -8.330   -8.320   36.000   
-423.135   -423.040   -0.080   -8.330   -8.360   49.000   
-423.185   -423.090   -0.080   -8.330   -8.340   -32.000   
-423.220   -423.120   -0.080   -8.330   -8.340   -15.000   
-423.270   -423.170   -0.080   -8.330   -8.310   42.000   
-423.305   -423.205   -0.080   -8.330   -8.360   -27.000   
-423.335   -423.255   -0.080   -8.330   -8.350   -14.000   
-423.385   -423.290   -0.080   -8.330   -8.320   -7.000   
-423.420   -423.320   -0.080   -8.330   -8.350   -38.000   
-423.470   -423.370   -0.080   -8.330   -8.320   -24.000   
-423.505   -423.405   -0.080   -8.330   -8.340   -14.000   
-423.555   -423.455   -0.080   -8.330   -8.310   -35.000   
-423.585   -423.490   -0.080   -8.330   -8.360   -22.000   
-423.635   -423.540   -0.080   -8.330   -8.320   -14.000   
-423.670   -423.570   -0.080   -8.330   -8.350   -23.000   
-423.705   -423.620   -0.080   -8.330   -8.350   -21.000   
-423.755   -423.655   -0.080   -8.330   -8.320   48.000   
-423.785   -423.690   -0.080   -8.330   -8.320   52.000   
-423.835   -423.740   -0.080   -8.330   -8.360   -29.000   
-423.870   -423.770   -0.080   -8.330   -8.320   -17.000   
-423.920   -423.820   -0.080   -8.330   -8.320   43.000   
-423.955   -423.855   -0.080   -8.330   -8.340   -29.000   
-424.005   -423.905   -0.080   -8.330   -8.340   11.000   
-424.035   -423.940   -0.080   -8.330   -8.330   -36.000   
-424.070   -423.990   -0.080   -8.330   -8.330   -40.000   
-424.120   -424.020   -0.080   -8.330   -8.350   -21.000   
-424.155   -424.055   -0.080   -8.330   -8.320   -12.000   
-424.205   -424.105   -0.080   -8.330   -8.350   -38.000   
-424.235   -424.140   -0.080   -8.330   -8.320   -24.000   
-424.285   -424.190   -0.080   -8.330   -8.340   -12.000   
-424.320   -424.220   -0.080   -8.330   -8.320   -23.000   
-424.370   -424.270   -0.080   -8.330   -8.350   -18.000   
-424.405   -424.305   -0.080   -8.330   -8.310   38.000   
-424.435   -424.355   -0.080   -8.330   -8.360   39.000   
-424.485   -424.390   -0.080   -8.330   -8.340   -29.000   
-424.520   -424.420   -0.080   -8.330   -8.340   -15.000   
-424.570   -424.470   -0.080   -8.330   -8.310   47.000   
-424.605   -424.505   -0.080   -8.330   -8.360   -31.000   
-424.655   -424.555   -0.080   -8.330   -8.320   6.000   
-424.685   -424.590   -0.080   -8.330   -8.330   -29.000   
-424.735   -424.640   -0.080   -8.330   -8.350   -38.000   
-424.770   -424.670   -0.080   -8.330   -8.320   -18.000   
-424.805   -424.705   -0.080   -8.330   -8.340   -9.000   
-424.855   -424.755   -0.080   -8.330   -8.310   -32.000   
-424.885   -424.790   -0.080   -8.330   -8.360   -27.000   
-424.935   -424.840   -0.080   -8.330   -8.320   -7.000   
-424.970   -424.870   -0.080   -8.330   -8.350   -21.000   
-425.020   -424.920   -0.080   -8.330   -8.350   -13.000   
-425.055   -424.955   -0.080   -8.330   -8.320   43.000   
-425.085   -425.005   -0.080   -8.330   -8.340   -4.000   
-425.135   -425.040   -0.080   -8.330   -8.340   -17.000   
-425.170   -425.070   -0.080   -8.330   -8.310   -21.000   
-425.220   -425.120   -0.080   -8.330   -8.320   -1.000   
-425.255   -425.155   -0.080   -8.330   -8.350   -23.000   
-425.305   -425.205   -0.080   -8.330   -8.320   -14.000   
-425.335   -425.240   -0.080   -8.330   -8.350   -33.000   
-425.385   -425.290   -0.080   -8.330   -8.320   -45.000   
-425.420   -425.320   -0.079   -8.330   -8.360   -17.000   
-425.450   -425.370   -0.078   -8.330   -8.320   -10.000   
-425.500   -425.405   -0.080   -8.330   -8.320   -164.000   
-425.535   -425.440   -0.080   -8.330   -8.075   -178.000   
-425.585   -425.485   -0.080   -8.330   -8.475   -543.000   
-425.620   -425.520   -0.080   -8.330   -8.270   496.000   
-425.670   -425.570   -0.080   -8.330   -8.180   344.000   
-425.700   -425.605   -0.080   -8.330   -8.595   73.000   
-425.750   -425.655   -0.080   -8.330   -8.380   -40.000   
-425.785   -425.685   -0.080   -8.330   -8.300   54.000   
-425.820   -425.735   -0.080   -8.330   -8.340   66.000   
-425.870   -425.770   -0.080   -8.330   -8.350   8.000   
-425.900   -425.805   -0.080   -8.330   -8.330   34.000   
-425.950   -425.855   -0.080   -8.330   -8.320   -39.000   
-425.985   -425.885   -0.080   -8.330   -8.360   -18.000   
-426.035   -425.935   -0.080   -8.330   -8.320   -10.000   
-426.070   -425.970   -0.080   -8.330   -8.350   -37.000   
-426.120   -426.020   -0.080   -8.330   -8.340   -32.000   
-426.150   -426.055   -0.080   -8.330   -8.340   -57.000   
-426.185   -426.105   -0.080   -8.330   -8.330   -36.000   
-426.235   -426.135   -0.080   -8.330   -8.330   -15.000   
-426.270   -426.170   -0.080   -8.330   -8.320   -20.000   
-426.320   -426.220   -0.080   -8.330   -8.320   -5.000   
-426.350   -426.255   -0.080   -8.330   -8.340   -13.000   
-426.400   -426.305   -0.080   -8.330   -8.330   -10.000   
-426.435   -426.335   -0.080   -8.330   -8.340   17.000   
-426.485   -426.385   -0.080   -8.330   -8.330   -7.000   
-426.520   -426.420   -0.080   -8.330   -8.350   -7.000   
-426.550   -426.455   -0.080   -8.330   -8.310   50.000   
-426.600   -426.505   -0.080   -8.330   -8.360   -42.000   
-426.635   -426.535   -0.080   -8.330   -8.320   -29.000   
-426.685   -426.585   -0.080   -8.330   -8.340   -11.000   
-426.720   -426.620   -0.080   -8.330   -8.320   -35.000   
-426.770   -426.670   -0.080   -8.330   -8.360   -27.000   
-426.800   -426.705   -0.080   -8.330   -8.340   -74.000   
-426.835   -426.755   -0.080   -8.330   -8.330   -34.000   
-426.885   -426.785   -0.080   -8.330   -8.350   -14.000   
-426.920   -426.820   -0.080   -8.330   -8.320   -13.000   
-426.970   -426.870   -0.080   -8.330   -8.340   13.000   
-427.000   -426.905   -0.080   -8.330   -8.330   -22.000   
-427.050   -426.955   -0.080   -8.330   -8.350   -20.000   
-427.085   -426.985   -0.080   -8.330   -8.320   10.000   
-427.135   -427.035   -0.080   -8.330   -8.350   -27.000   
-427.170   -427.070   -0.080   -8.330   -8.320   -13.000   
-427.200   -427.120   -0.080   -8.330   -8.320   41.000   
-427.250   -427.155   -0.080   -8.330   -8.340   -25.000   
-427.285   -427.185   -0.080   -8.330   -8.330   -19.000   
-427.335   -427.235   -0.080   -8.330   -8.320   38.000   
-427.370   -427.270   -0.080   -8.330   -8.360   -28.000   
-427.420   -427.320   -0.080   -8.330   -8.350   -7.000   
-427.450   -427.355   -0.080   -8.330   -8.320   14.000   
-427.500   -427.405   -0.080   -8.330   -8.350   -20.000   
-427.535   -427.435   -0.080   -8.330   -8.320   -17.000   
-427.570   -427.485   -0.080   -8.330   -8.330   -17.000   
-427.620   -427.520   -0.080   -8.330   -8.320   -9.000   
-427.650   -427.555   -0.080   -8.330   -8.350   -42.000   
-427.700   -427.605   -0.080   -8.330   -8.320   -23.000   
-427.735   -427.635   -0.080   -8.330   -8.330   59.000   
-427.785   -427.685   -0.080   -8.330   -8.340   -14.000   
-427.820   -427.720   -0.080   -8.330   -8.320   23.000   
-427.870   -427.770   -0.080   -8.330   -8.320   43.000   
-427.900   -427.805   -0.080   -8.330   -8.360   -22.000   
-427.935   -427.835   -0.080   -8.330   -8.320   -7.000   
-427.985   -427.885   -0.080   -8.330   -8.320   55.000   
-428.020   -427.920   -0.080   -8.330   -8.330   11.000   
-428.070   -427.970   -0.080   -8.330   -8.350   -23.000   
-428.100   -428.005   -0.080   -8.330   -8.330   -13.000   
-428.150   -428.055   -0.080   -8.330   -8.310   -39.000   
-428.185   -428.085   -0.080   -8.330   -8.360   -26.000   
-428.235   -428.135   -0.080   -8.330   -8.320   -22.000   
-428.270   -428.170   -0.080   -8.330   -8.340   -10.000   
-428.300   -428.205   -0.080   -8.330   -8.330   -42.000   
-428.350   -428.255   -0.080   -8.330   -8.360   -30.000   
-428.385   -428.285   -0.080   -8.330   -8.340   -69.000   
-428.435   -428.335   -0.080   -8.330   -8.320   -12.000   
-428.470   -428.370   -0.080   -8.330   -8.320   35.000   
-428.520   -428.420   -0.080   -8.330   -8.320   45.000   
-428.550   -428.455   -0.080   -8.330   -8.340   -35.000   
-428.585   -428.505   -0.080   -8.330   -8.340   -25.000   
-428.635   -428.535   -0.080   -8.330   -8.320   39.000   
-428.670   -428.570   -0.080   -8.330   -8.350   -1.000   
-428.720   -428.620   -0.080   -8.330   -8.350   -18.000   
-428.750   -428.655   -0.080   -8.330   -8.320   -17.000   
-428.800   -428.705   -0.080   -8.330   -8.350   -38.000   
-428.835   -428.735   -0.080   -8.330   -8.320   -27.000   
-428.885   -428.785   -0.080   -8.330   -8.330   -14.000   
-428.920   -428.820   -0.080   -8.330   -8.320   -37.000   
-428.950   -428.870   -0.080   -8.330   -8.360   -30.000   
-429.000   -428.905   -0.080   -8.330   -8.320   -13.000   
-429.035   -428.935   -0.080   -8.330   -8.350   -3.000   
-429.085   -428.985   -0.080   -8.330   -8.350   -22.000   
-429.120   -429.020   -0.080   -8.330   -8.320   42.000   
-429.170   -429.070   -0.080   -8.330   -8.330   50.000   
-429.200   -429.105   -0.080   -8.330   -8.350   -35.000   
-429.250   -429.155   -0.080   -8.330   -8.350   -19.000   
-429.285   -429.185   -0.080   -8.330   -8.320   40.000   
-429.320   -429.235   -0.080   -8.330   -8.340   60.000   
-429.370   -429.270   -0.080   -8.330   -8.340   6.000   
-429.400   -429.305   -0.080   -8.330   -8.330   36.000   
-429.450   -429.355   -0.080   -8.330   -8.320   -43.000   
-429.485   -429.385   -0.080   -8.330   -8.360   -25.000   
-429.535   -429.435   -0.080   -8.330   -8.320   -15.000   
-429.565   -429.470   -0.080   -8.330   -8.350   -36.000   
-429.615   -429.520   -0.079   -8.330   -8.340   -34.000   
-429.650   -429.555   -0.079   -8.330   -8.310   -23.000   
-429.685   -429.585   -0.079   -8.330   -8.055   -88.000   
-429.735   -429.635   -0.079   -8.330   -8.075   473.000   
-429.765   -429.670   -0.082   -8.330   -8.475   486.000   
-429.815   -429.720   -0.081   -8.330   -8.210   48.000   
-429.850   -429.750   -0.080   -8.330   -8.585   -363.000   
-429.900   -429.800   -0.080   -8.330   -8.260   31.000   
-429.935   -429.835   -0.080   -8.330   -8.390   19.000   
-429.965   -429.885   -0.080   -8.330   -8.330   33.000   
-430.015   -429.920   -0.080   -8.330   -8.320   -41.000   
-430.050   -429.950   -0.080   -8.330   -8.360   -32.000   
-430.100   -430.000   -0.080   -8.330   -8.320   -15.000   
-430.135   -430.035   -0.080   -8.330   -8.350   30.000   
-430.185   -430.085   -0.080   -8.330   -8.340   -32.000   
-430.215   -430.120   -0.080   -8.330   -8.330   -14.000   
-430.265   -430.170   -0.080   -8.330   -8.330   -6.000   
-430.300   -430.200   -0.080   -8.330   -8.350   -19.000   
-430.335   -430.250   -0.080   -8.330   -8.360   -27.000   
-430.385   -430.285   -0.080   -8.330   -8.320   47.000   
-430.415   -430.320   -0.080   -8.330   -8.340   -8.000   
-430.465   -430.370   -0.080   -8.330   -8.330   -18.000   
-430.500   -430.400   -0.080   -8.330   -8.320   37.000   
-430.550   -430.450   -0.080   -8.330   -8.340   61.000   
-430.585   -430.485   -0.080   -8.330   -8.320   6.000   
-430.635   -430.535   -0.080   -8.330   -8.330   27.000   
-430.665   -430.570   -0.080   -8.330   -8.350   -46.000   
-430.700   -430.620   -0.080   -8.330   -8.340   -31.000   
-430.750   -430.650   -0.080   -8.330   -8.340   -15.000   
-430.785   -430.685   -0.080   -8.330   -8.320   41.000   
-430.835   -430.735   -0.080   -8.330   -8.350   -32.000   
-430.865   -430.770   -0.080   -8.330   -8.320   -13.000   
-430.915   -430.820   -0.080   -8.330   -8.320   -7.000   
-430.950   -430.850   -0.080   -8.330   -8.350   -18.000   
-431.000   -430.900   -0.080   -8.330   -8.320   -25.000   
-431.035   -430.935   -0.080   -8.330   -8.340   -4.000   
-431.065   -430.985   -0.080   -8.330   -8.330   -39.000   
-431.115   -431.020   -0.080   -8.330   -8.360   -20.000   
-431.150   -431.050   -0.080   -8.330   -8.320   -14.000   
-431.200   -431.100   -0.080   -8.330   -8.350   -29.000   
-431.235   -431.135   -0.080   -8.330   -8.320   -18.000   
-431.285   -431.185   -0.080   -8.330   -8.320   43.000   
-431.315   -431.220   -0.080   -8.330   -8.320   -41.000   
-431.365   -431.270   -0.080   -8.330   -8.360   -30.000   
-431.400   -431.300   -0.080   -8.330   -8.320   -13.000   
-431.435   -431.335   -0.080   -8.330   -8.350   48.000   
-431.485   -431.385   -0.080   -8.330   -8.340   -32.000   
-431.515   -431.420   -0.080   -8.330   -8.340   3.000   
-431.565   -431.470   -0.080   -8.330   -8.330   -35.000   
-431.600   -431.500   -0.080   -8.330   -8.330   -16.000   
-431.650   -431.550   -0.080   -8.330   -8.360   -18.000   
-431.685   -431.585   -0.080   -8.330   -8.320   -7.000   
-431.715   -431.635   -0.080   -8.330   -8.350   -36.000   
-431.765   -431.670   -0.080   -8.330   -8.320   -20.000   
-431.800   -431.700   -0.080   -8.330   -8.340   -9.000   
-431.850   -431.750   -0.080   -8.330   -8.340   -17.000   
-431.885   -431.785   -0.080   -8.330   -8.340   -11.000   
-431.935   -431.835   -0.080   -8.330   -8.310   50.000   
-431.965   -431.870   -0.080   -8.330   -8.360   -42.000   
-432.015   -431.920   -0.080   -8.330   -8.330   -26.000   
-432.050   -431.950   -0.080   -8.330   -8.340   -7.000   
-432.085   -432.000   -0.080   -8.330   -8.320   45.000   
-432.135   -432.035   -0.080   -8.330   -8.360   -21.000   
-432.165   -432.070   -0.080   -8.330   -8.340   11.000   
-432.215   -432.120   -0.080   -8.330   -8.330   -42.000   
-432.250   -432.150   -0.080   -8.330   -8.350   -21.000   
-432.300   -432.200   -0.080   -8.330   -8.320   -15.000   
-432.335   -432.235   -0.080   -8.330   -8.340   2.000   
-432.385   -432.285   -0.080   -8.330   -8.320   -29.000   
-432.415   -432.320   -0.080   -8.330   -8.360   -20.000   
-432.450   -432.350   -0.080   -8.330   -8.340   -66.000   
-432.500   -432.400   -0.080   -8.330   -8.320   -9.000   
-432.535   -432.435   -0.080   -8.330   -8.330   -21.000   
-432.585   -432.485   -0.080   -8.330   -8.320   51.000   
-432.615   -432.520   -0.080   -8.330   -8.340   -25.000   
-432.665   -432.570   -0.080   -8.330   -8.330   -13.000   
-432.700   -432.600   -0.080   -8.330   -8.330   38.000   
-432.750   -432.650   -0.080   -8.330   -8.310   -6.000   
-432.785   -432.685   -0.080   -8.330   -8.350   -14.000   
-432.815   -432.720   -0.080   -8.330   -8.320   -9.000   
-432.865   -432.770   -0.080   -8.330   -8.350   -29.000   
-432.900   -432.800   -0.080   -8.330   -8.320   -41.000   
-432.950   -432.850   -0.080   -8.330   -8.350   -20.000   
-432.985   -432.885   -0.080   -8.330   -8.320   -5.000   
-433.035   -432.935   -0.080   -8.330   -8.350   -37.000   
-433.065   -432.970   -0.080   -8.330   -8.320   -18.000   
-433.100   -433.020   -0.080   -8.330   -8.350   -60.000   
-433.150   -433.050   -0.080   -8.330   -8.330   -9.000   
-433.185   -433.085   -0.080   -8.330   -8.340   -23.000   
-433.235   -433.135   -0.080   -8.330   -8.320   38.000   
-433.265   -433.170   -0.080   -8.330   -8.350   -11.000   
-433.315   -433.220   -0.080   -8.330   -8.350   -11.000   
-433.350   -433.250   -0.080   -8.330   -8.320   51.000   
-433.400   -433.300   -0.080   -8.330   -8.330   8.000   
-433.435   -433.335   -0.080   -8.330   -8.340   -5.000   
-433.465   -433.385   -0.080   -8.330   -8.350   -11.000   
-433.515   -433.420   -0.080   -8.330   -8.310   -27.000   
-433.550   -433.450   -0.080   -8.330   -8.360   -28.000   
-433.600   -433.500   -0.080   -8.330   -8.320   -14.000   
-433.635   -433.535   -0.080   -8.330   -8.350   -39.000   
-433.685   -433.585   -0.080   -8.330   -8.340   -27.000   
-433.715   -433.620   -0.080   -8.330   -8.340   -13.000   
-433.765   -433.670   -0.079   -8.330   -8.330   -11.000   
-433.800   -433.700   -0.078   -8.330   -8.340   -14.000   
-433.830   -433.750   -0.079   -8.330   -8.085   271.000   
-433.880   -433.785   -0.080   -8.330   -8.045   -136.000   
-433.915   -433.815   -0.080   -8.330   -8.465   40.000   
-433.965   -433.865   -0.081   -8.330   -8.300   -555.000   
-434.000   -433.900   -0.080   -8.330   -8.180   258.000   
-434.050   -433.950   -0.080   -8.330   -8.280   27.000   
-434.080   -433.985   -0.080   -8.330   -8.350   -63.000   
-434.130   -434.035   -0.080   -8.330   -8.340   -48.000   
-434.165   -434.065   -0.080   -8.330   -8.330   -24.000   
-434.200   -434.100   -0.080   -8.330   -8.330   -18.000   
-434.250   -434.150   -0.080   -8.330   -8.320   -44.000   
-434.280   -434.185   -0.080   -8.330   -8.350   -32.000   
-434.330   -434.235   -0.080   -8.330   -8.340   -51.000   
-434.365   -434.265   -0.080   -8.330   -8.320   5.000   
-434.415   -434.315   -0.080   -8.330   -8.350   -11.000   
-434.450   -434.350   -0.080   -8.330   -8.320   49.000   
-434.500   -434.400   -0.080   -8.330   -8.340   6.000   
-434.530   -434.435   -0.080   -8.330   -8.340   -11.000   
-434.565   -434.465   -0.080   -8.330   -8.310   -21.000   
-434.615   -434.515   -0.080   -8.330   -8.320   5.000   
-434.650   -434.550   -0.080   -8.330   -8.350   -18.000   
-434.700   -434.600   -0.080   -8.330   -8.320   -17.000   
-434.730   -434.635   -0.080   -8.330   -8.350   -35.000   
-434.780   -434.685   -0.080   -8.330   -8.340   -33.000   
-434.815   -434.715   -0.080   -8.330   -8.340   -12.000   
-434.850   -434.765   -0.080   -8.330   -8.310   53.000   
-434.900   -434.800   -0.080   -8.330   -8.360   -18.000   
-434.930   -434.835   -0.080   -8.330   -8.320   -19.000   
-434.980   -434.885   -0.080   -8.330   -8.320   -9.000   
-435.015   -434.915   -0.080   -8.330   -8.350   -19.000   
-435.065   -434.965   -0.080   -8.330   -8.320   -28.000   
-435.100   -435.000   -0.080   -8.330   -8.320   53.000   
-435.150   -435.050   -0.080   -8.330   -8.320   -3.000   
-435.180   -435.085   -0.080   -8.330   -8.350   -21.000   
-435.215   -435.135   -0.080   -8.330   -8.320   -28.000   
-435.265   -435.165   -0.080   -8.330   -8.340   63.000   
-435.300   -435.200   -0.080   -8.330   -8.340   -15.000   
-435.350   -435.250   -0.080   -8.330   -8.330   37.000   
-435.380   -435.285   -0.080   -8.330   -8.320   -49.000   
-435.430   -435.335   -0.080   -8.330   -8.360   -34.000   
-435.465   -435.365   -0.080   -8.330   -8.320   -18.000   
-435.515   -435.415   -0.080   -8.330   -8.320   34.000   
-435.550   -435.450   -0.080   -8.330   -8.340   -36.000   
-435.580   -435.500   -0.080   -8.330   -8.340   -23.000   
-435.630   -435.535   -0.080   -8.330   -8.320   -8.000   
-435.665   -435.565   -0.080   -8.330   -8.350   -38.000   
-435.715   -435.615   -0.080   -8.330   -8.360   -32.000   
-435.750   -435.650   -0.080   -8.330   -8.320   2.000   
-435.800   -435.700   -0.080   -8.330   -8.350   -42.000   
-435.830   -435.735   -0.080   -8.330   -8.320   -29.000   
-435.880   -435.785   -0.080   -8.330   -8.340   -16.000   
-435.915   -435.815   -0.080   -8.330   -8.320   -32.000   
-435.950   -435.850   -0.080   -8.330   -8.350   -21.000   
-436.000   -435.900   -0.080   -8.330   -8.310   44.000   
-436.030   -435.935   -0.080   -8.330   -8.360   41.000   
-436.080   -435.985   -0.080   -8.330   -8.340   -38.000   
-436.115   -436.015   -0.080   -8.330   -8.330   -18.000   
-436.165   -436.065   -0.080   -8.330   -8.320   40.000   
-436.200   -436.100   -0.080   -8.330   -8.360   -35.000   
-436.230   -436.150   -0.080   -8.330   -8.320   3.000   
-436.280   -436.185   -0.080   -8.330   -8.330   -44.000   
-436.315   -436.215   -0.080   -8.330   -8.350   -45.000   
-436.365   -436.265   -0.080   -8.330   -8.320   -29.000   
-436.400   -436.300   -0.080   -8.330   -8.340   -17.000   
-436.450   -436.350   -0.080   -8.330   -8.320   -41.000   
-436.480   -436.385   -0.080   -8.330   -8.360   -24.000   
-436.530   -436.435   -0.080   -8.330   -8.320   -13.000   
-436.565   -436.465   -0.080   -8.330   -8.350   -32.000   
-436.600   -436.515   -0.080   -8.330   -8.350   -24.000   
-436.650   -436.550   -0.080   -8.330   -8.320   46.000   
-436.680   -436.585   -0.080   -8.330   -8.330   47.000   
-436.730   -436.635   -0.080   -8.330   -8.350   -27.000   
-436.765   -436.665   -0.080   -8.330   -8.320   -11.000   
-436.815   -436.715   -0.080   -8.330   -8.320   46.000   
-436.850   -436.750   -0.080   -8.330   -8.340   -33.000   
-436.900   -436.800   -0.080   -8.330   -8.340   -3.000   
-436.930   -436.835   -0.080   -8.330   -8.330   -37.000   
-436.965   -436.885   -0.080   -8.330   -8.320   -38.000   
-437.015   -436.915   -0.080   -8.330   -8.360   -20.000   
-437.050   -436.950   -0.080   -8.330   -8.320   -13.000   
-437.100   -437.000   -0.080   -8.330   -8.350   -43.000   
-437.130   -437.035   -0.080   -8.330   -8.320   -26.000   
-437.180   -437.085   -0.080   -8.330   -8.340   -14.000   
-437.215   -437.115   -0.080   -8.330   -8.340   -23.000   
-437.265   -437.165   -0.080   -8.330   -8.340   -15.000   
-437.300   -437.200   -0.080   -8.330   -8.310   46.000   
-437.330   -437.235   -0.080   -8.330   -8.360   -5.000   
-437.380   -437.285   -0.080   -8.330   -8.350   -19.000   
-437.415   -437.315   -0.080   -8.330   -8.320   -26.000   
-437.465   -437.365   -0.080   -8.330   -8.340   4.000   
-437.500   -437.400   -0.080   -8.330   -8.330   -15.000   
-437.550   -437.450   -0.080   -8.330   -8.350   -11.000   
-437.580   -437.485   -0.080   -8.330   -8.310   -40.000   
-437.630   -437.535   -0.080   -8.330   -8.360   -51.000   
-437.665   -437.565   -0.080   -8.330   -8.320   -21.000   
-437.700   -437.600   -0.080   -8.330   -8.330   -10.000   
-437.750   -437.650   -0.080   -8.330   -8.320   -34.000   
-437.780   -437.685   -0.080   -8.330   -8.360   -26.000   
-437.830   -437.735   -0.080   -8.330   -8.340   -72.000   
-437.865   -437.765   -0.080   -8.330   -8.320   -14.000   
-437.915   -437.815   -0.079   -8.330   -8.350   -26.000   
-437.945   -437.850   -0.079   -8.330   -8.320   44.000   
-437.980   -437.900   -0.080   -8.330   -8.320   -204.000   
-438.030   -437.935   -0.079   -8.330   -8.065   -105.000   
-438.065   -437.965   -0.080   -8.330   -8.045   -554.000   
-438.115   -438.015   -0.080   -8.330   -8.260   517.000   
-438.145   -438.050   -0.081   -8.330   -8.160   354.000   
-438.195   -438.100   -0.080   -8.330   -8.625   41.000   
-438.230   -438.130   -0.080   -8.330   -8.250   -38.000   
-438.280   -438.180   -0.080   -8.330   -8.330   7.000   
-438.315   -438.215   -0.080   -8.330   -8.320   -44.000   
-438.345   -438.265   -0.080   -8.330   -8.360   -30.000   
-438.395   -438.300   -0.080   -8.330   -8.350   -70.000   
-438.430   -438.330   -0.080   -8.330   -8.310   -38.000   
-438.480   -438.380   -0.080   -8.330   -8.350   -17.000   
-438.515   -438.415   -0.080   -8.330   -8.320   47.000   
-438.565   -438.465   -0.080   -8.330   -8.330   -2.000   
-438.595   -438.500   -0.080   -8.330   -8.350   -17.000   
-438.645   -438.550   -0.080   -8.330   -8.360   -24.000   
-438.680   -438.580   -0.080   -8.330   -8.320   -5.000   
-438.715   -438.630   -0.080   -8.330   -8.350   -18.000   
-438.765   -438.665   -0.080   -8.330   -8.320   -10.000   
-438.795   -438.700   -0.080   -8.330   -8.350   46.000   
-438.845   -438.750   -0.080   -8.330   -8.330   -45.000   
-438.880   -438.780   -0.080   -8.330   -8.350   -18.000   
-438.930   -438.830   -0.080   -8.330   -8.320   -11.000   
-438.965   -438.865   -0.080   -8.330   -8.350   -31.000   
-439.015   -438.915   -0.080   -8.330   -8.340   -24.000   
-439.045   -438.950   -0.080   -8.330   -8.340   -62.000   
-439.080   -438.980   -0.080   -8.330   -8.330   -33.000   
-439.130   -439.030   -0.080   -8.330   -8.340   -21.000   
-439.165   -439.065   -0.080   -8.330   -8.320   -22.000   
-439.215   -439.115   -0.080   -8.330   -8.320   5.000   
-439.245   -439.150   -0.080   -8.330   -8.350   -10.000   
-439.295   -439.200   -0.080   -8.330   -8.320   -17.000   
-439.330   -439.230   -0.080   -8.330   -8.340   -1.000   
-439.365   -439.280   -0.080   -8.330   -8.330   -22.000   
-439.415   -439.315   -0.080   -8.330   -8.350   -11.000   
-439.445   -439.350   -0.080   -8.330   -8.310   43.000   
-439.495   -439.400   -0.080   -8.330   -8.360   -26.000   
-439.530   -439.430   -0.080   -8.330   -8.320   -10.000   
-439.580   -439.480   -0.080   -8.330   -8.320   42.000   
-439.615   -439.515   -0.080   -8.330   -8.340   -27.000   
-439.665   -439.565   -0.080   -8.330   -8.340   -16.000   
-439.695   -439.600   -0.080   -8.330   -8.330   -3.000   
-439.730   -439.650   -0.080   -8.330   -8.320   -27.000   
-439.780   -439.680   -0.080   -8.330   -8.360   -18.000   
-439.815   -439.715   -0.080   -8.330   -8.320   -18.000   
-439.865   -439.765   -0.080   -8.330   -8.340   -4.000   
-439.895   -439.800   -0.080   -8.330   -8.340   -11.000   
-439.945   -439.850   -0.080   -8.330   -8.350   -18.000   
-439.980   -439.880   -0.080   -8.330   -8.340   69.000   
-440.030   -439.930   -0.080   -8.330   -8.320   -5.000   
-440.065   -439.965   -0.080   -8.330   -8.330   32.000   
-440.095   -440.015   -0.080   -8.330   -8.320   44.000   
-440.145   -440.050   -0.080   -8.330   -8.340   -33.000   
-440.180   -440.080   -0.080   -8.330   -8.340   -19.000   
-440.230   -440.130   -0.080   -8.330   -8.310   51.000   
-440.265   -440.165   -0.080   -8.330   -8.360   -21.000   
-440.315   -440.215   -0.080   -8.330   -8.350   -5.000   
-440.345   -440.250   -0.080   -8.330   -8.320   4.000   
-440.430   -440.330   -0.080   -8.330   -8.320   -19.000   
-440.465   -440.380   -0.080   -8.330   -8.330   -18.000   
-440.515   -440.415   -0.080   -8.330   -8.320   -11.000   
-440.545   -440.450   -0.080   -8.330   -8.350   -38.000   
-440.595   -440.500   -0.080   -8.330   -8.320   -29.000   
-440.630   -440.530   -0.080   -8.330   -8.340   58.000   
-440.680   -440.580   -0.080   -8.330   -8.340   -13.000   
-440.715   -440.615   -0.080   -8.330   -8.320   32.000   
-440.765   -440.665   -0.080   -8.330   -8.320   54.000   
-440.795   -440.700   -0.080   -8.330   -8.360   -21.000   
-440.830   -440.730   -0.080   -8.330   -8.320   -9.000   
-440.880   -440.780   -0.080   -8.330   -8.320   48.000   
-440.915   -440.815   -0.080   -8.330   -8.340   7.000   
-440.965   -440.865   -0.080   -8.330   -8.340   -16.000   
-440.995   -440.900   -0.080   -8.330   -8.330   -8.000   
-441.045   -440.950   -0.080   -8.330   -8.310   -37.000   
-441.080   -440.980   -0.080   -8.330   -8.360   -27.000   
-441.115   -441.030   -0.080   -8.330   -8.320   -16.000   
-441.165   -441.065   -0.080   -8.330   -8.350   -38.000   
-441.195   -441.100   -0.080   -8.330   -8.320   -31.000   
-441.245   -441.150   -0.080   -8.330   -8.340   -13.000   
-441.280   -441.180   -0.080   -8.330   -8.320   11.000   
-441.330   -441.230   -0.080   -8.330   -8.350   -5.000   
-441.365   -441.265   -0.080   -8.330   -8.310   53.000   
-441.415   -441.315   -0.080   -8.330   -8.320   61.000   
-441.445   -441.350   -0.080   -8.330   -8.340   -22.000   
-441.480   -441.400   -0.080   -8.330   -8.330   -14.000   
-441.530   -441.430   -0.080   -8.330   -8.330   40.000   
-441.565   -441.465   -0.080   -8.330   -8.350   57.000   
-441.615   -441.515   -0.080   -8.330   -8.320   8.000   
-441.645   -441.550   -0.080   -8.330   -8.330   -35.000   
-441.695   -441.600   -0.080   -8.330   -8.350   -45.000   
-441.730   -441.630   -0.080   -8.330   -8.320   -25.000   
-441.780   -441.680   -0.080   -8.330   -8.330   -11.000   
-441.815   -441.715   -0.080   -8.330   -8.320   -39.000   
-441.845   -441.765   -0.080   -8.330   -8.360   -32.000   
-441.895   -441.800   -0.080   -8.330   -8.320   -12.000   
-441.930   -441.830   -0.080   -8.330   -8.350   -5.000   
-441.980   -441.880   -0.080   -8.330   -8.340   -26.000   
-442.015   -441.915   -0.080   -8.330   -8.320   37.000   
-442.060   -441.965   -0.080   -8.330   -8.340   -6.000   
-442.095   -442.000   -0.079   -8.330   -8.330   -18.000   
-442.145   -442.050   -0.079   -8.330   -8.330   -35.000   
-442.180   -442.080   -0.079   -8.330   -8.075   292.000   
-442.210   -442.115   -0.079   -8.330   -8.035   525.000   
-442.260   -442.165   -0.082   -8.330   -8.475   -13.000   
-442.295   -442.195   -0.081   -8.330   -8.290   82.000   
-442.345   -442.245   -0.080   -8.330   -8.595   -458.000   
-442.380   -442.280   -0.080   -8.330   -8.250   10.000   
-442.430   -442.330   -0.080   -8.330   -8.400   -35.000   
-442.460   -442.365   -0.080   -8.330   -8.300   -17.000   
-442.495   -442.415   -0.080   -8.330   -8.320   -7.000   
-442.545   -442.445   -0.080   -8.330   -8.350   -23.000   
-442.580   -442.480   -0.080   -8.330   -8.320   -27.000   
-442.630   -442.530   -0.080   -8.330   -8.330   48.000   
-442.660   -442.565   -0.080   -8.330   -8.350   -7.000   
-442.710   -442.615   -0.080   -8.330   -8.350   -20.000   
-442.745   -442.645   -0.080   -8.330   -8.320   40.000   
-442.795   -442.695   -0.080   -8.330   -8.340   63.000   
-442.830   -442.730   -0.080   -8.330   -8.340   4.000   
-442.860   -442.780   -0.080   -8.330   -8.330   32.000   
-442.910   -442.815   -0.080   -8.330   -8.330   -41.000   
-442.945   -442.845   -0.080   -8.330   -8.350   -35.000   
-442.995   -442.895   -0.080   -8.330   -8.320   -20.000   
-443.030   -442.930   -0.080   -8.330   -8.350   -48.000   
-443.080   -442.980   -0.080   -8.330   -8.330   -36.000   
-443.110   -443.015   -0.080   -8.330   -8.350   -13.000   
-443.160   -443.065   -0.080   -8.330   -8.330   -2.000   
-443.195   -443.095   -0.080   -8.330   -8.330   -20.000   
-443.230   -443.145   -0.080   -8.330   -8.360   -28.000   
-443.280   -443.180   -0.080   -8.330   -8.320   -11.000   
-443.310   -443.215   -0.080   -8.330   -8.350   -42.000   
-443.360   -443.265   -0.080   -8.330   -8.320   -26.000   
-443.395   -443.295   -0.080   -8.330   -8.330   1.000   
-443.445   -443.345   -0.080   -8.330   -8.340   -27.000   
-443.480   -443.380   -0.080   -8.330   -8.340   -21.000   
-443.530   -443.430   -0.080   -8.330   -8.310   39.000   
-443.560   -443.465   -0.080   -8.330   -8.360   -52.000   
-443.595   -443.515   -0.080   -8.330   -8.320   -32.000   
-443.645   -443.545   -0.080   -8.330   -8.340   -12.000   
-443.680   -443.580   -0.080   -8.330   -8.310   41.000   
-443.730   -443.630   -0.080   -8.330   -8.360   -31.000   
-443.760   -443.665   -0.080   -8.330   -8.340   -72.000   
-443.810   -443.715   -0.080   -8.330   -8.330   -41.000   
-443.845   -443.745   -0.080   -8.330   -8.350   -20.000   
-443.895   -443.795   -0.080   -8.330   -8.320   -19.000   
-443.930   -443.830   -0.080   -8.330   -8.340   -4.000   
-443.960   -443.865   -0.080   -8.330   -8.340   -35.000   
-444.010   -443.915   -0.080   -8.330   -8.360   -25.000   
-444.045   -443.945   -0.080   -8.330   -8.320   -17.000   
-444.095   -443.995   -0.080   -8.330   -8.350   -26.000   
-444.130   -444.030   -0.080   -8.330   -8.320   -12.000   
-444.180   -444.080   -0.080   -8.330   -8.320   51.000   
-444.210   -444.115   -0.080   -8.330   -8.320   -48.000   
-444.245   -444.165   -0.080   -8.330   -8.360   -32.000   
-444.295   -444.195   -0.080   -8.330   -8.320   -14.000   
-444.330   -444.230   -0.080   -8.330   -8.350   41.000   
-444.380   -444.280   -0.080   -8.330   -8.340   -28.000   
-444.410   -444.315   -0.080   -8.330   -8.340   12.000   
-444.460   -444.365   -0.080   -8.330   -8.330   -38.000   
-444.495   -444.395   -0.080   -8.330   -8.330   -22.000   
-444.545   -444.445   -0.080   -8.330   -8.350   -28.000   
-444.580   -444.480   -0.080   -8.330   -8.320   2.000   
-444.610   -444.530   -0.080   -8.330   -8.350   -35.000   
-444.660   -444.565   -0.080   -8.330   -8.320   -21.000   
-444.695   -444.595   -0.080   -8.330   -8.340   -64.000   
-444.745   -444.645   -0.080   -8.330   -8.330   -10.000   
-444.780   -444.680   -0.080   -8.330   -8.340   37.000   
-444.830   -444.730   -0.080   -8.330   -8.310   45.000   
-444.860   -444.765   -0.080   -8.330   -8.360   -30.000   
-444.910   -444.815   -0.080   -8.330   -8.350   -13.000   
-444.945   -444.845   -0.080   -8.330   -8.320   43.000   
-444.980   -444.895   -0.080   -8.330   -8.330   -2.000   
-445.030   -444.930   -0.080   -8.330   -8.350   -18.000   
-445.060   -444.965   -0.080   -8.330   -8.330   -17.000   
-445.110   -445.015   -0.080   -8.330   -8.310   -37.000   
-445.145   -445.045   -0.080   -8.330   -8.360   -24.000   
-445.195   -445.095   -0.080   -8.330   -8.320   -22.000   
-445.230   -445.130   -0.080   -8.330   -8.340   -7.000   
-445.280   -445.180   -0.080   -8.330   -8.320   -35.000   
-445.310   -445.215   -0.080   -8.330   -8.360   -19.000   
-445.345   -445.245   -0.080   -8.330   -8.340   -63.000   
-445.395   -445.295   -0.080   -8.330   -8.320   -6.000   
-445.430   -445.330   -0.080   -8.330   -8.330   -17.000   
-445.480   -445.380   -0.080   -8.330   -8.320   45.000   
-445.510   -445.415   -0.080   -8.330   -8.340   -23.000   
-445.560   -445.465   -0.080   -8.330   -8.340   -16.000   
-445.595   -445.495   -0.080   -8.330   -8.310   41.000   
-445.645   -445.545   -0.080   -8.330   -8.320   -1.000   
-445.680   -445.580   -0.080   -8.330   -8.350   -14.000   
-445.710   -445.615   -0.080   -8.330   -8.320   -13.000   
-445.760   -445.665   -0.080   -8.330   -8.350   -32.000   
-445.795   -445.695   -0.080   -8.330   -8.320   -29.000   
-445.845   -445.745   -0.080   -8.330   -8.340   -10.000   
-445.880   -445.780   -0.080   -8.330   -8.310   -36.000   
-445.930   -445.830   -0.080   -8.330   -8.360   -27.000   
-445.960   -445.865   -0.080   -8.330   -8.320   -11.000   
-445.995   -445.915   -0.080   -8.330   -8.320   -7.000   
-446.045   -445.945   -0.080   -8.330   -8.350   -13.000   
-446.080   -445.980   -0.080   -8.330   -8.320   -23.000   
-446.130   -446.030   -0.080   -8.330   -8.320   45.000   
-446.160   -446.065   -0.080   -8.330   -8.360   -4.000   
-446.210   -446.115   -0.080   -8.330   -8.350   -14.000   
-446.245   -446.145   -0.079   -8.330   -8.320   43.000   
-446.295   -446.195   -0.078   -8.330   -8.330   65.000   
-446.325   -446.230   -0.080   -8.330   -8.320   -147.000   
-446.360   -446.280   -0.080   -8.330   -8.075   -153.000   
-446.410   -446.310   -0.080   -8.330   -8.465   -500.000   
-446.445   -446.345   -0.081   -8.330   -8.250   -525.000   
-446.495   -446.395   -0.080   -8.330   -8.220   239.000   
-446.525   -446.430   -0.080   -8.330   -8.575   44.000   
-446.575   -446.480   -0.080   -8.330   -8.390   -127.000   
-446.610   -446.510   -0.080   -8.330   -8.320   -4.000   
-446.660   -446.560   -0.080   -8.330   -8.330   -23.000   
-446.695   -446.595   -0.080   -8.330   -8.320   45.000   
-446.725   -446.645   -0.080   -8.330   -8.360   -3.000   
-446.775   -446.680   -0.080   -8.330   -8.350   -13.000   
-446.810   -446.710   -0.080   -8.330   -8.320   -20.000   
-446.860   -446.760   -0.080   -8.330   -8.340   -2.000   
-446.895   -446.795   -0.080   -8.330   -8.340   -16.000   
-446.945   -446.845   -0.080   -8.330   -8.340   -10.000   
-446.975   -446.880   -0.080   -8.330   -8.320   -33.000   
-447.025   -446.930   -0.080   -8.330   -8.360   -30.000   
-447.060   -446.960   -0.080   -8.330   -8.320   -8.000   
-447.095   -446.995   -0.080   -8.330   -8.350   41.000   
-447.145   -447.045   -0.080   -8.330   -8.330   -30.000   
-447.175   -447.080   -0.080   -8.330   -8.330   -9.000   
-447.225   -447.130   -0.080   -8.330   -8.330   11.000   
-447.260   -447.160   -0.080   -8.330   -8.340   -3.000   
-447.310   -447.210   -0.080   -8.330   -8.360   -11.000   
-447.345   -447.245   -0.080   -8.330   -8.320   61.000   
-447.375   -447.295   -0.080   -8.330   -8.340   6.000   
-447.425   -447.330   -0.080   -8.330   -8.330   -14.000   
-447.460   -447.360   -0.080   -8.330   -8.320   -24.000   
-447.510   -447.410   -0.080   -8.330   -8.340   58.000   
-447.545   -447.445   -0.080   -8.330   -8.320   -9.000   
-447.595   -447.495   -0.080   -8.330   -8.320   37.000   
-447.625   -447.530   -0.080   -8.330   -8.360   -44.000   
-447.675   -447.580   -0.080   -8.330   -8.340   -27.000   
-447.710   -447.610   -0.080   -8.330   -8.330   -8.000   
-447.745   -447.660   -0.080   -8.330   -8.330   46.000   
-447.795   -447.695   -0.080   -8.330   -8.350   -13.000   
-447.825   -447.730   -0.080   -8.330   -8.320   -7.000   
-447.875   -447.780   -0.080   -8.330   -8.320   11.000   
-447.910   -447.810   -0.080   -8.330   -8.350   -15.000   
-447.960   -447.860   -0.080   -8.330   -8.320   -26.000   
-447.995   -447.895   -0.080   -8.330   -8.340   2.000   
-448.045   -447.945   -0.080   -8.330   -8.320   -32.000   
-448.075   -447.980   -0.080   -8.330   -8.360   -22.000   
-448.110   -448.030   -0.080   -8.330   -8.320   -16.000   
-448.160   -448.060   -0.080   -8.330   -8.350   -27.000   
-448.195   -448.095   -0.080   -8.330   -8.320   -14.000   
-448.245   -448.145   -0.080   -8.330   -8.320   46.000   
-448.275   -448.180   -0.080   -8.330   -8.330   -37.000   
-448.325   -448.230   -0.080   -8.330   -8.350   -17.000   
-448.360   -448.260   -0.080   -8.330   -8.320   -6.000   
-448.410   -448.310   -0.080   -8.330   -8.320   41.000   
-448.445   -448.345   -0.080   -8.330   -8.340   -31.000   
-448.475   -448.395   -0.080   -8.330   -8.340   -6.000   
-448.525   -448.430   -0.080   -8.330   -8.330   -38.000   
-448.560   -448.460   -0.080   -8.330   -8.330   -39.000   
-448.610   -448.510   -0.080   -8.330   -8.350   -28.000   
-448.645   -448.545   -0.080   -8.330   -8.320   -13.000   
-448.695   -448.595   -0.080   -8.330   -8.350   -42.000   
-448.725   -448.630   -0.080   -8.330   -8.320   -29.000   
-448.775   -448.680   -0.080   -8.330   -8.340   -17.000   
-448.810   -448.710   -0.080   -8.330   -8.330   -27.000   
-448.845   -448.745   -0.080   -8.330   -8.330   -18.000   
-448.895   -448.795   -0.080   -8.330   -8.320   39.000   
-448.925   -448.830   -0.080   -8.330   -8.360   40.000   
-448.975   -448.880   -0.080   -8.330   -8.340   -35.000   
-449.010   -448.910   -0.080   -8.330   -8.330   -15.000   
-449.060   -448.960   -0.080   -8.330   -8.320   47.000   
-449.095   -448.995   -0.080   -8.330   -8.360   -35.000   
-449.125   -449.045   -0.080   -8.330   -8.320   -5.000   
-449.175   -449.080   -0.080   -8.330   -8.330   -45.000   
-449.210   -449.110   -0.080   -8.330   -8.350   -50.000   
-449.260   -449.160   -0.080   -8.330   -8.320   -24.000   
-449.295   -449.195   -0.080   -8.330   -8.340   -12.000   
-449.345   -449.245   -0.080   -8.330   -8.320   -39.000   
-449.375   -449.280   -0.080   -8.330   -8.360   -26.000   
-449.425   -449.330   -0.080   -8.330   -8.320   -21.000   
-449.460   -449.360   -0.080   -8.330   -8.350   -31.000   
-449.495   -449.410   -0.080   -8.330   -8.350   -18.000   
-449.545   -449.445   -0.080   -8.330   -8.320   51.000   
-449.575   -449.480   -0.080   -8.330   -8.330   7.000   
-449.625   -449.530   -0.080   -8.330   -8.340   -20.000   
-449.660   -449.560   -0.080   -8.330   -8.330   41.000   
-449.710   -449.610   -0.080   -8.330   -8.320   -4.000   
-449.745   -449.645   -0.080   -8.330   -8.350   -20.000   
-449.795   -449.695   -0.080   -8.330   -8.320   -16.000   
-449.825   -449.730   -0.080   -8.330   -8.350   -41.000   
-449.860   -449.760   -0.080   -8.330   -8.320   -49.000   
-449.910   -449.810   -0.080   -8.330   -8.360   -28.000   
-449.945   -449.845   -0.080   -8.330   -8.320   -21.000   
-449.995   -449.895   -0.080   -8.330   -8.350   -41.000   
-450.025   -449.930   -0.080   -8.330   -8.320   -27.000   
-450.075   -449.980   -0.080   -8.330   -8.340   -69.000   
-450.110   -450.010   -0.080   -8.330   -8.330   -14.000   
-450.160   -450.060   -0.080   -8.330   -8.330   -31.000   
-450.195   -450.095   -0.080   -8.330   -8.320   46.000   
-450.225   -450.130   -0.080   -8.330   -8.360   -6.000   
-450.275   -450.180   -0.080   -8.330   -8.350   -19.000   
-450.310   -450.210   -0.080   -8.330   -8.320   -24.000   
-450.360   -450.260   -0.080   -8.330   -8.330   -4.000   
-450.390   -450.295   -0.080   -8.330   -8.350   -15.000   
-450.440   -450.345   -0.079   -8.330   -8.350   -17.000   
-450.475   -450.380   -0.079   -8.330   -8.290   -47.000   
-450.525   -450.430   -0.079   -8.330   -8.095   -122.000   
-450.560   -450.460   -0.079   -8.330   -8.035   483.000   
-450.590   -450.495   -0.080   -8.330   -8.475   482.000   
-450.640   -450.545   -0.081   -8.330   -8.170   89.000   
-450.675   -450.575   -0.080   -8.330   -8.605   27.000   
-450.725   -450.625   -0.080   -8.330   -8.260   -50.000   
-450.760   -450.660   -0.080   -8.330   -8.350   64.000   
-450.810   -450.710   -0.080   -8.330   -8.330   -5.000   
-450.840   -450.745   -0.080   -8.330   -8.340   -16.000   
-450.875   -450.795   -0.080   -8.330   -8.330   -26.000   
-450.925   -450.825   -0.080   -8.330   -8.340   -4.000   
-450.960   -450.860   -0.080   -8.330   -8.340   -30.000   
-451.010   -450.910   -0.080   -8.330   -8.340   -15.000   
-451.040   -450.945   -0.080   -8.330   -8.310   -33.000   
-451.090   -450.995   -0.080   -8.330   -8.360   -43.000   
-451.125   -451.025   -0.080   -8.330   -8.320   -21.000   
-451.175   -451.075   -0.080   -8.330   -8.330   -15.000   
-451.210   -451.110   -0.080   -8.330   -8.320   -38.000   
-451.240   -451.160   -0.080   -8.330   -8.360   -30.000   
-451.290   -451.195   -0.080   -8.330   -8.340   -68.000   
-451.325   -451.225   -0.080   -8.330   -8.320   -38.000   
-451.375   -451.275   -0.080   -8.330   -8.350   -25.000   
-451.410   -451.310   -0.080   -8.330   -8.320   42.000   
-451.460   -451.360   -0.080   -8.330   -8.340   -7.000   
-451.490   -451.395   -0.080   -8.330   -8.340   -21.000   
-451.540   -451.445   -0.080   -8.330   -8.360   -24.000   
-451.575   -451.475   -0.080   -8.330   -8.320   -5.000   
-451.610   -451.525   -0.080   -8.330   -8.350   -27.000   
-451.660   -451.560   -0.080   -8.330   -8.320   -16.000   
-451.690   -451.595   -0.080   -8.330   -8.350   40.000   
-451.740   -451.645   -0.080   -8.330   -8.340   -30.000   
-451.775   -451.675   -0.080   -8.330   -8.340   -13.000   
-451.825   -451.725   -0.080   -8.330   -8.310   45.000   
-451.860   -451.760   -0.080   -8.330   -8.360   -32.000   
-451.890   -451.810   -0.080   -8.330   -8.350   -18.000   
-451.940   -451.845   -0.080   -8.330   -8.320   5.000   
-451.975   -451.875   -0.080   -8.330   -8.350   -36.000   
-452.025   -451.925   -0.080   -8.330   -8.320   -27.000   
-452.060   -451.960   -0.080   -8.330   -8.330   -20.000   
-452.110   -452.010   -0.080   -8.330   -8.320   3.000   
-452.140   -452.045   -0.080   -8.330   -8.350   -11.000   
-452.190   -452.095   -0.080   -8.330   -8.320   -15.000   
-452.225   -452.125   -0.080   -8.330   -8.340   69.000   
-452.260   -452.175   -0.080   -8.330   -8.330   -7.000   
-452.310   -452.210   -0.080   -8.330   -8.330   34.000   
-452.340   -452.245   -0.080   -8.330   -8.320   43.000   
-452.390   -452.295   -0.080   -8.330   -8.360   -26.000   
-452.425   -452.325   -0.080   -8.330   -8.320   -11.000   
-452.475   -452.375   -0.080   -8.330   -8.320   48.000   
-452.510   -452.410   -0.080   -8.330   -8.340   -28.000   
-452.560   -452.460   -0.080   -8.330   -8.330   -17.000   
-452.590   -452.495   -0.080   -8.330   -8.330   -4.000   
-452.625   -452.545   -0.080   -8.330   -8.320   -30.000   
-452.675   -452.575   -0.080   -8.330   -8.360   -17.000   
-452.710   -452.610   -0.080   -8.330   -8.320   -16.000   
-452.760   -452.660   -0.080   -8.330   -8.340   -1.000   
-452.790   -452.695   -0.080   -8.330   -8.340   -15.000   
-452.840   -452.745   -0.080   -8.330   -8.360   -21.000   
-452.875   -452.775   -0.080   -8.330   -8.340   63.000   
-452.925   -452.825   -0.080   -8.330   -8.320   -6.000   
-452.960   -452.860   -0.080   -8.330   -8.320   41.000   
-452.990   -452.910   -0.080   -8.330   -8.320   51.000   
-453.040   -452.945   -0.080   -8.330   -8.340   -35.000   
-453.075   -452.975   -0.080   -8.330   -8.330   -33.000   
-453.125   -453.025   -0.080   -8.330   -8.310   -4.000   
-453.160   -453.060   -0.080   -8.330   -8.350   -10.000   
-453.210   -453.110   -0.080   -8.330   -8.310   19.000   
-453.240   -453.145   -0.080   -8.330   -8.340   -37.000   
-453.290   -453.195   -0.080   -8.330   -8.350   -28.000   
-453.325   -453.225   -0.080   -8.330   -8.320   -12.000   
-453.360   -453.260   -0.080   -8.330   -8.350   38.000   
-453.410   -453.310   -0.080   -8.330   -8.330   -43.000   
-453.440   -453.345   -0.080   -8.330   -8.350   -26.000   
-453.490   -453.395   -0.080   -8.330   -8.340   -59.000   
-453.525   -453.425   -0.080   -8.330   -8.320   -12.000   
-453.575   -453.475   -0.080   -8.330   -8.350   -25.000   
-453.610   -453.510   -0.080   -8.330   -8.320   -3.000   
-453.660   -453.560   -0.080   -8.330   -8.350   -32.000   
-453.690   -453.595   -0.080   -8.330   -8.320   -18.000   
-453.725   -453.625   -0.080   -8.330   -8.330   -15.000   
-453.775   -453.675   -0.080   -8.330   -8.320   -6.000   
-453.810   -453.710   -0.080   -8.330   -8.350   -23.000   
-453.860   -453.760   -0.080   -8.330   -8.320   -15.000   
-453.890   -453.795   -0.080   -8.330   -8.350   -35.000   
-453.940   -453.845   -0.080   -8.330   -8.340   -32.000   
-453.975   -453.875   -0.080   -8.330   -8.340   -16.000   
-454.010   -453.925   -0.080   -8.330   -8.310   35.000   
-454.060   -453.960   -0.080   -8.330   -8.360   -50.000   
-454.090   -453.995   -0.080   -8.330   -8.320   -28.000   
-454.140   -454.045   -0.080   -8.330   -8.350   -55.000   
-454.175   -454.075   -0.080   -8.330   -8.330   -25.000   
-454.225   -454.125   -0.080   -8.330   -8.330   -11.000   
-454.260   -454.160   -0.080   -8.330   -8.330   10.000   
-454.310   -454.210   -0.080   -8.330   -8.310   -29.000   
-454.340   -454.245   -0.080   -8.330   -8.360   -19.000   
-454.375   -454.295   -0.080   -8.330   -8.320   -24.000   
-454.425   -454.325   -0.080   -8.330   -8.340   -4.000   
-454.460   -454.360   -0.080   -8.330   -8.330   -21.000   
-454.510   -454.410   -0.080   -8.330   -8.350   -15.000   
-454.540   -454.445   -0.080   -8.330   -8.310   -36.000   
-454.590   -454.495   -0.079   -8.330   -8.370   -31.000   
-454.625   -454.525   -0.078   -8.330   -8.310   -13.000   
-454.675   -454.575   -0.079   -8.330   -8.075   285.000   
-454.705   -454.610   -0.080   -8.330   -8.045   -157.000   
-454.740   -454.655   -0.082   -8.330   -8.475   26.000   
-454.790   -454.690   -0.081   -8.330   -8.280   -593.000   
-454.825   -454.725   -0.080   -8.330   -8.170   -459.000   
-454.875   -454.775   -0.080   -8.330   -8.250   18.000   
-454.905   -454.810   -0.080   -8.330   -8.400   -56.000   
-454.955   -454.860   -0.080   -8.330   -8.300   -25.000   
-454.990   -454.890   -0.080   -8.330   -8.340   -11.000   
-455.040   -454.940   -0.080   -8.330   -8.340   -32.000   
-455.075   -454.975   -0.080   -8.330   -8.340   -18.000   
-455.105   -455.010   -0.080   -8.330   -8.310   42.000   
-455.155   -455.060   -0.080   -8.330   -8.360   -17.000   
-455.190   -455.090   -0.080   -8.330   -8.320   -6.000   
-455.240   -455.140   -0.080   -8.330   -8.320   56.000   
-455.275   -455.175   -0.080   -8.330   -8.320   -33.000   
-455.325   -455.225   -0.080   -8.330   -8.360   -21.000   
-455.355   -455.260   -0.080   -8.330   -8.350   -63.000   
-455.390   -455.310   -0.080   -8.330   -8.330   -34.000   
-455.440   -455.340   -0.080   -8.330   -8.350   -24.000   
-455.475   -455.375   -0.080   -8.330   -8.320   -15.000   
-455.525   -455.425   -0.080   -8.330   -8.350   -37.000   
-455.555   -455.460   -0.080   -8.330   -8.320   -55.000   
-455.605   -455.510   -0.080   -8.330   -8.350   -27.000   
-455.640   -455.540   -0.080   -8.330   -8.320   2.000   
-455.690   -455.590   -0.080   -8.330   -8.350   -27.000   
-455.725   -455.625   -0.080   -8.330   -8.320   -14.000   
-455.755   -455.675   -0.080   -8.330   -8.320   47.000   
-455.805   -455.710   -0.080   -8.330   -8.340   -35.000   
-455.840   -455.740   -0.080   -8.330   -8.340   -27.000   
-455.890   -455.790   -0.080   -8.330   -8.320   40.000   
-455.925   -455.825   -0.080   -8.330   -8.350   -35.000   
-455.975   -455.875   -0.080   -8.330   -8.350   -20.000   
-456.005   -455.910   -0.080   -8.330   -8.320   -9.000   
-456.055   -455.960   -0.080   -8.330   -8.350   -42.000   
-456.090   -455.990   -0.080   -8.330   -8.320   -28.000   
-456.125   -456.040   -0.080   -8.330   -8.340   -18.000   
-456.175   -456.075   -0.080   -8.330   -8.320   -41.000   
-456.205   -456.110   -0.080   -8.330   -8.360   -47.000   
-456.255   -456.160   -0.080   -8.330   -8.320   -26.000   
-456.290   -456.190   -0.080   -8.330   -8.340   52.000   
-456.340   -456.240   -0.080   -8.330   -8.330   -18.000   
-456.375   -456.275   -0.080   -8.330   -8.340   29.000   
-456.425   -456.325   -0.080   -8.330   -8.330   -6.000   
-456.455   -456.360   -0.080   -8.330   -8.340   -23.000   
-456.490   -456.390   -0.080   -8.330   -8.320   -27.000   
-456.540   -456.440   -0.080   -8.330   -8.320   40.000   
-456.575   -456.475   -0.080   -8.330   -8.340   -10.000   
-456.625   -456.525   -0.080   -8.330   -8.340   -20.000   
-456.655   -456.560   -0.080   -8.330   -8.330   -11.000   
-456.705   -456.610   -0.080   -8.330   -8.310   -38.000   
-456.740   -456.640   -0.080   -8.330   -8.360   -27.000   
-456.775   -456.690   -0.080   -8.330   -8.320   -15.000   
-456.825   -456.725   -0.080   -8.330   -8.350   -40.000   
-456.855   -456.760   -0.080   -8.330   -8.320   -35.000   
-456.905   -456.810   -0.080   -8.330   -8.340   -20.000   
-456.940   -456.840   -0.080   -8.330   -8.330   -5.000   
-456.990   -456.890   -0.080   -8.330   -8.340   -21.000   
-457.025   -456.925   -0.080   -8.330   -8.310   45.000   
-457.075   -456.975   -0.080   -8.330   -8.320   -4.000   
-457.105   -457.010   -0.080   -8.330   -8.350   -19.000   
-457.140   -457.060   -0.080   -8.330   -8.320   -26.000   
-457.190   -457.090   -0.080   -8.330   -8.320   46.000   
-457.225   -457.125   -0.080   -8.330   -8.360   59.000   
-457.275   -457.175   -0.080   -8.330   -8.310   5.000   
-457.305   -457.210   -0.080   -8.330   -8.340   32.000   
-457.355   -457.260   -0.080   -8.330   -8.350   -24.000   
-457.390   -457.290   -0.080   -8.330   -8.320   -17.000   
-457.440   -457.340   -0.080   -8.330   -8.320   44.000   
-457.475   -457.375   -0.080   -8.330   -8.320   -46.000   
-457.505   -457.425   -0.080   -8.330   -8.360   -30.000   
-457.555   -457.460   -0.080   -8.330   -8.320   -10.000   
-457.590   -457.490   -0.080   -8.330   -8.350   -4.000   
-457.640   -457.540   -0.080   -8.330   -8.350   -15.000   
-457.675   -457.575   -0.080   -8.330   -8.320   35.000   
-457.725   -457.625   -0.080   -8.330   -8.340   -5.000   
-457.755   -457.660   -0.080   -8.330   -8.330   -15.000   
-457.805   -457.710   -0.080   -8.330   -8.360   -21.000   
-457.840   -457.740   -0.080   -8.330   -8.320   49.000   
-457.875   -457.790   -0.080   -8.330   -8.340   65.000   
-457.925   -457.825   -0.080   -8.330   -8.340   -3.000   
-457.955   -457.860   -0.080   -8.330   -8.340   37.000   
-458.005   -457.910   -0.080   -8.330   -8.330   -27.000   
-458.040   -457.940   -0.080   -8.330   -8.350   -10.000   
-458.090   -457.990   -0.080   -8.330   -8.310   45.000   
-458.125   -458.025   -0.080   -8.330   -8.360   -45.000   
-458.175   -458.075   -0.080   -8.330   -8.340   -29.000   
-458.205   -458.110   -0.080   -8.330   -8.340   -14.000   
-458.240   -458.140   -0.080   -8.330   -8.320   -7.000   
-458.290   -458.190   -0.080   -8.330   -8.350   -13.000   
-458.325   -458.225   -0.080   -8.330   -8.310   -23.000   
-458.375   -458.275   -0.080   -8.330   -8.320   8.000   
-458.405   -458.310   -0.080   -8.330   -8.350   -23.000   
-458.455   -458.360   -0.080   -8.330   -8.320   -28.000   
-458.490   -458.390   -0.080   -8.330   -8.340   -7.000   
-458.525   -458.440   -0.080   -8.330   -8.330   -25.000   
-458.575   -458.475   -0.080   -8.330   -8.350   -13.000   
-458.605   -458.510   -0.080   -8.330   -8.310   43.000   
-458.655   -458.560   -0.080   -8.330   -8.360   -37.000   
-458.690   -458.590   -0.080   -8.330   -8.320   -20.000   
-458.740   -458.640   -0.079   -8.330   -8.320   39.000   
-458.770   -458.675   -0.079   -8.330   -8.320   -44.000   
-458.820   -458.725   -0.080   -8.330   -8.340   -218.000   
-458.855   -458.760   -0.079   -8.330   -8.055   -112.000   
-458.890   -458.805   -0.080   -8.330   -8.485   -513.000   
-458.940   -458.840   -0.081   -8.330   -8.250   469.000   
-458.970   -458.875   -0.081   -8.330   -8.210   242.000   
-459.020   -458.925   -0.080   -8.330   -8.585   38.000   
-459.055   -458.955   -0.080   -8.330   -8.240   31.000   
-459.105   -459.005   -0.080   -8.330   -8.330   87.000   
-459.140   -459.040   -0.080   -8.330   -8.320   2.000   
-459.190   -459.090   -0.080   -8.330   -8.320   40.000   
-459.220   -459.125   -0.080   -8.330   -8.360   -26.000   
-459.255   -459.175   -0.080   -8.330   -8.320   -15.000   
-459.305   -459.205   -0.080   -8.330   -8.320   40.000   
-459.340   -459.240   -0.080   -8.330   -8.330   47.000   
-459.390   -459.290   -0.080   -8.330   -8.350   -24.000   
-459.420   -459.325   -0.080   -8.330   -8.340   -69.000   
-459.470   -459.375   -0.080   -8.330   -8.330   -43.000   
-459.505   -459.405   -0.080   -8.330   -8.350   -22.000   
-459.555   -459.455   -0.080   -8.330   -8.320   -9.000   
-459.590   -459.490   -0.080   -8.330   -8.350   -29.000   
-459.620   -459.540   -0.080   -8.330   -8.320   -41.000   
-459.670   -459.575   -0.080   -8.330   -8.360   -18.000   
-459.705   -459.605   -0.080   -8.330   -8.320   -12.000   
-459.755   -459.655   -0.080   -8.330   -8.350   -20.000   
-459.790   -459.690   -0.080   -8.330   -8.320   -8.000   
-459.840   -459.740   -0.080   -8.330   -8.330   51.000   
-459.870   -459.775   -0.080   -8.330   -8.340   -25.000   
-459.920   -459.825   -0.080   -8.330   -8.330   -13.000   
-459.955   -459.855   -0.080   -8.330   -8.330   38.000   
-459.990   -459.890   -0.080   -8.330   -8.350   42.000   
-460.040   -459.940   -0.080   -8.330   -8.340   -25.000   
-460.070   -459.975   -0.080   -8.330   -8.340   11.000   
-460.120   -460.025   -0.080   -8.330   -8.330   -30.000   
-460.155   -460.055   -0.080   -8.330   -8.340   -21.000   
-460.205   -460.105   -0.080   -8.330   -8.340   -11.000   
-460.240   -460.140   -0.080   -8.330   -8.320   -35.000   
-460.270   -460.190   -0.080   -8.330   -8.350   -39.000   
-460.320   -460.225   -0.080   -8.330   -8.320   -15.000   
-460.355   -460.255   -0.080   -8.330   -8.340   -7.000   
-460.405   -460.305   -0.080   -8.330   -8.320   -23.000   
-460.440   -460.340   -0.080   -8.330   -8.350   -16.000   
-460.490   -460.390   -0.080   -8.330   -8.320   34.000   
-460.520   -460.425   -0.080   -8.330   -8.350   -28.000   
-460.570   -460.475   -0.080   -8.330   -8.350   -11.000   
-460.605   -460.505   -0.080   -8.330   -8.320   49.000   
-460.640   -460.555   -0.080   -8.330   -8.330   2.000   
-460.690   -460.590   -0.080   -8.330   -8.350   -7.000   
-460.720   -460.625   -0.080   -8.330   -8.330   -10.000   
-460.770   -460.675   -0.080   -8.330   -8.310   -30.000   
-460.805   -460.705   -0.080   -8.330   -8.360   -21.000   
-460.855   -460.755   -0.080   -8.330   -8.320   -11.000   
-460.890   -460.790   -0.080   -8.330   -8.350   -38.000   
-460.940   -460.840   -0.080   -8.330   -8.320   -47.000   
-460.970   -460.875   -0.080   -8.330   -8.360   -24.000   
-461.005   -460.925   -0.080   -8.330   -8.350   -72.000   
-461.055   -460.955   -0.080   -8.330   -8.310   -13.000   
-461.090   -460.990   -0.080   -8.330   -8.330   -12.000   
-461.140   -461.040   -0.080   -8.330   -8.320   7.000   
-461.170   -461.075   -0.080   -8.330   -8.350   -10.000   
-461.220   -461.125   -0.080   -8.330   -8.320   -17.000   
-461.255   -461.155   -0.080   -8.330   -8.330   48.000   
-461.305   -461.205   -0.080   -8.330   -8.320   -8.000   
-461.340   -461.240   -0.080   -8.330   -8.350   -21.000   
-461.370   -461.275   -0.080   -8.330   -8.320   -19.000   
-461.420   -461.325   -0.080   -8.330   -8.350   -35.000   
-461.455   -461.355   -0.080   -8.330   -8.320   -40.000   
-461.505   -461.405   -0.080   -8.330   -8.340   -16.000   
-461.540   -461.440   -0.080   -8.330   -8.310   -35.000   
-461.590   -461.490   -0.080   -8.330   -8.360   -36.000   
-461.620   -461.525   -0.080   -8.330   -8.320   -13.000   
-461.655   -461.575   -0.080   -8.330   -8.340   -58.000   
-461.705   -461.605   -0.080   -8.330   -8.330   1.000   
-461.740   -461.640   -0.080   -8.330   -8.330   -15.000   
-461.790   -461.690   -0.080   -8.330   -8.340   6.000   
-461.820   -461.725   -0.080   -8.330   -8.340   -31.000   
-461.870   -461.775   -0.080   -8.330   -8.360   -26.000   
-461.905   -461.805   -0.080   -8.330   -8.320   36.000   
-461.955   -461.855   -0.080   -8.330   -8.340   -6.000   
-461.990   -461.890   -0.080   -8.330   -8.340   -15.000   
-462.020   -461.940   -0.080   -8.330   -8.350   -14.000   
-462.070   -461.975   -0.080   -8.330   -8.320   -34.000   
-462.105   -462.005   -0.080   -8.330   -8.350   -24.000   
-462.155   -462.055   -0.080   -8.330   -8.320   3.000   
-462.190   -462.090   -0.080   -8.330   -8.350   -21.000   
-462.240   -462.140   -0.080   -8.330   -8.340   -20.000   
-462.270   -462.175   -0.080   -8.330   -8.340   -7.000   
-462.320   -462.225   -0.080   -8.330   -8.320   6.000   
-462.390   -462.305   -0.080   -8.330   -8.360   -24.000   
-462.440   -462.340   -0.080   -8.330   -8.320   3.000   
-462.470   -462.375   -0.080   -8.330   -8.350   -39.000   
-462.520   -462.425   -0.080   -8.330   -8.320   -26.000   
-462.555   -462.455   -0.080   -8.330   -8.330   40.000   
-462.605   -462.505   -0.080   -8.330   -8.340   58.000   
-462.640   -462.540   -0.080   -8.330   -8.320   2.000   
-462.690   -462.590   -0.080   -8.330   -8.330   32.000   
-462.720   -462.625   -0.080   -8.330   -8.350   -27.000   
-462.755   -462.675   -0.080   -8.330   -8.320   -21.000   
-462.805   -462.705   -0.080   -8.330   -8.320   41.000   
-462.840   -462.740   -0.080   -8.330   -8.320   47.000   
-462.885   -462.790   -0.080   -8.330   -8.360   -34.000   
-462.920   -462.825   -0.079   -8.330   -8.320   -11.000   
-462.970   -462.875   -0.079   -8.330   -8.300   -12.000   
-463.005   -462.905   -0.079   -8.330   -8.085   282.000   
-463.055   -462.955   -0.079   -8.330   -8.035   492.000   
-463.085   -462.985   -0.082   -8.330   -8.465   13.000   
-463.120   -463.020   -0.081   -8.330   -8.270   88.000   
-463.170   -463.070   -0.080   -8.330   -8.595   -345.000   
-463.205   -463.105   -0.080   -8.330   -8.240   -28.000   
-463.255   -463.155   -0.080   -8.330   -8.370   46.000   
-463.285   -463.190   -0.080   -8.330   -8.340   -33.000   
-463.335   -463.240   -0.080   -8.330   -8.350   -24.000   
-463.370   -463.270   -0.080   -8.330   -8.320   38.000   
-463.405   -463.320   -0.080   -8.330   -8.320   41.000   
-463.455   -463.355   -0.080   -8.330   -8.360   -32.000   
-463.485   -463.390   -0.080   -8.330   -8.320   -21.000   
-463.535   -463.440   -0.080   -8.330   -8.320   -6.000   
-463.570   -463.470   -0.080   -8.330   -8.350   -38.000   
-463.620   -463.520   -0.080   -8.330   -8.320   -30.000   
-463.655   -463.555   -0.080   -8.330   -8.340   -3.000   
-463.705   -463.605   -0.080   -8.330   -8.310   -44.000   
-463.735   -463.640   -0.080   -8.330   -8.360   -26.000   
-463.770   -463.690   -0.080   -8.330   -8.320   -24.000   
-463.820   -463.720   -0.080   -8.330   -8.340   59.000   
-463.855   -463.755   -0.080   -8.330   -8.340   -15.000   
-463.905   -463.805   -0.080   -8.330   -8.330   29.000   
-463.935   -463.840   -0.080   -8.330   -8.330   -30.000   
-463.985   -463.890   -0.080   -8.330   -8.350   -21.000   
-464.020   -463.920   -0.080   -8.330   -8.310   41.000   
-464.070   -463.970   -0.080   -8.330   -8.320   46.000   
-464.105   -464.005   -0.080   -8.330   -8.340   -38.000   
-464.135   -464.055   -0.080   -8.330   -8.340   -21.000   
-464.185   -464.090   -0.080   -8.330   -8.330   -7.000   
-464.220   -464.120   -0.080   -8.330   -8.340   -35.000   
-464.270   -464.170   -0.080   -8.330   -8.360   -23.000   
-464.305   -464.205   -0.080   -8.330   -8.320   -3.000   
-464.355   -464.255   -0.080   -8.330   -8.350   -45.000   
-464.385   -464.290   -0.080   -8.330   -8.320   -27.000   
-464.435   -464.340   -0.080   -8.330   -8.330   -13.000   
-464.470   -464.370   -0.080   -8.330   -8.340   -22.000   
-464.505   -464.405   -0.080   -8.330   -8.340   -16.000   
-464.555   -464.455   -0.080   -8.330   -8.310   48.000   
-464.585   -464.490   -0.080   -6.245   -8.360   -5.000   
-464.610   -464.540   -0.075   -3.120   -8.350   -19.000   
-464.620   -464.570   -0.062   -1.040   -8.320   44.000   
-464.620   -464.615   -0.030   0.000   -7.680   -4.000   
-464.620   -464.635   -0.008   0.000   -5.985   -513.000   
-464.620   -464.645   0.015   0.000   -0.970   -598.000   
-464.620   -464.640   0.017   0.000   1.000   -574.000   
-464.620   -464.635   0.010   0.000   1.925   -124.000   
-464.620   -464.625   0.004   0.000   1.540   7.000   
-464.620   -464.620   0.001   0.000   1.150   158.000   
-464.620   -464.620   0.000   0.000   0.040   -100.000   
-464.620   -464.620   -0.000   0.000   0.090   39.000   
-464.620   -464.620   -0.000   0.000   -0.010   -9.000   
-464.620   -464.620   -0.000   0.000   0.000   -8.000   
-464.620   -464.620   0.000   0.000   -0.010   -7.000   
-464.620   -464.620   0.000   0.000   0.000   -8.000   
-464.620   -464.620   0.000   0.000   0.000   -9.000   
-464.620   -464.620   0.000   0.000   0.000   -6.000   
-464.620   -464.620   0.000   0.000   0.000   -7.000   
-464.620   -464.620   0.000   0.000   0.000   -6.000   
-464.620   -464.620   0.000   0.000   0.000   -10.000   
-464.620   -464.620   0.000   0.000   0.000   -6.000   
-464.620   -464.620   0.000   0.000   0.000   -6.000   
-464.620   -464.620   0.000   0.000   0.000   -6.000   
-464.620   -464.620   0.000   0.000   0.000   -6.000   
-464.620   -464.620   0.000   0.000   0.000   -3.000   
-464.620   -464.620   0.000   0.000   0.000   -6.000   
-464.620   -464.620   0.000   0.000   0.000   -6.000   
-464.620   -464.620   0.000   0.000   0.000   -6.000   
-464.620   -464.620   0.000   0.000   0.000   -6.000   
-464.620   -464.620   0.000   0.000   0.000   -3.000   
-464.620   -464.620   0.000   0.000   0.000   -6.000   
-464.620   -464.620   0.000   0.000   0.000   -8.000   
-464.620   -464.620   0.000   0.000   0.000   -6.000   
-464.620   -464.620   0.000   0.000   0.000   -6.000   
-464.620   -464.620   0.000   0.000   0.000   -6.000   
-464.620   -464.620   0.000   0.000   0.000   -6.000   
-464.620   -464.620   0.000   0.000   0.000   -6.000   
-464.620   -464.620   0.000   0.000   0.000   -6.000   
-464.620   -464.620   0.000   0.000   0.000   -6.000   
-464.620   -464.620   0.000   0.000   0.000   -5.000   
-464.620   -464.620   0.000   0.000   0.000   -6.000   
-464.620   -464.620   0.000   0.000   0.000   -6.000   
-464.620   -464.620   0.000   0.000   0.000   -6.000   
-464.620   -464.620   0.000   0.000   0.000   -6.000   
-464.620   -464.620   0.000   0.000   0.000   -6.000   
-464.620   -464.620   0.000   0.000   0.000   -6.000   
-464.620   -464.620   0.000   0.000   0.000   -6.000   
-464.620   -464.620   0.000   0.000   0.000   -6.000   
-464.620   -464.620   0.000   0.000   0.000   -6.000   
-464.620   -464.620   0.000   0.000   0.000   -6.000   
-464.620   -464.620   0.000   0.000   0.000   -5.000   
-464.620   -464.620   0.000   0.000   0.000   -6.000   
-464.620   -464.620   0.000   0.000   0.000   -6.000   
-464.620   -464.620   0.000   0.000   0.000   -3.000   
-464.620   -464.620   0.000   0.000   0.000   -5.000   
-464.620   -464.620   0.000   0.000   0.000   -6.000   
-464.620   -464.620   0.000   0.000   0.000   -6.000   
-464.620   -464.620   0.000   0.000   0.000   -5.000   
-464.620   -464.620   0.000   0.000   0.000   -6.000   
-464.620   -464.620   0.000   0.000   0.000   -5.000   
-464.620   -464.620   0.000   0.000   0.000   -6.000   
-464.620   -464.620   0.000   0.000   0.000   -5.000   
-464.620   -464.620   0.000   0.000   0.000   -6.000   
-464.620   -464.620   0.000   0.000   0.000   -6.000   
-464.620   -464.620   0.000   0.000   0.000   -6.000   
-464.620   -464.620   0.000   0.000   0.000   -6.000   
-464.620   -464.620   0.000   0.000   0.000   -5.000   
-464.620   -464.620   0.000   0.000   0.000   -5.000   
-464.620   -464.620   0.000   0.000   0.000   -4.000   
-464.620   -464.620   0.000   0.000   0.000   -5.000   
-464.620   -464.620   0.000   0.000   0.000   -6.000   
-464.620   -464.620   0.000   0.000   0.000   -6.000   
-464.620   -464.620   0.000   0.000   0.000   -15.000   
-464.620   -464.620   0.000   0.000   0.000   -15.000   
-464.620   -464.620   0.000   0.000   0.000   -15.000   
-464.620   -464.620   0.000   0.000   0.000   -14.000   
-464.620   -464.620   0.000   0.000   0.000   -15.000   
-464.620   -464.620   0.000   0.000   0.000   -15.000   
-464.620   -464.620   0.000   0.000   0.000   -11.000   
-464.620   -464.620   0.000   0.000   0.000   -13.000   
-464.620   -464.620   0.000   0.000   0.000   -15.000   
-464.620   -464.620   0.000   0.000   0.000   -15.000   
-464.620   -464.620   0.000   0.000   0.000   -15.000   
-464.620   -464.620   0.000   0.000   0.000   -15.000   
-464.620   -464.620   0.000   0.000   0.000   -14.000   
-464.620   -464.620   0.000   0.000   0.000   -15.000   
-464.620   -464.620   0.000   0.000   0.000   -15.000   
-464.620   -464.620   0.000   0.000   0.000   -10.000   
-464.620   -464.620   0.000   0.000   0.000   -15.000   
-464.620   -464.620   0.000   0.000   0.000   -14.000   
-464.620   -464.620   0.000   0.000   0.000   -11.000   
-464.620   -464.620   0.000   0.000   0.000   -14.000   
-464.620   -464.620   0.000   0.000   0.000   -14.000   
-464.620   -464.620   0.000   0.000   0.000   -14.000   
-464.620   -464.620   0.000   0.000   0.000   -13.000   
-464.620   -464.620   0.000   0.000   0.000   -14.000   
-464.620   -464.620   0.000   0.000   0.000   -15.000   
-464.620   -464.620   0.000   0.000   0.000   -13.000   
-464.620   -464.620   0.000   0.000   0.000   -14.000   
-464.620   -464.620   0.000   0.000   0.000   -12.000   
-464.620   -464.620   0.000   0.000   0.000   -13.000   
-464.620   -464.620   0.000   0.000   0.000   -13.000   
-464.620   -464.620   0.000   0.000   0.000   -14.000   
-464.620   -464.620   0.000   0.000   0.000   -14.000   
-464.620   -464.620   0.000   0.000   0.000   -13.000   
-464.620   -464.620   0.000   0.000   0.000   -14.000   
-464.620   -464.620   0.000   0.000   0.000   -14.000   
-464.620   -464.620   0.000   0.000   0.000   -15.000   
-464.620   -464.620   0.000   0.000   0.000   -14.000   
-464.620   -464.620   0.000   0.000   0.000   -14.000   
-464.620   -464.620   0.000   0.000   0.000   -13.000   
-464.620   -464.620   0.000   0.000   0.000   -13.000   
-464.620   -464.620   0.000   0.000   0.000   -14.000   
-464.620   -464.620   0.000   0.000   0.000   -15.000   
-464.620   -464.620   0.000   0.000   0.000   -5.000   
-464.620   -464.620   0.000   0.000   0.000   -4.000   
-464.620   -464.620   0.000   0.000   0.000   -5.000   
-464.620   -464.620   0.000   0.000   0.000   -3.000   
-464.620   -464.620   0.000   0.000   0.000   -3.000   
-464.620   -464.620   0.000   0.000   0.000   -2.000   
-464.620   -464.620   0.000   0.000   0.000   -3.000   
-464.620   -464.620   0.000   0.000   0.000   -4.000   
-464.620   -464.620   0.000   0.000   0.000   -3.000   
-464.620   -464.620   0.000   0.000   0.000   -3.000   
-464.620   -464.620   0.000   0.000   0.000   -4.000   
-464.620   -464.620   0.000   0.000   0.000   -4.000   
-464.620   -464.620   0.000   0.000   0.000   -4.000   
-464.620   -464.620   0.000   0.000   0.000   -5.000   
-464.620   -464.620   0.000   0.000   0.000   -3.000   
-464.620   -464.620   0.000   0.000   0.000   -3.000   
-464.620   -464.620   0.000   0.000   0.000   -4.000   
-464.620   -464.620   0.000   0.000   0.000   -5.000   
-464.620   -464.620   0.000   0.000   0.000   -3.000   
-464.620   -464.620   0.000   0.000   0.000   -5.000   
-464.620   -464.620   0.000   0.000   0.000   -5.000   
-464.620   -464.620   0.000   0.000   0.000   -5.000   
-464.620   -464.620   0.000   0.000   0.000   -4.000   
-464.620   -464.620   0.000   0.000   0.000   -4.000   
-464.620   -464.620   0.000   0.000   0.000   -3.000   
-464.620   -464.620   0.000   0.000   0.000   -3.000   
-464.620   -464.620   0.000   0.000   0.000   -5.000   
-464.620   -464.620   0.000   0.000   0.000   -4.000   
-464.620   -464.620   0.000   0.000   0.000   -5.000   
-464.620   -464.620   0.000   0.000   0.000   -4.000   
-464.620   -464.620   0.000   0.000   0.000   -3.000   
-464.620   -464.620   0.000   0.000   0.000   -4.000   
-464.620   -464.620   0.000   0.000   0.000   -3.000   
-464.620   -464.620   0.000   0.000   0.000   -5.000   
-464.620   -464.620   0.000   0.000   0.000   -4.000   
-464.620   -464.620   0.000   0.000   0.000   -2.000   
-464.620   -464.620   0.000   0.000   0.000   -4.000   
-464.620   -464.620   0.000   0.000   0.000   -4.000   
-464.620   -464.620   0.000   0.000   0.000   -3.000   
-464.620   -464.620   0.000   0.000   0.000   -5.000   
-464.620   -464.620   0.000   0.000   0.000   -5.000   
-464.620   -464.620   0.000   0.000   0.000   -5.000   
-464.620   -464.620   0.000   0.000   0.000   -5.000   
-464.620   -464.620   0.000   0.000   0.000   -5.000   
-464.620   -464.620   0.000   0.000   0.000   -4.000   
-464.620   -464.620   0.000   0.000   0.000   -4.000   
-464.620   -464.620   0.000   0.000   0.000   -6.000   
-464.620   -464.620   0.000   0.000   0.000   -4.000   
-464.620   -464.620   0.000   0.000   0.000   -2.000   
-464.620   -464.620   0.000   0.000   0.000   -4.000   
-464.620   -464.620   0.000   0.000   0.000   -4.000   
-464.620   -464.620   0.000   0.000   0.000   -3.000   
-464.620   -464.620   0.000   0.000   0.000   -4.000   
-464.620   -464.620   0.000   0.000   0.000   -3.000   
-464.620   -464.620   0.000   0.000   0.000   -5.000   
-464.620   -464.620   0.000   0.000   0.000   -4.000   
-464.620   -464.620   0.000   0.000   0.000   -5.000   
-464.620   -464.620   0.000   0.000   0.000   -2.000   
-464.620   -464.620   0.000   0.000   0.000   -4.000   
-464.620   -464.620   0.000   0.000   0.000   -4.000   
-464.620   -464.620   0.000   0.000   0.000   -3.000   
-464.620   -464.620   0.000   0.000   0.000   -3.000   
-464.620   -464.620   0.000   0.000   0.000   -3.000   
-464.620   -464.620   0.000   0.000   0.000   -4.000   
-464.620   -464.620   0.000   0.000   0.000   -5.000   
-464.620   -464.620   0.000   0.000   0.000   -3.000   
-464.620   -464.620   0.000   0.000   0.000   -3.000   
-464.620   -464.620   0.000   0.000   0.000   -3.000   
-464.620   -464.620   0.000   0.000   0.000   -3.000   
-464.620   -464.620   0.000   0.000   0.000   -4.000   
-464.620   -464.620   0.000   0.000   0.000   -3.000   
-464.620   -464.620   0.000   0.000   0.000   -2.000   
-464.620   -464.620   0.000   0.000   0.000   -4.000   
-464.620   -464.620   0.000   0.000   0.000   -4.000   
-464.620   -464.620   0.000   0.000   0.000   -3.000   
-464.620   -464.620   0.000   0.000   0.000   -4.000   
-464.620   -464.620   0.000   0.000   0.000   -3.000   
-464.620   -464.620   0.000   0.000   0.000   -4.000   
-464.620   -464.620   0.000   0.000   0.000   -3.000   
-464.620   -464.620   0.000   0.000   0.000   -3.000   
-464.620   -464.620   0.000   0.000   0.000   -5.000   
-464.620   -464.620   0.000   0.000   0.000   -4.000   
-464.620   -464.620   0.000   0.000   0.000   -4.000   
-464.620   -464.620   0.000   0.000   0.000   -3.000   
-464.620   -464.620   0.000   0.000   0.000   -5.000   
-464.620   -464.620   0.000   0.000   0.000   -3.000   
-464.620   -464.620   0.000   0.000   0.000   -2.000   
-464.620   -464.620   0.000   0.000   0.000   -4.000   
-464.620   -464.620   0.000   0.000   0.000   -5.000   
-464.620   -464.620   0.000   0.000   0.000   -3.000   
-464.620   -464.620   0.000   0.000   0.000   -5.000   
-464.620   -464.620   0.000   0.000   0.000   -4.000   
-464.620   -464.620   0.000   0.000   0.000   -4.000   
-464.620   -464.620   0.000   0.000   0.000   -4.000   
-464.620   -464.620   0.000   0.000   0.000   -4.000   
-464.620   -464.620   0.000   0.000   0.000   -5.000   
-464.620   -464.620   0.000   0.000   0.000   -4.000   
-464.620   -464.620   0.000   0.000   0.000   -5.000   
-464.620   -464.620   0.000   0.000   0.000   -5.000   
-464.620   -464.620   0.000   0.000   0.000   -3.000   
-464.620   -464.620   0.000   0.000   0.000   -3.000   
-464.620   -464.620   0.000   0.000   0.000   -4.000   
-464.620   -464.620   0.000   0.000   0.000   -3.000   
-464.620   -464.620   0.000   0.000   0.000   -4.000   
-464.620   -464.620   0.000   0.000   0.000   -2.000   
-464.620   -464.620   0.000   0.000   0.000   -5.000   
-464.620   -464.620   0.000   0.000   0.000   -2.000   
-464.620   -464.620   0.000   0.000   0.000   -2.000   
-464.620   -464.620   0.000   0.000   0.000   -3.000   
-464.620   -464.620   0.000   0.000   0.000   -2.000   
-464.620   -464.620   0.000   0.000   0.000   -5.000   
-464.620   -464.620   0.000   0.000   0.000   -5.000   
-464.620   -464.620   0.000   0.000   0.000   -3.000   
-464.620   -464.620   0.000   0.000   0.000   -4.000   
-464.620   -464.620   0.000   0.000   0.000   -3.000   
-464.620   -464.620   0.000   0.000   0.000   -4.000   
-464.620   -464.620   0.000   0.000   0.000   -3.000   
-464.620   -464.620   0.000   0.000   0.000   -4.000   
-464.620   -464.620   0.000   0.000   0.000   -4.000   
-464.620   -464.620   0.000   0.000   0.000   -2.000   
-464.620   -464.620   0.000   0.000   0.000   -3.000   
-464.620   -464.620   0.000   0.000   0.000   -3.000   
-464.620   -464.620   0.000   0.000   0.000   -4.000   
-464.620   -464.620   0.000   0.000   0.000   -3.000   
-464.620   -464.620   0.000   0.000   0.000   -4.000   
-464.620   -464.620   0.000   0.000   0.000   -4.000   
-464.620   -464.620   0.000   0.000   0.000   -5.000   
-464.620   -464.620   0.000   0.000   0.000   6.000   
-464.620   -464.620   0.000   0.000   0.000   4.000   
-464.620   -464.620   0.000   0.000   0.000   5.000   
-464.620   -464.620   0.000   0.000   0.000   5.000   
-464.620   -464.620   0.000   0.000   0.000   5.000   
-464.620   -464.620   0.000   0.000   0.000   6.000   
-464.620   -464.620   0.000   0.000   0.000   5.000   
-464.620   -464.620   0.000   0.000   0.000   6.000   
-464.620   -464.620   0.000   0.000   0.000   6.000   
-464.620   -464.620   0.000   0.000   0.000   6.000   
-464.620   -464.620   0.000   0.000   0.000   5.000   
-464.620   -464.620   0.000   0.000   0.000   5.000   
-464.620   -464.620   0.000   0.000   0.000   5.000   
-464.620   -464.620   0.000   0.000   0.000   4.000   
-464.620   -464.620   0.000   0.000   0.000   4.000   
-464.620   -464.620   0.000   0.000   0.000   7.000   
-464.620   -464.620   0.000   0.000   0.000   6.000   
-464.620   -464.620   0.000   0.000   0.000   5.000   
-464.620   -464.620   0.000   0.000   0.000   4.000   
-464.620   -464.620   0.000   0.000   0.000   5.000   
-464.620   -464.620   0.000   0.000   0.000   5.000   
-464.620   -464.620   0.000   0.000   0.000   5.000   
-464.620   -464.620   0.000   0.000   0.000   4.000   
-464.620   -464.620   0.000   0.000   0.000   5.000   
-464.620   -464.620   0.000   0.000   0.000   6.000   
-464.620   -464.620   0.000   0.000   0.000   5.000   
-464.620   -464.620   0.000   0.000   0.000   6.000   
-464.620   -464.620   0.000   0.000   0.000   6.000   
-464.620   -464.620   0.000   0.000   0.000   6.000   
-464.620   -464.620   0.000   0.000   0.000   6.000   
-464.620   -464.620   0.000   0.000   0.000   6.000   
-464.620   -464.620   0.000   0.000   0.000   5.000   
-464.620   -464.620   0.000   0.000   0.000   4.000   
-464.620   -464.620   0.000   0.000   0.000   4.000   
-464.620   -464.620   0.000   0.000   0.000   5.000   
-464.620   -464.620   0.000   0.000   0.000   5.000   
-464.620   -464.620   0.000   0.000   0.000   4.000   
-464.620   -464.620   0.000   0.000   0.000   5.000   
-464.620   -464.620   0.000   0.000   0.000   7.000   
-464.620   -464.620   0.000   0.000   0.000   6.000   
-464.620   -464.620   0.000   0.000   0.000   4.000   
-464.620   -464.620   0.000   0.000   0.000   6.000   
-464.620   -464.620   0.000   0.000   0.000   -4.000   
-464.620   -464.620   0.000   0.000   0.000   -3.000   
-464.620   -464.620   0.000   0.000   0.000   -4.000   
-464.620   -464.620   0.000   0.000   0.000   -4.000   
-464.620   -464.620   0.000   0.000   0.000   -4.000   
-464.620   -464.620   0.000   0.000   0.000   -5.000   
-464.620   -464.620   0.000   0.000   0.000   -4.000   
-464.620   -464.620   0.000   0.000   0.000   -4.000   
-464.620   -464.620   0.000   0.000   0.000   -3.000   
-464.620   -464.620   0.000   0.000   0.000   -3.000   
-464.620   -464.620   0.000   0.000   0.000   -4.000   
-464.620   -464.620   0.000   0.000   0.000   -2.000   
-464.620   -464.620   0.000   0.000   0.000   -3.000   
-464.620   -464.620   0.000   0.000   0.000   -3.000   
-464.620   -464.620   0.000   0.000   0.000   -2.000   
-464.620   -464.620   0.000   0.000   0.000   -4.000   
-464.620   -464.620   0.000   0.000   0.000   -3.000   
-464.620   -464.620   0.000   0.000   0.000   -1.000   
-464.620   -464.620   0.000   0.000   0.000   -3.000   
-464.620   -464.620   0.000   0.000   0.000   -1.000   
-464.620   -464.620   0.000   0.000   0.000   -3.000   
-464.620   -464.620   0.000   0.000   0.000   -2.000   
-464.620   -464.620   0.000   0.000   0.000   -2.000   
-464.620   -464.620   0.000   0.000   0.000   -3.000   
-464.620   -464.620   0.000   0.000   0.000   -2.000   
-464.620   -464.620   0.000   0.000   0.000   -3.000   
-464.620   -464.620   0.000   0.000   0.000   -4.000   
-464.620   -464.620   0.000   0.000   0.000   -3.000   
-464.620   -464.620   0.000   0.000   0.000   -4.000   
-464.620   -464.620   0.000   0.000   0.000   -2.000   
-464.620   -464.620   0.000   0.000   0.000   -3.000   
-464.620   -464.620   0.000   0.000   0.000   -2.000   
-464.620   -464.620   0.000   0.000   0.000   -3.000   
-464.620   -464.620   0.000   0.000   0.000   -5.000   
-464.620   -464.620   0.000   0.000   0.000   -1.000   
-464.620   -464.620   0.000   0.000   0.000   -1.000   
-464.620   -464.620   0.000   0.000   0.000   -2.000   
-464.620   -464.620   0.000   0.000   0.000   -3.000   
-464.620   -464.620   0.000   0.000   0.000   -2.000   
-464.620   -464.620   0.000   0.000   0.000   -4.000   
-464.620   -464.620   0.000   0.000   0.000   -3.000   
-464.620   -464.620   0.000   0.000   0.000   -3.000   
-464.620   -464.620   0.000   0.000   0.000   -3.000   
-464.620   -464.620   0.000   0.000   0.000   -5.000   
-464.620   -464.620   0.000   0.000   0.000   -2.000   
-464.620   -464.620   0.000   0.000   0.000   -5.000   
-464.620   -464.620   0.000   0.000   0.000   -2.000   
-464.620   -464.620   0.000   0.000   0.000   -2.000   
-464.620   -464.620   0.000   0.000   0.000   -2.000   
-464.620   -464.620   0.000   0.000   0.000   -3.000   
-464.620   -464.620   0.000   0.000   0.000   -4.000   
-464.620   -464.620   0.000   0.000   0.000   -4.000   
-464.620   -464.620   0.000   0.000   0.000   -5.000   
-464.620   -464.620   0.000   0.000   0.000   -4.000   
-464.620   -464.620   0.000   0.000   0.000   -3.000   
-464.620   -464.620   0.000   0.000   0.000   -2.000   
-464.620   -464.620   0.000   0.000   0.000   -3.000   
-464.620   -464.620   0.000   0.000   0.000   -3.000   
-464.620   -464.620   0.000   0.000   0.000   -5.000   
-464.620   -464.620   0.000   0.000   0.000   -4.000   
-464.620   -464.620   0.000   0.000   0.000   -3.000   
-464.620   -464.620   0.000   0.000   0.000   -3.000   
-464.620   -464.620   0.000   0.000   0.000   -2.000   
-464.620   -464.620   0.000   0.000   0.000   -5.000   
-464.620   -464.620   0.000   0.000   0.000   -3.000   
-464.620   -464.620   0.000   0.000   0.000   -1.000   
-464.620   -464.620   0.000   0.000   0.000   -3.000   
-464.620   -464.620   0.000   0.000   0.000   -4.000   
-464.620   -464.620   0.000   0.000   0.000   -4.000   
-464.620   -464.620   0.000   0.000   0.000   -3.000   
-464.620   -464.620   0.000   0.000   0.000   -5.000   
-464.620   -464.620   0.000   0.000   0.000   -2.000   
-464.620   -464.620   0.000   0.000   0.000   -2.000   
-464.620   -464.620   0.000   0.000   0.000   -3.000   
-464.620   -464.620   0.000   0.000   0.000   -2.000   
-464.620   -464.620   0.000   0.000   0.000   -3.000   
-464.620   -464.620   0.000   0.000   0.000   -1.000   
-464.620   -464.620   0.000   0.000   0.000   -4.000   
-464.620   -464.620   0.000   0.000   0.000   -3.000   
-464.620   -464.620   0.000   0.000   0.000   -2.000   
-464.620   -464.620   0.000   0.000   0.000   -3.000   
-464.620   -464.620   0.000   0.000   0.000   -3.000   
-464.620   -464.620   0.000   0.000   0.000   -2.000   
-464.620   -464.620   0.000   0.000   0.000   -3.000   
-464.620   -464.620   0.000   0.000   0.000   -3.000   
-464.620   -464.620   0.000   0.000   0.000   -1.000   
-464.620   -464.620   0.000   0.000   0.000   -1.000   
-464.620   -464.620   0.000   0.000   0.000   -3.000   
-464.620   -464.620   0.000   0.000   0.000   -6.000   
-464.620   -464.620   0.000   0.000   0.000   -6.000   
-464.620   -464.620   0.000   0.000   0.000   -4.000   
-464.620   -464.620   0.000   0.000   0.000   -5.000   
-464.620   -464.620   0.000   0.000   0.000   -3.000   
-464.620   -464.620   0.000   0.000   0.000   -3.000   
-464.620   -464.620   0.000   0.000   0.000   -4.000   
-464.620   -464.620   0.000   0.000   0.000   -3.000   
-464.620   -464.620   0.000   0.000   0.000   -4.000   
-464.620   -464.620   0.000   0.000   0.000   -4.000   
-464.620   -464.620   0.000   0.000   0.000   -4.000   
-464.620   -464.620   0.000   0.000   0.000   -4.000   
-464.620   -464.620   0.000   0.000   0.000   -3.000   
-464.620   -464.620   0.000   0.000   0.000   -5.000   
-464.620   -464.620   0.000   0.000   0.000   -4.000   
-464.620   -464.620   0.000   0.000   0.000   -3.000   
-464.620   -464.620   0.000   0.000   0.000   -4.000   
-464.620   -464.620   0.000   0.000   0.000   -4.000   
-464.620   -464.620   0.000   0.000   0.000   -3.000   
-464.620   -464.620   0.000   0.000   0.000   -4.000   
-464.620   -464.620   0.000   0.000   0.000   -3.000   
-464.620   -464.620   0.000   0.000   0.000   -3.000   
-464.620   -464.620   0.000   0.000   0.000   -3.000   
-464.620   -464.620   0.000   0.000   0.000   -3.000   
-464.620   -464.620   0.000   0.000   0.000   -2.000   
-464.620   -464.620   0.000   0.000   0.000   -4.000   
-464.620   -464.620   0.000   0.000   0.000   -5.000   
-464.620   -464.620   0.000   0.000   0.000   -3.000   
-464.620   -464.620   0.000   0.000   0.000   -5.000   
-464.620   -464.620   0.000   0.000   0.000   -5.000   
-464.620   -464.620   0.000   0.000   0.000   -4.000   
-464.620   -464.620   0.000   0.000   0.000   -2.000   
-464.620   -464.620   0.000   0.000   0.000   -4.000   
-464.620   -464.620   0.000   0.000   0.000   -2.000   
-464.620   -464.620   0.000   0.000   0.000   -5.000   
-464.620   -464.620   0.000   0.000   0.000   -6.000   
-464.620   -464.620   0.000   0.000   0.000   -4.000   
-464.620   -464.620   0.000   0.000   0.000   -4.000   
-464.620   -464.620   0.000   0.000   0.000   -3.000   
-464.620   -464.620   0.000   0.000   0.000   -11.000   
-464.620   -464.620   0.000   0.000   0.000   -11.000   
-464.620   -464.620   0.000   0.000   0.000   -10.000   
-464.620   -464.620   0.000   0.000   0.000   -9.000   
-464.620   -464.620   0.000   0.000   0.000   -10.000   
-464.620   -464.620   0.000   0.000   0.000   -9.000   
-464.620   -464.620   0.000   0.000   0.000   -10.000   
-464.620   -464.620   0.000   0.000   0.000   -10.000   
-464.620   -464.620   0.000   0.000   0.000   -10.000   
-464.620   -464.620   0.000   0.000   0.000   -9.000   
-464.620   -464.620   0.000   0.000   0.000   -10.000   
-464.620   -464.620   0.000   0.000   0.000   -9.000   
-464.620   -464.620   0.000   0.000   0.000   -10.000   
-464.620   -464.620   0.000   0.000   0.000   -10.000   
-464.620   -464.620   0.000   0.000   0.000   -11.000   
-464.620   -464.620   0.000   0.000   0.000   -10.000   
-464.620   -464.620   0.000   0.000   0.000   -11.000   
-464.620   -464.620   0.000   0.000   0.000   -10.000   
-464.620   -464.620   0.000   0.000   0.000   -10.000   
-464.620   -464.620   0.000   0.000   0.000   -10.000   
-464.620   -464.620   0.000   0.000   0.000   -10.000   
-464.620   -464.620   0.000   0.000   0.000   -9.000   
-464.620   -464.620   0.000   0.000   0.000   -10.000   
-464.620   -464.620   0.000   0.000   0.000   -9.000   
-464.620   -464.620   0.000   0.000   0.000   -10.000   
-464.620   -464.620   0.000   0.000   0.000   -10.000   
-464.620   -464.620   0.000   0.000   0.000   -10.000   
-464.620   -464.620   0.000   0.000   0.000   -10.000   
-464.620   -464.620   0.000   0.000   0.000   -10.000   
-464.620   -464.620   0.000   0.000   0.000   -10.000   
-464.620   -464.620   0.000   0.000   0.000   -9.000   
-464.620   -464.620   0.000   0.000   0.000   -10.000   
-464.620   -464.620   0.000   0.000   0.000   -10.000   
-464.620   -464.620   0.000   0.000   0.000   -10.000   
-464.620   -464.620   0.000   0.000   0.000   -8.000   
-464.620   -464.620   0.000   0.000   0.000   -8.000   
-464.620   -464.620   0.000   0.000   0.000   -10.000   
-464.620   -464.620   0.000   0.000   0.000   -10.000   
-464.620   -464.620   0.000   0.000   0.000   -9.000   
-464.620   -464.620   0.000   0.000   0.000   -10.000   
-464.620   -464.620   0.000   0.000   0.000   -9.000   
-464.620   -464.620   0.000   0.000   0.000   -10.000   
-464.620   -464.620   0.000   0.000   0.000   -3.000   
-464.620   -464.620   0.000   0.000   0.000   -2.000   
-464.620   -464.620   0.000   0.000   0.000   -2.000   
-464.620   -464.620   0.000   0.000   0.000   -2.000   
-464.620   -464.620   0.000   0.000   0.000   -3.000   
-464.620   -464.620   0.000   0.000   0.000   -3.000   
-464.620   -464.620   0.000   0.000   0.000   -4.000   
-464.620   -464.620   0.000   0.000   0.000   -3.000   
-464.620   -464.620   0.000   0.000   0.000   -3.000   
-464.620   -464.620   0.000   0.000   0.000   -4.000   
-464.620   -464.620   0.000   0.000   0.000   -4.000   
-464.620   -464.620   0.000   0.000   0.000   -3.000   
-464.620   -464.620   0.000   0.000   0.000   -5.000   
-464.620   -464.620   0.000   0.000   0.000   -2.000   
-464.620   -464.620   0.000   0.000   0.000   -2.000   
-464.620   -464.620   0.000   0.000   0.000   -3.000   
-464.620   -464.620   0.000   0.000   0.000   -3.000   
-464.620   -464.620   0.000   0.000   0.000   -3.000   
-464.620   -464.620   0.000   0.000   0.000   -3.000   
-464.620   -464.620   0.000   0.000   0.000   -3.000   
-464.620   -464.620   0.000   0.000   0.000   -3.000   
-464.620   -464.620   0.000   0.000   0.000   -5.000   
-464.620   -464.620   0.000   0.000   0.000   -3.000   
-464.620   -464.620   0.000   0.000   0.000   -5.000   
-464.620   -464.620   0.000   0.000   0.000   -3.000   
-464.620   -464.620   0.000   0.000   0.000   -4.000   
-464.620   -464.620   0.000   0.000   0.000   -3.000   
-464.620   -464.620   0.000   0.000   0.000   -2.000   
-464.620   -464.620   0.000   0.000   0.000   -5.000   
-464.620   -464.620   0.000   0.000   0.000   -3.000   
-464.620   -464.620   0.000   0.000   0.000   -4.000   
-464.620   -464.620   0.000   0.000   0.000   -4.000   
-464.620   -464.620   0.000   0.000   0.000   -5.000   
-464.620   -464.620   0.000   0.000   0.000   -3.000   
-464.620   -464.620   0.000   0.000   0.000   -4.000   
-464.620   -464.620   0.000   0.000   0.000   -3.000   
-464.620   -464.620   0.000   0.000   0.000   -2.000   
-464.620   -464.620   0.000   0.000   0.000   -3.000   
-464.620   -464.620   0.000   0.000   0.000   -2.000   
-464.620   -464.620   0.000   0.000   0.000   -4.000   
-464.620   -464.620   0.000   0.000   0.000   0.000   
-464.620   -464.620   0.000   0.000   0.000   -5.000   
-464.620   -464.620   0.000   0.000   0.000   -2.000   
-464.620   -464.620   0.000   0.000   0.000   -2.000   
-464.620   -464.620   0.000   0.000   0.000   -3.000   
-464.620   -464.620   0.000   0.000   0.000   -5.000   
-464.620   -464.620   0.000   0.000   0.000   -5.000   
-464.620   -464.620   0.000   0.000   0.000   -3.000   
-464.620   -464.620   0.000   0.000   0.000   -3.000   
-464.620   -464.620   0.000   0.000   0.000   -1.000   
-464.620   -464.620   0.000   0.000   0.000   -3.000   
-464.620   -464.620   0.000   0.000   0.000   -3.000   
-464.620   -464.620   0.000   0.000   0.000   -3.000   
-464.620   -464.620   0.000   0.000   0.000   -4.000   
-464.620   -464.620   0.000   0.000   0.000   -3.000   
-464.620   -464.620   0.000   0.000   0.000   -5.000   
-464.620   -464.620   0.000   0.000   0.000   -4.000   
-464.620   -464.620   0.000   0.000   0.000   -4.000   
-464.620   -464.620   0.000   0.000   0.000   -2.000   
-464.620   -464.620   0.000   0.000   0.000   -3.000   
-464.620   -464.620   0.000   0.000   0.000   -3.000   
-464.620   -464.620   0.000   0.000   0.000   -3.000   
-464.620   -464.620   0.000   0.000   0.000   -4.000   
-464.620   -464.620   0.000   0.000   0.000   -1.000   
-464.620   -464.620   0.000   0.000   0.000   -3.000   
-464.620   -464.620   0.000   0.000   0.000   -3.000   
-464.620   -464.620   0.000   0.000   0.000   -3.000   
-464.620   -464.620   0.000   0.000   0.000   -4.000   
-464.620   -464.620   0.000   0.000   0.000   -3.000   
-464.620   -464.620   0.000   0.000   0.000   -2.000   
-464.620   -464.620   0.000   0.000   0.000   -4.000   
-464.620   -464.620   0.000   0.000   0.000   -3.000   
-464.620   -464.620   0.000   0.000   0.000   -3.000   
-464.620   -464.620   0.000   0.000   0.000   -3.000   
-464.620   -464.620   0.000   0.000   0.000   -3.000   
-464.620   -464.620   0.000   0.000   0.000   -3.000   
-464.620   -464.620   0.000   0.000   0.000   -3.000   
-464.620   -464.620   0.000   0.000   0.000   -3.000   
-464.620   -464.620   0.000   0.000   0.000   -2.000   
-464.620   -464.620   0.000   0.000   0.000   -3.000   
-464.620   -464.620   0.000   0.000   0.000   -4.000   
-464.620   -464.620   0.000   0.000   0.000   -3.000   
-464.620   -464.620   0.000   0.000   0.000   -2.000   
-464.620   -464.620   0.000   0.000   0.000   -4.000   
-464.620   -464.620   0.000   0.000   0.000   -3.000   
-464.620   -464.620   0.000   0.000   0.000   -5.000   
-464.620   -464.620   0.000   0.000   0.000   -3.000   
-464.620   -464.620   0.000   0.000   0.000   -3.000   
-464.620   -464.620   0.000   0.000   0.000   -3.000   
-464.620   -464.620   0.000   0.000   0.000   -3.000   
-464.620   -464.620   0.000   0.000   0.000   -1.000   
-464.620   -464.620   0.000   0.000   0.000   -3.000   
-464.620   -464.620   0.000   0.000   0.000   -3.000   
-464.620   -464.620   0.000   0.000   0.000   -4.000   
-464.620   -464.620   0.000   0.000   0.000   -4.000   
-464.620   -464.620   0.000   0.000   0.000   -3.000   
-464.620   -464.620   0.000   0.000   0.000   -3.000   
-464.620   -464.620   0.000   0.000   0.000   -3.000   
-464.620   -464.620   0.000   0.000   0.000   -2.000   
-464.620   -464.620   0.000   0.000   0.000   -3.000   
-464.620   -464.620   0.000   0.000   0.000   -3.000   
-464.620   -464.620   0.000   0.000   0.000   -3.000   
-464.620   -464.620   0.000   0.000   0.000   -4.000   
-464.620   -464.620   0.000   0.000   0.000   -3.000   
-464.620   -464.620   0.000   0.000   0.000   -4.000   
-464.620   -464.620   0.000   0.000   0.000   -3.000   
-464.620   -464.620   0.000   0.000   0.000   -2.000   
-464.620   -464.620   0.000   0.000   0.000   -4.000   
-464.620   -464.620   0.000   0.000   0.000   -4.000   
-464.620   -464.620   0.000   0.000   0.000   -3.000   
-464.620   -464.620   0.000   0.000   0.000   -4.000   
-464.620   -464.620   0.000   0.000   0.000   -3.000   
-464.620   -464.620   0.000   0.000   0.000   -3.000   
-464.620   -464.620   0.000   0.000   0.000   -3.000   
-464.620   -464.620   0.000   0.000   0.000   -4.000   
-464.620   -464.620   0.000   0.000   0.000   -2.000   
-464.620   -464.620   0.000   0.000   0.000   -2.000   
-464.620   -464.620   0.000   0.000   0.000   -3.000   
-464.620   -464.620   0.000   0.000   0.000   -1.000   
-464.620   -464.620   0.000   0.000   0.000   -3.000   
-464.620   -464.620   0.000   0.000   0.000   -4.000   
-464.620   -464.620   0.000   0.000   0.000   -3.000   
-464.620   -464.620   0.000   0.000   0.000   -3.000   
-464.620   -464.620   0.000   0.000   0.000   -3.000   
-464.620   -464.620   0.000   0.000   0.000   -4.000   
-464.620   -464.620   0.000   0.000   0.000   -2.000   
-464.620   -464.620   0.000   0.000   0.000   5.000   
-464.620   -464.620   0.000   0.000   0.000   5.000   
-464.620   -464.620   0.000   0.000   0.000   6.000   
-464.620   -464.620   0.000   0.000   0.000   6.000   
-464.620   -464.620   0.000   0.000   0.000   6.000   
-464.620   -464.620   0.000   0.000   0.000   6.000   
-464.620   -464.620   0.000   0.000   0.000   4.000   
-464.620   -464.620   0.000   0.000   0.000   5.000   
-464.620   -464.620   0.000   0.000   0.000   7.000   
-464.620   -464.620   0.000   0.000   0.000   3.000   
-464.620   -464.620   0.000   0.000   0.000   6.000   
-464.620   -464.620   0.000   0.000   0.000   5.000   
-464.620   -464.620   0.000   0.000   0.000   6.000   
-464.620   -464.620   0.000   0.000   0.000   4.000   
-464.620   -464.620   0.000   0.000   0.000   6.000   
-464.620   -464.620   0.000   0.000   0.000   6.000   
-464.620   -464.620   0.000   0.000   0.000   7.000   
-464.620   -464.620   0.000   0.000   0.000   7.000   
-464.620   -464.620   0.000   0.000   0.000   7.000   
-464.620   -464.620   0.000   0.000   0.000   6.000   
-464.620   -464.620   0.000   0.000   0.000   5.000   
-464.620   -464.620   0.000   0.000   0.000   6.000   
-464.620   -464.620   0.000   0.000   0.000   4.000   
-464.620   -464.620   0.000   0.000   0.000   7.000   
-464.620   -464.620   0.000   0.000   0.000   7.000   
-464.620   -464.620   0.000   0.000   0.000   6.000   
-464.620   -464.620   0.000   0.000   0.000   5.000   
-464.620   -464.620   0.000   0.000   0.000   4.000   
-464.620   -464.620   0.000   0.000   0.000   4.000   
-464.620   -464.620   0.000   0.000   0.000   5.000   
-464.620   -464.620   0.000   0.000   0.000   4.000   
-464.620   -464.620   0.000   0.000   0.000   4.000   
-464.620   -464.620   0.000   0.000   0.000   4.000   
-464.620   -464.620   0.000   0.000   0.000   4.000   
-464.620   -464.620   0.000   0.000   0.000   7.000   
-464.620   -464.620   0.000   0.000   0.000   4.000   
-464.620   -464.620   0.000   0.000   0.000   7.000   
-464.620   -464.620   0.000   0.000   0.000   5.000   
-464.620   -464.620   0.000   0.000   0.000   5.000   
-464.620   -464.620   0.000   0.000   0.000   5.000   
-464.620   -464.620   0.000   0.000   0.000   6.000   
-464.620   -464.620   0.000   0.000   0.000   5.000   
-464.620   -464.620   0.000   0.000   0.000   -5.000   
-464.620   -464.620   0.000   0.000   0.000   -4.000   
-464.620   -464.620   0.000   0.000   0.000   -2.000   
-464.620   -464.620   0.000   0.000   0.000   -4.000   
-464.620   -464.620   0.000   0.000   0.000   -2.000   
-464.620   -464.620   0.000   0.000   0.000   -2.000   
-464.620   -464.620   0.000   0.000   0.000   -1.000   
-464.620   -464.620   0.000   0.000   0.000   -2.000   
-464.620   -464.620   0.000   0.000   0.000   -2.000   
-464.620   -464.620   0.000   0.000   0.000   -3.000   
-464.620   -464.620   0.000   0.000   0.000   -4.000   
-464.620   -464.620   0.000   0.000   0.000   -4.000   
-464.620   -464.620   0.000   0.000   0.000   -2.000   
-464.620   -464.620   0.000   0.000   0.000   -2.000   
-464.620   -464.620   0.000   0.000   0.000   -3.000   
-464.620   -464.620   0.000   0.000   0.000   -3.000   
-464.620   -464.620   0.000   0.000   0.000   -2.000   
-464.620   -464.620   0.000   0.000   0.000   -2.000   
-464.620   -464.620   0.000   0.000   0.000   -3.000   
-464.620   -464.620   0.000   0.000   0.000   -1.000   
-464.620   -464.620   0.000   0.000   0.000   -3.000   
-464.620   -464.620   0.000   0.000   0.000   -4.000   
-464.620   -464.620   0.000   0.000   0.000   -4.000   
-464.620   -464.620   0.000   0.000   0.000   -3.000   
-464.620   -464.620   0.000   0.000   0.000   -3.000   
-464.620   -464.620   0.000   0.000   0.000   -4.000   
-464.620   -464.620   0.000   0.000   0.000   -4.000   
-464.620   -464.620   0.000   0.000   0.000   -4.000   
-464.620   -464.620   0.000   0.000   0.000   -5.000   
-464.620   -464.620   0.000   0.000   0.000   -3.000   
-464.620   -464.620   0.000   0.000   0.000   -2.000   
-464.620   -464.620   0.000   0.000   0.000   -4.000   
-464.620   -464.620   0.000   0.000   0.000   -4.000   
-464.620   -464.620   0.000   0.000   0.000   -2.000   
-464.620   -464.620   0.000   0.000   0.000   -3.000   
-464.620   -464.620   0.000   0.000   0.000   -1.000   
-464.620   -464.620   0.000   0.000   0.000   -3.000   
-464.620   -464.620   0.000   0.000   0.000   -3.000   
-464.620   -464.620   0.000   0.000   0.000   -4.000   
-464.620   -464.620   0.000   0.000   0.000   -2.000   
-464.620   -464.620   0.000   0.000   0.000   -3.000   
-464.620   -464.620   0.000   0.000   0.000   -1.000   
-464.620   -464.620   0.000   0.000   0.000   -3.000   
-464.620   -464.620   0.000   0.000   0.000   -1.000   
-464.620   -464.620   0.000   0.000   0.000   -1.000   
-464.620   -464.620   0.000   0.000   0.000   -3.000   
-464.620   -464.620   0.000   0.000   0.000   -1.000   
-464.620   -464.620   0.000   0.000   0.000   -2.000   
-464.620   -464.620   0.000   0.000   0.000   -3.000   
-464.620   -464.620   0.000   0.000   0.000   -1.000   
-464.620   -464.620   0.000   0.000   0.000   -1.000   
-464.620   -464.620   0.000   0.000   0.000   -4.000   
-464.620   -464.620   0.000   0.000   0.000   -1.000   
-464.620   -464.620   0.000   0.000   0.000   -3.000   
-464.620   -464.620   0.000   0.000   0.000   -1.000   
-464.620   -464.620   0.000   0.000   0.000   -2.000   
-464.620   -464.620   0.000   0.000   0.000   -2.000   
-464.620   -464.620   0.000   0.000   0.000   -4.000   
-464.620   -464.620   0.000   0.000   0.000   -4.000   
-464.620   -464.620   0.000   0.000   0.000   -4.000   
-464.620   -464.620   0.000   0.000   0.000   -4.000   
-464.620   -464.620   0.000   0.000   0.000   -3.000   
-464.620   -464.620   0.000   0.000   0.000   -3.000   
-464.620   -464.620   0.000   0.000   0.000   -2.000   
-464.620   -464.620   0.000   0.000   0.000   -4.000   
-464.620   -464.620   0.000   0.000   0.000   -3.000   
-464.620   -464.620   0.000   0.000   0.000   -3.000   
-464.620   -464.620   0.000   0.000   0.000   -2.000   
-464.620   -464.620   0.000   0.000   0.000   -3.000   
-464.620   -464.620   0.000   0.000   0.000   -1.000   
-464.620   -464.620   0.000   0.000   0.000   -3.000   
-464.620   -464.620   0.000   0.000   0.000   -3.000   
-464.620   -464.620   0.000   0.000   0.000   -3.000   
-464.620   -464.620   0.000   0.000   0.000   -2.000   
-464.620   -464.620   0.000   0.000   0.000   -3.000   
-464.620   -464.620   0.000   0.000   0.000   -4.000   
-464.620   -464.620   0.000   0.000   0.000   -4.000   
-464.620   -464.620   0.000   0.000   0.000   -3.000   
-464.620   -464.620   0.000   0.000   0.000   -3.000   
-464.620   -464.620   0.000   0.000   0.000   -1.000   
-464.620   -464.620   0.000   0.000   0.000   -3.000   
-464.620   -464.620   0.000   0.000   0.000   -4.000   
-464.620   -464.620   0.000   0.000   0.000   -3.000   
-464.620   -464.620   0.000   0.000   0.000   -2.000   
-464.620   -464.620   0.000   0.000   0.000   -4.000   
-464.620   -464.620   0.000   0.000   0.000   -3.000   
-464.620   -464.620   0.000   0.000   0.000   -4.000   
-464.620   -464.620   0.000   0.000   0.000   -4.000   
-464.620   -464.620   0.000   0.000   0.000   -5.000   
-464.620   -464.620   0.000   0.000   0.000   -3.000   
-464.620   -464.620   0.000   0.000   0.000   -4.000   
-464.620   -464.620   0.000   0.000   0.000   -3.000   
-464.620   -464.620   0.000   0.000   0.000   -3.000   
-464.620   -464.620   0.000   0.000   0.000   -2.000   
-464.620   -464.620   0.000   0.000   0.000   -4.000   
-464.620   -464.620   0.000   0.000   0.000   -3.000   
-464.620   -464.620   0.000   0.000   0.000   -5.000   
-464.620   -464.620   0.000   0.000   0.000   -5.000   
-464.620   -464.620   0.000   0.000   0.000   -4.000   
-464.620   -464.620   0.000   0.000   0.000   -5.000   
-464.620   -464.620   0.000   0.000   0.000   -1.000   
-464.620   -464.620   0.000   0.000   0.000   -4.000   
-464.620   -464.620   0.000   0.000   0.000   -3.000   
-464.620   -464.620   0.000   0.000   0.000   -4.000   
-464.620   -464.620   0.000   0.000   0.000   -4.000   
-464.620   -464.620   0.000   0.000   0.000   -3.000   
-464.620   -464.620   0.000   0.000   0.000   -5.000   
-464.620   -464.620   0.000   0.000   0.000   -4.000   
-464.620   -464.620   0.000   0.000   0.000   -4.000   
-464.620   -464.620   0.000   0.000   0.000   -4.000   
-464.620   -464.620   0.000   0.000   0.000   -5.000   
-464.620   -464.620   0.000   0.000   0.000   -3.000   
-464.620   -464.620   0.000   0.000   0.000   -6.000   
-464.620   -464.620   0.000   0.000   0.000   -4.000   
-464.620   -464.620   0.000   0.000   0.000   -2.000   
-464.620   -464.620   0.000   0.000   0.000   -4.000   
-464.620   -464.620   0.000   0.000   0.000   -3.000   
-464.620   -464.620   0.000   0.000   0.000   -3.000   
-464.620   -464.620   0.000   0.000   0.000   -4.000   
-464.620   -464.620   0.000   0.000   0.000   -2.000   
-464.620   -464.620   0.000   0.000   0.000   -3.000   
-464.620   -464.620   0.000   0.000   0.000   -4.000   
-464.620   -464.620   0.000   0.000   0.000   -3.000   
-464.620   -464.620   0.000   0.000   0.000   -4.000   
-464.620   -464.620   0.000   0.000   0.000   -3.000   
-464.620   -464.620   0.000   0.000   0.000   -3.000   
-464.620   -464.620   0.000   0.000   0.000   -8.000   
-464.620   -464.620   0.000   0.000   0.000   -8.000   
-464.620   -464.620   0.000   0.000   0.000   -8.000   
-464.620   -464.620   0.000   0.000   0.000   -8.000   
-464.620   -464.620   0.000   0.000   0.000   -8.000   
-464.620   -464.620   0.000   0.000   0.000   -8.000   
-464.620   -464.620   0.000   0.000   0.000   -9.000   
-464.620   -464.620   0.000   0.000   0.000   -9.000   
-464.620   -464.620   0.000   0.000   0.000   -9.000   
-464.620   -464.620   0.000   0.000   0.000   -10.000   
-464.620   -464.620   0.000   0.000   0.000   -9.000   
-464.620   -464.620   0.000   0.000   0.000   -9.000   
-464.620   -464.620   0.000   0.000   0.000   -8.000   
-464.620   -464.620   0.000   0.000   0.000   -9.000   
-464.620   -464.620   0.000   0.000   0.000   -9.000   
-464.620   -464.620   0.000   0.000   0.000   -8.000   
-464.620   -464.620   0.000   0.000   0.000   -10.000   
-464.620   -464.620   0.000   0.000   0.000   -9.000   
-464.620   -464.620   0.000   0.000   0.000   -8.000   
-464.620   -464.620   0.000   0.000   0.000   -9.000   
-464.620   -464.620   0.000   0.000   0.000   -10.000   
-464.620   -464.620   0.000   0.000   0.000   -11.000   
-464.620   -464.620   0.000   0.000   0.000   -10.000   
-464.620   -464.620   0.000   0.000   0.000   -8.000   
-464.620   -464.620   0.000   0.000   0.000   -10.000   
-464.620   -464.620   0.000   0.000   0.000   -8.000   
-464.620   -464.620   0.000   0.000   0.000   -10.000   
-464.620   -464.620   0.000   0.000   0.000   -8.000   
-464.620   -464.620   0.000   0.000   0.000   -9.000   
-464.620   -464.620   0.000   0.000   0.000   -9.000   
-464.620   -464.620   0.000   0.000   0.000   -10.000   
-464.620   -464.620   0.000   0.000   0.000   -9.000   
-464.620   -464.620   0.000   0.000   0.000   -10.000   
-464.620   -464.620   0.000   0.000   0.000   -8.000   
-464.620   -464.620   0.000   0.000   0.000   -9.000   
-464.620   -464.620   0.000   0.000   0.000   -7.000   
-464.620   -464.620   0.000   0.000   0.000   -8.000   
-464.620   -464.620   0.000   0.000   0.000   -7.000   
-464.620   -464.620   0.000   0.000   0.000   -9.000   
-464.620   -464.620   0.000   0.000   0.000   -8.000   
-464.620   -464.620   0.000   0.000   0.000   -9.000   
-464.620   -464.620   0.000   0.000   0.000   -8.000   
-464.620   -464.620   0.000   0.000   0.000   -9.000   
-464.620   -464.620   0.000   0.000   0.000   -3.000   
-464.620   -464.620   0.000   0.000   0.000   -4.000   
-464.620   -464.620   0.000   0.000   0.000   -3.000   
-464.620   -464.620   0.000   0.000   0.000   -2.000   
-464.620   -464.620   0.000   0.000   0.000   -4.000   
-464.620   -464.620   0.000   0.000   0.000   -3.000   
-464.620   -464.620   0.000   0.000   0.000   -2.000   
-464.620   -464.620   0.000   0.000   0.000   1.000   
-464.620   -464.620   0.000   0.000   0.000   -3.000   
-464.620   -464.620   0.000   0.000   0.000   -3.000   
-464.620   -464.620   0.000   0.000   0.000   -3.000   
-464.620   -464.620   0.000   0.000   0.000   -2.000   
-464.620   -464.620   0.000   0.000   0.000   -2.000   
-464.620   -464.620   0.000   0.000   0.000   -4.000   
-464.620   -464.620   0.000   0.000   0.000   -5.000   
-464.620   -464.620   0.000   0.000   0.000   -3.000   
-464.620   -464.620   0.000   0.000   0.000   -2.000   
-464.620   -464.620   0.000   0.000   0.000   -3.000   
-464.620   -464.620   0.000   0.000   0.000   -4.000   
-464.620   -464.620   0.000   0.000   0.000   -3.000   
-464.620   -464.620   0.000   0.000   0.000   -3.000   
-464.620   -464.620   0.000   0.000   0.000   -2.000   
-464.620   -464.620   0.000   0.000   0.000   -2.000   
-464.620   -464.620   0.000   0.000   0.000   -4.000   
-464.620   -464.620   0.000   0.000   0.000   -2.000   
-464.620   -464.620   0.000   0.000   0.000   -5.000   
-464.620   -464.620   0.000   0.000   0.000   -3.000   
-464.620   -464.620   0.000   0.000   0.000   -3.000   
-464.620   -464.620   0.000   0.000   0.000   -4.000   
-464.620   -464.620   0.000   0.000   0.000   -3.000   
-464.620   -464.620   0.000   0.000   0.000   -1.000   
-464.620   -464.620   0.000   0.000   0.000   -3.000   
-464.620   -464.620   0.000   0.000   0.000   -2.000   
-464.620   -464.620   0.000   0.000   0.000   -3.000   
-464.620   -464.620   0.000   0.000   0.000   -2.000   
-464.620   -464.620   0.000   0.000   0.000   -2.000   
-464.620   -464.620   0.000   0.000   0.000   -4.000   
-464.620   -464.620   0.000   0.000   0.000   -2.000   
-464.620   -464.620   0.000   0.000   0.000   -2.000   
-464.620   -464.620   0.000   0.000   0.000   -4.000   
-464.620   -464.620   0.000   0.000   0.000   -2.000   
-464.620   -464.620   0.000   0.000   0.000   -1.000   
-464.620   -464.620   0.000   0.000   0.000   0.000   
-464.620   -464.620   0.000   0.000   0.000   -5.000   
-464.620   -464.620   0.000   0.000   0.000   -6.000   
-464.620   -464.620   0.000   0.000   0.000   -2.000   
-464.620   -464.620   0.000   0.000   0.000   -2.000   
-464.620   -464.620   0.000   0.000   0.000   -3.000   
-464.620   -464.620   0.000   0.000   0.000   -3.000   
-464.620   -464.620   0.000   0.000   0.000   -5.000   
-464.620   -464.620   0.000   0.000   0.000   -4.000   
-464.620   -464.620   0.000   0.000   0.000   -3.000   
-464.620   -464.620   0.000   0.000   0.000   -2.000   
-464.620   -464.620   0.000   0.000   0.000   -3.000   
-464.620   -464.620   0.000   0.000   0.000   -3.000   
-464.620   -464.620   0.000   0.000   0.000   -4.000   
-464.620   -464.620   0.000   0.000   0.000   -3.000   
-464.620   -464.620   0.000   0.000   0.000   -3.000   
-464.620   -464.620   0.000   0.000   0.000   -4.000   
-464.620   -464.620   0.000   0.000   0.000   -4.000   
-464.620   -464.620   0.000   0.000   0.000   -2.000   
-464.620   -464.620   0.000   0.000   0.000   -5.000   
-464.620   -464.620   0.000   0.000   0.000   -2.000   
-464.620   -464.620   0.000   0.000   0.000   -3.000   
-464.620   -464.620   0.000   0.000   0.000   -3.000   
-464.620   -464.620   0.000   0.000   0.000   -3.000   
-464.620   -464.620   0.000   0.000   0.000   -3.000   
-464.620   -464.620   0.000   0.000   0.000   -3.000   
-464.620   -464.620   0.000   0.000   0.000   -3.000   
-464.620   -464.620   0.000   0.000   0.000   -3.000   
-464.620   -464.620   0.000   0.000   0.000   -3.000   
-464.620   -464.620   0.000   0.000   0.000   -3.000   
-464.620   -464.620   0.000   0.000   0.000   -4.000   
-464.620   -464.620   0.000   0.000   0.000   -4.000   
-464.620   -464.620   0.000   0.000   0.000   -2.000   
-464.620   -464.620   0.000   0.000   0.000   -3.000   
-464.620   -464.620   0.000   0.000   0.000   -2.000   
-464.620   -464.620   0.000   0.000   0.000   -4.000   
-464.620   -464.620   0.000   0.000   0.000   -3.000   
-464.620   -464.620   0.000   0.000   0.000   -3.000   
-464.620   -464.620   0.000   0.000   0.000   -1.000   
-464.620   -464.620   0.000   0.000   0.000   -3.000   
-464.620   -464.620   0.000   0.000   0.000   -3.000   
-464.620   -464.620   0.000   0.000   0.000   -1.000   
-464.620   -464.620   0.000   0.000   0.000   -3.000   
-464.620   -464.620   0.000   0.000   0.000   -4.000   
-464.620   -464.620   0.000   0.000   0.000   -2.000   
-464.620   -464.620   0.000   0.000   0.000   -3.000   
-464.620   -464.620   0.000   0.000   0.000   -3.000   
-464.620   -464.620   0.000   0.000   0.000   -4.000   
-464.620   -464.620   0.000   0.000   0.000   -3.000   
-464.620   -464.620   0.000   0.000   0.000   -2.000   
-464.620   -464.620   0.000   0.000   0.000   -2.000   
-464.620   -464.620   0.000   0.000   0.000   -3.000   
-464.620   -464.620   0.000   0.000   0.000   -3.000   
-464.620   -464.620   0.000   0.000   0.000   -4.000   
-464.620   -464.620   0.000   0.000   0.000   -2.000   
-464.620   -464.620   0.000   0.000   0.000   -2.000   
-464.620   -464.620   0.000   0.000   0.000   -4.000   
-464.620   -464.620   0.000   0.000   0.000   -3.000   
-464.620   -464.620   0.000   0.000   0.000   -2.000   
-464.620   -464.620   0.000   0.000   0.000   -2.000   
-464.620   -464.620   0.000   0.000   0.000   -4.000   
-464.620   -464.620   0.000   0.000   0.000   -2.000   
-464.620   -464.620   0.000   0.000   0.000   -3.000   
-464.620   -464.620   0.000   0.000   0.000   -3.000   
-464.620   -464.620   0.000   0.000   0.000   -3.000   
-464.620   -464.620   0.000   0.000   0.000   -4.000   
-464.620   -464.620   0.000   0.000   0.000   -2.000   
-464.620   -464.620   0.000   0.000   0.000   -3.000   
-464.620   -464.620   0.000   0.000   0.000   -4.000   
-464.620   -464.620   0.000   0.000   0.000   -3.000   
-464.620   -464.620   0.000   0.000   0.000   -3.000   
-464.620   -464.620   0.000   0.000   0.000   -6.000   
-464.620   -464.620   0.000   0.000   0.000   -3.000   
-464.620   -464.620   0.000   0.000   0.000   -3.000   
-464.620   -464.620   0.000   0.000   0.000   -1.000   
-464.620   -464.620   0.000   0.000   0.000   -2.000   
-464.620   -464.620   0.000   0.000   0.000   -2.000   
-464.620   -464.620   0.000   0.000   0.000   -4.000   
-464.620   -464.620   0.000   0.000   0.000   -3.000   
-464.620   -464.620   0.000   0.000   0.000   -5.000   
-464.620   -464.620   0.000   0.000   0.000   -2.000   
-464.620   -464.620   0.000   0.000   0.000   -2.000   
-464.620   -464.620   0.000   0.000   0.000   -3.000   
-464.620   -464.620   0.000   0.000   0.000   -4.000   
-464.620   -464.620   0.000   0.000   0.000   6.000   
-464.620   -464.620   0.000   0.000   0.000   4.000   
-464.620   -464.620   0.000   0.000   0.000   4.000   
-464.620   -464.620   0.000   0.000   0.000   4.000   
-464.620   -464.620   0.000   0.000   0.000   5.000   
-464.620   -464.620   0.000   0.000   0.000   6.000   
-464.620   -464.620   0.000   0.000   0.000   4.000   
-464.620   -464.620   0.000   0.000   0.000   5.000   
-464.620   -464.620   0.000   0.000   0.000   4.000   
-464.620   -464.620   0.000   0.000   0.000   5.000   
-464.620   -464.620   0.000   0.000   0.000   6.000   
-464.620   -464.620   0.000   0.000   0.000   5.000   
-464.620   -464.620   0.000   0.000   0.000   3.000   
-464.620   -464.620   0.000   0.000   0.000   5.000   
-464.620   -464.620   0.000   0.000   0.000   4.000   
-464.620   -464.620   0.000   0.000   0.000   4.000   
-464.620   -464.620   0.000   0.000   0.000   4.000   
-464.620   -464.620   0.000   0.000   0.000   4.000   
-464.620   -464.620   0.000   0.000   0.000   5.000   
-464.620   -464.620   0.000   0.000   0.000   4.000   
-464.620   -464.620   0.000   0.000   0.000   6.000   
-464.620   -464.620   0.000   0.000   0.000   5.000   
-464.620   -464.620   0.000   0.000   0.000   4.000   
-464.620   -464.620   0.000   0.000   0.000   5.000   
-464.620   -464.620   0.000   0.000   0.000   5.000   
-464.620   -464.620   0.000   0.000   0.000   4.000   
-464.620   -464.620   0.000   0.000   0.000   7.000   
-464.620   -464.620   0.000   0.000   0.000   4.000   
-464.620   -464.620   0.000   0.000   0.000   5.000   
-464.620   -464.620   0.000   0.000   0.000   6.000   
-464.620   -464.620   0.000   0.000   0.000   4.000   
-464.620   -464.620   0.000   0.000   0.000   7.000   
-464.620   -464.620   0.000   0.000   0.000   7.000   
-464.620   -464.620   0.000   0.000   0.000   6.000   
-464.620   -464.620   0.000   0.000   0.000   6.000   
-464.620   -464.620   0.000   0.000   0.000   4.000   
-464.620   -464.620   0.000   0.000   0.000   5.000   
-464.620   -464.620   0.000   0.000   0.000   4.000   
-464.620   -464.620   0.000   0.000   0.000   4.000   
-464.620   -464.620   0.000   0.000   0.000   5.000   
-464.620   -464.620   0.000   0.000   0.000   5.000   
-464.620   -464.620   0.000   0.000   0.000   6.000   
-464.620   -464.620   0.000   0.000   0.000   -2.000   
-464.620   -464.620   0.000   0.000   0.000   -3.000   
-464.620   -464.620   0.000   0.000   0.000   -2.000   
-464.620   -464.620   0.000   0.000   0.000   -2.000   
-464.620   -464.620   0.000   0.000   0.000   -3.000   
-464.620   -464.620   0.000   0.000   0.000   -4.000   
-464.620   -464.620   0.000   0.000   0.000   -1.000   
-464.620   -464.620   0.000   0.000   0.000   -2.000   
-464.620   -464.620   0.000   0.000   0.000   -4.000   
-464.620   -464.620   0.000   0.000   0.000   -4.000   
-464.620   -464.620   0.000   0.000   0.000   -2.000   
-464.620   -464.620   0.000   0.000   0.000   -1.000   
-464.620   -464.620   0.000   0.000   0.000   -4.000   
-464.620   -464.620   0.000   0.000   0.000   -1.000   
-464.620   -464.620   0.000   0.000   0.000   -2.000   
-464.620   -464.620   0.000   0.000   0.000   -1.000   
-464.620   -464.620   0.000   0.000   0.000   -4.000   
-464.620   -464.620   0.000   0.000   0.000   -3.000   
-464.620   -464.620   0.000   0.000   0.000   -3.000   
-464.620   -464.620   0.000   0.000   0.000   -2.000   
-464.620   -464.620   0.000   0.000   0.000   -2.000   
-464.620   -464.620   0.000   0.000   0.000   -3.000   
-464.620   -464.620   0.000   0.000   0.000   -1.000   
-464.620   -464.620   0.000   0.000   0.000   -3.000   
-464.620   -464.620   0.000   0.000   0.000   -3.000   
-464.620   -464.620   0.000   0.000   0.000   -3.000   
-464.620   -464.620   0.000   0.000   0.000   -1.000   
-464.620   -464.620   0.000   0.000   0.000   -2.000   
-464.620   -464.620   0.000   0.000   0.000   -1.000   
-464.620   -464.620   0.000   0.000   0.000   -3.000   
-464.620   -464.620   0.000   0.000   0.000   -2.000   
-464.620   -464.620   0.000   0.000   0.000   -4.000   
-464.620   -464.620   0.000   0.000   0.000   -2.000   
-464.620   -464.620   0.000   0.000   0.000   -4.000   
-464.620   -464.620   0.000   0.000   0.000   -2.000   
-464.620   -464.620   0.000   0.000   0.000   0.000   
-464.620   -464.620   0.000   0.000   0.000   -2.000   
-464.620   -464.620   0.000   0.000   0.000   -2.000   
-464.620   -464.620   0.000   0.000   0.000   -2.000   
-464.620   -464.620   0.000   0.000   0.000   -3.000   
-464.620   -464.620   0.000   0.000   0.000   -2.000   
-464.620   -464.620   0.000   0.000   0.000   -3.000   
-464.620   -464.620   0.000   0.000   0.000   -2.000   
-464.620   -464.620   0.000   0.000   0.000   -4.000   
-464.620   -464.620   0.000   0.000   0.000   -1.000   
-464.620   -464.620   0.000   0.000   0.000   -3.000   
-464.620   -464.620   0.000   0.000   0.000   -5.000   
-464.620   -464.620   0.000   0.000   0.000   -3.000   
-464.620   -464.620   0.000   0.000   0.000   -2.000   
-464.620   -464.620   0.000   0.000   0.000   -5.000   
-464.620   -464.620   0.000   0.000   0.000   -3.000   
-464.620   -464.620   0.000   0.000   0.000   -3.000   
-464.620   -464.620   0.000   0.000   0.000   -4.000   
-464.620   -464.620   0.000   0.000   0.000   -3.000   
-464.620   -464.620   0.000   0.000   0.000   -2.000   
-464.620   -464.620   0.000   0.000   0.000   -3.000   
-464.620   -464.620   0.000   0.000   0.000   -4.000   
-464.620   -464.620   0.000   0.000   0.000   -3.000   
-464.620   -464.620   0.000   0.000   0.000   -2.000   
-464.620   -464.620   0.000   0.000   0.000   -3.000   
-464.620   -464.620   0.000   0.000   0.000   -2.000   
-464.620   -464.620   0.000   0.000   0.000   -3.000   
-464.620   -464.620   0.000   0.000   0.000   -3.000   
-464.620   -464.620   0.000   0.000   0.000   -1.000   
-464.620   -464.620   0.000   0.000   0.000   -3.000   
-464.620   -464.620   0.000   0.000   0.000   -3.000   
-464.620   -464.620   0.000   0.000   0.000   -3.000   
-464.620   -464.620   0.000   0.000   0.000   -2.000   
-464.620   -464.620   0.000   0.000   0.000   -4.000   
-464.620   -464.620   0.000   0.000   0.000   -3.000   
-464.620   -464.620   0.000   0.000   0.000   -3.000   
-464.620   -464.620   0.000   0.000   0.000   -4.000   
-464.620   -464.620   0.000   0.000   0.000   -3.000   
-464.620   -464.620   0.000   0.000   0.000   -3.000   
-464.620   -464.620   0.000   0.000   0.000   -3.000   
-464.620   -464.620   0.000   0.000   0.000   -3.000   
-464.620   -464.620   0.000   0.000   0.000   -2.000   
-464.620   -464.620   0.000   0.000   0.000   -1.000   
-464.620   -464.620   0.000   0.000   0.000   -5.000   
-464.620   -464.620   0.000   0.000   0.000   -4.000   
-464.620   -464.620   0.000   0.000   0.000   -2.000   
-464.620   -464.620   0.000   0.000   0.000   -1.000   
-464.620   -464.620   0.000   0.000   0.000   -4.000   
-464.620   -464.620   0.000   0.000   0.000   -3.000   
-464.620   -464.620   0.000   0.000   0.000   -2.000   
-464.620   -464.620   0.000   0.000   0.000   -2.000   
-464.620   -464.620   0.000   0.000   0.000   -4.000   
-464.620   -464.620   0.000   0.000   0.000   -4.000   
-464.620   -464.620   0.000   0.000   0.000   -2.000   
-464.620   -464.620   0.000   0.000   0.000   -2.000   
-464.620   -464.620   0.000   0.000   0.000   -4.000   
-464.620   -464.620   0.000   0.000   0.000   -4.000   
-464.620   -464.620   0.000   0.000   0.000   -3.000   
-464.620   -464.620   0.000   0.000   0.000   -1.000   
-464.620   -464.620   0.000   0.000   0.000   -2.000   
-464.620   -464.620   0.000   0.000   0.000   -3.000   
-464.620   -464.620   0.000   0.000   0.000   -4.000   
-464.620   -464.620   0.000   0.000   0.000   -4.000   
-464.620   -464.620   0.000   0.000   0.000   -3.000   
-464.620   -464.620   0.000   0.000   0.000   -3.000   
-464.620   -464.620   0.000   0.000   0.000   -1.000   
-464.620   -464.620   0.000   0.000   0.000   -3.000   
-464.620   -464.620   0.000   0.000   0.000   -4.000   
-464.620   -464.620   0.000   0.000   0.000   -1.000   
-464.620   -464.620   0.000   0.000   0.000   -2.000   
-464.620   -464.620   0.000   0.000   0.000   -2.000   
-464.620   -464.620   0.000   0.000   0.000   -4.000   
-464.620   -464.620   0.000   0.000   0.000   -3.000   
-464.620   -464.620   0.000   0.000   0.000   -5.000   
-464.620   -464.620   0.000   0.000   0.000   -4.000   
-464.620   -464.620   0.000   0.000   0.000   -4.000   
-464.620   -464.620   0.000   0.000   0.000   -3.000   
-464.620   -464.620   0.000   0.000   0.000   -4.000   
-464.620   -464.620   0.000   0.000   0.000   -2.000   
-464.620   -464.620   0.000   0.000   0.000   -4.000   
-464.620   -464.620   0.000   0.000   0.000   -1.000   
-464.620   -464.620   0.000   0.000   0.000   -2.000   
-464.620   -464.620   0.000   0.000   0.000   -4.000   
-464.620   -464.620   0.000   0.000   0.000   -2.000   
-464.620   -464.620   0.000   0.000   0.000   -4.000   
-464.620   -464.620   0.000   0.000   0.000   -3.000   
-464.620   -464.620   0.000   0.000   0.000   -4.000   
-464.620   -464.620   0.000   0.000   0.000   -2.000   
-464.620   -464.620   0.000   0.000   0.000   -4.000   
-464.620   -464.620   0.000   0.000   0.000   -1.000   
-464.620   -464.620   0.000   0.000   0.000   -4.000   
-464.620   -464.620   0.000   0.000   0.000   -9.000   
-464.620   -464.620   0.000   0.000   0.000   -11.000   
-464.620   -464.620   0.000   0.000   0.000   -10.000   
-464.620   -464.620   0.000   0.000   0.000   -10.000   
-464.620   -464.620   0.000   0.000   0.000   -10.000   
-464.620   -464.620   0.000   0.000   0.000   -10.000   
-464.620   -464.620   0.000   0.000   0.000   -10.000   
-464.620   -464.620   0.000   0.000   0.000   -10.000   
-464.620   -464.620   0.000   0.000   0.000   -12.000   
-464.620   -464.620   0.000   0.000   0.000   -9.000   
-464.620   -464.620   0.000   0.000   0.000   -10.000   
-464.620   -464.620   0.000   0.000   0.000   -9.000   
-464.620   -464.620   0.000   0.000   0.000   -9.000   
-464.620   -464.620   0.000   0.000   0.000   -8.000   
-464.620   -464.620   0.000   0.000   0.000   -11.000   
-464.620   -464.620   0.000   0.000   0.000   -9.000   
-464.620   -464.620   0.000   0.000   0.000   -11.000   
-464.620   -464.620   0.000   0.000   0.000   -9.000   
-464.620   -464.620   0.000   0.000   0.000   -11.000   
-464.620   -464.620   0.000   0.000   0.000   -10.000   
-464.620   -464.620   0.000   0.000   0.000   -11.000   
-464.620   -464.620   0.000   0.000   0.000   -13.000   
-464.620   -464.620   0.000   0.000   0.000   -10.000   
-464.620   -464.620   0.000   0.000   0.000   -9.000   
-464.620   -464.620   0.000   0.000   0.000   -10.000   
-464.620   -464.620   0.000   0.000   0.000   -9.000   
-464.620   -464.620   0.000   0.000   0.000   -11.000   
-464.620   -464.620   0.000   0.000   0.000   -10.000   
-464.620   -464.620   0.000   0.000   0.000   -10.000   
-464.620   -464.620   0.000   0.000   0.000   -11.000   
-464.620   -464.620   0.000   0.000   0.000   -12.000   
-464.620   -464.620   0.000   0.000   0.000   -10.000   
-464.620   -464.620   0.000   0.000   0.000   -11.000   
-464.620   -464.620   0.000   0.000   0.000   -10.000   
-464.620   -464.620   0.000   0.000   0.000   -10.000   
-464.620   -464.620   0.000   0.000   0.000   -10.000   
-464.620   -464.620   0.000   0.000   0.000   -10.000   
-464.620   -464.620   0.000   0.000   0.000   -9.000   
-464.620   -464.620   0.000   0.000   0.000   -10.000   
-464.620   -464.620   0.000   0.000   0.000   -10.000   
-464.620   -464.620   0.000   0.000   0.000   -10.000   
-464.620   -464.620   0.000   0.000   0.000   -11.000   
-464.620   -464.620   0.000   0.000   0.000   -4.000   
-464.620   -464.620   0.000   0.000   0.000   -3.000   
-464.620   -464.620   0.000   0.000   0.000   -3.000   
-464.620   -464.620   0.000   0.000   0.000   -2.000   
-464.620   -464.620   0.000   0.000   0.000   -1.000   
-464.620   -464.620   0.000   0.000   0.000   -3.000   
-464.620   -464.620   0.000   0.000   0.000   -2.000   
-464.620   -464.620   0.000   0.000   0.000   -2.000   
-464.620   -464.620   0.000   0.000   0.000   -2.000   
-464.620   -464.620   0.000   0.000   0.000   1.000   
-464.620   -464.620   0.000   0.000   0.000   -1.000   
-464.620   -464.620   0.000   0.000   0.000   -1.000   
-464.620   -464.620   0.000   0.000   0.000   -3.000   
-464.620   -464.620   0.000   0.000   0.000   -2.000   
-464.620   -464.620   0.000   0.000   0.000   -3.000   
-464.620   -464.620   0.000   0.000   0.000   -4.000   
-464.620   -464.620   0.000   0.000   0.000   -3.000   
-464.620   -464.620   0.000   0.000   0.000   -3.000   
-464.620   -464.620   0.000   0.000   0.000   -3.000   
-464.620   -464.620   0.000   0.000   0.000   -3.000   
-464.620   -464.620   0.000   0.000   0.000   -3.000   
-464.620   -464.620   0.000   0.000   0.000   -3.000   
-464.620   -464.620   0.000   0.000   0.000   -3.000   
-464.620   -464.620   0.000   0.000   0.000   -3.000   
-464.620   -464.620   0.000   0.000   0.000   -4.000   
-464.620   -464.620   0.000   0.000   0.000   -3.000   
-464.620   -464.620   0.000   0.000   0.000   -4.000   
-464.620   -464.620   0.000   0.000   0.000   -3.000   
-464.620   -464.620   0.000   0.000   0.000   -4.000   
-464.620   -464.620   0.000   0.000   0.000   -3.000   
-464.620   -464.620   0.000   0.000   0.000   -2.000   
-464.620   -464.620   0.000   0.000   0.000   -4.000   
-464.620   -464.620   0.000   0.000   0.000   -2.000   
-464.620   -464.620   0.000   0.000   0.000   -4.000   
-464.620   -464.620   0.000   0.000   0.000   -1.000   
-464.620   -464.620   0.000   0.000   0.000   -3.000   
-464.620   -464.620   0.000   0.000   0.000   -1.000   
-464.620   -464.620   0.000   0.000   0.000   -4.000   
-464.620   -464.620   0.000   0.000   0.000   -3.000   
-464.620   -464.620   0.000   0.000   0.000   -2.000   
-464.620   -464.620   0.000   0.000   0.000   -3.000   
-464.620   -464.620   0.000   0.000   0.000   -4.000   
-464.620   -464.620   0.000   0.000   0.000   -2.000   
-464.620   -464.620   0.000   0.000   0.000   -4.000   
-464.620   -464.620   0.000   0.000   0.000   0.000   
-464.620   -464.620   0.000   0.000   0.000   -5.000   
-464.620   -464.620   0.000   0.000   0.000   -3.000   
-464.620   -464.620   0.000   0.000   0.000   -5.000   
-464.620   -464.620   0.000   0.000   0.000   -3.000   
-464.620   -464.620   0.000   0.000   0.000   -3.000   
-464.620   -464.620   0.000   0.000   0.000   -3.000   
-464.620   -464.620   0.000   0.000   0.000   -3.000   
-464.620   -464.620   0.000   0.000   0.000   -4.000   
-464.620   -464.620   0.000   0.000   0.000   -3.000   
-464.620   -464.620   0.000   0.000   0.000   -4.000   
-464.620   -464.620   0.000   0.000   0.000   -3.000   
-464.620   -464.620   0.000   0.000   0.000   -3.000   
-464.620   -464.620   0.000   0.000   0.000   -3.000   
-464.620   -464.620   0.000   0.000   0.000   -3.000   
-464.620   -464.620   0.000   0.000   0.000   -3.000   
-464.620   -464.620   0.000   0.000   0.000   -1.000   
-464.620   -464.620   0.000   0.000   0.000   -3.000   
-464.620   -464.620   0.000   0.000   0.000   -4.000   
-464.620   -464.620   0.000   0.000   0.000   -1.000   
-464.620   -464.620   0.000   0.000   0.000   -3.000   
-464.620   -464.620   0.000   0.000   0.000   -4.000   
-464.620   -464.620   0.000   0.000   0.000   -3.000   
-464.620   -464.620   0.000   0.000   0.000   -2.000   
-464.620   -464.620   0.000   0.000   0.000   -3.000   
-464.620   -464.620   0.000   0.000   0.000   -2.000   
-464.620   -464.620   0.000   0.000   0.000   -1.000   
-464.620   -464.620   0.000   0.000   0.000   -2.000   
-464.620   -464.620   0.000   0.000   0.000   -2.000   
-464.620   -464.620   0.000   0.000   0.000   -3.000   
-464.620   -464.620   0.000   0.000   0.000   -4.000   
-464.620   -464.620   0.000   0.000   0.000   -2.000   
-464.620   -464.620   0.000   0.000   0.000   -2.000   
-464.620   -464.620   0.000   0.000   0.000   -3.000   
-464.620   -464.620   0.000   0.000   0.000   -2.000   
-464.620   -464.620   0.000   0.000   0.000   -3.000   
-464.620   -464.620   0.000   0.000   0.000   -2.000   
-464.620   -464.620   0.000   0.000   0.000   -3.000   
-464.620   -464.620   0.000   0.000   0.000   -3.000   
-464.620   -464.620   0.000   0.000   0.000   -2.000   
-464.620   -464.620   0.000   0.000   0.000   -5.000   
-464.620   -464.620   0.000   0.000   0.000   -4.000   
-464.620   -464.620   0.000   0.000   0.000   -1.000   
-464.620   -464.620   0.000   0.000   0.000   -4.000   
-464.620   -464.620   0.000   0.000   0.000   -1.000   
-464.620   -464.620   0.000   0.000   0.000   -4.000   
-464.620   -464.620   0.000   0.000   0.000   -4.000   
-464.620   -464.620   0.000   0.000   0.000   -3.000   
-464.620   -464.620   0.000   0.000   0.000   -3.000   
-464.620   -464.620   0.000   0.000   0.000   -4.000   
-464.620   -464.620   0.000   0.000   0.000   -2.000   
-464.620   -464.620   0.000   0.000   0.000   -3.000   
-464.620   -464.620   0.000   0.000   0.000   -3.000   
-464.620   -464.620   0.000   0.000   0.000   -1.000   
-464.620   -464.620   0.000   0.000   0.000   -3.000   
-464.620   -464.620   0.000   0.000   0.000   -3.000   
-464.620   -464.620   0.000   0.000   0.000   -3.000   
-464.620   -464.620   0.000   0.000   0.000   -2.000   
-464.620   -464.620   0.000   0.000   0.000   -4.000   
-464.620   -464.620   0.000   0.000   0.000   -3.000   
-464.620   -464.620   0.000   0.000   0.000   -4.000   
-464.620   -464.620   0.000   0.000   0.000   -2.000   
-464.620   -464.620   0.000   0.000   0.000   -2.000   
-464.620   -464.620   0.000   0.000   0.000   -1.000   
-464.620   -464.620   0.000   0.000   0.000   -4.000   
-464.620   -464.620   0.000   0.000   0.000   -3.000   
-464.620   -464.620   0.000   0.000   0.000   -3.000   
-464.620   -464.620   0.000   0.000   0.000   -2.000   
-464.620   -464.620   0.000   0.000   0.000   -4.000   
-464.620   -464.620   0.000   0.000   0.000   -3.000   
-464.620   -464.620   0.000   0.000   0.000   -3.000   
-464.620   -464.620   0.000   0.000   0.000   -2.000   
-464.620   -464.620   0.000   0.000   0.000   -3.000   
-464.620   -464.620   0.000   0.000   0.000   -4.000   
-464.620   -464.620   0.000   0.000   0.000   -2.000   
-464.620   -464.620   0.000   0.000   0.000   -4.000   
-464.620   -464.620   0.000   0.000   0.000   -1.000   
-464.620   -464.620   0.000   0.000   0.000   -4.000   
-464.620   -464.620   0.000   0.000   0.000   -3.000   
-464.620   -464.620   0.000   0.000   0.000   -3.000   
-464.620   -464.620   0.000   0.000   0.000   -1.000   
-464.620   -464.620   0.000   0.000   0.000   -5.000   
-464.620   -464.620   0.000   0.000   0.000   -2.000   
-464.620   -464.620   0.000   0.000   0.000   4.000   
-464.620   -464.620   0.000   0.000   0.000   5.000   
-464.620   -464.620   0.000   0.000   0.000   4.000   
-464.620   -464.620   0.000   0.000   0.000   4.000   
-464.620   -464.620   0.000   0.000   0.000   4.000   
-464.620   -464.620   0.000   0.000   0.000   3.000   
-464.620   -464.620   0.000   0.000   0.000   3.000   
-464.620   -464.620   0.000   0.000   0.000   3.000   
-464.620   -464.620   0.000   0.000   0.000   3.000   
-464.620   -464.620   0.000   0.000   0.000   4.000   
-464.620   -464.620   0.000   0.000   0.000   3.000   
-464.620   -464.620   0.000   0.000   0.000   5.000   
-464.620   -464.620   0.000   0.000   0.000   3.000   
-464.620   -464.620   0.000   0.000   0.000   4.000   
-464.620   -464.620   0.000   0.000   0.000   4.000   
-464.620   -464.620   0.000   0.000   0.000   3.000   
-464.620   -464.620   0.000   0.000   0.000   5.000   
-464.620   -464.620   0.000   0.000   0.000   5.000   
-464.620   -464.620   0.000   0.000   0.000   4.000   
-464.620   -464.620   0.000   0.000   0.000   4.000   
-464.620   -464.620   0.000   0.000   0.000   4.000   
-464.620   -464.620   0.000   0.000   0.000   3.000   
-464.620   -464.620   0.000   0.000   0.000   4.000   
-464.620   -464.620   0.000   0.000   0.000   4.000   
-464.620   -464.620   0.000   0.000   0.000   5.000   
-464.620   -464.620   0.000   0.000   0.000   4.000   
-464.620   -464.620   0.000   0.000   0.000   4.000   
-464.620   -464.620   0.000   0.000   0.000   5.000   
-464.620   -464.620   0.000   0.000   0.000   3.000   
-464.620   -464.620   0.000   0.000   0.000   3.000   
-464.620   -464.620   0.000   0.000   0.000   4.000   
-464.620   -464.620   0.000   0.000   0.000   4.000   
-464.620   -464.620   0.000   0.000   0.000   4.000   
-464.620   -464.620   0.000   0.000   0.000   4.000   
-464.620   -464.620   0.000   0.000   0.000   4.000   
-464.620   -464.620   0.000   0.000   0.000   6.000   
-464.620   -464.620   0.000   0.000   0.000   4.000   
-464.620   -464.620   0.000   0.000   0.000   4.000   
-464.620   -464.620   0.000   0.000   0.000   5.000   
-464.620   -464.620   0.000   0.000   0.000   5.000   
-464.620   -464.620   0.000   0.000   0.000   5.000   
-464.620   -464.620   0.000   0.000   0.000   5.000   
-464.620   -464.620   0.000   0.000   0.000   -2.000   
-464.620   -464.620   0.000   0.000   0.000   -4.000   
-464.620   -464.620   0.000   0.000   0.000   -3.000   
-464.620   -464.620   0.000   0.000   0.000   -4.000   
-464.620   -464.620   0.000   0.000   0.000   -3.000   
-464.620   -464.620   0.000   0.000   0.000   -3.000   
-464.620   -464.620   0.000   0.000   0.000   -1.000   
-464.620   -464.620   0.000   0.000   0.000   -2.000   
-464.620   -464.620   0.000   0.000   0.000   -2.000   
-464.620   -464.620   0.000   0.000   0.000   -2.000   
-464.620   -464.620   0.000   0.000   0.000   -4.000   
-464.620   -464.620   0.000   0.000   0.000   -2.000   
-464.620   -464.620   0.000   0.000   0.000   -2.000   
-464.620   -464.620   0.000   0.000   0.000   -4.000   
-464.620   -464.620   0.000   0.000   0.000   -1.000   
-464.620   -464.620   0.000   0.000   0.000   -3.000   
-464.620   -464.620   0.000   0.000   0.000   -2.000   
-464.620   -464.620   0.000   0.000   0.000   -4.000   
-464.620   -464.620   0.000   0.000   0.000   -1.000   
-464.620   -464.620   0.000   0.000   0.000   -1.000   
-464.620   -464.620   0.000   0.000   0.000   -3.000   
-464.620   -464.620   0.000   0.000   0.000   -2.000   
-464.620   -464.620   0.000   0.000   0.000   -3.000   
-464.620   -464.620   0.000   0.000   0.000   -3.000   
-464.620   -464.620   0.000   0.000   0.000   -3.000   
-464.620   -464.620   0.000   0.000   0.000   -4.000   
-464.620   -464.620   0.000   0.000   0.000   -3.000   
-464.620   -464.620   0.000   0.000   0.000   -3.000   
-464.620   -464.620   0.000   0.000   0.000   -3.000   
-464.620   -464.620   0.000   0.000   0.000   -3.000   
-464.620   -464.620   0.000   0.000   0.000   -4.000   
-464.620   -464.620   0.000   0.000   0.000   -4.000   
-464.620   -464.620   0.000   0.000   0.000   -5.000   
-464.620   -464.620   0.000   0.000   0.000   -2.000   
-464.620   -464.620   0.000   0.000   0.000   -2.000   
-464.620   -464.620   0.000   0.000   0.000   -3.000   
-464.620   -464.620   0.000   0.000   0.000   -4.000   
-464.620   -464.620   0.000   0.000   0.000   -2.000   
-464.620   -464.620   0.000   0.000   0.000   -4.000   
-464.620   -464.620   0.000   0.000   0.000   -2.000   
-464.620   -464.620   0.000   0.000   0.000   -2.000   
-464.620   -464.620   0.000   0.000   0.000   -4.000   
-464.620   -464.620   0.000   0.000   0.000   -4.000   
-464.620   -464.620   0.000   0.000   0.000   -3.000   
-464.620   -464.620   0.000   0.000   0.000   -3.000   
-464.620   -464.620   0.000   0.000   0.000   -3.000   
-464.620   -464.620   0.000   0.000   0.000   -3.000   
-464.620   -464.620   0.000   0.000   0.000   -3.000   
-464.620   -464.620   0.000   0.000   0.000   -3.000   
-464.620   -464.620   0.000   0.000   0.000   -5.000   
-464.620   -464.620   0.000   0.000   0.000   -2.000   
-464.620   -464.620   0.000   0.000   0.000   -4.000   
-464.620   -464.620   0.000   0.000   0.000   -3.000   
-464.620   -464.620   0.000   0.000   0.000   -2.000   
-464.620   -464.620   0.000   0.000   0.000   -2.000   
-464.620   -464.620   0.000   0.000   0.000   -3.000   
-464.620   -464.620   0.000   0.000   0.000   -2.000   
-464.620   -464.620   0.000   0.000   0.000   -3.000   
-464.620   -464.620   0.000   0.000   0.000   -4.000   
-464.620   -464.620   0.000   0.000   0.000   -4.000   
-464.620   -464.620   0.000   0.000   0.000   -3.000   
-464.620   -464.620   0.000   0.000   0.000   -4.000   
-464.620   -464.620   0.000   0.000   0.000   -3.000   
-464.620   -464.620   0.000   0.000   0.000   -2.000   
-464.620   -464.620   0.000   0.000   0.000   -2.000   
-464.620   -464.620   0.000   0.000   0.000   -3.000   
-464.620   -464.620   0.000   0.000   0.000   -3.000   
-464.620   -464.620   0.000   0.000   0.000   -4.000   
-464.620   -464.620   0.000   0.000   0.000   -2.000   
-464.620   -464.620   0.000   0.000   0.000   -3.000   
-464.620   -464.620   0.000   0.000   0.000   -2.000   
-464.620   -464.620   0.000   0.000   0.000   -1.000   
-464.620   -464.620   0.000   0.000   0.000   -1.000   
-464.620   -464.620   0.000   0.000   0.000   -2.000   
-464.620   -464.620   0.000   0.000   0.000   -3.000   
-464.620   -464.620   0.000   0.000   0.000   -5.000   
-464.620   -464.620   0.000   0.000   0.000   -2.000   
-464.620   -464.620   0.000   0.000   0.000   -5.000   
-464.620   -464.620   0.000   0.000   0.000   -3.000   
-464.620   -464.620   0.000   0.000   0.000   -3.000   
-464.620   -464.620   0.000   0.000   0.000   -5.000   
-464.620   -464.620   0.000   0.000   0.000   -3.000   
-464.620   -464.620   0.000   0.000   0.000   -4.000   
-464.620   -464.620   0.000   0.000   0.000   -3.000   
-464.620   -464.620   0.000   0.000   0.000   -3.000   
-464.620   -464.620   0.000   0.000   0.000   -4.000   
-464.620   -464.620   0.000   0.000   0.000   -3.000   
-464.620   -464.620   0.000   0.000   0.000   -2.000   
-464.620   -464.620   0.000   0.000   0.000   -4.000   
-464.620   -464.620   0.000   0.000   0.000   -3.000   
-464.620   -464.620   0.000   0.000   0.000   -4.000   
-464.620   -464.620   0.000   0.000   0.000   -3.000   
-464.620   -464.620   0.000   0.000   0.000   -3.000   
-464.620   -464.620   0.000   0.000   0.000   -2.000   
-464.620   -464.620   0.000   0.000   0.000   -3.000   
-464.620   -464.620   0.000   0.000   0.000   -2.000   
-464.620   -464.620   0.000   0.000   0.000   -3.000   
-464.620   -464.620   0.000   0.000   0.000   -4.000   
-464.620   -464.620   0.000   0.000   0.000   -4.000   
-464.620   -464.620   0.000   0.000   0.000   -4.000   
-464.620   -464.620   0.000   0.000   0.000   -4.000   
-464.620   -464.620   0.000   0.000   0.000   -4.000   
-464.620   -464.620   0.000   0.000   0.000   -2.000   
-464.620   -464.620   0.000   0.000   0.000   -4.000   
-464.620   -464.620   0.000   0.000   0.000   -4.000   
-464.620   -464.620   0.000   0.000   0.000   -3.000   
-464.620   -464.620   0.000   0.000   0.000   -3.000   
-464.620   -464.620   0.000   0.000   0.000   -2.000   
-464.620   -464.620   0.000   0.000   0.000   -3.000   
-464.620   -464.620   0.000   0.000   0.000   -5.000   
-464.620   -464.620   0.000   0.000   0.000   -2.000   
-464.620   -464.620   0.000   0.000   0.000   -1.000   
-464.620   -464.620   0.000   0.000   0.000   -3.000   
-464.620   -464.620   0.000   0.000   0.000   -4.000   
-464.620   -464.620   0.000   0.000   0.000   -3.000   
-464.620   -464.620   0.000   0.000   0.000   -3.000   
-464.620   -464.620   0.000   0.000   0.000   -2.000   
-464.620   -464.620   0.000   0.000   0.000   -2.000   
-464.620   -464.620   0.000   0.000   0.000   -4.000   
-464.620   -464.620   0.000   0.000   0.000   -5.000   
-464.620   -464.620   0.000   0.000   0.000   -3.000   
-464.620   -464.620   0.000   0.000   0.000   -3.000   
-464.620   -464.620   0.000   0.000   0.000   -3.000   
-464.620   -464.620   0.000   0.000   0.000   -5.000   
-464.620   -464.620   0.000   0.000   0.000   -4.000   
-464.620   -464.620   0.000   0.000   0.000   -5.000   
-464.620   -464.620   0.000   0.000   0.000   -12.000   
-464.620   -464.620   0.000   0.000   0.000   -9.000   
-464.620   -464.620   0.000   0.000   0.000   -13.000   
-464.620   -464.620   0.000   0.000   0.000   -9.000   
-464.620   -464.620   0.000   0.000   0.000   -12.000   
-464.620   -464.620   0.000   0.000   0.000   -12.000   
-464.620   -464.620   0.000   0.000   0.000   -12.000   
-464.620   -464.620   0.000   0.000   0.000   -12.000   
-464.620   -464.620   0.000   0.000   0.000   -10.000   
-464.620   -464.620   0.000   0.000   0.000   -11.000   
-464.620   -464.620   0.000   0.000   0.000   -13.000   
-464.620   -464.620   0.000   0.000   0.000   -10.000   
-464.620   -464.620   0.000   0.000   0.000   -11.000   
-464.620   -464.620   0.000   0.000   0.000   -12.000   
-464.620   -464.620   0.000   0.000   0.000   -10.000   
-464.620   -464.620   0.000   0.000   0.000   -12.000   
-464.620   -464.620   0.000   0.000   0.000   -10.000   
-464.620   -464.620   0.000   0.000   0.000   -10.000   
-464.620   -464.620   0.000   0.000   0.000   -11.000   
-464.620   -464.620   0.000   0.000   0.000   -11.000   
-464.620   -464.620   0.000   0.000   0.000   -10.000   
-464.620   -464.620   0.000   0.000   0.000   -13.000   
-464.620   -464.620   0.000   0.000   0.000   -10.000   
-464.620   -464.620   0.000   0.000   0.000   -13.000   
-464.620   -464.620   0.000   0.000   0.000   -11.000   
-464.620   -464.620   0.000   0.000   0.000   -11.000   
-464.620   -464.620   0.000   0.000   0.000   -10.000   
-464.620   -464.620   0.000   0.000   0.000   -10.000   
-464.620   -464.620   0.000   0.000   0.000   -11.000   
-464.620   -464.620   0.000   0.000   0.000   -11.000   
-464.620   -464.620   0.000   0.000   0.000   -10.000   
-464.620   -464.620   0.000   0.000   0.000   -10.000   
-464.620   -464.620   0.000   0.000   0.000   -11.000   
-464.620   -464.620   0.000   0.000   0.000   -13.000   
-464.620   -464.620   0.000   0.000   0.000   -13.000   
-464.620   -464.620   0.000   0.000   0.000   -14.000   
-464.620   -464.620   0.000   0.000   0.000   -11.000   
-464.620   -464.620   0.000   0.000   0.000   -10.000   
-464.620   -464.620   0.000   0.000   0.000   -12.000   
-464.620   -464.620   0.000   0.000   0.000   -10.000   
-464.620   -464.620   0.000   0.000   0.000   -10.000   
-464.620   -464.620   0.000   0.000   0.000   -11.000   
-464.620   -464.620   0.000   0.000   0.000   -12.000   
-464.620   -464.620   0.000   0.000   0.000   -2.000   
-464.620   -464.620   0.000   0.000   0.000   -2.000   
-464.620   -464.620   0.000   0.000   0.000   -4.000   
-464.620   -464.620   0.000   0.000   0.000   -5.000   
-464.620   -464.620   0.000   0.000   0.000   -4.000   
-464.620   -464.620   0.000   0.000   0.000   -5.000   
-464.620   -464.620   0.000   0.000   0.000   -2.000   
-464.620   -464.620   0.000   0.000   0.000   -4.000   
-464.620   -464.620   0.000   0.000   0.000   -3.000   
-464.620   -464.620   0.000   0.000   0.000   -2.000   
-464.620   -464.620   0.000   0.000   0.000   -2.000   
-464.620   -464.620   0.000   0.000   0.000   -4.000   
-464.620   -464.620   0.000   0.000   0.000   -4.000   
-464.620   -464.620   0.000   0.000   0.000   -2.000   
-464.620   -464.620   0.000   0.000   0.000   -2.000   
-464.620   -464.620   0.000   0.000   0.000   -3.000   
-464.620   -464.620   0.000   0.000   0.000   -1.000   
-464.620   -464.620   0.000   0.000   0.000   -2.000   
-464.620   -464.620   0.000   0.000   0.000   -4.000   
-464.620   -464.620   0.000   0.000   0.000   -2.000   
-464.620   -464.620   0.000   0.000   0.000   -2.000   
-464.620   -464.620   0.000   0.000   0.000   -2.000   
-464.620   -464.620   0.000   0.000   0.000   -1.000   
-464.620   -464.620   0.000   0.000   0.000   -2.000   
-464.620   -464.620   0.000   0.000   0.000   -1.000   
-464.620   -464.620   0.000   0.000   0.000   -1.000   
-464.620   -464.620   0.000   0.000   0.000   -1.000   
-464.620   -464.620   0.000   0.000   0.000   -4.000   
-464.620   -464.620   0.000   0.000   0.000   -4.000   
-464.620   -464.620   0.000   0.000   0.000   -1.000   
-464.620   -464.620   0.000   0.000   0.000   -3.000   
-464.620   -464.620   0.000   0.000   0.000   -3.000   
-464.620   -464.620   0.000   0.000   0.000   -2.000   
-464.620   -464.620   0.000   0.000   0.000   -1.000   
-464.620   -464.620   0.000   0.000   0.000   -1.000   
-464.620   -464.620   0.000   0.000   0.000   -3.000   
-464.620   -464.620   0.000   0.000   0.000   -4.000   
-464.620   -464.620   0.000   0.000   0.000   -3.000   
-464.620   -464.620   0.000   0.000   0.000   -4.000   
-464.620   -464.620   0.000   0.000   0.000   -4.000   
-464.620   -464.620   0.000   0.000   0.000   -3.000   
-464.620   -464.620   0.000   0.000   0.000   -3.000   
-464.620   -464.620   0.000   0.000   0.000   -4.000   
-464.620   -464.620   0.000   0.000   0.000   -1.000   
-464.620   -464.620   0.000   0.000   0.000   0.000   
-464.620   -464.620   0.000   0.000   0.000   -5.000   
-464.620   -464.620   0.000   0.000   0.000   -6.000   
-464.620   -464.620   0.000   0.000   0.000   -2.000   
-464.620   -464.620   0.000   0.000   0.000   -1.000   
-464.620   -464.620   0.000   0.000   0.000   0.000   
-464.620   -464.620   0.000   0.000   0.000   -3.000   
-464.620   -464.620   0.000   0.000   0.000   -2.000   
-464.620   -464.620   0.000   0.000   0.000   -4.000   
-464.620   -464.620   0.000   0.000   0.000   -4.000   
-464.620   -464.620   0.000   0.000   0.000   -2.000   
-464.620   -464.620   0.000   0.000   0.000   -2.000   
-464.620   -464.620   0.000   0.000   0.000   -3.000   
-464.620   -464.620   0.000   0.000   0.000   -2.000   
-464.620   -464.620   0.000   0.000   0.000   -1.000   
-464.620   -464.620   0.000   0.000   0.000   -3.000   
-464.620   -464.620   0.000   0.000   0.000   -3.000   
-464.620   -464.620   0.000   0.000   0.000   -1.000   
-464.620   -464.620   0.000   0.000   0.000   -2.000   
-464.620   -464.620   0.000   0.000   0.000   -3.000   
-464.620   -464.620   0.000   0.000   0.000   -2.000   
-464.620   -464.620   0.000   0.000   0.000   -3.000   
-464.620   -464.620   0.000   0.000   0.000   -4.000   
-464.620   -464.620   0.000   0.000   0.000   -3.000   
-464.620   -464.620   0.000   0.000   0.000   -3.000   
-464.620   -464.620   0.000   0.000   0.000   -2.000   
-464.620   -464.620   0.000   0.000   0.000   -3.000   
-464.620   -464.620   0.000   0.000   0.000   -3.000   
-464.620   -464.620   0.000   0.000   0.000   -1.000   
-464.620   -464.620   0.000   0.000   0.000   -3.000   
-464.620   -464.620   0.000   0.000   0.000   -1.000   
-464.620   -464.620   0.000   0.000   0.000   -2.000   
-464.620   -464.620   0.000   0.000   0.000   -5.000   
-464.620   -464.620   0.000   0.000   0.000   -1.000   
-464.620   -464.620   0.000   0.000   0.000   -1.000   
-464.620   -464.620   0.000   0.000   0.000   -1.000   
-464.620   -464.620   0.000   0.000   0.000   -3.000   
-464.620   -464.620   0.000   0.000   0.000   -2.000   
-464.620   -464.620   0.000   0.000   0.000   -3.000   
-464.620   -464.620   0.000   0.000   0.000   -1.000   
-464.620   -464.620   0.000   0.000   0.000   -2.000   
-464.620   -464.620   0.000   0.000   0.000   -2.000   
-464.620   -464.620   0.000   0.000   0.000   -5.000   
-464.620   -464.620   0.000   0.000   0.000   -5.000   
-464.620   -464.620   0.000   0.000   0.000   -3.000   
-464.620   -464.620   0.000   0.000   0.000   -4.000   
-464.620   -464.620   0.000   0.000   0.000   -4.000   
-464.620   -464.620   0.000   0.000   0.000   -1.000   
-464.620   -464.620   0.000   0.000   0.000   -4.000   
-464.620   -464.620   0.000   0.000   0.000   -4.000   
-464.620   -464.620   0.000   0.000   0.000   -3.000   
-464.620   -464.620   0.000   0.000   0.000   -3.000   
-464.620   -464.620   0.000   0.000   0.000   -4.000   
-464.620   -464.620   0.000   0.000   0.000   -3.000   
-464.620   -464.620   0.000   0.000   0.000   -3.000   
-464.620   -464.620   0.000   0.000   0.000   -4.000   
-464.620   -464.620   0.000   0.000   0.000   -3.000   
-464.620   -464.620   0.000   0.000   0.000   -3.000   
-464.620   -464.620   0.000   0.000   0.000   -1.000   
-464.620   -464.620   0.000   0.000   0.000   -3.000   
-464.620   -464.620   0.000   0.000   0.000   -4.000   
-464.620   -464.620   0.000   0.000   0.000   -1.000   
-464.620   -464.620   0.000   0.000   0.000   -3.000   
-464.620   -464.620   0.000   0.000   0.000   -2.000   
-464.620   -464.620   0.000   0.000   0.000   -2.000   
-464.620   -464.620   0.000   0.000   0.000   -4.000   
-464.620   -464.620   0.000   0.000   0.000   -2.000   
-464.620   -464.620   0.000   0.000   0.000   -3.000   
-464.620   -464.620   0.000   0.000   0.000   -3.000   
-464.620   -464.620   0.000   0.000   0.000   -2.000   
-464.620   -464.620   0.000   0.000   0.000   -4.000   
-464.620   -464.620   0.000   0.000   0.000   -4.000   
-464.620   -464.620   0.000   0.000   0.000   -3.000   
-464.620   -464.620   0.000   0.000   0.000   -1.000   
-464.620   -464.620   0.000   0.000   0.000   -3.000   
-464.620   -464.620   0.000   0.000   0.000   -2.000   
-464.620   -464.620   0.000   0.000   0.000   -3.000   
-464.620   -464.620   0.000   0.000   0.000   -4.000   
-464.620   -464.620   0.000   0.000   0.000   -3.000   
-464.620   -464.620   0.000   0.000   0.000   -3.000   
-464.620   -464.620   0.000   0.000   0.000   -3.000   
-464.620   -464.620   0.000   0.000   0.000   6.000   
-464.620   -464.620   0.000   0.000   0.000   6.000   
-464.620   -464.620   0.000   0.000   0.000   6.000   
-464.620   -464.620   0.000   0.000   0.000   7.000   
-464.620   -464.620   0.000   0.000   0.000   6.000   
-464.620   -464.620   0.000   0.000   0.000   6.000   
-464.620   -464.620   0.000   0.000   0.000   7.000   
-464.620   -464.620   0.000   0.000   0.000   4.000   
-464.620   -464.620   0.000   0.000   0.000   5.000   
-464.620   -464.620   0.000   0.000   0.000   7.000   
-464.620   -464.620   0.000   0.000   0.000   5.000   
-464.620   -464.620   0.000   0.000   0.000   6.000   
-464.620   -464.620   0.000   0.000   0.000   7.000   
-464.620   -464.620   0.000   0.000   0.000   7.000   
-464.620   -464.620   0.000   0.000   0.000   6.000   
-464.620   -464.620   0.000   0.000   0.000   6.000   
-464.620   -464.620   0.000   0.000   0.000   6.000   
-464.620   -464.620   0.000   0.000   0.000   4.000   
-464.620   -464.620   0.000   0.000   0.000   5.000   
-464.620   -464.620   0.000   0.000   0.000   6.000   
-464.620   -464.620   0.000   0.000   0.000   6.000   
-464.620   -464.620   0.000   0.000   0.000   4.000   
-464.620   -464.620   0.000   0.000   0.000   6.000   
-464.620   -464.620   0.000   0.000   0.000   6.000   
-464.620   -464.620   0.000   0.000   0.000   7.000   
-464.620   -464.620   0.000   0.000   0.000   5.000   
-464.620   -464.620   0.000   0.000   0.000   6.000   
-464.620   -464.620   0.000   0.000   0.000   4.000   
-464.620   -464.620   0.000   0.000   0.000   6.000   
-464.620   -464.620   0.000   0.000   0.000   6.000   
-464.620   -464.620   0.000   0.000   0.000   6.000   
-464.620   -464.620   0.000   0.000   0.000   6.000   
-464.620   -464.620   0.000   0.000   0.000   4.000   
-464.620   -464.620   0.000   0.000   0.000   6.000   
-464.620   -464.620   0.000   0.000   0.000   6.000   
-464.620   -464.620   0.000   0.000   0.000   7.000   
-464.620   -464.620   0.000   0.000   0.000   4.000   
-464.620   -464.620   0.000   0.000   0.000   6.000   
-464.620   -464.620   0.000   0.000   0.000   5.000   
-464.620   -464.620   0.000   0.000   0.000   5.000   
-464.620   -464.620   0.000   0.000   0.000   7.000   
-464.620   -464.620   0.000   0.000   0.000   7.000   
-464.620   -464.620   0.000   0.000   0.000   6.000   
-464.620   -464.620   0.000   0.000   0.000   -1.000   
-464.620   -464.620   0.000   0.000   0.000   -3.000   
-464.620   -464.620   0.000   0.000   0.000   -4.000   
-464.620   -464.620   0.000   0.000   0.000   -3.000   
-464.620   -464.620   0.000   0.000   0.000   -2.000   
-464.620   -464.620   0.000   0.000   0.000   -4.000   
-464.620   -464.620   0.000   0.000   0.000   -2.000   
-464.620   -464.620   0.000   0.000   0.000   -3.000   
-464.620   -464.620   0.000   0.000   0.000   -1.000   
-464.620   -464.620   0.000   0.000   0.000   -3.000   
-464.620   -464.620   0.000   0.000   0.000   -3.000   
-464.620   -464.620   0.000   0.000   0.000   -3.000   
-464.620   -464.620   0.000   0.000   0.000   -1.000   
-464.620   -464.620   0.000   0.000   0.000   -2.000   
-464.620   -464.620   0.000   0.000   0.000   -2.000   
-464.620   -464.620   0.000   0.000   0.000   -4.000   
-464.620   -464.620   0.000   0.000   0.000   -2.000   
-464.620   -464.620   0.000   0.000   0.000   -4.000   
-464.620   -464.620   0.000   0.000   0.000   -4.000   
-464.620   -464.620   0.000   0.000   0.000   -2.000   
-464.620   -464.620   0.000   0.000   0.000   -1.000   
-464.620   -464.620   0.000   0.000   0.000   -3.000   
-464.620   -464.620   0.000   0.000   0.000   -4.000   
-464.620   -464.620   0.000   0.000   0.000   -2.000   
-464.620   -464.620   0.000   0.000   0.000   -4.000   
-464.620   -464.620   0.000   0.000   0.000   -1.000   
-464.620   -464.620   0.000   0.000   0.000   -4.000   
-464.620   -464.620   0.000   0.000   0.000   -2.000   
-464.620   -464.620   0.000   0.000   0.000   -3.000   
-464.620   -464.620   0.000   0.000   0.000   -3.000   
-464.620   -464.620   0.000   0.000   0.000   -4.000   
-464.620   -464.620   0.000   0.000   0.000   -2.000   
-464.620   -464.620   0.000   0.000   0.000   -2.000   
-464.620   -464.620   0.000   0.000   0.000   -2.000   
-464.620   -464.620   0.000   0.000   0.000   -3.000   
-464.620   -464.620   0.000   0.000   0.000   -1.000   
-464.620   -464.620   0.000   0.000   0.000   -2.000   
-464.620   -464.620   0.000   0.000   0.000   -4.000   
-464.620   -464.620   0.000   0.000   0.000   -2.000   
-464.620   -464.620   0.000   0.000   0.000   -1.000   
-464.620   -464.620   0.000   0.000   0.000   0.000   
-464.620   -464.620   0.000   0.000   0.000   -4.000   
-464.620   -464.620   0.000   0.000   0.000   -2.000   
-464.620   -464.620   0.000   0.000   0.000   -1.000   
-464.620   -464.620   0.000   0.000   0.000   -1.000   
-464.620   -464.620   0.000   0.000   0.000   -2.000   
-464.620   -464.620   0.000   0.000   0.000   -4.000   
-464.620   -464.620   0.000   0.000   0.000   -4.000   
-464.620   -464.620   0.000   0.000   0.000   -2.000   
-464.620   -464.620   0.000   0.000   0.000   -4.000   
-464.620   -464.620   0.000   0.000   0.000   -3.000   
-464.620   -464.620   0.000   0.000   0.000   -3.000   
-464.620   -464.620   0.000   0.000   0.000   -4.000   
-464.620   -464.620   0.000   0.000   0.000   -3.000   
-464.620   -464.620   0.000   0.000   0.000   -2.000   
-464.620   -464.620   0.000   0.000   0.000   -3.000   
-464.620   -464.620   0.000   0.000   0.000   -2.000   
-464.620   -464.620   0.000   0.000   0.000   -4.000   
-464.620   -464.620   0.000   0.000   0.000   -3.000   
-464.620   -464.620   0.000   0.000   0.000   -3.000   
-464.620   -464.620   0.000   0.000   0.000   -3.000   
-464.620   -464.620   0.000   0.000   0.000   -1.000   
-464.620   -464.620   0.000   0.000   0.000   -2.000   
-464.620   -464.620   0.000   0.000   0.000   -3.000   
-464.620   -464.620   0.000   0.000   0.000   -3.000   
-464.620   -464.620   0.000   0.000   0.000   -3.000   
-464.620   -464.620   0.000   0.000   0.000   -3.000   
-464.620   -464.620   0.000   0.000   0.000   -2.000   
-464.620   -464.620   0.000   0.000   0.000   -3.000   
-464.620   -464.620   0.000   0.000   0.000   -1.000   
-464.620   -464.620   0.000   0.000   0.000   -2.000   
-464.620   -464.620   0.000   0.000   0.000   -4.000   
-464.620   -464.620   0.000   0.000   0.000   -5.000   
-464.620   -464.620   0.000   0.000   0.000   -5.000   
-464.620   -464.620   0.000   0.000   0.000   -4.000   
-464.620   -464.620   0.000   0.000   0.000   -3.000   
-464.620   -464.620   0.000   0.000   0.000   -3.000   
-464.620   -464.620   0.000   0.000   0.000   -3.000   
-464.620   -464.620   0.000   0.000   0.000   -4.000   
-464.620   -464.620   0.000   0.000   0.000   -3.000   
-464.620   -464.620   0.000   0.000   0.000   -4.000   
-464.620   -464.620   0.000   0.000   0.000   -4.000   
-464.620   -464.620   0.000   0.000   0.000   -2.000   
-464.620   -464.620   0.000   0.000   0.000   -2.000   
-464.620   -464.620   0.000   0.000   0.000   -3.000   
-464.620   -464.620   0.000   0.000   0.000   -3.000   
-464.620   -464.620   0.000   0.000   0.000   -3.000   
-464.620   -464.620   0.000   0.000   0.000   -4.000   
-464.620   -464.620   0.000   0.000   0.000   -4.000   
-464.620   -464.620   0.000   0.000   0.000   -4.000   
-464.620   -464.620   0.000   0.000   0.000   -4.000   
-464.620   -464.620   0.000   0.000   0.000   -5.000   
-464.620   -464.620   0.000   0.000   0.000   -3.000   
-464.620   -464.620   0.000   0.000   0.000   -2.000   
-464.620   -464.620   0.000   0.000   0.000   -4.000   
-464.620   -464.620   0.000   0.000   0.000   -1.000   
-464.620   -464.620   0.000   0.000   0.000   -2.000   
-464.620   -464.620   0.000   0.000   0.000   -3.000   
-464.620   -464.620   0.000   0.000   0.000   -4.000   
-464.620   -464.620   0.000   0.000   0.000   -5.000   
-464.620   -464.620   0.000   0.000   0.000   -4.000   
-464.620   -464.620   0.000   0.000   0.000   -4.000   
-464.620   -464.620   0.000   0.000   0.000   -4.000   
-464.620   -464.620   0.000   0.000   0.000   -2.000   
-464.620   -464.620   0.000   0.000   0.000   -3.000   
-464.620   -464.620   0.000   0.000   0.000   -1.000   
-464.620   -464.620   0.000   0.000   0.000   -2.000   
-464.620   -464.620   0.000   0.000   0.000   -3.000   
-464.620   -464.620   0.000   0.000   0.000   -4.000   
-464.620   -464.620   0.000   0.000   0.000   -3.000   
-464.620   -464.620   0.000   0.000   0.000   -4.000   
-464.620   -464.620   0.000   0.000   0.000   -2.000   
-464.620   -464.620   0.000   0.000   0.000   -4.000   
-464.620   -464.620   0.000   0.000   0.000   -3.000   
-464.620   -464.620   0.000   0.000   0.000   -4.000   
-464.620   -464.620   0.000   0.000   0.000   -2.000   
-464.620   -464.620   0.000   0.000   0.000   -4.000   
-464.620   -464.620   0.000   0.000   0.000   -3.000   
-464.620   -464.620   0.000   0.000   0.000   -3.000   
-464.620   -464.620   0.000   0.000   0.000   -3.000   
-464.620   -464.620   0.000   0.000   0.000   -2.000   
-464.620   -464.620   0.000   0.000   0.000   -3.000   
-464.620   -464.620   0.000   0.000   0.000   -3.000   
-464.620   -464.620   0.000   0.000   0.000   -3.000   
-464.620   -464.620   0.000   0.000   0.000   -6.000   
-464.620   -464.620   0.000   0.000   0.000   -3.000   
-464.620   -464.620   0.000   0.000   0.000   -10.000   
-464.620   -464.620   0.000   0.000   0.000   -10.000   
-464.620   -464.620   0.000   0.000   0.000   -10.000   
-464.620   -464.620   0.000   0.000   0.000   -8.000   
-464.620   -464.620   0.000   0.000   0.000   -10.000   
-464.620   -464.620   0.000   0.000   0.000   -10.000   
-464.620   -464.620   0.000   0.000   0.000   -10.000   
-464.620   -464.620   0.000   0.000   0.000   -11.000   
-464.620   -464.620   0.000   0.000   0.000   -10.000   
-464.620   -464.620   0.000   0.000   0.000   -10.000   
-464.620   -464.620   0.000   0.000   0.000   -10.000   
-464.620   -464.620   0.000   0.000   0.000   -10.000   
-464.620   -464.620   0.000   0.000   0.000   -10.000   
-464.620   -464.620   0.000   0.000   0.000   -10.000   
-464.620   -464.620   0.000   0.000   0.000   -9.000   
-464.620   -464.620   0.000   0.000   0.000   -9.000   
-464.620   -464.620   0.000   0.000   0.000   -10.000   
-464.620   -464.620   0.000   0.000   0.000   -10.000   
-464.620   -464.620   0.000   0.000   0.000   -10.000   
-464.620   -464.620   0.000   0.000   0.000   -10.000   
-464.620   -464.620   0.000   0.000   0.000   -10.000   
-464.620   -464.620   0.000   0.000   0.000   -10.000   
-464.620   -464.620   0.000   0.000   0.000   -10.000   
-464.620   -464.620   0.000   0.000   0.000   -8.000   
-464.620   -464.620   0.000   0.000   0.000   -10.000   
-464.620   -464.620   0.000   0.000   0.000   -7.000   
-464.620   -464.620   0.000   0.000   0.000   -8.000   
-464.620   -464.620   0.000   0.000   0.000   -9.000   
-464.620   -464.620   0.000   0.000   0.000   -10.000   
-464.620   -464.620   0.000   0.000   0.000   -8.000   
-464.620   -464.620   0.000   0.000   0.000   -10.000   
-464.620   -464.620   0.000   0.000   0.000   -9.000   
-464.620   -464.620   0.000   0.000   0.000   -10.000   
-464.620   -464.620   0.000   0.000   0.000   -10.000   
-464.620   -464.620   0.000   0.000   0.000   -11.000   
-464.620   -464.620   0.000   0.000   0.000   -10.000   
-464.620   -464.620   0.000   0.000   0.000   -9.000   
-464.620   -464.620   0.000   0.000   0.000   -10.000   
-464.620   -464.620   0.000   0.000   0.000   -9.000   
-464.620   -464.620   0.000   0.000   0.000   -10.000   
-464.620   -464.620   0.000   0.000   0.000   -10.000   
-464.620   -464.620   0.000   0.000   0.000   -10.000   
-464.620   -464.620   0.000   0.000   0.000   -2.000   
-464.620   -464.620   0.000   0.000   0.000   -3.000   
-464.620   -464.620   0.000   0.000   0.000   -4.000   
-464.620   -464.620   0.000   0.000   0.000   -4.000   
-464.620   -464.620   0.000   0.000   0.000   -1.000   
-464.620   -464.620   0.000   0.000   0.000   -2.000   
-464.620   -464.620   0.000   0.000   0.000   -1.000   
-464.620   -464.620   0.000   0.000   0.000   -1.000   
-464.620   -464.620   0.000   0.000   0.000   -5.000   
-464.620   -464.620   0.000   0.000   0.000   -1.000   
-464.620   -464.620   0.000   0.000   0.000   -2.000   
-464.620   -464.620   0.000   0.000   0.000   -2.000   
-464.620   -464.620   0.000   0.000   0.000   -3.000   
-464.620   -464.620   0.000   0.000   0.000   -2.000   
-464.620   -464.620   0.000   0.000   0.000   -4.000   
-464.620   -464.620   0.000   0.000   0.000   -3.000   
-464.620   -464.620   0.000   0.000   0.000   -5.000   
-464.620   -464.620   0.000   0.000   0.000   -1.000   
-464.620   -464.620   0.000   0.000   0.000   -2.000   
-464.620   -464.620   0.000   0.000   0.000   -3.000   
-464.620   -464.620   0.000   0.000   0.000   -3.000   
-464.620   -464.620   0.000   0.000   0.000   -2.000   
-464.620   -464.620   0.000   0.000   0.000   -3.000   
-464.620   -464.620   0.000   0.000   0.000   -2.000   
-464.620   -464.620   0.000   0.000   0.000   -4.000   
-464.620   -464.620   0.000   0.000   0.000   -1.000   
-464.620   -464.620   0.000   0.000   0.000   -3.000   
-464.620   -464.620   0.000   0.000   0.000   -1.000   
-464.620   -464.620   0.000   0.000   0.000   -4.000   
-464.620   -464.620   0.000   0.000   0.000   -2.000   
-464.620   -464.620   0.000   0.000   0.000   -3.000   
-464.620   -464.620   0.000   0.000   0.000   -1.000   
-464.620   -464.620   0.000   0.000   0.000   -1.000   
-464.620   -464.620   0.000   0.000   0.000   -2.000   
-464.620   -464.620   0.000   0.000   0.000   -1.000   
-464.620   -464.620   0.000   0.000   0.000   -3.000   
-464.620   -464.620   0.000   0.000   0.000   -2.000   
-464.620   -464.620   0.000   0.000   0.000   -3.000   
-464.620   -464.620   0.000   0.000   0.000   -1.000   
-464.620   -464.620   0.000   0.000   0.000   -2.000   
-464.620   -464.620   0.000   0.000   0.000   -1.000   
-464.620   -464.620   0.000   0.000   0.000   -3.000   
-464.620   -464.620   0.000   0.000   0.000   -2.000   
-464.620   -464.620   0.000   0.000   0.000   -3.000   
-464.620   -464.620   0.000   0.000   0.000   -2.000   
-464.620   -464.620   0.000   0.000   0.000   -2.000   
-464.620   -464.620   0.000   0.000   0.000   -4.000   
-464.620   -464.620   0.000   0.000   0.000   -1.000   
-464.620   -464.620   0.000   0.000   0.000   -3.000   
-464.620   -464.620   0.000   0.000   0.000   -1.000   
-464.620   -464.620   0.000   0.000   0.000   -3.000   
-464.620   -464.620   0.000   0.000   0.000   -4.000   
-464.620   -464.620   0.000   0.000   0.000   -3.000   
-464.620   -464.620   0.000   0.000   0.000   -3.000   
-464.620   -464.620   0.000   0.000   0.000   -4.000   
-464.620   -464.620   0.000   0.000   0.000   -2.000   
-464.620   -464.620   0.000   0.000   0.000   0.000   
-464.620   -464.620   0.000   0.000   0.000   -1.000   
-464.620   -464.620   0.000   0.000   0.000   -1.000   
-464.620   -464.620   0.000   0.000   0.000   -3.000   
-464.620   -464.620   0.000   0.000   0.000   -4.000   
-464.620   -464.620   0.000   0.000   0.000   -3.000   
-464.620   -464.620   0.000   0.000   0.000   -1.000   
-464.620   -464.620   0.000   0.000   0.000   -3.000   
-464.620   -464.620   0.000   0.000   0.000   -2.000   
-464.620   -464.620   0.000   0.000   0.000   -3.000   
-464.620   -464.620   0.000   0.000   0.000   -2.000   
-464.620   -464.620   0.000   0.000   0.000   -3.000   
-464.620   -464.620   0.000   0.000   0.000   -2.000   
-464.620   -464.620   0.000   0.000   0.000   -3.000   
-464.620   -464.620   0.000   0.000   0.000   -1.000   
-464.620   -464.620   0.000   0.000   0.000   -2.000   
-464.620   -464.620   0.000   0.000   0.000   -2.000   
-464.620   -464.620   0.000   0.000   0.000   -4.000   
-464.620   -464.620   0.000   0.000   0.000   -2.000   
-464.620   -464.620   0.000   0.000   0.000   -4.000   
-464.620   -464.620   0.000   0.000   0.000   -3.000   
-464.620   -464.620   0.000   0.000   0.000   -2.000   
-464.620   -464.620   0.000   0.000   0.000   -3.000   
-464.620   -464.620   0.000   0.000   0.000   -3.000   
-464.620   -464.620   0.000   0.000   0.000   -3.000   
-464.620   -464.620   0.000   0.000   0.000   -2.000   
-464.625   -464.620   0.000   -1.250   0.000   -2.000   
-464.635   -464.620   -0.002   -7.500   0.000   -2.000   
-464.725   -464.620   -0.024   -22.915   0.000   17.000   
-464.840   -464.625   -0.074   -33.330   -0.295   -21.000   
-464.985   -464.650   -0.213   -39.995   -5.865   860.000   
-465.235   -464.705   -0.325   -41.665   -14.345   1782.000   
-465.400   -464.810   -0.456   -41.665   -25.115   2837.000   
-465.650   -465.045   -0.485   -41.665   -36.840   2658.000   
-465.815   -465.250   -0.471   -41.665   -47.785   163.000   
-466.065   -465.545   -0.433   -41.665   -49.270   -619.000   
-466.235   -465.735   -0.413   -41.665   -46.755   -568.000   
-466.485   -465.995   -0.403   -41.665   -43.615   -821.000   
-466.650   -466.160   -0.401   -41.665   -42.165   659.000   
-466.815   -466.410   -0.401   -41.665   -41.665   99.000   
-467.065   -466.580   -0.401   -41.665   -41.675   82.000   
-467.235   -466.745   -0.401   -41.665   -41.655   99.000   
-467.485   -466.995   -0.401   -41.665   -41.645   -5.000   
-467.650   -467.160   -0.401   -41.665   -41.625   -14.000   
-467.900   -467.410   -0.401   -41.665   -41.645   49.000   
-468.065   -467.580   -0.401   -41.665   -41.665   -4.000   
-468.315   -467.825   -0.402   -41.665   -41.535   172.000   
-468.485   -467.995   -0.401   -41.665   -41.820   -103.000   
-468.650   -468.245   -0.401   -41.665   -41.645   -56.000   
-468.900   -468.410   -0.401   -41.665   -41.605   5.000   
-469.065   -468.580   -0.401   -41.665   -41.695   -8.000   
-469.315   -468.830   -0.401   -41.665   -41.665   -19.000   
-469.485   -468.995   -0.401   -41.665   -41.645   2.000   
-469.735   -469.245   -0.401   -41.665   -41.655   4.000   
-469.900   -469.410   -0.401   -41.665   -41.695   -3.000   
-470.150   -469.660   -0.402   -41.665   -41.645   55.000   
-470.315   -469.830   -0.401   -41.665   -41.695   -19.000   
-470.485   -469.995   -0.401   -41.665   -41.685   -4.000   
-470.735   -470.245   -0.401   -41.665   -41.655   6.000   
-470.900   -470.410   -0.401   -41.665   -41.665   5.000   
-471.150   -470.660   -0.401   -41.665   -41.665   -1.000   
-471.315   -470.830   -0.401   -41.665   -41.665   1.000   
-471.565   -471.080   -0.401   -41.665   -41.675   6.000   
-471.735   -471.245   -0.401   -41.665   -41.675   5.000   
-471.900   -471.495   -0.401   -41.665   -41.655   12.000   
-472.150   -471.660   -0.401   -41.665   -41.675   -1.000   
-472.315   -471.830   -0.401   -41.665   -41.665   12.000   
-472.565   -472.080   -0.401   -41.665   -41.685   -4.000   
-472.735   -472.245   -0.401   -41.665   -41.665   4.000   
-472.985   -472.495   -0.401   -41.665   -41.665   12.000   
-473.150   -472.660   -0.401   -41.665   -41.655   57.000   
-473.400   -472.910   -0.401   -41.665   -41.665   19.000   
-473.565   -473.080   -0.401   -41.665   -41.675   19.000   
-473.735   -473.330   -0.401   -41.665   -41.675   -12.000   
-473.985   -473.495   -0.401   -41.665   -41.645   26.000   
-474.150   -473.660   -0.401   -41.665   -41.665   10.000   
-474.400   -473.910   -0.401   -41.665   -41.655   27.000   
-474.565   -474.080   -0.401   -41.665   -41.665   73.000   
-474.815   -474.330   -0.401   -41.665   -41.675   -7.000   
-474.985   -474.495   -0.401   -41.665   -41.665   35.000   
-475.235   -474.745   -0.401   -41.665   -41.665   25.000   
-475.400   -474.910   -0.401   -41.665   -41.665   73.000   
-475.565   -475.160   -0.401   -41.665   -41.675   -15.000   
-475.815   -475.330   -0.401   -41.665   -41.665   12.000   
-475.985   -475.495   -0.401   -41.665   -41.655   -16.000   
-476.235   -475.745   -0.401   -41.665   -41.675   53.000   
-476.400   -475.910   -0.401   -41.665   -41.655   49.000   
-476.650   -476.160   -0.401   -41.665   -41.645   76.000   
-476.815   -476.330   -0.401   -41.665   -41.675   71.000   
-477.065   -476.580   -0.401   -41.665   -41.675   -7.000   
-477.235   -476.745   -0.401   -41.665   -41.675   26.000   
-477.400   -476.910   -0.401   -41.665   -41.665   29.000   
-477.650   -477.160   -0.401   -41.665   -41.655   117.000   
-477.815   -477.330   -0.401   -41.665   -41.685   2.000   
-478.065   -477.580   -0.401   -41.665   -41.665   62.000   
-478.235   -477.745   -0.401   -41.665   -41.675   84.000   
-478.485   -477.995   -0.401   -41.665   -41.665   63.000   
-478.650   -478.160   -0.401   -41.665   -41.675   66.000   
-478.815   -478.410   -0.401   -41.665   -41.675   46.000   
-479.065   -478.580   -0.401   -41.665   -41.655   114.000   
-479.235   -478.745   -0.401   -41.665   -41.665   13.000   
-479.485   -478.995   -0.401   -41.665   -41.665   92.000   
-479.650   -479.160   -0.401   -41.665   -41.685   77.000   
-479.900   -479.410   -0.401   -41.665   -41.665   70.000   
-480.065   -479.580   -0.401   -41.665   -41.655   45.000   
-480.315   -479.825   -0.401   -41.665   -41.665   56.000   
-480.485   -479.995   -0.401   -41.665   -41.665   72.000   
-480.650   -480.245   -0.401   -41.665   -41.665   73.000   
-480.900   -480.410   -0.401   -41.665   -41.665   63.000   
-481.065   -480.580   -0.401   -41.665   -41.655   95.000   
-481.315   -480.830   -0.401   -41.665   -41.685   43.000   
-481.485   -480.995   -0.401   -41.665   -41.655   68.000   
-481.735   -481.245   -0.401   -41.665   -41.665   119.000   
-481.900   -481.410   -0.401   -41.665   -41.675   6.000   
-482.150   -481.660   -0.401   -41.665   -41.665   21.000   
-482.315   -481.830   -0.401   -41.665   -41.665   -15.000   
-482.485   -482.075   -0.401   -41.665   -41.655   25.000   
-482.735   -482.245   -0.401   -41.665   -41.685   39.000   
-482.900   -482.410   -0.401   -41.665   -41.655   7.000   
-483.150   -482.660   -0.401   -41.665   -41.685   16.000   
-483.315   -482.830   -0.401   -41.665   -41.655   -20.000   
-483.565   -483.080   -0.401   -41.665   -41.665   13.000   
-483.735   -483.245   -0.401   -41.665   -41.655   -23.000   
-483.985   -483.495   -0.401   -41.665   -41.675   33.000   
-484.150   -483.660   -0.401   -41.665   -41.675   7.000   
-484.315   -483.910   -0.401   -41.665   -41.655   23.000   
-484.565   -484.080   -0.401   -41.665   -41.655   -18.000   
-484.735   -484.245   -0.401   -41.665   -41.665   55.000   
-484.985   -484.495   -0.401   -41.665   -41.685   4.000   
-485.150   -484.660   -0.401   -41.665   -41.655   -9.000   
-485.400   -484.910   -0.401   -41.665   -41.655   18.000   
-485.565   -485.080   -0.401   -41.665   -41.685   -39.000   
-485.815   -485.330   -0.401   -41.665   -41.655   -7.000   
-485.985   -485.495   -0.401   -41.665   -41.665   -43.000   
-486.150   -485.660   -0.401   -41.665   -41.665   46.000   
-486.400   -485.910   -0.401   -41.665   -41.665   6.000   
-486.565   -486.080   -0.401   -41.665   -41.675   10.000   
-486.815   -486.325   -0.401   -41.665   -41.645   4.000   
-486.985   -486.495   -0.401   -41.665   -41.675   -48.000   
-487.235   -486.745   -0.401   -41.665   -41.665   -27.000   
-487.400   -486.910   -0.401   -41.665   -41.665   -41.000   
-487.565   -487.160   -0.401   -41.665   -41.685   18.000   
-487.815   -487.330   -0.401   -41.665   -41.665   -43.000   
-487.985   -487.495   -0.401   -41.665   -41.665   -13.000   
-488.235   -487.745   -0.401   -41.665   -41.675   -44.000   
-488.400   -487.910   -0.401   -41.665   -41.665   21.000   
-488.650   -488.160   -0.401   -41.665   -41.675   -29.000   
-488.815   -488.330   -0.401   -41.665   -41.665   -52.000   
-489.065   -488.580   -0.401   -41.665   -41.675   -36.000   
-489.235   -488.745   -0.401   -41.665   -41.665   -41.000   
-489.400   -488.995   -0.401   -41.665   -41.645   -39.000   
-489.650   -489.160   -0.401   -41.665   -41.675   -40.000   
-489.815   -489.330   -0.401   -41.665   -41.675   13.000   
-490.065   -489.580   -0.401   -41.665   -41.685   -41.000   
-490.235   -489.745   -0.401   -41.665   -41.655   -24.000   
-490.485   -489.995   -0.401   -41.665   -41.675   -29.000   
-490.650   -490.160   -0.401   -41.665   -41.655   -9.000   
-490.900   -490.410   -0.401   -41.665   -41.665   -23.000   
-491.065   -490.580   -0.401   -41.665   -41.685   -24.000   
-491.235   -490.830   -0.401   -41.665   -41.665   -18.000   
-491.485   -490.995   -0.401   -41.665   -41.665   -20.000   
-491.650   -491.160   -0.401   -41.665   -41.655   -26.000   
-491.900   -491.410   -0.401   -41.665   -41.635   -6.000   
-492.065   -491.580   -0.401   -41.665   -41.685   -27.000   
-492.315   -491.830   -0.401   -41.665   -41.665   -15.000   
-492.485   -491.995   -0.401   -41.665   -41.675   -15.000   
-492.735   -492.245   -0.401   -41.665   -41.685   -28.000   
-492.900   -492.410   -0.401   -41.665   -41.655   -10.000   
-493.065   -492.580   -0.401   -41.665   -41.665   -17.000   
-493.315   -492.830   -0.401   -41.665   -41.675   -27.000   
-493.485   -492.995   -0.401   -41.665   -41.665   -17.000   
-493.735   -493.245   -0.401   -41.665   -41.675   -22.000   
-493.900   -493.410   -0.401   -41.665   -41.655   46.000   
-494.150   -493.660   -0.401   -41.665   -41.675   -25.000   
-494.315   -493.830   -0.401   -41.665   -41.675   -23.000   
-494.485   -494.080   -0.401   -41.665   -41.675   -24.000   
-494.735   -494.245   -0.401   -41.665   -41.675   20.000   
-494.900   -494.410   -0.401   -41.665   -41.665   -20.000   
-495.150   -494.660   -0.401   -41.665   -41.655   44.000   
-495.315   -494.830   -0.401   -41.665   -41.675   -7.000   
-495.565   -495.080   -0.401   -41.665   -41.685   -32.000   
-495.735   -495.245   -0.401   -41.665   -41.655   40.000   
-495.985   -495.495   -0.401   -41.665   -41.675   -21.000   
-496.150   -495.660   -0.401   -41.665   -41.645   83.000   
-496.315   -495.910   -0.401   -41.665   -41.645   -6.000   
-496.565   -496.080   -0.401   -41.665   -41.675   26.000   
-496.735   -496.245   -0.401   -41.665   -41.665   -28.000   
-496.985   -496.495   -0.401   -41.665   -41.675   20.000   
-497.150   -496.660   -0.401   -41.665   -41.645   -17.000   
-497.400   -496.910   -0.401   -41.665   -41.665   47.000   
-497.565   -497.080   -0.401   -41.665   -41.675   62.000   
-497.815   -497.330   -0.401   -41.665   -41.665   -15.000   
-497.985   -497.495   -0.401   -41.665   -41.655   76.000   
-498.150   -497.745   -0.401   -41.665   -41.665   32.000   
-498.400   -497.910   -0.401   -41.665   -41.665   42.000   
-498.565   -498.080   -0.401   -41.665   -41.655   54.000   
-498.815   -498.330   -0.401   -41.665   -41.675   24.000   
-498.985   -498.495   -0.401   -41.665   -41.655   76.000   
-499.235   -498.745   -0.401   -41.665   -41.655   49.000   
-499.400   -498.910   -0.401   -41.665   -41.675   55.000   
-499.650   -499.160   -0.401   -41.665   -41.635   117.000   
-499.815   -499.330   -0.401   -41.665   -41.685   52.000   
-499.985   -499.580   -0.401   -41.665   -41.665   64.000   
-500.235   -499.745   -0.401   -41.665   -41.675   96.000   
-500.400   -499.910   -0.401   -41.665   -41.665   51.000   
-500.650   -500.160   -0.401   -41.665   -41.665   61.000   
-500.815   -500.325   -0.401   -41.665   -41.665   24.000   
-501.065   -500.580   -0.401   -41.665   -41.685   82.000   
-501.235   -500.745   -0.401   -41.665   -41.655   63.000   
-501.485   -500.995   -0.401   -41.665   -41.665   87.000   
-501.650   -501.160   -0.401   -41.665   -41.685   47.000   
-501.815   -501.330   -0.401   -41.665   -41.665   63.000   
-502.065   -501.580   -0.401   -41.665   -41.665   6.000   
-502.235   -501.745   -0.401   -41.665   -41.645   74.000   
-502.485   -501.995   -0.401   -41.665   -41.675   89.000   
-502.650   -502.160   -0.401   -41.665   -41.685   48.000   
-502.900   -502.410   -0.401   -41.665   -41.665   62.000   
-503.065   -502.580   -0.401   -41.665   -41.655   24.000   
-503.235   -502.830   -0.401   -41.665   -41.675   86.000   
-503.485   -502.995   -0.401   -41.665   -41.665   68.000   
-503.650   -503.160   -0.401   -41.665   -41.675   93.000   
-503.900   -503.410   -0.401   -41.665   -41.665   53.000   
-504.065   -503.580   -0.401   -41.665   -41.665   63.000   
-504.315   -503.830   -0.401   -41.665   -41.675   13.000   
-504.485   -503.995   -0.401   -41.665   -41.655   7.000   
-504.735   -504.245   -0.401   -41.665   -41.655   94.000   
-504.900   -504.410   -0.401   -41.665   -41.665   66.000   
-505.065   -504.660   -0.401   -41.665   -41.675   66.000   
-505.315   -504.830   -0.401   -41.665   -41.665   13.000   
-505.485   -504.995   -0.401   -41.665   -41.675   44.000   
-505.735   -505.245   -0.401   -41.665   -41.655   37.000   
-505.900   -505.410   -0.401   -41.665   -41.665   7.000   
-506.150   -505.660   -0.401   -41.665   -41.675   53.000   
-506.315   -505.830   -0.401   -41.665   -41.675   6.000   
-506.565   -506.080   -0.401   -41.665   -41.655   10.000   
-506.730   -506.245   -0.400   -41.665   -41.675   7.000   
-506.900   -506.495   -0.401   -41.665   -41.655   -249.000   
-507.150   -506.660   -0.400   -41.665   -41.380   -52.000   
-507.315   -506.825   -0.400   -41.665   -41.390   -474.000   
-507.565   -507.075   -0.402   -41.665   -41.605   590.000   
-507.730   -507.240   -0.402   -41.665   -41.500   202.000   
-507.980   -507.490   -0.402   -41.665   -41.920   169.000   
-508.150   -507.660   -0.401   -41.665   -41.615   64.000   
-508.400   -507.910   -0.401   -41.665   -41.665   56.000   
-508.565   -508.075   -0.401   -41.665   -41.665   71.000   
-508.730   -508.325   -0.401   -41.665   -41.665   64.000   
-509.150   -508.660   -0.401   -41.665   -41.685   16.000   
-509.400   -508.910   -0.401   -41.665   -41.675   84.000   
-509.565   -509.075   -0.401   -41.665   -41.665   44.000   
-509.815   -509.325   -0.401   -41.665   -41.675   58.000   
-509.980   -509.490   -0.401   -41.665   -41.645   53.000   
-510.230   -509.745   -0.401   -41.665   -41.675   48.000   
-510.400   -509.910   -0.401   -41.665   -41.675   84.000   
-510.565   -510.075   -0.401   -41.665   -41.665   49.000   
-510.815   -510.325   -0.401   -41.665   -41.665   78.000   
-510.980   -510.495   -0.401   -41.665   -41.675   95.000   
-511.230   -510.745   -0.401   -41.665   -41.665   60.000   
-511.400   -510.910   -0.401   -41.665   -41.655   19.000   
-511.650   -511.160   -0.401   -41.665   -41.675   102.000   
-511.815   -511.325   -0.401   -41.665   -41.685   55.000   
-511.980   -511.575   -0.401   -41.665   -41.665   62.000   
-512.230   -511.745   -0.401   -41.665   -41.665   28.000   
-512.400   -511.910   -0.401   -41.665   -41.665   61.000   
-512.650   -512.160   -0.401   -41.665   -41.645   94.000   
-512.815   -512.325   -0.401   -41.665   -41.695   55.000   
-513.065   -512.575   -0.401   -41.665   -41.665   70.000   
-513.230   -512.745   -0.401   -41.665   -41.675   19.000   
-513.480   -512.995   -0.401   -41.665   -41.655   13.000   
-513.650   -513.160   -0.401   -41.665   -41.665   2.000   
-513.815   -513.410   -0.401   -41.665   -41.675   101.000   
-514.065   -513.575   -0.401   -41.665   -41.655   65.000   
-514.230   -513.745   -0.401   -41.665   -41.685   49.000   
-514.480   -513.995   -0.401   -41.665   -41.655   18.000   
-514.650   -514.160   -0.401   -41.665   -41.665   10.000   
-514.900   -514.410   -0.401   -41.665   -41.675   41.000   
-515.065   -514.575   -0.401   -41.665   -41.625   49.000   
-515.315   -514.825   -0.401   -41.665   -41.705   52.000   
-515.480   -514.995   -0.401   -41.665   -41.655   20.000   
-515.650   -515.245   -0.401   -41.665   -41.675   26.000   
-515.900   -515.410   -0.401   -41.665   -41.665   6.000   
-516.065   -515.575   -0.401   -41.665   -41.675   90.000   
-516.315   -515.825   -0.401   -41.665   -41.665   21.000   
-516.480   -515.995   -0.401   -41.665   -41.675   -43.000   
-516.730   -516.245   -0.401   -41.665   -41.655   -11.000   
-516.900   -516.410   -0.401   -41.665   -41.695   -56.000   
-517.150   -516.660   -0.401   -41.665   -41.645   -25.000   
-517.315   -516.825   -0.401   -41.665   -41.665   -38.000   
-517.480   -516.995   -0.401   -41.665   -41.685   -6.000   
-517.730   -517.245   -0.401   -41.665   -41.665   -32.000   
-517.900   -517.410   -0.401   -41.665   -41.675   -14.000   
-518.150   -517.660   -0.401   -41.665   -41.665   -42.000   
-518.315   -517.825   -0.401   -41.665   -41.675   -43.000   
-518.565   -518.075   -0.401   -41.665   -41.655   -13.000   
-518.730   -518.245   -0.401   -41.665   -41.685   -53.000   
-518.980   -518.495   -0.401   -41.665   -41.655   -38.000   
-519.150   -518.660   -0.401   -41.665   -41.675   -37.000   
-519.315   -518.825   -0.401   -41.665   -41.655   -42.000   
-519.565   -519.075   -0.401   -41.665   -41.655   -24.000   
-519.730   -519.245   -0.401   -41.665   -41.695   0.000   
-519.980   -519.495   -0.401   -41.665   -41.655   -45.000   
-520.150   -519.660   -0.401   -41.665   -41.675   -40.000   
-520.400   -519.910   -0.401   -41.665   -41.695   -49.000   
-520.565   -520.075   -0.401   -41.665   -41.655   -21.000   
-520.730   -520.325   -0.401   -41.665   -41.665   -41.000   
-520.980   -520.495   -0.401   -41.665   -41.675   -51.000   
-521.150   -520.660   -0.401   -41.665   -41.665   -41.000   
-521.400   -520.910   -0.401   -41.665   -41.655   -35.000   
-521.565   -521.075   -0.401   -41.665   -41.665   16.000   
-521.815   -521.325   -0.401   -41.665   -41.675   -41.000   
-521.980   -521.495   -0.401   -41.665   -41.665   -41.000   
-522.230   -521.745   -0.401   -41.665   -41.695   -53.000   
-522.400   -521.910   -0.401   -41.665   -41.655   9.000   
-522.565   -522.160   -0.401   -41.665   -41.675   -43.000   
-522.815   -522.325   -0.401   -41.665   -41.635   42.000   
-522.980   -522.495   -0.401   -41.665   -41.675   -43.000   
-523.230   -522.745   -0.401   -41.665   -41.685   -49.000   
-523.400   -522.910   -0.401   -41.665   -41.665   11.000   
-523.650   -523.160   -0.401   -41.665   -41.665   -34.000   
-523.815   -523.325   -0.401   -41.665   -41.655   20.000   
-524.065   -523.575   -0.401   -41.665   -41.665   -42.000   
-524.230   -523.745   -0.401   -41.665   -41.675   -38.000   
-524.400   -523.910   -0.401   -41.665   -41.665   -50.000   
-524.650   -524.160   -0.401   -41.665   -41.675   2.000   
-524.815   -524.325   -0.401   -41.665   -41.655   -19.000   
-525.065   -524.575   -0.401   -41.665   -41.665   42.000   
-525.230   -524.745   -0.401   -41.665   -41.655   19.000   
-525.480   -524.995   -0.401   -41.665   -41.665   -24.000   
-525.650   -525.160   -0.401   -41.665   -41.665   19.000   
-525.900   -525.410   -0.401   -41.665   -41.665   -21.000   
-526.065   -525.575   -0.401   -41.665   -41.675   75.000   
-526.230   -525.745   -0.401   -41.665   -41.655   -7.000   
-526.480   -525.995   -0.401   -41.665   -41.665   36.000   
-526.650   -526.160   -0.401   -41.665   -41.665   -29.000   
-526.900   -526.410   -0.401   -41.665   -41.665   26.000   
-527.065   -526.575   -0.401   -41.665   -41.665   38.000   
-527.315   -526.825   -0.401   -41.665   -41.655   45.000   
-527.480   -526.995   -0.401   -41.665   -41.675   64.000   
-527.650   -527.245   -0.401   -41.665   -41.665   -21.000   
-527.900   -527.410   -0.401   -41.665   -41.655   81.000   
-528.065   -527.575   -0.401   -41.665   -41.665   21.000   
-528.315   -527.825   -0.401   -41.665   -41.675   39.000   
-528.480   -527.995   -0.401   -41.665   -41.665   45.000   
-528.730   -528.245   -0.401   -41.665   -41.665   27.000   
-528.900   -528.410   -0.401   -41.665   -41.675   79.000   
-529.150   -528.660   -0.401   -41.665   -41.655   43.000   
-529.315   -528.825   -0.401   -41.665   -41.675   26.000   
-529.480   -529.075   -0.401   -41.665   -41.665   88.000   
-529.730   -529.245   -0.401   -41.665   -41.665   19.000   
-529.900   -529.410   -0.401   -41.665   -41.655   30.000   
-530.150   -529.660   -0.401   -41.665   -41.675   71.000   
-530.315   -529.825   -0.401   -41.665   -41.675   4.000   
-530.565   -530.075   -0.401   -41.665   -41.655   57.000   
-530.730   -530.245   -0.401   -41.665   -41.665   -12.000   
-530.980   -530.495   -0.401   -41.665   -41.675   58.000   
-531.150   -530.660   -0.401   -41.665   -41.665   41.000   
-531.315   -530.910   -0.401   -41.665   -41.675   80.000   
-531.565   -531.075   -0.401   -41.665   -41.665   17.000   
-531.730   -531.245   -0.401   -41.665   -41.655   43.000   
-531.980   -531.495   -0.401   -41.665   -41.685   -8.000   
-532.150   -531.660   -0.401   -41.665   -41.655   -17.000   
-532.400   -531.910   -0.401   -41.665   -41.665   69.000   
-532.565   -532.075   -0.401   -41.665   -41.665   20.000   
-532.815   -532.325   -0.401   -41.665   -41.665   39.000   
-532.980   -532.495   -0.401   -41.665   -41.675   -15.000   
-533.150   -532.660   -0.401   -41.665   -41.655   35.000   
-533.400   -532.910   -0.401   -41.665   -41.655   34.000   
-533.565   -533.075   -0.401   -41.665   -41.685   89.000   
-533.815   -533.325   -0.401   -41.665   -41.675   40.000   
-533.980   -533.495   -0.401   -41.665   -41.665   5.000   
-534.230   -533.745   -0.401   -41.665   -41.655   25.000   
-534.400   -533.910   -0.401   -41.665   -41.675   8.000   
-534.650   -534.160   -0.401   -41.665   -41.655   96.000   
-534.815   -534.325   -0.401   -41.665   -41.685   50.000   
-534.980   -534.495   -0.401   -41.665   -41.665   57.000   
-535.230   -534.745   -0.401   -41.665   -41.655   14.000   
-535.400   -534.910   -0.401   -41.665   -41.695   18.000   
-535.650   -535.160   -0.401   -41.665   -41.635   52.000   
-535.815   -535.325   -0.401   -41.665   -41.665   5.000   
-536.065   -535.575   -0.401   -41.665   -41.665   57.000   
-536.230   -535.745   -0.401   -41.665   -41.665   10.000   
-536.400   -535.995   -0.401   -41.665   -41.675   16.000   
-536.650   -536.160   -0.401   -41.665   -41.645   7.000   
-536.815   -536.325   -0.401   -41.665   -41.685   63.000   
-537.065   -536.575   -0.401   -41.665   -41.665   13.000   
-537.230   -536.745   -0.401   -41.665   -41.685   -3.000   
-537.480   -536.995   -0.401   -41.665   -41.665   3.000   
-537.650   -537.160   -0.401   -41.665   -41.665   7.000   
-537.900   -537.410   -0.401   -41.665   -41.675   5.000   
-538.065   -537.575   -0.401   -41.665   -41.665   4.000   
-538.230   -537.825   -0.401   -41.665   -41.655   68.000   
-538.480   -537.995   -0.401   -41.665   -41.685   3.000   
-538.650   -538.160   -0.401   -41.665   -41.665   12.000   
-538.900   -538.410   -0.401   -41.665   -41.685   -7.000   
-539.065   -538.575   -0.401   -41.665   -41.645   12.000   
-539.315   -538.825   -0.401   -41.665   -41.675   4.000   
-539.480   -538.995   -0.401   -41.665   -41.665   4.000   
-539.730   -539.245   -0.401   -41.665   -41.665   5.000   
-539.900   -539.410   -0.401   -41.665   -41.665   12.000   
-540.065   -539.575   -0.401   -41.665   -41.665   4.000   
-540.315   -539.825   -0.401   -41.665   -41.675   -2.000   
-540.480   -539.995   -0.401   -41.665   -41.665   9.000   
-540.730   -540.245   -0.401   -41.665   -41.665   -5.000   
-540.900   -540.410   -0.401   -41.665   -41.665   59.000   
-541.150   -540.660   -0.401   -41.665   -41.665   9.000   
-541.315   -540.825   -0.401   -41.665   -41.665   67.000   
-541.565   -541.075   -0.401   -41.665   -41.665   4.000   
-541.730   -541.245   -0.401   -41.665   -41.685   -3.000   
-541.900   -541.410   -0.401   -41.665   -41.665   24.000   
-542.150   -541.660   -0.401   -41.665   -41.665   17.000   
-542.315   -541.825   -0.401   -41.665   -41.655   10.000   
-542.565   -542.075   -0.401   -41.665   -41.665   5.000   
-542.730   -542.245   -0.401   -41.665   -41.655   61.000   
-542.980   -542.495   -0.401   -41.665   -41.675   17.000   
-543.150   -542.660   -0.401   -41.665   -41.665   32.000   
-543.315   -542.910   -0.401   -41.665   -41.645   15.000   
-543.565   -543.075   -0.401   -41.665   -41.675   59.000   
-543.730   -543.245   -0.401   -41.665   -41.665   27.000   
-543.980   -543.495   -0.401   -41.665   -41.665   19.000   
-544.150   -543.660   -0.401   -41.665   -41.675   10.000   
-544.400   -543.910   -0.401   -41.665   -41.665   10.000   
-544.565   -544.075   -0.401   -41.665   -41.665   115.000   
-544.815   -544.325   -0.401   -41.665   -41.675   21.000   
-544.980   -544.495   -0.401   -41.665   -41.645   81.000   
-545.150   -544.745   -0.401   -41.665   -41.675   12.000   
-545.400   -544.910   -0.401   -41.665   -41.665   53.000   
-545.565   -545.075   -0.401   -41.665   -41.665   3.000   
-545.815   -545.325   -0.401   -41.665   -41.665   45.000   
-545.980   -545.495   -0.401   -41.665   -41.645   101.000   
-546.230   -545.745   -0.401   -41.665   -41.665   25.000   
-546.400   -545.910   -0.401   -41.665   -41.675   111.000   
-546.650   -546.160   -0.401   -41.665   -41.665   38.000   
-546.815   -546.325   -0.401   -41.665   -41.665   64.000   
-546.980   -546.575   -0.401   -41.665   -41.665   74.000   
-547.230   -546.745   -0.401   -41.665   -41.665   73.000   
-547.400   -546.910   -0.401   -41.665   -41.675   9.000   
-547.650   -547.160   -0.401   -41.665   -41.665   51.000   
-547.815   -547.325   -0.401   -41.665   -41.675   59.000   
-548.065   -547.575   -0.401   -41.665   -41.665   101.000   
-548.230   -547.745   -0.400   -41.665   -41.675   42.000   
-548.480   -547.990   -0.399   -41.665   -41.645   85.000   
-548.645   -548.160   -0.401   -41.665   -41.645   -201.000   
-548.815   -548.325   -0.401   -41.665   -41.390   -203.000   
-549.065   -548.575   -0.401   -41.665   -41.810   -572.000   
-549.230   -548.740   -0.402   -41.665   -41.615   -566.000   
-549.480   -548.990   -0.401   -41.665   -41.510   379.000   
-549.645   -549.155   -0.401   -41.665   -41.930   83.000   
-549.895   -549.410   -0.401   -41.665   -41.715   -20.000   
-550.065   -549.575   -0.401   -41.665   -41.635   29.000   
-550.230   -549.825   -0.401   -41.665   -41.695   -15.000   
-550.480   -549.990   -0.401   -41.665   -41.655   27.000   
-550.645   -550.160   -0.401   -41.665   -41.655   -41.000   
-550.895   -550.410   -0.401   -41.665   -41.685   -55.000   
-551.065   -550.575   -0.401   -41.665   -41.645   -24.000   
-551.315   -550.825   -0.401   -41.665   -41.665   -41.000   
-551.480   -550.990   -0.401   -41.665   -41.665   24.000   
-551.730   -551.240   -0.401   -41.665   -41.685   -43.000   
-551.895   -551.410   -0.401   -41.665   -41.655   -38.000   
-552.065   -551.660   -0.401   -41.665   -41.675   -54.000   
-552.315   -551.825   -0.401   -41.665   -41.665   20.000   
-552.480   -551.990   -0.401   -41.665   -41.665   -39.000   
-552.730   -552.240   -0.401   -41.665   -41.655   30.000   
-552.895   -552.410   -0.401   -41.665   -41.675   -34.000   
-553.145   -552.660   -0.401   -41.665   -41.675   -54.000   
-553.315   -552.825   -0.401   -41.665   -41.655   15.000   
-553.565   -553.075   -0.401   -41.665   -41.655   -42.000   
-553.730   -553.240   -0.401   -41.665   -41.665   67.000   
-553.895   -553.490   -0.401   -41.665   -41.675   -25.000   
-554.145   -553.660   -0.401   -41.665   -41.655   16.000   
-554.315   -553.825   -0.401   -41.665   -41.665   -47.000   
-554.565   -554.075   -0.401   -41.665   -41.665   11.000   
-554.730   -554.240   -0.401   -41.665   -41.665   6.000   
-554.980   -554.490   -0.401   -41.665   -41.645   21.000   
-555.145   -554.660   -0.401   -41.665   -41.685   13.000   
-555.395   -554.910   -0.401   -41.665   -41.685   -48.000   
-555.565   -555.075   -0.401   -41.665   -41.665   12.000   
-555.730   -555.325   -0.401   -41.665   -41.665   -41.000   
-555.980   -555.490   -0.401   -41.665   -41.655   41.000   
-556.145   -555.660   -0.401   -41.665   -41.695   1.000   
-556.395   -555.910   -0.401   -41.665   -41.685   18.000   
-556.565   -556.075   -0.401   -41.665   -41.675   51.000   
-556.815   -556.325   -0.401   -41.665   -41.665   10.000   
-556.980   -556.490   -0.401   -41.665   -41.665   6.000   
-557.230   -556.740   -0.401   -41.665   -41.665   23.000   
-557.395   -556.910   -0.401   -41.665   -41.665   51.000   
-557.565   -557.075   -0.401   -41.665   -41.675   -33.000   
-557.815   -557.325   -0.401   -41.665   -41.655   57.000   
-557.980   -557.490   -0.401   -41.665   -41.685   -4.000   
-558.230   -557.740   -0.401   -41.665   -41.665   14.000   
-558.395   -557.910   -0.401   -41.665   -41.655   -30.000   
-558.645   -558.160   -0.401   -41.665   -41.675   -7.000   
-558.815   -558.325   -0.401   -41.665   -41.655   72.000   
-558.980   -558.575   -0.401   -41.665   -41.675   8.000   
-559.230   -558.740   -0.401   -41.665   -41.665   35.000   
-559.395   -558.910   -0.401   -41.665   -41.655   81.000   
-559.645   -559.160   -0.401   -41.665   -41.685   28.000   
-559.815   -559.325   -0.401   -41.665   -41.645   37.000   
-560.065   -559.575   -0.401   -41.665   -41.665   80.000   
-560.230   -559.740   -0.401   -41.665   -41.675   26.000   
-560.480   -559.990   -0.401   -41.665   -41.665   38.000   
-560.645   -560.160   -0.401   -41.665   -41.675   -15.000   
-560.815   -560.410   -0.401   -41.665   -41.675   61.000   
-561.065   -560.575   -0.401   -41.665   -41.665   31.000   
-561.230   -560.740   -0.401   -41.665   -41.655   78.000   
-561.480   -560.990   -0.401   -41.665   -41.675   37.000   
-561.645   -561.160   -0.401   -41.665   -41.675   -21.000   
-561.895   -561.410   -0.401   -41.665   -41.655   -8.000   
-562.065   -561.575   -0.401   -41.665   -41.675   -22.000   
-562.315   -561.825   -0.401   -41.665   -41.655   82.000   
-562.480   -561.990   -0.401   -41.665   -41.685   20.000   
-562.645   -562.240   -0.401   -41.665   -41.675   38.000   
-562.895   -562.410   -0.401   -41.665   -41.655   -14.000   
-563.065   -562.575   -0.401   -41.665   -41.685   18.000   
-563.315   -562.825   -0.401   -41.665   -41.655   9.000   
-563.480   -562.990   -0.401   -41.665   -41.665   -23.000   
-563.730   -563.240   -0.401   -41.665   -41.675   7.000   
-563.895   -563.410   -0.401   -41.665   -41.645   -18.000   
-564.145   -563.660   -0.401   -41.665   -41.675   -4.000   
-564.315   -563.825   -0.401   -41.665   -41.665   -21.000   
-564.480   -563.990   -0.401   -41.665   -41.675   41.000   
-564.730   -564.240   -0.401   -41.665   -41.655   -10.000   
-564.895   -564.410   -0.401   -41.665   -41.685   12.000   
-565.145   -564.660   -0.401   -41.665   -41.665   -18.000   
-565.315   -564.825   -0.401   -41.665   -41.665   -21.000   
-565.565   -565.075   -0.401   -41.665   -41.665   -15.000   
-565.730   -565.240   -0.401   -41.665   -41.675   -21.000   
-565.980   -565.490   -0.401   -41.665   -41.675   19.000   
-566.145   -565.660   -0.401   -41.665   -41.665   -20.000   
-566.315   -565.825   -0.401   -41.665   -41.665   -12.000   
-566.565   -566.075   -0.401   -41.665   -41.655   -11.000   
-566.730   -566.240   -0.401   -41.665   -41.685   25.000   
-566.980   -566.490   -0.401   -41.665   -41.665   -1.000   
-567.145   -566.660   -0.401   -41.665   -41.675   -29.000   
-567.395   -566.910   -0.401   -41.665   -41.665   -15.000   
-567.565   -567.075   -0.401   -41.665   -41.675   -23.000   
-567.730   -567.325   -0.401   -41.665   -41.645   9.000   
-567.980   -567.490   -0.401   -41.665   -41.675   8.000   
-568.145   -567.660   -0.401   -41.665   -41.675   47.000   
-568.395   -567.910   -0.401   -41.665   -41.665   4.000   
-568.565   -568.075   -0.401   -41.665   -41.675   18.000   
-568.815   -568.325   -0.401   -41.665   -41.665   -9.000   
-568.980   -568.490   -0.401   -41.665   -41.675   7.000   
-569.230   -568.740   -0.401   -41.665   -41.675   4.000   
-569.395   -568.910   -0.401   -41.665   -41.675   3.000   
-569.565   -569.160   -0.401   -41.665   -41.675   7.000   
-569.815   -569.325   -0.401   -41.665   -41.665   3.000   
-569.980   -569.490   -0.401   -41.665   -41.655   7.000   
-570.230   -569.740   -0.401   -41.665   -41.665   0.000   
-570.395   -569.910   -0.401   -41.665   -41.665   15.000   
-570.645   -570.160   -0.401   -41.665   -41.675   -8.000   
-570.815   -570.325   -0.401   -41.665   -41.665   48.000   
-571.065   -570.575   -0.401   -41.665   -41.665   7.000   
-571.230   -570.740   -0.401   -41.665   -41.655   63.000   
-571.395   -570.990   -0.401   -41.665   -41.675   1.000   
-571.645   -571.155   -0.401   -41.665   -41.665   4.000   
-571.815   -571.325   -0.401   -41.665   -41.655   2.000   
-572.065   -571.575   -0.401   -41.665   -41.665   4.000   
-572.230   -571.740   -0.401   -41.665   -41.675   100.000   
-572.480   -571.990   -0.401   -41.665   -41.665   14.000   
-572.645   -572.160   -0.401   -41.665   -41.655   62.000   
-572.895   -572.410   -0.401   -41.665   -41.665   2.000   
-573.065   -572.575   -0.401   -41.665   -41.675   29.000   
-573.230   -572.740   -0.401   -41.665   -41.655   9.000   
-573.480   -572.990   -0.401   -41.665   -41.675   60.000   
-573.645   -573.160   -0.401   -41.665   -41.665   -4.000   
-573.895   -573.410   -0.401   -41.665   -41.655   11.000   
-574.065   -573.575   -0.401   -41.665   -41.685   78.000   
-574.315   -573.825   -0.401   -41.665   -41.645   69.000   
-574.480   -573.990   -0.401   -41.665   -41.675   50.000   
-574.645   -574.240   -0.401   -41.665   -41.665   65.000   
-574.895   -574.410   -0.401   -41.665   -41.665   63.000   
-575.065   -574.575   -0.401   -41.665   -41.675   -3.000   
-575.315   -574.825   -0.401   -41.665   -41.665   35.000   
-575.480   -574.990   -0.401   -41.665   -41.665   6.000   
-575.730   -575.240   -0.401   -41.665   -41.665   64.000   
-575.895   -575.410   -0.401   -41.665   -41.675   93.000   
-576.145   -575.660   -0.401   -41.665   -41.665   14.000   
-576.315   -575.825   -0.401   -41.665   -41.655   104.000   
-576.480   -576.075   -0.401   -41.665   -41.675   42.000   
-576.730   -576.240   -0.401   -41.665   -41.645   48.000   
-576.895   -576.405   -0.401   -41.665   -41.655   76.000   
-577.145   -576.660   -0.401   -41.665   -41.675   75.000   
-577.315   -576.825   -0.401   -41.665   -41.665   94.000   
-577.565   -577.075   -0.401   -41.665   -41.675   44.000   
-577.730   -577.240   -0.401   -41.665   -41.665   80.000   
-577.980   -577.490   -0.401   -41.665   -41.655   112.000   
-578.145   -577.660   -0.401   -41.665   -41.675   50.000   
-578.315   -577.910   -0.401   -41.665   -41.665   82.000   
-578.565   -578.075   -0.401   -41.665   -41.675   90.000   
-578.730   -578.240   -0.401   -41.665   -41.665   26.000   
-578.980   -578.490   -0.401   -41.665   -41.665   49.000   
-579.145   -578.660   -0.401   -41.665   -41.675   5.000   
-579.395   -578.910   -0.401   -41.665   -41.655   123.000   
-579.565   -579.075   -0.401   -41.665   -41.675   71.000   
-579.815   -579.325   -0.401   -41.665   -41.655   85.000   
-579.980   -579.490   -0.401   -41.665   -41.685   52.000   
-580.145   -579.740   -0.401   -41.665   -41.665   77.000   
-580.395   -579.910   -0.401   -41.665   -41.655   19.000   
-580.565   -580.075   -0.401   -41.665   -41.665   83.000   
-580.815   -580.325   -0.401   -41.665   -41.675   97.000   
-580.980   -580.490   -0.401   -41.665   -41.675   69.000   
-581.230   -580.740   -0.401   -41.665   -41.665   47.000   
-581.395   -580.910   -0.401   -41.665   -41.655   5.000   
-581.645   -581.160   -0.401   -41.665   -41.685   65.000   
-581.815   -581.325   -0.401   -41.665   -41.665   30.000   
-581.980   -581.490   -0.401   -41.665   -41.645   88.000   
-582.230   -581.740   -0.401   -41.665   -41.675   46.000   
-582.395   -581.910   -0.401   -41.665   -41.665   73.000   
-582.645   -582.160   -0.401   -41.665   -41.665   30.000   
-582.815   -582.325   -0.401   -41.665   -41.665   23.000   
-583.065   -582.575   -0.401   -41.665   -41.665   49.000   
-583.230   -582.740   -0.401   -41.665   -41.655   39.000   
-583.395   -582.990   -0.401   -41.665   -41.685   41.000   
-583.645   -583.160   -0.401   -41.665   -41.665   21.000   
-583.815   -583.325   -0.401   -41.665   -41.665   32.000   
-584.065   -583.575   -0.401   -41.665   -41.675   14.000   
-584.230   -583.740   -0.401   -41.665   -41.665   73.000   
-584.480   -583.990   -0.401   -41.665   -41.685   45.000   
-584.645   -584.160   -0.401   -41.665   -41.645   8.000   
-584.895   -584.410   -0.401   -41.665   -41.655   -23.000   
-585.065   -584.575   -0.401   -41.665   -41.685   -48.000   
-585.230   -584.825   -0.401   -41.665   -41.655   -20.000   
-585.480   -584.990   -0.401   -41.665   -41.665   -40.000   
-585.645   -585.160   -0.401   -41.665   -41.675   24.000   
-585.895   -585.410   -0.401   -41.665   -41.685   -42.000   
-586.065   -585.575   -0.401   -41.665   -41.655   -39.000   
-586.315   -585.825   -0.401   -41.665   -41.665   -45.000   
-586.480   -585.990   -0.401   -41.665   -41.665   -36.000   
-586.730   -586.240   -0.401   -41.665   -41.665   8.000   
-586.895   -586.410   -0.401   -41.665   -41.675   -47.000   
-587.065   -586.655   -0.401   -41.665   -41.645   2.000   
-587.315   -586.825   -0.401   -41.665   -41.685   -52.000   
-587.480   -586.990   -0.401   -41.665   -41.655   -15.000   
-587.730   -587.240   -0.401   -41.665   -41.675   -40.000   
-587.895   -587.410   -0.401   -41.665   -41.665   -44.000   
-588.145   -587.660   -0.401   -41.665   -41.675   -44.000   
-588.315   -587.825   -0.401   -41.665   -41.655   -30.000   
-588.565   -588.075   -0.401   -41.665   -41.675   -39.000   
-588.730   -588.240   -0.401   -41.665   -41.675   -44.000   
-588.895   -588.410   -0.401   -41.665   -41.665   -19.000   
-589.145   -588.660   -0.401   -41.665   -41.665   -57.000   
-589.315   -588.825   -0.401   -41.665   -41.665   -41.000   
-589.565   -589.075   -0.401   -41.665   -41.655   -43.000   
-589.730   -589.240   -0.401   -41.665   -41.655   40.000   
-589.980   -589.490   -0.400   -41.665   -41.675   -38.000   
-590.145   -589.660   -0.399   -41.665   -41.675   -47.000   
-590.310   -589.905   -0.400   -41.665   -41.400   264.000   
-590.560   -590.070   -0.401   -41.665   -41.370   -226.000   
-590.730   -590.240   -0.403   -41.665   -41.830   -15.000   
-590.980   -590.490   -0.402   -41.665   -41.605   -640.000   
-591.145   -590.655   -0.401   -41.665   -41.510   -373.000   
-591.395   -590.905   -0.401   -41.665   -41.615   85.000   
-591.560   -591.075   -0.401   -41.665   -41.705   -59.000   
-591.810   -591.325   -0.401   -41.665   -41.645   -25.000   
-591.980   -591.490   -0.401   -41.665   -41.675   -47.000   
-592.145   -591.740   -0.401   -41.665   -41.655   66.000   
-592.395   -591.905   -0.401   -41.665   -41.675   15.000   
-592.560   -592.075   -0.401   -41.665   -41.665   14.000   
-592.810   -592.325   -0.401   -41.665   -41.665   -13.000   
-592.980   -592.490   -0.401   -41.665   -41.675   -51.000   
-593.230   -592.740   -0.401   -41.665   -41.665   -17.000   
-593.395   -592.905   -0.401   -41.665   -41.665   -38.000   
-593.645   -593.155   -0.401   -41.665   -41.685   21.000   
-593.810   -593.325   -0.401   -41.665   -41.665   -11.000   
-593.980   -593.575   -0.401   -41.665   -41.655   -15.000   
-594.230   -593.740   -0.401   -41.665   -41.675   -21.000   
-594.395   -593.905   -0.401   -41.665   -41.675   36.000   
-594.645   -594.155   -0.401   -41.665   -41.665   -18.000   
-594.810   -594.325   -0.401   -41.665   -41.655   -23.000   
-595.060   -594.575   -0.401   -41.665   -41.675   -21.000   
-595.230   -594.740   -0.401   -41.665   -41.665   -20.000   
-595.480   -594.990   -0.401   -41.665   -41.665   -21.000   
-595.645   -595.155   -0.401   -41.665   -41.665   -14.000   
-595.810   -595.405   -0.401   -41.665   -41.675   24.000   
-596.060   -595.575   -0.401   -41.665   -41.665   -14.000   
-596.230   -595.740   -0.401   -41.665   -41.675   -12.000   
-596.480   -595.990   -0.401   -41.665   -41.655   -25.000   
-596.645   -596.155   -0.401   -41.665   -41.685   -17.000   
-596.895   -596.405   -0.401   -41.665   -41.675   -23.000   
-597.060   -596.575   -0.401   -41.665   -41.675   -24.000   
-597.310   -596.825   -0.401   -41.665   -41.675   -17.000   
-597.480   -596.990   -0.401   -41.665   -41.645   -15.000   
-597.645   -597.155   -0.401   -41.665   -41.665   -20.000   
-597.895   -597.405   -0.401   -41.665   -41.655   -20.000   
-598.060   -597.575   -0.401   -41.665   -41.685   19.000   
-598.310   -597.825   -0.401   -41.665   -41.665   -16.000   
-598.480   -597.990   -0.401   -41.665   -41.665   -20.000   
-598.730   -598.240   -0.401   -41.665   -41.695   -30.000   
-598.895   -598.405   -0.401   -41.665   -41.645   -11.000   
-599.060   -598.655   -0.401   -41.665   -41.685   -26.000   
-599.310   -598.825   -0.401   -41.665   -41.665   -24.000   
-599.480   -598.990   -0.401   -41.665   -41.665   -18.000   
-599.730   -599.240   -0.401   -41.665   -41.675   -23.000   
-599.895   -599.405   -0.401   -41.665   -41.645   -12.000   
-600.145   -599.655   -0.401   -41.665   -41.675   -28.000   
-600.310   -599.825   -0.401   -41.665   -41.665   -10.000   
-600.560   -600.075   -0.401   -41.665   -41.685   -26.000   
-600.730   -600.240   -0.401   -41.665   -41.665   23.000   
-600.895   -600.490   -0.401   -41.665   -41.665   -25.000   
-601.145   -600.655   -0.401   -41.665   -41.655   55.000   
-601.310   -600.825   -0.401   -41.665   -41.665   -22.000   
-601.560   -601.075   -0.401   -41.665   -41.665   -23.000   
-601.730   -601.240   -0.401   -41.665   -41.685   11.000   
-601.980   -601.490   -0.401   -41.665   -41.655   -20.000   
-602.145   -601.655   -0.401   -41.665   -41.655   99.000   
-602.395   -601.905   -0.401   -41.665   -41.645   4.000   
-602.560   -602.070   -0.401   -41.665   -41.655   74.000   
-602.730   -602.325   -0.401   -41.665   -41.685   -2.000   
-602.980   -602.490   -0.401   -41.665   -41.665   47.000   
-603.145   -602.655   -0.401   -41.665   -41.665   3.000   
-603.395   -602.905   -0.401   -41.665   -41.655   71.000   
-603.560   -603.075   -0.401   -41.665   -41.675   78.000   
-603.810   -603.325   -0.401   -41.665   -41.655   13.000   
-603.980   -603.490   -0.401   -41.665   -41.665   92.000   
-604.230   -603.740   -0.401   -41.665   -41.665   54.000   
-604.395   -603.905   -0.401   -41.665   -41.665   57.000   
-604.560   -604.155   -0.401   -41.665   -41.655   64.000   
-604.810   -604.325   -0.401   -41.665   -41.675   56.000   
-604.980   -604.490   -0.401   -41.665   -41.665   4.000   
-605.230   -604.740   -0.401   -41.665   -41.665   56.000   
-605.395   -604.905   -0.401   -41.665   -41.675   54.000   
-605.645   -605.155   -0.401   -41.665   -41.655   95.000   
-605.810   -605.325   -0.401   -41.665   -41.685   37.000   
-606.060   -605.575   -0.401   -41.665   -41.665   65.000   
-606.230   -605.740   -0.401   -41.665   -41.665   95.000   
-606.395   -605.905   -0.401   -41.665   -41.675   35.000   
-606.645   -606.155   -0.401   -41.665   -41.675   63.000   
-606.810   -606.325   -0.401   -41.665   -41.655   57.000   
-607.060   -606.575   -0.401   -41.665   -41.675   54.000   
-607.230   -606.740   -0.401   -41.665   -41.665   93.000   
-607.480   -606.990   -0.401   -41.665   -41.675   27.000   
-607.645   -607.155   -0.401   -41.665   -41.655   75.000   
-607.810   -607.405   -0.401   -41.665   -41.685   88.000   
-608.060   -607.575   -0.401   -41.665   -41.665   47.000   
-608.230   -607.740   -0.401   -41.665   -41.655   62.000   
-608.480   -607.990   -0.401   -41.665   -41.675   88.000   
-608.645   -608.155   -0.401   -41.665   -41.665   57.000   
-608.895   -608.405   -0.401   -41.665   -41.655   72.000   
-609.060   -608.575   -0.401   -41.665   -41.665   9.000   
-609.310   -608.825   -0.401   -41.665   -41.665   96.000   
-609.480   -608.990   -0.401   -41.665   -41.685   45.000   
-609.645   -609.240   -0.401   -41.665   -41.675   88.000   
-609.895   -609.405   -0.401   -41.665   -41.665   57.000   
-610.060   -609.575   -0.401   -41.665   -41.675   42.000   
-610.310   -609.820   -0.401   -41.665   -41.645   41.000   
-610.480   -609.990   -0.401   -41.665   -41.675   2.000   
-610.730   -610.240   -0.401   -41.665   -41.675   108.000   
-610.895   -610.405   -0.401   -41.665   -41.665   71.000   
-611.145   -610.655   -0.401   -41.665   -41.665   63.000   
-611.310   -610.825   -0.401   -41.665   -41.675   14.000   
-611.480   -610.990   -0.401   -41.665   -41.655   60.000   
-611.730   -611.240   -0.401   -41.665   -41.655   36.000   
-611.895   -611.405   -0.401   -41.665   -41.675   73.000   
-612.145   -611.655   -0.401   -41.665   -41.675   54.000   
-612.310   -611.825   -0.401   -41.665   -41.665   5.000   
-612.560   -612.075   -0.401   -41.665   -41.665   21.000   
-612.730   -612.240   -0.401   -41.665   -41.655   22.000   
-612.980   -612.490   -0.401   -41.665   -41.675   55.000   
-613.145   -612.655   -0.401   -41.665   -41.665   35.000   
-613.310   -612.825   -0.401   -41.665   -41.675   60.000   
-613.560   -613.075   -0.401   -41.665   -41.675   -14.000   
-613.730   -613.240   -0.401   -41.665   -41.665   29.000   
-613.980   -613.490   -0.401   -41.665   -41.665   27.000   
-614.145   -613.655   -0.401   -41.665   -41.665   21.000   
-614.395   -613.905   -0.401   -41.665   -41.655   51.000   
-614.560   -614.075   -0.401   -41.665   -41.685   -6.000   
-614.730   -614.325   -0.401   -41.665   -41.655   29.000   
-614.980   -614.490   -0.401   -41.665   -41.675   10.000   
-615.145   -614.655   -0.401   -41.665   -41.665   4.000   
-615.395   -614.905   -0.401   -41.665   -41.645   18.000   
-615.560   -615.075   -0.401   -41.665   -41.695   53.000   
-615.810   -615.325   -0.401   -41.665   -41.665   24.000   
-615.980   -615.490   -0.401   -41.665   -41.665   25.000   
-616.230   -615.740   -0.401   -41.665   -41.665   13.000   
-616.395   -615.905   -0.401   -41.665   -41.685   9.000   
-616.560   -616.155   -0.401   -41.665   -41.645   36.000   
-616.810   -616.325   -0.401   -41.665   -41.685   -18.000   
-616.980   -616.490   -0.401   -41.665   -41.665   22.000   
-617.230   -616.740   -0.401   -41.665   -41.665   16.000   
-617.395   -616.905   -0.401   -41.665   -41.665   69.000   
-617.645   -617.155   -0.401   -41.665   -41.665   2.000   
-617.810   -617.325   -0.401   -41.665   -41.685   -17.000   
-618.060   -617.575   -0.401   -41.665   -41.675   26.000   
-618.230   -617.740   -0.401   -41.665   -41.665   17.000   
-618.395   -617.990   -0.401   -41.665   -41.665   7.000   
-618.645   -618.155   -0.401   -41.665   -41.675   -10.000   
-619.060   -618.575   -0.401   -41.665   -41.685   15.000   
-619.230   -618.740   -0.401   -41.665   -41.655   32.000   
-619.480   -618.990   -0.401   -41.665   -41.675   -41.000   
-619.645   -619.155   -0.401   -41.665   -41.655   20.000   
-619.895   -619.405   -0.401   -41.665   -41.655   -34.000   
-620.060   -619.575   -0.401   -41.665   -41.685   -49.000   
-620.230   -619.740   -0.401   -41.665   -41.665   -47.000   
-620.480   -619.990   -0.401   -41.665   -41.665   -33.000   
-620.645   -620.155   -0.401   -41.665   -41.645   -50.000   
-620.895   -620.405   -0.401   -41.665   -41.655   -26.000   
-621.060   -620.575   -0.401   -41.665   -41.665   22.000   
-621.310   -620.825   -0.401   -41.665   -41.675   -47.000   
-621.480   -620.990   -0.401   -41.665   -41.655   13.000   
-621.730   -621.240   -0.401   -41.665   -41.665   -35.000   
-621.895   -621.405   -0.401   -41.665   -41.665   15.000   
-622.060   -621.575   -0.401   -41.665   -41.675   -43.000   
-622.310   -621.825   -0.401   -41.665   -41.665   -39.000   
-622.480   -621.990   -0.401   -41.665   -41.655   -55.000   
-622.730   -622.240   -0.401   -41.665   -41.655   18.000   
-622.895   -622.405   -0.401   -41.665   -41.675   -5.000   
-623.145   -622.655   -0.401   -41.665   -41.635   35.000   
-623.310   -622.825   -0.401   -41.665   -41.675   12.000   
-623.480   -623.075   -0.401   -41.665   -41.685   -48.000   
-623.730   -623.240   -0.401   -41.665   -41.665   12.000   
-623.895   -623.405   -0.401   -41.665   -41.665   -34.000   
-624.145   -623.655   -0.401   -41.665   -41.655   41.000   
-624.310   -623.825   -0.401   -41.665   -41.685   -25.000   
-624.560   -624.075   -0.401   -41.665   -41.675   18.000   
-624.730   -624.240   -0.401   -41.665   -41.675   57.000   
-624.980   -624.490   -0.401   -41.665   -41.665   6.000   
-625.145   -624.655   -0.401   -41.665   -41.675   9.000   
-625.310   -624.905   -0.401   -41.665   -41.675   24.000   
-625.560   -625.075   -0.401   -41.665   -41.665   33.000   
-625.730   -625.240   -0.401   -41.665   -41.655   -35.000   
-625.980   -625.490   -0.401   -41.665   -41.665   53.000   
-626.145   -625.655   -0.401   -41.665   -41.685   8.000   
-626.395   -625.905   -0.401   -41.665   -41.675   1.000   
-626.560   -626.075   -0.401   -41.665   -41.655   -9.000   
-626.810   -626.320   -0.401   -41.665   -41.675   17.000   
-626.980   -626.490   -0.401   -41.665   -41.645   59.000   
-627.145   -626.740   -0.401   -41.665   -41.695   11.000   
-627.395   -626.905   -0.401   -41.665   -41.675   12.000   
-627.560   -627.075   -0.401   -41.665   -41.655   23.000   
-627.810   -627.325   -0.401   -41.665   -41.675   64.000   
-627.980   -627.490   -0.401   -41.665   -41.675   29.000   
-628.230   -627.740   -0.401   -41.665   -41.655   94.000   
-628.395   -627.905   -0.401   -41.665   -41.675   35.000   
-628.645   -628.155   -0.401   -41.665   -41.665   39.000   
-628.810   -628.325   -0.401   -41.665   -41.665   9.000   
-628.980   -628.490   -0.401   -41.665   -41.665   32.000   
-629.230   -628.740   -0.401   -41.665   -41.675   71.000   
-629.395   -628.905   -0.401   -41.665   -41.655   40.000   
-629.645   -629.155   -0.401   -41.665   -41.675   27.000   
-629.810   -629.325   -0.401   -41.665   -41.665   4.000   
-630.060   -629.575   -0.401   -41.665   -41.665   17.000   
-630.230   -629.740   -0.401   -41.665   -41.655   -5.000   
-630.480   -629.990   -0.401   -41.665   -41.675   72.000   
-630.645   -630.155   -0.401   -41.665   -41.675   13.000   
-630.810   -630.325   -0.401   -41.665   -41.665   52.000   
-631.060   -630.575   -0.401   -41.665   -41.665   -11.000   
-631.230   -630.740   -0.401   -41.665   -41.675   60.000   
-631.475   -630.990   -0.401   -41.665   -41.665   44.000   
-631.645   -631.155   -0.400   -41.665   -41.665   6.000   
-631.895   -631.405   -0.400   -41.665   -41.645   -7.000   
-632.060   -631.570   -0.400   -41.665   -41.380   297.000   
-632.225   -631.820   -0.400   -41.665   -41.390   514.000   
-632.475   -631.985   -0.403   -41.665   -41.810   13.000   
-632.645   -632.155   -0.402   -41.665   -41.615   58.000   
-632.895   -632.405   -0.401   -41.665   -41.940   -427.000   
-633.060   -632.570   -0.401   -41.665   -41.605   100.000   
-633.310   -632.820   -0.401   -41.665   -41.695   26.000   
-633.475   -632.990   -0.401   -41.665   -41.635   70.000   
-633.725   -633.240   -0.401   -41.665   -41.655   -5.000   
-633.895   -633.405   -0.401   -41.665   -41.675   69.000   
-634.060   -633.655   -0.401   -41.665   -41.665   25.000   
-634.310   -633.820   -0.401   -41.665   -41.665   42.000   
-634.475   -633.990   -0.401   -41.665   -41.675   58.000   
-634.725   -634.240   -0.401   -41.665   -41.675   33.000   
-634.895   -634.405   -0.401   -41.665   -41.675   65.000   
-635.145   -634.655   -0.401   -41.665   -41.665   12.000   
-635.310   -634.820   -0.401   -41.665   -41.675   36.000   
-635.560   -635.070   -0.401   -41.665   -41.665   71.000   
-635.725   -635.240   -0.401   -41.665   -41.675   6.000   
-635.895   -635.405   -0.401   -41.665   -41.635   58.000   
-636.145   -635.655   -0.401   -41.665   -41.675   65.000   
-636.310   -635.820   -0.401   -41.665   -41.675   45.000   
-636.560   -636.070   -0.401   -41.665   -41.665   66.000   
-636.725   -636.240   -0.401   -41.665   -41.655   13.000   
-636.975   -636.490   -0.401   -41.665   -41.665   83.000   
-637.145   -636.655   -0.401   -41.665   -41.685   64.000   
-637.310   -636.905   -0.401   -41.665   -41.675   91.000   
-637.560   -637.070   -0.401   -41.665   -41.665   54.000   
-637.725   -637.240   -0.401   -41.665   -41.675   49.000   
-637.975   -637.490   -0.401   -41.665   -41.665   9.000   
-638.145   -637.655   -0.401   -41.665   -41.655   58.000   
-638.395   -637.905   -0.401   -41.665   -41.675   73.000   
-638.560   -638.070   -0.401   -41.665   -41.655   73.000   
-638.810   -638.320   -0.401   -41.665   -41.675   64.000   
-638.975   -638.490   -0.401   -41.665   -41.665   10.000   
-639.145   -638.740   -0.401   -41.665   -41.675   85.000   
-639.395   -638.905   -0.401   -41.665   -41.655   60.000   
-639.560   -639.070   -0.401   -41.665   -41.665   94.000   
-639.810   -639.320   -0.401   -41.665   -41.675   61.000   
-639.975   -639.490   -0.401   -41.665   -41.675   56.000   
-640.225   -639.740   -0.401   -41.665   -41.655   15.000   
-640.395   -639.905   -0.401   -41.665   -41.675   3.000   
-640.645   -640.155   -0.401   -41.665   -41.655   89.000   
-640.810   -640.320   -0.401   -41.665   -41.685   50.000   
-640.975   -640.570   -0.401   -41.665   -41.645   69.000   
-641.225   -640.740   -0.401   -41.665   -41.665   17.000   
-641.395   -640.905   -0.401   -41.665   -41.685   47.000   
-641.645   -641.155   -0.401   -41.665   -41.655   25.000   
-641.810   -641.320   -0.401   -41.665   -41.665   2.000   
-642.060   -641.570   -0.401   -41.665   -41.665   63.000   
-642.225   -641.740   -0.401   -41.665   -41.665   5.000   
-642.475   -641.990   -0.401   -41.665   -41.665   11.000   
-642.645   -642.155   -0.401   -41.665   -41.675   2.000   
-642.810   -642.405   -0.401   -41.665   -41.665   43.000   
-643.060   -642.570   -0.401   -41.665   -41.645   13.000   
-643.225   -642.740   -0.401   -41.665   -41.685   53.000   
-643.475   -642.990   -0.401   -41.665   -41.665   -3.000   
-643.645   -643.155   -0.401   -41.665   -41.665   10.000   
-643.895   -643.405   -0.401   -41.665   -41.675   4.000   
-644.060   -643.570   -0.401   -41.665   -41.665   9.000   
-644.310   -643.820   -0.401   -41.665   -41.675   57.000   
-644.475   -643.990   -0.401   -41.665   -41.675   5.000   
-644.645   -644.155   -0.401   -41.665   -41.665   10.000   
-644.895   -644.405   -0.401   -41.665   -41.675   -1.000   
-645.060   -644.570   -0.401   -41.665   -41.665   15.000   
-645.310   -644.820   -0.401   -41.665   -41.665   5.000   
-645.475   -644.990   -0.401   -41.665   -41.675   -7.000   
-645.725   -645.240   -0.401   -41.665   -41.675   16.000   
-645.895   -645.405   -0.401   -41.665   -41.655   26.000   
-646.145   -645.655   -0.401   -41.665   -41.675   16.000   
-646.310   -645.820   -0.401   -41.665   -41.655   15.000   
-646.475   -645.990   -0.401   -41.665   -41.665   24.000   
-646.725   -646.240   -0.401   -41.665   -41.685   -15.000   
-646.895   -646.405   -0.401   -41.665   -41.665   19.000   
-647.145   -646.655   -0.401   -41.665   -41.665   28.000   
-647.310   -646.820   -0.401   -41.665   -41.655   65.000   
-647.560   -647.070   -0.401   -41.665   -41.665   5.000   
-647.725   -647.240   -0.401   -41.665   -41.685   -11.000   
-647.895   -647.490   -0.401   -41.665   -41.665   23.000   
-648.145   -647.655   -0.401   -41.665   -41.665   26.000   
-648.310   -647.820   -0.401   -41.665   -41.665   -11.000   
-648.560   -648.070   -0.401   -41.665   -41.665   11.000   
-648.725   -648.240   -0.401   -41.665   -41.655   55.000   
-648.975   -648.490   -0.401   -41.665   -41.665   21.000   
-649.145   -648.655   -0.401   -41.665   -41.675   61.000   
-649.395   -648.905   -0.401   -41.665   -41.665   22.000   
-649.560   -649.070   -0.401   -41.665   -41.665   65.000   
-649.725   -649.320   -0.401   -41.665   -41.665   6.000   
-649.975   -649.490   -0.401   -41.665   -41.675   -12.000   
-650.145   -649.655   -0.401   -41.665   -41.655   21.000   
-650.395   -649.905   -0.401   -41.665   -41.655   24.000   
-650.560   -650.070   -0.401   -41.665   -41.675   103.000   
-650.810   -650.320   -0.401   -41.665   -41.665   5.000   
-650.975   -650.490   -0.401   -41.665   -41.655   50.000   
-651.225   -650.740   -0.401   -41.665   -41.675   10.000   
-651.395   -650.905   -0.401   -41.665   -41.655   75.000   
-651.560   -651.155   -0.401   -41.665   -41.675   11.000   
-651.810   -651.320   -0.401   -41.665   -41.655   60.000   
-651.975   -651.490   -0.401   -41.665   -41.665   21.000   
-652.225   -651.740   -0.401   -41.665   -41.655   20.000   
-652.395   -651.905   -0.401   -41.665   -41.675   85.000   
-652.645   -652.155   -0.401   -41.665   -41.655   78.000   
-652.810   -652.320   -0.401   -41.665   -41.685   63.000   
-653.060   -652.570   -0.401   -41.665   -41.675   58.000   
-653.225   -652.740   -0.401   -41.665   -41.655   39.000   
-653.395   -652.905   -0.401   -41.665   -41.675   9.000   
-653.645   -653.155   -0.401   -41.665   -41.665   10.000   
-653.810   -653.320   -0.401   -41.665   -41.675   -36.000   
-654.060   -653.570   -0.401   -41.665   -41.675   57.000   
-654.225   -653.740   -0.401   -41.665   -41.675   -3.000   
-654.475   -653.990   -0.401   -41.665   -41.655   19.000   
-654.645   -654.155   -0.401   -41.665   -41.665   46.000   
-654.810   -654.405   -0.401   -41.665   -41.665   18.000   
-655.060   -654.570   -0.401   -41.665   -41.665   14.000   
-655.225   -654.735   -0.401   -41.665   -41.645   15.000   
-655.475   -654.990   -0.401   -41.665   -41.685   44.000   
-655.645   -655.155   -0.401   -41.665   -41.675   -40.000   
-655.895   -655.405   -0.401   -41.665   -41.665   53.000   
-656.060   -655.570   -0.401   -41.665   -41.665   5.000   
-656.310   -655.820   -0.401   -41.665   -41.675   -8.000   
-656.475   -655.985   -0.401   -41.665   -41.665   -17.000   
-656.645   -656.240   -0.401   -41.665   -41.675   14.000   
-656.885   -656.405   -0.401   -37.915   -41.675   55.000   
-657.020   -656.570   -0.397   -29.165   -41.665   16.000   
-657.150   -656.820   -0.354   -13.540   -41.675   -33.000   
-657.185   -656.980   -0.284   -4.370   -41.000   -68.000   
-657.195   -657.180   -0.130   0.000   -31.805   -942.000   
-657.195   -657.270   -0.024   0.000   -22.005   -2695.000   
-657.195   -657.315   0.070   0.000   -10.095   -2731.000   
-657.195   -657.290   0.075   0.000   1.580   -813.000   
-657.195   -657.240   0.043   0.000   7.565   411.000   
-657.195   -657.215   0.020   0.000   6.300   308.000   
-657.195   -657.200   0.007   0.000   3.335   516.000   
-657.195   -657.195   0.000   0.000   1.335   7.000   
-657.195   -657.195   -0.000   0.000   0.390   -60.000   
-657.195   -657.195   -0.001   0.000   0.120   37.000   
-657.195   -657.195   -0.001   0.000   -0.070   71.000   
-657.195   -657.195   -0.001   0.000   0.120   272.000   
-657.195   -657.195   -0.000   0.000   -0.205   -30.000   
-657.195   -657.195   0.000   0.000   0.000   -15.000   
-657.195   -657.195   0.000   0.000   -0.020   8.000   
-657.195   -657.195   0.000   0.000   -0.010   -15.000   
-657.195   -657.195   0.000   0.000   -0.010   -21.000   
-657.195   -657.195   0.000   0.000   0.030   9.000   
-657.195   -657.195   0.000   0.000   0.000   3.000   
-657.195   -657.195   0.000   0.000   0.000   2.000   
-657.195   -657.195   0.000   0.000   0.000   -13.000   
-657.195   -657.195   0.000   0.000   0.000   -16.000   
-657.195   -657.195   0.000   0.000   0.000   -13.000   
-657.195   -657.195   0.000   0.000   0.000   -15.000   
-657.195   -657.195   -0.000   0.000   0.020   6.000   
-657.195   -657.195   -0.000   0.000   0.000   -5.000   
-657.195   -657.195   -0.000   0.000   0.000   -3.000   
-657.195   -657.195   0.000   0.000   0.000   7.000   
-657.195   -657.195   0.000   0.000   0.000   -6.000   
-657.195   -657.195   0.000   0.000   0.000   -4.000   
-657.195   -657.195   0.000   0.000   0.000   -5.000   
-657.195   -657.195   0.000   0.000   0.000   -8.000   
-657.195   -657.195   0.000   0.000   0.000   -4.000   
-657.195   -657.195   0.000   0.000   0.000   -4.000   
-657.195   -657.195   0.000   0.000   0.000   -8.000   
-657.195   -657.195   0.000   0.000   0.000   -5.000   
-657.195   -657.195   0.000   0.000   0.000   -1.000   
-657.195   -657.195   0.000   0.000   0.000   -1.000   
-657.195   -657.195   0.000   0.000   0.000   -6.000   
-657.195   -657.195   0.000   0.000   0.000   -4.000   
-657.195   -657.195   0.000   0.000   0.000   -5.000   
-657.195   -657.195   0.000   0.000   0.000   -1.000   
-657.195   -657.195   0.000   0.000   0.000   -1.000   
-657.195   -657.195   0.000   0.000   0.000   -4.000   
-657.195   -657.195   0.000   0.000   0.000   -6.000   
-657.195   -657.195   0.000   0.000   0.000   -4.000   
-657.195   -657.195   0.000   0.000   0.000   -2.000   
-657.195   -657.195   0.000   0.000   0.000   -6.000   
-657.195   -657.195   0.000   0.000   0.000   -6.000   
-657.195   -657.195   0.000   0.000   0.000   -2.000   
-657.195   -657.195   0.000   0.000   0.000   -1.000   
-657.195   -657.195   0.000   0.000   0.000   -4.000   
-657.195   -657.195   0.000   0.000   0.000   -4.000   
-657.195   -657.195   0.000   0.000   0.000   -4.000   
-657.195   -657.195   0.000   0.000   0.000   -3.000   
-657.195   -657.195   0.000   0.000   0.000   -4.000   
-657.195   -657.195   0.000   0.000   0.000   -4.000   
-657.195   -657.195   0.000   0.000   0.000   -5.000   
-657.195   -657.195   0.000   0.000   0.000   -4.000   
-657.195   -657.195   0.000   0.000   0.000   -3.000   
-657.195   -657.195   0.000   0.000   0.000   -4.000   
-657.195   -657.195   0.000   0.000   0.000   -4.000   
-657.195   -657.195   0.000   0.000   0.000   -4.000   
-657.195   -657.195   0.000   0.000   0.000   -1.000   
-657.195   -657.195   0.000   0.000   0.000   -4.000   
-657.195   -657.195   0.000   0.000   0.000   -6.000   
-657.195   -657.195   0.000   0.000   0.000   -5.000   
-657.195   -657.195   0.000   0.000   0.000   -4.000   
-657.195   -657.195   0.000   0.000   0.000   -4.000   
-657.195   -657.195   0.000   0.000   0.000   -4.000   
-657.195   -657.195   0.000   0.000   0.000   -4.000   
-657.195   -657.195   0.000   0.000   0.000   -5.000   
-657.195   -657.195   0.000   0.000   0.000   -4.000   
-657.195   -657.195   0.000   0.000   0.000   -4.000   
-657.195   -657.195   0.000   0.000   0.000   -4.000   
-657.195   -657.195   0.000   0.000   0.000   -4.000   
-657.195   -657.195   0.000   0.000   0.000   -4.000   
-657.195   -657.195   0.000   0.000   0.000   -4.000   
-657.195   -657.195   0.000   0.000   0.000   -4.000   
-657.195   -657.195   0.000   0.000   0.000   -5.000   
-657.195   -657.195   0.000   0.000   0.000   -4.000   
-657.195   -657.195   0.000   0.000   0.000   -5.000   
-657.195   -657.195   0.000   0.000   0.000   -4.000   
-657.195   -657.195   0.000   0.000   0.000   -4.000   
-657.195   -657.195   0.000   0.000   0.000   -4.000   
-657.195   -657.195   0.000   0.000   0.000   -4.000   
-657.195   -657.195   0.000   0.000   0.000   -3.000   
-657.195   -657.195   0.000   0.000   0.000   -4.000   
-657.195   -657.195   0.000   0.000   0.000   -5.000   
-657.195   -657.195   0.000   0.000   0.000   -4.000   
-657.195   -657.195   0.000   0.000   0.000   -2.000   
-657.195   -657.195   0.000   0.000   0.000   -3.000   
-657.195   -657.195   0.000   0.000   0.000   -4.000   
-657.195   -657.195   0.000   0.000   0.000   -4.000   
-657.195   -657.195   0.000   0.000   0.000   -4.000   
-657.195   -657.195   0.000   0.000   0.000   -4.000   
-657.195   -657.195   0.000   0.000   0.000   -4.000   
-657.195   -657.195   0.000   0.000   0.000   -4.000   
-657.195   -657.195   0.000   0.000   0.000   -4.000   
-657.195   -657.195   0.000   0.000   0.000   -5.000   
-657.195   -657.195   0.000   0.000   0.000   -5.000   
-657.195   -657.195   0.000   0.000   0.000   -4.000   
-657.195   -657.195   0.000   0.000   0.000   -4.000   
-657.195   -657.195   0.000   0.000   0.000   -4.000   
-657.195   -657.195   0.000   0.000   0.000   -4.000   
-657.195   -657.195   0.000   0.000   0.000   -4.000   
-657.195   -657.195   0.000   0.000   0.000   -12.000   
-657.195   -657.195   0.000   0.000   0.000   -11.000   
-657.195   -657.195   0.000   0.000   0.000   -10.000   
-657.195   -657.195   0.000   0.000   0.000   -12.000   
-657.195   -657.195   0.000   0.000   0.000   -11.000   
-657.195   -657.195   0.000   0.000   0.000   -12.000   
-657.195   -657.195   0.000   0.000   0.000   -12.000   
-657.195   -657.195   0.000   0.000   0.000   -12.000   
-657.195   -657.195   0.000   0.000   0.000   -11.000   
-657.195   -657.195   0.000   0.000   0.000   -11.000   
-657.195   -657.195   0.000   0.000   0.000   -10.000   
-657.195   -657.195   0.000   0.000   0.000   -12.000   
-657.195   -657.195   0.000   0.000   0.000   -11.000   
-657.195   -657.195   0.000   0.000   0.000   -10.000   
-657.195   -657.195   0.000   0.000   0.000   -10.000   
-657.195   -657.195   0.000   0.000   0.000   -11.000   
-657.195   -657.195   0.000   0.000   0.000   -10.000   
-657.195   -657.195   0.000   0.000   0.000   -10.000   
-657.195   -657.195   0.000   0.000   0.000   -11.000   
-657.195   -657.195   0.000   0.000   0.000   -11.000   
-657.195   -657.195   0.000   0.000   0.000   -10.000   
-657.195   -657.195   0.000   0.000   0.000   -10.000   
-657.195   -657.195   0.000   0.000   0.000   -12.000   
-657.195   -657.195   0.000   0.000   0.000   -11.000   
-657.195   -657.195   0.000   0.000   0.000   -12.000   
-657.195   -657.195   0.000   0.000   0.000   -11.000   
-657.195   -657.195   0.000   0.000   0.000   -11.000   
-657.195   -657.195   0.000   0.000   0.000   -9.000   
-657.195   -657.195   0.000   0.000   0.000   -12.000   
-657.195   -657.195   0.000   0.000   0.000   -11.000   
-657.195   -657.195   0.000   0.000   0.000   -11.000   
-657.195   -657.195   0.000   0.000   0.000   -11.000   
-657.195   -657.195   0.000   0.000   0.000   -11.000   
-657.195   -657.195   0.000   0.000   0.000   -10.000   
-657.195   -657.195   0.000   0.000   0.000   -10.000   
-657.195   -657.195   0.000   0.000   0.000   -10.000   
-657.195   -657.195   0.000   0.000   0.000   -10.000   
-657.195   -657.195   0.000   0.000   0.000   -10.000   
-657.195   -657.195   0.000   0.000   0.000   -10.000   
-657.195   -657.195   0.000   0.000   0.000   -10.000   
-657.195   -657.195   0.000   0.000   0.000   -10.000   
-657.195   -657.195   0.000   0.000   0.000   -11.000   
-657.195   -657.195   0.000   0.000   0.000   -3.000   
-657.195   -657.195   0.000   0.000   0.000   -3.000   
-657.195   -657.195   0.000   0.000   0.000   -2.000   
-657.195   -657.195   0.000   0.000   0.000   -3.000   
-657.195   -657.195   0.000   0.000   0.000   -3.000   
-657.195   -657.195   0.000   0.000   0.000   -3.000   
-657.195   -657.195   0.000   0.000   0.000   -2.000   
-657.195   -657.195   0.000   0.000   0.000   -3.000   
-657.195   -657.195   0.000   0.000   0.000   -3.000   
-657.195   -657.195   0.000   0.000   0.000   -3.000   
-657.195   -657.195   0.000   0.000   0.000   -3.000   
-657.195   -657.195   0.000   0.000   0.000   -3.000   
-657.195   -657.195   0.000   0.000   0.000   -2.000   
-657.195   -657.195   0.000   0.000   0.000   -3.000   
-657.195   -657.195   0.000   0.000   0.000   -3.000   
-657.195   -657.195   0.000   0.000   0.000   -3.000   
-657.195   -657.195   0.000   0.000   0.000   -4.000   
-657.195   -657.195   0.000   0.000   0.000   -3.000   
-657.195   -657.195   0.000   0.000   0.000   -2.000   
-657.195   -657.195   0.000   0.000   0.000   -4.000   
-657.195   -657.195   0.000   0.000   0.000   -4.000   
-657.195   -657.195   0.000   0.000   0.000   -4.000   
-657.195   -657.195   0.000   0.000   0.000   -3.000   
-657.195   -657.195   0.000   0.000   0.000   -3.000   
-657.195   -657.195   0.000   0.000   0.000   -3.000   
-657.195   -657.195   0.000   0.000   0.000   -3.000   
-657.195   -657.195   0.000   0.000   0.000   -3.000   
-657.195   -657.195   0.000   0.000   0.000   -3.000   
-657.195   -657.195   0.000   0.000   0.000   -3.000   
-657.195   -657.195   0.000   0.000   0.000   -3.000   
-657.195   -657.195   0.000   0.000   0.000   -3.000   
-657.195   -657.195   0.000   0.000   0.000   -3.000   
-657.195   -657.195   0.000   0.000   0.000   -3.000   
-657.195   -657.195   0.000   0.000   0.000   -3.000   
-657.195   -657.195   0.000   0.000   0.000   -3.000   
-657.195   -657.195   0.000   0.000   0.000   -3.000   
-657.195   -657.195   0.000   0.000   0.000   -3.000   
-657.195   -657.195   0.000   0.000   0.000   -3.000   
-657.195   -657.195   0.000   0.000   0.000   -3.000   
-657.195   -657.195   0.000   0.000   0.000   -5.000   
-657.195   -657.195   0.000   0.000   0.000   -4.000   
-657.195   -657.195   0.000   0.000   0.000   -4.000   
-657.195   -657.195   0.000   0.000   0.000   -3.000   
-657.195   -657.195   0.000   0.000   0.000   -4.000   
-657.195   -657.195   0.000   0.000   0.000   -3.000   
-657.195   -657.195   0.000   0.000   0.000   -3.000   
-657.195   -657.195   0.000   0.000   0.000   -4.000   
-657.195   -657.195   0.000   0.000   0.000   -4.000   
-657.195   -657.195   0.000   0.000   0.000   -3.000   
-657.195   -657.195   0.000   0.000   0.000   -4.000   
-657.195   -657.195   0.000   0.000   0.000   -4.000   
-657.195   -657.195   0.000   0.000   0.000   -3.000   
-657.195   -657.195   0.000   0.000   0.000   -3.000   
-657.195   -657.195   0.000   0.000   0.000   -3.000   
-657.195   -657.195   0.000   0.000   0.000   -3.000   
-657.195   -657.195   0.000   0.000   0.000   -4.000   
-657.195   -657.195   0.000   0.000   0.000   -3.000   
-657.195   -657.195   0.000   0.000   0.000   -3.000   
-657.195   -657.195   0.000   0.000   0.000   -4.000   
-657.195   -657.195   0.000   0.000   0.000   -4.000   
-657.195   -657.195   0.000   0.000   0.000   -3.000   
-657.195   -657.195   0.000   0.000   0.000   -3.000   
-657.195   -657.195   0.000   0.000   0.000   -3.000   
-657.195   -657.195   0.000   0.000   0.000   -4.000   
-657.195   -657.195   0.000   0.000   0.000   -3.000   
-657.195   -657.195   0.000   0.000   0.000   -3.000   
-657.195   -657.195   0.000   0.000   0.000   -3.000   
-657.195   -657.195   0.000   0.000   0.000   -3.000   
-657.195   -657.195   0.000   0.000   0.000   -3.000   
-657.195   -657.195   0.000   0.000   0.000   -3.000   
-657.195   -657.195   0.000   0.000   0.000   -3.000   
-657.195   -657.195   0.000   0.000   0.000   -3.000   
-657.195   -657.195   0.000   0.000   0.000   -4.000   
-657.195   -657.195   0.000   0.000   0.000   -3.000   
-657.195   -657.195   0.000   0.000   0.000   -5.000   
-657.195   -657.195   0.000   0.000   0.000   -4.000   
-657.195   -657.195   0.000   0.000   0.000   -3.000   
-657.195   -657.195   0.000   0.000   0.000   -3.000   
-657.195   -657.195   0.000   0.000   0.000   -4.000   
-657.195   -657.195   0.000   0.000   0.000   -3.000   
-657.195   -657.195   0.000   0.000   0.000   -3.000   
-657.195   -657.195   0.000   0.000   0.000   -3.000   
-657.195   -657.195   0.000   0.000   0.000   -3.000   
-657.195   -657.195   0.000   0.000   0.000   -3.000   
-657.195   -657.195   0.000   0.000   0.000   -3.000   
-657.195   -657.195   0.000   0.000   0.000   -3.000   
-657.195   -657.195   0.000   0.000   0.000   -4.000   
-657.195   -657.195   0.000   0.000   0.000   -3.000   
-657.195   -657.195   0.000   0.000   0.000   -4.000   
-657.195   -657.195   0.000   0.000   0.000   -3.000   
-657.195   -657.195   0.000   0.000   0.000   -4.000   
-657.195   -657.195   0.000   0.000   0.000   -3.000   
-657.195   -657.195   0.000   0.000   0.000   -4.000   
-657.195   -657.195   0.000   0.000   0.000   -4.000   
-657.195   -657.195   0.000   0.000   0.000   -4.000   
-657.195   -657.195   0.000   0.000   0.000   -5.000   
-657.195   -657.195   0.000   0.000   0.000   -2.000   
-657.195   -657.195   0.000   0.000   0.000   -3.000   
-657.195   -657.195   0.000   0.000   0.000   -4.000   
-657.195   -657.195   0.000   0.000   0.000   -5.000   
-657.195   -657.195   0.000   0.000   0.000   -3.000   
-657.195   -657.195   0.000   0.000   0.000   -3.000   
-657.195   -657.195   0.000   0.000   0.000   -5.000   
-657.195   -657.195   0.000   0.000   0.000   -3.000   
-657.195   -657.195   0.000   0.000   0.000   -4.000   
-657.195   -657.195   0.000   0.000   0.000   -3.000   
-657.195   -657.195   0.000   0.000   0.000   -4.000   
-657.195   -657.195   0.000   0.000   0.000   -3.000   
-657.195   -657.195   0.000   0.000   0.000   -3.000   
-657.195   -657.195   0.000   0.000   0.000   -4.000   
-657.195   -657.195   0.000   0.000   0.000   -3.000   
-657.195   -657.195   0.000   0.000   0.000   -4.000   
-657.195   -657.195   0.000   0.000   0.000   -3.000   
-657.195   -657.195   0.000   0.000   0.000   -3.000   
-657.195   -657.195   0.000   0.000   0.000   -3.000   
-657.195   -657.195   0.000   0.000   0.000   -4.000   
-657.195   -657.195   0.000   0.000   0.000   -3.000   
-657.195   -657.195   0.000   0.000   0.000   -3.000   
-657.195   -657.195   0.000   0.000   0.000   -3.000   
-657.195   -657.195   0.000   0.000   0.000   -3.000   
-657.195   -657.195   0.000   0.000   0.000   -3.000   
-657.195   -657.195   0.000   0.000   0.000   -3.000   
-657.195   -657.195   0.000   0.000   0.000   -3.000   
-657.195   -657.195   0.000   0.000   0.000   -3.000   
-657.195   -657.195   0.000   0.000   0.000   -3.000   
-657.195   -657.195   0.000   0.000   0.000   -4.000   
-657.195   -657.195   0.000   0.000   0.000   -4.000   
-657.195   -657.195   0.000   0.000   0.000   -7.000   
-657.195   -657.195   0.000   0.000   0.000   -8.000   
-657.195   -657.195   0.000   0.000   0.000   -8.000   
-657.195   -657.195   0.000   0.000   0.000   -9.000   
-657.195   -657.195   0.000   0.000   0.000   -7.000   
-657.195   -657.195   0.000   0.000   0.000   -8.000   
-657.195   -657.195   0.000   0.000   0.000   -6.000   
-657.195   -657.195   0.000   0.000   0.000   -8.000   
-657.195   -657.195   0.000   0.000   0.000   -7.000   
-657.195   -657.195   0.000   0.000   0.000   -9.000   
-657.195   -657.195   0.000   0.000   0.000   -8.000   
-657.195   -657.195   0.000   0.000   0.000   -7.000   
-657.195   -657.195   0.000   0.000   0.000   -7.000   
-657.195   -657.195   0.000   0.000   0.000   -7.000   
-657.195   -657.195   0.000   0.000   0.000   -9.000   
-657.195   -657.195   0.000   0.000   0.000   -8.000   
-657.195   -657.195   0.000   0.000   0.000   -7.000   
-657.195   -657.195   0.000   0.000   0.000   -7.000   
-657.195   -657.195   0.000   0.000   0.000   -7.000   
-657.195   -657.195   0.000   0.000   0.000   -7.000   
-657.195   -657.195   0.000   0.000   0.000   -8.000   
-657.195   -657.195   0.000   0.000   0.000   -6.000   
-657.195   -657.195   0.000   0.000   0.000   -8.000   
-657.195   -657.195   0.000   0.000   0.000   -7.000   
-657.195   -657.195   0.000   0.000   0.000   -6.000   
-657.195   -657.195   0.000   0.000   0.000   -9.000   
-657.195   -657.195   0.000   0.000   0.000   -6.000   
-657.195   -657.195   0.000   0.000   0.000   -7.000   
-657.195   -657.195   0.000   0.000   0.000   -8.000   
-657.195   -657.195   0.000   0.000   0.000   -8.000   
-657.195   -657.195   0.000   0.000   0.000   -6.000   
-657.195   -657.195   0.000   0.000   0.000   -9.000   
-657.195   -657.195   0.000   0.000   0.000   -9.000   
-657.195   -657.195   0.000   0.000   0.000   -8.000   
-657.195   -657.195   0.000   0.000   0.000   -8.000   
-657.195   -657.195   0.000   0.000   0.000   -8.000   
-657.195   -657.195   0.000   0.000   0.000   -6.000   
-657.195   -657.195   0.000   0.000   0.000   -7.000   
-657.195   -657.195   0.000   0.000   0.000   -7.000   
-657.195   -657.195   0.000   0.000   0.000   -7.000   
-657.195   -657.195   0.000   0.000   0.000   -7.000   
-657.195   -657.195   0.000   0.000   0.000   -7.000   
-657.195   -657.195   0.000   0.000   0.000   -3.000   
-657.195   -657.195   0.000   0.000   0.000   -4.000   
-657.195   -657.195   0.000   0.000   0.000   -4.000   
-657.195   -657.195   0.000   0.000   0.000   -4.000   
-657.195   -657.195   0.000   0.000   0.000   -3.000   
-657.195   -657.195   0.000   0.000   0.000   -2.000   
-657.195   -657.195   0.000   0.000   0.000   -4.000   
-657.195   -657.195   0.000   0.000   0.000   -3.000   
-657.195   -657.195   0.000   0.000   0.000   -3.000   
-657.195   -657.195   0.000   0.000   0.000   -3.000   
-657.195   -657.195   0.000   0.000   0.000   -3.000   
-657.195   -657.195   0.000   0.000   0.000   -4.000   
-657.195   -657.195   0.000   0.000   0.000   -4.000   
-657.195   -657.195   0.000   0.000   0.000   -3.000   
-657.195   -657.195   0.000   0.000   0.000   -4.000   
-657.195   -657.195   0.000   0.000   0.000   -4.000   
-657.195   -657.195   0.000   0.000   0.000   -4.000   
-657.195   -657.195   0.000   0.000   0.000   -3.000   
-657.195   -657.195   0.000   0.000   0.000   -4.000   
-657.195   -657.195   0.000   0.000   0.000   -4.000   
-657.195   -657.195   0.000   0.000   0.000   -4.000   
-657.195   -657.195   0.000   0.000   0.000   -4.000   
-657.195   -657.195   0.000   0.000   0.000   -3.000   
-657.195   -657.195   0.000   0.000   0.000   -3.000   
-657.195   -657.195   0.000   0.000   0.000   -4.000   
-657.195   -657.195   0.000   0.000   0.000   -3.000   
-657.195   -657.195   0.000   0.000   0.000   -4.000   
-657.195   -657.195   0.000   0.000   0.000   -4.000   
-657.195   -657.195   0.000   0.000   0.000   -4.000   
-657.195   -657.195   0.000   0.000   0.000   -4.000   
-657.195   -657.195   0.000   0.000   0.000   -4.000   
-657.195   -657.195   0.000   0.000   0.000   -4.000   
-657.195   -657.195   0.000   0.000   0.000   -3.000   
-657.195   -657.195   0.000   0.000   0.000   -4.000   
-657.195   -657.195   0.000   0.000   0.000   -3.000   
-657.195   -657.195   0.000   0.000   0.000   -3.000   
-657.195   -657.195   0.000   0.000   0.000   -4.000   
-657.195   -657.195   0.000   0.000   0.000   -4.000   
-657.195   -657.195   0.000   0.000   0.000   -3.000   
-657.195   -657.195   0.000   0.000   0.000   -2.000   
-657.195   -657.195   0.000   0.000   0.000   -4.000   
-657.195   -657.195   0.000   0.000   0.000   -3.000   
-657.195   -657.195   0.000   0.000   0.000   -4.000   
-657.195   -657.195   0.000   0.000   0.000   -4.000   
-657.195   -657.195   0.000   0.000   0.000   -4.000   
-657.195   -657.195   0.000   0.000   0.000   -4.000   
-657.195   -657.195   0.000   0.000   0.000   -3.000   
-657.195   -657.195   0.000   0.000   0.000   -4.000   
-657.195   -657.195   0.000   0.000   0.000   -4.000   
-657.195   -657.195   0.000   0.000   0.000   -4.000   
-657.195   -657.195   0.000   0.000   0.000   -3.000   
-657.195   -657.195   0.000   0.000   0.000   -4.000   
-657.195   -657.195   0.000   0.000   0.000   -4.000   
-657.195   -657.195   0.000   0.000   0.000   -4.000   
-657.195   -657.195   0.000   0.000   0.000   -4.000   
-657.195   -657.195   0.000   0.000   0.000   -4.000   
-657.195   -657.195   0.000   0.000   0.000   -4.000   
-657.195   -657.195   0.000   0.000   0.000   -4.000   
-657.195   -657.195   0.000   0.000   0.000   -4.000   
-657.195   -657.195   0.000   0.000   0.000   -4.000   
-657.195   -657.195   0.000   0.000   0.000   -4.000   
-657.195   -657.195   0.000   0.000   0.000   -4.000   
-657.195   -657.195   0.000   0.000   0.000   -4.000   
-657.195   -657.195   0.000   0.000   0.000   -3.000   
-657.195   -657.195   0.000   0.000   0.000   -4.000   
-657.195   -657.195   0.000   0.000   0.000   -4.000   
-657.195   -657.195   0.000   0.000   0.000   -4.000   
-657.195   -657.195   0.000   0.000   0.000   -4.000   
-657.195   -657.195   0.000   0.000   0.000   -4.000   
-657.195   -657.195   0.000   0.000   0.000   -3.000   
-657.195   -657.195   0.000   0.000   0.000   -4.000   
-657.195   -657.195   0.000   0.000   0.000   -4.000   
-657.195   -657.195   0.000   0.000   0.000   -4.000   
-657.195   -657.195   0.000   0.000   0.000   -4.000   
-657.195   -657.195   0.000   0.000   0.000   -4.000   
-657.195   -657.195   0.000   0.000   0.000   -4.000   
-657.195   -657.195   0.000   0.000   0.000   -4.000   
-657.195   -657.195   0.000   0.000   0.000   -3.000   
-657.195   -657.195   0.000   0.000   0.000   -3.000   
-657.195   -657.195   0.000   0.000   0.000   -4.000   
-657.195   -657.195   0.000   0.000   0.000   -3.000   
-657.195   -657.195   0.000   0.000   0.000   -2.000   
-657.195   -657.195   0.000   0.000   0.000   -4.000   
-657.195   -657.195   0.000   0.000   0.000   -4.000   
-657.195   -657.195   0.000   0.000   0.000   -3.000   
-657.195   -657.195   0.000   0.000   0.000   -4.000   
-657.195   -657.195   0.000   0.000   0.000   -3.000   
-657.195   -657.195   0.000   0.000   0.000   -5.000   
-657.195   -657.195   0.000   0.000   0.000   -3.000   
-657.195   -657.195   0.000   0.000   0.000   -4.000   
-657.195   -657.195   0.000   0.000   0.000   -3.000   
-657.195   -657.195   0.000   0.000   0.000   -4.000   
-657.195   -657.195   0.000   0.000   0.000   -4.000   
-657.195   -657.195   0.000   0.000   0.000   -4.000   
-657.195   -657.195   0.000   0.000   0.000   -4.000   
-657.195   -657.195   0.000   0.000   0.000   -4.000   
-657.195   -657.195   0.000   0.000   0.000   -4.000   
-657.195   -657.195   0.000   0.000   0.000   -4.000   
-657.195   -657.195   0.000   0.000   0.000   -4.000   
-657.195   -657.195   0.000   0.000   0.000   -4.000   
-657.195   -657.195   0.000   0.000   0.000   -4.000   
-657.195   -657.195   0.000   0.000   0.000   -4.000   
-657.195   -657.195   0.000   0.000   0.000   -4.000   
-657.195   -657.195   0.000   0.000   0.000   -4.000   
-657.195   -657.195   0.000   0.000   0.000   -4.000   
-657.195   -657.195   0.000   0.000   0.000   -4.000   
-657.195   -657.195   0.000   0.000   0.000   -4.000   
-657.195   -657.195   0.000   0.000   0.000   -4.000   
-657.195   -657.195   0.000   0.000   0.000   -4.000   
-657.195   -657.195   0.000   0.000   0.000   -5.000   
-657.195   -657.195   0.000   0.000   0.000   -3.000   
-657.195   -657.195   0.000   0.000   0.000   -4.000   
-657.195   -657.195   0.000   0.000   0.000   -3.000   
-657.195   -657.195   0.000   0.000   0.000   -4.000   
-657.195   -657.195   0.000   0.000   0.000   -3.000   
-657.195   -657.195   0.000   0.000   0.000   -4.000   
-657.195   -657.195   0.000   0.000   0.000   -4.000   
-657.195   -657.195   0.000   0.000   0.000   -4.000   
-657.195   -657.195   0.000   0.000   0.000   -4.000   
-657.195   -657.195   0.000   0.000   0.000   -4.000   
-657.195   -657.195   0.000   0.000   0.000   -4.000   
-657.195   -657.195   0.000   0.000   0.000   -4.000   
-657.195   -657.195   0.000   0.000   0.000   -4.000   
-657.195   -657.195   0.000   0.000   0.000   -3.000   
-657.195   -657.195   0.000   0.000   0.000   -4.000   
-657.195   -657.195   0.000   0.000   0.000   -3.000   
-657.195   -657.195   0.000   0.000   0.000   -10.000   
-657.195   -657.195   0.000   0.000   0.000   -10.000   
-657.195   -657.195   0.000   0.000   0.000   -11.000   
-657.195   -657.195   0.000   0.000   0.000   -10.000   
-657.195   -657.195   0.000   0.000   0.000   -11.000   
-657.195   -657.195   0.000   0.000   0.000   -10.000   
-657.195   -657.195   0.000   0.000   0.000   -10.000   
-657.195   -657.195   0.000   0.000   0.000   -10.000   
-657.195   -657.195   0.000   0.000   0.000   -11.000   
-657.195   -657.195   0.000   0.000   0.000   -11.000   
-657.195   -657.195   0.000   0.000   0.000   -11.000   
-657.195   -657.195   0.000   0.000   0.000   -11.000   
-657.195   -657.195   0.000   0.000   0.000   -10.000   
-657.195   -657.195   0.000   0.000   0.000   -11.000   
-657.195   -657.195   0.000   0.000   0.000   -11.000   
-657.195   -657.195   0.000   0.000   0.000   -11.000   
-657.195   -657.195   0.000   0.000   0.000   -9.000   
-657.195   -657.195   0.000   0.000   0.000   -11.000   
-657.195   -657.195   0.000   0.000   0.000   -11.000   
-657.195   -657.195   0.000   0.000   0.000   -11.000   
-657.195   -657.195   0.000   0.000   0.000   -11.000   
-657.195   -657.195   0.000   0.000   0.000   -11.000   
-657.195   -657.195   0.000   0.000   0.000   -11.000   
-657.195   -657.195   0.000   0.000   0.000   -11.000   
-657.195   -657.195   0.000   0.000   0.000   -11.000   
-657.195   -657.195   0.000   0.000   0.000   -11.000   
-657.195   -657.195   0.000   0.000   0.000   -10.000   
-657.195   -657.195   0.000   0.000   0.000   -11.000   
-657.195   -657.195   0.000   0.000   0.000   -11.000   
-657.195   -657.195   0.000   0.000   0.000   -10.000   
-657.195   -657.195   0.000   0.000   0.000   -11.000   
-657.195   -657.195   0.000   0.000   0.000   -11.000   
-657.195   -657.195   0.000   0.000   0.000   -11.000   
-657.195   -657.195   0.000   0.000   0.000   -10.000   
-657.195   -657.195   0.000   0.000   0.000   -11.000   
-657.195   -657.195   0.000   0.000   0.000   -10.000   
-657.195   -657.195   0.000   0.000   0.000   -9.000   
-657.195   -657.195   0.000   0.000   0.000   -10.000   
-657.195   -657.195   0.000   0.000   0.000   -9.000   
-657.195   -657.195   0.000   0.000   0.000   -10.000   
-657.195   -657.195   0.000   0.000   0.000   -10.000   
-657.195   -657.195   0.000   0.000   0.000   -10.000   
-657.195   -657.195   0.000   0.000   0.000   -3.000   
-657.195   -657.195   0.000   0.000   0.000   -4.000   
-657.195   -657.195   0.000   0.000   0.000   -4.000   
-657.195   -657.195   0.000   0.000   0.000   -2.000   
-657.195   -657.195   0.000   0.000   0.000   -2.000   
-657.195   -657.195   0.000   0.000   0.000   -2.000   
-657.195   -657.195   0.000   0.000   0.000   -3.000   
-657.195   -657.195   0.000   0.000   0.000   -2.000   
-657.195   -657.195   0.000   0.000   0.000   -3.000   
-657.195   -657.195   0.000   0.000   0.000   -3.000   
-657.195   -657.195   0.000   0.000   0.000   -3.000   
-657.195   -657.195   0.000   0.000   0.000   -4.000   
-657.195   -657.195   0.000   0.000   0.000   -3.000   
-657.195   -657.195   0.000   0.000   0.000   -2.000   
-657.195   -657.195   0.000   0.000   0.000   -3.000   
-657.195   -657.195   0.000   0.000   0.000   -3.000   
-657.195   -657.195   0.000   0.000   0.000   -4.000   
-657.195   -657.195   0.000   0.000   0.000   -2.000   
-657.195   -657.195   0.000   0.000   0.000   -3.000   
-657.195   -657.195   0.000   0.000   0.000   -3.000   
-657.195   -657.195   0.000   0.000   0.000   -3.000   
-657.195   -657.195   0.000   0.000   0.000   -4.000   
-657.195   -657.195   0.000   0.000   0.000   -2.000   
-657.195   -657.195   0.000   0.000   0.000   -4.000   
-657.195   -657.195   0.000   0.000   0.000   -3.000   
-657.195   -657.195   0.000   0.000   0.000   -2.000   
-657.195   -657.195   0.000   0.000   0.000   -2.000   
-657.195   -657.195   0.000   0.000   0.000   -2.000   
-657.195   -657.195   0.000   0.000   0.000   -3.000   
-657.195   -657.195   0.000   0.000   0.000   -3.000   
-657.195   -657.195   0.000   0.000   0.000   -4.000   
-657.195   -657.195   0.000   0.000   0.000   -2.000   
-657.195   -657.195   0.000   0.000   0.000   -3.000   
-657.195   -657.195   0.000   0.000   0.000   -4.000   
-657.195   -657.195   0.000   0.000   0.000   -2.000   
-657.195   -657.195   0.000   0.000   0.000   -2.000   
-657.195   -657.195   0.000   0.000   0.000   -3.000   
-657.195   -657.195   0.000   0.000   0.000   -3.000   
-657.195   -657.195   0.000   0.000   0.000   -3.000   
-657.195   -657.195   0.000   0.000   0.000   -3.000   
-657.195   -657.195   0.000   0.000   0.000   -3.000   
-657.195   -657.195   0.000   0.000   0.000   -3.000   
-657.195   -657.195   0.000   0.000   0.000   -2.000   
-657.195   -657.195   0.000   0.000   0.000   -3.000   
-657.195   -657.195   0.000   0.000   0.000   -3.000   
-657.195   -657.195   0.000   0.000   0.000   -3.000   
-657.195   -657.195   0.000   0.000   0.000   -3.000   
-657.195   -657.195   0.000   0.000   0.000   -2.000   
-657.195   -657.195   0.000   0.000   0.000   -3.000   
-657.195   -657.195   0.000   0.000   0.000   -3.000   
-657.195   -657.195   0.000   0.000   0.000   -3.000   
-657.195   -657.195   0.000   0.000   0.000   -3.000   
-657.195   -657.195   0.000   0.000   0.000   -3.000   
-657.195   -657.195   0.000   0.000   0.000   -2.000   
-657.195   -657.195   0.000   0.000   0.000   -3.000   
-657.195   -657.195   0.000   0.000   0.000   -3.000   
-657.195   -657.195   0.000   0.000   0.000   -2.000   
-657.195   -657.195   0.000   0.000   0.000   -3.000   
-657.195   -657.195   0.000   0.000   0.000   -3.000   
-657.195   -657.195   0.000   0.000   0.000   -3.000   
-657.195   -657.195   0.000   0.000   0.000   -3.000   
-657.195   -657.195   0.000   0.000   0.000   -3.000   
-657.195   -657.195   0.000   0.000   0.000   -3.000   
-657.195   -657.195   0.000   0.000   0.000   -4.000   
-657.195   -657.195   0.000   0.000   0.000   -3.000   
-657.195   -657.195   0.000   0.000   0.000   -4.000   
-657.195   -657.195   0.000   0.000   0.000   -3.000   
-657.195   -657.195   0.000   0.000   0.000   -4.000   
-657.195   -657.195   0.000   0.000   0.000   -3.000   
-657.195   -657.195   0.000   0.000   0.000   -4.000   
-657.195   -657.195   0.000   0.000   0.000   -3.000   
-657.195   -657.195   0.000   0.000   0.000   -4.000   
-657.195   -657.195   0.000   0.000   0.000   -3.000   
-657.195   -657.195   0.000   0.000   0.000   -3.000   
-657.195   -657.195   0.000   0.000   0.000   -3.000   
-657.195   -657.195   0.000   0.000   0.000   -3.000   
-657.195   -657.195   0.000   0.000   0.000   -3.000   
-657.195   -657.195   0.000   0.000   0.000   -4.000   
-657.195   -657.195   0.000   0.000   0.000   -3.000   
-657.195   -657.195   0.000   0.000   0.000   -3.000   
-657.195   -657.195   0.000   0.000   0.000   -4.000   
-657.195   -657.195   0.000   0.000   0.000   -3.000   
-657.195   -657.195   0.000   0.000   0.000   -3.000   
-657.195   -657.195   0.000   0.000   0.000   -3.000   
-657.195   -657.195   0.000   0.000   0.000   -4.000   
-657.195   -657.195   0.000   0.000   0.000   -4.000   
-657.195   -657.195   0.000   0.000   0.000   -4.000   
-657.195   -657.195   0.000   0.000   0.000   -3.000   
-657.195   -657.195   0.000   0.000   0.000   -4.000   
-657.195   -657.195   0.000   0.000   0.000   -3.000   
-657.195   -657.195   0.000   0.000   0.000   -4.000   
-657.195   -657.195   0.000   0.000   0.000   -3.000   
-657.195   -657.195   0.000   0.000   0.000   -3.000   
-657.195   -657.195   0.000   0.000   0.000   -4.000   
-657.195   -657.195   0.000   0.000   0.000   -3.000   
-657.195   -657.195   0.000   0.000   0.000   -3.000   
-657.195   -657.195   0.000   0.000   0.000   -3.000   
-657.195   -657.195   0.000   0.000   0.000   -3.000   
-657.195   -657.195   0.000   0.000   0.000   -3.000   
-657.195   -657.195   0.000   0.000   0.000   -4.000   
-657.195   -657.195   0.000   0.000   0.000   -4.000   
-657.195   -657.195   0.000   0.000   0.000   -3.000   
-657.195   -657.195   0.000   0.000   0.000   -3.000   
-657.195   -657.195   0.000   0.000   0.000   -5.000   
-657.195   -657.195   0.000   0.000   0.000   -3.000   
-657.195   -657.195   0.000   0.000   0.000   -4.000   
-657.195   -657.195   0.000   0.000   0.000   -4.000   
-657.195   -657.195   0.000   0.000   0.000   -4.000   
-657.195   -657.195   0.000   0.000   0.000   -4.000   
-657.195   -657.195   0.000   0.000   0.000   -4.000   
-657.195   -657.195   0.000   0.000   0.000   -4.000   
-657.195   -657.195   0.000   0.000   0.000   -4.000   
-657.195   -657.195   0.000   0.000   0.000   -3.000   
-657.195   -657.195   0.000   0.000   0.000   -4.000   
-657.195   -657.195   0.000   0.000   0.000   -3.000   
-657.195   -657.195   0.000   0.000   0.000   -3.000   
-657.195   -657.195   0.000   0.000   0.000   -4.000   
-657.195   -657.195   0.000   0.000   0.000   -5.000   
-657.195   -657.195   0.000   0.000   0.000   -4.000   
-657.195   -657.195   0.000   0.000   0.000   -4.000   
-657.195   -657.195   0.000   0.000   0.000   -3.000   
-657.195   -657.195   0.000   0.000   0.000   -4.000   
-657.195   -657.195   0.000   0.000   0.000   -2.000   
-657.195   -657.195   0.000   0.000   0.000   -3.000   
-657.195   -657.195   0.000   0.000   0.000   -3.000   
-657.195   -657.195   0.000   0.000   0.000   -3.000   
-657.195   -657.195   0.000   0.000   0.000   4.000   
-657.195   -657.195   0.000   0.000   0.000   5.000   
-657.195   -657.195   0.000   0.000   0.000   4.000   
-657.195   -657.195   0.000   0.000   0.000   4.000   
-657.195   -657.195   0.000   0.000   0.000   5.000   
-657.195   -657.195   0.000   0.000   0.000   4.000   
-657.195   -657.195   0.000   0.000   0.000   4.000   
-657.195   -657.195   0.000   0.000   0.000   4.000   
-657.195   -657.195   0.000   0.000   0.000   -5.000   
-657.195   -657.195   0.000   0.000   0.000   -5.000   
-657.195   -657.195   0.000   0.000   0.000   5.000   
-657.195   -657.195   0.000   0.000   0.000   4.000   
-657.195   -657.195   0.000   0.000   0.000   4.000   
-657.195   -657.195   0.000   0.000   0.000   4.000   
-657.195   -657.195   0.000   0.000   0.000   4.000   
-657.195   -657.195   0.000   0.000   0.000   4.000   
-657.195   -657.195   0.000   0.000   0.000   4.000   
-657.195   -657.195   0.000   0.000   0.000   4.000   
-657.195   -657.195   0.000   0.000   0.000   -4.000   
-657.195   -657.195   0.000   0.000   0.000   5.000   
-657.180   -657.195   0.002   7.500   0.000   4.000   
-657.130   -657.195   0.012   17.705   0.000   4.000   
-656.975   -657.190   0.074   33.330   0.325   53.000   
-656.830   -657.180   0.160   39.995   1.275   -800.000   
-656.580   -657.110   0.325   41.665   14.345   -1895.000   
-656.415   -657.010   0.423   41.665   24.870   -2830.000   
-656.250   -656.860   0.488   41.665   36.465   -2894.000   
-656.000   -656.570   0.473   41.665   47.630   -232.000   
-655.830   -656.365   0.446   41.665   51.100   546.000   
-655.580   -656.080   0.413   41.665   46.945   569.000   
-655.415   -655.910   0.405   41.665   43.615   -583.000   
-655.165   -655.655   0.402   41.665   42.275   -566.000   
-655.000   -655.485   0.401   41.665   42.105   -157.000   
-654.750   -655.235   0.401   41.665   41.725   15.000   
-654.580   -655.070   0.401   41.665   41.715   36.000   
-654.415   -654.905   0.401   41.665   41.635   136.000   
-654.165   -654.655   0.401   41.665   41.655   21.000   
-654.000   -654.490   0.401   41.665   41.545   13.000   
-653.750   -654.235   0.401   41.665   41.625   -40.000   
-653.580   -654.070   0.401   41.665   41.665   21.000   
-653.330   -653.820   0.402   41.665   41.645   -87.000   
-653.165   -653.655   0.401   41.665   41.675   -48.000   
-653.000   -653.405   0.401   41.665   41.675   7.000   
-652.750   -653.235   0.401   41.665   41.685   -41.000   
-652.580   -653.070   0.401   41.665   41.635   -86.000   
-652.330   -652.820   0.401   41.665   41.695   -21.000   
-652.165   -652.655   0.401   41.665   41.665   24.000   
-651.915   -652.405   0.401   41.665   41.655   -28.000   
-651.750   -652.235   0.401   41.665   41.685   6.000   
-651.500   -651.985   0.401   41.665   41.665   -47.000   
-651.330   -651.820   0.401   41.665   41.695   50.000   
-651.165   -651.570   0.401   41.665   41.655   -14.000   
-650.915   -651.405   0.401   41.665   41.655   -7.000   
-650.750   -651.235   0.401   41.665   41.675   -39.000   
-650.500   -650.985   0.401   41.665   41.665   -35.000   
-650.330   -650.820   0.401   41.665   41.675   45.000   
-650.080   -650.570   0.401   41.665   41.635   37.000   
-649.915   -650.405   0.401   41.665   41.675   54.000   
-649.665   -650.155   0.401   41.665   41.665   -14.000   
-649.500   -649.985   0.401   41.665   41.665   -15.000   
-649.330   -649.735   0.401   41.665   41.685   -52.000   
-649.080   -649.570   0.401   41.665   41.655   37.000   
-648.915   -649.405   0.401   41.665   41.675   2.000   
-648.665   -649.155   0.401   41.665   41.655   -21.000   
-648.500   -648.985   0.401   41.665   41.675   42.000   
-648.250   -648.735   0.401   41.665   41.645   -30.000   
-648.080   -648.570   0.401   41.665   41.675   48.000   
-647.830   -648.320   0.401   41.665   41.675   32.000   
-647.665   -648.155   0.401   41.665   41.675   60.000   
-647.500   -647.985   0.401   41.665   41.655   -33.000   
-647.250   -647.735   0.401   41.665   41.685   -3.000   
-647.080   -647.570   0.401   41.665   41.665   -61.000   
-646.830   -647.320   0.401   41.665   41.685   32.000   
-646.665   -647.155   0.401   41.665   41.655   58.000   
-646.415   -646.905   0.401   41.665   41.665   37.000   
-646.250   -646.735   0.401   41.665   41.675   65.000   
-646.080   -646.485   0.401   41.665   41.645   -23.000   
-645.830   -646.320   0.401   41.665   41.685   44.000   
-645.665   -646.155   0.401   41.665   41.665   32.000   
-645.415   -645.905   0.401   41.665   41.665   56.000   
-645.250   -645.735   0.401   41.665   41.665   31.000   
-645.000   -645.485   0.401   41.665   41.685   47.000   
-644.830   -645.320   0.401   41.665   41.655   51.000   
-644.580   -645.070   0.401   41.665   41.685   39.000   
-644.415   -644.905   0.401   41.665   41.675   41.000   
-644.250   -644.655   0.401   41.665   41.675   39.000   
-644.000   -644.485   0.401   41.665   41.655   14.000   
-643.830   -644.320   0.401   41.665   41.665   -35.000   
-643.580   -644.070   0.401   41.665   41.665   19.000   
-643.415   -643.905   0.401   41.665   41.675   25.000   
-643.165   -643.655   0.401   41.665   41.675   41.000   
-643.000   -643.485   0.401   41.665   41.645   -31.000   
-642.750   -643.235   0.401   41.665   41.675   40.000   
-642.580   -643.070   0.401   41.665   41.655   16.000   
-642.415   -642.820   0.401   41.665   41.685   15.000   
-642.165   -642.655   0.401   41.665   41.645   23.000   
-642.000   -642.485   0.401   41.665   41.675   38.000   
-641.750   -642.235   0.401   41.665   41.665   14.000   
-641.580   -642.070   0.401   41.665   41.675   -15.000   
-641.330   -641.820   0.401   41.665   41.675   34.000   
-641.165   -641.655   0.401   41.665   41.655   -20.000   
-640.915   -641.405   0.401   41.665   41.665   19.000   
-640.750   -641.235   0.401   41.665   41.675   -80.000   
-640.580   -641.070   0.401   41.665   41.645   5.000   
-640.330   -640.820   0.401   41.665   41.675   23.000   
-640.165   -640.655   0.401   41.665   41.655   21.000   
-639.915   -640.405   0.401   41.665   41.675   26.000   
-639.750   -640.235   0.401   41.665   41.645   -100.000   
-639.500   -639.985   0.401   41.665   41.665   -15.000   
-639.330   -639.820   0.401   41.665   41.675   -74.000   
-639.080   -639.570   0.401   41.665   41.655   17.000   
-638.915   -639.405   0.401   41.665   41.685   -5.000   
-638.750   -639.235   0.401   41.665   41.655   20.000   
-638.500   -638.985   0.401   41.665   41.665   -70.000   
-638.330   -638.820   0.401   41.665   41.675   14.000   
-638.080   -638.570   0.401   41.665   41.675   25.000   
-637.915   -638.405   0.401   41.665   41.665   -27.000   
-637.665   -638.155   0.401   41.665   41.665   19.000   
-637.500   -637.985   0.401   41.665   41.665   -78.000   
-637.330   -637.735   0.401   41.665   41.665   -20.000   
-637.080   -637.570   0.401   41.665   41.655   -94.000   
-636.915   -637.405   0.401   41.665   41.665   2.000   
-636.665   -637.155   0.401   41.665   41.665   -23.000   
-636.500   -636.985   0.401   41.665   41.675   -75.000   
-636.250   -636.735   0.401   41.665   41.655   -76.000   
-636.080   -636.570   0.401   41.665   41.655   -49.000   
-635.830   -636.320   0.401   41.665   41.675   -7.000   
-635.665   -636.155   0.401   41.665   41.665   -93.000   
-635.500   -635.905   0.401   41.665   41.655   -62.000   
-635.250   -635.735   0.401   41.665   41.685   -81.000   
-635.080   -635.570   0.401   41.665   41.655   -93.000   
-634.830   -635.320   0.401   41.665   41.675   -63.000   
-634.665   -635.155   0.401   41.665   41.655   -57.000   
-634.415   -634.905   0.401   41.665   41.695   -36.000   
-634.250   -634.735   0.401   41.665   41.665   -100.000   
-634.000   -634.485   0.401   41.665   41.655   -105.000   
-633.830   -634.320   0.401   41.665   41.685   -67.000   
-633.665   -634.070   0.401   41.665   41.665   -98.000   
-633.415   -633.905   0.401   41.665   41.665   -60.000   
-633.250   -633.735   0.401   41.665   41.665   -41.000   
-633.000   -633.485   0.401   41.665   41.665   -90.000   
-632.830   -633.320   0.401   41.665   41.675   -19.000   
-632.580   -633.070   0.401   41.665   41.645   -63.000   
-632.415   -632.905   0.401   41.665   41.675   -50.000   
-632.165   -632.655   0.401   41.665   41.675   -81.000   
-632.000   -632.490   0.401   41.665   41.655   -95.000   
-631.830   -632.320   0.401   41.665   41.665   -87.000   
-631.580   -632.070   0.401   41.665   41.655   -27.000   
-631.415   -631.905   0.401   41.665   41.685   -62.000   
-631.165   -631.655   0.401   41.665   41.655   -41.000   
-631.000   -631.485   0.401   41.665   41.675   -65.000   
-630.750   -631.235   0.401   41.665   41.675   -89.000   
-630.580   -631.070   0.401   41.665   41.645   -19.000   
-630.330   -630.820   0.401   41.665   41.685   -54.000   
-630.165   -630.655   0.401   41.665   41.665   -3.000   
-630.000   -630.485   0.401   41.665   41.665   -75.000   
-629.750   -630.235   0.401   41.665   41.675   -48.000   
-629.580   -630.070   0.401   41.665   41.675   -3.000   
-629.330   -629.820   0.401   41.665   41.655   -35.000   
-629.165   -629.655   0.401   41.665   41.675   15.000   
-628.915   -629.405   0.401   41.665   41.675   -55.000   
-628.750   -629.235   0.401   41.665   41.665   -58.000   
-628.580   -628.985   0.401   41.665   41.675   -89.000   
-628.330   -628.820   0.401   41.665   41.665   -15.000   
-628.165   -628.655   0.401   41.665   41.675   -58.000   
-627.915   -628.405   0.401   41.665   41.685   -2.000   
-627.750   -628.235   0.401   41.665   41.655   14.000   
-627.500   -627.985   0.401   41.665   41.665   -50.000   
-627.330   -627.820   0.401   41.665   41.675   -6.000   
-627.080   -627.570   0.401   41.665   41.655   -15.000   
-626.915   -627.405   0.401   41.665   41.665   15.000   
-626.750   -627.155   0.401   41.665   41.655   -59.000   
-626.500   -626.985   0.401   41.665   41.685   -26.000   
-626.330   -626.820   0.401   41.665   41.665   -55.000   
-626.080   -626.570   0.401   41.665   41.675   1.000   
-625.915   -626.405   0.401   41.665   41.665   3.000   
-625.665   -626.155   0.401   41.665   41.675   21.000   
-625.500   -625.985   0.401   41.665   41.655   -36.000   
-625.250   -625.735   0.401   41.665   41.665   -45.000   
-625.080   -625.570   0.401   41.665   41.665   -11.000   
-624.915   -625.320   0.401   41.665   41.675   -32.000   
-624.665   -625.155   0.401   41.665   41.665   27.000   
-624.500   -624.985   0.401   41.665   41.665   -14.000   
-624.250   -624.735   0.401   41.665   41.655   -15.000   
-624.080   -624.570   0.401   41.665   41.675   -21.000   
-623.830   -624.320   0.401   41.665   41.675   -10.000   
-623.665   -624.155   0.401   41.665   41.675   9.000   
-623.415   -623.905   0.401   41.665   41.675   6.000   
-623.250   -623.735   0.401   41.665   41.655   -41.000   
-623.080   -623.570   0.401   41.665   41.685   1.000   
-622.830   -623.320   0.401   41.665   41.655   14.000   
-622.665   -623.155   0.401   41.665   41.665   -20.000   
-622.415   -622.905   0.401   41.665   41.685   -19.000   
-622.250   -622.735   0.401   41.665   41.655   -129.000   
-622.000   -622.485   0.401   41.665   41.665   -14.000   
-621.830   -622.320   0.401   41.665   41.665   -9.000   
-621.665   -622.070   0.401   41.665   41.675   -17.000   
-621.415   -621.905   0.401   41.665   41.675   17.000   
-621.250   -621.735   0.401   41.665   41.665   15.000   
-621.000   -621.485   0.401   41.665   41.665   -66.000   
-620.830   -621.320   0.401   41.665   41.675   -88.000   
-620.580   -621.070   0.401   41.665   41.665   -5.000   
-620.415   -620.905   0.401   41.665   41.675   -24.000   
-620.165   -620.655   0.401   41.665   41.665   -15.000   
-620.000   -620.485   0.401   41.665   41.665   -122.000   
-619.830   -620.235   0.401   41.665   41.645   -10.000   
-619.580   -620.070   0.401   41.665   41.685   -19.000   
-619.415   -619.905   0.401   41.665   41.675   20.000   
-619.165   -619.655   0.401   41.665   41.645   -81.000   
-619.000   -619.485   0.401   41.665   41.665   -103.000   
-618.750   -619.235   0.401   41.665   41.665   -121.000   
-618.580   -619.070   0.401   41.665   41.665   -20.000   
-618.330   -618.820   0.401   41.665   41.665   41.000   
-618.165   -618.655   0.401   41.665   41.665   -9.000   
-618.000   -618.405   0.401   41.665   41.665   48.000   
-617.750   -618.235   0.401   41.665   41.655   -65.000   
-617.580   -618.070   0.401   41.665   41.665   34.000   
-617.330   -617.820   0.401   41.665   41.655   6.000   
-617.165   -617.655   0.401   41.665   41.675   -51.000   
-616.915   -617.405   0.401   41.665   41.675   2.000   
-616.750   -617.235   0.401   41.665   41.675   -41.000   
-616.500   -616.985   0.401   41.665   41.635   -85.000   
-616.330   -616.820   0.401   41.665   41.695   -14.000   
-616.165   -616.655   0.401   41.665   41.645   40.000   
-615.915   -616.405   0.401   41.665   41.675   4.000   
-615.750   -616.235   0.401   41.665   41.675   51.000   
-615.500   -615.985   0.401   41.665   41.645   -73.000   
-615.335   -615.820   0.401   41.665   41.695   -13.000   
-615.085   -615.570   0.400   41.665   41.675   -39.000   
-614.915   -615.405   0.400   41.665   41.625   2.000   
-614.665   -615.155   0.400   41.665   41.410   95.000   
-614.500   -614.990   0.400   41.665   41.360   -581.000   
-614.335   -614.825   0.402   41.665   41.830   -528.000   
-614.085   -614.575   0.402   41.665   41.500   -109.000   
-613.915   -614.405   0.401   41.665   41.920   -143.000   
-613.665   -614.155   0.401   41.665   41.635   52.000   
-613.500   -613.990   0.401   41.665   41.705   45.000   
-613.250   -613.740   0.401   41.665   41.685   61.000   
-613.085   -613.570   0.401   41.665   41.645   -13.000   
-612.915   -613.320   0.401   41.665   41.685   67.000   
-612.665   -613.155   0.401   41.665   41.655   24.000   
-612.500   -612.990   0.401   41.665   41.665   43.000   
-612.250   -612.740   0.401   41.665   41.665   43.000   
-612.085   -612.570   0.401   41.665   41.665   -48.000   
-611.835   -612.320   0.401   41.665   41.655   37.000   
-611.665   -612.155   0.401   41.665   41.675   12.000   
-611.415   -611.905   0.401   41.665   41.645   49.000   
-611.250   -611.740   0.401   41.665   41.685   4.000   
-611.085   -611.490   0.401   41.665   41.665   41.000   
-610.835   -611.320   0.401   41.665   41.665   -56.000   
-610.665   -611.155   0.401   41.665   41.675   35.000   
-610.415   -610.905   0.401   41.665   41.665   37.000   
-610.250   -610.740   0.401   41.665   41.685   20.000   
-610.000   -610.490   0.401   41.665   41.655   24.000   
-609.835   -610.320   0.401   41.665   41.665   -73.000   
-609.585   -610.070   0.401   41.665   41.675   -29.000   
-609.415   -609.905   0.401   41.665   41.665   -72.000   
-609.250   -609.740   0.401   41.665   41.665   18.000   
-609.000   -609.490   0.401   41.665   41.675   8.000   
-608.835   -609.320   0.401   41.665   41.645   20.000   
-608.585   -609.070   0.401   41.665   41.665   -78.000   
-608.415   -608.905   0.401   41.665   41.655   -52.000   
-608.165   -608.655   0.401   41.665   41.675   -15.000   
-608.000   -608.490   0.401   41.665   41.675   -63.000   
-607.750   -608.240   0.401   41.665   41.665   -32.000   
-607.585   -608.070   0.401   41.665   41.675   -54.000   
-607.415   -607.905   0.401   41.665   41.645   -77.000   
-607.165   -607.655   0.401   41.665   41.685   -36.000   
-607.000   -607.490   0.401   41.665   41.655   27.000   
-606.750   -607.240   0.401   41.665   41.675   -24.000   
-606.585   -607.070   0.401   41.665   41.675   -60.000   
-606.335   -606.820   0.401   41.665   41.655   -93.000   
-606.165   -606.655   0.401   41.665   41.655   -52.000   
-605.915   -606.405   0.401   41.665   41.675   -21.000   
-605.750   -606.240   0.401   41.665   41.665   -68.000   
-605.585   -606.070   0.401   41.665   41.655   -30.000   
-605.335   -605.820   0.401   41.665   41.685   -60.000   
-604.915   -605.405   0.401   41.665   41.645   -41.000   
-604.750   -605.240   0.401   41.665   41.675   -33.000   
-604.500   -604.990   0.401   41.665   41.655   -29.000   
-604.335   -604.820   0.401   41.665   41.675   -60.000   
-604.165   -604.570   0.401   41.665   41.675   -72.000   
-603.915   -604.405   0.401   41.665   41.655   -29.000   
-603.750   -604.240   0.401   41.665   41.655   -93.000   
-603.500   -603.990   0.401   41.665   41.675   -43.000   
-603.335   -603.820   0.401   41.665   41.665   -36.000   
-603.085   -603.570   0.401   41.665   41.675   -65.000   
-602.915   -603.405   0.401   41.665   41.655   12.000   
-602.665   -603.155   0.401   41.665   41.675   -46.000   
-602.500   -602.990   0.401   41.665   41.655   -23.000   
-602.335   -602.740   0.401   41.665   41.675   -71.000   
-602.085   -602.570   0.401   41.665   41.645   -33.000   
-601.915   -602.405   0.401   41.665   41.675   -59.000   
-601.665   -602.155   0.401   41.665   41.675   5.000   
-601.500   -601.990   0.401   41.665   41.665   42.000   
-601.250   -601.740   0.401   41.665   41.655   -47.000   
-601.085   -601.575   0.401   41.665   41.655   -77.000   
-600.835   -601.320   0.401   41.665   41.685   -101.000   
-600.665   -601.155   0.401   41.665   41.675   -17.000   
-600.500   -600.990   0.401   41.665   41.675   -67.000   
-600.250   -600.740   0.401   41.665   41.685   4.000   
-600.085   -600.570   0.401   41.665   41.655   -59.000   
-599.835   -600.320   0.401   41.665   41.665   -48.000   
-599.665   -600.155   0.401   41.665   41.675   -3.000   
-599.415   -599.905   0.401   41.665   41.645   -14.000   
-599.250   -599.740   0.401   41.665   41.685   17.000   
-599.000   -599.490   0.401   41.665   41.655   -50.000   
-598.835   -599.320   0.401   41.665   41.685   -3.000   
-598.665   -599.155   0.401   41.665   41.665   -86.000   
-598.415   -598.905   0.401   41.665   41.685   -6.000   
-598.250   -598.740   0.401   41.665   41.675   -23.000   
-598.000   -598.490   0.401   41.665   41.665   19.000   
-597.835   -598.320   0.401   41.665   41.655   -17.000   
-597.585   -598.070   0.401   41.665   41.645   -61.000   
-597.415   -597.905   0.401   41.665   41.685   5.000   
-597.250   -597.655   0.401   41.665   41.665   -18.000   
-597.000   -597.490   0.401   41.665   41.675   20.000   
-596.835   -597.320   0.401   41.665   41.645   -52.000   
-596.585   -597.070   0.401   41.665   41.655   -5.000   
-596.415   -596.905   0.401   41.665   41.685   18.000   
-596.165   -596.655   0.401   41.665   41.665   2.000   
-596.000   -596.490   0.401   41.665   41.665   -7.000   
-595.750   -596.240   0.401   41.665   41.695   22.000   
-595.585   -596.070   0.401   41.665   41.645   -26.000   
-595.415   -595.820   0.401   41.665   41.675   -54.000   
-595.165   -595.655   0.401   41.665   41.675   5.000   
-595.000   -595.490   0.401   41.665   41.665   -15.000   
-594.750   -595.240   0.401   41.665   41.685   23.000   
-594.585   -595.070   0.401   41.665   41.645   -70.000   
-594.335   -594.820   0.401   41.665   41.685   20.000   
-594.165   -594.655   0.401   41.665   41.645   -11.000   
-593.915   -594.405   0.401   41.665   41.665   -6.000   
-593.750   -594.240   0.401   41.665   41.685   4.000   
-593.585   -593.990   0.401   41.665   41.665   16.000   
-593.335   -593.820   0.401   41.665   41.635   -34.000   
-593.165   -593.655   0.401   41.665   41.685   -6.000   
-592.915   -593.405   0.401   41.665   41.675   13.000   
-592.750   -593.240   0.401   41.665   41.665   -51.000   
-592.500   -592.990   0.401   41.665   41.675   -14.000   
-592.335   -592.820   0.401   41.665   41.645   -117.000   
-592.085   -592.570   0.401   41.665   41.635   -24.000   
-591.915   -592.405   0.401   41.665   41.685   -10.000   
-591.750   -592.240   0.401   41.665   41.665   -22.000   
-591.500   -591.990   0.401   41.665   41.675   15.000   
-591.335   -591.820   0.401   41.665   41.645   9.000   
-591.085   -591.570   0.401   41.665   41.665   -66.000   
-590.915   -591.405   0.401   41.665   41.665   -96.000   
-590.665   -591.155   0.401   41.665   41.645   -5.000   
-590.500   -590.990   0.401   41.665   41.685   -27.000   
-590.250   -590.740   0.401   41.665   41.675   -16.000   
-590.085   -590.570   0.401   41.665   41.675   -130.000   
-589.915   -590.405   0.401   41.665   41.645   -19.000   
-589.665   -590.155   0.401   41.665   41.675   -13.000   
-589.500   -589.990   0.401   41.665   41.675   -96.000   
-589.250   -589.740   0.401   41.665   41.675   -40.000   
-589.085   -589.570   0.401   41.665   41.665   -109.000   
-588.835   -589.320   0.401   41.665   41.665   -117.000   
-588.665   -589.155   0.401   41.665   41.675   -62.000   
-588.500   -588.905   0.401   41.665   41.675   12.000   
-588.250   -588.740   0.401   41.665   41.645   -58.000   
-588.085   -588.570   0.401   41.665   41.685   -20.000   
-587.835   -588.320   0.401   41.665   41.655   -125.000   
-587.665   -588.155   0.401   41.665   41.685   -72.000   
-587.415   -587.905   0.401   41.665   41.675   -68.000   
-587.250   -587.740   0.401   41.665   41.645   -67.000   
-587.000   -587.490   0.401   41.665   41.675   -45.000   
-586.835   -587.320   0.401   41.665   41.665   -112.000   
-586.665   -587.070   0.401   41.665   41.655   -108.000   
-586.415   -586.905   0.401   41.665   41.665   -57.000   
-586.250   -586.740   0.401   41.665   41.655   -21.000   
-586.000   -586.490   0.401   41.665   41.675   -38.000   
-585.835   -586.320   0.401   41.665   41.675   -79.000   
-585.585   -586.070   0.401   41.665   41.675   -125.000   
-585.415   -585.905   0.401   41.665   41.655   -77.000   
-585.165   -585.655   0.401   41.665   41.675   -81.000   
-585.000   -585.490   0.401   41.665   41.675   -63.000   
-584.835   -585.320   0.401   41.665   41.655   -48.000   
-584.585   -585.070   0.401   41.665   41.675   -104.000   
-584.415   -584.905   0.401   41.665   41.655   -103.000   
-584.165   -584.655   0.401   41.665   41.675   -16.000   
-584.000   -584.490   0.401   41.665   41.655   -23.000   
-583.750   -584.240   0.401   41.665   41.665   -47.000   
-583.585   -584.070   0.401   41.665   41.665   -18.000   
-583.335   -583.820   0.401   41.665   41.675   -39.000   
-583.165   -583.655   0.401   41.665   41.665   11.000   
-583.000   -583.490   0.401   41.665   41.655   -12.000   
-582.750   -583.240   0.401   41.665   41.665   -21.000   
-582.585   -583.070   0.401   41.665   41.675   10.000   
-582.335   -582.820   0.401   41.665   41.665   -52.000   
-582.165   -582.655   0.401   41.665   41.685   30.000   
-581.915   -582.405   0.401   41.665   41.665   -4.000   
-581.750   -582.240   0.401   41.665   41.665   35.000   
-581.585   -581.990   0.401   41.665   41.675   -12.000   
-581.335   -581.820   0.401   41.665   41.655   -12.000   
-581.165   -581.655   0.401   41.665   41.675   -69.000   
-580.915   -581.405   0.401   41.665   41.665   40.000   
-580.750   -581.240   0.401   41.665   41.685   63.000   
-580.500   -580.990   0.401   41.665   41.625   -36.000   
-580.335   -580.820   0.401   41.665   41.695   45.000   
-580.085   -580.570   0.401   41.665   41.655   -33.000   
-579.915   -580.405   0.401   41.665   41.675   44.000   
-579.750   -580.155   0.401   41.665   41.685   38.000   
-579.500   -579.990   0.401   41.665   41.655   58.000   
-579.335   -579.820   0.401   41.665   41.665   -12.000   
-579.085   -579.570   0.401   41.665   41.665   -11.000   
-578.915   -579.405   0.401   41.665   41.665   43.000   
-578.665   -579.155   0.401   41.665   41.685   37.000   
-578.500   -578.990   0.401   41.665   41.655   56.000   
-578.250   -578.740   0.401   41.665   41.675   41.000   
-578.085   -578.570   0.401   41.665   41.655   63.000   
-577.915   -578.320   0.401   41.665   41.655   -10.000   
-577.665   -578.155   0.401   41.665   41.685   36.000   
-577.500   -577.990   0.401   41.665   41.665   34.000   
-577.250   -577.740   0.401   41.665   41.675   59.000   
-577.085   -577.570   0.401   41.665   41.655   32.000   
-576.835   -577.320   0.401   41.665   41.675   9.000   
-576.665   -577.155   0.401   41.665   41.665   41.000   
-576.415   -576.905   0.401   41.665   41.655   36.000   
-576.250   -576.740   0.401   41.665   41.675   44.000   
-576.085   -576.570   0.401   41.665   41.665   56.000   
-575.835   -576.320   0.401   41.665   41.655   42.000   
-575.665   -576.155   0.401   41.665   41.675   -22.000   
-575.415   -575.905   0.401   41.665   41.645   7.000   
-575.250   -575.740   0.401   41.665   41.695   27.000   
-575.000   -575.490   0.401   41.665   41.665   36.000   
-574.835   -575.320   0.401   41.665   41.655   15.000   
-574.665   -575.070   0.401   41.665   41.675   23.000   
-574.415   -574.905   0.401   41.665   41.655   31.000   
-574.250   -574.740   0.401   41.665   41.685   24.000   
-574.000   -574.490   0.401   41.665   41.655   24.000   
-573.835   -574.320   0.401   41.665   41.665   -77.000   
-573.585   -574.070   0.400   41.665   41.655   15.000   
-573.420   -573.905   0.400   41.665   41.665   17.000   
-573.170   -573.655   0.401   41.665   41.655   293.000   
-573.000   -573.490   0.400   41.665   41.420   188.000   
-572.835   -573.240   0.401   41.665   41.830   554.000   
-572.585   -573.075   0.402   41.665   41.605   -537.000   
-572.420   -572.910   0.402   41.665   41.510   -427.000   
-572.170   -572.660   0.402   41.665   41.930   -184.000   
-572.000   -572.490   0.401   41.665   41.635   39.000   
-571.750   -572.240   0.401   41.665   41.645   -13.000   
-571.585   -572.075   0.401   41.665   41.675   46.000   
-571.335   -571.825   0.401   41.665   41.645   -35.000   
-571.170   -571.655   0.401   41.665   41.675   -35.000   
-571.000   -571.405   0.401   41.665   41.675   -58.000   
-570.750   -571.240   0.401   41.665   41.655   11.000   
-570.585   -571.075   0.401   41.665   41.675   -35.000   
-570.335   -570.825   0.401   41.665   41.665   16.000   
-570.170   -570.655   0.401   41.665   41.655   34.000   
-569.920   -570.405   0.401   41.665   41.665   -32.000   
-569.750   -570.240   0.401   41.665   41.675   18.000   
-569.500   -569.990   0.401   41.665   41.675   8.000   
-569.335   -569.825   0.401   41.665   41.675   38.000   
-569.170   -569.655   0.401   41.665   41.645   -20.000   
-568.920   -569.405   0.401   41.665   41.665   18.000   
-568.750   -569.240   0.401   41.665   41.675   -31.000   
-568.500   -568.990   0.401   41.665   41.655   18.000   
-568.335   -568.825   0.401   41.665   41.685   30.000   
-568.085   -568.575   0.401   41.665   41.685   46.000   
-567.920   -568.405   0.401   41.665   41.655   10.000   
-567.670   -568.160   0.401   41.665   41.655   -56.000   
-567.500   -567.990   0.401   41.665   41.685   23.000   
-567.335   -567.825   0.401   41.665   41.665   -1.000   
-567.085   -567.575   0.401   41.665   41.675   42.000   
-566.920   -567.405   0.401   41.665   41.665   -4.000   
-566.670   -567.155   0.401   41.665   41.665   9.000   
-566.500   -566.990   0.401   41.665   41.665   -7.000   
-566.250   -566.740   0.401   41.665   41.665   -4.000   
-566.085   -566.575   0.401   41.665   41.685   5.000   
-565.920   -566.325   0.401   41.665   41.655   21.000   
-565.670   -566.155   0.401   41.665   41.655   -20.000   
-565.500   -565.990   0.401   41.665   41.675   -49.000   
-565.250   -565.740   0.401   41.665   41.665   8.000   
-565.085   -565.575   0.401   41.665   41.665   -7.000   
-564.835   -565.325   0.401   41.665   41.675   18.000   
-564.670   -565.155   0.401   41.665   41.645   -68.000   
-564.420   -564.905   0.401   41.665   41.675   13.000   
-564.250   -564.740   0.401   41.665   41.655   -7.000   
-564.085   -564.490   0.401   41.665   41.675   -3.000   
-563.835   -564.325   0.401   41.665   41.675   3.000   
-563.670   -564.155   0.401   41.665   41.645   19.000   
-563.420   -563.905   0.401   41.665   41.635   -19.000   
-563.250   -563.740   0.401   41.665   41.695   -17.000   
-563.000   -563.490   0.401   41.665   41.655   14.000   
-562.835   -563.325   0.401   41.665   41.665   -48.000   
-562.585   -563.075   0.401   41.665   41.655   -4.000   
-562.420   -562.905   0.401   41.665   41.685   -101.000   
-562.250   -562.655   0.401   41.665   41.645   -28.000   
-562.000   -562.490   0.401   41.665   41.675   -5.000   
-561.835   -562.325   0.401   41.665   41.665   -7.000   
-561.585   -562.075   0.401   41.665   41.665   -3.000   
-561.420   -561.905   0.401   41.665   41.675   -92.000   
-561.170   -561.655   0.401   41.665   41.645   -61.000   
-561.000   -561.490   0.401   41.665   41.675   -79.000   
-560.750   -561.240   0.401   41.665   41.655   -12.000   
-560.585   -561.075   0.401   41.665   41.665   -35.000   
-560.420   -560.905   0.401   41.665   41.685   5.000   
-560.170   -560.655   0.401   41.665   41.655   -95.000   
-560.000   -560.490   0.401   41.665   41.665   -37.000   
-559.750   -560.240   0.401   41.665   41.685   -19.000   
-559.585   -560.075   0.401   41.665   41.665   -108.000   
-559.335   -559.825   0.401   41.665   41.665   -45.000   
-559.170   -559.655   0.401   41.665   41.665   -85.000   
-558.920   -559.405   0.401   41.665   41.665   -111.000   
-558.750   -559.240   0.401   41.665   41.655   -47.000   
-558.585   -559.075   0.401   41.665   41.665   -3.000   
-558.335   -558.825   0.401   41.665   41.665   -32.000   
-558.170   -558.655   0.401   41.665   41.665   -82.000   
-557.920   -558.405   0.401   41.665   41.655   -122.000   
-557.750   -558.240   0.401   41.665   41.655   -63.000   
-557.500   -557.990   0.401   41.665   41.685   -77.000   
-557.335   -557.825   0.401   41.665   41.645   -89.000   
-557.170   -557.575   0.401   41.665   41.675   -51.000   
-556.920   -557.405   0.401   41.665   41.665   -115.000   
-556.750   -557.240   0.401   41.665   41.665   -104.000   
-556.500   -556.990   0.401   41.665   41.675   -54.000   
-556.335   -556.825   0.401   41.665   41.645   -64.000   
-556.085   -556.575   0.401   41.665   41.655   -97.000   
-555.920   -556.405   0.401   41.665   41.665   -71.000   
-555.670   -556.155   0.401   41.665   41.665   -105.000   
-555.500   -555.990   0.401   41.665   41.685   -21.000   
-555.335   -555.740   0.401   41.665   41.655   -43.000   
-555.085   -555.575   0.401   41.665   41.675   -48.000   
-554.920   -555.405   0.401   41.665   41.645   -77.000   
-554.670   -555.155   0.401   41.665   41.665   -93.000   
-554.500   -554.990   0.401   41.665   41.685   -33.000   
-554.250   -554.740   0.401   41.665   41.665   -57.000   
-554.085   -554.575   0.401   41.665   41.665   -56.000   
-553.835   -554.325   0.401   41.665   41.665   -120.000   
-553.670   -554.155   0.401   41.665   41.675   -60.000   
-553.500   -553.990   0.401   41.665   41.665   -97.000   
-553.250   -553.740   0.401   41.665   41.655   -15.000   
-553.085   -553.575   0.401   41.665   41.675   -57.000   
-552.835   -553.325   0.401   41.665   41.655   -75.000   
-552.670   -553.155   0.401   41.665   41.665   -45.000   
-552.420   -552.905   0.401   41.665   41.675   -83.000   
-552.250   -552.740   0.401   41.665   41.635   -55.000   
-552.000   -552.490   0.401   41.665   41.695   -52.000   
-551.835   -552.325   0.401   41.665   41.655   -4.000   
-551.670   -552.155   0.401   41.665   41.675   -80.000   
-551.420   -551.905   0.401   41.665   41.685   -57.000   
-551.250   -551.740   0.401   41.665   41.655   -85.000   
-551.000   -551.490   0.401   41.665   41.685   -5.000   
-550.835   -551.325   0.401   41.665   41.655   16.000   
-550.585   -551.075   0.401   41.665   41.665   -67.000   
-550.420   -550.905   0.401   41.665   41.665   -23.000   
-550.250   -550.655   0.401   41.665   41.665   -72.000   
-550.000   -550.490   0.401   41.665   41.675   -8.000   
-549.835   -550.325   0.401   41.665   41.675   21.000   
-549.585   -550.075   0.401   41.665   41.675   57.000   
-549.420   -549.905   0.401   41.665   41.665   30.000   
-549.170   -549.655   0.401   41.665   41.665   -10.000   
-549.000   -549.490   0.401   41.665   41.675   36.000   
-548.750   -549.240   0.401   41.665   41.655   35.000   
-548.585   -549.075   0.401   41.665   41.685   62.000   
-548.420   -548.825   0.401   41.665   41.655   37.000   
-548.170   -548.655   0.401   41.665   41.675   60.000   
-548.000   -548.490   0.401   41.665   41.655   -15.000   
-547.750   -548.240   0.401   41.665   41.665   42.000   
-547.585   -548.075   0.401   41.665   41.685   49.000   
-547.335   -547.825   0.401   41.665   41.665   64.000   
-547.170   -547.655   0.401   41.665   41.645   12.000   
-546.920   -547.405   0.401   41.665   41.685   46.000   
-546.750   -547.240   0.401   41.665   41.665   55.000   
-546.585   -546.990   0.401   41.665   41.675   43.000   
-546.335   -546.825   0.401   41.665   41.665   43.000   
-546.170   -546.655   0.401   41.665   41.665   55.000   
-545.920   -546.405   0.401   41.665   41.655   38.000   
-545.750   -546.240   0.401   41.665   41.665   36.000   
-545.500   -545.990   0.401   41.665   41.675   43.000   
-545.335   -545.825   0.401   41.665   41.665   45.000   
-545.085   -545.575   0.401   41.665   41.665   56.000   
-544.920   -545.405   0.401   41.665   41.665   37.000   
-544.750   -545.240   0.401   41.665   41.685   47.000   
-544.500   -544.990   0.401   41.665   41.645   52.000   
-544.335   -544.825   0.401   41.665   41.665   42.000   
-544.085   -544.575   0.401   41.665   41.675   45.000   
-543.920   -544.405   0.401   41.665   41.665   -57.000   
-543.670   -544.155   0.401   41.665   41.665   34.000   
-543.500   -543.990   0.401   41.665   41.665   35.000   
-543.250   -543.740   0.401   41.665   41.665   40.000   
-543.085   -543.575   0.401   41.665   41.685   47.000   
-542.920   -543.405   0.401   41.665   41.655   56.000   
-542.670   -543.155   0.401   41.665   41.655   5.000   
-542.500   -542.990   0.401   41.665   41.665   62.000   
-542.250   -542.740   0.401   41.665   41.655   32.000   
-542.085   -542.575   0.401   41.665   41.675   11.000   
-541.835   -542.325   0.401   41.665   41.655   47.000   
-541.670   -542.155   0.401   41.665   41.665   -69.000   
-541.500   -541.905   0.401   41.665   41.665   33.000   
-541.250   -541.740   0.401   41.665   41.675   -17.000   
-541.085   -541.575   0.401   41.665   41.665   37.000   
-540.835   -541.325   0.401   41.665   41.665   -10.000   
-540.670   -541.155   0.401   41.665   41.675   -59.000   
-540.420   -540.905   0.401   41.665   41.675   -72.000   
-540.250   -540.740   0.401   41.665   41.645   -47.000   
-540.000   -540.490   0.401   41.665   41.675   20.000   
-539.835   -540.325   0.401   41.665   41.665   2.000   
-539.670   -540.075   0.401   41.665   41.685   31.000   
-539.420   -539.905   0.401   41.665   41.645   -103.000   
-539.250   -539.740   0.401   41.665   41.665   -15.000   
-539.000   -539.490   0.401   41.665   41.675   -77.000   
-538.835   -539.325   0.401   41.665   41.675   -43.000   
-538.585   -539.075   0.401   41.665   41.685   13.000   
-538.420   -538.905   0.401   41.665   41.655   -83.000   
-538.170   -538.655   0.401   41.665   41.665   -79.000   
-538.000   -538.490   0.401   41.665   41.675   -47.000   
-537.835   -538.240   0.401   41.665   41.655   4.000   
-537.585   -538.075   0.401   41.665   41.675   -68.000   
-537.420   -537.905   0.401   41.665   41.645   -31.000   
-537.170   -537.655   0.401   41.665   41.685   -54.000   
-537.000   -537.490   0.401   41.665   41.675   22.000   
-536.750   -537.240   0.401   41.665   41.655   -63.000   
-536.585   -537.075   0.401   41.665   41.665   -31.000   
-536.335   -536.825   0.401   41.665   41.665   -13.000   
-536.170   -536.655   0.401   41.665   41.675   -71.000   
-536.000   -536.490   0.401   41.665   41.685   -78.000   
-535.750   -536.240   0.401   41.665   41.665   -44.000   
-535.585   -536.075   0.401   41.665   41.675   -67.000   
-535.335   -535.825   0.401   41.665   41.665   -45.000   
-535.170   -535.655   0.401   41.665   41.655   -29.000   
-534.920   -535.405   0.401   41.665   41.665   -65.000   
-534.750   -535.240   0.401   41.665   41.665   12.000   
-534.585   -534.990   0.401   41.665   41.675   -34.000   
-534.335   -534.825   0.401   41.665   41.655   -36.000   
-534.170   -534.655   0.401   41.665   41.655   2.000   
-533.920   -534.405   0.401   41.665   41.665   -72.000   
-533.750   -534.240   0.401   41.665   41.665   12.000   
-533.500   -533.990   0.401   41.665   41.675   -47.000   
-533.335   -533.825   0.401   41.665   41.665   20.000   
-533.085   -533.575   0.401   41.665   41.655   -28.000   
-532.920   -533.405   0.401   41.665   41.665   -37.000   
-532.750   -533.155   0.401   41.665   41.675   -85.000   
-532.500   -532.990   0.401   41.665   41.665   -18.000   
-532.335   -532.825   0.401   41.665   41.675   -71.000   
-532.085   -532.575   0.401   41.665   41.675   -52.000   
-531.920   -532.405   0.400   41.665   41.675   -3.000   
-531.670   -532.160   0.399   41.665   41.645   -90.000   
-531.505   -531.990   0.401   41.665   41.665   269.000   
-531.255   -531.745   0.401   41.665   41.340   115.000   
-531.085   -531.575   0.401   41.665   41.830   524.000   
-530.920   -531.325   0.402   41.665   41.605   572.000   
-530.670   -531.160   0.401   41.665   41.510   -395.000   
-530.505   -530.995   0.401   41.665   41.930   -51.000   
-530.255   -530.740   0.401   41.665   41.705   -69.000   
-530.085   -530.575   0.401   41.665   41.645   -59.000   
-529.835   -530.325   0.401   41.665   41.665   -19.000   
-529.670   -530.160   0.401   41.665   41.665   -115.000   
-529.420   -529.910   0.401   41.665   41.665   -49.000   
-529.255   -529.740   0.401   41.665   41.675   -71.000   
-529.085   -529.575   0.401   41.665   41.635   -112.000   
-528.835   -529.325   0.401   41.665   41.695   -64.000   
-528.670   -529.160   0.401   41.665   41.645   2.000   
-528.420   -528.910   0.401   41.665   41.675   -45.000   
-528.255   -528.740   0.401   41.665   41.675   -76.000   
-528.005   -528.490   0.401   41.665   41.645   -100.000   
-527.835   -528.325   0.401   41.665   41.695   -50.000   
-527.585   -528.075   0.401   41.665   41.685   -83.000   
-527.420   -527.910   0.401   41.665   41.645   -74.000   
-527.255   -527.740   0.401   41.665   41.675   -18.000   
-527.005   -527.490   0.401   41.665   41.665   -88.000   
-526.835   -527.325   0.401   41.665   41.685   -104.000   
-526.585   -527.075   0.401   41.665   41.635   -81.000   
-526.420   -526.910   0.401   41.665   41.685   -62.000   
-526.170   -526.660   0.401   41.665   41.665   -107.000   
-526.005   -526.490   0.401   41.665   41.665   -67.000   
-525.835   -526.240   0.401   41.665   41.675   -89.000   
-525.585   -526.075   0.401   41.665   41.645   -12.000   
-525.420   -525.910   0.401   41.665   41.695   -52.000   
-525.170   -525.660   0.401   41.665   41.645   -66.000   
-525.005   -525.490   0.401   41.665   41.665   -50.000   
-524.755   -525.240   0.401   41.665   41.665   -96.000   
-524.585   -525.075   0.401   41.665   41.655   -7.000   
-524.335   -524.825   0.401   41.665   41.685   -56.000   
-524.170   -524.660   0.401   41.665   41.665   9.000   
-524.005   -524.410   0.401   41.665   41.645   -103.000   
-523.755   -524.240   0.401   41.665   41.685   -61.000   
-523.585   -524.075   0.401   41.665   41.655   -111.000   
-523.335   -523.825   0.401   41.665   41.695   -18.000   
-523.170   -523.660   0.401   41.665   41.655   19.000   
-522.920   -523.410   0.401   41.665   41.665   -65.000   
-522.755   -523.240   0.401   41.665   41.665   -47.000   
-522.505   -522.990   0.401   41.665   41.665   -98.000   
-522.335   -522.825   0.401   41.665   41.685   -21.000   
-522.170   -522.575   0.401   41.665   41.655   -44.000   
-521.920   -522.410   0.401   41.665   41.665   5.000   
-521.755   -522.240   0.401   41.665   41.675   -75.000   
-521.505   -521.990   0.401   41.665   41.655   -63.000   
-521.335   -521.825   0.401   41.665   41.665   -26.000   
-521.085   -521.575   0.401   41.665   41.655   -13.000   
-520.920   -521.410   0.401   41.665   41.685   21.000   
-520.670   -521.160   0.401   41.665   41.655   -75.000   
-520.505   -520.990   0.401   41.665   41.685   -20.000   
-520.335   -520.825   0.401   41.665   41.655   -62.000   
-520.085   -520.575   0.401   41.665   41.665   -18.000   
-519.920   -520.410   0.401   41.665   41.685   -17.000   
-519.670   -520.160   0.401   41.665   41.655   17.000   
-519.505   -519.990   0.401   41.665   41.655   -7.000   
-519.255   -519.740   0.401   41.665   41.675   -62.000   
-519.085   -519.575   0.401   41.665   41.675   -21.000   
-518.835   -519.325   0.401   41.665   41.665   -30.000   
-518.670   -519.160   0.401   41.665   41.655   21.000   
-518.505   -518.990   0.401   41.665   41.665   -20.000   
-518.255   -518.740   0.401   41.665   41.675   15.000   
-518.085   -518.575   0.401   41.665   41.655   -31.000   
-517.835   -518.325   0.401   41.665   41.675   -8.000   
-517.670   -518.160   0.401   41.665   41.675   8.000   
-517.420   -517.910   0.401   41.665   41.675   20.000   
-517.255   -517.740   0.401   41.665   41.655   -21.000   
-517.085   -517.490   0.401   41.665   41.675   -23.000   
-516.835   -517.325   0.401   41.665   41.665   9.000   
-516.670   -517.160   0.401   41.665   41.655   -10.000   
-516.420   -516.910   0.401   41.665   41.675   15.000   
-516.255   -516.740   0.401   41.665   41.645   -111.000   
-516.005   -516.490   0.401   41.665   41.675   -29.000   
-515.835   -516.325   0.401   41.665   41.655   -21.000   
-515.585   -516.075   0.401   41.665   41.665   38.000   
-515.420   -515.910   0.401   41.665   41.685   51.000   
-515.255   -515.660   0.401   41.665   41.655   59.000   
-515.005   -515.490   0.401   41.665   41.665   -7.000   
-514.835   -515.325   0.401   41.665   41.665   62.000   
-514.585   -515.075   0.401   41.665   41.645   32.000   
-514.420   -514.910   0.401   41.665   41.695   26.000   
-514.170   -514.660   0.401   41.665   41.655   47.000   
-514.005   -514.490   0.401   41.665   41.665   -54.000   
-513.755   -514.240   0.401   41.665   41.635   25.000   
-513.585   -514.075   0.401   41.665   41.675   36.000   
-513.420   -513.910   0.401   41.665   41.675   33.000   
-513.170   -513.660   0.401   41.665   41.665   47.000   
-513.005   -513.490   0.401   41.665   41.665   58.000   
-512.755   -513.240   0.401   41.665   41.665   -10.000   
-512.585   -513.075   0.401   41.665   41.675   -47.000   
-512.335   -512.825   0.401   41.665   41.655   22.000   
-512.170   -512.660   0.401   41.665   41.665   23.000   
-511.920   -512.410   0.401   41.665   41.675   41.000   
-511.755   -512.240   0.401   41.665   41.665   -47.000   
-511.585   -512.075   0.401   41.665   41.665   42.000   
-511.335   -511.825   0.401   41.665   41.665   14.000   
-511.170   -511.660   0.401   41.665   41.665   51.000   
-510.920   -511.410   0.401   41.665   41.685   11.000   
-510.755   -511.240   0.401   41.665   41.665   -50.000   
-510.505   -510.990   0.401   41.665   41.665   -54.000   
-510.335   -510.825   0.401   41.665   41.675   -19.000   
-510.170   -510.575   0.401   41.665   41.665   38.000   
-509.920   -510.410   0.401   41.665   41.685   18.000   
-509.755   -510.240   0.401   41.665   41.655   44.000   
-509.505   -509.990   0.401   41.665   41.665   -50.000   
-509.335   -509.825   0.401   41.665   41.665   -29.000   
-509.085   -509.575   0.401   41.665   41.665   -60.000   
-508.920   -509.410   0.401   41.665   41.665   -13.000   
-508.670   -509.160   0.401   41.665   41.675   20.000   
-508.505   -508.990   0.401   41.665   41.645   -76.000   
-508.335   -508.740   0.401   41.665   41.665   -68.000   
-508.085   -508.575   0.401   41.665   41.655   -34.000   
-507.920   -508.410   0.401   41.665   41.675   2.000   
-507.670   -508.160   0.401   41.665   41.675   -42.000   
-507.505   -507.990   0.401   41.665   41.665   -26.000   
-507.255   -507.740   0.401   41.665   41.675   -38.000   
-507.085   -507.575   0.401   41.665   41.655   30.000   
-506.835   -507.325   0.401   41.665   41.675   -43.000   
-506.670   -507.160   0.401   41.665   41.655   -24.000   
-506.505   -506.910   0.401   41.665   41.665   -8.000   
-506.255   -506.740   0.401   41.665   41.675   -62.000   
-506.085   -506.575   0.401   41.665   41.645   -101.000   
-505.835   -506.325   0.401   41.665   41.665   -46.000   
-505.670   -506.160   0.401   41.665   41.685   21.000   
-505.420   -505.910   0.401   41.665   41.655   -47.000   
-505.255   -505.740   0.401   41.665   41.675   -38.000   
-505.005   -505.490   0.401   41.665   41.675   -78.000   
-504.835   -505.325   0.401   41.665   41.675   20.000   
-504.670   -505.160   0.401   41.665   41.665   -44.000   
-504.420   -504.910   0.401   41.665   41.675   -24.000   
-504.255   -504.740   0.401   41.665   41.665   -71.000   
-504.005   -504.490   0.401   41.665   41.675   -39.000   
-503.835   -504.325   0.401   41.665   41.665   26.000   
-503.585   -504.075   0.401   41.665   41.655   17.000   
-503.420   -503.910   0.401   41.665   41.655   33.000   
-503.255   -503.660   0.401   41.665   41.675   -30.000   
-503.005   -503.490   0.401   41.665   41.665   -43.000   
-502.835   -503.325   0.401   41.665   41.675   -64.000   
-502.585   -503.075   0.401   41.665   41.665   16.000   
-502.420   -502.910   0.401   41.665   41.675   36.000   
-502.170   -502.660   0.401   41.665   41.665   -32.000   
-502.005   -502.490   0.401   41.665   41.665   16.000   
-501.755   -502.240   0.401   41.665   41.645   -33.000   
-501.585   -502.075   0.401   41.665   41.675   23.000   
-501.420   -501.825   0.401   41.665   41.675   3.000   
-501.170   -501.660   0.401   41.665   41.675   44.000   
-501.005   -501.490   0.401   41.665   41.655   -30.000   
-500.755   -501.240   0.401   41.665   41.665   -53.000   
-500.585   -501.075   0.401   41.665   41.675   20.000   
-500.335   -500.825   0.401   41.665   41.675   6.000   
-500.170   -500.660   0.401   41.665   41.675   42.000   
-499.920   -500.410   0.401   41.665   41.665   23.000   
-499.755   -500.240   0.401   41.665   41.675   38.000   
-499.585   -499.990   0.401   41.665   41.655   -33.000   
-499.335   -499.825   0.401   41.665   41.675   21.000   
-499.170   -499.660   0.401   41.665   41.675   4.000   
-498.920   -499.410   0.401   41.665   41.685   47.000   
-498.755   -499.240   0.401   41.665   41.655   10.000   
-498.505   -498.990   0.401   41.665   41.685   20.000   
-498.335   -498.825   0.401   41.665   41.665   12.000   
-498.085   -498.575   0.401   41.665   41.685   2.000   
-497.920   -498.410   0.401   41.665   41.675   -4.000   
-497.755   -498.160   0.401   41.665   41.675   16.000   
-497.505   -497.990   0.401   41.665   41.645   -14.000   
-497.335   -497.825   0.401   41.665   41.675   -67.000   
-497.085   -497.575   0.401   41.665   41.685   2.000   
-496.920   -497.410   0.401   41.665   41.665   1.000   
-496.670   -497.160   0.401   41.665   41.675   25.000   
-496.505   -496.990   0.401   41.665   41.645   -63.000   
-496.255   -496.740   0.401   41.665   41.665   10.000   
-496.085   -496.575   0.401   41.665   41.675   -3.000   
-495.920   -496.410   0.401   41.665   41.665   4.000   
-495.670   -496.160   0.401   41.665   41.665   -5.000   
-495.505   -495.990   0.401   41.665   41.655   15.000   
-495.085   -495.575   0.401   41.665   41.685   -21.000   
-494.835   -495.325   0.401   41.665   41.675   15.000   
-494.670   -495.160   0.401   41.665   41.645   -62.000   
-494.505   -494.910   0.401   41.665   41.675   4.000   
-494.255   -494.740   0.401   41.665   41.655   -106.000   
-494.085   -494.575   0.401   41.665   41.665   -15.000   
-493.835   -494.325   0.401   41.665   41.665   0.000   
-493.670   -494.160   0.401   41.665   41.665   -56.000   
-493.420   -493.910   0.401   41.665   41.685   10.000   
-493.255   -493.740   0.401   41.665   41.665   -90.000   
-493.005   -493.490   0.401   41.665   41.635   -61.000   
-492.835   -493.325   0.401   41.665   41.685   -87.000   
-492.670   -493.075   0.401   41.665   41.665   -10.000   
-492.420   -492.910   0.401   41.665   41.675   -36.000   
-492.255   -492.740   0.401   41.665   41.675   1.000   
-492.005   -492.490   0.401   41.665   41.655   -95.000   
-491.835   -492.325   0.401   41.665   41.685   -56.000   
-491.585   -492.075   0.401   41.665   41.685   -3.000   
-491.420   -491.910   0.401   41.665   41.665   -48.000   
-491.170   -491.660   0.401   41.665   41.675   7.000   
-491.005   -491.490   0.401   41.665   41.645   -98.000   
-490.835   -491.240   0.401   41.665   41.685   -46.000   
-490.585   -491.075   0.401   41.665   41.655   -103.000   
-490.420   -490.910   0.401   41.665   41.665   -7.000   
-490.170   -490.660   0.400   41.665   41.675   -47.000   
-490.005   -490.490   0.399   41.665   41.665   -94.000   
-489.755   -490.245   0.400   41.665   41.410   -388.000   
-489.590   -490.080   0.401   41.665   41.340   143.000   
-489.340   -489.830   0.403   41.665   41.830   -39.000   
-489.170   -489.660   0.402   41.665   41.605   531.000   
-489.005   -489.495   0.401   41.665   41.510   436.000   
-488.755   -489.245   0.401   41.665   41.615   -2.000   
-488.590   -489.075   0.401   41.665   41.695   -23.000   
-488.340   -488.825   0.401   41.665   41.665   13.000   
-488.170   -488.660   0.401   41.665   41.655   -28.000   
-487.920   -488.410   0.401   41.665   41.655   -22.000   
-487.755   -488.245   0.401   41.665   41.695   10.000   
-487.505   -487.995   0.401   41.665   41.655   17.000   
-487.340   -487.825   0.401   41.665   41.655   -18.000   
-487.170   -487.660   0.401   41.665   41.675   -19.000   
-486.920   -487.410   0.401   41.665   41.665   -13.000   
-486.755   -487.245   0.401   41.665   41.665   10.000   
-486.505   -486.995   0.401   41.665   41.665   7.000   
-486.340   -486.825   0.401   41.665   41.665   -81.000   
-486.090   -486.575   0.401   41.665   41.665   -24.000   
-485.920   -486.410   0.401   41.665   41.665   -26.000   
-485.755   -486.160   0.401   41.665   41.675   3.000   
-485.505   -485.995   0.401   41.665   41.675   8.000   
-485.340   -485.825   0.401   41.665   41.635   15.000   
-485.090   -485.575   0.401   41.665   41.655   -64.000   
-484.920   -485.410   0.401   41.665   41.685   -112.000   
-484.670   -485.160   0.401   41.665   41.645   -25.000   
-484.505   -484.995   0.401   41.665   41.685   -38.000   
-484.255   -484.745   0.401   41.665   41.685   17.000   
-484.090   -484.575   0.401   41.665   41.655   -101.000   
-483.920   -484.325   0.401   41.665   41.665   -23.000   
-483.670   -484.160   0.401   41.665   41.665   -55.000   
-483.505   -483.995   0.401   41.665   41.665   16.000   
-483.255   -483.745   0.401   41.665   41.675   -29.000   
-483.090   -483.575   0.401   41.665   41.675   -73.000   
-482.840   -483.325   0.401   41.665   41.645   -141.000   
-482.670   -483.160   0.401   41.665   41.675   -77.000   
-482.420   -482.910   0.401   41.665   41.675   -10.000   
-482.255   -482.745   0.401   41.665   41.675   -38.000   
-482.090   -482.495   0.401   41.665   41.675   18.000   
-481.840   -482.325   0.401   41.665   41.655   -123.000   
-481.670   -482.160   0.401   41.665   41.675   -13.000   
-481.420   -481.910   0.401   41.665   41.675   -50.000   
-481.255   -481.745   0.401   41.665   41.675   -102.000   
-481.005   -481.495   0.401   41.665   41.645   -4.000   
-480.840   -481.325   0.401   41.665   41.675   -45.000   
-480.590   -481.075   0.401   41.665   41.675   -50.000   
-480.420   -480.910   0.401   41.665   41.655   -3.000   
-480.255   -480.745   0.401   41.665   41.645   32.000   
-480.005   -480.495   0.401   41.665   41.685   2.000   
-479.840   -480.325   0.401   41.665   41.665   46.000   
-479.590   -480.075   0.401   41.665   41.665   -60.000   
-479.420   -479.910   0.401   41.665   41.665   -8.000   
-479.170   -479.660   0.401   41.665   41.665   -51.000   
-479.005   -479.495   0.401   41.665   41.685   -17.000   
-478.840   -479.245   0.401   41.665   41.695   25.000   
-478.590   -479.075   0.401   41.665   41.655   -49.000   
-478.420   -478.910   0.401   41.665   41.665   -53.000   
-478.170   -478.660   0.401   41.665   41.675   -24.000   
-478.005   -478.495   0.401   41.665   41.655   -14.000   
-477.755   -478.245   0.401   41.665   41.645   -50.000   
-477.590   -478.075   0.401   41.665   41.665   -42.000   
-477.340   -477.825   0.401   41.665   41.675   -46.000   
-477.170   -477.660   0.401   41.665   41.675   29.000   
-477.005   -477.410   0.401   41.665   41.655   -25.000   
-476.755   -477.245   0.401   41.665   41.665   -16.000   
-476.590   -477.075   0.401   41.665   41.665   23.000   
-476.340   -476.825   0.401   41.665   41.665   -51.000   
-476.170   -476.660   0.401   41.665   41.685   33.000   
-475.920   -476.410   0.401   41.665   41.655   -27.000   
-475.755   -476.245   0.401   41.665   41.675   44.000   
-475.505   -475.995   0.401   41.665   41.675   -15.000   
-475.340   -475.825   0.401   41.665   41.655   -11.000   
-475.170   -475.575   0.401   41.665   41.655   -74.000   
-474.920   -475.410   0.401   41.665   41.665   38.000   
-474.755   -475.245   0.401   41.665   41.675   -26.000   
-474.505   -474.995   0.401   41.665   41.665   -12.000   
-474.340   -474.825   0.401   41.665   41.675   37.000   
-474.090   -474.575   0.401   41.665   41.645   -32.000   
-473.920   -474.410   0.401   41.665   41.685   46.000   
-473.670   -474.160   0.401   41.665   41.665   24.000   
-473.505   -473.995   0.401   41.665   41.675   67.000   
-473.340   -473.825   0.401   41.665   41.645   -7.000   
-473.090   -473.575   0.401   41.665   41.655   -25.000   
-472.920   -473.410   0.401   41.665   41.675   -41.000   
-472.670   -473.160   0.401   41.665   41.685   44.000   
-472.505   -472.995   0.401   41.665   41.645   33.000   
-472.255   -472.745   0.401   41.665   41.675   18.000   
-472.090   -472.575   0.401   41.665   41.665   35.000   
-471.840   -472.325   0.401   41.665   41.665   -34.000   
-471.670   -472.160   0.401   41.665   41.685   24.000   
-471.505   -471.995   0.401   41.665   41.655   15.000   
-471.255   -471.745   0.401   41.665   41.675   39.000   
-471.090   -471.575   0.401   41.665   41.655   13.000   
-470.840   -471.325   0.401   41.665   41.665   -39.000   
-470.670   -471.160   0.401   41.665   41.675   24.000   
-470.420   -470.910   0.401   41.665   41.665   16.000   
-470.255   -470.745   0.401   41.665   41.675   42.000   
-470.090   -470.495   0.401   41.665   41.655   14.000   
-469.840   -470.325   0.401   41.665   41.665   39.000   
-469.670   -470.160   0.401   41.665   41.665   -43.000   
-469.420   -469.910   0.401   41.665   41.675   23.000   
-469.255   -469.745   0.401   41.665   41.675   22.000   
-469.005   -469.495   0.401   41.665   41.675   39.000   
-468.840   -469.325   0.401   41.665   41.655   15.000   
-468.590   -469.075   0.401   41.665   41.665   18.000   
-468.420   -468.910   0.401   41.665   41.675   39.000   
-468.255   -468.660   0.401   41.665   41.655   21.000   
-468.005   -468.495   0.401   41.665   41.685   25.000   
-467.840   -468.325   0.401   41.665   41.645   46.000   
-467.590   -468.075   0.401   41.665   41.655   16.000   
-467.420   -467.910   0.401   41.665   41.655   13.000   
-467.170   -467.660   0.401   41.665   41.685   22.000   
-467.005   -467.495   0.401   41.665   41.665   22.000   
-466.755   -467.245   0.401   41.665   41.675   45.000   
-466.590   -467.075   0.401   41.665   41.665   -33.000   
-466.420   -466.825   0.401   41.665   41.665   36.000   
-466.170   -466.660   0.401   41.665   41.665   15.000   
-466.005   -466.495   0.401   41.665   41.665   21.000   
-465.755   -466.245   0.401   41.665   41.675   29.000   
-465.590   -466.075   0.401   41.665   41.665   -79.000   
-465.340   -465.825   0.401   41.665   41.655   5.000   
-465.170   -465.660   0.401   41.665   41.675   -1.000   
-464.920   -465.410   0.401   41.665   41.665   41.000   
-464.755   -465.245   0.401   41.665   41.665   -43.000   
-464.590   -465.075   0.401   41.665   41.675   24.000   
-464.340   -464.825   0.401   41.665   41.655   -86.000   
-464.170   -464.660   0.401   41.665   41.685   5.000   
-463.920   -464.410   0.401   41.665   41.665   -3.000   
-463.755   -464.245   0.401   41.665   41.675   -51.000   
-463.505   -463.995   0.401   41.665   41.675   4.000   
-463.340   -463.825   0.401   41.665   41.655   -105.000   
-463.170   -463.575   0.401   41.665   41.645   -62.000   
-462.920   -463.410   0.401   41.665   41.685   -76.000   
-462.755   -463.245   0.401   41.665   41.655   -6.000   
-462.505   -462.995   0.401   41.665   41.665   -29.000   
-462.340   -462.825   0.401   41.665   41.675   -91.000   
-462.090   -462.575   0.401   41.665   41.675   -92.000   
-461.920   -462.410   0.401   41.665   41.655   -66.000   
-461.670   -462.160   0.401   41.665   41.675   -3.000   
-461.505   -461.995   0.401   41.665   41.665   -50.000   
-461.340   -461.745   0.401   41.665   41.675   -5.000   
-461.090   -461.575   0.401   41.665   41.675   -93.000   
-460.920   -461.410   0.401   41.665   41.645   -115.000   
-460.670   -461.160   0.401   41.665   41.685   -51.000   
-460.505   -460.995   0.401   41.665   41.645   -72.000   
-460.255   -460.745   0.401   41.665   41.665   -49.000   
-460.090   -460.575   0.401   41.665   41.675   -83.000   
-459.840   -460.325   0.401   41.665   41.665   -86.000   
-459.670   -460.160   0.401   41.665   41.655   -83.000   
-459.505   -459.910   0.401   41.665   41.655   -32.000   
-459.255   -459.745   0.401   41.665   41.665   -102.000   
-459.090   -459.575   0.401   41.665   41.665   -54.000   
-458.840   -459.325   0.401   41.665   41.675   -81.000   
-458.670   -459.160   0.401   41.665   41.675   -22.000   
-458.420   -458.910   0.401   41.665   41.655   -56.000   
-458.255   -458.745   0.401   41.665   41.665   -64.000   
-458.005   -458.495   0.401   41.665   41.665   -44.000   
-457.840   -458.325   0.401   41.665   41.665   -88.000   
-457.670   -458.160   0.401   41.665   41.675   -105.000   
-457.420   -457.910   0.401   41.665   41.655   -57.000   
-457.255   -457.745   0.401   41.665   41.665   -91.000   
-457.005   -457.495   0.401   41.665   41.655   -84.000   
-456.840   -457.325   0.401   41.665   41.675   -52.000   
-456.590   -457.075   0.401   41.665   41.665   -92.000   
-456.420   -456.910   0.401   41.665   41.665   -11.000   
-456.255   -456.660   0.401   41.665   41.685   -58.000   
-456.005   -456.495   0.401   41.665   41.645   -53.000   
-455.840   -456.325   0.401   41.665   41.685   -102.000   
-455.590   -456.075   0.401   41.665   41.665   -64.000   
-455.420   -455.910   0.401   41.665   41.665   -108.000   
-455.170   -455.660   0.401   41.665   41.685   -24.000   
-455.005   -455.495   0.401   41.665   41.655   21.000   
-454.755   -455.245   0.401   41.665   41.675   -57.000   
-454.590   -455.080   0.401   41.665   41.635   -71.000   
-454.420   -454.825   0.401   41.665   41.685   -85.000   
-454.170   -454.660   0.401   41.665   41.685   -18.000   
-454.005   -454.495   0.401   41.665   41.655   -69.000   
-453.755   -454.245   0.401   41.665   41.675   -24.000   
-453.590   -454.075   0.401   41.665   41.655   4.000   
-453.340   -453.825   0.401   41.665   41.675   -41.000   
-453.170   -453.660   0.401   41.665   41.665   -5.000   
-452.920   -453.410   0.401   41.665   41.655   -24.000   
-452.755   -453.245   0.401   41.665   41.675   -7.000   
-452.590   -452.995   0.401   41.665   41.645   -63.000   
-452.340   -452.825   0.401   41.665   41.685   -9.000   
-452.170   -452.660   0.401   41.665   41.675   -16.000   
-451.920   -452.410   0.401   41.665   41.675   -22.000   
-451.755   -452.245   0.401   41.665   41.685   -84.000   
-451.505   -451.995   0.401   41.665   41.645   -22.000   
-451.340   -451.825   0.401   41.665   41.685   -16.000   
-451.090   -451.575   0.401   41.665   41.665   9.000   
-450.920   -451.410   0.401   41.665   41.675   15.000   
-450.755   -451.160   0.401   41.665   41.675   8.000   
-450.505   -450.995   0.401   41.665   41.645   -25.000   
-450.340   -450.825   0.401   41.665   41.675   -5.000   
-450.090   -450.575   0.401   41.665   41.675   24.000   
-449.920   -450.410   0.401   41.665   41.665   -54.000   
-449.670   -450.160   0.401   41.665   41.675   -17.000   
-449.505   -449.995   0.401   41.665   41.655   -111.000   
-449.255   -449.745   0.401   41.665   41.675   -11.000   
-449.090   -449.575   0.401   41.665   41.665   -14.000   
-448.920   -449.410   0.401   41.665   41.675   -24.000   
-448.675   -449.160   0.401   41.665   41.665   -19.000   
-448.505   -448.995   0.400   41.665   41.665   14.000   
-448.255   -448.745   0.400   41.665   41.645   -29.000   
-448.090   -448.580   0.400   41.665   41.410   -382.000   
-447.840   -448.330   0.400   41.665   41.350   -540.000   
-447.675   -448.165   0.403   41.665   41.830   -6.000   
-447.425   -447.915   0.402   41.665   41.500   -104.000   
-447.255   -447.745   0.401   41.665   41.940   498.000   
-447.090   -447.580   0.401   41.665   41.615   -5.000   
-446.840   -447.330   0.401   41.665   41.695   -24.000   
-446.675   -447.160   0.401   41.665   41.645   44.000   
-446.425   -446.915   0.401   41.665   41.645   10.000   
-446.255   -446.745   0.401   41.665   41.685   62.000   
-446.005   -446.495   0.401   41.665   41.665   46.000   
-445.840   -446.330   0.401   41.665   41.675   57.000   
-445.675   -446.080   0.401   41.665   41.665   -9.000   
-445.425   -445.910   0.401   41.665   41.665   36.000   
-445.255   -445.745   0.401   41.665   41.685   41.000   
-445.005   -445.495   0.401   41.665   41.655   58.000   
-444.840   -445.330   0.401   41.665   41.665   28.000   
-444.590   -445.080   0.401   41.665   41.675   43.000   
-444.425   -444.910   0.401   41.665   41.675   65.000   
-444.175   -444.665   0.401   41.665   41.645   33.000   
-444.005   -444.495   0.401   41.665   41.685   47.000   
-443.840   -444.245   0.401   41.665   41.655   61.000   
-443.590   -444.080   0.401   41.665   41.655   33.000   
-443.425   -443.910   0.401   41.665   41.675   -10.000   
-443.175   -443.660   0.401   41.665   41.665   40.000   
-443.005   -443.495   0.401   41.665   41.675   50.000   
-442.755   -443.245   0.401   41.665   41.675   61.000   
-442.590   -443.080   0.401   41.665   41.655   -13.000   
-442.340   -442.830   0.401   41.665   41.685   64.000   
-442.175   -442.660   0.401   41.665   41.645   30.000   
-442.005   -442.495   0.401   41.665   41.675   41.000   
-441.755   -442.245   0.401   41.665   41.665   42.000   
-441.590   -442.080   0.401   41.665   41.665   65.000   
-441.340   -441.830   0.401   41.665   41.655   25.000   
-441.175   -441.660   0.401   41.665   41.665   19.000   
-440.925   -441.410   0.401   41.665   41.675   55.000   
-440.755   -441.245   0.401   41.665   41.665   -9.000   
-440.505   -440.995   0.401   41.665   41.675   52.000   
-440.340   -440.830   0.401   41.665   41.655   -66.000   
-440.175   -440.660   0.401   41.665   41.675   38.000   
-439.925   -440.410   0.401   41.665   41.665   40.000   
-439.755   -440.245   0.401   41.665   41.675   31.000   
-439.505   -439.995   0.401   41.665   41.675   51.000   
-439.340   -439.830   0.401   41.665   41.655   -59.000   
-439.090   -439.580   0.401   41.665   41.635   3.000   
-438.925   -439.410   0.401   41.665   41.695   26.000   
-438.755   -439.160   0.401   41.665   41.665   52.000   
-438.505   -438.995   0.401   41.665   41.665   -4.000   
-438.340   -438.830   0.401   41.665   41.665   26.000   
-438.090   -438.580   0.401   41.665   41.655   -95.000   
-437.925   -438.410   0.401   41.665   41.665   -25.000   
-437.675   -438.160   0.401   41.665   41.665   21.000   
-437.505   -437.995   0.401   41.665   41.665   -6.000   
-437.255   -437.745   0.401   41.665   41.685   27.000   
-437.090   -437.580   0.401   41.665   41.655   -100.000   
-436.925   -437.330   0.401   41.665   41.665   -28.000   
-436.675   -437.160   0.401   41.665   41.675   -52.000   
-436.505   -436.995   0.401   41.665   41.645   10.000   
-436.255   -436.745   0.401   41.665   41.675   -23.000   
-436.090   -436.580   0.401   41.665   41.665   -85.000   
-435.840   -436.330   0.401   41.665   41.665   -83.000   
-435.675   -436.160   0.401   41.665   41.685   -20.000   
-435.425   -435.910   0.401   41.665   41.685   6.000   
-435.255   -435.745   0.401   41.665   41.665   -66.000   
-435.090   -435.495   0.401   41.665   41.645   -21.000   
-434.840   -435.330   0.401   41.665   41.675   -70.000   
-434.675   -435.160   0.401   41.665   41.685   -75.000   
-434.425   -434.910   0.401   41.665   41.665   -34.000   
-434.255   -434.745   0.401   41.665   41.665   -27.000   
-434.005   -434.495   0.401   41.665   41.665   -40.000   
-433.840   -434.330   0.401   41.665   41.655   -81.000   
-433.590   -434.080   0.401   41.665   41.655   -95.000   
-433.425   -433.910   0.401   41.665   41.665   -38.000   
-433.255   -433.745   0.401   41.665   41.665   -61.000   
-433.005   -433.495   0.401   41.665   41.675   -46.000   
-432.840   -433.330   0.401   41.665   41.655   4.000   
-432.590   -433.080   0.401   41.665   41.655   -78.000   
-432.425   -432.910   0.401   41.665   41.665   14.000   
-432.175   -432.660   0.401   41.665   41.665   -49.000   
-432.005   -432.495   0.401   41.665   41.665   -28.000   
-431.840   -432.245   0.401   41.665   41.675   -66.000   
-431.590   -432.080   0.401   41.665   41.655   -37.000   
-431.425   -431.915   0.401   41.665   41.655   -91.000   
-431.175   -431.660   0.401   41.665   41.685   15.000   
-431.005   -431.495   0.401   41.665   41.665   37.000   
-430.755   -431.245   0.401   41.665   41.675   -35.000   
-430.590   -431.080   0.401   41.665   41.665   -32.000   
-430.340   -430.830   0.401   41.665   41.665   -81.000   
-430.175   -430.660   0.401   41.665   41.685   18.000   
-430.005   -430.410   0.401   41.665   41.665   -38.000   
-429.755   -430.245   0.401   41.665   41.665   -22.000   
-429.590   -430.080   0.401   41.665   41.665   -87.000   
-429.340   -429.830   0.401   41.665   41.665   -77.000   
-429.175   -429.660   0.401   41.665   41.675   -3.000   
-428.925   -429.410   0.401   41.665   41.645   -8.000   
-428.755   -429.245   0.401   41.665   41.675   9.000   
-428.505   -428.995   0.401   41.665   41.665   -59.000   
-428.340   -428.830   0.401   41.665   41.665   -66.000   
-428.175   -428.580   0.401   41.665   41.675   -104.000   
-427.925   -428.410   0.401   41.665   41.655   -10.000   
-427.755   -428.245   0.401   41.665   41.675   -50.000   
-427.505   -427.995   0.401   41.665   41.665   -4.000   
-427.340   -427.830   0.401   41.665   41.675   14.000   
-427.090   -427.580   0.401   41.665   41.665   -65.000   
-426.925   -427.410   0.401   41.665   41.665   -2.000   
-426.675   -427.160   0.401   41.665   41.675   -6.000   
-426.505   -426.995   0.401   41.665   41.675   16.000   
-426.340   -426.745   0.401   41.665   41.655   -79.000   
-426.090   -426.580   0.401   41.665   41.685   -2.000   
-425.925   -426.410   0.401   41.665   41.665   -81.000   
-425.675   -426.160   0.401   41.665   41.675   -5.000   
-425.505   -425.995   0.401   41.665   41.675   -5.000   
-425.255   -425.745   0.401   41.665   41.675   14.000   
-425.090   -425.580   0.401   41.665   41.665   -4.000   
-424.840   -425.330   0.401   41.665   41.655   -69.000   
-424.675   -425.160   0.401   41.665   41.675   5.000   
-424.505   -424.995   0.401   41.665   41.665   -10.000   
-424.255   -424.745   0.401   41.665   41.675   15.000   
-424.090   -424.580   0.401   41.665   41.665   -5.000   
-423.840   -424.330   0.401   41.665   41.675   24.000   
-423.675   -424.165   0.401   41.665   41.635   -28.000   
-423.425   -423.910   0.401   41.665   41.675   -7.000   
-423.255   -423.745   0.401   41.665   41.675   -4.000   
-423.005   -423.495   0.401   41.665   41.675   16.000   
-422.840   -423.330   0.401   41.665   41.655   -9.000   
-422.675   -423.160   0.401   41.665   41.665   -7.000   
-422.425   -422.910   0.401   41.665   41.665   17.000   
-422.255   -422.745   0.401   41.665   41.665   -60.000   
-422.005   -422.495   0.401   41.665   41.675   3.000   
-421.840   -422.330   0.401   41.665   41.645   -97.000   
-421.590   -422.080   0.401   41.665   41.655   -11.000   
-421.425   -421.910   0.401   41.665   41.675   -3.000   
-421.255   -421.665   0.401   41.665   41.665   -10.000   
-421.005   -421.495   0.401   41.665   41.655   9.000   
-420.840   -421.330   0.401   41.665   41.675   -3.000   
-420.590   -421.080   0.401   41.665   41.675   -62.000   
-420.425   -420.910   0.401   41.665   41.665   -102.000   
-420.175   -420.660   0.401   41.665   41.665   -9.000   
-420.005   -420.495   0.401   41.665   41.665   -23.000   
-419.755   -420.245   0.401   41.665   41.665   -18.000   
-419.590   -420.080   0.401   41.665   41.675   -111.000   
-419.425   -419.830   0.401   41.665   41.645   -20.000   
-419.175   -419.660   0.401   41.665   41.675   -9.000   
-419.005   -419.495   0.401   41.665   41.655   -19.000   
-418.755   -419.245   0.401   41.665   41.675   21.000   
-418.590   -419.080   0.401   41.665   41.645   -118.000   
-418.340   -418.830   0.401   41.665   41.665   -39.000   
-418.175   -418.660   0.401   41.665   41.675   -107.000   
-417.925   -418.410   0.401   41.665   41.655   -7.000   
-417.755   -418.245   0.401   41.665   41.685   -27.000   
-417.590   -418.080   0.401   41.665   41.655   -21.000   
-417.340   -417.830   0.401   41.665   41.665   -101.000   
-417.175   -417.660   0.401   41.665   41.675   -12.000   
-416.925   -417.410   0.401   41.665   41.685   -11.000   
-416.755   -417.245   0.401   41.665   41.655   -95.000   
-416.505   -416.995   0.401   41.665   41.655   -78.000   
-416.340   -416.830   0.401   41.665   41.685   -84.000   
-416.175   -416.580   0.401   41.665   41.665   -97.000   
-415.925   -416.415   0.401   41.665   41.645   -94.000   
-415.755   -416.245   0.401   41.665   41.685   -19.000   
-415.505   -415.995   0.401   41.665   41.655   -52.000   
-415.340   -415.830   0.401   41.665   41.675   -15.000   
-415.090   -415.580   0.401   41.665   41.665   -104.000   
-414.925   -415.410   0.401   41.665   41.645   -84.000   
-414.675   -415.160   0.401   41.665   41.685   -72.000   
-414.505   -414.995   0.401   41.665   41.655   -67.000   
-414.340   -414.745   0.401   41.665   41.665   -56.000   
-414.090   -414.580   0.401   41.665   41.675   -99.000   
-413.925   -414.410   0.401   41.665   41.645   -93.000   
-413.675   -414.160   0.401   41.665   41.685   -51.000   
-413.505   -413.995   0.401   41.665   41.655   -48.000   
-413.255   -413.745   0.401   41.665   41.675   -108.000   
-413.090   -413.580   0.401   41.665   41.655   -71.000   
-412.840   -413.330   0.401   41.665   41.675   -97.000   
-412.675   -413.160   0.401   41.665   41.685   -23.000   
-412.505   -412.910   0.401   41.665   41.645   -24.000   
-412.255   -412.745   0.401   41.665   41.675   -4.000   
-412.090   -412.580   0.401   41.665   41.665   -7.000   
-411.840   -412.330   0.401   41.665   41.665   -42.000   
-411.675   -412.160   0.401   41.665   41.675   26.000   
-411.425   -411.910   0.401   41.665   41.655   -15.000   
-411.255   -411.745   0.401   41.665   41.675   43.000   
-411.005   -411.495   0.401   41.665   41.675   -16.000   
-410.840   -411.330   0.401   41.665   41.645   -33.000   
-410.675   -411.160   0.401   41.665   41.675   -47.000   
-410.425   -410.910   0.401   41.665   41.655   18.000   
-410.255   -410.745   0.401   41.665   41.685   -14.000   
-410.005   -410.495   0.401   41.665   41.655   -12.000   
-409.840   -410.330   0.401   41.665   41.685   38.000   
-409.590   -410.080   0.401   41.665   41.655   -17.000   
-409.425   -409.910   0.401   41.665   41.665   38.000   
-409.175   -409.660   0.401   41.665   41.685   36.000   
-409.005   -409.495   0.401   41.665   41.655   61.000   
-408.840   -409.330   0.401   41.665   41.655   -23.000   
-408.590   -409.080   0.401   41.665   41.665   -4.000   
-408.425   -408.910   0.401   41.665   41.675   -40.000   
-408.175   -408.660   0.401   41.665   41.655   6.000   
-408.005   -408.495   0.401   41.665   41.675   64.000   
-407.755   -408.245   0.401   41.665   41.675   -21.000   
-407.590   -408.080   0.401   41.665   41.665   41.000   
-407.425   -407.830   0.401   41.665   41.675   -15.000   
-407.175   -407.660   0.401   41.665   41.655   42.000   
-407.010   -407.495   0.400   41.665   41.685   33.000   
-406.760   -407.245   0.400   41.665   41.685   64.000   
-406.590   -407.080   0.400   41.665   41.625   39.000   
-406.340   -406.830   0.400   41.665   41.400   101.000   
-406.175   -406.665   0.400   41.665   41.390   -527.000   
-405.925   -406.415   0.402   41.665   41.625   -593.000   
-405.760   -406.250   0.402   41.665   41.470   -136.000   
-405.590   -406.000   0.401   41.665   41.940   -67.000   
-405.340   -405.830   0.401   41.665   41.605   -24.000   
-405.175   -405.665   0.401   41.665   41.715   -25.000   
-404.925   -405.415   0.401   41.665   41.675   -44.000   
-404.760   -405.245   0.401   41.665   41.655   27.000   
-404.510   -404.995   0.401   41.665   41.685   -9.000   
-404.340   -404.830   0.401   41.665   41.645   -15.000   
-404.090   -404.580   0.401   41.665   41.665   16.000   
-403.925   -404.415   0.401   41.665   41.665   -90.000   
-403.760   -404.165   0.401   41.665   41.655   -92.000   
-403.510   -403.995   0.401   41.665   41.685   -26.000   
-403.340   -403.830   0.401   41.665   41.665   -50.000   
-403.090   -403.580   0.401   41.665   41.635   -66.000   
-402.925   -403.415   0.401   41.665   41.685   -26.000   
-402.675   -403.165   0.401   41.665   41.665   -80.000   
-402.510   -402.995   0.401   41.665   41.675   11.000   
-402.260   -402.745   0.401   41.665   41.665   -30.000   
-402.090   -402.580   0.401   41.665   41.665   -51.000   
-401.925   -402.415   0.401   41.665   41.675   -68.000   
-401.675   -402.165   0.401   41.665   41.655   -48.000   
-401.510   -401.995   0.401   41.665   41.675   -64.000   
-401.260   -401.745   0.401   41.665   41.665   14.000   
-401.090   -401.580   0.401   41.665   41.675   39.000   
-400.840   -401.330   0.401   41.665   41.655   -35.000   
-400.675   -401.165   0.401   41.665   41.675   -24.000   
-400.425   -400.915   0.401   41.665   41.675   -83.000   
-400.260   -400.745   0.401   41.665   41.665   11.000   
-400.090   -400.580   0.401   41.665   41.665   -41.000   
-399.840   -400.330   0.401   41.665   41.675   17.000   
-399.675   -400.165   0.401   41.665   41.675   -42.000   
-399.425   -399.915   0.401   41.665   41.685   -30.000   
-399.260   -399.745   0.401   41.665   41.655   19.000   
-399.010   -399.495   0.401   41.665   41.685   16.000   
-398.840   -399.330   0.401   41.665   41.665   37.000   
-398.675   -399.080   0.401   41.665   41.675   -23.000   
-398.425   -398.915   0.401   41.665   41.665   -29.000   
-398.260   -398.745   0.401   41.665   41.665   -63.000   
-398.010   -398.500   0.401   41.665   41.675   3.000   
-397.840   -398.330   0.401   41.665   41.655   27.000   
-397.590   -398.080   0.401   41.665   41.665   35.000   
-397.425   -397.915   0.401   41.665   41.665   15.000   
-397.175   -397.665   0.401   41.665   41.665   -34.000   
-397.010   -397.495   0.401   41.665   41.675   16.000   
-396.840   -397.245   0.401   41.665   41.665   21.000   
-396.590   -397.080   0.401   41.665   41.665   34.000   
-396.425   -396.915   0.401   41.665   41.665   -25.000   
-396.175   -396.665   0.401   41.665   41.675   15.000   
-396.010   -396.495   0.401   41.665   41.675   39.000   
-395.760   -396.245   0.401   41.665   41.685   24.000   
-395.590   -396.080   0.401   41.665   41.675   27.000   
-395.340   -395.830   0.401   41.665   41.645   7.000   
-395.175   -395.665   0.401   41.665   41.665   -9.000   
-395.010   -395.415   0.401   41.665   41.675   -69.000   
-394.760   -395.245   0.401   41.665   41.665   -5.000   
-394.590   -395.080   0.401   41.665   41.695   -5.000   
-394.340   -394.830   0.401   41.665   41.645   10.000   
-394.175   -394.665   0.401   41.665   41.665   -46.000   
-393.925   -394.415   0.401   41.665   41.675   15.000   
-393.760   -394.245   0.401   41.665   41.655   -9.000   
-393.510   -393.995   0.401   41.665   41.675   -2.000   
-393.340   -393.830   0.401   41.665   41.665   -3.000   
-393.175   -393.665   0.401   41.665   41.665   18.000   
-392.925   -393.415   0.401   41.665   41.645   -9.000   
-392.760   -393.245   0.401   41.665   41.675   -5.000   
-392.510   -392.995   0.401   41.665   41.675   12.000   
-392.340   -392.830   0.401   41.665   41.655   -53.000   
-392.090   -392.580   0.401   41.665   41.685   -3.000   
-391.925   -392.415   0.401   41.665   41.655   -101.000   
-391.760   -392.165   0.401   41.665   41.665   -6.000   
-391.510   -391.995   0.401   41.665   41.665   -5.000   
-391.340   -391.830   0.401   41.665   41.665   -2.000   
-391.090   -391.580   0.401   41.665   41.665   -3.000   
-390.925   -391.415   0.401   41.665   41.675   -91.000   
-390.675   -391.165   0.401   41.665   41.645   -42.000   
-390.510   -390.995   0.401   41.665   41.685   -87.000   
-390.260   -390.750   0.401   41.665   41.635   -26.000   
-390.090   -390.580   0.401   41.665   41.695   -22.000   
-389.925   -390.330   0.401   41.665   41.665   -6.000   
-389.675   -390.165   0.401   41.665   41.665   -101.000   
-389.510   -389.995   0.401   41.665   41.675   -9.000   
-389.260   -389.745   0.401   41.665   41.675   -38.000   
-389.090   -389.580   0.401   41.665   41.675   -87.000   
-388.840   -389.330   0.401   41.665   41.645   -61.000   
-388.675   -389.165   0.401   41.665   41.675   -84.000   
-388.425   -388.915   0.401   41.665   41.675   -101.000   
-388.260   -388.745   0.401   41.665   41.645   -63.000   
-388.090   -388.495   0.401   41.665   41.675   -2.000   
-387.840   -388.330   0.401   41.665   41.665   -17.000   
-387.675   -388.165   0.401   41.665   41.655   -7.000   
-387.425   -387.915   0.401   41.665   41.665   -101.000   
-387.260   -387.745   0.401   41.665   41.655   -79.000   
-387.010   -387.495   0.401   41.665   41.675   -33.000   
-386.840   -387.330   0.401   41.665   41.665   -89.000   
-386.590   -387.080   0.401   41.665   41.665   -62.000   
-386.425   -386.915   0.401   41.665   41.675   -92.000   
-386.260   -386.745   0.401   41.665   41.655   -102.000   
-386.010   -386.495   0.401   41.665   41.685   -65.000   
-385.840   -386.330   0.401   41.665   41.635   11.000   
-385.590   -386.080   0.401   41.665   41.675   -43.000   
-385.175   -385.665   0.401   41.665   41.655   -112.000   
-385.010   -385.495   0.401   41.665   41.655   -95.000   
-384.760   -385.245   0.401   41.665   41.665   -80.000   
-384.590   -385.080   0.401   41.665   41.655   -61.000   
-384.425   -384.915   0.401   41.665   41.675   -58.000   
-384.175   -384.665   0.401   41.665   41.665   -106.000   
-384.010   -384.495   0.401   41.665   41.675   -90.000   
-383.760   -384.245   0.401   41.665   41.645   -59.000   
-383.590   -384.080   0.401   41.665   41.675   -51.000   
-383.340   -383.830   0.401   41.665   41.655   -117.000   
-383.175   -383.665   0.401   41.665   41.685   -57.000   
-383.010   -383.415   0.401   41.665   41.685   -87.000   
-382.760   -383.245   0.401   41.665   41.655   -26.000   
-382.590   -383.080   0.401   41.665   41.655   -80.000   
-382.340   -382.830   0.401   41.665   41.665   -47.000   
-382.175   -382.665   0.401   41.665   41.675   -52.000   
-381.925   -382.415   0.401   41.665   41.675   -103.000   
-381.760   -382.245   0.401   41.665   41.655   -35.000   
-381.510   -381.995   0.401   41.665   41.675   -59.000   
-381.340   -381.830   0.401   41.665   41.665   3.000   
-381.175   -381.580   0.401   41.665   41.645   -85.000   
-380.925   -381.415   0.401   41.665   41.675   -54.000   
-380.760   -381.245   0.401   41.665   41.665   -84.000   
-380.510   -380.995   0.401   41.665   41.675   -19.000   
-380.340   -380.830   0.401   41.665   41.675   16.000   
-380.090   -380.580   0.401   41.665   41.665   -44.000   
-379.925   -380.415   0.401   41.665   41.655   -23.000   
-379.675   -380.165   0.401   41.665   41.675   -81.000   
-379.510   -379.995   0.401   41.665   41.665   -17.000   
-379.340   -379.745   0.401   41.665   41.685   -14.000   
-379.090   -379.580   0.401   41.665   41.675   28.000   
-378.925   -379.415   0.401   41.665   41.645   -65.000   
-378.675   -379.165   0.401   41.665   41.685   -66.000   
-378.510   -378.995   0.401   41.665   41.665   -18.000   
-378.260   -378.745   0.401   41.665   41.645   -21.000   
-378.090   -378.580   0.401   41.665   41.685   63.000   
-377.840   -378.330   0.401   41.665   41.665   46.000   
-377.675   -378.165   0.401   41.665   41.675   60.000   
-377.510   -378.000   0.401   41.665   41.655   -29.000   
-377.260   -377.745   0.401   41.665   41.675   42.000   
-377.090   -377.580   0.401   41.665   41.675   27.000   
-376.840   -377.330   0.401   41.665   41.665   64.000   
-376.675   -377.165   0.401   41.665   41.655   21.000   
-376.425   -376.915   0.401   41.665   41.645   -19.000   
-376.260   -376.745   0.401   41.665   41.685   43.000   
-376.010   -376.495   0.401   41.665   41.665   22.000   
-375.840   -376.330   0.401   41.665   41.665   62.000   
-375.675   -376.165   0.401   41.665   41.655   42.000   
-375.425   -375.915   0.401   41.665   41.665   60.000   
-375.260   -375.745   0.401   41.665   41.665   39.000   
-375.010   -375.495   0.401   41.665   41.685   42.000   
-374.840   -375.330   0.401   41.665   41.655   39.000   
-374.590   -375.080   0.401   41.665   41.695   66.000   
-374.425   -374.915   0.401   41.665   41.645   11.000   
-374.260   -374.665   0.401   41.665   41.695   43.000   
-374.010   -374.495   0.401   41.665   41.655   62.000   
-373.840   -374.330   0.401   41.665   41.655   39.000   
-373.590   -374.080   0.401   41.665   41.675   49.000   
-373.425   -373.915   0.401   41.665   41.655   -70.000   
-373.175   -373.665   0.401   41.665   41.665   35.000   
-373.010   -373.495   0.401   41.665   41.655   40.000   
-372.760   -373.245   0.401   41.665   41.665   35.000   
-372.590   -373.080   0.401   41.665   41.685   49.000   
-372.425   -372.830   0.401   41.665   41.665   64.000   
-372.175   -372.665   0.401   41.665   41.635   -29.000   
-372.010   -372.495   0.401   41.665   41.685   58.000   
-371.760   -372.245   0.401   41.665   41.665   30.000   
-371.590   -372.080   0.401   41.665   41.675   14.000   
-371.340   -371.830   0.401   41.665   41.675   50.000   
-371.175   -371.665   0.401   41.665   41.645   -74.000   
-370.925   -371.415   0.401   41.665   41.635   26.000   
-370.760   -371.245   0.401   41.665   41.685   21.000   
-370.590   -370.995   0.401   41.665   41.665   54.000   
-370.340   -370.830   0.401   41.665   41.665   1.000   
-370.175   -370.665   0.401   41.665   41.665   51.000   
-369.925   -370.415   0.401   41.665   41.665   -56.000   
-369.760   -370.245   0.401   41.665   41.645   -15.000   
-369.510   -369.995   0.401   41.665   41.665   20.000   
-369.340   -369.830   0.401   41.665   41.675   -24.000   
-369.090   -369.580   0.401   41.665   41.685   26.000   
-368.925   -369.415   0.401   41.665   41.665   -93.000   
-368.760   -369.245   0.401   41.665   41.645   -40.000   
-368.510   -368.995   0.401   41.665   41.685   -50.000   
-368.340   -368.830   0.401   41.665   41.665   -7.000   
-368.090   -368.580   0.401   41.665   41.695   2.000   
-367.925   -368.415   0.401   41.665   41.655   -89.000   
-367.675   -368.165   0.401   41.665   41.665   -89.000   
-367.510   -367.995   0.401   41.665   41.675   -30.000   
-367.340   -367.745   0.401   41.665   41.675   24.000   
-367.090   -367.580   0.401   41.665   41.645   -37.000   
-366.925   -367.415   0.401   41.665   41.685   26.000   
-366.675   -367.165   0.401   41.665   41.655   -95.000   
-366.510   -366.995   0.401   41.665   41.685   -38.000   
-366.260   -366.745   0.401   41.665   41.675   -59.000   
-366.090   -366.580   0.401   41.665   41.645   -54.000   
-365.840   -366.330   0.401   41.665   41.675   -6.000   
-365.675   -366.165   0.401   41.665   41.665   -81.000   
-365.510   -365.915   0.401   41.665   41.655   -81.000   
-365.260   -365.745   0.400   41.665   41.665   -37.000   
-365.095   -365.580   0.400   41.665   41.655   -6.000   
-364.845   -365.330   0.401   41.665   41.665   283.000   
-364.675   -365.165   0.400   41.665   41.390   73.000   
-364.425   -364.915   0.401   41.665   41.810   498.000   
-364.260   -364.750   0.402   41.665   41.625   -613.000   
-364.010   -364.500   0.401   41.665   41.490   -340.000   
-363.845   -364.335   0.402   41.665   41.930   -52.000   
-363.675   -364.080   0.401   41.665   41.705   37.000   
-363.425   -363.915   0.401   41.665   41.665   22.000   
-363.260   -363.750   0.401   40.415   41.665   41.000   
-363.045   -363.500   0.398   29.165   41.645   11.000   
-362.950   -363.330   0.377   18.745   41.675   -4.000   
-362.885   -363.090   0.285   4.370   40.350   485.000   
-362.875   -362.945   0.187   0.205   35.355   1339.000   
-362.875   -362.800   0.024   0.000   27.175   2358.000   
-362.875   -362.760   -0.052   0.000   16.090   2806.000   
-362.875   -362.765   -0.075   0.000   4.180   743.000   
-362.875   -362.815   -0.056   0.000   -8.150   589.000   
-362.875   -362.845   -0.030   0.000   -7.545   -236.000   
-362.875   -362.870   -0.006   0.000   -4.670   -48.000   
-362.875   -362.875   -0.002   0.000   -2.215   24.000   
-362.875   -362.875   0.000   0.000   -0.130   54.000   
-362.875   -362.875   0.001   0.000   -0.090   -12.000   
-362.875   -362.875   0.000   0.000   0.040   51.000   
-362.875   -362.875   0.000   0.000   0.010   5.000   
-362.875   -362.875   0.000   0.000   0.040   15.000   
-362.875   -362.875   0.000   0.000   0.000   -15.000   
-362.875   -362.875   0.000   0.000   -0.010   -27.000   
-362.875   -362.875   0.000   0.000   -0.030   -117.000   
-362.875   -362.875   0.000   0.000   0.060   25.000   
-362.875   -362.875   -0.000   0.000   0.110   20.000   
-362.875   -362.875   0.000   0.000   -0.030   -11.000   
-362.875   -362.875   -0.000   0.000   0.020   16.000   
-362.875   -362.875   -0.000   0.000   0.000   -6.000   
-362.875   -362.875   -0.000   0.000   -0.010   4.000   
-362.875   -362.875   -0.000   0.000   0.010   5.000   
-362.875   -362.875   -0.000   0.000   -0.010   4.000   
-362.875   -362.875   -0.000   0.000   0.000   12.000   
-362.875   -362.875   -0.000   0.000   0.010   18.000   
-362.875   -362.875   -0.000   0.000   0.000   13.000   
-362.875   -362.875   0.000   0.000   -0.010   14.000   
-362.875   -362.875   0.000   0.000   0.000   9.000   
-362.875   -362.875   0.000   0.000   -0.010   -2.000   
-362.875   -362.875   0.000   0.000   0.000   -5.000   
-362.875   -362.875   0.000   0.000   0.000   -1.000   
-362.875   -362.875   0.000   0.000   0.010   2.000   
-362.875   -362.875   0.000   0.000   0.010   12.000   
-362.875   -362.875   0.000   0.000   -0.010   7.000   
-362.875   -362.875   0.000   0.000   0.000   6.000   
-362.875   -362.875   0.000   0.000   0.000   5.000   
-362.875   -362.875   0.000   0.000   0.000   2.000   
-362.875   -362.875   0.000   0.000   0.000   7.000   
-362.875   -362.875   0.000   0.000   0.000   5.000   
-362.875   -362.875   0.000   0.000   0.000   -2.000   
-362.875   -362.875   0.000   0.000   0.000   2.000   
-362.875   -362.875   0.000   0.000   0.000   6.000   
-362.875   -362.875   0.000   0.000   0.000   5.000   
-362.875   -362.875   0.000   0.000   0.000   4.000   
-362.875   -362.875   0.000   0.000   0.000   4.000   
-362.875   -362.875   0.000   0.000   0.000   5.000   
-362.875   -362.875   0.000   0.000   0.000   7.000   
-362.875   -362.875   0.000   0.000   0.000   3.000   
-362.875   -362.875   0.000   0.000   0.000   11.000   
-362.875   -362.875   0.000   0.000   0.000   8.000   
-362.875   -362.875   0.000   0.000   0.000   10.000   
-362.875   -362.875   0.000   0.000   0.000   10.000   
-362.875   -362.875   0.000   0.000   0.000   12.000   
-362.875   -362.875   0.000   0.000   0.000   9.000   
-362.875   -362.875   0.000   0.000   0.000   11.000   
-362.875   -362.875   0.000   0.000   0.000   7.000   
-362.875   -362.875   0.000   0.000   0.000   10.000   
-362.875   -362.875   0.000   0.000   0.000   8.000   
-362.875   -362.875   0.000   0.000   0.000   9.000   
-362.875   -362.875   0.000   0.000   0.000   10.000   
-362.875   -362.875   0.000   0.000   0.000   10.000   
-362.875   -362.875   0.000   0.000   0.000   10.000   
-362.875   -362.875   0.000   0.000   0.000   10.000   
-362.875   -362.875   0.000   0.000   0.000   10.000   
-362.875   -362.875   0.000   0.000   0.000   10.000   
-362.875   -362.875   0.000   0.000   0.000   9.000   
-362.875   -362.875   0.000   0.000   0.000   10.000   
-362.875   -362.875   0.000   0.000   0.000   9.000   
-362.875   -362.875   0.000   0.000   0.000   11.000   
-362.875   -362.875   0.000   0.000   0.000   12.000   
-362.875   -362.875   0.000   0.000   0.000   11.000   
-362.875   -362.875   0.000   0.000   0.000   10.000   
-362.875   -362.875   0.000   0.000   0.000   10.000   
-362.875   -362.875   0.000   0.000   0.000   12.000   
-362.875   -362.875   0.000   0.000   0.000   10.000   
-362.875   -362.875   0.000   0.000   0.000   9.000   
-362.875   -362.875   0.000   0.000   0.000   11.000   
-362.875   -362.875   0.000   0.000   0.000   8.000   
-362.875   -362.875   0.000   0.000   0.000   11.000   
-362.875   -362.875   0.000   0.000   0.000   10.000   
-362.875   -362.875   0.000   0.000   0.000   11.000   
-362.875   -362.875   0.000   0.000   0.000   9.000   
-362.875   -362.875   0.000   0.000   0.000   11.000   
-362.875   -362.875   0.000   0.000   0.000   10.000   
-362.875   -362.875   0.000   0.000   0.000   11.000   
-362.875   -362.875   0.000   0.000   0.000   10.000   
-362.875   -362.875   0.000   0.000   0.000   12.000   
-362.875   -362.875   0.000   0.000   0.000   7.000   
-362.875   -362.875   0.000   0.000   0.000   9.000   
-362.875   -362.875   0.000   0.000   0.000   11.000   
-362.875   -362.875   0.000   0.000   0.000   4.000   
-362.875   -362.875   0.000   0.000   0.000   3.000   
-362.875   -362.875   0.000   0.000   0.000   4.000   
-362.875   -362.875   0.000   0.000   0.000   3.000   
-362.875   -362.875   0.000   0.000   0.000   2.000   
-362.875   -362.875   0.000   0.000   0.000   2.000   
-362.875   -362.875   0.000   0.000   0.000   3.000   
-362.875   -362.875   0.000   0.000   0.000   3.000   
-362.875   -362.875   0.000   0.000   0.000   4.000   
-362.875   -362.875   0.000   0.000   0.000   3.000   
-362.875   -362.875   0.000   0.000   0.000   3.000   
-362.875   -362.875   0.000   0.000   0.000   3.000   
-362.875   -362.875   0.000   0.000   0.000   3.000   
-362.875   -362.875   0.000   0.000   0.000   3.000   
-362.875   -362.875   0.000   0.000   0.000   3.000   
-362.875   -362.875   0.000   0.000   0.000   3.000   
-362.875   -362.875   0.000   0.000   0.000   3.000   
-362.875   -362.875   0.000   0.000   0.000   3.000   
-362.875   -362.875   0.000   0.000   0.000   3.000   
-362.875   -362.875   0.000   0.000   0.000   3.000   
-362.875   -362.875   0.000   0.000   0.000   3.000   
-362.875   -362.875   0.000   0.000   0.000   3.000   
-362.875   -362.875   0.000   0.000   0.000   3.000   
-362.875   -362.875   0.000   0.000   0.000   3.000   
-362.875   -362.875   0.000   0.000   0.000   4.000   
-362.875   -362.875   0.000   0.000   0.000   3.000   
-362.875   -362.875   0.000   0.000   0.000   3.000   
-362.875   -362.875   0.000   0.000   0.000   3.000   
-362.875   -362.875   0.000   0.000   0.000   3.000   
-362.875   -362.875   0.000   0.000   0.000   3.000   
-362.875   -362.875   0.000   0.000   0.000   3.000   
-362.875   -362.875   0.000   0.000   0.000   4.000   
-362.875   -362.875   0.000   0.000   0.000   4.000   
-362.875   -362.875   0.000   0.000   0.000   4.000   
-362.875   -362.875   0.000   0.000   0.000   3.000   
-362.875   -362.875   0.000   0.000   0.000   3.000   
-362.875   -362.875   0.000   0.000   0.000   5.000   
-362.875   -362.875   0.000   0.000   0.000   3.000   
-362.875   -362.875   0.000   0.000   0.000   3.000   
-362.875   -362.875   0.000   0.000   0.000   3.000   
-362.875   -362.875   0.000   0.000   0.000   4.000   
-362.875   -362.875   0.000   0.000   0.000   3.000   
-362.875   -362.875   0.000   0.000   0.000   4.000   
-362.875   -362.875   0.000   0.000   0.000   5.000   
-362.875   -362.875   0.000   0.000   0.000   4.000   
-362.875   -362.875   0.000   0.000   0.000   3.000   
-362.875   -362.875   0.000   0.000   0.000   5.000   
-362.875   -362.875   0.000   0.000   0.000   3.000   
-362.875   -362.875   0.000   0.000   0.000   3.000   
-362.875   -362.875   0.000   0.000   0.000   3.000   
-362.875   -362.875   0.000   0.000   0.000   3.000   
-362.875   -362.875   0.000   0.000   0.000   2.000   
-362.875   -362.875   0.000   0.000   0.000   5.000   
-362.875   -362.875   0.000   0.000   0.000   5.000   
-362.875   -362.875   0.000   0.000   0.000   3.000   
-362.875   -362.875   0.000   0.000   0.000   5.000   
-362.875   -362.875   0.000   0.000   0.000   2.000   
-362.875   -362.875   0.000   0.000   0.000   4.000   
-362.875   -362.875   0.000   0.000   0.000   4.000   
-362.875   -362.875   0.000   0.000   0.000   2.000   
-362.875   -362.875   0.000   0.000   0.000   3.000   
-362.875   -362.875   0.000   0.000   0.000   3.000   
-362.875   -362.875   0.000   0.000   0.000   3.000   
-362.875   -362.875   0.000   0.000   0.000   4.000   
-362.875   -362.875   0.000   0.000   0.000   3.000   
-362.875   -362.875   0.000   0.000   0.000   4.000   
-362.875   -362.875   0.000   0.000   0.000   4.000   
-362.875   -362.875   0.000   0.000   0.000   3.000   
-362.875   -362.875   0.000   0.000   0.000   3.000   
-362.875   -362.875   0.000   0.000   0.000   2.000   
-362.875   -362.875   0.000   0.000   0.000   5.000   
-362.875   -362.875   0.000   0.000   0.000   3.000   
-362.875   -362.875   0.000   0.000   0.000   3.000   
-362.875   -362.875   0.000   0.000   0.000   3.000   
-362.875   -362.875   0.000   0.000   0.000   3.000   
-362.875   -362.875   0.000   0.000   0.000   3.000   
-362.875   -362.875   0.000   0.000   0.000   4.000   
-362.875   -362.875   0.000   0.000   0.000   3.000   
-362.875   -362.875   0.000   0.000   0.000   3.000   
-362.875   -362.875   0.000   0.000   0.000   4.000   
-362.875   -362.875   0.000   0.000   0.000   4.000   
-362.875   -362.875   0.000   0.000   0.000   4.000   
-362.875   -362.875   0.000   0.000   0.000   4.000   
-362.875   -362.875   0.000   0.000   0.000   3.000   
-362.875   -362.875   0.000   0.000   0.000   4.000   
-362.875   -362.875   0.000   0.000   0.000   5.000   
-362.875   -362.875   0.000   0.000   0.000   5.000   
-362.875   -362.875   0.000   0.000   0.000   4.000   
-362.875   -362.875   0.000   0.000   0.000   5.000   
-362.875   -362.875   0.000   0.000   0.000   4.000   
-362.875   -362.875   0.000   0.000   0.000   4.000   
-362.875   -362.875   0.000   0.000   0.000   6.000   
-362.875   -362.875   0.000   0.000   0.000   6.000   
-362.875   -362.875   0.000   0.000   0.000   4.000   
-362.875   -362.875   0.000   0.000   0.000   4.000   
-362.875   -362.875   0.000   0.000   0.000   3.000   
-362.875   -362.875   0.000   0.000   0.000   3.000   
-362.875   -362.875   0.000   0.000   0.000   4.000   
-362.875   -362.875   0.000   0.000   0.000   5.000   
-362.875   -362.875   0.000   0.000   0.000   4.000   
-362.875   -362.875   0.000   0.000   0.000   4.000   
-362.875   -362.875   0.000   0.000   0.000   5.000   
-362.875   -362.875   0.000   0.000   0.000   4.000   
-362.875   -362.875   0.000   0.000   0.000   5.000   
-362.875   -362.875   0.000   0.000   0.000   3.000   
-362.875   -362.875   0.000   0.000   0.000   3.000   
-362.875   -362.875   0.000   0.000   0.000   4.000   
-362.875   -362.875   0.000   0.000   0.000   3.000   
-362.875   -362.875   0.000   0.000   0.000   4.000   
-362.875   -362.875   0.000   0.000   0.000   4.000   
-362.875   -362.875   0.000   0.000   0.000   5.000   
-362.875   -362.875   0.000   0.000   0.000   4.000   
-362.875   -362.875   0.000   0.000   0.000   4.000   
-362.875   -362.875   0.000   0.000   0.000   4.000   
-362.875   -362.875   0.000   0.000   0.000   3.000   
-362.875   -362.875   0.000   0.000   0.000   3.000   
-362.875   -362.875   0.000   0.000   0.000   4.000   
-362.875   -362.875   0.000   0.000   0.000   5.000   
-362.875   -362.875   0.000   0.000   0.000   5.000   
-362.875   -362.875   0.000   0.000   0.000   5.000   
-362.875   -362.875   0.000   0.000   0.000   3.000   
-362.875   -362.875   0.000   0.000   0.000   5.000   
-362.875   -362.875   0.000   0.000   0.000   4.000   
-362.875   -362.875   0.000   0.000   0.000   5.000   
-362.875   -362.875   0.000   0.000   0.000   3.000   
-362.875   -362.875   0.000   0.000   0.000   5.000   
-362.875   -362.875   0.000   0.000   0.000   6.000   
-362.875   -362.875   0.000   0.000   0.000   -5.000   
-362.875   -362.875   0.000   0.000   0.000   -4.000   
-362.875   -362.875   0.000   0.000   0.000   -5.000   
-362.875   -362.875   0.000   0.000   0.000   2.000   
-362.875   -362.875   0.000   0.000   0.000   -3.000   
-362.875   -362.875   0.000   0.000   0.000   -4.000   
-362.875   -362.875   0.000   0.000   0.000   -4.000   
-362.875   -362.875   0.000   0.000   0.000   -4.000   
-362.875   -362.875   0.000   0.000   0.000   -5.000   
-362.875   -362.875   0.000   0.000   0.000   -4.000   
-362.875   -362.875   0.000   0.000   0.000   -4.000   
-362.875   -362.875   0.000   0.000   0.000   -4.000   
-362.875   -362.875   0.000   0.000   0.000   -4.000   
-362.875   -362.875   0.000   0.000   0.000   -4.000   
-362.875   -362.875   0.000   0.000   0.000   -4.000   
-362.875   -362.875   0.000   0.000   0.000   -4.000   
-362.875   -362.875   0.000   0.000   0.000   -5.000   
-362.875   -362.875   0.000   0.000   0.000   -4.000   
-362.875   -362.875   0.000   0.000   0.000   -4.000   
-362.875   -362.875   0.000   0.000   0.000   -4.000   
-362.875   -362.875   0.000   0.000   0.000   -4.000   
-362.875   -362.875   0.000   0.000   0.000   -5.000   
-362.875   -362.875   0.000   0.000   0.000   -4.000   
-362.875   -362.875   0.000   0.000   0.000   -5.000   
-362.875   -362.875   0.000   0.000   0.000   -4.000   
-362.875   -362.875   0.000   0.000   0.000   -4.000   
-362.875   -362.875   0.000   0.000   0.000   -3.000   
-362.875   -362.875   0.000   0.000   0.000   -4.000   
-362.875   -362.875   0.000   0.000   0.000   -4.000   
-362.875   -362.875   0.000   0.000   0.000   -4.000   
-362.875   -362.875   0.000   0.000   0.000   -4.000   
-362.875   -362.875   0.000   0.000   0.000   -3.000   
-362.875   -362.875   0.000   0.000   0.000   -5.000   
-362.875   -362.875   0.000   0.000   0.000   -4.000   
-362.875   -362.875   0.000   0.000   0.000   -4.000   
-362.875   -362.875   0.000   0.000   0.000   -4.000   
-362.875   -362.875   0.000   0.000   0.000   -4.000   
-362.875   -362.875   0.000   0.000   0.000   -4.000   
-362.875   -362.875   0.000   0.000   0.000   -3.000   
-362.875   -362.875   0.000   0.000   0.000   -4.000   
-362.875   -362.875   0.000   0.000   0.000   -5.000   
-362.875   -362.875   0.000   0.000   0.000   -4.000   
-362.875   -362.875   0.000   0.000   0.000   4.000   
-362.875   -362.875   0.000   0.000   0.000   4.000   
-362.875   -362.875   0.000   0.000   0.000   4.000   
-362.875   -362.875   0.000   0.000   0.000   4.000   
-362.875   -362.875   0.000   0.000   0.000   4.000   
-362.875   -362.875   0.000   0.000   0.000   2.000   
-362.875   -362.875   0.000   0.000   0.000   2.000   
-362.875   -362.875   0.000   0.000   0.000   4.000   
-362.875   -362.875   0.000   0.000   0.000   3.000   
-362.875   -362.875   0.000   0.000   0.000   3.000   
-362.875   -362.875   0.000   0.000   0.000   3.000   
-362.875   -362.875   0.000   0.000   0.000   3.000   
-362.875   -362.875   0.000   0.000   0.000   3.000   
-362.875   -362.875   0.000   0.000   0.000   4.000   
-362.875   -362.875   0.000   0.000   0.000   3.000   
-362.875   -362.875   0.000   0.000   0.000   3.000   
-362.875   -362.875   0.000   0.000   0.000   3.000   
-362.875   -362.875   0.000   0.000   0.000   3.000   
-362.875   -362.875   0.000   0.000   0.000   3.000   
-362.875   -362.875   0.000   0.000   0.000   3.000   
-362.875   -362.875   0.000   0.000   0.000   3.000   
-362.875   -362.875   0.000   0.000   0.000   4.000   
-362.875   -362.875   0.000   0.000   0.000   3.000   
-362.875   -362.875   0.000   0.000   0.000   3.000   
-362.875   -362.875   0.000   0.000   0.000   2.000   
-362.875   -362.875   0.000   0.000   0.000   4.000   
-362.875   -362.875   0.000   0.000   0.000   3.000   
-362.875   -362.875   0.000   0.000   0.000   3.000   
-362.875   -362.875   0.000   0.000   0.000   2.000   
-362.875   -362.875   0.000   0.000   0.000   3.000   
-362.875   -362.875   0.000   0.000   0.000   3.000   
-362.875   -362.875   0.000   0.000   0.000   3.000   
-362.875   -362.875   0.000   0.000   0.000   3.000   
-362.875   -362.875   0.000   0.000   0.000   4.000   
-362.875   -362.875   0.000   0.000   0.000   3.000   
-362.875   -362.875   0.000   0.000   0.000   3.000   
-362.875   -362.875   0.000   0.000   0.000   3.000   
-362.875   -362.875   0.000   0.000   0.000   3.000   
-362.875   -362.875   0.000   0.000   0.000   3.000   
-362.875   -362.875   0.000   0.000   0.000   5.000   
-362.875   -362.875   0.000   0.000   0.000   2.000   
-362.875   -362.875   0.000   0.000   0.000   4.000   
-362.875   -362.875   0.000   0.000   0.000   5.000   
-362.875   -362.875   0.000   0.000   0.000   6.000   
-362.875   -362.875   0.000   0.000   0.000   4.000   
-362.875   -362.875   0.000   0.000   0.000   6.000   
-362.875   -362.875   0.000   0.000   0.000   4.000   
-362.875   -362.875   0.000   0.000   0.000   3.000   
-362.875   -362.875   0.000   0.000   0.000   3.000   
-362.875   -362.875   0.000   0.000   0.000   4.000   
-362.875   -362.875   0.000   0.000   0.000   4.000   
-362.875   -362.875   0.000   0.000   0.000   2.000   
-362.875   -362.875   0.000   0.000   0.000   4.000   
-362.875   -362.875   0.000   0.000   0.000   3.000   
-362.875   -362.875   0.000   0.000   0.000   5.000   
-362.875   -362.875   0.000   0.000   0.000   4.000   
-362.875   -362.875   0.000   0.000   0.000   5.000   
-362.875   -362.875   0.000   0.000   0.000   3.000   
-362.875   -362.875   0.000   0.000   0.000   3.000   
-362.875   -362.875   0.000   0.000   0.000   4.000   
-362.875   -362.875   0.000   0.000   0.000   3.000   
-362.875   -362.875   0.000   0.000   0.000   3.000   
-362.875   -362.875   0.000   0.000   0.000   3.000   
-362.875   -362.875   0.000   0.000   0.000   3.000   
-362.875   -362.875   0.000   0.000   0.000   3.000   
-362.875   -362.875   0.000   0.000   0.000   3.000   
-362.875   -362.875   0.000   0.000   0.000   3.000   
-362.875   -362.875   0.000   0.000   0.000   4.000   
-362.875   -362.875   0.000   0.000   0.000   5.000   
-362.875   -362.875   0.000   0.000   0.000   3.000   
-362.875   -362.875   0.000   0.000   0.000   4.000   
-362.875   -362.875   0.000   0.000   0.000   3.000   
-362.875   -362.875   0.000   0.000   0.000   3.000   
-362.875   -362.875   0.000   0.000   0.000   3.000   
-362.875   -362.875   0.000   0.000   0.000   3.000   
-362.875   -362.875   0.000   0.000   0.000   4.000   
-362.875   -362.875   0.000   0.000   0.000   3.000   
-362.875   -362.875   0.000   0.000   0.000   3.000   
-362.875   -362.875   0.000   0.000   0.000   3.000   
-362.875   -362.875   0.000   0.000   0.000   3.000   
-362.875   -362.875   0.000   0.000   0.000   4.000   
-362.875   -362.875   0.000   0.000   0.000   4.000   
-362.875   -362.875   0.000   0.000   0.000   4.000   
-362.875   -362.875   0.000   0.000   0.000   4.000   
-362.875   -362.875   0.000   0.000   0.000   5.000   
-362.875   -362.875   0.000   0.000   0.000   5.000   
-362.875   -362.875   0.000   0.000   0.000   5.000   
-362.875   -362.875   0.000   0.000   0.000   4.000   
-362.875   -362.875   0.000   0.000   0.000   4.000   
-362.875   -362.875   0.000   0.000   0.000   4.000   
-362.875   -362.875   0.000   0.000   0.000   4.000   
-362.875   -362.875   0.000   0.000   0.000   3.000   
-362.875   -362.875   0.000   0.000   0.000   4.000   
-362.875   -362.875   0.000   0.000   0.000   4.000   
-362.875   -362.875   0.000   0.000   0.000   3.000   
-362.875   -362.875   0.000   0.000   0.000   3.000   
-362.875   -362.875   0.000   0.000   0.000   2.000   
-362.875   -362.875   0.000   0.000   0.000   3.000   
-362.875   -362.875   0.000   0.000   0.000   3.000   
-362.875   -362.875   0.000   0.000   0.000   3.000   
-362.875   -362.875   0.000   0.000   0.000   3.000   
-362.875   -362.875   0.000   0.000   0.000   5.000   
-362.875   -362.875   0.000   0.000   0.000   3.000   
-362.875   -362.875   0.000   0.000   0.000   5.000   
-362.875   -362.875   0.000   0.000   0.000   3.000   
-362.875   -362.875   0.000   0.000   0.000   3.000   
-362.875   -362.875   0.000   0.000   0.000   3.000   
-362.875   -362.875   0.000   0.000   0.000   5.000   
-362.875   -362.875   0.000   0.000   0.000   4.000   
-362.875   -362.875   0.000   0.000   0.000   4.000   
-362.875   -362.875   0.000   0.000   0.000   4.000   
-362.875   -362.875   0.000   0.000   0.000   5.000   
-362.875   -362.875   0.000   0.000   0.000   4.000   
-362.875   -362.875   0.000   0.000   0.000   4.000   
-362.875   -362.875   0.000   0.000   0.000   4.000   
-362.875   -362.875   0.000   0.000   0.000   4.000   
-362.875   -362.875   0.000   0.000   0.000   3.000   
-362.875   -362.875   0.000   0.000   0.000   4.000   
-362.875   -362.875   0.000   0.000   0.000   4.000   
-362.875   -362.875   0.000   0.000   0.000   3.000   
-362.875   -362.875   0.000   0.000   0.000   3.000   
-362.875   -362.875   0.000   0.000   0.000   2.000   
-362.875   -362.875   0.000   0.000   0.000   4.000   
-362.875   -362.875   0.000   0.000   0.000   4.000   
-362.875   -362.875   0.000   0.000   0.000   3.000   
-362.875   -362.875   0.000   0.000   0.000   3.000   
-362.875   -362.875   0.000   0.000   0.000   2.000   
-362.875   -362.875   0.000   0.000   0.000   10.000   
-362.875   -362.875   0.000   0.000   0.000   10.000   
-362.875   -362.875   0.000   0.000   0.000   12.000   
-362.875   -362.875   0.000   0.000   0.000   11.000   
-362.875   -362.875   0.000   0.000   0.000   10.000   
-362.875   -362.875   0.000   0.000   0.000   11.000   
-362.875   -362.875   0.000   0.000   0.000   10.000   
-362.875   -362.875   0.000   0.000   0.000   10.000   
-362.875   -362.875   0.000   0.000   0.000   11.000   
-362.875   -362.875   0.000   0.000   0.000   11.000   
-362.875   -362.875   0.000   0.000   0.000   10.000   
-362.875   -362.875   0.000   0.000   0.000   11.000   
-362.875   -362.875   0.000   0.000   0.000   11.000   
-362.875   -362.875   0.000   0.000   0.000   11.000   
-362.875   -362.875   0.000   0.000   0.000   10.000   
-362.875   -362.875   0.000   0.000   0.000   10.000   
-362.875   -362.875   0.000   0.000   0.000   12.000   
-362.875   -362.875   0.000   0.000   0.000   12.000   
-362.875   -362.875   0.000   0.000   0.000   11.000   
-362.875   -362.875   0.000   0.000   0.000   12.000   
-362.875   -362.875   0.000   0.000   0.000   10.000   
-362.875   -362.875   0.000   0.000   0.000   10.000   
-362.875   -362.875   0.000   0.000   0.000   10.000   
-362.875   -362.875   0.000   0.000   0.000   10.000   
-362.875   -362.875   0.000   0.000   0.000   10.000   
-362.875   -362.875   0.000   0.000   0.000   10.000   
-362.875   -362.875   0.000   0.000   0.000   10.000   
-362.875   -362.875   0.000   0.000   0.000   11.000   
-362.875   -362.875   0.000   0.000   0.000   11.000   
-362.875   -362.875   0.000   0.000   0.000   11.000   
-362.875   -362.875   0.000   0.000   0.000   11.000   
-362.875   -362.875   0.000   0.000   0.000   10.000   
-362.875   -362.875   0.000   0.000   0.000   11.000   
-362.875   -362.875   0.000   0.000   0.000   10.000   
-362.875   -362.875   0.000   0.000   0.000   10.000   
-362.875   -362.875   0.000   0.000   0.000   10.000   
-362.875   -362.875   0.000   0.000   0.000   10.000   
-362.875   -362.875   0.000   0.000   0.000   10.000   
-362.875   -362.875   0.000   0.000   0.000   10.000   
-362.875   -362.875   0.000   0.000   0.000   11.000   
