5970.785   0.000   5970.785   0.000   
5970.785   0.000   5970.785   0.000   
5970.785   0.000   5970.785   0.000   
5970.785   0.000   5970.785   0.000   
5970.785   0.000   5970.785   0.000   
5970.785   0.000   5970.785   0.000   
5970.785   0.000   5970.785   0.000   
5970.785   0.000   5970.785   0.000   
5970.785   0.000   5970.785   0.000   
5970.785   0.000   5970.785   0.000   
5970.785   0.000   5970.785   0.000   
5970.785   0.000   5970.785   0.000   
5970.785   0.000   5970.785   0.000   
5970.785   0.000   5970.785   0.000   
5970.785   0.000   5970.785   0.000   
5970.785   0.000   5970.785   0.000   
5970.785   0.000   5970.785   0.000   
5970.785   0.000   5970.785   0.000   
5970.785   0.000   5970.785   0.000   
5970.785   0.000   5970.785   0.000   
5970.785   0.000   5970.785   0.000   
5970.785   0.000   5970.785   0.000   
5970.785   0.000   5970.785   0.000   
5970.785   0.000   5970.785   0.000   
5970.785   0.000   5970.785   0.000   
5970.785   0.000   5970.785   0.000   
5970.785   0.000   5970.785   0.000   
5970.785   0.000   5970.785   0.000   
5970.785   0.000   5970.785   0.000   
5970.785   0.000   5970.785   0.000   
5970.785   0.000   5970.785   0.000   
5970.785   0.000   5970.785   0.000   
5970.785   0.000   5970.785   0.000   
5970.785   0.000   5970.785   0.000   
5970.785   0.000   5970.785   0.000   
5970.785   0.000   5970.785   0.000   
5970.785   0.000   5970.785   0.000   
5970.785   0.000   5970.785   0.000   
5970.785   0.000   5970.785   0.000   
5970.785   0.000   5970.785   0.000   
5970.785   0.000   5970.785   0.000   
5970.785   0.000   5970.785   0.000   
5970.785   0.000   5970.785   0.000   
5970.785   0.000   5970.785   0.000   
5970.785   0.000   5970.785   0.000   
5970.785   0.000   5970.785   0.000   
5970.785   0.000   5970.785   0.000   
5970.785   0.000   5970.785   0.000   
5970.785   0.000   5970.785   0.000   
5970.785   0.000   5970.785   0.000   
5970.785   0.000   5970.785   0.000   
5970.785   0.000   5970.785   0.000   
5970.785   0.000   5970.785   0.000   
5970.785   0.000   5970.785   0.000   
5970.785   0.000   5970.785   0.000   
5970.785   0.000   5970.785   0.000   
5970.785   0.000   5970.785   0.000   
5970.785   0.000   5970.785   0.000   
5970.785   0.000   5970.785   0.000   
5970.785   0.000   5970.785   0.000   
5970.785   0.000   5970.785   0.000   
5970.785   0.000   5970.785   0.000   
5970.785   0.000   5970.785   0.000   
5970.785   0.000   5970.785   0.000   
5970.785   0.000   5970.785   0.000   
5970.785   0.000   5970.785   0.000   
5970.785   0.000   5970.785   0.000   
5970.785   0.000   5970.785   0.000   
5970.785   0.000   5970.785   0.000   
5970.785   0.000   5970.785   0.000   
5970.785   0.000   5970.785   0.000   
5970.785   0.000   5970.785   0.000   
5970.785   0.000   5970.785   0.000   
5970.785   0.000   5970.785   0.000   
5970.785   0.000   5970.785   0.000   
5970.785   0.000   5970.785   0.000   
5970.785   0.000   5970.785   0.000   
5970.785   0.000   5970.785   0.000   
5970.785   0.000   5970.785   0.000   
5970.785   0.000   5970.785   0.000   
5970.785   0.000   5970.785   0.000   
5970.785   0.000   5970.785   0.000   
5970.785   0.000   5970.785   0.000   
5970.785   0.000   5970.785   0.000   
5970.785   0.000   5970.785   0.000   
5970.785   0.000   5970.785   0.000   
5970.785   0.000   5970.785   0.000   
5970.785   0.000   5970.785   0.000   
5970.785   0.000   5970.785   0.000   
5970.785   0.000   5970.785   0.000   
5970.785   0.000   5970.785   0.000   
5970.785   0.000   5970.785   0.000   
5970.785   0.000   5970.785   0.000   
5970.785   0.000   5970.785   0.000   
5970.785   0.000   5970.785   0.000   
5970.785   0.000   5970.785   0.000   
5970.785   0.000   5970.785   0.000   
5970.785   0.000   5970.785   0.000   
5970.785   0.000   5970.785   0.000   
5970.785   0.000   5970.785   0.000   
5970.785   0.000   5970.785   0.000   
5970.785   0.000   5970.785   0.000   
5970.785   0.000   5970.785   0.000   
5970.785   0.000   5970.785   0.000   
5970.785   0.000   5970.785   0.000   
5970.785   0.000   5970.785   0.000   
5970.785   0.000   5970.785   0.000   
5970.785   0.000   5970.785   0.000   
5970.785   0.000   5970.785   0.000   
5970.785   0.000   5970.785   0.000   
5970.785   0.000   5970.785   0.000   
5970.785   0.000   5970.785   0.000   
5970.785   0.000   5970.785   0.000   
5970.785   0.000   5970.785   0.000   
5970.785   0.000   5970.785   0.000   
5970.785   0.000   5970.785   0.000   
5970.785   0.000   5970.785   0.000   
5970.785   0.000   5970.785   0.000   
5970.785   0.000   5970.785   0.000   
5970.785   0.000   5970.785   0.000   
5970.785   0.000   5970.785   0.000   
5970.785   0.000   5970.785   0.000   
5970.785   0.000   5970.785   0.000   
5970.785   0.000   5970.785   0.000   
5970.785   0.000   5970.785   0.000   
5970.785   0.000   5970.785   0.000   
5970.785   0.000   5970.785   0.000   
5970.785   0.000   5970.785   0.000   
5970.785   0.000   5970.785   0.000   
5970.785   0.000   5970.785   0.000   
5970.785   0.000   5970.785   0.000   
5970.785   0.000   5970.785   0.000   
5970.785   0.000   5970.785   0.000   
5970.785   0.000   5970.785   0.000   
5970.785   0.000   5970.785   0.000   
5970.785   0.000   5970.785   0.000   
5970.785   0.000   5970.785   0.000   
5970.785   0.000   5970.785   0.000   
5970.785   0.000   5970.785   0.000   
5970.785   0.000   5970.785   0.000   
5970.785   0.000   5970.785   0.000   
5970.785   0.000   5970.785   0.000   
5970.785   0.000   5970.785   0.000   
5970.785   0.000   5970.785   0.000   
5970.785   0.000   5970.785   0.000   
5970.785   0.000   5970.785   0.000   
5970.785   0.000   5970.785   0.000   
5970.785   0.000   5970.785   0.000   
5970.785   0.000   5970.785   0.000   
5970.785   0.000   5970.785   0.000   
5970.785   0.000   5970.785   0.000   
5970.785   0.000   5970.785   0.000   
5970.785   0.000   5970.785   0.000   
5970.785   0.000   5970.785   0.000   
5970.785   0.000   5970.785   0.000   
5970.785   0.000   5970.785   0.000   
5970.785   0.000   5970.785   0.000   
5970.785   0.000   5970.785   0.000   
5970.785   0.000   5970.785   0.000   
5970.785   0.000   5970.785   0.000   
5970.785   0.000   5970.785   0.000   
5970.785   0.000   5970.785   0.000   
5970.785   0.000   5970.785   0.000   
5970.785   0.000   5970.785   0.000   
5970.785   0.000   5970.785   0.000   
5970.785   0.000   5970.785   0.000   
5970.785   0.000   5970.785   0.000   
5970.785   0.000   5970.785   0.000   
5970.785   0.000   5970.785   0.000   
5970.785   0.000   5970.785   0.000   
5970.785   0.000   5970.785   0.000   
5970.785   0.000   5970.785   0.000   
5970.785   0.000   5970.785   0.000   
5970.785   0.000   5970.785   0.000   
5970.785   0.000   5970.785   0.000   
5970.785   0.000   5970.785   0.000   
5970.785   0.000   5970.785   0.000   
5970.785   0.000   5970.785   0.000   
5970.785   0.000   5970.785   0.000   
5970.785   0.000   5970.785   0.000   
5970.785   0.000   5970.785   0.000   
5970.785   0.000   5970.785   0.000   
5970.785   0.000   5970.785   0.000   
5970.785   0.000   5970.785   0.000   
5970.785   0.000   5970.785   0.000   
5970.785   0.000   5970.785   0.000   
5970.785   0.000   5970.785   0.000   
5970.785   0.000   5970.785   0.000   
5970.785   0.000   5970.785   0.000   
5970.785   0.000   5970.785   0.000   
5970.785   0.000   5970.785   0.000   
5970.785   0.000   5970.785   0.000   
5970.785   0.000   5970.785   0.000   
5970.785   0.000   5970.785   0.000   
5970.785   0.000   5970.785   0.000   
5970.785   0.000   5970.785   0.000   
5970.785   0.000   5970.785   0.000   
5970.785   0.000   5970.785   0.000   
5970.785   0.000   5970.785   0.000   
5970.785   0.000   5970.785   0.000   
5970.785   0.000   5970.785   0.000   
5970.785   0.000   5970.785   0.000   
5970.785   0.000   5970.785   0.000   
5970.785   0.000   5970.785   0.000   
5970.785   0.000   5970.785   0.000   
5970.785   0.000   5970.785   0.000   
5970.785   0.000   5970.785   0.000   
5970.785   0.000   5970.785   0.000   
5970.785   0.000   5970.785   0.000   
5970.785   0.000   5970.785   0.000   
5970.785   0.000   5970.785   0.000   
5970.785   0.000   5970.785   0.000   
5970.785   0.000   5970.785   0.000   
5970.785   0.000   5970.785   0.000   
5970.785   0.000   5970.785   0.000   
5970.785   0.000   5970.785   0.000   
5970.785   0.000   5970.785   0.000   
5970.785   0.000   5970.785   0.000   
5970.785   0.000   5970.785   0.000   
5970.785   0.000   5970.785   0.000   
5970.785   0.000   5970.785   0.000   
5970.785   0.000   5970.785   0.000   
5970.785   0.000   5970.785   0.000   
5970.785   0.000   5970.785   0.000   
5970.785   0.000   5970.785   0.000   
5970.785   0.000   5970.785   0.000   
5970.785   0.000   5970.785   0.000   
5970.785   0.000   5970.785   0.000   
5970.785   0.000   5970.785   0.000   
5970.785   0.000   5970.785   0.000   
5970.785   0.000   5970.785   0.000   
5970.785   0.000   5970.785   0.000   
5970.785   0.000   5970.785   0.000   
5970.785   0.000   5970.785   0.000   
5970.785   0.000   5970.785   0.000   
5970.785   0.000   5970.785   0.000   
5970.785   0.000   5970.785   0.000   
5970.785   0.000   5970.785   0.000   
5970.785   0.000   5970.785   0.000   
5970.785   0.000   5970.785   0.000   
5970.785   0.000   5970.785   0.000   
5970.785   0.000   5970.785   0.000   
5970.785   0.000   5970.785   0.000   
5970.785   0.000   5970.785   0.000   
5970.785   0.000   5970.785   0.000   
5970.785   0.000   5970.785   0.000   
5970.785   0.000   5970.785   0.000   
5970.785   0.000   5970.785   0.000   
5970.785   0.000   5970.785   0.000   
5970.785   0.000   5970.785   0.000   
5970.785   0.000   5970.785   0.000   
5970.785   0.000   5970.785   0.000   
5970.785   0.000   5970.785   0.000   
5970.785   0.000   5970.785   0.000   
5970.785   0.000   5970.785   0.000   
5970.785   0.000   5970.785   0.000   
5970.785   0.000   5970.785   0.000   
5970.785   0.000   5970.785   0.000   
5970.785   0.000   5970.785   0.000   
5970.785   0.000   5970.785   0.000   
5970.785   0.000   5970.785   0.000   
5970.785   0.000   5970.785   0.000   
5970.785   0.000   5970.785   0.000   
5970.785   0.000   5970.785   0.000   
5970.785   0.000   5970.785   0.000   
5970.785   0.000   5970.785   0.000   
5970.785   0.000   5970.785   0.000   
5970.785   0.000   5970.785   0.000   
5970.785   0.000   5970.785   0.000   
5970.785   0.000   5970.785   0.000   
5970.785   0.000   5970.785   0.000   
5970.785   0.000   5970.785   0.000   
5970.785   0.000   5970.785   0.000   
5970.785   0.000   5970.785   0.000   
5970.785   0.000   5970.785   0.000   
5970.785   0.000   5970.785   0.000   
5970.785   0.000   5970.785   0.000   
5970.785   0.000   5970.785   0.000   
5970.785   0.000   5970.785   0.000   
5970.785   0.000   5970.785   0.000   
5970.785   0.000   5970.785   0.000   
5970.785   0.000   5970.785   0.000   
5970.785   0.000   5970.785   0.000   
5970.785   0.000   5970.785   0.000   
5970.785   0.000   5970.785   0.000   
5970.785   0.000   5970.785   0.000   
5970.785   0.000   5970.785   0.000   
5970.785   0.000   5970.785   0.000   
5970.785   0.000   5970.785   0.000   
5970.785   0.000   5970.785   0.000   
5970.785   0.000   5970.785   0.000   
5970.785   0.000   5970.785   0.000   
5970.785   0.000   5970.785   0.000   
5970.785   0.000   5970.785   0.000   
5970.785   0.000   5970.785   0.000   
5970.785   0.000   5970.785   0.000   
5970.785   0.000   5970.785   0.000   
5970.785   0.000   5970.785   0.000   
5970.785   0.000   5970.785   0.000   
5970.785   0.000   5970.785   0.000   
5970.785   0.000   5970.785   0.000   
5970.785   0.000   5970.785   0.000   
5970.785   0.000   5970.785   0.000   
5970.785   0.000   5970.785   0.000   
5970.785   0.000   5970.785   0.000   
5970.785   0.000   5970.785   0.000   
5970.785   0.000   5970.785   0.000   
5970.785   0.000   5970.785   0.000   
5970.785   0.000   5970.785   0.000   
5970.785   0.000   5970.785   0.000   
5970.785   0.000   5970.785   0.000   
5970.785   0.000   5970.785   0.000   
5970.785   0.000   5970.785   0.000   
5970.785   0.000   5970.785   0.000   
5970.785   0.000   5970.785   0.000   
5970.785   0.000   5970.785   0.000   
5970.785   0.000   5970.785   0.000   
5970.785   0.000   5970.785   0.000   
5970.785   0.000   5970.785   0.000   
5970.785   0.000   5970.785   0.000   
5970.785   0.000   5970.785   0.000   
5970.785   0.000   5970.785   0.000   
5970.785   0.000   5970.785   0.000   
5970.785   0.000   5970.785   0.000   
5970.785   0.000   5970.785   0.000   
5970.785   0.000   5970.785   0.000   
5970.785   0.000   5970.785   0.000   
5970.785   0.000   5970.785   0.000   
5970.785   0.000   5970.785   0.000   
5970.785   0.000   5970.785   0.000   
5970.785   0.000   5970.785   0.000   
5970.785   0.000   5970.785   0.000   
5970.785   0.000   5970.785   0.000   
5970.785   0.000   5970.785   0.000   
5970.785   0.000   5970.785   0.000   
5970.785   0.000   5970.785   0.000   
5970.785   0.000   5970.785   0.000   
5970.785   0.000   5970.785   0.000   
5970.785   0.000   5970.785   0.000   
5970.785   0.000   5970.785   0.000   
5970.785   0.000   5970.785   0.000   
5970.785   0.000   5970.785   0.000   
5970.785   0.000   5970.785   0.000   
5970.785   0.000   5970.785   0.000   
5970.785   0.000   5970.785   0.000   
5970.785   0.000   5970.785   0.000   
5970.785   0.000   5970.785   0.000   
5970.785   0.000   5970.785   0.000   
5970.785   0.000   5970.785   0.000   
5970.785   0.000   5970.785   0.000   
5970.785   0.000   5970.785   0.000   
5970.785   0.000   5970.785   0.000   
5970.785   0.000   5970.785   0.000   
5970.785   0.000   5970.785   0.000   
5970.785   0.000   5970.785   0.000   
5970.785   0.000   5970.785   0.000   
5970.785   0.000   5970.785   0.000   
5970.785   0.000   5970.785   0.000   
5970.785   0.000   5970.785   0.000   
5970.785   0.000   5970.785   0.000   
5970.785   0.000   5970.785   0.000   
5970.785   0.000   5970.785   0.000   
5970.785   0.000   5970.785   0.000   
5970.785   0.000   5970.785   0.000   
5970.785   0.000   5970.785   0.000   
5970.785   0.000   5970.785   0.000   
5970.785   0.000   5970.785   0.000   
5970.785   0.000   5970.785   0.000   
5970.785   0.000   5970.785   0.000   
5970.785   0.000   5970.785   0.000   
5970.785   0.000   5970.785   0.000   
5970.785   0.000   5970.785   0.000   
5970.785   0.000   5970.785   0.000   
5970.785   0.000   5970.785   0.000   
5970.785   0.000   5970.785   0.000   
5970.785   0.000   5970.785   0.000   
5970.785   0.000   5970.785   0.000   
5970.785   0.000   5970.785   0.000   
5970.785   0.000   5970.785   0.000   
5970.785   0.000   5970.785   0.000   
5970.785   0.000   5970.785   0.000   
5970.785   0.000   5970.785   0.000   
5970.785   0.000   5970.785   0.000   
5970.785   0.000   5970.785   0.000   
5970.785   0.000   5970.785   0.000   
5970.785   0.000   5970.785   0.000   
5970.785   0.000   5970.785   0.000   
5970.785   0.000   5970.785   0.000   
5970.785   0.000   5970.785   0.000   
5970.785   0.000   5970.785   0.000   
5970.785   0.000   5970.785   0.000   
5970.785   0.000   5970.785   0.000   
5970.785   0.000   5970.785   0.000   
5970.785   0.000   5970.785   0.000   
5970.785   0.000   5970.785   0.000   
5970.785   0.000   5970.785   0.000   
5970.785   0.000   5970.785   0.000   
5970.785   0.000   5970.785   0.000   
5970.785   0.000   5970.785   0.000   
5970.785   0.000   5970.785   0.000   
5970.785   0.000   5970.785   0.000   
5970.785   0.000   5970.785   0.000   
5970.785   0.000   5970.785   0.000   
5970.785   0.000   5970.785   0.000   
5970.785   0.000   5970.785   0.000   
5970.785   0.000   5970.785   0.000   
5970.785   0.000   5970.785   0.000   
5970.785   0.000   5970.785   0.000   
5970.785   0.000   5970.785   0.000   
5970.785   0.000   5970.785   0.000   
5970.785   0.000   5970.785   0.000   
5970.785   0.000   5970.785   0.000   
5970.785   0.000   5970.785   0.000   
5970.785   0.000   5970.785   0.000   
5970.785   0.000   5970.785   0.000   
5970.785   0.000   5970.785   0.000   
5970.785   0.000   5970.785   0.000   
5970.785   0.000   5970.785   0.000   
5970.785   0.000   5970.785   0.000   
5970.785   0.000   5970.785   0.000   
5970.785   0.000   5970.785   0.000   
5970.785   0.000   5970.785   0.000   
5970.785   0.000   5970.785   0.000   
5970.785   0.000   5970.785   0.000   
5970.785   0.000   5970.785   0.000   
5970.785   0.000   5970.785   0.000   
5970.785   0.000   5970.785   0.000   
5970.785   0.000   5970.785   0.000   
5970.785   0.000   5970.785   0.000   
5970.785   0.000   5970.785   0.000   
5970.785   0.000   5970.785   0.000   
5970.785   0.000   5970.785   0.000   
5970.785   0.000   5970.785   0.000   
5970.785   0.000   5970.785   0.000   
5970.785   0.000   5970.785   0.000   
5970.785   0.000   5970.785   0.000   
5970.785   0.000   5970.785   0.000   
5970.785   0.000   5970.785   0.000   
5970.785   0.000   5970.785   0.000   
5970.785   0.000   5970.785   0.000   
5970.785   0.000   5970.785   0.000   
5970.785   0.000   5970.785   0.000   
5970.785   0.000   5970.785   0.000   
5970.785   0.000   5970.785   0.000   
5970.785   0.000   5970.785   0.000   
5970.785   0.000   5970.785   0.000   
5970.785   0.000   5970.785   0.000   
5970.785   0.000   5970.785   0.000   
5970.785   0.000   5970.785   0.000   
5970.785   0.000   5970.785   0.000   
5970.785   0.000   5970.785   0.000   
5970.785   0.000   5970.785   0.000   
5970.785   0.000   5970.785   0.000   
5970.785   0.000   5970.785   0.000   
5970.785   0.000   5970.785   0.000   
5970.785   0.000   5970.785   0.000   
5970.785   0.000   5970.785   0.000   
5970.785   0.000   5970.785   0.000   
5970.785   0.000   5970.785   0.000   
5970.785   0.000   5970.785   0.000   
5970.785   0.000   5970.785   0.000   
5970.785   0.000   5970.785   0.000   
5970.785   0.000   5970.785   0.000   
5970.785   0.000   5970.785   0.000   
5970.785   0.000   5970.785   0.000   
5970.785   0.000   5970.785   0.000   
5970.785   0.000   5970.785   0.000   
5970.785   0.000   5970.785   0.000   
5970.785   0.000   5970.785   0.000   
5970.785   0.000   5970.785   0.000   
5970.785   0.000   5970.785   0.000   
5970.785   0.000   5970.785   0.000   
5970.785   0.000   5970.785   0.000   
5970.785   0.000   5970.785   0.000   
5970.785   0.000   5970.785   0.000   
5970.785   0.000   5970.785   0.000   
5970.785   0.000   5970.785   0.000   
5970.785   0.000   5970.785   0.000   
5970.785   0.000   5970.785   0.000   
5970.785   0.000   5970.785   0.000   
5970.785   0.000   5970.785   0.000   
5970.785   0.000   5970.785   0.000   
5970.785   0.000   5970.785   0.000   
5970.785   0.000   5970.785   0.000   
5970.785   0.000   5970.785   0.000   
5970.785   0.000   5970.785   0.000   
5970.785   0.000   5970.785   0.000   
5970.785   0.000   5970.785   0.000   
5970.785   0.000   5970.785   0.000   
5970.785   0.000   5970.785   0.000   
5970.785   0.000   5970.785   0.000   
5970.785   0.000   5970.785   0.000   
5970.785   0.000   5970.785   0.000   
5970.785   0.000   5970.785   0.000   
5970.785   0.000   5970.785   0.000   
5970.785   0.000   5970.785   0.000   
5970.785   0.000   5970.785   0.000   
5970.785   0.000   5970.785   0.000   
5970.785   0.000   5970.785   0.000   
5970.785   0.000   5970.785   0.000   
5970.785   0.000   5970.785   0.000   
5970.785   0.000   5970.785   0.000   
5970.785   0.000   5970.785   0.000   
5970.785   0.000   5970.785   0.000   
5970.785   0.000   5970.785   0.000   
5970.785   0.000   5970.785   0.000   
5970.785   0.000   5970.785   0.000   
5970.785   0.000   5970.785   0.000   
5970.785   0.000   5970.785   0.000   
5970.785   0.000   5970.785   0.000   
5970.785   0.000   5970.785   0.000   
5970.785   0.000   5970.785   0.000   
5970.785   0.000   5970.785   0.000   
5970.785   0.000   5970.785   0.000   
5970.785   0.000   5970.785   0.000   
5970.785   0.000   5970.785   0.000   
5970.785   0.000   5970.785   0.000   
5970.785   0.000   5970.785   0.000   
5970.785   0.000   5970.785   0.000   
5970.785   0.000   5970.785   0.000   
5970.785   0.000   5970.785   0.000   
5970.785   0.000   5970.785   0.000   
5970.785   0.000   5970.785   0.000   
5970.785   0.000   5970.785   0.000   
5970.785   0.000   5970.785   0.000   
5970.785   0.000   5970.785   0.000   
5970.785   0.000   5970.785   0.000   
5970.785   0.000   5970.785   0.000   
5970.785   0.000   5970.785   0.000   
5970.785   0.000   5970.785   0.000   
5970.785   0.000   5970.785   0.000   
5970.785   0.000   5970.785   0.000   
5970.785   0.000   5970.785   0.000   
5970.785   0.000   5970.785   0.000   
5970.785   0.000   5970.785   0.000   
5970.785   0.000   5970.785   0.000   
5970.785   0.000   5970.785   0.000   
5970.785   0.000   5970.785   0.000   
5970.785   0.000   5970.785   0.000   
5970.785   0.000   5970.785   0.000   
5970.785   0.000   5970.785   0.000   
5970.785   0.000   5970.785   0.000   
5970.785   0.000   5970.785   0.000   
5970.785   0.000   5970.785   0.000   
5970.785   0.000   5970.785   0.000   
5970.785   0.000   5970.785   0.000   
5970.785   0.000   5970.785   0.000   
5970.785   0.000   5970.785   0.000   
5970.785   0.000   5970.785   0.000   
5970.785   0.000   5970.785   0.000   
5970.785   0.000   5970.785   0.000   
5970.785   0.000   5970.785   0.000   
5970.785   0.000   5970.785   0.000   
5970.785   0.000   5970.785   0.000   
5970.785   0.000   5970.785   0.000   
5970.785   0.000   5970.785   0.000   
5970.785   0.000   5970.785   0.000   
5970.785   0.000   5970.785   0.000   
5970.785   0.000   5970.785   0.000   
5970.785   0.000   5970.785   0.000   
5970.785   0.000   5970.785   0.000   
5970.785   0.000   5970.785   0.000   
5970.785   0.000   5970.785   0.000   
5970.785   0.000   5970.785   0.000   
5970.785   0.000   5970.785   0.000   
5970.785   0.000   5970.785   0.000   
5970.785   0.000   5970.785   0.000   
5970.785   0.000   5970.785   0.000   
5970.785   0.000   5970.785   0.000   
5970.785   0.000   5970.785   0.000   
5970.785   0.000   5970.785   0.000   
5970.785   0.000   5970.785   0.000   
5970.785   0.000   5970.785   0.000   
5970.785   0.000   5970.785   0.000   
5970.785   0.000   5970.785   0.000   
5970.785   0.000   5970.785   0.000   
5970.785   0.000   5970.785   0.000   
5970.785   0.000   5970.785   0.000   
5970.785   0.000   5970.785   0.000   
5970.785   0.000   5970.785   0.000   
5970.785   0.000   5970.785   0.000   
5970.785   0.000   5970.785   0.000   
5970.785   0.000   5970.785   0.000   
5970.785   0.000   5970.785   0.000   
5970.785   0.000   5970.785   0.000   
5970.785   0.000   5970.785   0.000   
5970.785   0.000   5970.785   0.000   
5970.785   0.000   5970.785   0.000   
5970.785   0.000   5970.785   0.000   
5970.785   0.000   5970.785   0.000   
5970.785   0.000   5970.785   0.000   
5970.785   0.000   5970.785   0.000   
5970.785   0.000   5970.785   0.000   
5970.785   0.000   5970.785   0.000   
5970.785   0.000   5970.785   0.000   
5970.785   0.000   5970.785   0.000   
5970.785   0.000   5970.785   0.000   
5970.785   0.000   5970.785   0.000   
5970.785   0.000   5970.785   0.000   
5970.785   0.000   5970.785   0.000   
5970.785   0.000   5970.785   0.000   
5970.785   0.000   5970.785   0.000   
5970.785   0.000   5970.785   0.000   
5970.785   0.000   5970.785   0.000   
5970.785   0.000   5970.785   0.000   
5970.785   0.000   5970.785   0.000   
5970.785   0.000   5970.785   0.000   
5970.785   0.000   5970.785   0.000   
5970.785   0.000   5970.785   0.000   
5970.785   0.000   5970.785   0.000   
5970.785   0.000   5970.785   0.000   
5970.785   0.000   5970.785   0.000   
5970.785   0.000   5970.785   0.000   
5970.785   0.000   5970.785   0.000   
5970.785   0.000   5970.785   0.000   
5970.785   0.000   5970.785   0.000   
5970.785   0.000   5970.785   0.000   
5970.785   0.000   5970.785   0.000   
5970.785   0.000   5970.785   0.000   
5970.785   0.000   5970.785   0.000   
5970.785   0.000   5970.785   0.000   
5970.785   0.000   5970.785   0.000   
5970.785   0.000   5970.785   0.000   
5970.785   0.000   5970.785   0.000   
5970.785   0.000   5970.785   0.000   
5970.785   0.000   5970.785   0.000   
5970.785   0.000   5970.785   0.000   
5970.785   0.000   5970.785   0.000   
5970.785   0.000   5970.785   0.000   
5970.785   0.000   5970.785   0.000   
5970.785   0.000   5970.785   0.000   
5970.785   0.000   5970.785   0.000   
5970.785   0.000   5970.785   0.000   
5970.785   0.000   5970.785   0.000   
5970.785   0.000   5970.785   0.000   
5970.785   0.000   5970.785   0.000   
5970.785   0.000   5970.785   0.000   
5970.785   0.000   5970.785   0.000   
5970.785   0.000   5970.785   0.000   
5970.785   0.000   5970.785   0.000   
5970.785   0.000   5970.785   0.000   
5970.785   0.000   5970.785   0.000   
5970.785   0.000   5970.785   0.000   
5970.785   0.000   5970.785   0.000   
5970.785   0.000   5970.785   0.000   
5970.785   0.000   5970.785   0.000   
5970.785   0.000   5970.785   0.000   
5970.785   0.000   5970.785   0.000   
5970.785   0.000   5970.785   0.000   
5970.785   0.000   5970.785   0.000   
5970.785   0.000   5970.785   0.000   
5970.785   0.000   5970.785   0.000   
5970.785   0.000   5970.785   0.000   
5970.785   0.000   5970.785   0.000   
5970.785   0.000   5970.785   0.000   
5970.785   0.000   5970.785   0.000   
5970.785   0.000   5970.785   0.000   
5970.785   0.000   5970.785   0.000   
5970.785   0.000   5970.785   0.000   
5970.785   0.000   5970.785   0.000   
5970.785   0.000   5970.785   0.000   
5970.785   0.000   5970.785   0.000   
5970.785   0.000   5970.785   0.000   
5970.785   0.000   5970.785   0.000   
5970.785   0.000   5970.785   0.000   
5970.785   0.000   5970.785   0.000   
5970.785   0.000   5970.785   0.000   
5970.785   0.000   5970.785   0.000   
5970.785   0.000   5970.785   0.000   
5970.785   0.000   5970.785   0.000   
5970.785   0.000   5970.785   0.000   
5970.785   0.000   5970.785   0.000   
5970.785   0.000   5970.785   0.000   
5970.785   0.000   5970.785   0.000   
5970.785   0.000   5970.785   0.000   
5970.785   0.000   5970.785   0.000   
5970.785   0.000   5970.785   0.000   
5970.785   0.000   5970.785   0.000   
5970.785   0.000   5970.785   0.000   
5970.785   0.000   5970.785   0.000   
5970.785   0.000   5970.785   0.000   
5970.785   0.000   5970.785   0.000   
5970.785   0.000   5970.785   0.000   
5970.785   0.000   5970.785   0.000   
5970.785   0.000   5970.785   0.000   
5970.785   0.000   5970.785   0.000   
5970.785   0.000   5970.785   0.000   
5970.785   0.000   5970.785   0.000   
5970.785   0.000   5970.785   0.000   
5970.785   0.000   5970.785   0.000   
5970.785   0.000   5970.785   0.000   
5970.785   0.000   5970.785   0.000   
5970.785   0.000   5970.785   0.000   
5970.785   0.000   5970.785   0.000   
5970.785   0.000   5970.785   0.000   
5970.785   0.000   5970.785   0.000   
5970.785   0.000   5970.785   0.000   
5970.785   0.000   5970.785   0.000   
5970.785   0.000   5970.785   0.000   
5970.785   0.000   5970.785   0.000   
5970.785   0.000   5970.785   0.000   
5970.785   0.000   5970.785   0.000   
5970.785   0.000   5970.785   0.000   
5970.785   0.000   5970.785   0.000   
5970.785   0.000   5970.785   0.000   
5970.785   0.000   5970.785   0.000   
5970.785   0.000   5970.785   0.000   
5970.785   0.000   5970.785   0.000   
5970.785   0.000   5970.785   0.000   
5970.785   0.000   5970.785   0.000   
5970.785   0.000   5970.785   0.000   
5970.785   0.000   5970.785   0.000   
5970.785   0.000   5970.785   0.000   
5970.785   0.000   5970.785   0.000   
5970.785   0.000   5970.785   0.000   
5970.785   0.000   5970.785   0.000   
5970.785   0.000   5970.785   0.000   
5970.785   0.000   5970.785   0.000   
5970.785   0.000   5970.785   0.000   
5970.785   0.000   5970.785   0.000   
5970.785   0.000   5970.785   0.000   
5970.785   0.000   5970.785   0.000   
5970.785   0.000   5970.785   0.000   
5970.785   0.000   5970.785   0.000   
5970.785   0.000   5970.785   0.000   
5970.785   0.000   5970.785   0.000   
5970.785   0.000   5970.785   0.000   
5970.785   0.000   5970.785   0.000   
5970.785   0.000   5970.785   0.000   
5970.785   0.000   5970.785   0.000   
5970.785   0.000   5970.785   0.000   
5970.785   0.000   5970.785   0.000   
5970.785   0.000   5970.785   0.000   
5970.785   0.000   5970.785   0.000   
5970.785   0.000   5970.785   0.000   
5970.785   0.000   5970.785   0.000   
5970.785   0.000   5970.785   0.000   
5970.785   0.000   5970.785   0.000   
5970.785   0.000   5970.785   0.000   
5970.785   0.000   5970.785   0.000   
5970.785   0.000   5970.785   0.000   
5970.785   0.000   5970.785   0.000   
5970.785   0.000   5970.785   0.000   
5970.785   0.000   5970.785   0.000   
5970.785   0.000   5970.785   0.000   
5970.785   0.000   5970.785   0.000   
5970.785   0.000   5970.785   0.000   
5970.785   0.000   5970.785   0.000   
5970.785   0.000   5970.785   0.000   
5970.785   0.000   5970.785   0.000   
5970.785   0.000   5970.785   0.000   
5970.785   0.000   5970.785   0.000   
5970.785   0.000   5970.785   0.000   
5970.785   0.000   5970.785   0.000   
5970.785   0.000   5970.785   0.000   
5970.785   0.000   5970.785   0.000   
5970.785   0.000   5970.785   0.000   
5970.785   0.000   5970.785   0.000   
5970.785   0.000   5970.785   0.000   
5970.785   0.000   5970.785   0.000   
5970.785   0.000   5970.785   0.000   
5970.785   0.000   5970.785   0.000   
5970.785   0.000   5970.785   0.000   
5970.785   0.000   5970.785   0.000   
5970.785   0.000   5970.785   0.000   
5970.785   0.000   5970.785   0.000   
5970.785   0.000   5970.785   0.000   
5970.785   0.000   5970.785   0.000   
5970.785   0.000   5970.785   0.000   
5970.785   0.000   5970.785   0.000   
5970.785   0.000   5970.785   0.000   
5970.785   0.000   5970.785   0.000   
5970.785   0.000   5970.785   0.000   
5970.785   0.000   5970.785   0.000   
5970.785   0.000   5970.785   0.000   
5970.785   0.000   5970.785   0.000   
5970.785   0.000   5970.785   0.000   
5970.785   0.000   5970.785   0.000   
5970.785   0.000   5970.785   0.000   
5970.785   0.000   5970.785   0.000   
5970.785   0.000   5970.785   0.000   
5970.785   0.000   5970.785   0.000   
5970.785   0.000   5970.785   0.000   
5970.785   0.000   5970.785   0.000   
5970.785   0.000   5970.785   0.000   
5970.785   0.000   5970.785   0.000   
5970.785   0.000   5970.785   0.000   
5970.785   0.000   5970.785   0.000   
5970.785   0.000   5970.785   0.000   
5970.785   0.000   5970.785   0.000   
5970.785   0.000   5970.785   0.000   
5970.785   0.000   5970.785   0.000   
5970.785   0.000   5970.785   0.000   
5970.785   0.000   5970.785   0.000   
5970.785   0.000   5970.785   0.000   
5970.785   0.000   5970.785   0.000   
5970.785   0.000   5970.785   0.000   
5970.785   0.000   5970.785   0.000   
5970.785   0.000   5970.785   0.000   
5970.785   0.000   5970.785   0.000   
5970.785   0.000   5970.785   0.000   
5970.785   0.000   5970.785   0.000   
5970.785   0.000   5970.785   0.000   
5970.785   0.000   5970.785   0.000   
5970.785   0.000   5970.785   0.000   
5970.785   0.000   5970.785   0.000   
5970.785   0.000   5970.785   0.000   
5970.785   0.000   5970.785   0.000   
5970.785   0.000   5970.785   0.000   
5970.785   0.000   5970.785   0.000   
5970.785   0.000   5970.785   0.000   
5970.785   0.000   5970.785   0.000   
5970.785   0.000   5970.785   0.000   
5970.785   0.000   5970.785   0.000   
5970.785   0.000   5970.785   0.000   
5970.785   0.000   5970.785   0.000   
5970.785   0.000   5970.785   0.000   
5970.785   0.000   5970.785   0.000   
5970.785   0.000   5970.785   0.000   
5970.785   0.000   5970.785   0.000   
5970.785   0.000   5970.785   0.000   
5970.785   0.000   5970.785   0.000   
5970.785   0.000   5970.785   0.000   
5970.785   0.000   5970.785   0.000   
5970.785   0.000   5970.785   0.000   
5970.785   0.000   5970.785   0.000   
5970.785   0.000   5970.785   0.000   
5970.785   0.000   5970.785   0.000   
5970.785   0.000   5970.785   0.000   
5970.785   0.000   5970.785   0.000   
5970.785   0.000   5970.785   0.000   
5970.785   0.000   5970.785   0.000   
5970.785   0.000   5970.785   0.000   
5970.785   0.000   5970.785   0.000   
5970.785   0.000   5970.785   0.000   
5970.785   0.000   5970.785   0.000   
5970.785   0.000   5970.785   0.000   
5970.785   0.000   5970.785   0.000   
5970.785   0.000   5970.785   0.000   
5970.785   0.000   5970.785   0.000   
5970.785   0.000   5970.785   0.000   
5970.785   0.000   5970.785   0.000   
5970.785   0.000   5970.785   0.000   
5970.785   0.000   5970.785   0.000   
5970.785   0.000   5970.785   0.000   
5970.785   0.000   5970.785   0.000   
5970.785   0.000   5970.785   0.000   
5970.785   0.000   5970.785   0.000   
5970.785   0.000   5970.785   0.000   
5970.785   0.000   5970.785   0.000   
5970.785   0.000   5970.785   0.000   
5970.785   0.000   5970.785   0.000   
5970.785   0.000   5970.785   0.000   
5970.785   0.000   5970.785   0.000   
5970.785   0.000   5970.785   0.000   
5970.785   0.000   5970.785   0.000   
5970.785   0.000   5970.785   0.000   
5970.785   0.000   5970.785   0.000   
5970.785   0.000   5970.785   0.000   
5970.785   0.000   5970.785   0.000   
5970.785   0.000   5970.785   0.000   
5970.785   0.000   5970.785   0.000   
5970.785   0.000   5970.785   0.000   
5970.785   0.000   5970.785   0.000   
5970.785   0.000   5970.785   0.000   
5970.785   0.000   5970.785   0.000   
5970.785   0.000   5970.785   0.000   
5970.785   0.000   5970.785   0.000   
5970.785   0.000   5970.785   0.000   
5970.785   0.000   5970.785   0.000   
5970.785   0.000   5970.785   0.000   
5970.785   0.000   5970.785   0.000   
5970.785   0.000   5970.785   0.000   
5970.785   0.000   5970.785   0.000   
5970.785   0.000   5970.785   0.000   
5970.785   0.000   5970.785   0.000   
5970.785   0.000   5970.785   0.000   
5970.785   0.000   5970.785   0.000   
5970.785   0.000   5970.785   0.000   
5970.785   0.000   5970.785   0.000   
5970.785   0.000   5970.785   0.000   
5970.785   0.000   5970.785   0.000   
5970.785   0.000   5970.785   0.000   
5970.785   0.000   5970.785   0.000   
5970.785   0.000   5970.785   0.000   
5970.785   0.000   5970.785   0.000   
5970.785   0.000   5970.785   0.000   
5970.785   0.000   5970.785   0.000   
5970.785   0.000   5970.785   0.000   
5970.785   0.000   5970.785   0.000   
5970.785   0.000   5970.785   0.000   
5970.785   0.000   5970.785   0.000   
5970.785   0.000   5970.785   0.000   
5970.785   0.000   5970.785   0.000   
5970.785   0.000   5970.785   0.000   
5970.785   0.000   5970.785   0.000   
5970.785   0.000   5970.785   0.000   
5970.785   0.000   5970.785   0.000   
5970.785   0.000   5970.785   0.000   
5970.785   0.000   5970.785   0.000   
5970.785   0.000   5970.785   0.000   
5970.785   0.000   5970.785   0.000   
5970.785   0.000   5970.785   0.000   
5970.785   0.000   5970.785   0.000   
5970.785   0.000   5970.785   0.000   
5970.785   0.000   5970.785   0.000   
5970.785   0.000   5970.785   0.000   
5970.785   0.000   5970.785   0.000   
5970.785   0.000   5970.785   0.000   
5970.785   0.000   5970.785   0.000   
5970.785   0.000   5970.785   0.000   
5970.785   0.000   5970.785   0.000   
5970.785   0.000   5970.785   0.000   
5970.785   0.000   5970.785   0.000   
5970.785   0.000   5970.785   0.000   
5970.785   0.000   5970.785   0.000   
5970.785   0.000   5970.785   0.000   
5970.785   0.000   5970.785   0.000   
5970.785   0.000   5970.785   0.000   
5970.785   0.000   5970.785   0.000   
5970.785   0.000   5970.785   0.000   
5970.785   0.000   5970.785   0.000   
5970.785   0.000   5970.785   0.000   
5970.785   0.000   5970.785   0.000   
5970.785   0.000   5970.785   0.000   
5970.785   0.000   5970.785   0.000   
5970.785   0.000   5970.785   0.000   
5970.785   0.000   5970.785   0.000   
5970.785   0.000   5970.785   0.000   
5970.785   0.000   5970.785   0.000   
5970.785   0.000   5970.785   0.000   
5970.785   0.000   5970.785   0.000   
5970.785   0.000   5970.785   0.000   
5970.785   0.000   5970.785   0.000   
5970.785   0.000   5970.785   0.000   
5970.785   0.000   5970.785   0.000   
5970.785   0.000   5970.785   0.000   
5970.785   0.000   5970.785   0.000   
5970.785   0.000   5970.785   0.000   
5970.785   0.000   5970.785   0.000   
5970.785   0.000   5970.785   0.000   
5970.785   0.000   5970.785   0.000   
5970.785   0.000   5970.785   0.000   
5970.785   0.000   5970.785   0.000   
5970.785   0.000   5970.785   0.000   
5970.785   0.000   5970.785   0.000   
5970.785   0.000   5970.785   0.000   
5970.785   0.000   5970.785   0.000   
5970.785   0.000   5970.785   0.000   
5970.785   0.000   5970.785   0.000   
5970.785   0.000   5970.785   0.000   
5970.785   0.000   5970.785   0.000   
5970.785   0.000   5970.785   0.000   
5970.785   0.000   5970.785   0.000   
5970.785   0.000   5970.785   0.000   
5970.800   0.000   5970.785   0.000   
5970.790   0.000   5970.785   0.000   
5970.790   0.000   5970.785   0.000   
5970.790   0.000   5970.785   0.000   
5970.790   0.000   5970.790   0.000   
5970.790   0.000   5970.790   0.000   
5970.790   0.000   5970.790   0.000   
5970.790   0.000   5970.790   0.000   
5970.790   0.000   5970.790   0.000   
5970.790   0.000   5970.790   0.000   
5970.790   0.000   5970.790   0.000   
5970.790   0.000   5970.790   0.000   
5970.790   0.000   5970.790   0.000   
5970.790   0.000   5970.790   0.000   
5970.790   0.000   5970.790   0.000   
5970.790   0.000   5970.790   0.000   
5970.785   0.000   5970.790   0.000   
5970.780   0.000   5970.790   0.000   
5970.760   0.000   5970.790   0.000   
5970.715   0.000   5970.790   0.000   
5970.660   0.000   5970.785   0.000   
5970.540   0.000   5970.770   0.000   
5970.435   0.000   5970.745   0.000   
5970.215   0.000   5970.670   0.000   
5970.030   0.000   5970.595   0.000   
5969.690   0.000   5970.425   0.000   
5969.425   0.000   5970.275   0.000   
5969.135   0.000   5969.980   0.000   
5968.655   0.000   5969.735   0.000   
5968.310   0.000   5969.450   0.000   
5967.760   0.000   5968.965   0.000   
5967.375   0.000   5968.610   0.000   
5966.785   0.000   5968.030   0.000   
5966.390   0.000   5967.625   0.000   
5965.790   0.000   5966.995   0.000   
5965.390   0.000   5966.570   0.000   
5964.990   0.000   5965.930   0.000   
5964.400   0.000   5965.510   0.000   
5964.010   0.000   5965.095   0.000   
5963.450   0.000   5964.490   0.000   
5963.095   0.000   5964.095   0.000   
5962.600   0.000   5963.525   0.000   
5962.295   0.000   5963.155   0.000   
5961.890   0.000   5962.635   0.000   
5961.660   0.000   5962.315   0.000   
5961.460   0.000   5962.015   0.000   
5961.225   0.000   5961.620   0.000   
5961.105   0.000   5961.390   0.000   
5960.970   0.000   5961.110   0.000   
5960.905   0.000   5960.965   0.000   
5960.845   0.000   5960.820   0.000   
5960.825   0.000   5960.760   0.000   
5960.805   0.000   5960.710   0.000   
5960.820   0.000   5960.700   0.000   
5960.810   0.000   5960.705   0.000   
5960.810   0.000   5960.725   0.000   
5960.810   0.000   5960.755   0.000   
5960.810   0.000   5960.795   0.000   
5960.810   0.000   5960.815   0.000   
5960.810   0.000   5960.835   0.000   
5960.810   0.000   5960.840   0.000   
5960.810   0.000   5960.840   0.000   
5960.810   0.000   5960.835   0.000   
5960.810   0.000   5960.830   0.000   
5960.810   0.000   5960.820   0.000   
5960.810   0.000   5960.815   0.000   
5960.810   0.000   5960.805   0.000   
5960.810   0.000   5960.800   0.000   
5960.810   0.000   5960.795   0.000   
5960.810   0.000   5960.795   0.000   
5960.810   0.000   5960.800   0.000   
5960.810   0.000   5960.805   0.000   
5960.810   0.000   5960.805   0.000   
5960.810   0.000   5960.810   0.000   
5960.810   0.000   5960.810   0.000   
5960.810   0.000   5960.815   0.000   
5960.810   0.000   5960.815   0.000   
5960.810   0.000   5960.815   0.000   
5960.810   0.000   5960.810   0.000   
5960.810   0.000   5960.810   0.000   
5960.810   0.000   5960.810   0.000   
5960.810   0.000   5960.810   0.000   
5960.810   0.000   5960.810   0.000   
5960.810   0.000   5960.810   0.000   
5960.810   0.000   5960.810   0.000   
5960.810   0.000   5960.810   0.000   
5960.810   0.000   5960.810   0.000   
5960.810   0.000   5960.810   0.000   
5960.810   0.000   5960.810   0.000   
5960.810   0.000   5960.810   0.000   
5960.810   0.000   5960.810   0.000   
5960.810   0.000   5960.810   0.000   
5960.810   0.000   5960.810   0.000   
5960.810   0.000   5960.810   0.000   
5960.810   0.000   5960.810   0.000   
5960.810   0.000   5960.810   0.000   
5960.810   0.000   5960.810   0.000   
5960.810   0.000   5960.810   0.000   
5960.810   0.000   5960.810   0.000   
5960.810   0.000   5960.810   0.000   
5960.810   0.000   5960.810   0.000   
5960.810   0.000   5960.810   0.000   
5960.810   0.000   5960.810   0.000   
5960.810   0.000   5960.810   0.000   
5960.810   0.000   5960.810   0.000   
5960.810   0.000   5960.810   0.000   
5960.810   0.000   5960.810   0.000   
5960.810   0.000   5960.810   0.000   
5960.810   0.000   5960.810   0.000   
5960.810   0.000   5960.810   0.000   
5960.810   0.000   5960.810   0.000   
5960.810   0.000   5960.810   0.000   
5960.810   0.000   5960.810   0.000   
5960.810   0.000   5960.810   0.000   
5960.810   0.000   5960.810   0.000   
5960.810   0.000   5960.810   0.000   
5960.810   0.000   5960.810   0.000   
5960.810   0.000   5960.810   0.000   
5960.810   0.000   5960.810   0.000   
5960.810   0.000   5960.810   0.000   
5960.810   0.000   5960.810   0.000   
5960.810   0.000   5960.810   0.000   
5960.810   0.000   5960.810   0.000   
5960.810   0.000   5960.810   0.000   
5960.810   0.000   5960.810   0.000   
5960.810   0.000   5960.810   0.000   
5960.810   0.000   5960.810   0.000   
5960.810   0.000   5960.810   0.000   
5960.810   0.000   5960.810   0.000   
5960.810   0.000   5960.810   0.000   
5960.810   0.000   5960.810   0.000   
5960.810   0.000   5960.810   0.000   
5960.810   0.000   5960.810   0.000   
5960.810   0.000   5960.810   0.000   
5960.810   0.000   5960.810   0.000   
5960.810   0.000   5960.810   0.000   
5960.810   0.000   5960.810   0.000   
5960.810   0.000   5960.810   0.000   
5960.810   0.000   5960.810   0.000   
5960.810   0.000   5960.810   0.000   
5960.810   0.000   5960.810   0.000   
5960.810   0.000   5960.810   0.000   
5960.810   0.000   5960.810   0.000   
5960.810   0.000   5960.810   0.000   
5960.810   0.000   5960.810   0.000   
5960.810   0.000   5960.810   0.000   
5960.810   0.000   5960.810   0.000   
5960.810   0.000   5960.810   0.000   
5960.810   0.000   5960.810   0.000   
5960.810   0.000   5960.810   0.000   
5960.810   0.000   5960.810   0.000   
5960.810   0.000   5960.810   0.000   
5960.810   0.000   5960.810   0.000   
5960.810   0.000   5960.810   0.000   
5960.810   0.000   5960.810   0.000   
5960.810   0.000   5960.810   0.000   
5960.810   0.000   5960.810   0.000   
5960.810   0.000   5960.810   0.000   
5960.810   0.000   5960.810   0.000   
5960.810   0.000   5960.810   0.000   
5960.810   0.000   5960.810   0.000   
5960.810   0.000   5960.810   0.000   
5960.810   0.000   5960.810   0.000   
5960.810   0.000   5960.810   0.000   
5960.810   0.000   5960.810   0.000   
5960.810   0.000   5960.810   0.000   
5960.810   0.000   5960.810   0.000   
5960.810   0.000   5960.810   0.000   
5960.810   0.000   5960.810   0.000   
5960.810   0.000   5960.810   0.000   
5960.810   0.000   5960.810   0.000   
5960.810   0.000   5960.810   0.000   
5960.810   0.000   5960.810   0.000   
5960.810   0.000   5960.810   0.000   
5960.810   0.000   5960.810   0.000   
5960.810   0.000   5960.810   0.000   
5960.810   0.000   5960.810   0.000   
5960.810   0.000   5960.810   0.000   
5960.810   0.000   5960.810   0.000   
5960.810   0.000   5960.810   0.000   
5960.810   0.000   5960.810   0.000   
5960.810   0.000   5960.810   0.000   
5960.810   0.000   5960.810   0.000   
5960.810   0.000   5960.810   0.000   
5960.810   0.000   5960.810   0.000   
5960.810   0.000   5960.810   0.000   
5960.810   0.000   5960.810   0.000   
5960.810   0.000   5960.810   0.000   
5960.810   0.000   5960.810   0.000   
5960.810   0.000   5960.810   0.000   
5960.810   0.000   5960.810   0.000   
5960.810   0.000   5960.810   0.000   
5960.810   0.000   5960.810   0.000   
5960.810   0.000   5960.810   0.000   
5960.810   0.000   5960.810   0.000   
5960.810   0.000   5960.810   0.000   
5960.810   0.000   5960.810   0.000   
5960.810   0.000   5960.810   0.000   
5960.810   0.000   5960.810   0.000   
5960.810   0.000   5960.810   0.000   
5960.810   0.000   5960.810   0.000   
5960.810   0.000   5960.810   0.000   
5960.810   0.000   5960.810   0.000   
5960.810   0.000   5960.810   0.000   
5960.810   0.000   5960.810   0.000   
5960.810   0.000   5960.810   0.000   
5960.810   0.000   5960.810   0.000   
5960.810   0.000   5960.810   0.000   
5960.810   0.000   5960.810   0.000   
5960.810   0.000   5960.810   0.000   
5960.810   0.000   5960.810   0.000   
5960.810   0.000   5960.810   0.000   
5960.810   0.000   5960.810   0.000   
5960.810   0.000   5960.810   0.000   
5960.810   0.000   5960.810   0.000   
5960.810   0.000   5960.810   0.000   
5960.810   0.000   5960.810   0.000   
5960.810   0.000   5960.810   0.000   
5960.810   0.000   5960.810   0.000   
5960.810   0.000   5960.810   0.000   
5960.810   0.000   5960.810   0.000   
5960.810   0.000   5960.810   0.000   
5960.810   0.000   5960.810   0.000   
5960.810   0.000   5960.810   0.000   
5960.810   0.000   5960.810   0.000   
5960.810   0.000   5960.810   0.000   
5960.810   0.000   5960.810   0.000   
5960.810   0.000   5960.810   0.000   
5960.810   0.000   5960.810   0.000   
5960.810   0.000   5960.810   0.000   
5960.810   0.000   5960.810   0.000   
5960.810   0.000   5960.810   0.000   
5960.810   0.000   5960.810   0.000   
5960.810   0.000   5960.810   0.000   
5960.810   0.000   5960.810   0.000   
5960.810   0.000   5960.810   0.000   
5960.810   0.000   5960.810   0.000   
5960.810   0.000   5960.810   0.000   
5960.810   0.000   5960.810   0.000   
5960.810   0.000   5960.810   0.000   
5960.810   0.000   5960.810   0.000   
5960.810   0.000   5960.810   0.000   
5960.810   0.000   5960.810   0.000   
5960.805   0.000   5960.810   0.000   
5960.805   0.000   5960.810   0.000   
5960.805   0.000   5960.810   0.000   
5960.805   0.000   5960.810   0.000   
5960.805   0.000   5960.810   0.000   
5960.805   0.000   5960.805   0.000   
5960.805   0.000   5960.805   0.000   
5960.805   0.000   5960.805   0.000   
5960.805   0.000   5960.805   0.000   
5960.805   0.000   5960.805   0.000   
5960.805   0.000   5960.805   0.000   
5960.805   0.000   5960.805   0.000   
5960.810   0.000   5960.805   0.000   
5960.810   0.000   5960.805   0.000   
5960.810   0.000   5960.810   0.000   
5960.810   0.000   5960.810   0.000   
5960.810   0.000   5960.810   0.000   
5960.805   0.000   5960.810   0.000   
5960.805   0.000   5960.810   0.000   
5960.805   0.000   5960.810   0.000   
5960.805   0.000   5960.810   0.000   
5960.805   0.000   5960.805   0.000   
5960.805   0.000   5960.805   0.000   
5960.805   0.000   5960.805   0.000   
5960.805   0.000   5960.805   0.000   
5960.805   0.000   5960.805   0.000   
5960.805   0.000   5960.805   0.000   
5960.805   0.000   5960.805   0.000   
5960.805   0.000   5960.805   0.000   
5960.805   0.000   5960.805   0.000   
5960.805   0.000   5960.805   0.000   
5960.805   0.000   5960.805   0.000   
5960.805   0.000   5960.805   0.000   
5960.805   0.000   5960.805   0.000   
5960.805   0.000   5960.805   0.000   
5960.805   0.000   5960.805   0.000   
5960.805   0.000   5960.805   0.000   
5960.805   0.000   5960.805   0.000   
5960.805   0.000   5960.805   0.000   
5960.805   0.000   5960.805   0.000   
5960.805   0.000   5960.805   0.000   
5960.805   0.000   5960.805   0.000   
5960.805   0.000   5960.805   0.000   
5960.805   0.000   5960.805   0.000   
5960.805   0.000   5960.805   0.000   
5960.805   0.000   5960.805   0.000   
5960.805   0.000   5960.805   0.000   
5960.805   0.000   5960.805   0.000   
5960.805   0.000   5960.805   0.000   
5960.805   0.000   5960.805   0.000   
5960.805   0.000   5960.805   0.000   
5960.805   0.000   5960.805   0.000   
5960.805   0.000   5960.805   0.000   
5960.805   0.000   5960.805   0.000   
5960.805   0.000   5960.805   0.000   
5960.805   0.000   5960.805   0.000   
5960.805   0.000   5960.805   0.000   
5960.805   0.000   5960.805   0.000   
5960.805   0.000   5960.805   0.000   
5960.805   0.000   5960.805   0.000   
5960.805   0.000   5960.805   0.000   
5960.805   0.000   5960.805   0.000   
5960.805   0.000   5960.805   0.000   
5960.805   0.000   5960.805   0.000   
5960.805   0.000   5960.805   0.000   
5960.805   0.000   5960.805   0.000   
5960.805   0.000   5960.805   0.000   
5960.805   0.000   5960.805   0.000   
5960.805   0.000   5960.805   0.000   
5960.805   0.000   5960.805   0.000   
5960.805   0.000   5960.805   0.000   
5960.805   0.000   5960.805   0.000   
5960.805   0.000   5960.805   0.000   
5960.805   0.000   5960.805   0.000   
5960.805   0.000   5960.805   0.000   
5960.805   0.000   5960.805   0.000   
5960.805   0.000   5960.805   0.000   
5960.805   0.000   5960.805   0.000   
5960.805   0.000   5960.805   0.000   
5960.805   0.000   5960.805   0.000   
5960.805   0.000   5960.805   0.000   
5960.805   0.000   5960.805   0.000   
5960.805   0.000   5960.805   0.000   
5960.805   0.000   5960.805   0.000   
5960.805   0.000   5960.805   0.000   
5960.805   0.000   5960.805   0.000   
5960.805   0.000   5960.805   0.000   
5960.805   0.000   5960.805   0.000   
5960.805   0.000   5960.805   0.000   
5960.805   0.000   5960.805   0.000   
5960.805   0.000   5960.805   0.000   
5960.805   0.000   5960.805   0.000   
5960.805   0.000   5960.805   0.000   
5960.805   0.000   5960.805   0.000   
5960.805   0.000   5960.805   0.000   
5960.805   0.000   5960.805   0.000   
5960.805   0.000   5960.805   0.000   
5960.805   0.000   5960.805   0.000   
5960.805   0.000   5960.805   0.000   
5960.805   0.000   5960.805   0.000   
5960.805   0.000   5960.805   0.000   
5960.805   0.000   5960.805   0.000   
5960.805   0.000   5960.805   0.000   
5960.805   0.000   5960.805   0.000   
5960.805   0.000   5960.805   0.000   
5960.805   0.000   5960.805   0.000   
5960.805   0.000   5960.805   0.000   
5960.805   0.000   5960.805   0.000   
5960.805   0.000   5960.805   0.000   
5960.805   0.000   5960.805   0.000   
5960.805   0.000   5960.805   0.000   
5960.805   0.000   5960.805   0.000   
5960.805   0.000   5960.805   0.000   
5960.805   0.000   5960.805   0.000   
5960.805   0.000   5960.805   0.000   
5960.805   0.000   5960.805   0.000   
5960.805   0.000   5960.805   0.000   
5960.805   0.000   5960.805   0.000   
5960.805   0.000   5960.805   0.000   
5960.805   0.000   5960.805   0.000   
5960.805   0.000   5960.805   0.000   
5960.805   0.000   5960.805   0.000   
5960.805   0.000   5960.805   0.000   
5960.805   0.000   5960.805   0.000   
5960.805   0.000   5960.805   0.000   
5960.805   0.000   5960.805   0.000   
5960.805   0.000   5960.805   0.000   
5960.805   0.000   5960.805   0.000   
5960.805   0.000   5960.805   0.000   
5960.805   0.000   5960.805   0.000   
5960.805   0.000   5960.805   0.000   
5960.805   0.000   5960.805   0.000   
5960.805   0.000   5960.805   0.000   
5960.805   0.000   5960.805   0.000   
5960.805   0.000   5960.805   0.000   
5960.805   0.000   5960.805   0.000   
5960.805   0.000   5960.805   0.000   
5960.805   0.000   5960.805   0.000   
5960.805   0.000   5960.805   0.000   
5960.805   0.000   5960.805   0.000   
5960.805   0.000   5960.805   0.000   
5960.805   0.000   5960.805   0.000   
5960.805   0.000   5960.805   0.000   
5960.805   0.000   5960.805   0.000   
5960.805   0.000   5960.805   0.000   
5960.805   0.000   5960.805   0.000   
5960.805   0.000   5960.805   0.000   
5960.805   0.000   5960.805   0.000   
5960.805   0.000   5960.805   0.000   
5960.805   0.000   5960.805   0.000   
5960.805   0.000   5960.805   0.000   
5960.805   0.000   5960.805   0.000   
5960.805   0.000   5960.805   0.000   
5960.805   0.000   5960.805   0.000   
5960.805   0.000   5960.805   0.000   
5960.805   0.000   5960.805   0.000   
5960.805   0.000   5960.805   0.000   
5960.805   0.000   5960.805   0.000   
5960.805   0.000   5960.805   0.000   
5960.805   0.000   5960.805   0.000   
5960.805   0.000   5960.805   0.000   
5960.805   0.000   5960.805   0.000   
5960.805   0.000   5960.805   0.000   
5960.805   0.000   5960.805   0.000   
5960.805   0.000   5960.805   0.000   
5960.805   0.000   5960.805   0.000   
5960.805   0.000   5960.805   0.000   
5960.805   0.000   5960.805   0.000   
5960.805   0.000   5960.805   0.000   
5960.805   0.000   5960.805   0.000   
5960.805   0.000   5960.805   0.000   
5960.805   0.000   5960.805   0.000   
5960.805   0.000   5960.805   0.000   
5960.805   0.000   5960.805   0.000   
5960.805   0.000   5960.805   0.000   
5960.805   0.000   5960.805   0.000   
5960.805   0.000   5960.805   0.000   
5960.805   0.000   5960.805   0.000   
5960.805   0.000   5960.805   0.000   
5960.805   0.000   5960.805   0.000   
5960.805   0.000   5960.805   0.000   
5960.805   0.000   5960.805   0.000   
5960.805   0.000   5960.805   0.000   
5960.805   0.000   5960.805   0.000   
5960.805   0.000   5960.805   0.000   
5960.805   0.000   5960.805   0.000   
5960.805   0.000   5960.805   0.000   
5960.805   0.000   5960.805   0.000   
5960.805   0.000   5960.805   0.000   
5960.805   0.000   5960.805   0.000   
5960.805   0.000   5960.805   0.000   
5960.805   0.000   5960.805   0.000   
5960.805   0.000   5960.805   0.000   
5960.805   0.000   5960.805   0.000   
5960.805   0.000   5960.805   0.000   
5960.805   0.000   5960.805   0.000   
5960.805   0.000   5960.805   0.000   
5960.805   0.000   5960.805   0.000   
5960.805   0.000   5960.805   0.000   
5960.805   0.000   5960.805   0.000   
5960.805   0.000   5960.805   0.000   
5960.805   0.000   5960.805   0.000   
5960.805   0.000   5960.805   0.000   
5960.805   0.000   5960.805   0.000   
5960.805   0.000   5960.805   0.000   
5960.805   0.000   5960.805   0.000   
5960.805   0.000   5960.805   0.000   
5960.805   0.000   5960.805   0.000   
5960.805   0.000   5960.805   0.000   
5960.805   0.000   5960.805   0.000   
5960.805   0.000   5960.805   0.000   
5960.805   0.000   5960.805   0.000   
5960.805   0.000   5960.805   0.000   
5960.805   0.000   5960.805   0.000   
5960.805   0.000   5960.805   0.000   
5960.805   0.000   5960.805   0.000   
5960.810   0.000   5960.805   0.000   
5960.810   0.000   5960.805   0.000   
5960.810   0.000   5960.805   0.000   
5960.810   0.000   5960.810   0.000   
5960.810   0.000   5960.810   0.000   
5960.810   0.000   5960.810   0.000   
5960.810   0.000   5960.810   0.000   
5960.810   0.000   5960.810   0.000   
5960.810   0.000   5960.810   0.000   
5960.810   0.000   5960.810   0.000   
5960.810   0.000   5960.810   0.000   
5960.810   0.000   5960.810   0.000   
5960.810   0.000   5960.810   0.000   
5960.810   0.000   5960.810   0.000   
5960.810   0.000   5960.810   0.000   
5960.810   0.000   5960.810   0.000   
5960.810   0.000   5960.810   0.000   
5960.810   0.000   5960.810   0.000   
5960.810   0.000   5960.810   0.000   
5960.810   0.000   5960.810   0.000   
5960.810   0.000   5960.810   0.000   
5960.810   0.000   5960.810   0.000   
5960.810   0.000   5960.810   0.000   
5960.810   0.000   5960.810   0.000   
5960.810   0.000   5960.810   0.000   
5960.810   0.000   5960.810   0.000   
5960.810   0.000   5960.810   0.000   
5960.810   0.000   5960.810   0.000   
5960.810   0.000   5960.810   0.000   
5960.810   0.000   5960.810   0.000   
5960.810   0.000   5960.810   0.000   
5960.810   0.000   5960.810   0.000   
5960.810   0.000   5960.810   0.000   
5960.810   0.000   5960.810   0.000   
5960.810   0.000   5960.810   0.000   
5960.810   0.000   5960.810   0.000   
5960.810   0.000   5960.810   0.000   
5960.810   0.000   5960.810   0.000   
5960.810   0.000   5960.810   0.000   
5960.810   0.000   5960.810   0.000   
5960.810   0.000   5960.810   0.000   
5960.810   0.000   5960.810   0.000   
5960.810   0.000   5960.810   0.000   
5960.810   0.000   5960.810   0.000   
5960.810   0.000   5960.810   0.000   
5960.810   0.000   5960.810   0.000   
5960.810   0.000   5960.810   0.000   
5960.810   0.000   5960.810   0.000   
5960.810   0.000   5960.810   0.000   
5960.810   0.000   5960.810   0.000   
5960.810   0.000   5960.810   0.000   
5960.810   0.000   5960.810   0.000   
5960.810   0.000   5960.810   0.000   
5960.810   0.000   5960.810   0.000   
5960.810   0.000   5960.810   0.000   
5960.810   0.000   5960.810   0.000   
5960.800   0.000   5960.810   0.000   
5960.820   0.000   5960.810   0.000   
5960.830   0.000   5960.810   0.000   
5960.845   0.000   5960.810   0.000   
5960.860   0.000   5960.810   0.000   
5960.895   0.000   5960.825   0.000   
5960.930   0.000   5960.840   0.000   
5960.965   0.000   5960.865   0.000   
5960.995   0.000   5960.890   0.000   
5961.025   0.000   5960.915   0.000   
5961.085   0.000   5960.960   0.000   
5961.125   0.000   5960.995   0.000   
5961.185   0.000   5961.050   0.000   
5961.240   0.000   5961.090   0.000   
5961.310   0.000   5961.155   0.000   
5961.360   0.000   5961.205   0.000   
5961.415   0.000   5961.280   0.000   
5961.510   0.000   5961.330   0.000   
5961.570   0.000   5961.385   0.000   
5961.665   0.000   5961.475   0.000   
5961.740   0.000   5961.535   0.000   
5961.840   0.000   5961.635   0.000   
5961.910   0.000   5961.700   0.000   
5962.010   0.000   5961.805   0.000   
5962.065   0.000   5961.875   0.000   
5962.140   0.000   5961.980   0.000   
5962.240   0.000   5962.050   0.000   
5962.310   0.000   5962.115   0.000   
5962.410   0.000   5962.220   0.000   
5962.465   0.000   5962.285   0.000   
5962.565   0.000   5962.385   0.000   
5962.640   0.000   5962.450   0.000   
5962.730   0.000   5962.550   0.000   
5962.805   0.000   5962.615   0.000   
5962.875   0.000   5962.715   0.000   
5962.975   0.000   5962.780   0.000   
5963.030   0.000   5962.845   0.000   
5963.130   0.000   5962.945   0.000   
5963.205   0.000   5963.010   0.000   
5963.305   0.000   5963.110   0.000   
5963.375   0.000   5963.175   0.000   
5963.475   0.000   5963.280   0.000   
5963.530   0.000   5963.345   0.000   
5963.605   0.000   5963.415   0.000   
5963.705   0.000   5963.515   0.000   
5963.775   0.000   5963.585   0.000   
5963.875   0.000   5963.685   0.000   
5963.930   0.000   5963.750   0.000   
5964.030   0.000   5963.850   0.000   
5964.105   0.000   5963.915   0.000   
5964.175   0.000   5964.015   0.000   
5964.275   0.000   5964.080   0.000   
5964.330   0.000   5964.145   0.000   
5964.430   0.000   5964.245   0.000   
5964.505   0.000   5964.310   0.000   
5964.605   0.000   5964.410   0.000   
5964.675   0.000   5964.480   0.000   
5964.775   0.000   5964.580   0.000   
5964.830   0.000   5964.650   0.000   
5964.905   0.000   5964.750   0.000   
5965.005   0.000   5964.815   0.000   
5965.075   0.000   5964.880   0.000   
5965.175   0.000   5964.980   0.000   
5965.230   0.000   5965.045   0.000   
5965.330   0.000   5965.145   0.000   
5965.405   0.000   5965.210   0.000   
5965.505   0.000   5965.310   0.000   
5965.575   0.000   5965.380   0.000   
5965.630   0.000   5965.480   0.000   
5965.730   0.000   5965.545   0.000   
5965.805   0.000   5965.615   0.000   
5965.905   0.000   5965.715   0.000   
5965.975   0.000   5965.780   0.000   
5966.075   0.000   5965.885   0.000   
5966.130   0.000   5965.950   0.000   
5966.230   0.000   5966.050   0.000   
5966.305   0.000   5966.115   0.000   
5966.375   0.000   5966.215   0.000   
5966.475   0.000   5966.280   0.000   
5966.530   0.000   5966.345   0.000   
5966.630   0.000   5966.445   0.000   
5966.705   0.000   5966.510   0.000   
5966.805   0.000   5966.610   0.000   
5966.875   0.000   5966.680   0.000   
5966.975   0.000   5966.780   0.000   
5967.030   0.000   5966.845   0.000   
5967.105   0.000   5966.915   0.000   
5967.205   0.000   5967.015   0.000   
5967.275   0.000   5967.080   0.000   
5967.375   0.000   5967.180   0.000   
5967.430   0.000   5967.245   0.000   
5967.530   0.000   5967.345   0.000   
5967.605   0.000   5967.415   0.000   
5967.675   0.000   5967.515   0.000   
5967.775   0.000   5967.580   0.000   
5967.830   0.000   5967.645   0.000   
5967.930   0.000   5967.745   0.000   
5968.005   0.000   5967.810   0.000   
5968.105   0.000   5967.910   0.000   
5968.175   0.000   5967.980   0.000   
5968.275   0.000   5968.080   0.000   
5968.330   0.000   5968.145   0.000   
5968.405   0.000   5968.250   0.000   
5968.505   0.000   5968.315   0.000   
5968.575   0.000   5968.380   0.000   
5968.675   0.000   5968.480   0.000   
5968.730   0.000   5968.550   0.000   
5968.830   0.000   5968.645   0.000   
5968.905   0.000   5968.710   0.000   
5969.005   0.000   5968.810   0.000   
5969.075   0.000   5968.880   0.000   
5969.130   0.000   5968.980   0.000   
5969.230   0.000   5969.045   0.000   
5969.305   0.000   5969.110   0.000   
5969.405   0.000   5969.215   0.000   
5969.475   0.000   5969.280   0.000   
5969.575   0.000   5969.380   0.000   
5969.630   0.000   5969.450   0.000   
5969.740   0.000   5969.550   0.000   
5969.790   0.000   5969.615   0.000   
5969.850   0.000   5969.680   0.000   
5969.935   0.000   5969.780   0.000   
5970.000   0.000   5969.840   0.000   
5970.090   0.000   5969.930   0.000   
5970.135   0.000   5969.990   0.000   
5970.215   0.000   5970.070   0.000   
5970.265   0.000   5970.130   0.000   
5970.340   0.000   5970.205   0.000   
5970.390   0.000   5970.260   0.000   
5970.430   0.000   5970.310   0.000   
5970.510   0.000   5970.375   0.000   
5970.540   0.000   5970.425   0.000   
5970.605   0.000   5970.495   0.000   
5970.645   0.000   5970.535   0.000   
5970.705   0.000   5970.600   0.000   
5970.745   0.000   5970.640   0.000   
5970.770   0.000   5970.695   0.000   
5970.820   0.000   5970.735   0.000   
5970.805   0.045   5970.770   0.000   
5970.805   0.105   5970.820   0.000   
5970.795   0.130   5970.850   0.000   
5970.800   0.195   5970.860   0.020   
5970.800   0.235   5970.855   0.040   
5970.800   0.310   5970.835   0.095   
5970.800   0.340   5970.820   0.140   
5970.795   0.385   5970.815   0.200   
5970.795   0.455   5970.805   0.240   
5970.790   0.585   5970.795   0.350   
5970.790   0.650   5970.790   0.395   
5970.780   0.730   5970.785   0.465   
5970.785   0.785   5970.785   0.515   
5970.785   0.865   5970.785   0.590   
5970.785   0.925   5970.785   0.645   
5970.780   0.980   5970.785   0.700   
5970.780   1.075   5970.785   0.785   
5970.775   1.135   5970.785   0.840   
5970.770   1.245   5970.785   0.925   
5970.770   1.310   5970.780   0.990   
5970.765   1.410   5970.775   1.080   
5970.760   1.465   5970.770   1.145   
5970.755   1.565   5970.765   1.245   
5970.750   1.640   5970.760   1.310   
5970.735   1.710   5970.755   1.380   
5970.740   1.805   5970.750   1.480   
5970.735   1.875   5970.745   1.545   
5970.715   1.975   5970.740   1.645   
5970.710   2.030   5970.735   1.710   
5970.715   2.130   5970.725   1.810   
5970.710   2.205   5970.720   1.875   
5970.690   2.275   5970.710   1.975   
5970.695   2.370   5970.705   2.045   
5970.675   2.440   5970.700   2.110   
5970.680   2.540   5970.690   2.210   
5970.660   2.595   5970.685   2.275   
5970.650   2.705   5970.675   2.375   
5970.655   2.760   5970.670   2.440   
5970.630   2.860   5970.660   2.540   
5970.625   2.925   5970.650   2.605   
5970.615   3.000   5970.640   2.705   
5970.605   3.090   5970.630   2.775   
5970.595   3.165   5970.620   2.840   
5970.580   3.265   5970.605   2.940   
5970.575   3.335   5970.600   3.005   
5970.560   3.430   5970.585   3.105   
5970.550   3.500   5970.580   3.170   
5970.535   3.595   5970.570   3.270   
5970.530   3.665   5970.555   3.335   
5970.520   3.730   5970.545   3.435   
5970.505   3.830   5970.535   3.500   
5970.495   3.895   5970.525   3.565   
5970.480   3.995   5970.510   3.665   
5970.470   4.060   5970.500   3.730   
5970.450   4.155   5970.480   3.830   
5970.440   4.225   5970.470   3.895   
5970.415   4.310   5970.455   3.995   
5970.410   4.385   5970.445   4.060   
5970.400   4.455   5970.435   4.125   
5970.385   4.540   5970.415   4.225   
5970.370   4.605   5970.405   4.290   
5970.350   4.705   5970.390   4.390   
5970.340   4.770   5970.375   4.455   
5970.320   4.880   5970.355   4.555   
5970.310   4.945   5970.345   4.620   
5970.295   5.010   5970.320   4.715   
5970.275   5.110   5970.310   4.780   
5970.265   5.175   5970.295   4.845   
5970.235   5.260   5970.275   4.945   
5970.220   5.325   5970.265   5.010   
5970.210   5.435   5970.245   5.110   
5970.195   5.500   5970.235   5.175   
5970.160   5.585   5970.215   5.275   
5970.145   5.650   5970.200   5.340   
5970.130   5.715   5970.175   5.435   
5970.105   5.825   5970.160   5.500   
5970.090   5.890   5970.145   5.565   
5970.080   5.975   5970.120   5.665   
5970.065   6.040   5970.100   5.730   
5970.040   6.135   5970.075   5.825   
5970.025   6.200   5970.060   5.890   
5970.000   6.310   5970.035   5.990   
5969.970   6.375   5970.020   6.050   
5969.955   6.440   5970.005   6.115   
5969.930   6.525   5969.980   6.215   
5969.910   6.600   5969.965   6.275   
5969.885   6.685   5969.940   6.375   
5969.865   6.760   5969.925   6.440   
5969.840   6.845   5969.900   6.535   
5969.820   6.920   5969.880   6.600   
5969.805   7.005   5969.845   6.695   
5969.775   7.080   5969.830   6.760   
5969.755   7.145   5969.800   6.855   
5969.725   7.240   5969.780   6.920   
5969.705   7.305   5969.765   6.985   
5969.680   7.400   5969.730   7.080   
5969.660   7.450   5969.715   7.145   
5969.630   7.560   5969.685   7.240   
5969.610   7.610   5969.665   7.305   
5969.580   7.705   5969.640   7.400   
5969.560   7.770   5969.620   7.465   
5969.540   7.845   5969.600   7.525   
5969.505   7.940   5969.570   7.620   
5969.485   7.990   5969.550   7.685   
5969.445   8.085   5969.515   7.780   
5969.430   8.150   5969.495   7.845   
5969.390   8.255   5969.465   7.935   
5969.375   8.305   5969.440   8.000   
5969.355   8.370   5969.405   8.095   
5969.320   8.475   5969.380   8.160   
5969.290   8.525   5969.360   8.220   
5969.265   8.620   5969.325   8.315   
5969.245   8.695   5969.305   8.375   
5969.210   8.775   5969.270   8.470   
5969.185   8.840   5969.250   8.535   
5969.150   8.945   5969.215   8.630   
5969.130   8.995   5969.190   8.690   
5969.095   9.055   5969.155   8.785   
5969.070   9.150   5969.135   8.845   
5969.045   9.210   5969.110   8.910   
5968.995   9.305   5969.075   9.005   
5968.970   9.365   5969.050   9.065   
5968.945   9.460   5969.015   9.155   
5968.920   9.520   5968.985   9.220   
5968.880   9.615   5968.945   9.310   
5968.855   9.675   5968.920   9.375   
5968.830   9.735   5968.880   9.465   
5968.780   9.830   5968.855   9.530   
5968.765   9.890   5968.830   9.590   
5968.725   9.980   5968.795   9.680   
5968.700   10.045   5968.770   9.745   
5968.660   10.135   5968.730   9.835   
5968.620   10.195   5968.700   9.895   
5968.580   10.285   5968.660   9.990   
5968.550   10.360   5968.635   10.050   
5968.525   10.410   5968.610   10.110   
5968.480   10.500   5968.565   10.200   
5968.455   10.560   5968.535   10.260   
5968.410   10.650   5968.495   10.355   
5968.395   10.710   5968.465   10.415   
5968.340   10.800   5968.425   10.505   
5968.310   10.860   5968.395   10.565   
5968.270   10.950   5968.355   10.655   
5968.240   11.010   5968.325   10.715   
5968.210   11.070   5968.290   10.775   
5968.165   11.160   5968.255   10.865   
5968.135   11.220   5968.220   10.925   
5968.090   11.310   5968.180   11.015   
5968.065   11.370   5968.150   11.075   
5968.015   11.460   5968.100   11.165   
5967.985   11.520   5968.070   11.225   
5967.955   11.575   5968.030   11.315   
5967.900   11.665   5968.000   11.375   
5967.875   11.725   5967.970   11.435   
5967.830   11.815   5967.920   11.525   
5967.790   11.870   5967.885   11.580   
5967.750   11.960   5967.840   11.670   
5967.720   12.020   5967.810   11.730   
5967.670   12.105   5967.760   11.820   
5967.640   12.165   5967.730   11.875   
5967.610   12.225   5967.680   11.965   
5967.550   12.310   5967.650   12.025   
5967.525   12.370   5967.620   12.080   
5967.480   12.455   5967.570   12.170   
5967.445   12.505   5967.535   12.225   
5967.385   12.600   5967.485   12.315   
5967.360   12.660   5967.455   12.370   
5967.300   12.745   5967.405   12.460   
5967.265   12.800   5967.370   12.515   
5967.240   12.860   5967.320   12.605   
5967.180   12.935   5967.285   12.660   
5967.145   13.000   5967.250   12.715   
5967.105   13.085   5967.200   12.805   
5967.070   13.145   5967.165   12.860   
5967.005   13.230   5967.110   12.945   
5966.980   13.275   5967.080   13.005   
5966.920   13.360   5967.025   13.090   
5966.895   13.425   5966.990   13.145   
5966.860   13.485   5966.955   13.200   
5966.795   13.570   5966.900   13.285   
5966.760   13.615   5966.865   13.345   
5966.705   13.710   5966.815   13.430   
5966.670   13.770   5966.780   13.485   
5966.625   13.840   5966.725   13.570   
5966.575   13.895   5966.690   13.630   
5966.520   13.990   5966.630   13.715   
5966.495   14.045   5966.595   13.770   
5966.445   14.100   5966.555   13.825   
5966.390   14.170   5966.500   13.905   
5966.350   14.225   5966.460   13.960   
5966.295   14.320   5966.405   14.045   
5966.255   14.375   5966.365   14.100   
5966.200   14.445   5966.310   14.180   
5966.160   14.500   5966.270   14.235   
5966.120   14.555   5966.215   14.320   
5966.065   14.635   5966.180   14.375   
5966.025   14.690   5966.140   14.430   
5965.965   14.770   5966.080   14.510   
5965.925   14.825   5966.045   14.565   
5965.865   14.905   5965.980   14.645   
5965.825   14.970   5965.945   14.700   
5965.765   15.050   5965.880   14.780   
5965.725   15.090   5965.840   14.835   
5965.685   15.145   5965.780   14.915   
5965.625   15.235   5965.740   14.965   
5965.585   15.275   5965.700   15.020   
5965.525   15.355   5965.640   15.100   
5965.485   15.410   5965.600   15.150   
5965.425   15.500   5965.540   15.230   
5965.380   15.540   5965.500   15.285   
5965.320   15.630   5965.440   15.365   
5965.280   15.670   5965.395   15.420   
5965.240   15.735   5965.355   15.470   
5965.175   15.800   5965.295   15.550   
5965.135   15.850   5965.255   15.600   
5965.060   15.930   5965.190   15.680   
5965.025   15.980   5965.150   15.730   
5964.965   16.055   5965.085   15.810   
5964.910   16.120   5965.040   15.860   
5964.845   16.185   5964.975   15.935   
5964.810   16.235   5964.930   15.985   
5964.770   16.285   5964.885   16.035   
5964.705   16.360   5964.825   16.115   
5964.650   16.410   5964.780   16.165   
5964.585   16.485   5964.715   16.240   
5964.550   16.535   5964.670   16.290   
5964.475   16.615   5964.605   16.365   
5964.440   16.665   5964.565   16.415   
5964.400   16.715   5964.500   16.490   
5964.320   16.780   5964.455   16.545   
5964.275   16.835   5964.415   16.595   
5964.220   16.910   5964.345   16.670   
5964.175   16.960   5964.300   16.720   
5964.095   17.035   5964.230   16.790   
5964.050   17.080   5964.185   16.840   
5963.980   17.155   5964.115   16.915   
5963.935   17.205   5964.070   16.965   
5963.900   17.250   5964.000   17.035   
5963.820   17.315   5963.955   17.085   
5963.775   17.370   5963.910   17.135   
5963.705   17.445   5963.840   17.205   
5963.670   17.495   5963.795   17.255   
5963.600   17.555   5963.725   17.325   
5963.555   17.610   5963.680   17.375   
5963.485   17.675   5963.610   17.445   
5963.425   17.730   5963.565   17.495   
5963.390   17.780   5963.495   17.565   
5963.305   17.850   5963.450   17.615   
5963.270   17.885   5963.400   17.660   
5963.185   17.955   5963.330   17.735   
5963.140   18.000   5963.280   17.780   
5963.065   18.070   5963.205   17.850   
5963.030   18.115   5963.155   17.895   
5962.945   18.185   5963.085   17.965   
5962.895   18.230   5963.035   18.010   
5962.850   18.275   5962.990   18.055   
5962.775   18.345   5962.915   18.125   
5962.725   18.390   5962.865   18.170   
5962.655   18.470   5962.795   18.240   
5962.605   18.515   5962.745   18.285   
5962.530   18.570   5962.670   18.355   
5962.480   18.615   5962.625   18.400   
5962.405   18.695   5962.550   18.470   
5962.355   18.725   5962.500   18.515   
5962.305   18.770   5962.450   18.560   
5962.230   18.835   5962.375   18.625   
5962.180   18.880   5962.325   18.670   
5962.105   18.945   5962.250   18.735   
5962.055   19.000   5962.200   18.780   
5961.980   19.065   5962.120   18.845   
5961.930   19.095   5962.070   18.885   
5961.875   19.140   5961.995   18.955   
5961.800   19.205   5961.945   18.995   
5961.750   19.245   5961.895   19.040   
5961.675   19.310   5961.820   19.105   
5961.620   19.365   5961.765   19.150   
5961.545   19.430   5961.690   19.210   
5961.485   19.460   5961.640   19.255   
5961.415   19.520   5961.565   19.315   
5961.365   19.575   5961.510   19.360   
5961.310   19.605   5961.435   19.425   
5961.235   19.665   5961.380   19.465   
5961.180   19.705   5961.330   19.505   
5961.100   19.770   5961.250   19.570   
5961.050   19.810   5961.195   19.610   
5960.960   19.870   5961.120   19.670   
5960.915   19.910   5961.065   19.710   
5960.835   19.970   5960.985   19.775   
5960.785   20.010   5960.930   19.815   
5960.720   20.050   5960.850   19.875   
5960.640   20.110   5960.800   19.915   
5960.595   20.150   5960.745   19.955   
5960.515   20.210   5960.665   20.015   
5960.465   20.250   5960.615   20.055   
5960.385   20.310   5960.535   20.115   
5960.330   20.350   5960.480   20.155   
5960.235   20.405   5960.400   20.215   
5960.190   20.435   5960.345   20.255   
5960.140   20.480   5960.290   20.290   
5960.045   20.540   5960.210   20.350   
5959.990   20.580   5960.155   20.390   
5959.920   20.625   5960.070   20.445   
5959.865   20.670   5960.015   20.485   
5959.770   20.730   5959.935   20.540   
5959.715   20.765   5959.880   20.580   
5959.660   20.805   5959.795   20.635   
5959.590   20.850   5959.740   20.675   
5959.520   20.895   5959.685   20.710   
5959.450   20.950   5959.605   20.765   
5959.395   20.980   5959.550   20.805   
5959.310   21.045   5959.465   20.860   
5959.255   21.080   5959.410   20.895   
5959.170   21.135   5959.325   20.955   
5959.100   21.170   5959.265   20.990   
5959.045   21.205   5959.185   21.045   
5958.960   21.245   5959.125   21.080   
5958.915   21.280   5959.070   21.115   
5958.830   21.345   5958.985   21.165   
5958.760   21.380   5958.925   21.200   
5958.675   21.420   5958.840   21.255   
5958.620   21.455   5958.785   21.290   
5958.545   21.505   5958.700   21.340   
5958.475   21.540   5958.640   21.375   
5958.430   21.575   5958.555   21.430   
5958.345   21.625   5958.500   21.465   
5958.275   21.660   5958.440   21.495   
5958.200   21.710   5958.355   21.550   
5958.130   21.740   5958.300   21.585   
5958.055   21.790   5958.210   21.635   
5957.985   21.835   5958.155   21.665   
5957.895   21.870   5958.065   21.715   
5957.840   21.915   5958.005   21.750   
5957.780   21.935   5957.950   21.780   
5957.690   21.995   5957.860   21.830   
5957.635   22.015   5957.805   21.860   
5957.545   22.060   5957.710   21.910   
5957.485   22.095   5957.655   21.940   
5957.400   22.140   5957.570   21.990   
5957.340   22.170   5957.505   22.020   
5957.250   22.220   5957.425   22.070   
5957.190   22.250   5957.365   22.100   
5957.135   22.280   5957.305   22.130   
5957.045   22.325   5957.215   22.175   
5956.985   22.355   5957.155   22.210   
5956.895   22.400   5957.065   22.255   
5956.835   22.430   5957.010   22.285   
5956.745   22.470   5956.920   22.330   
5956.685   22.500   5956.860   22.360   
5956.625   22.530   5956.765   22.405   
5956.535   22.565   5956.705   22.430   
5956.475   22.600   5956.645   22.460   
5956.385   22.645   5956.555   22.505   
5956.325   22.675   5956.495   22.530   
5956.225   22.715   5956.405   22.575   
5956.170   22.735   5956.345   22.605   
5956.080   22.785   5956.255   22.645   
5956.020   22.815   5956.195   22.675   
5955.960   22.840   5956.100   22.715   
5955.860   22.880   5956.040   22.745   
5955.805   22.910   5955.980   22.770   
5955.715   22.945   5955.890   22.815   
5955.655   22.975   5955.830   22.840   
5955.560   23.015   5955.735   22.880   
5955.500   23.040   5955.675   22.905   
5955.400   23.080   5955.580   22.945   
5955.345   23.105   5955.520   22.975   
5955.285   23.130   5955.460   23.000   
5955.195   23.155   5955.370   23.040   
5955.130   23.190   5955.305   23.065   
5955.030   23.230   5955.215   23.100   
5954.975   23.255   5955.150   23.125   
5954.875   23.280   5955.060   23.165   
5954.820   23.305   5955.000   23.190   
5954.720   23.355   5954.905   23.225   
5954.665   23.365   5954.845   23.250   
5954.595   23.390   5954.780   23.275   
5954.510   23.425   5954.685   23.315   
5954.450   23.445   5954.625   23.340   
5954.345   23.480   5954.530   23.375   
5954.290   23.505   5954.470   23.395   
5954.200   23.535   5954.375   23.430   
5954.125   23.560   5954.310   23.450   
5954.070   23.580   5954.220   23.485   
5953.980   23.615   5954.155   23.510   
5953.905   23.650   5954.090   23.530   
5953.820   23.670   5954.000   23.565   
5953.760   23.690   5953.935   23.585   
5953.665   23.725   5953.840   23.620   
5953.590   23.745   5953.780   23.645   
5953.495   23.775   5953.685   23.675   
5953.440   23.795   5953.620   23.695   
5953.380   23.815   5953.525   23.725   
5953.285   23.845   5953.460   23.750   
5953.220   23.865   5953.400   23.770   
5953.125   23.895   5953.300   23.800   
5953.050   23.915   5953.240   23.815   
5952.965   23.945   5953.145   23.845   
5952.890   23.955   5953.080   23.865   
5952.795   23.990   5952.985   23.895   
5952.730   24.010   5952.920   23.915   
5952.675   24.030   5952.825   23.945   
5952.570   24.060   5952.760   23.965   
5952.505   24.075   5952.695   23.985   
5952.410   24.105   5952.600   24.010   
5952.345   24.120   5952.535   24.030   
5952.250   24.140   5952.440   24.060   
5952.185   24.165   5952.375   24.075   
5952.100   24.190   5952.275   24.105   
5952.035   24.210   5952.215   24.120   
5951.960   24.225   5952.150   24.140   
5951.875   24.250   5952.055   24.165   
5951.810   24.255   5951.990   24.180   
5951.700   24.290   5951.890   24.205   
5951.635   24.305   5951.830   24.225   
5951.550   24.330   5951.730   24.245   
5951.485   24.345   5951.665   24.265   
5951.375   24.355   5951.570   24.285   
5951.310   24.370   5951.505   24.300   
5951.245   24.385   5951.440   24.320   
5951.160   24.420   5951.340   24.340   
5951.095   24.435   5951.275   24.355   
5950.985   24.445   5951.175   24.380   
5950.920   24.460   5951.110   24.395   
5950.835   24.490   5951.015   24.415   
5950.770   24.490   5950.950   24.430   
5950.705   24.505   5950.850   24.450   
5950.595   24.535   5950.785   24.465   
5950.540   24.535   5950.720   24.475   
5950.430   24.555   5950.625   24.495   
5950.365   24.565   5950.560   24.510   
5950.265   24.585   5950.460   24.525   
5950.200   24.595   5950.395   24.540   
5950.115   24.615   5950.295   24.560   
5950.050   24.625   5950.230   24.570   
5949.970   24.650   5950.130   24.590   
5949.885   24.655   5950.065   24.600   
5949.820   24.665   5950.000   24.610   
5949.720   24.685   5949.900   24.630   
5949.655   24.695   5949.835   24.640   
5949.545   24.710   5949.740   24.655   
5949.490   24.710   5949.670   24.670   
5949.380   24.730   5949.575   24.685   
5949.325   24.740   5949.510   24.695   
5949.260   24.750   5949.410   24.710   
5949.160   24.765   5949.345   24.720   
5949.080   24.765   5949.275   24.730   
5948.995   24.785   5949.180   24.740   
5948.915   24.795   5949.110   24.750   
5948.830   24.800   5949.010   24.765   
5948.750   24.815   5948.945   24.775   
5948.665   24.820   5948.845   24.785   
5948.585   24.835   5948.780   24.795   
5948.520   24.845   5948.710   24.805   
5948.420   24.855   5948.615   24.815   
5948.355   24.855   5948.550   24.825   
5948.255   24.865   5948.445   24.835   
5948.200   24.870   5948.385   24.845   
5948.100   24.880   5948.280   24.855   
5948.035   24.885   5948.215   24.865   
5947.955   24.900   5948.115   24.870   
5947.855   24.900   5948.050   24.880   
5947.790   24.905   5947.985   24.885   
5947.690   24.925   5947.885   24.895   
5947.635   24.930   5947.815   24.900   
5947.525   24.925   5947.715   24.905   
5947.470   24.930   5947.650   24.910   
5947.370   24.950   5947.550   24.920   
5947.290   24.940   5947.485   24.925   
5947.225   24.945   5947.385   24.930   
5947.125   24.965   5947.320   24.935   
5947.070   24.955   5947.250   24.940   
5946.970   24.960   5947.150   24.950   
5946.890   24.975   5947.085   24.950   
5946.790   24.965   5946.985   24.960   
5946.725   24.970   5946.920   24.960   
5946.625   24.985   5946.820   24.965   
5946.560   24.975   5946.755   24.965   
5946.505   24.975   5946.650   24.970   
5946.405   24.980   5946.585   24.975   
5946.325   24.980   5946.520   24.975   
5946.225   24.985   5946.420   24.980   
5946.160   24.985   5946.355   24.980   
5946.060   24.985   5946.255   24.980   
5946.005   25.000   5946.185   24.985   
5945.905   24.990   5946.090   24.985   
5945.825   24.990   5946.020   24.985   
5945.760   24.990   5945.955   24.990   
5945.660   24.990   5945.855   24.990   
5945.605   24.990   5945.790   24.990   
5945.505   24.990   5945.690   24.990   
5945.425   24.985   5945.620   24.990   
5945.325   24.985   5945.520   24.990   
5945.260   24.975   5945.455   24.990   
5945.160   24.980   5945.355   24.985   
5945.105   24.980   5945.285   24.985   
5945.025   24.980   5945.220   24.985   
5944.925   24.975   5945.120   24.980   
5944.860   24.965   5945.055   24.980   
5944.760   24.970   5944.955   24.975   
5944.705   24.970   5944.890   24.975   
5944.605   24.955   5944.790   24.975   
5944.525   24.960   5944.720   24.970   
5944.460   24.950   5944.620   24.965   
5944.360   24.955   5944.555   24.965   
5944.305   24.950   5944.490   24.960   
5944.205   24.945   5944.390   24.960   
5944.140   24.940   5944.320   24.955   
5944.040   24.920   5944.220   24.950   
5943.960   24.915   5944.155   24.945   
5943.860   24.920   5944.055   24.935   
5943.795   24.915   5943.990   24.935   
5943.740   24.910   5943.890   24.925   
5943.640   24.890   5943.820   24.920   
5943.575   24.885   5943.755   24.915   
5943.475   24.875   5943.655   24.910   
5943.395   24.870   5943.590   24.905   
5943.295   24.860   5943.490   24.895   
5943.230   24.855   5943.425   24.890   
5943.130   24.845   5943.325   24.880   
5943.065   24.835   5943.255   24.870   
5943.010   24.830   5943.160   24.865   
5942.900   24.830   5943.090   24.855   
5942.845   24.810   5943.025   24.850   
5942.745   24.810   5942.925   24.840   
5942.680   24.790   5942.860   24.830   
5942.580   24.775   5942.760   24.820   
5942.515   24.765   5942.695   24.810   
5942.415   24.755   5942.595   24.800   
5942.350   24.745   5942.530   24.790   
5942.270   24.735   5942.465   24.780   
5942.170   24.725   5942.365   24.765   
5942.105   24.715   5942.300   24.760   
5942.005   24.700   5942.200   24.745   
5941.940   24.690   5942.130   24.735   
5941.855   24.675   5942.035   24.725   
5941.790   24.665   5941.965   24.715   
5941.710   24.655   5941.870   24.700   
5941.625   24.630   5941.805   24.690   
5941.560   24.625   5941.740   24.680   
5941.460   24.610   5941.640   24.665   
5941.395   24.590   5941.575   24.655   
5941.285   24.580   5941.480   24.635   
5941.220   24.560   5941.410   24.625   
5941.120   24.550   5941.315   24.605   
5941.055   24.540   5941.250   24.595   
5940.990   24.525   5941.150   24.580   
5940.905   24.505   5941.085   24.565   
5940.825   24.485   5941.020   24.555   
5940.675   24.460   5940.855   24.520   
5940.565   24.445   5940.755   24.505   
5940.500   24.430   5940.690   24.490   
5940.415   24.405   5940.590   24.470   
5940.350   24.395   5940.530   24.460   
5940.285   24.380   5940.430   24.435   
5940.175   24.345   5940.365   24.425   
5940.110   24.330   5940.300   24.410   
5940.025   24.305   5940.205   24.385   
5939.960   24.290   5940.140   24.370   
5939.850   24.280   5940.045   24.350   
5939.785   24.265   5939.980   24.335   
5939.700   24.240   5939.880   24.310   
5939.635   24.225   5939.815   24.295   
5939.560   24.195   5939.750   24.280   
5939.475   24.170   5939.650   24.255   
5939.410   24.155   5939.590   24.240   
5939.300   24.130   5939.490   24.215   
5939.245   24.125   5939.425   24.200   
5939.140   24.085   5939.330   24.175   
5939.075   24.065   5939.265   24.155   
5938.980   24.040   5939.170   24.130   
5938.915   24.020   5939.105   24.115   
5938.860   24.005   5939.040   24.095   
5938.755   23.975   5938.945   24.065   
5938.700   23.955   5938.880   24.050   
5938.595   23.940   5938.785   24.020   
5938.540   23.910   5938.720   24.005   
5938.445   23.880   5938.625   23.975   
5938.385   23.860   5938.560   23.955   
5938.320   23.840   5938.465   23.925   
5938.225   23.810   5938.400   23.905   
5938.150   23.790   5938.340   23.890   
5938.065   23.760   5938.240   23.860   
5937.990   23.740   5938.180   23.835   
5937.905   23.710   5938.085   23.810   
5937.845   23.680   5938.020   23.785   
5937.750   23.655   5937.925   23.760   
5937.675   23.635   5937.860   23.740   
5937.620   23.615   5937.765   23.705   
5937.530   23.580   5937.705   23.685   
5937.455   23.560   5937.640   23.665   
5937.370   23.515   5937.545   23.630   
5937.310   23.500   5937.485   23.610   
5937.215   23.460   5937.390   23.575   
5937.150   23.445   5937.330   23.555   
5937.055   23.410   5937.235   23.520   
5936.985   23.380   5937.170   23.500   
5936.930   23.365   5937.075   23.465   
5936.840   23.330   5937.015   23.440   
5936.775   23.310   5936.950   23.420   
5936.680   23.260   5936.855   23.385   
5936.620   23.235   5936.795   23.360   
5936.530   23.200   5936.700   23.325   
5936.465   23.175   5936.640   23.300   
5936.375   23.150   5936.550   23.265   
5936.310   23.110   5936.485   23.240   
5936.250   23.085   5936.425   23.215   
5936.155   23.060   5936.330   23.180   
5936.095   23.035   5936.270   23.155   
5936.005   22.995   5936.175   23.115   
5935.940   22.970   5936.115   23.090   
5935.850   22.930   5936.025   23.050   
5935.780   22.905   5935.960   23.025   
5935.695   22.865   5935.870   22.985   
5935.635   22.825   5935.810   22.960   
5935.575   22.800   5935.745   22.935   
5935.475   22.770   5935.655   22.895   
5935.420   22.730   5935.595   22.865   
5935.330   22.700   5935.505   22.830   
5935.270   22.660   5935.445   22.800   
5935.180   22.630   5935.350   22.760   
5935.120   22.590   5935.290   22.730   
5935.060   22.560   5935.200   22.685   
5934.970   22.515   5935.140   22.660   
5934.910   22.490   5935.080   22.630   
5934.820   22.445   5934.990   22.590   
5934.760   22.415   5934.930   22.560   
5934.670   22.370   5934.840   22.515   
5934.610   22.340   5934.780   22.485   
5934.520   22.300   5934.690   22.445   
5934.460   22.270   5934.630   22.415   
5934.400   22.240   5934.540   22.370   
5934.310   22.185   5934.480   22.340   
5934.255   22.160   5934.420   22.310   
5934.165   22.115   5934.330   22.270   
5934.105   22.085   5934.270   22.235   
5934.030   22.040   5934.185   22.190   
5933.960   22.005   5934.130   22.155   
5933.870   21.950   5934.040   22.110   
5933.825   21.925   5933.980   22.080   
5933.755   21.895   5933.920   22.050   
5933.665   21.845   5933.835   22.000   
5933.620   21.815   5933.780   21.970   
5933.520   21.765   5933.690   21.920   
5933.475   21.725   5933.630   21.890   
5933.375   21.685   5933.545   21.840   
5933.315   21.655   5933.485   21.810   
5933.230   21.605   5933.400   21.760   
5933.185   21.560   5933.340   21.730   
5933.115   21.525   5933.280   21.695   
5933.030   21.475   5933.195   21.645   
5932.985   21.440   5933.135   21.615   
5932.885   21.400   5933.055   21.560   
5932.830   21.355   5932.995   21.530   
5932.745   21.315   5932.910   21.475   
5932.700   21.280   5932.850   21.440   
5932.630   21.245   5932.765   21.390   
5932.545   21.180   5932.710   21.355   
5932.490   21.145   5932.655   21.325   
5932.405   21.105   5932.570   21.270   
5932.360   21.055   5932.515   21.235   
5932.275   21.015   5932.430   21.185   
5932.220   20.980   5932.370   21.150   
5932.135   20.925   5932.285   21.095   
5932.080   20.875   5932.230   21.060   
5932.025   20.840   5932.145   21.005   
5931.930   20.785   5932.090   20.970   
5931.885   20.745   5932.035   20.930   
5931.790   20.690   5931.955   20.875   
5931.735   20.665   5931.900   20.840   
5931.665   20.595   5931.815   20.785   
5931.610   20.560   5931.760   20.745   
5931.515   20.500   5931.675   20.690   
5931.460   20.465   5931.625   20.650   
5931.405   20.425   5931.540   20.595   
5931.325   20.370   5931.485   20.555   
5931.270   20.330   5931.430   20.520   
5931.200   20.285   5931.350   20.460   
5931.145   20.235   5931.295   20.425   
5931.065   20.175   5931.215   20.365   
5931.010   20.135   5931.160   20.330   
5930.930   20.075   5931.080   20.270   
5930.865   20.035   5931.025   20.230   
5930.820   19.995   5930.970   20.190   
5930.740   19.935   5930.890   20.130   
5930.690   19.895   5930.835   20.090   
5930.600   19.835   5930.755   20.030   
5930.555   19.795   5930.705   19.990   
5930.475   19.735   5930.625   19.930   
5930.415   19.695   5930.570   19.890   
5930.370   19.655   5930.490   19.830   
5930.290   19.590   5930.440   19.790   
5930.240   19.550   5930.385   19.750   
5930.160   19.480   5930.305   19.690   
5930.100   19.445   5930.255   19.650   
5930.030   19.385   5930.175   19.585   
5929.970   19.345   5930.125   19.545   
5929.900   19.270   5930.045   19.485   
5929.850   19.235   5929.995   19.440   
5929.800   19.185   5929.915   19.380   
5929.725   19.120   5929.865   19.335   
5929.670   19.085   5929.815   19.295   
5929.595   19.020   5929.740   19.230   
5929.545   18.980   5929.690   19.185   
5929.470   18.915   5929.615   19.120   
5929.410   18.870   5929.560   19.080   
5929.340   18.795   5929.485   19.015   
5929.290   18.760   5929.435   18.970   
5929.240   18.720   5929.360   18.905   
5929.165   18.650   5929.310   18.865   
5929.115   18.610   5929.260   18.820   
5929.040   18.545   5929.180   18.755   
5928.990   18.500   5929.130   18.710   
5928.920   18.420   5929.055   18.645   
5928.870   18.375   5929.005   18.600   
5928.795   18.305   5928.935   18.535   
5928.760   18.260   5928.890   18.490   
5928.700   18.215   5928.815   18.420   
5928.625   18.145   5928.765   18.375   
5928.590   18.100   5928.715   18.330   
5928.505   18.030   5928.645   18.260   
5928.455   17.985   5928.595   18.215   
5928.385   17.915   5928.525   18.145   
5928.335   17.870   5928.475   18.100   
5928.265   17.800   5928.405   18.030   
5928.230   17.755   5928.360   17.985   
5928.170   17.720   5928.305   17.940   
5928.110   17.650   5928.235   17.870   
5928.050   17.590   5928.190   17.825   
5927.980   17.520   5928.115   17.755   
5927.935   17.470   5928.070   17.710   
5927.865   17.400   5928.000   17.635   
5927.820   17.350   5927.950   17.590   
5927.785   17.305   5927.885   17.515   
5927.705   17.230   5927.840   17.470   
5927.670   17.180   5927.795   17.420   
5927.590   17.110   5927.725   17.350   
5927.555   17.060   5927.680   17.300   
5927.475   16.990   5927.610   17.230   
5927.430   16.940   5927.565   17.180   
5927.375   16.865   5927.495   17.105   
5927.315   16.830   5927.450   17.060   
5927.270   16.770   5927.385   16.985   
5927.215   16.695   5927.340   16.935   
5927.170   16.645   5927.290   16.890   
5927.105   16.570   5927.225   16.815   
5927.060   16.520   5927.180   16.765   
5926.995   16.445   5927.110   16.690   
5926.940   16.395   5927.070   16.640   
5926.885   16.320   5927.005   16.565   
5926.830   16.270   5926.960   16.515   
5926.795   16.210   5926.895   16.440   
5926.730   16.140   5926.850   16.390   
5926.690   16.090   5926.810   16.340   
5926.625   16.015   5926.745   16.265   
5926.580   15.965   5926.700   16.210   
5926.515   15.890   5926.635   16.135   
5926.465   15.835   5926.590   16.085   
5926.400   15.760   5926.530   16.010   
5926.365   15.700   5926.485   15.960   
5926.325   15.655   5926.445   15.905   
5926.265   15.580   5926.380   15.830   
5926.220   15.525   5926.335   15.780   
5926.160   15.450   5926.275   15.700   
5926.110   15.395   5926.230   15.650   
5926.055   15.315   5926.170   15.570   
5926.015   15.265   5926.130   15.520   
5925.955   15.175   5926.070   15.440   
5925.915   15.130   5926.030   15.390   
5925.875   15.080   5925.990   15.335   
5925.815   14.990   5925.925   15.255   
5925.775   14.945   5925.890   15.200   
5925.715   14.865   5925.830   15.125   
5925.675   14.815   5925.790   15.070   
5925.615   14.735   5925.730   14.990   
5925.575   14.670   5925.690   14.940   
5925.535   14.615   5925.630   14.860   
5925.475   14.535   5925.590   14.805   
5925.450   14.480   5925.550   14.750   
5925.380   14.410   5925.490   14.670   
5925.340   14.355   5925.450   14.615   
5925.285   14.270   5925.395   14.535   
5925.245   14.220   5925.355   14.480   
5925.190   14.125   5925.300   14.400   
5925.165   14.070   5925.265   14.345   
5925.115   14.015   5925.205   14.260   
5925.070   13.945   5925.170   14.205   
5925.020   13.890   5925.130   14.155   
5924.965   13.805   5925.075   14.070   
5924.940   13.750   5925.035   14.015   
5924.885   13.655   5924.980   13.935   
5924.835   13.600   5924.945   13.875   
5924.780   13.515   5924.890   13.795   
5924.745   13.460   5924.850   13.735   
5924.710   13.415   5924.795   13.655   
5924.670   13.330   5924.760   13.600   
5924.620   13.275   5924.725   13.545   
5924.580   13.190   5924.675   13.460   
5924.545   13.120   5924.640   13.400   
5924.490   13.035   5924.585   13.315   
5924.460   12.990   5924.550   13.260   
5924.395   12.905   5924.500   13.175   
5924.360   12.835   5924.465   13.120   
5924.325   12.780   5924.430   13.060   
5924.285   12.705   5924.380   12.975   
5924.240   12.635   5924.345   12.920   
5924.200   12.550   5924.295   12.835   
5924.155   12.505   5924.260   12.775   
5924.115   12.405   5924.205   12.690   
5924.080   12.360   5924.175   12.635   
5924.030   12.260   5924.125   12.550   
5923.990   12.215   5924.085   12.490   
5923.965   12.145   5924.055   12.430   
5923.920   12.055   5924.005   12.345   
5923.885   12.000   5923.975   12.285   
5923.830   11.910   5923.925   12.200   
5923.805   11.850   5923.895   12.140   
5923.750   11.765   5923.850   12.055   
5923.725   11.705   5923.815   11.995   
5923.695   11.645   5923.770   11.905   
5923.650   11.560   5923.740   11.850   
5923.620   11.500   5923.705   11.790   
5923.570   11.410   5923.660   11.700   
5923.540   11.350   5923.630   11.640   
5923.495   11.265   5923.580   11.555   
5923.465   11.205   5923.550   11.495   
5923.420   11.115   5923.500   11.405   
5923.390   11.055   5923.475   11.345   
5923.360   10.995   5923.430   11.260   
5923.315   10.905   5923.400   11.200   
5923.290   10.845   5923.370   11.140   
5923.245   10.755   5923.325   11.050   
5923.215   10.695   5923.295   10.990   
5923.175   10.605   5923.255   10.900   
5923.145   10.545   5923.230   10.840   
5923.115   10.450   5923.190   10.750   
5923.075   10.390   5923.160   10.690   
5923.045   10.330   5923.130   10.630   
5923.005   10.240   5923.090   10.535   
5922.975   10.180   5923.060   10.475   
5922.935   10.090   5923.015   10.385   
5922.910   10.020   5922.990   10.325   
5922.870   9.935   5922.945   10.235   
5922.845   9.875   5922.920   10.175   
5922.805   9.775   5922.880   10.085   
5922.790   9.720   5922.855   10.020   
5922.765   9.660   5922.830   9.960   
5922.715   9.570   5922.790   9.870   
5922.690   9.505   5922.765   9.805   
5922.650   9.415   5922.730   9.715   
5922.625   9.355   5922.705   9.655   
5922.600   9.260   5922.665   9.560   
5922.575   9.200   5922.640   9.500   
5922.550   9.135   5922.600   9.405   
5922.500   9.035   5922.575   9.345   
5922.475   8.980   5922.550   9.285   
5922.450   8.880   5922.515   9.190   
5922.425   8.825   5922.490   9.130   
5922.390   8.735   5922.450   9.035   
5922.370   8.670   5922.425   8.975   
5922.325   8.575   5922.395   8.880   
5922.310   8.505   5922.370   8.820   
5922.290   8.450   5922.340   8.725   
5922.245   8.355   5922.315   8.660   
5922.230   8.285   5922.295   8.600   
5922.190   8.190   5922.260   8.505   
5922.175   8.135   5922.235   8.445   
5922.135   8.045   5922.205   8.350   
5922.120   7.970   5922.185   8.285   
5922.090   7.875   5922.150   8.190   
5922.070   7.820   5922.130   8.130   
5922.045   7.760   5922.105   8.065   
5922.015   7.655   5922.075   7.970   
5921.995   7.590   5922.050   7.905   
5921.965   7.495   5922.020   7.815   
5921.945   7.440   5922.000   7.750   
5921.915   7.345   5921.970   7.655   
5921.895   7.285   5921.950   7.590   
5921.865   7.185   5921.920   7.495   
5921.850   7.125   5921.905   7.430   
5921.830   7.060   5921.885   7.370   
5921.800   6.965   5921.855   7.275   
5921.780   6.900   5921.835   7.210   
5921.755   6.805   5921.810   7.115   
5921.735   6.740   5921.790   7.050   
5921.710   6.645   5921.760   6.955   
5921.690   6.580   5921.740   6.890   
5921.675   6.485   5921.715   6.795   
5921.645   6.420   5921.700   6.730   
5921.630   6.345   5921.680   6.665   
5921.605   6.260   5921.650   6.570   
5921.600   6.195   5921.635   6.505   
5921.575   6.100   5921.610   6.410   
5921.560   6.035   5921.595   6.345   
5921.535   5.925   5921.570   6.250   
5921.520   5.860   5921.555   6.185   
5921.505   5.795   5921.535   6.085   
5921.470   5.710   5921.520   6.020   
5921.465   5.645   5921.500   5.955   
5921.430   5.535   5921.480   5.860   
5921.415   5.470   5921.465   5.795   
5921.405   5.385   5921.440   5.695   
5921.390   5.320   5921.425   5.630   
5921.365   5.210   5921.400   5.535   
5921.355   5.145   5921.390   5.470   
5921.340   5.080   5921.365   5.370   
5921.310   4.995   5921.355   5.305   
5921.305   4.930   5921.340   5.245   
5921.285   4.820   5921.320   5.145   
5921.275   4.765   5921.305   5.080   
5921.245   4.655   5921.285   4.980   
5921.240   4.590   5921.275   4.915   
5921.215   4.505   5921.255   4.820   
5921.210   4.425   5921.245   4.755   
5921.200   4.360   5921.230   4.685   
5921.180   4.275   5921.215   4.590   
5921.170   4.195   5921.200   4.525   
5921.155   4.110   5921.185   4.425   
5921.140   4.045   5921.170   4.360   
5921.125   3.945   5921.155   4.260   
5921.115   3.880   5921.140   4.195   
5921.115   3.815   5921.125   4.095   
5921.090   3.715   5921.115   4.030   
5921.080   3.650   5921.105   3.965   
5921.065   3.550   5921.090   3.865   
5921.055   3.485   5921.085   3.800   
5921.040   3.385   5921.070   3.705   
5921.045   3.320   5921.060   3.635   
5921.020   3.220   5921.045   3.535   
5921.010   3.155   5921.035   3.470   
5921.015   3.075   5921.025   3.370   
5920.990   2.975   5921.015   3.305   
5920.980   2.910   5921.005   3.240   
5920.970   2.810   5920.995   3.140   
5920.960   2.745   5920.985   3.075   
5920.950   2.645   5920.975   2.975   
5920.940   2.580   5920.965   2.910   
5920.945   2.480   5920.955   2.810   
5920.925   2.425   5920.950   2.745   
5920.920   2.360   5920.935   2.645   
5920.910   2.260   5920.930   2.575   
5920.905   2.180   5920.925   2.510   
5920.910   2.080   5920.920   2.410   
5920.905   2.015   5920.910   2.345   
5920.885   1.915   5920.905   2.245   
5920.890   1.850   5920.900   2.180   
5920.870   1.750   5920.890   2.080   
5920.865   1.695   5920.890   2.015   
5920.870   1.615   5920.880   1.915   
5920.855   1.515   5920.875   1.845   
5920.850   1.450   5920.865   1.780   
5920.855   1.350   5920.860   1.680   
5920.840   1.285   5920.860   1.615   
5920.835   1.185   5920.850   1.515   
5920.840   1.130   5920.845   1.445   
5920.835   1.030   5920.840   1.350   
5920.825   0.950   5920.835   1.280   
5920.830   0.885   5920.835   1.215   
5920.820   0.785   5920.830   1.115   
5920.825   0.730   5920.830   1.050   
5920.815   0.630   5920.825   0.950   
5920.820   0.550   5920.825   0.880   
5920.820   0.450   5920.825   0.780   
5920.820   0.385   5920.820   0.715   
5920.815   0.285   5920.820   0.615   
5920.815   0.230   5920.815   0.550   
5920.815   0.150   5920.815   0.480   
5920.815   0.050   5920.815   0.380   
5920.810   -0.015   5920.815   0.315   
5920.810   -0.115   5920.810   0.215   
5920.825   -0.170   5920.810   0.150   
5920.815   -0.270   5920.810   0.050   
5920.815   -0.350   5920.810   -0.020   
5920.815   -0.415   5920.810   -0.120   
5920.830   -0.515   5920.810   -0.185   
5920.820   -0.570   5920.810   -0.250   
5920.820   -0.670   5920.815   -0.350   
5920.825   -0.750   5920.815   -0.420   
5920.825   -0.850   5920.815   -0.520   
5920.830   -0.915   5920.815   -0.585   
5920.830   -1.015   5920.825   -0.685   
5920.835   -1.070   5920.825   -0.750   
5920.835   -1.150   5920.830   -0.850   
5920.840   -1.250   5920.830   -0.920   
5920.855   -1.315   5920.835   -0.985   
5920.860   -1.415   5920.835   -1.085   
5920.865   -1.480   5920.840   -1.150   
5920.860   -1.580   5920.845   -1.250   
5920.865   -1.635   5920.850   -1.315   
5920.870   -1.735   5920.860   -1.415   
5920.875   -1.815   5920.865   -1.485   
5920.880   -1.880   5920.870   -1.580   
5920.900   -1.980   5920.875   -1.650   
5920.905   -2.045   5920.880   -1.715   
5920.915   -2.145   5920.890   -1.815   
5920.920   -2.200   5920.895   -1.885   
5920.915   -2.300   5920.905   -1.980   
5920.930   -2.380   5920.910   -2.050   
5920.930   -2.465   5920.920   -2.145   
5920.945   -2.545   5920.925   -2.215   
5920.955   -2.610   5920.930   -2.280   
5920.960   -2.710   5920.940   -2.380   
5920.970   -2.765   5920.945   -2.445   
5920.980   -2.875   5920.955   -2.545   
5920.990   -2.930   5920.960   -2.615   
5921.000   -3.040   5920.975   -2.715   
5921.010   -3.095   5920.980   -2.780   
5921.020   -3.175   5920.995   -2.875   
5921.030   -3.260   5921.005   -2.945   
5921.040   -3.340   5921.015   -3.010   
5921.055   -3.425   5921.025   -3.110   
5921.060   -3.505   5921.035   -3.175   
5921.075   -3.590   5921.050   -3.275   
5921.085   -3.670   5921.055   -3.340   
5921.100   -3.755   5921.070   -3.440   
5921.100   -3.835   5921.080   -3.505   
5921.115   -3.900   5921.095   -3.605   
5921.145   -4.000   5921.105   -3.670   
5921.145   -4.065   5921.115   -3.735   
5921.160   -4.150   5921.125   -3.835   
5921.185   -4.230   5921.140   -3.900   
5921.190   -4.315   5921.155   -4.000   
5921.200   -4.380   5921.165   -4.065   
5921.220   -4.490   5921.190   -4.165   
5921.230   -4.545   5921.200   -4.230   
5921.245   -4.610   5921.215   -4.330   
5921.260   -4.720   5921.230   -4.395   
5921.275   -4.785   5921.240   -4.460   
5921.305   -4.885   5921.260   -4.555   
5921.305   -4.950   5921.275   -4.625   
5921.325   -5.035   5921.290   -4.720   
5921.350   -5.100   5921.305   -4.785   
5921.370   -5.210   5921.325   -4.885   
5921.370   -5.265   5921.335   -4.950   
5921.385   -5.330   5921.350   -5.015   
5921.420   -5.440   5921.370   -5.115   
5921.435   -5.505   5921.380   -5.180   
5921.445   -5.590   5921.405   -5.275   
5921.460   -5.655   5921.420   -5.340   
5921.495   -5.755   5921.445   -5.440   
5921.510   -5.815   5921.460   -5.505   
5921.535   -5.925   5921.485   -5.600   
5921.550   -5.990   5921.500   -5.665   
5921.565   -6.055   5921.515   -5.730   
5921.585   -6.140   5921.540   -5.825   
5921.605   -6.205   5921.555   -5.890   
5921.630   -6.315   5921.580   -5.990   
5921.645   -6.370   5921.595   -6.055   
5921.670   -6.475   5921.620   -6.150   
5921.685   -6.540   5921.635   -6.215   
5921.705   -6.605   5921.660   -6.315   
5921.730   -6.700   5921.675   -6.380   
5921.750   -6.765   5921.690   -6.440   
5921.775   -6.860   5921.720   -6.540   
5921.795   -6.925   5921.740   -6.605   
5921.820   -7.020   5921.765   -6.700   
5921.840   -7.085   5921.785   -6.765   
5921.860   -7.180   5921.815   -6.860   
5921.885   -7.245   5921.830   -6.925   
5921.905   -7.300   5921.860   -7.020   
5921.935   -7.405   5921.880   -7.085   
5921.955   -7.460   5921.900   -7.150   
5921.985   -7.555   5921.925   -7.245   
5922.005   -7.615   5921.945   -7.310   
5922.030   -7.715   5921.975   -7.405   
5922.050   -7.775   5921.995   -7.470   
5922.085   -7.880   5922.025   -7.565   
5922.105   -7.935   5922.045   -7.625   
5922.125   -8.005   5922.065   -7.690   
5922.160   -8.100   5922.095   -7.785   
5922.180   -8.155   5922.120   -7.850   
5922.215   -8.250   5922.155   -7.940   
5922.235   -8.320   5922.175   -8.005   
5922.270   -8.415   5922.205   -8.100   
5922.290   -8.470   5922.230   -8.160   
5922.325   -8.560   5922.260   -8.255   
5922.360   -8.635   5922.285   -8.320   
5922.370   -8.690   5922.310   -8.380   
5922.405   -8.780   5922.340   -8.475   
5922.440   -8.845   5922.365   -8.540   
5922.475   -8.940   5922.400   -8.635   
5922.485   -9.010   5922.420   -8.695   
5922.535   -9.095   5922.455   -8.790   
5922.560   -9.165   5922.480   -8.855   
5922.585   -9.220   5922.515   -8.945   
5922.610   -9.310   5922.540   -9.010   
5922.635   -9.370   5922.570   -9.070   
5922.685   -9.465   5922.605   -9.165   
5922.735   -9.620   5922.670   -9.320   
5922.760   -9.680   5922.695   -9.380   
5922.800   -9.775   5922.735   -9.470   
5922.825   -9.835   5922.760   -9.535   
5922.860   -9.895   5922.795   -9.625   
5922.890   -9.990   5922.820   -9.690   
5922.925   -10.050   5922.850   -9.750   
5922.965   -10.140   5922.885   -9.840   
5922.995   -10.200   5922.915   -9.905   
5923.035   -10.295   5922.955   -9.995   
5923.060   -10.355   5922.980   -10.055   
5923.105   -10.445   5923.020   -10.145   
5923.130   -10.505   5923.045   -10.210   
5923.150   -10.565   5923.090   -10.300   
5923.200   -10.655   5923.120   -10.360   
5923.230   -10.715   5923.145   -10.420   
5923.275   -10.805   5923.190   -10.510   
5923.300   -10.875   5923.220   -10.570   
5923.345   -10.960   5923.260   -10.660   
5923.375   -11.020   5923.290   -10.720   
5923.415   -11.110   5923.335   -10.810   
5923.445   -11.165   5923.365   -10.875   
5923.475   -11.225   5923.405   -10.965   
5923.520   -11.315   5923.435   -11.025   
5923.550   -11.375   5923.465   -11.085   
5923.595   -11.465   5923.510   -11.170   
5923.625   -11.525   5923.540   -11.230   
5923.675   -11.615   5923.585   -11.320   
5923.705   -11.670   5923.615   -11.380   
5923.750   -11.760   5923.660   -11.470   
5923.795   -11.820   5923.695   -11.530   
5923.815   -11.865   5923.725   -11.590   
5923.875   -11.965   5923.775   -11.675   
5923.895   -12.025   5923.810   -11.735   
5923.940   -12.110   5923.855   -11.820   
5923.975   -12.170   5923.885   -11.880   
5924.035   -12.245   5923.935   -11.970   
5924.055   -12.315   5923.965   -12.025   
5924.100   -12.375   5924.015   -12.115   
5924.135   -12.460   5924.045   -12.175   
5924.170   -12.520   5924.080   -12.230   
5924.220   -12.605   5924.125   -12.320   
5924.265   -12.650   5924.160   -12.375   
5924.305   -12.750   5924.210   -12.465   
5924.340   -12.805   5924.245   -12.525   
5924.390   -12.880   5924.295   -12.605   
5924.425   -12.950   5924.330   -12.665   
5924.460   -13.005   5924.380   -12.750   
5924.525   -13.090   5924.420   -12.810   
5924.560   -13.135   5924.455   -12.865   
5924.610   -13.220   5924.505   -12.950   
5924.645   -13.290   5924.540   -13.010   
5924.700   -13.375   5924.595   -13.090   
5924.735   -13.430   5924.625   -13.150   
5924.775   -13.515   5924.680   -13.235   
5924.810   -13.560   5924.715   -13.290   
5924.855   -13.630   5924.770   -13.375   
5924.910   -13.700   5924.805   -13.430   
5924.950   -13.755   5924.840   -13.490   
5925.005   -13.850   5924.895   -13.575   
5925.040   -13.905   5924.930   -13.630   
5925.095   -13.990   5924.985   -13.710   
5925.135   -14.045   5925.025   -13.765   
5925.190   -14.115   5925.080   -13.850   
5925.230   -14.170   5925.120   -13.905   
5925.265   -14.225   5925.155   -13.960   
5925.320   -14.320   5925.210   -14.045   
5925.360   -14.365   5925.250   -14.100   
5925.415   -14.455   5925.310   -14.180   
5925.455   -14.510   5925.345   -14.235   
5925.515   -14.580   5925.405   -14.320   
5925.550   -14.635   5925.440   -14.375   
5925.590   -14.700   5925.500   -14.455   
5925.645   -14.770   5925.535   -14.510   
5925.685   -14.835   5925.575   -14.565   
5925.745   -14.915   5925.630   -14.645   
5925.785   -14.960   5925.670   -14.700   
5925.845   -15.040   5925.730   -14.780   
5925.885   -15.090   5925.770   -14.835   
5925.950   -15.170   5925.830   -14.915   
5925.990   -15.225   5925.870   -14.965   
5926.030   -15.275   5925.935   -15.045   
5926.090   -15.355   5925.975   -15.100   
5926.130   -15.410   5926.020   -15.155   
5926.205   -15.490   5926.080   -15.230   
5926.235   -15.550   5926.115   -15.285   
5926.295   -15.620   5926.175   -15.365   
5926.335   -15.670   5926.220   -15.415   
5926.400   -15.760   5926.285   -15.495   
5926.440   -15.805   5926.325   -15.550   
5926.485   -15.855   5926.390   -15.625   
5926.560   -15.930   5926.425   -15.680   
5926.590   -15.990   5926.465   -15.730   
5926.655   -16.060   5926.535   -15.810   
5926.710   -16.110   5926.575   -15.860   
5926.775   -16.185   5926.640   -15.935   
5926.805   -16.245   5926.685   -15.985   
5926.870   -16.315   5926.750   -16.065   
5926.915   -16.365   5926.795   -16.115   
5926.955   -16.415   5926.860   -16.190   
5927.035   -16.490   5926.905   -16.240   
5927.065   -16.540   5926.945   -16.295   
5927.145   -16.615   5927.010   -16.370   
5927.175   -16.665   5927.055   -16.420   
5927.255   -16.740   5927.120   -16.495   
5927.300   -16.790   5927.165   -16.545   
5927.355   -16.865   5927.230   -16.620   
5927.400   -16.915   5927.275   -16.670   
5927.445   -16.960   5927.320   -16.720   
5927.525   -17.035   5927.390   -16.795   
5927.570   -17.085   5927.435   -16.845   
5927.640   -17.155   5927.505   -16.915   
5927.685   -17.205   5927.550   -16.965   
5927.750   -17.265   5927.620   -17.040   
5927.800   -17.325   5927.665   -17.085   
5927.845   -17.375   5927.730   -17.160   
5927.915   -17.445   5927.780   -17.210   
5927.950   -17.495   5927.825   -17.255   
5928.020   -17.565   5927.895   -17.330   
5928.065   -17.615   5927.940   -17.375   
5928.135   -17.685   5928.010   -17.450   
5928.190   -17.720   5928.055   -17.495   
5928.265   -17.790   5928.125   -17.565   
5928.310   -17.835   5928.170   -17.615   
5928.350   -17.895   5928.240   -17.685   
5928.430   -17.965   5928.290   -17.735   
5928.480   -18.010   5928.340   -17.780   
5928.550   -18.080   5928.410   -17.845   
5928.590   -18.125   5928.460   -17.895   
5928.670   -18.195   5928.530   -17.965   
5928.720   -18.240   5928.580   -18.010   
5928.790   -18.310   5928.650   -18.080   
5928.840   -18.355   5928.700   -18.125   
5928.890   -18.400   5928.775   -18.195   
5928.965   -18.455   5928.820   -18.240   
5929.010   -18.500   5928.870   -18.285   
5929.085   -18.580   5928.945   -18.355   
5929.135   -18.615   5928.995   -18.400   
5929.210   -18.680   5929.065   -18.465   
5929.260   -18.735   5929.115   -18.510   
5929.335   -18.790   5929.190   -18.580   
5929.385   -18.845   5929.240   -18.625   
5929.435   -18.890   5929.290   -18.670   
5929.510   -18.955   5929.370   -18.735   
5929.560   -18.990   5929.420   -18.775   
5929.635   -19.055   5929.495   -18.845   
5929.690   -19.095   5929.545   -18.885   
5929.765   -19.160   5929.620   -18.955   
5929.815   -19.205   5929.670   -18.995   
5929.865   -19.245   5929.750   -19.060   
5929.945   -19.320   5929.800   -19.105   
5929.995   -19.355   5929.850   -19.145   
5930.070   -19.415   5929.925   -19.210   
5930.125   -19.460   5929.975   -19.255   
5930.200   -19.520   5930.055   -19.315   
5930.255   -19.565   5930.105   -19.360   
5930.345   -19.625   5930.185   -19.425   
5930.385   -19.665   5930.235   -19.465   
5930.450   -19.705   5930.320   -19.530   
5930.515   -19.770   5930.370   -19.570   
5930.570   -19.810   5930.420   -19.610   
5930.650   -19.870   5930.500   -19.670   
5930.715   -19.910   5930.555   -19.710   
5930.780   -19.970   5930.635   -19.775   
5930.835   -20.010   5930.690   -19.815   
5930.915   -20.070   5930.770   -19.875   
5930.980   -20.110   5930.820   -19.915   
5931.020   -20.150   5930.900   -19.975   
5931.100   -20.210   5930.955   -20.015   
5931.155   -20.250   5931.005   -20.055   
5931.235   -20.310   5931.085   -20.115   
5931.290   -20.350   5931.140   -20.155   
5931.385   -20.405   5931.220   -20.215   
5931.440   -20.445   5931.275   -20.255   
5931.510   -20.500   5931.355   -20.310   
5931.575   -20.540   5931.415   -20.350   
5931.630   -20.565   5931.495   -20.405   
5931.700   -20.635   5931.550   -20.445   
5931.755   -20.670   5931.605   -20.485   
5931.850   -20.730   5931.685   -20.540   
5931.905   -20.765   5931.740   -20.580   
5931.985   -20.820   5931.825   -20.635   
5932.045   -20.860   5931.880   -20.670   
5932.115   -20.915   5931.960   -20.730   
5932.170   -20.950   5932.020   -20.765   
5932.225   -20.975   5932.075   -20.805   
5932.310   -21.030   5932.155   -20.860   
5932.375   -21.065   5932.215   -20.895   
5932.460   -21.130   5932.295   -20.950   
5932.520   -21.165   5932.350   -20.985   
5932.600   -21.220   5932.435   -21.040   
5932.660   -21.255   5932.495   -21.075   
5932.715   -21.290   5932.580   -21.125   
5932.800   -21.330   5932.635   -21.165   
5932.860   -21.375   5932.695   -21.200   
5932.945   -21.415   5932.780   -21.250   
5932.990   -21.450   5932.835   -21.285   
5933.085   -21.515   5932.920   -21.340   
5933.145   -21.540   5932.975   -21.370   
5933.230   -21.600   5933.060   -21.425   
5933.285   -21.625   5933.120   -21.460   
5933.345   -21.655   5933.205   -21.510   
5933.430   -21.710   5933.260   -21.545   
5933.490   -21.750   5933.320   -21.580   
5933.575   -21.790   5933.405   -21.630   
5933.635   -21.820   5933.465   -21.665   
5933.720   -21.880   5933.550   -21.715   
5933.770   -21.905   5933.610   -21.745   
5933.865   -21.950   5933.695   -21.795   
5933.925   -21.980   5933.755   -21.830   
5933.975   -22.015   5933.840   -21.875   
5934.070   -22.070   5933.900   -21.910   
5934.130   -22.095   5933.960   -21.940   
5934.220   -22.140   5934.050   -21.985   
5934.280   -22.180   5934.105   -22.020   
5934.365   -22.220   5934.195   -22.065   
5934.425   -22.250   5934.255   -22.095   
5934.515   -22.295   5934.345   -22.145   
5934.565   -22.325   5934.405   -22.175   
5934.630   -22.355   5934.465   -22.205   
5934.720   -22.400   5934.555   -22.255   
5934.780   -22.430   5934.610   -22.285   
5934.870   -22.475   5934.700   -22.330   
5934.930   -22.500   5934.760   -22.360   
5935.020   -22.545   5934.845   -22.405   
5935.080   -22.575   5934.910   -22.430   
5935.140   -22.590   5935.000   -22.475   
5935.245   -22.645   5935.060   -22.505   
5935.295   -22.675   5935.120   -22.530   
5935.385   -22.715   5935.210   -22.575   
5935.445   -22.745   5935.270   -22.605   
5935.535   -22.785   5935.365   -22.645   
5935.595   -22.815   5935.425   -22.675   
5935.685   -22.855   5935.515   -22.720   
5935.760   -22.870   5935.575   -22.745   
5935.810   -22.895   5935.665   -22.785   
5935.900   -22.935   5935.725   -22.815   
5935.960   -22.975   5935.790   -22.840   
5936.055   -23.000   5935.880   -22.880   
5936.115   -23.040   5935.940   -22.905   
5936.220   -23.065   5936.035   -22.945   
5936.270   -23.090   5936.095   -22.970   
5936.360   -23.140   5936.185   -23.010   
5936.425   -23.155   5936.250   -23.035   
5936.485   -23.180   5936.340   -23.075   
5936.590   -23.230   5936.400   -23.100   
5936.640   -23.255   5936.470   -23.125   
5936.745   -23.280   5936.555   -23.165   
5936.795   -23.305   5936.620   -23.190   
5936.885   -23.340   5936.715   -23.225   
5936.950   -23.365   5936.775   -23.250   
5937.055   -23.400   5936.870   -23.290   
5937.105   -23.425   5936.925   -23.310   
5937.170   -23.445   5937.025   -23.350   
5937.275   -23.480   5937.085   -23.370   
5937.325   -23.505   5937.150   -23.395   
5937.420   -23.540   5937.245   -23.430   
5937.495   -23.570   5937.305   -23.450   
5937.575   -23.595   5937.400   -23.485   
5937.640   -23.615   5937.460   -23.510   
5937.745   -23.650   5937.560   -23.545   
5937.795   -23.680   5937.620   -23.565   
5937.860   -23.695   5937.685   -23.590   
5937.955   -23.725   5937.775   -23.620   
5938.030   -23.745   5937.840   -23.645   
5938.125   -23.780   5937.935   -23.675   
5938.175   -23.800   5938.000   -23.695   
5938.270   -23.830   5938.095   -23.730   
5938.335   -23.850   5938.155   -23.750   
5938.410   -23.870   5938.250   -23.780   
5938.495   -23.900   5938.315   -23.805   
5938.570   -23.920   5938.380   -23.820   
5938.665   -23.945   5938.475   -23.850   
5938.730   -23.965   5938.540   -23.870   
5938.825   -23.995   5938.635   -23.900   
5938.890   -24.015   5938.700   -23.920   
5938.985   -24.040   5938.795   -23.950   
5939.050   -24.060   5938.860   -23.965   
5939.100   -24.065   5938.960   -23.995   
5939.210   -24.105   5939.020   -24.015   
5939.275   -24.125   5939.085   -24.035   
5939.370   -24.150   5939.180   -24.060   
5939.435   -24.155   5939.245   -24.075   
5939.520   -24.180   5939.340   -24.105   
5939.585   -24.195   5939.405   -24.120   
5939.680   -24.220   5939.505   -24.150   
5939.745   -24.250   5939.565   -24.165   
5939.810   -24.265   5939.660   -24.190   
5939.920   -24.275   5939.725   -24.205   
5939.985   -24.305   5939.790   -24.220   
5940.070   -24.315   5939.890   -24.245   
5940.135   -24.330   5939.955   -24.260   
5940.245   -24.365   5940.055   -24.285   
5940.310   -24.380   5940.120   -24.300   
5940.395   -24.390   5940.215   -24.325   
5940.460   -24.405   5940.280   -24.340   
5940.525   -24.420   5940.345   -24.355   
5940.635   -24.455   5940.440   -24.375   
5940.700   -24.460   5940.510   -24.390   
5940.785   -24.480   5940.605   -24.415   
5940.850   -24.490   5940.670   -24.430   
5940.960   -24.520   5940.770   -24.450   
5941.025   -24.525   5940.835   -24.465   
5941.125   -24.545   5940.930   -24.485   
5941.190   -24.565   5940.995   -24.495   
5941.255   -24.570   5941.060   -24.510   
5941.340   -24.595   5941.160   -24.525   
5941.415   -24.600   5941.225   -24.540   
5941.505   -24.625   5941.325   -24.560   
5941.570   -24.630   5941.390   -24.570   
5941.670   -24.645   5941.485   -24.590   
5941.735   -24.655   5941.555   -24.600   
5941.800   -24.670   5941.650   -24.620   
5941.900   -24.685   5941.720   -24.630   
5941.965   -24.695   5941.785   -24.645   
5942.075   -24.710   5941.885   -24.660   
5942.130   -24.720   5941.950   -24.670   
5942.240   -24.735   5942.045   -24.685   
5942.295   -24.745   5942.115   -24.695   
5942.405   -24.760   5942.210   -24.710   
5942.460   -24.765   5942.275   -24.720   
5942.525   -24.775   5942.375   -24.735   
5942.625   -24.790   5942.440   -24.745   
5942.700   -24.785   5942.510   -24.755   
5942.790   -24.810   5942.605   -24.765   
5942.865   -24.820   5942.670   -24.775   
5942.955   -24.830   5942.770   -24.790   
5943.030   -24.825   5942.840   -24.795   
5943.130   -24.850   5942.940   -24.810   
5943.200   -24.855   5943.005   -24.815   
5943.255   -24.865   5943.105   -24.830   
5943.355   -24.860   5943.170   -24.835   
5943.430   -24.880   5943.235   -24.845   
5943.520   -24.875   5943.340   -24.855   
5943.595   -24.895   5943.405   -24.860   
5943.695   -24.890   5943.505   -24.870   
5943.765   -24.895   5943.570   -24.875   
5943.865   -24.915   5943.670   -24.885   
5943.920   -24.910   5943.735   -24.890   
5943.985   -24.915   5943.805   -24.895   
5944.085   -24.935   5943.905   -24.905   
5944.160   -24.940   5943.970   -24.910   
5944.260   -24.945   5944.070   -24.915   
5944.330   -24.950   5944.135   -24.920   
5944.430   -24.945   5944.230   -24.930   
5944.485   -24.950   5944.300   -24.935   
5944.560   -24.965   5944.400   -24.940   
5944.660   -24.960   5944.470   -24.945   
5944.730   -24.960   5944.535   -24.950   
5944.830   -24.975   5944.635   -24.955   
5944.895   -24.970   5944.700   -24.960   
5944.995   -24.975   5944.800   -24.965   
5945.050   -24.975   5944.865   -24.965   
5945.150   -24.975   5944.965   -24.970   
5945.225   -24.980   5945.035   -24.970   
5945.295   -24.990   5945.135   -24.975   
5945.395   -24.985   5945.200   -24.975   
5945.450   -24.985   5945.265   -24.980   
5945.550   -24.995   5945.365   -24.980   
5945.625   -24.990   5945.435   -24.985   
5945.725   -24.990   5945.535   -24.985   
5945.795   -24.990   5945.600   -24.985   
5945.895   -24.990   5945.700   -24.990   
5945.950   -24.990   5945.765   -24.990   
5946.025   -24.990   5945.865   -24.990   
5946.125   -24.990   5945.935   -24.990   
5946.195   -24.985   5946.000   -24.990   
5946.295   -24.985   5946.100   -24.990   
5946.350   -24.985   5946.165   -24.990   
5946.450   -24.980   5946.265   -24.985   
5946.525   -24.980   5946.335   -24.985   
5946.625   -24.975   5946.435   -24.985   
5946.695   -24.975   5946.500   -24.980   
5946.750   -24.960   5946.565   -24.980   
5946.850   -24.970   5946.665   -24.975   
5946.925   -24.965   5946.730   -24.975   
5947.025   -24.950   5946.830   -24.970   
5947.095   -24.960   5946.900   -24.970   
5947.195   -24.955   5947.000   -24.965   
5947.250   -24.940   5947.065   -24.960   
5947.350   -24.945   5947.165   -24.960   
5947.415   -24.940   5947.235   -24.955   
5947.490   -24.935   5947.300   -24.955   
5947.590   -24.930   5947.400   -24.945   
5947.660   -24.925   5947.465   -24.940   
5947.760   -24.905   5947.565   -24.935   
5947.815   -24.910   5947.630   -24.930   
5947.915   -24.890   5947.730   -24.925   
5947.980   -24.885   5947.800   -24.920   
5948.055   -24.880   5947.895   -24.910   
5948.155   -24.875   5947.965   -24.905   
5948.225   -24.865   5948.030   -24.895   
5948.325   -24.860   5948.130   -24.890   
5948.380   -24.850   5948.195   -24.885   
5948.490   -24.845   5948.295   -24.875   
5948.545   -24.845   5948.365   -24.870   
5948.645   -24.825   5948.460   -24.860   
5948.710   -24.825   5948.530   -24.855   
5948.785   -24.810   5948.630   -24.845   
5948.875   -24.805   5948.695   -24.835   
5948.950   -24.790   5948.760   -24.830   
5949.050   -24.775   5948.860   -24.815   
5949.120   -24.775   5948.925   -24.810   
5949.215   -24.755   5949.025   -24.795   
5949.285   -24.745   5949.090   -24.790   
5949.380   -24.730   5949.190   -24.775   
5949.450   -24.720   5949.255   -24.765   
5949.515   -24.715   5949.355   -24.755   
5949.615   -24.700   5949.420   -24.745   
5949.680   -24.690   5949.485   -24.735   
5949.780   -24.675   5949.585   -24.720   
5949.845   -24.665   5949.650   -24.715   
5949.940   -24.645   5949.750   -24.700   
5950.010   -24.635   5949.815   -24.690   
5950.095   -24.620   5949.915   -24.675   
5950.170   -24.605   5949.980   -24.660   
5950.240   -24.595   5950.045   -24.650   
5950.325   -24.575   5950.145   -24.630   
5950.390   -24.565   5950.210   -24.620   
5950.490   -24.545   5950.310   -24.605   
5950.555   -24.535   5950.375   -24.590   
5950.665   -24.515   5950.470   -24.575   
5950.730   -24.490   5950.540   -24.560   
5950.825   -24.485   5950.635   -24.545   
5950.895   -24.470   5950.700   -24.530   
5950.960   -24.445   5950.765   -24.515   
5951.045   -24.425   5950.865   -24.500   
5951.110   -24.410   5950.930   -24.485   
5951.220   -24.400   5951.030   -24.465   
5951.285   -24.375   5951.095   -24.450   
5951.370   -24.365   5951.190   -24.430   
5951.435   -24.350   5951.255   -24.415   
5951.500   -24.335   5951.355   -24.395   
5951.610   -24.310   5951.420   -24.380   
5951.675   -24.295   5951.485   -24.365   
5951.760   -24.260   5951.580   -24.340   
5951.825   -24.245   5951.645   -24.325   
5951.935   -24.220   5951.745   -24.300   
5951.985   -24.205   5951.810   -24.285   
5952.095   -24.180   5951.905   -24.265   
5952.160   -24.175   5951.970   -24.250   
5952.225   -24.160   5952.065   -24.225   
5952.310   -24.135   5952.130   -24.205   
5952.385   -24.110   5952.195   -24.190   
5952.470   -24.090   5952.290   -24.165   
5952.535   -24.065   5952.355   -24.150   
5952.630   -24.035   5952.455   -24.125   
5952.695   -24.015   5952.515   -24.110   
5952.790   -23.990   5952.610   -24.080   
5952.855   -23.970   5952.675   -24.060   
5952.930   -23.950   5952.740   -24.045   
5953.015   -23.925   5952.835   -24.015   
5953.090   -23.905   5952.900   -23.995   
5953.175   -23.875   5952.995   -23.970   
5953.250   -23.855   5953.060   -23.950   
5953.345   -23.825   5953.155   -23.920   
5953.395   -23.810   5953.220   -23.905   
5953.505   -23.780   5953.315   -23.870   
5953.555   -23.760   5953.380   -23.855   
5953.620   -23.725   5953.440   -23.835   
5953.715   -23.705   5953.540   -23.805   
5953.775   -23.685   5953.600   -23.790   
5953.870   -23.650   5953.695   -23.755   
5953.935   -23.630   5953.760   -23.735   
5954.030   -23.585   5953.855   -23.700   
5954.090   -23.575   5953.915   -23.680   
5954.155   -23.540   5954.010   -23.645   
5954.250   -23.520   5954.075   -23.625   
5954.310   -23.485   5954.135   -23.600   
5954.405   -23.465   5954.230   -23.570   
5954.470   -23.440   5954.295   -23.545   
5954.575   -23.405   5954.390   -23.515   
5954.625   -23.385   5954.450   -23.490   
5954.720   -23.350   5954.545   -23.460   
5954.780   -23.325   5954.610   -23.435   
5954.845   -23.290   5954.700   -23.400   
5954.935   -23.265   5954.760   -23.375   
5955.000   -23.240   5954.825   -23.355   
5955.090   -23.190   5954.920   -23.320   
5955.165   -23.165   5954.980   -23.295   
5955.245   -23.140   5955.075   -23.255   
5955.305   -23.115   5955.130   -23.230   
5955.400   -23.065   5955.225   -23.195   
5955.460   -23.040   5955.285   -23.170   
5955.535   -23.025   5955.380   -23.130   
5955.615   -22.975   5955.445   -23.105   
5955.675   -22.950   5955.500   -23.080   
5955.770   -22.910   5955.595   -23.040   
5955.830   -22.895   5955.655   -23.015   
5955.920   -22.845   5955.745   -22.975   
5955.995   -22.830   5955.810   -22.950   
5956.075   -22.780   5955.900   -22.910   
5956.135   -22.750   5955.960   -22.885   
5956.195   -22.725   5956.025   -22.860   
5956.285   -22.680   5956.115   -22.820   
5956.345   -22.655   5956.175   -22.795   
5956.435   -22.610   5956.265   -22.750   
5956.495   -22.585   5956.325   -22.725   
5956.585   -22.540   5956.415   -22.680   
5956.645   -22.520   5956.475   -22.650   
5956.750   -22.470   5956.565   -22.610   
5956.800   -22.440   5956.625   -22.580   
5956.860   -22.410   5956.685   -22.555   
5956.950   -22.370   5956.775   -22.510   
5957.010   -22.340   5956.840   -22.480   
5957.100   -22.295   5956.930   -22.440   
5957.160   -22.265   5956.995   -22.410   
5957.250   -22.220   5957.080   -22.365   
5957.305   -22.190   5957.140   -22.335   
5957.365   -22.160   5957.230   -22.290   
5957.455   -22.110   5957.285   -22.260   
5957.505   -22.080   5957.345   -22.230   
5957.600   -22.035   5957.435   -22.185   
5957.660   -21.990   5957.490   -22.155   
5957.740   -21.955   5957.580   -22.105   
5957.805   -21.910   5957.635   -22.075   
5957.895   -21.875   5957.725   -22.030   
5957.945   -21.845   5957.785   -21.995   
5958.010   -21.810   5957.870   -21.950   
5958.090   -21.750   5957.930   -21.915   
5958.155   -21.730   5957.990   -21.885   
5958.245   -21.680   5958.075   -21.835   
5958.305   -21.650   5958.135   -21.805   
5958.390   -21.600   5958.220   -21.755   
5958.450   -21.565   5958.280   -21.725   
5958.535   -21.500   5958.370   -21.675   
5958.590   -21.480   5958.430   -21.640   
5958.650   -21.445   5958.510   -21.590   
5958.735   -21.380   5958.570   -21.555   
5958.790   -21.360   5958.625   -21.520   
5958.875   -21.295   5958.710   -21.470   
5958.935   -21.260   5958.770   -21.435   
5959.020   -21.220   5958.850   -21.385   
5959.065   -21.185   5958.910   -21.350   
5959.150   -21.120   5958.995   -21.300   
5959.215   -21.085   5959.050   -21.265   
5959.275   -21.060   5959.110   -21.230   
5959.360   -20.995   5959.195   -21.175   
5959.415   -20.960   5959.250   -21.140   
5959.555   -20.870   5959.390   -21.050   
5959.635   -20.825   5959.475   -21.000   
5959.695   -20.780   5959.535   -20.960   
5959.750   -20.740   5959.615   -20.910   
5959.820   -20.695   5959.670   -20.870   
5959.875   -20.650   5959.725   -20.835   
5959.970   -20.590   5959.810   -20.780   
5960.025   -20.555   5959.865   -20.740   
5960.095   -20.495   5959.945   -20.685   
5960.150   -20.460   5960.000   -20.645   
5960.245   -20.405   5960.080   -20.590   
5960.285   -20.365   5960.135   -20.550   
5960.340   -20.335   5960.220   -20.495   
5960.435   -20.270   5960.275   -20.460   
5960.490   -20.230   5960.325   -20.420   
5960.570   -20.170   5960.410   -20.365   
5960.610   -20.135   5960.465   -20.325   
5960.690   -20.075   5960.545   -20.265   
5960.745   -20.035   5960.600   -20.225   
5960.825   -19.975   5960.680   -20.170   
5960.880   -19.935   5960.730   -20.130   
5960.930   -19.895   5960.810   -20.070   
5961.010   -19.830   5960.865   -20.030   
5961.065   -19.790   5960.915   -19.990   
5961.155   -19.730   5960.995   -19.930   
5961.195   -19.690   5961.050   -19.885   
5961.275   -19.630   5961.125   -19.825   
5961.340   -19.575   5961.180   -19.785   
5961.405   -19.525   5961.260   -19.725   
5961.470   -19.485   5961.310   -19.685   
5961.510   -19.445   5961.365   -19.645   
5961.590   -19.380   5961.445   -19.580   
5961.640   -19.325   5961.495   -19.540   
5961.715   -19.275   5961.575   -19.475   
5961.770   -19.230   5961.625   -19.435   
5961.845   -19.155   5961.705   -19.375   
5961.895   -19.125   5961.750   -19.330   
5961.970   -19.060   5961.830   -19.265   
5962.025   -19.015   5961.880   -19.225   
5962.075   -18.975   5961.930   -19.180   
5962.150   -18.910   5962.005   -19.115   
5962.200   -18.865   5962.060   -19.075   
5962.275   -18.800   5962.135   -19.005   
5962.325   -18.755   5962.185   -18.965   
5962.400   -18.690   5962.260   -18.900   
5962.450   -18.645   5962.305   -18.855   
5962.500   -18.590   5962.385   -18.790   
5962.575   -18.535   5962.435   -18.745   
5962.625   -18.490   5962.485   -18.700   
5962.700   -18.410   5962.555   -18.635   
5962.750   -18.365   5962.605   -18.590   
5962.820   -18.310   5962.680   -18.525   
5962.870   -18.265   5962.730   -18.480   
5962.935   -18.195   5962.805   -18.410   
5962.990   -18.150   5962.855   -18.365   
5963.040   -18.105   5962.925   -18.300   
5963.115   -18.035   5962.975   -18.255   
5963.160   -17.990   5963.025   -18.210   
5963.225   -17.920   5963.095   -18.140   
5963.280   -17.865   5963.140   -18.095   
5963.345   -17.795   5963.215   -18.025   
5963.400   -17.745   5963.265   -17.980   
5963.475   -17.680   5963.335   -17.910   
5963.520   -17.630   5963.385   -17.860   
5963.570   -17.585   5963.430   -17.815   
5963.640   -17.515   5963.505   -17.745   
5963.675   -17.465   5963.550   -17.700   
5963.745   -17.395   5963.620   -17.630   
5963.790   -17.355   5963.665   -17.580   
5963.860   -17.275   5963.735   -17.510   
5963.905   -17.225   5963.785   -17.465   
5963.975   -17.155   5963.850   -17.390   
5964.020   -17.105   5963.895   -17.345   
5964.075   -17.065   5963.945   -17.295   
5964.135   -16.985   5964.010   -17.225   
5964.180   -16.935   5964.055   -17.175   
5964.260   -16.870   5964.125   -17.100   
5964.305   -16.815   5964.170   -17.055   
5964.370   -16.740   5964.240   -16.980   
5964.420   -16.690   5964.285   -16.930   
5964.450   -16.640   5964.350   -16.860   
5964.530   -16.565   5964.395   -16.810   
5964.560   -16.515   5964.440   -16.760   
5964.625   -16.440   5964.510   -16.685   
5964.670   -16.390   5964.555   -16.635   
5964.735   -16.315   5964.615   -16.560   
5964.780   -16.265   5964.660   -16.510   
5964.845   -16.190   5964.725   -16.435   
5964.900   -16.135   5964.770   -16.385   
5964.930   -16.085   5964.835   -16.310   
5964.995   -16.010   5964.875   -16.260   
5965.050   -15.960   5964.920   -16.210   
5965.115   -15.870   5964.985   -16.130   
5965.145   -15.830   5965.025   -16.080   
5965.210   -15.755   5965.090   -16.005   
5965.250   -15.705   5965.135   -15.955   
5965.315   -15.625   5965.195   -15.875   
5965.355   -15.560   5965.240   -15.825   
5965.395   -15.520   5965.305   -15.745   
5965.470   -15.440   5965.345   -15.695   
5965.500   -15.390   5965.385   -15.645   
5965.560   -15.310   5965.445   -15.565   
5965.600   -15.245   5965.485   -15.510   
5965.660   -15.165   5965.545   -15.430   
5965.700   -15.125   5965.590   -15.380   
5965.765   -15.045   5965.650   -15.300   
5965.805   -14.980   5965.685   -15.250   
5965.845   -14.940   5965.725   -15.195   
5965.905   -14.860   5965.790   -15.115   
5965.945   -14.805   5965.835   -15.065   
5966.005   -14.725   5965.895   -14.985   
5966.045   -14.660   5965.935   -14.930   
5966.105   -14.590   5965.990   -14.850   
5966.140   -14.525   5966.035   -14.795   
5966.190   -14.455   5966.090   -14.715   
5966.235   -14.400   5966.130   -14.660   
5966.275   -14.345   5966.165   -14.610   
5966.335   -14.265   5966.225   -14.525   
5966.370   -14.210   5966.260   -14.470   
5966.430   -14.115   5966.320   -14.390   
5966.465   -14.060   5966.355   -14.335   
5966.520   -13.990   5966.415   -14.255   
5966.550   -13.935   5966.450   -14.200   
5966.595   -13.880   5966.505   -14.115   
5966.655   -13.795   5966.545   -14.060   
5966.680   -13.740   5966.580   -14.005   
5966.745   -13.645   5966.635   -13.925   
5966.785   -13.590   5966.675   -13.865   
5966.840   -13.510   5966.730   -13.785   
5966.875   -13.450   5966.770   -13.730   
5966.915   -13.365   5966.825   -13.645   
5966.960   -13.320   5966.860   -13.590   
5967.000   -13.265   5966.910   -13.505   
5967.040   -13.180   5966.945   -13.450   
5967.075   -13.115   5966.980   -13.395   
5967.140   -13.025   5967.035   -13.310   
5967.175   -12.980   5967.070   -13.250   
5967.215   -12.895   5967.120   -13.165   
5967.250   -12.830   5967.155   -13.110   
5967.300   -12.745   5967.210   -13.025   
5967.335   -12.695   5967.245   -12.970   
5967.380   -12.630   5967.295   -12.880   
5967.420   -12.540   5967.330   -12.825   
5967.465   -12.495   5967.365   -12.770   
5967.515   -12.400   5967.415   -12.685   
5967.535   -12.340   5967.450   -12.625   
5967.585   -12.255   5967.495   -12.540   
5967.615   -12.205   5967.530   -12.480   
5967.665   -12.110   5967.575   -12.395   
5967.695   -12.050   5967.610   -12.340   
5967.730   -11.990   5967.640   -12.280   
5967.775   -11.905   5967.690   -12.195   
5967.810   -11.845   5967.720   -12.135   
5967.855   -11.760   5967.770   -12.045   
5967.900   -11.700   5967.800   -11.990   
5967.935   -11.610   5967.850   -11.900   
5967.965   -11.550   5967.880   -11.840   
5967.995   -11.495   5967.930   -11.755   
5968.045   -11.405   5967.960   -11.695   
5968.075   -11.345   5967.985   -11.635   
5968.120   -11.260   5968.035   -11.550   
5968.150   -11.200   5968.065   -11.490   
5968.195   -11.110   5968.110   -11.400   
5968.225   -11.050   5968.145   -11.340   
5968.265   -10.960   5968.185   -11.255   
5968.295   -10.900   5968.215   -11.195   
5968.325   -10.840   5968.260   -11.105   
5968.360   -10.750   5968.285   -11.045   
5968.395   -10.690   5968.315   -10.985   
5968.440   -10.600   5968.360   -10.895   
5968.470   -10.540   5968.385   -10.835   
5968.510   -10.445   5968.430   -10.745   
5968.540   -10.385   5968.460   -10.685   
5968.580   -10.295   5968.500   -10.595   
5968.610   -10.235   5968.530   -10.530   
5968.640   -10.175   5968.570   -10.440   
5968.670   -10.085   5968.600   -10.380   
5968.705   -10.010   5968.630   -10.320   
5968.735   -9.930   5968.670   -10.230   
5968.770   -9.870   5968.695   -10.170   
5968.810   -9.765   5968.735   -10.075   
5968.840   -9.715   5968.760   -10.015   
5968.865   -9.625   5968.800   -9.925   
5968.890   -9.560   5968.825   -9.860   
5968.925   -9.500   5968.850   -9.800   
5968.955   -9.410   5968.890   -9.710   
5968.980   -9.345   5968.915   -9.645   
5969.030   -9.255   5968.950   -9.555   
5969.055   -9.190   5968.980   -9.495   
5969.080   -9.100   5969.015   -9.400   
5969.105   -9.025   5969.040   -9.340   
5969.155   -8.945   5969.080   -9.245   
5969.165   -8.870   5969.105   -9.185   
5969.190   -8.820   5969.130   -9.120   
5969.235   -8.725   5969.165   -9.030   
5969.245   -8.665   5969.190   -8.965   
5969.280   -8.570   5969.220   -8.875   
5969.305   -8.505   5969.245   -8.810   
5969.335   -8.400   5969.280   -8.715   
5969.360   -8.350   5969.300   -8.655   
5969.380   -8.275   5969.335   -8.560   
5969.415   -8.180   5969.355   -8.495   
5969.450   -8.130   5969.375   -8.435   
5969.470   -8.035   5969.410   -8.340   
5969.490   -7.960   5969.430   -8.275   
5969.525   -7.865   5969.465   -8.185   
5969.545   -7.815   5969.490   -8.120   
5969.590   -7.720   5969.520   -8.025   
5969.600   -7.645   5969.540   -7.960   
5969.620   -7.580   5969.570   -7.865   
5969.650   -7.485   5969.595   -7.805   
5969.665   -7.435   5969.620   -7.740   
5969.695   -7.325   5969.645   -7.645   
5969.715   -7.275   5969.665   -7.580   
5969.745   -7.180   5969.690   -7.485   
5969.765   -7.115   5969.705   -7.420   
5969.795   -7.020   5969.735   -7.325   
5969.810   -6.955   5969.755   -7.265   
5969.830   -6.890   5969.785   -7.165   
5969.850   -6.795   5969.805   -7.105   
5969.875   -6.730   5969.820   -7.040   
5969.905   -6.635   5969.850   -6.945   
5969.925   -6.570   5969.870   -6.880   
5969.950   -6.475   5969.900   -6.785   
5969.970   -6.410   5969.915   -6.720   
5969.995   -6.300   5969.945   -6.625   
5970.000   -6.235   5969.965   -6.560   
5970.025   -6.185   5969.980   -6.495   
5970.040   -6.075   5970.005   -6.400   
5970.065   -6.010   5970.020   -6.335   
5970.080   -5.925   5970.045   -6.235   
5970.105   -5.860   5970.060   -6.170   
5970.120   -5.750   5970.080   -6.075   
5970.135   -5.685   5970.095   -6.010   
5970.170   -5.600   5970.120   -5.910   
5970.185   -5.535   5970.135   -5.850   
5970.200   -5.470   5970.150   -5.780   
5970.210   -5.360   5970.175   -5.685   
5970.225   -5.295   5970.190   -5.620   
5970.260   -5.210   5970.210   -5.525   
5970.275   -5.145   5970.225   -5.455   
5970.280   -5.035   5970.250   -5.360   
5970.295   -4.970   5970.265   -5.295   
5970.320   -4.905   5970.285   -5.200   
5970.325   -4.820   5970.295   -5.130   
5970.340   -4.745   5970.310   -5.065   
5970.360   -4.655   5970.325   -4.970   
5970.370   -4.590   5970.335   -4.905   
5970.390   -4.480   5970.355   -4.805   
5970.400   -4.415   5970.370   -4.740   
5970.420   -4.315   5970.385   -4.640   
5970.430   -4.250   5970.400   -4.575   
5970.440   -4.185   5970.415   -4.480   
5970.460   -4.085   5970.430   -4.415   
5970.470   -4.020   5970.440   -4.350   
5970.500   -3.925   5970.460   -4.250   
5970.500   -3.855   5970.470   -4.185   
5970.515   -3.770   5970.485   -4.085   
5970.525   -3.695   5970.500   -4.020   
5970.535   -3.605   5970.515   -3.920   
5970.545   -3.530   5970.525   -3.855   
5970.555   -3.460   5970.540   -3.755   
5970.570   -3.365   5970.545   -3.690   
5970.580   -3.295   5970.550   -3.625   
5970.590   -3.200   5970.565   -3.525   
5970.600   -3.130   5970.575   -3.460   
5970.615   -3.030   5970.590   -3.360   
5970.625   -2.965   5970.595   -3.295   
5970.635   -2.865   5970.610   -3.195   
5970.645   -2.800   5970.620   -3.130   
5970.650   -2.745   5970.625   -3.060   
5970.660   -2.645   5970.640   -2.965   
5970.670   -2.580   5970.645   -2.895   
5970.670   -2.480   5970.660   -2.795   
5970.685   -2.405   5970.665   -2.730   
5970.685   -2.305   5970.680   -2.630   
5970.700   -2.235   5970.685   -2.565   
5970.710   -2.170   5970.695   -2.465   
5970.705   -2.070   5970.700   -2.400   
5970.720   -2.015   5970.705   -2.335   
5970.720   -1.915   5970.710   -2.235   
5970.725   -1.840   5970.715   -2.170   
5970.745   -1.750   5970.725   -2.070   
5970.750   -1.675   5970.730   -2.000   
5970.755   -1.575   5970.740   -1.900   
5970.760   -1.505   5970.745   -1.835   
5970.750   -1.450   5970.750   -1.735   
5970.770   -1.350   5970.750   -1.670   
5970.760   -1.275   5970.755   -1.605   
5970.780   -1.175   5970.760   -1.505   
5970.770   -1.105   5970.765   -1.435   
5970.775   -1.005   5970.770   -1.335   
5970.790   -0.950   5970.775   -1.270   
5970.780   -0.850   5970.780   -1.170   
5970.795   -0.785   5970.780   -1.105   
5970.785   -0.720   5970.785   -1.005   
5970.800   -0.625   5970.785   -0.935   
5970.790   -0.565   5970.785   -0.870   
5970.790   -0.480   5970.790   -0.775   
5970.805   -0.440   5970.790   -0.710   
5970.795   -0.365   5970.795   -0.620   
5970.795   -0.330   5970.795   -0.560   
5970.795   -0.270   5970.800   -0.485   
5970.800   -0.230   5970.795   -0.435   
5970.800   -0.190   5970.800   -0.385   
5970.800   -0.155   5970.800   -0.325   
5970.800   -0.125   5970.800   -0.285   
5970.800   -0.080   5970.800   -0.230   
5970.805   -0.070   5970.800   -0.195   
5970.805   -0.040   5970.800   -0.150   
5970.805   -0.020   5970.800   -0.120   
5970.805   -0.020   5970.805   -0.085   
5970.805   -0.005   5970.805   -0.065   
5970.805   0.005   5970.805   -0.045   
5970.805   0.000   5970.805   -0.025   
5970.805   0.000   5970.805   -0.015   
5970.805   0.000   5970.805   -0.005   
5970.805   0.000   5970.805   0.000   
5970.805   0.000   5970.805   0.005   
5970.805   0.000   5970.805   0.000   
5970.805   0.000   5970.805   0.000   
5970.805   0.000   5970.805   0.000   
5970.805   0.000   5970.805   0.000   
5970.805   0.000   5970.805   0.000   
5970.805   0.000   5970.805   0.000   
5970.805   0.000   5970.805   0.000   
5970.805   0.000   5970.805   0.000   
5970.805   0.000   5970.805   0.000   
5970.805   0.000   5970.805   0.000   
5970.805   0.000   5970.805   0.000   
5970.805   0.000   5970.805   0.000   
5970.805   0.000   5970.805   0.000   
5970.805   0.000   5970.805   0.000   
5970.805   0.000   5970.805   0.000   
5970.805   0.000   5970.805   0.000   
5970.805   0.000   5970.805   0.000   
5970.805   0.000   5970.805   0.000   
5970.805   0.000   5970.805   0.000   
5970.805   0.000   5970.805   0.000   
5970.805   0.000   5970.805   0.000   
5970.820   0.000   5970.805   0.000   
5970.810   0.000   5970.805   0.000   
5970.810   0.000   5970.805   0.000   
5970.810   0.000   5970.810   0.000   
5970.810   0.000   5970.810   0.000   
5970.810   0.000   5970.810   0.000   
5970.810   0.000   5970.810   0.000   
5970.810   0.000   5970.810   0.000   
5970.810   0.000   5970.810   0.000   
5970.810   0.000   5970.810   0.000   
5970.810   0.000   5970.810   0.000   
5970.810   0.000   5970.810   0.000   
5970.810   0.000   5970.810   0.000   
5970.810   0.000   5970.810   0.000   
5970.810   0.000   5970.810   0.000   
5970.810   0.000   5970.810   0.000   
5970.810   0.000   5970.810   0.000   
5970.810   0.000   5970.810   0.000   
5970.810   0.000   5970.810   0.000   
5970.810   0.000   5970.810   0.000   
5970.810   0.000   5970.810   0.000   
5970.810   0.000   5970.810   0.000   
5970.810   0.000   5970.810   0.000   
5970.810   0.000   5970.810   0.000   
5970.810   0.000   5970.810   0.000   
5970.810   0.000   5970.810   0.000   
5970.810   0.000   5970.810   0.000   
5970.810   0.000   5970.810   0.000   
5970.810   0.000   5970.810   0.000   
5970.810   0.000   5970.810   0.000   
5970.810   0.000   5970.810   0.000   
5970.810   0.000   5970.810   0.000   
5970.810   0.000   5970.810   0.000   
5970.810   0.000   5970.810   0.000   
5970.810   0.000   5970.810   0.000   
5970.810   0.000   5970.810   0.000   
5970.810   0.000   5970.810   0.000   
5970.810   0.000   5970.810   0.000   
5970.810   0.000   5970.810   0.000   
5970.810   0.000   5970.810   0.000   
5970.810   0.000   5970.810   0.000   
5970.810   0.000   5970.810   0.000   
5970.810   0.000   5970.810   0.000   
5970.810   0.000   5970.810   0.000   
5970.810   0.000   5970.810   0.000   
5970.810   0.000   5970.810   0.000   
5970.810   0.000   5970.810   0.000   
5970.810   0.000   5970.810   0.000   
5970.810   0.000   5970.810   0.000   
5970.810   0.000   5970.810   0.000   
5970.810   0.000   5970.810   0.000   
5970.810   0.000   5970.810   0.000   
5970.810   0.000   5970.810   0.000   
5970.810   0.000   5970.810   0.000   
5970.810   0.000   5970.810   0.000   
5970.810   0.000   5970.810   0.000   
5970.810   0.000   5970.810   0.000   
5970.810   0.000   5970.810   0.000   
5970.810   0.000   5970.810   0.000   
5970.810   0.000   5970.810   0.000   
5970.810   0.000   5970.810   0.000   
5970.810   0.000   5970.810   0.000   
5970.810   0.000   5970.810   0.000   
5970.810   0.000   5970.810   0.000   
5970.810   0.000   5970.810   0.000   
5970.810   0.000   5970.810   0.000   
5970.810   0.000   5970.810   0.000   
5970.810   0.000   5970.810   0.000   
5970.810   0.000   5970.810   0.000   
5970.810   0.000   5970.810   0.000   
5970.810   0.000   5970.810   0.000   
5970.810   0.000   5970.810   0.000   
5970.810   0.000   5970.810   0.000   
5970.810   0.000   5970.810   0.000   
5970.810   0.000   5970.810   0.000   
5970.810   0.000   5970.810   0.000   
5970.810   0.000   5970.810   0.000   
5970.810   0.000   5970.810   0.000   
5970.810   0.000   5970.810   0.000   
5970.810   0.000   5970.810   0.000   
5970.810   0.000   5970.810   0.000   
5970.810   0.000   5970.810   0.000   
5970.810   0.000   5970.810   0.000   
5970.810   0.000   5970.810   0.000   
5970.810   0.000   5970.810   0.000   
5970.810   0.000   5970.810   0.000   
5970.810   0.000   5970.810   0.000   
5970.810   0.000   5970.810   0.000   
5970.810   0.000   5970.810   0.000   
5970.810   0.000   5970.810   0.000   
5970.810   0.000   5970.810   0.000   
5970.810   0.000   5970.810   0.000   
5970.810   0.000   5970.810   0.000   
5970.810   0.000   5970.810   0.000   
5970.810   0.000   5970.810   0.000   
5970.810   0.000   5970.810   0.000   
5970.810   0.000   5970.810   0.000   
5970.810   0.000   5970.810   0.000   
5970.810   0.000   5970.810   0.000   
5970.810   0.000   5970.810   0.000   
5970.810   0.000   5970.810   0.000   
5970.810   0.000   5970.810   0.000   
5970.810   0.000   5970.810   0.000   
5970.810   0.000   5970.810   0.000   
5970.810   0.000   5970.810   0.000   
5970.810   0.000   5970.810   0.000   
5970.810   0.000   5970.810   0.000   
5970.810   0.000   5970.810   0.000   
5970.810   0.000   5970.810   0.000   
5970.810   0.000   5970.810   0.000   
5970.810   0.000   5970.810   0.000   
5970.810   0.000   5970.810   0.000   
5970.810   0.000   5970.810   0.000   
5970.810   0.000   5970.810   0.000   
5970.810   0.000   5970.810   0.000   
5970.810   0.000   5970.810   0.000   
5970.810   0.000   5970.810   0.000   
5970.810   0.000   5970.810   0.000   
5970.810   0.000   5970.810   0.000   
5970.810   0.000   5970.810   0.000   
5970.810   0.000   5970.810   0.000   
5970.810   0.000   5970.810   0.000   
5970.810   0.000   5970.810   0.000   
5970.810   0.000   5970.810   0.000   
5970.810   0.000   5970.810   0.000   
5970.810   0.000   5970.810   0.000   
5970.810   0.000   5970.810   0.000   
5970.810   0.000   5970.810   0.000   
5970.810   0.000   5970.810   0.000   
5970.810   0.000   5970.810   0.000   
5970.810   0.000   5970.810   0.000   
5970.810   0.000   5970.810   0.000   
5970.810   0.000   5970.810   0.000   
5970.810   0.000   5970.810   0.000   
5970.810   0.000   5970.810   0.000   
5970.810   0.000   5970.810   0.000   
5970.810   0.000   5970.810   0.000   
5970.810   0.000   5970.810   0.000   
5970.810   0.000   5970.810   0.000   
5970.810   0.000   5970.810   0.000   
5970.810   0.000   5970.810   0.000   
5970.810   0.000   5970.810   0.000   
5970.810   0.000   5970.810   0.000   
5970.810   0.000   5970.810   0.000   
5970.810   0.000   5970.810   0.000   
5970.810   0.000   5970.810   0.000   
5970.810   0.000   5970.810   0.000   
5970.810   0.000   5970.810   0.000   
5970.810   0.000   5970.810   0.000   
5970.810   0.000   5970.810   0.000   
5970.810   0.000   5970.810   0.000   
5970.810   0.000   5970.810   0.000   
5970.810   0.000   5970.810   0.000   
5970.810   0.000   5970.810   0.000   
5970.810   0.000   5970.810   0.000   
5970.810   0.000   5970.810   0.000   
5970.810   0.000   5970.810   0.000   
5970.810   0.000   5970.810   0.000   
5970.810   0.000   5970.810   0.000   
5970.810   0.000   5970.810   0.000   
5970.810   0.000   5970.810   0.000   
5970.810   0.000   5970.810   0.000   
5970.810   0.000   5970.810   0.000   
5970.810   0.000   5970.810   0.000   
5970.810   0.000   5970.810   0.000   
5970.810   0.000   5970.810   0.000   
5970.810   0.000   5970.810   0.000   
5970.810   0.000   5970.810   0.000   
5970.810   0.000   5970.810   0.000   
5970.810   0.000   5970.810   0.000   
5970.810   0.000   5970.810   0.000   
5970.810   0.000   5970.810   0.000   
5970.810   0.000   5970.810   0.000   
5970.810   0.000   5970.810   0.000   
5970.810   0.000   5970.810   0.000   
5970.810   0.000   5970.810   0.000   
5970.810   0.000   5970.810   0.000   
5970.810   0.000   5970.810   0.000   
5970.810   0.000   5970.810   0.000   
5970.810   0.000   5970.810   0.000   
5970.810   0.000   5970.810   0.000   
5970.810   0.000   5970.810   0.000   
5970.810   0.000   5970.810   0.000   
5970.810   0.000   5970.810   0.000   
5970.810   0.000   5970.810   0.000   
5970.810   0.000   5970.810   0.000   
5970.810   0.000   5970.810   0.000   
5970.810   0.000   5970.810   0.000   
5970.810   0.000   5970.810   0.000   
5970.810   0.000   5970.810   0.000   
5970.810   0.000   5970.810   0.000   
5970.810   0.000   5970.810   0.000   
5970.810   0.000   5970.810   0.000   
5970.810   0.000   5970.810   0.000   
5970.810   0.000   5970.810   0.000   
5970.810   0.000   5970.810   0.000   
5970.810   0.000   5970.810   0.000   
5970.810   0.000   5970.810   0.000   
5970.810   0.000   5970.810   0.000   
