6126.040   92.115   45.000   0.000   0.000   0.000   0.000   0.000   
6126.040   92.115   45.000   0.000   0.000   0.000   0.000   0.000   
6126.040   92.115   45.000   0.000   0.000   0.000   0.000   0.000   
6126.040   92.115   45.000   0.000   0.000   0.000   0.000   0.000   
6126.040   92.115   45.000   0.000   0.000   0.000   0.000   0.000   
6126.040   92.115   45.000   0.000   0.000   0.000   0.000   0.000   
6126.040   92.115   45.000   0.000   0.000   0.000   0.000   0.000   
6126.040   92.115   45.000   0.000   0.000   0.000   0.000   0.000   
6126.040   92.115   45.000   0.000   0.000   0.000   0.000   0.000   
6126.040   92.115   45.000   0.000   0.000   0.000   0.000   0.000   
6126.040   92.115   45.000   0.000   0.000   0.000   0.000   0.000   
6126.040   92.115   45.000   0.000   0.000   0.000   0.000   0.000   
6126.040   92.115   45.000   0.000   0.000   0.000   0.000   0.000   
6126.040   92.115   45.000   0.000   0.000   0.000   0.000   0.000   
6126.040   92.115   45.000   0.000   0.000   0.000   0.000   0.000   
6126.040   92.115   45.000   0.000   0.000   0.000   0.000   0.000   
6126.040   92.115   45.000   0.000   0.000   0.000   0.000   0.000   
6126.040   92.115   45.000   0.000   0.000   0.000   0.000   0.000   
6126.040   92.115   45.000   0.000   0.000   0.000   0.000   0.000   
6126.040   92.115   45.000   0.000   0.000   0.000   0.000   0.000   
6126.040   92.115   45.000   0.000   0.000   0.000   0.000   0.000   
6126.040   92.115   45.000   0.000   0.000   0.000   0.000   0.000   
6126.040   92.115   45.000   0.000   0.000   0.000   0.000   0.000   
6126.040   92.115   45.000   0.000   0.000   0.000   0.000   0.000   
6126.040   92.115   45.000   0.000   0.000   0.000   0.000   0.000   
6126.040   92.115   45.000   0.000   0.000   0.000   0.000   0.000   
6126.040   92.115   45.000   0.000   0.000   0.000   0.000   0.000   
6126.040   92.115   45.000   0.000   0.000   0.000   0.000   0.000   
6126.040   92.115   45.000   0.000   0.000   0.000   0.000   0.000   
6126.040   92.115   45.000   0.000   0.000   0.000   0.000   0.000   
6126.040   92.115   45.000   0.000   0.000   0.000   0.000   0.000   
6126.040   92.115   45.000   0.000   0.000   0.000   0.000   0.000   
6126.040   92.115   45.000   0.000   0.000   0.000   0.000   0.000   
6126.040   92.115   45.000   0.000   0.000   0.000   0.000   0.000   
6126.040   92.115   45.000   0.000   0.000   0.000   0.000   0.000   
6126.040   92.115   45.000   0.000   0.000   0.000   0.000   0.000   
6126.040   92.115   45.000   0.000   0.000   0.000   0.000   0.000   
6126.040   92.115   45.000   0.000   0.000   0.000   0.000   0.000   
6126.040   92.115   45.000   0.000   0.000   0.000   0.000   0.000   
6126.040   92.115   45.000   0.000   0.000   0.000   0.000   0.000   
6126.040   92.115   45.000   0.000   0.000   0.000   0.000   0.000   
6126.040   92.115   45.000   0.000   0.000   0.000   0.000   0.000   
6126.040   92.115   45.000   0.000   0.000   0.000   0.000   0.000   
6126.040   92.115   45.000   0.000   0.000   0.000   0.000   0.000   
6126.040   92.115   45.000   0.000   0.000   0.000   0.000   0.000   
6126.040   92.115   45.000   0.000   0.000   0.000   0.000   0.000   
6126.040   92.115   45.000   0.000   0.000   0.000   0.000   0.000   
6126.040   92.115   45.000   0.000   0.000   0.000   0.000   0.000   
6126.040   92.115   45.000   0.000   0.000   0.000   0.000   0.000   
6126.040   92.115   45.000   0.000   0.000   0.000   0.000   0.000   
6126.040   92.115   45.000   0.000   0.000   0.000   0.000   0.000   
6126.040   92.115   45.000   0.000   0.000   0.000   0.000   0.000   
6126.040   92.115   45.000   0.000   0.000   0.000   0.000   0.000   
6126.040   92.115   45.000   0.000   0.000   0.000   0.000   0.000   
6126.040   92.115   45.000   0.000   0.000   0.000   0.000   0.000   
6126.040   92.115   45.000   0.000   0.000   0.000   0.000   0.000   
6126.040   92.115   45.000   0.000   0.000   0.000   0.000   0.000   
6126.040   92.115   45.000   0.000   0.000   0.000   0.000   0.000   
6126.040   92.115   45.000   0.000   0.000   0.000   0.000   0.000   
6126.040   92.115   45.000   0.000   0.000   0.000   0.000   0.000   
6126.040   92.115   45.000   0.000   0.000   0.000   0.000   0.000   
6126.040   92.115   45.000   0.000   0.000   0.000   0.000   0.000   
6126.040   92.115   45.000   0.000   0.000   0.000   0.000   0.000   
6126.040   92.115   45.000   0.000   0.000   0.000   0.000   0.000   
6126.040   92.115   45.000   0.000   0.000   0.000   0.000   0.000   
6126.040   92.115   45.000   0.000   0.000   0.000   0.000   0.000   
6126.040   92.115   45.000   0.000   0.000   0.000   0.000   0.000   
6126.040   92.115   45.000   0.000   0.000   0.000   0.000   0.000   
6126.040   92.115   45.000   0.000   0.000   0.000   0.000   0.000   
6126.040   92.115   45.000   0.000   0.000   0.000   0.000   0.000   
6126.040   92.115   45.000   0.000   0.000   0.000   0.000   0.000   
6126.040   92.115   45.000   0.000   0.000   0.000   0.000   0.000   
6126.040   92.115   45.000   0.000   0.000   0.000   0.000   0.000   
6126.040   92.115   45.000   0.000   0.000   0.000   0.000   0.000   
6126.040   92.115   45.000   0.000   0.000   0.000   0.000   0.000   
6126.040   92.115   45.000   0.000   0.000   0.000   0.000   0.000   
6126.040   92.115   45.000   0.000   0.000   0.000   0.000   0.000   
6126.040   92.115   45.000   0.000   0.000   0.000   0.000   0.000   
6126.040   92.115   45.000   0.000   0.000   0.000   0.000   0.000   
6126.040   92.115   45.000   0.000   0.000   0.000   0.000   0.000   
6126.040   92.115   45.000   0.000   0.000   0.000   0.000   0.000   
6126.040   92.115   45.000   0.000   0.000   0.000   0.000   0.000   
6126.040   92.115   45.000   0.000   0.000   0.000   0.000   0.000   
6126.040   92.115   45.000   0.000   0.000   0.000   0.000   0.000   
6126.040   92.115   45.000   0.000   0.000   0.000   0.000   0.000   
6126.040   92.115   45.000   0.000   0.000   0.000   0.000   0.000   
6126.040   92.115   45.000   0.000   0.000   0.000   0.000   0.000   
6126.040   92.115   45.000   0.000   0.000   0.000   0.000   0.000   
6126.040   92.115   45.000   0.000   0.000   0.000   0.000   0.000   
6126.040   92.115   45.000   0.000   0.000   0.000   0.000   0.000   
6126.040   92.115   45.000   0.000   0.000   0.000   0.000   0.000   
6126.040   92.115   45.000   0.000   0.000   0.000   0.000   0.000   
6126.040   92.115   45.000   0.000   0.000   0.000   0.000   0.000   
6126.040   92.115   45.000   0.000   0.000   0.000   0.000   0.000   
6126.040   92.115   45.000   0.000   0.000   0.000   0.000   0.000   
6126.040   92.115   45.000   0.000   0.000   0.000   0.000   0.000   
6126.040   92.115   45.000   0.000   0.000   0.000   0.000   0.000   
6126.040   92.115   45.000   0.000   0.000   0.000   0.000   0.000   
6126.040   92.115   45.000   0.000   0.000   0.000   0.000   0.000   
6126.040   92.115   45.000   0.000   0.000   0.000   0.000   0.000   
6126.040   92.115   45.000   0.000   0.000   0.000   0.000   0.000   
6126.040   92.115   45.000   0.000   0.000   0.000   0.000   0.000   
6126.040   92.115   45.000   0.000   0.000   0.000   0.000   0.000   
6126.040   92.115   45.000   0.000   0.000   0.000   0.000   0.000   
6126.040   92.115   45.000   0.000   0.000   0.000   0.000   0.000   
6126.040   92.115   45.000   0.000   0.000   0.000   0.000   0.000   
6126.040   92.115   45.000   0.000   0.000   0.000   0.000   0.000   
6126.040   92.115   45.000   0.000   0.000   0.000   0.000   0.000   
6126.040   92.115   45.000   0.000   0.000   0.000   0.000   0.000   
6126.040   92.115   45.000   0.000   0.000   0.000   0.000   0.000   
6126.040   92.115   45.000   0.000   0.000   0.000   0.000   0.000   
6126.040   92.115   45.000   0.000   0.000   0.000   0.000   0.000   
6126.040   92.115   45.000   0.000   0.000   0.000   0.000   0.000   
6126.040   92.115   45.000   0.000   0.000   0.000   0.000   0.000   
6126.040   92.115   45.000   0.000   0.000   0.000   0.000   0.000   
6126.040   92.115   45.000   0.000   0.000   0.000   0.000   0.000   
6126.040   92.115   45.000   0.000   0.000   0.000   0.000   0.000   
6126.040   92.115   45.000   0.000   0.000   0.000   0.000   0.000   
6126.040   92.115   45.000   0.000   0.000   0.000   0.000   0.000   
6126.040   92.115   45.000   0.000   0.000   0.000   0.000   0.000   
6126.040   92.115   45.000   0.000   0.000   0.000   0.000   0.000   
6126.040   92.115   45.000   0.000   0.000   0.000   0.000   0.000   
6126.040   92.115   45.000   0.000   0.000   0.000   0.000   0.000   
6126.040   92.115   45.000   0.000   0.000   0.000   0.000   0.000   
6126.040   92.115   45.000   0.000   0.000   0.000   0.000   0.000   
6126.040   92.115   45.000   0.000   0.000   0.000   0.000   0.000   
6126.040   92.115   45.000   0.000   0.000   0.000   0.000   0.000   
6126.040   92.115   45.000   0.000   0.000   0.000   0.000   0.000   
6126.040   92.115   45.000   0.000   0.000   0.000   0.000   0.000   
6126.040   92.115   45.000   0.000   0.000   0.000   0.000   0.000   
6126.040   92.115   45.000   0.000   0.000   0.000   0.000   0.000   
6126.040   92.115   45.000   0.000   0.000   0.000   0.000   0.000   
6126.040   92.115   45.000   0.000   0.000   0.000   0.000   0.000   
6126.040   92.115   45.000   0.000   0.000   0.000   0.000   0.000   
6126.040   92.115   45.000   0.000   0.000   0.000   0.000   0.000   
6126.040   92.115   45.000   0.000   0.000   0.000   0.000   0.000   
6126.040   92.115   45.000   0.000   0.000   0.000   0.000   0.000   
6126.040   92.115   45.000   0.000   0.000   0.000   0.000   0.000   
6126.040   92.115   45.000   0.000   0.000   0.000   0.000   0.000   
6126.040   92.115   45.000   0.000   0.000   0.000   0.000   0.000   
6126.040   92.115   45.000   0.000   0.000   0.000   0.000   0.000   
6126.040   92.115   45.000   0.000   0.000   0.000   0.000   0.000   
6126.040   92.115   45.000   0.000   0.000   0.000   0.000   0.000   
6126.040   92.115   45.000   0.000   0.000   0.000   0.000   0.000   
6126.040   92.115   45.000   0.000   0.000   0.000   0.000   0.000   
6126.040   92.115   45.000   0.000   0.000   0.000   0.000   0.000   
6126.040   92.115   45.000   0.000   0.000   0.000   0.000   0.000   
6126.040   92.115   45.000   0.000   0.000   0.000   0.000   0.000   
6126.040   92.115   45.000   0.000   0.000   0.000   0.000   0.000   
6126.040   92.115   45.000   0.000   0.000   0.000   0.000   0.000   
6126.040   92.115   45.000   0.000   0.000   0.000   0.000   0.000   
6126.040   92.115   45.000   0.000   0.000   0.000   0.000   0.000   
6126.040   92.115   45.000   0.000   0.000   0.000   0.000   0.000   
6126.040   92.115   45.000   0.000   0.000   0.000   0.000   0.000   
6126.040   92.115   45.000   0.000   0.000   0.000   0.000   0.000   
6126.040   92.115   45.000   0.000   0.000   0.000   0.000   0.000   
6126.040   92.115   45.000   0.000   0.000   0.000   0.000   0.000   
6126.040   92.115   45.000   0.000   0.000   0.000   0.000   0.000   
6126.040   92.115   45.000   0.000   0.000   0.000   0.000   0.000   
6126.040   92.115   45.000   0.000   0.000   0.000   0.000   0.000   
6126.040   92.115   45.000   0.000   0.000   0.000   0.000   0.000   
6126.040   92.115   45.000   0.000   0.000   0.000   0.000   0.000   
6126.040   92.115   45.000   0.000   0.000   0.000   0.000   0.000   
6126.040   92.115   45.000   0.000   0.000   0.000   0.000   0.000   
6126.040   92.115   45.000   0.000   0.000   0.000   0.000   0.000   
6126.040   92.115   45.000   0.000   0.000   0.000   0.000   0.000   
6126.040   92.115   45.000   0.000   0.000   0.000   0.000   0.000   
6126.040   92.115   45.000   0.000   0.000   0.000   0.000   0.000   
6126.040   92.115   45.000   0.000   0.000   0.000   0.000   0.000   
6126.040   92.115   45.000   0.000   0.000   0.000   0.000   0.000   
6126.040   92.115   45.000   0.000   0.000   0.000   0.000   0.000   
6126.040   92.115   45.000   0.000   0.000   0.000   0.000   0.000   
6126.040   92.115   45.000   0.000   0.000   0.000   0.000   0.000   
6126.040   92.115   45.000   0.000   0.000   0.000   0.000   0.000   
6126.040   92.115   45.000   0.000   0.000   0.000   0.000   0.000   
6126.040   92.115   45.000   0.000   0.000   0.000   0.000   0.000   
6126.040   92.115   45.000   0.000   0.000   0.000   0.000   0.000   
6126.040   92.115   45.000   0.000   0.000   0.000   0.000   0.000   
6126.040   92.115   45.000   0.000   0.000   0.000   0.000   0.000   
6126.040   92.115   45.000   0.000   0.000   0.000   0.000   0.000   
6126.040   92.115   45.000   0.000   0.000   0.000   0.000   0.000   
6126.040   92.115   45.000   0.000   0.000   0.000   0.000   0.000   
6126.040   92.115   45.000   0.000   0.000   0.000   0.000   0.000   
6126.040   92.115   45.000   0.000   0.000   0.000   0.000   0.000   
6126.040   92.115   45.000   0.000   0.000   0.000   0.000   0.000   
6126.040   92.115   45.000   0.000   0.000   0.000   0.000   0.000   
6126.040   92.115   45.000   0.000   0.000   0.000   0.000   0.000   
6126.040   92.115   45.000   0.000   0.000   0.000   0.000   0.000   
6126.040   92.115   45.000   0.000   0.000   0.000   0.000   0.000   
6126.040   92.115   45.000   0.000   0.000   0.000   0.000   0.000   
6126.040   92.115   45.000   0.000   0.000   0.000   0.000   0.000   
6126.040   92.115   45.000   0.000   0.000   0.000   0.000   0.000   
6126.040   92.115   45.000   0.000   0.000   0.000   0.000   0.000   
6126.040   92.115   45.000   0.000   0.000   0.000   0.000   0.000   
6126.040   92.115   45.000   0.000   0.000   0.000   0.000   0.000   
6126.040   92.115   45.000   0.000   0.000   0.000   0.000   0.000   
6126.040   92.115   45.000   0.000   0.000   0.000   0.000   0.000   
6126.040   92.115   45.000   0.000   0.000   0.000   0.000   0.000   
6126.040   92.115   45.000   0.000   0.000   0.000   0.000   0.000   
6126.040   92.115   45.000   0.000   0.000   0.000   0.000   0.000   
6126.040   92.115   45.000   0.000   0.000   0.000   0.000   0.000   
6126.040   92.115   45.000   0.000   0.000   0.000   0.000   0.000   
6126.040   92.115   45.000   0.000   0.000   0.000   0.000   0.000   
6126.040   92.115   45.000   0.000   0.000   0.000   0.000   0.000   
6126.040   92.115   45.000   0.000   0.000   0.000   0.000   0.000   
6126.040   92.115   45.000   0.000   0.000   0.000   0.000   0.000   
6126.040   92.115   45.000   0.000   0.000   0.000   0.000   0.000   
6126.040   92.115   45.000   0.000   0.000   0.000   0.000   0.000   
6126.040   92.115   45.000   0.000   0.000   0.000   0.000   0.000   
6126.040   92.115   45.000   0.000   0.000   0.000   0.000   0.000   
6126.040   92.115   45.000   0.000   0.000   0.000   0.000   0.000   
6126.040   92.115   45.000   0.000   0.000   0.000   0.000   0.000   
6126.040   92.115   45.000   0.000   0.000   0.000   0.000   0.000   
6126.040   92.115   45.000   0.000   0.000   0.000   0.000   0.000   
6126.040   92.115   45.000   0.000   0.000   0.000   0.000   0.000   
6126.040   92.115   45.000   0.000   0.000   0.000   0.000   0.000   
6126.040   92.115   45.000   0.000   0.000   0.000   0.000   0.000   
6126.040   92.115   45.000   0.000   0.000   0.000   0.000   0.000   
6126.040   92.115   45.000   0.000   0.000   0.000   0.000   0.000   
6126.040   92.115   45.000   0.000   0.000   0.000   0.000   0.000   
6126.040   92.115   45.000   0.000   0.000   0.000   0.000   0.000   
6126.040   92.115   45.000   0.000   0.000   0.000   0.000   0.000   
6126.040   92.115   45.000   0.000   0.000   0.000   0.000   0.000   
6126.040   92.115   45.000   0.000   0.000   0.000   0.000   0.000   
6126.040   92.115   45.000   0.000   0.000   0.000   0.000   0.000   
6126.040   92.115   45.000   0.000   0.000   0.000   0.000   0.000   
6126.040   92.115   45.000   0.000   0.000   0.000   0.000   0.000   
6126.040   92.115   45.000   0.000   0.000   0.000   0.000   0.000   
6126.040   92.115   45.000   0.000   0.000   0.000   0.000   0.000   
6126.040   92.115   45.000   0.000   0.000   0.000   0.000   0.000   
6126.040   92.115   45.000   0.000   0.000   0.000   0.000   0.000   
6126.040   92.115   45.000   0.000   0.000   0.000   0.000   0.000   
6126.040   92.115   45.000   0.000   0.000   0.000   0.000   0.000   
6126.040   92.115   45.000   0.000   0.000   0.000   0.000   0.000   
6126.040   92.115   45.000   0.000   0.000   0.000   0.000   0.000   
6126.040   92.115   45.000   0.000   0.000   0.000   0.000   0.000   
6126.040   92.115   45.000   0.000   0.000   0.000   0.000   0.000   
6126.040   92.115   45.000   0.000   0.000   0.000   0.000   0.000   
6126.040   92.115   45.000   0.000   0.000   0.000   0.000   0.000   
6126.040   92.115   45.000   0.000   0.000   0.000   0.000   0.000   
6126.040   92.115   45.000   0.000   0.000   0.000   0.000   0.000   
6126.040   92.115   45.000   0.000   0.000   0.000   0.000   0.000   
6126.040   92.115   45.000   0.000   0.000   0.000   0.000   0.000   
6126.040   92.115   45.000   0.000   0.000   0.000   0.000   0.000   
6126.040   92.115   45.000   0.000   0.000   0.000   0.000   0.000   
6126.040   92.115   45.000   0.000   0.000   0.000   0.000   0.000   
6126.040   92.115   45.000   0.000   0.000   0.000   0.000   0.000   
6126.040   92.115   45.000   0.000   0.000   0.000   0.000   0.000   
6126.040   92.115   45.000   0.000   0.000   0.000   0.000   0.000   
6126.040   92.115   45.000   0.000   0.000   0.000   0.000   0.000   
6126.040   92.115   45.000   0.000   0.000   0.000   0.000   0.000   
6126.040   92.115   45.000   0.000   0.000   0.000   0.000   0.000   
6126.040   92.115   45.000   0.000   0.000   0.000   0.000   0.000   
6126.040   92.115   45.000   0.000   0.000   0.000   0.000   0.000   
6126.040   92.115   45.000   0.000   0.000   0.000   0.000   0.000   
6126.040   92.115   45.000   0.000   0.000   0.000   0.000   0.000   
6126.040   92.115   45.000   0.000   0.000   0.000   0.000   0.000   
6126.040   92.115   45.000   0.000   0.000   0.000   0.000   0.000   
6126.040   92.115   45.000   0.000   0.000   0.000   0.000   0.000   
6126.040   92.115   45.000   0.000   0.000   0.000   0.000   0.000   
6126.040   92.115   45.000   0.000   0.000   0.000   0.000   0.000   
6126.040   92.115   45.000   0.000   0.000   0.000   0.000   0.000   
6126.040   92.115   45.000   0.000   0.000   0.000   0.000   0.000   
6126.040   92.115   45.000   0.000   0.000   0.000   0.000   0.000   
6126.040   92.115   45.000   0.000   0.000   0.000   0.000   0.000   
6126.040   92.115   45.000   0.000   0.000   0.000   0.000   0.000   
6126.040   92.115   45.000   0.000   0.000   0.000   0.000   0.000   
6126.040   92.115   45.000   0.000   0.000   0.000   0.000   0.000   
6126.040   92.115   45.000   0.000   0.000   0.000   0.000   0.000   
6126.040   92.115   45.000   0.000   0.000   0.000   0.000   0.000   
6126.040   92.115   45.000   0.000   0.000   0.000   0.000   0.000   
6126.040   92.115   45.000   0.000   0.000   0.000   0.000   0.000   
6126.040   92.115   45.000   0.000   0.000   0.000   0.000   0.000   
6126.040   92.115   45.000   0.000   0.000   0.000   0.000   0.000   
6126.040   92.115   45.000   0.000   0.000   0.000   0.000   0.000   
6126.040   92.115   45.000   0.000   0.000   0.000   0.000   0.000   
6126.040   92.115   45.000   0.000   0.000   0.000   0.000   0.000   
6126.040   92.115   45.000   0.000   0.000   0.000   0.000   0.000   
6126.040   92.115   45.000   0.000   0.000   0.000   0.000   0.000   
6126.040   92.115   45.000   0.000   0.000   0.000   0.000   0.000   
6126.040   92.115   45.000   0.000   0.000   0.000   0.000   0.000   
6126.040   92.115   45.000   0.000   0.000   0.000   0.000   0.000   
6126.040   92.115   45.000   0.000   0.000   0.000   0.000   0.000   
6126.040   92.115   45.000   0.000   0.000   0.000   0.000   0.000   
6126.040   92.115   45.000   0.000   0.000   0.000   0.000   0.000   
6126.040   92.115   45.000   0.000   0.000   0.000   0.000   0.000   
6126.040   92.115   45.000   0.000   0.000   0.000   0.000   0.000   
6126.040   92.115   45.000   0.000   0.000   0.000   0.000   0.000   
6126.040   92.115   45.000   0.000   0.000   0.000   0.000   0.000   
6126.040   92.115   45.000   0.000   0.000   0.000   0.000   0.000   
6126.040   92.115   45.000   0.000   0.000   0.000   0.000   0.000   
6126.040   92.115   45.000   0.000   0.000   0.000   0.000   0.000   
6126.040   92.115   45.000   0.000   0.000   0.000   0.000   0.000   
6126.040   92.115   45.000   0.000   0.000   0.000   0.000   0.000   
6126.040   92.115   45.000   0.000   0.000   0.000   0.000   0.000   
6126.040   92.115   45.000   0.000   0.000   0.000   0.000   0.000   
6126.040   92.115   45.000   0.000   0.000   0.000   0.000   0.000   
6126.040   92.115   45.000   0.000   0.000   0.000   0.000   0.000   
6126.040   92.115   45.000   0.000   0.000   0.000   0.000   0.000   
6126.040   92.115   45.000   0.000   0.000   0.000   0.000   0.000   
6126.040   92.115   45.000   0.000   0.000   0.000   0.000   0.000   
6126.040   92.115   45.000   0.000   0.000   0.000   0.000   0.000   
6126.040   92.115   45.000   0.000   0.000   0.000   0.000   0.000   
6126.040   92.115   45.000   0.000   0.000   0.000   0.000   0.000   
6126.040   92.115   45.000   0.000   0.000   0.000   0.000   0.000   
6126.040   92.115   45.000   0.000   0.000   0.000   0.000   0.000   
6126.040   92.115   45.000   0.000   0.000   0.000   0.000   0.000   
6126.040   92.115   45.000   0.000   0.000   0.000   0.000   0.000   
6126.040   92.115   45.000   0.000   0.000   0.000   0.000   0.000   
6126.040   92.115   45.000   0.000   0.000   0.000   0.000   0.000   
6126.040   92.115   45.000   0.000   0.000   0.000   0.000   0.000   
6126.040   92.115   45.000   0.000   0.000   0.000   0.000   0.000   
6126.040   92.115   45.000   0.000   0.000   0.000   0.000   0.000   
6126.040   92.115   45.000   0.000   0.000   0.000   0.000   0.000   
6126.040   92.115   45.000   0.000   0.000   0.000   0.000   0.000   
6126.040   92.115   45.000   0.000   0.000   0.000   0.000   0.000   
6126.040   92.115   45.000   0.000   0.000   0.000   0.000   0.000   
6126.040   92.115   45.000   0.000   0.000   0.000   0.000   0.000   
6126.040   92.115   45.000   0.000   0.000   0.000   0.000   0.000   
6126.040   92.115   45.000   0.000   0.000   0.000   0.000   0.000   
6126.040   92.115   45.000   0.000   0.000   0.000   0.000   0.000   
6126.040   92.115   45.000   0.000   0.000   0.000   0.000   0.000   
6126.040   92.115   45.000   0.000   0.000   0.000   0.000   0.000   
6126.040   92.115   45.000   0.000   0.000   0.000   0.000   0.000   
6126.040   92.115   45.000   0.000   0.000   0.000   0.000   0.000   
6126.040   92.115   45.000   0.000   0.000   0.000   0.000   0.000   
6126.040   92.115   45.000   0.000   0.000   0.000   0.000   0.000   
6126.040   92.115   45.000   0.000   0.000   0.000   0.000   0.000   
6126.040   92.115   45.000   0.000   0.000   0.000   0.000   0.000   
6126.040   92.115   45.000   0.000   0.000   0.000   0.000   0.000   
6126.040   92.115   45.000   0.000   0.000   0.000   0.000   0.000   
6126.040   92.115   45.000   0.000   0.000   0.000   0.000   0.000   
6126.040   92.115   45.000   0.000   0.000   0.000   0.000   0.000   
6126.040   92.115   45.000   0.000   0.000   0.000   0.000   0.000   
6126.040   92.115   45.000   0.000   0.000   0.000   0.000   0.000   
6126.040   92.115   45.000   0.000   0.000   0.000   0.000   0.000   
6126.040   92.115   45.000   0.000   0.000   0.000   0.000   0.000   
6126.040   92.115   45.000   0.000   0.000   0.000   0.000   0.000   
6126.040   92.115   45.000   0.000   0.000   0.000   0.000   0.000   
6126.040   92.115   45.000   0.000   0.000   0.000   0.000   0.000   
6126.040   92.115   45.000   0.000   0.000   0.000   0.000   0.000   
6126.040   92.115   45.000   0.000   0.000   0.000   0.000   0.000   
6126.040   92.115   45.000   0.000   0.000   0.000   0.000   0.000   
6126.040   92.115   45.000   0.000   0.000   0.000   0.000   0.000   
6126.040   92.115   45.000   0.000   0.000   0.000   0.000   0.000   
6126.040   92.115   45.000   0.000   0.000   0.000   0.000   0.000   
6126.040   92.115   45.000   0.000   0.000   0.000   0.000   0.000   
6126.040   92.115   45.000   0.000   0.000   0.000   0.000   0.000   
6126.040   92.115   45.000   0.000   0.000   0.000   0.000   0.000   
6126.040   92.115   45.000   0.000   0.000   0.000   0.000   0.000   
6126.040   92.115   45.000   0.000   0.000   0.000   0.000   0.000   
6126.040   92.115   45.000   0.000   0.000   0.000   0.000   0.000   
6126.040   92.115   45.000   0.000   0.000   0.000   0.000   0.000   
6126.040   92.115   45.000   0.000   0.000   0.000   0.000   0.000   
6126.040   92.115   45.000   0.000   0.000   0.000   0.000   0.000   
6126.040   92.115   45.000   0.000   0.000   0.000   0.000   0.000   
6126.040   92.115   45.000   0.000   0.000   0.000   0.000   0.000   
6126.040   92.115   45.000   0.000   0.000   0.000   0.000   0.000   
6126.040   92.115   45.000   0.000   0.000   0.000   0.000   0.000   
6126.040   92.115   45.000   0.000   0.000   0.000   0.000   0.000   
6126.040   92.115   45.000   0.000   0.000   0.000   0.000   0.000   
6126.040   92.115   45.000   0.000   0.000   0.000   0.000   0.000   
6126.040   92.115   45.000   0.000   0.000   0.000   0.000   0.000   
6126.040   92.115   45.000   0.000   0.000   0.000   0.000   0.000   
6126.040   92.115   45.000   0.000   0.000   0.000   0.000   0.000   
6126.040   92.115   45.000   0.000   0.000   0.000   0.000   0.000   
6126.040   92.115   45.000   0.000   0.000   0.000   0.000   0.000   
6126.040   92.115   45.000   0.000   0.000   0.000   0.000   0.000   
6126.040   92.115   45.000   0.000   0.000   0.000   0.000   0.000   
6126.040   92.115   45.000   0.000   0.000   0.000   0.000   0.000   
6126.040   92.115   45.000   0.000   0.000   0.000   0.000   0.000   
6126.040   92.115   45.000   0.000   0.000   0.000   0.000   0.000   
6126.040   92.115   45.000   0.000   0.000   0.000   0.000   0.000   
6126.040   92.115   45.000   0.000   0.000   0.000   0.000   0.000   
6126.040   92.115   45.000   0.000   0.000   0.000   0.000   0.000   
6126.040   92.115   45.000   0.000   0.000   0.000   0.000   0.000   
6126.040   92.115   45.000   0.000   0.000   0.000   0.000   0.000   
6126.040   92.115   45.000   0.000   0.000   0.000   0.000   0.000   
6126.040   92.115   45.000   0.000   0.000   0.000   0.000   0.000   
6126.040   92.115   45.000   0.000   0.000   0.000   0.000   0.000   
6126.040   92.115   45.000   0.000   0.000   0.000   0.000   0.000   
6126.040   92.115   45.000   0.000   0.000   0.000   0.000   0.000   
6126.040   92.115   45.000   0.000   0.000   0.000   0.000   0.000   
6126.040   92.115   45.000   0.000   0.000   0.000   0.000   0.000   
6126.040   92.115   45.000   0.000   0.000   0.000   0.000   0.000   
6126.040   92.115   45.000   0.000   0.000   0.000   0.000   0.000   
6126.040   92.115   45.000   0.000   0.000   0.000   0.000   0.000   
6126.040   92.115   45.000   0.000   0.000   0.000   0.000   0.000   
6126.040   92.115   45.000   0.000   0.000   0.000   0.000   0.000   
6126.040   92.115   45.000   0.000   0.000   0.000   0.000   0.000   
6126.040   92.115   45.000   0.000   0.000   0.000   0.000   0.000   
6126.040   92.115   45.000   0.000   0.000   0.000   0.000   0.000   
6126.040   92.115   45.000   0.000   0.000   0.000   0.000   0.000   
6126.040   92.115   45.000   0.000   0.000   0.000   0.000   0.000   
6126.040   92.115   45.000   0.000   0.000   0.000   0.000   0.000   
6126.040   92.115   45.000   0.000   0.000   0.000   0.000   0.000   
6126.040   92.115   45.000   0.000   0.000   0.000   0.000   0.000   
6126.040   92.115   45.000   0.000   0.000   0.000   0.000   0.000   
6126.040   92.115   45.000   0.000   0.000   0.000   0.000   0.000   
6126.040   92.115   45.000   0.000   0.000   0.000   0.000   0.000   
6126.040   92.115   45.000   0.000   0.000   0.000   0.000   0.000   
6126.040   92.115   45.000   0.000   0.000   0.000   0.000   0.000   
6126.040   92.115   45.000   0.000   0.000   0.000   0.000   0.000   
6126.040   92.115   45.000   0.000   0.000   0.000   0.000   0.000   
6126.040   92.115   45.000   0.000   0.000   0.000   0.000   0.000   
6126.040   92.115   45.000   0.000   0.000   0.000   0.000   0.000   
6126.040   92.115   45.000   0.000   0.000   0.000   0.000   0.000   
6126.040   92.115   45.000   0.000   0.000   0.000   0.000   0.000   
6126.040   92.115   45.000   0.000   0.000   0.000   0.000   0.000   
6126.040   92.115   45.000   0.000   0.000   0.000   0.000   0.000   
6126.040   92.115   45.000   0.000   0.000   0.000   0.000   0.000   
6126.040   92.115   45.000   0.000   0.000   0.000   0.000   0.000   
6126.040   92.115   45.000   0.000   0.000   0.000   0.000   0.000   
6126.040   92.115   45.000   0.000   0.000   0.000   0.000   0.000   
6126.040   92.115   45.000   0.000   0.000   0.000   0.000   0.000   
6126.040   92.115   45.000   0.000   0.000   0.000   0.000   0.000   
6126.040   92.115   45.000   0.000   0.000   0.000   0.000   0.000   
6126.040   92.115   45.000   0.000   0.000   0.000   0.000   0.000   
6126.040   92.115   45.000   0.000   0.000   0.000   0.000   0.000   
6126.040   92.115   45.000   0.000   0.000   0.000   0.000   0.000   
6126.040   92.115   45.000   0.000   0.000   0.000   0.000   0.000   
6126.040   92.115   45.000   0.000   0.000   0.000   0.000   0.000   
6126.040   92.115   45.000   0.000   0.000   0.000   0.000   0.000   
6126.040   92.115   45.000   0.000   0.000   0.000   0.000   0.000   
6126.040   92.115   45.000   0.000   0.000   0.000   0.000   0.000   
6126.040   92.115   45.000   0.000   0.000   0.000   0.000   0.000   
6126.040   92.115   45.000   0.000   0.000   0.000   0.000   0.000   
6126.040   92.115   45.000   0.000   0.000   0.000   0.000   0.000   
6126.040   92.115   45.000   0.000   0.000   0.000   0.000   0.000   
6126.040   92.115   45.000   0.000   0.000   0.000   0.000   0.000   
6126.040   92.115   45.000   0.000   0.000   0.000   0.000   0.000   
6126.040   92.115   45.000   0.000   0.000   0.000   0.000   0.000   
6126.040   92.115   45.000   0.000   0.000   0.000   0.000   0.000   
6126.040   92.115   45.000   0.000   0.000   0.000   0.000   0.000   
6126.040   92.115   45.000   0.000   0.000   0.000   0.000   0.000   
6126.040   92.115   45.000   0.000   0.000   0.000   0.000   0.000   
6126.040   92.115   45.000   0.000   0.000   0.000   0.000   0.000   
6126.040   92.115   45.000   0.000   0.000   0.000   0.000   0.000   
6126.040   92.115   45.000   0.000   0.000   0.000   0.000   0.000   
6126.040   92.115   45.000   0.000   0.000   0.000   0.000   0.000   
6126.040   92.115   45.000   0.000   0.000   0.000   0.000   0.000   
6126.040   92.115   45.000   0.000   0.000   0.000   0.000   0.000   
6126.040   92.115   45.000   0.000   0.000   0.000   0.000   0.000   
6126.040   92.115   45.000   0.000   0.000   0.000   0.000   0.000   
6126.040   92.115   45.000   0.000   0.000   0.000   0.000   0.000   
6126.040   92.115   45.000   0.000   0.000   0.000   0.000   0.000   
6126.040   92.115   45.000   0.000   0.000   0.000   0.000   0.000   
6126.040   92.115   45.000   0.000   0.000   0.000   0.000   0.000   
6126.040   92.115   45.000   0.000   0.000   0.000   0.000   0.000   
6126.040   92.115   45.000   0.000   0.000   0.000   0.000   0.000   
6126.040   92.115   45.000   0.000   0.000   0.000   0.000   0.000   
6126.040   92.115   45.000   0.000   0.000   0.000   0.000   0.000   
6126.040   92.115   45.000   0.000   0.000   0.000   0.000   0.000   
6126.040   92.115   45.000   0.000   0.000   0.000   0.000   0.000   
6126.040   92.115   45.000   0.000   0.000   0.000   0.000   0.000   
6126.040   92.115   45.000   0.000   0.000   0.000   0.000   0.000   
6126.040   92.115   45.000   0.000   0.000   0.000   0.000   0.000   
6126.040   92.115   45.000   0.000   0.000   0.000   0.000   0.000   
6126.040   92.115   45.000   0.000   0.000   0.000   0.000   0.000   
6126.040   92.115   45.000   0.000   0.000   0.000   0.000   0.000   
6126.040   92.115   45.000   0.000   0.000   0.000   0.000   0.000   
6126.040   92.115   45.000   0.000   0.000   0.000   0.000   0.000   
6126.040   92.115   45.000   0.000   0.000   0.000   0.000   0.000   
6126.040   92.115   45.000   0.000   0.000   0.000   0.000   0.000   
6126.040   92.115   45.000   0.000   0.000   0.000   0.000   0.000   
6126.040   92.115   45.000   0.000   0.000   0.000   0.000   0.000   
6126.040   92.115   45.000   0.000   0.000   0.000   0.000   0.000   
6126.040   92.115   45.000   0.000   0.000   0.000   0.000   0.000   
6126.040   92.115   45.000   0.000   0.000   0.000   0.000   0.000   
6126.040   92.115   45.000   0.000   0.000   0.000   0.000   0.000   
6126.040   92.115   45.000   0.000   0.000   0.000   0.000   0.000   
6126.040   92.115   45.000   0.000   0.000   0.000   0.000   0.000   
6126.040   92.115   45.000   0.000   0.000   0.000   0.000   0.000   
6126.040   92.115   45.000   0.000   0.000   0.000   0.000   0.000   
6126.040   92.115   45.000   0.000   0.000   0.000   0.000   0.000   
6126.040   92.115   45.000   0.000   0.000   0.000   0.000   0.000   
6126.040   92.115   45.000   0.000   0.000   0.000   0.000   0.000   
6126.040   92.115   45.000   0.000   0.000   0.000   0.000   0.000   
6126.040   92.115   45.000   0.000   0.000   0.000   0.000   0.000   
6126.040   92.115   45.000   0.000   0.000   0.000   0.000   0.000   
6126.040   92.115   45.000   0.000   0.000   0.000   0.000   0.000   
6126.040   92.115   45.000   0.000   0.000   0.000   0.000   0.000   
6126.040   92.115   45.000   0.000   0.000   0.000   0.000   0.000   
6126.040   92.115   45.000   0.000   0.000   0.000   0.000   0.000   
6126.040   92.115   45.000   0.000   0.000   0.000   0.000   0.000   
6126.040   92.115   45.000   0.000   0.000   0.000   0.000   0.000   
6126.040   92.115   45.000   0.000   0.000   0.000   0.000   0.000   
6126.040   92.115   45.000   0.000   0.000   0.000   0.000   0.000   
6126.040   92.115   45.000   0.000   0.000   0.000   0.000   0.000   
6126.040   92.115   45.000   0.000   0.000   0.000   0.000   0.000   
6126.040   92.115   45.000   0.000   0.000   0.000   0.000   0.000   
6126.040   92.115   45.000   0.000   0.000   0.000   0.000   0.000   
6126.040   92.115   45.000   0.000   0.000   0.000   0.000   0.000   
6126.040   92.115   45.000   0.000   0.000   0.000   0.000   0.000   
6126.040   92.115   45.000   0.000   0.000   0.000   0.000   0.000   
6126.040   92.115   45.000   0.000   0.000   0.000   0.000   0.000   
6126.040   92.115   45.000   0.000   0.000   0.000   0.000   0.000   
6126.040   92.115   45.000   0.000   0.000   0.000   0.000   0.000   
6126.040   92.115   45.000   0.000   0.000   0.000   0.000   0.000   
6126.040   92.115   45.000   0.000   0.000   0.000   0.000   0.000   
6126.040   92.115   45.000   0.000   0.000   0.000   0.000   0.000   
6126.040   92.115   45.000   0.000   0.000   0.000   0.000   0.000   
6126.040   92.115   45.000   0.000   0.000   0.000   0.000   0.000   
6126.040   92.115   45.000   0.000   0.000   0.000   0.000   0.000   
6126.040   92.115   45.000   0.000   0.000   0.000   0.000   0.000   
6126.040   92.115   45.000   0.000   0.000   0.000   0.000   0.000   
6126.040   92.115   45.000   0.000   0.000   0.000   0.000   0.000   
6126.040   92.115   45.000   0.000   0.000   0.000   0.000   0.000   
6126.040   92.115   45.000   0.000   0.000   0.000   0.000   0.000   
6126.040   92.115   45.000   0.000   0.000   0.000   0.000   0.000   
6126.040   92.115   45.000   0.000   0.000   0.000   0.000   0.000   
6126.040   92.115   45.000   0.000   0.000   0.000   0.000   0.000   
6126.040   92.115   45.000   0.000   0.000   0.000   0.000   0.000   
6126.040   92.115   45.000   0.000   0.000   0.000   0.000   0.000   
6126.040   92.115   45.000   0.000   0.000   0.000   0.000   0.000   
6126.040   92.115   45.000   0.000   0.000   0.000   0.000   0.000   
6126.040   92.115   45.000   0.000   0.000   0.000   0.000   0.000   
6126.040   92.115   45.000   0.000   0.000   0.000   0.000   0.000   
6126.040   92.115   45.000   0.000   0.000   0.000   0.000   0.000   
6126.040   92.115   45.000   0.000   0.000   0.000   0.000   0.000   
6126.040   92.115   45.000   0.000   0.000   0.000   0.000   0.000   
6126.040   92.115   45.000   0.000   0.000   0.000   0.000   0.000   
6126.040   92.115   45.000   0.000   0.000   0.000   0.000   0.000   
6126.040   92.115   45.000   0.000   0.000   0.000   0.000   0.000   
6126.040   92.115   45.000   0.000   0.000   0.000   0.000   0.000   
6126.040   92.115   45.000   0.000   0.000   0.000   0.000   0.000   
6126.040   92.115   45.000   0.000   0.000   0.000   0.000   0.000   
6126.040   92.115   45.000   0.000   0.000   0.000   0.000   0.000   
6126.040   92.115   45.000   0.000   0.000   0.000   0.000   0.000   
6126.040   92.115   45.000   0.000   0.000   0.000   0.000   0.000   
6126.040   92.115   45.000   0.000   0.000   0.000   0.000   0.000   
6126.040   92.115   45.000   0.000   0.000   0.000   0.000   0.000   
6126.040   92.115   45.000   0.000   0.000   0.000   0.000   0.000   
6126.040   92.115   45.000   0.000   0.000   0.000   0.000   0.000   
6126.040   92.115   45.000   0.000   0.000   0.000   0.000   0.000   
6126.040   92.115   45.000   0.000   0.000   0.000   0.000   0.000   
6126.040   92.115   45.000   0.000   0.000   0.000   0.000   0.000   
6126.040   92.115   45.000   0.000   0.000   0.000   0.000   0.000   
6126.040   92.115   45.000   0.000   0.000   0.000   0.000   0.000   
6126.040   92.115   45.000   0.000   0.000   0.000   0.000   0.000   
6126.040   92.115   45.000   0.000   0.000   0.000   0.000   0.000   
6126.040   92.115   45.000   0.000   0.000   0.000   0.000   0.000   
6126.040   92.115   45.000   0.000   0.000   0.000   0.000   0.000   
6126.040   92.115   45.000   0.000   0.000   0.000   0.000   0.000   
6126.040   92.115   45.000   0.000   0.000   0.000   0.000   0.000   
6126.040   92.115   45.000   0.000   0.000   0.000   0.000   0.000   
6126.040   92.115   45.000   0.000   0.000   0.000   0.000   0.000   
6126.040   92.115   45.000   0.000   0.000   0.000   0.000   0.000   
6126.040   92.115   45.000   0.000   0.000   0.000   0.000   0.000   
6126.040   92.115   45.000   0.000   0.000   0.000   0.000   0.000   
6126.040   92.115   45.000   0.000   0.000   0.000   0.000   0.000   
6126.040   92.115   45.000   0.000   0.000   0.000   0.000   0.000   
6126.040   92.115   45.000   0.000   0.000   0.000   0.000   0.000   
6126.040   92.115   45.000   0.000   0.000   0.000   0.000   0.000   
6126.040   92.115   45.000   0.000   0.000   0.000   0.000   0.000   
6126.040   92.115   45.000   0.000   0.000   0.000   0.000   0.000   
6126.040   92.115   45.000   0.000   0.000   0.000   0.000   0.000   
6126.040   92.115   45.000   0.000   0.000   0.000   0.000   0.000   
6126.040   92.115   45.000   0.000   0.000   0.000   0.000   0.000   
6126.040   92.115   45.000   0.000   0.000   0.000   0.000   0.000   
6126.040   92.115   45.000   0.000   0.000   0.000   0.000   0.000   
6126.040   92.115   45.000   0.000   0.000   0.000   0.000   0.000   
6126.040   92.115   45.000   0.000   0.000   0.000   0.000   0.000   
6126.040   92.115   45.000   0.000   0.000   0.000   0.000   0.000   
6126.040   92.115   45.000   0.000   0.000   0.000   0.000   0.000   
6126.040   92.115   45.000   0.000   0.000   0.000   0.000   0.000   
6126.040   92.115   45.000   0.000   0.000   0.000   0.000   0.000   
6126.040   92.115   45.000   0.000   0.000   0.000   0.000   0.000   
6126.040   92.115   45.000   0.000   0.000   0.000   0.000   0.000   
6126.040   92.115   45.000   0.000   0.000   0.000   0.000   0.000   
6126.040   92.115   45.000   0.000   0.000   0.000   0.000   0.000   
6126.040   92.115   45.000   0.000   0.000   0.000   0.000   0.000   
6126.040   92.115   45.000   0.000   0.000   0.000   0.000   0.000   
6126.040   92.115   45.000   0.000   0.000   0.000   0.000   0.000   
6126.040   92.115   45.000   0.000   0.000   0.000   0.000   0.000   
6126.040   92.115   45.000   0.000   0.000   0.000   0.000   0.000   
6126.040   92.115   45.000   0.000   0.000   0.000   0.000   0.000   
6126.040   92.115   45.000   0.000   0.000   0.000   0.000   0.000   
6126.040   92.115   45.000   0.000   0.000   0.000   0.000   0.000   
6126.040   92.115   45.000   0.000   0.000   0.000   0.000   0.000   
6126.040   92.115   45.000   0.000   0.000   0.000   0.000   0.000   
6126.040   92.115   45.000   0.000   0.000   0.000   0.000   0.000   
6126.040   92.115   45.000   0.000   0.000   0.000   0.000   0.000   
6126.040   92.115   45.000   0.000   0.000   0.000   0.000   0.000   
6126.040   92.115   45.000   0.000   0.000   0.000   0.000   0.000   
6126.040   92.115   45.000   0.000   0.000   0.000   0.000   0.000   
6126.040   92.115   45.000   0.000   0.000   0.000   0.000   0.000   
6126.040   92.115   45.000   0.000   0.000   0.000   0.000   0.000   
6126.040   92.115   45.000   0.000   0.000   0.000   0.000   0.000   
6126.040   92.115   45.000   0.000   0.000   0.000   0.000   0.000   
6126.040   92.115   45.000   0.000   0.000   0.000   0.000   0.000   
6126.040   92.115   45.000   0.000   0.000   0.000   0.000   0.000   
6126.040   92.115   45.000   0.000   0.000   0.000   0.000   0.000   
6126.040   92.115   45.000   0.000   0.000   0.000   0.000   0.000   
6126.040   92.115   45.000   0.000   0.000   0.000   0.000   0.000   
6126.040   92.115   45.000   0.000   0.000   0.000   0.000   0.000   
6126.040   92.115   45.000   0.000   0.000   0.000   0.000   0.000   
6126.040   92.115   45.000   0.000   0.000   0.000   0.000   0.000   
6126.040   92.115   45.000   0.000   0.000   0.000   0.000   0.000   
6126.040   92.115   45.000   0.000   0.000   0.000   0.000   0.000   
6126.040   92.115   45.000   0.000   0.000   0.000   0.000   0.000   
6126.040   92.115   45.000   0.000   0.000   0.000   0.000   0.000   
6126.040   92.115   45.000   0.000   0.000   0.000   0.000   0.000   
6126.040   92.115   45.000   0.000   0.000   0.000   0.000   0.000   
6126.040   92.115   45.000   0.000   0.000   0.000   0.000   0.000   
6126.040   92.115   45.000   0.000   0.000   0.000   0.000   0.000   
6126.040   92.115   45.000   0.000   0.000   0.000   0.000   0.000   
6126.040   92.115   45.000   0.000   0.000   0.000   0.000   0.000   
6126.040   92.115   45.000   0.000   0.000   0.000   0.000   0.000   
6126.040   92.115   45.000   0.000   0.000   0.000   0.000   0.000   
6126.040   92.115   45.000   0.000   0.000   0.000   0.000   0.000   
6126.040   92.115   45.000   0.000   0.000   0.000   0.000   0.000   
6126.040   92.115   45.000   0.000   0.000   0.000   0.000   0.000   
6126.040   92.115   45.000   0.000   0.000   0.000   0.000   0.000   
6126.040   92.115   45.000   0.000   0.000   0.000   0.000   0.000   
6126.040   92.115   45.000   0.000   0.000   0.000   0.000   0.000   
6126.040   92.115   45.000   0.000   0.000   0.000   0.000   0.000   
6126.040   92.115   45.000   0.000   0.000   0.000   0.000   0.000   
6126.040   92.115   45.000   0.000   0.000   0.000   0.000   0.000   
6126.040   92.135   45.000   0.000   0.000   0.004   0.000   0.000   
6126.040   92.275   45.000   0.000   0.000   0.081   0.000   0.000   
6126.040   92.765   45.000   0.000   0.000   0.383   0.000   0.000   
6126.040   93.790   45.000   0.000   0.000   0.762   0.000   0.000   
6126.040   95.555   45.000   0.000   0.000   1.416   -0.000   0.000   
6126.040   98.240   45.000   0.000   0.000   2.300   0.000   0.000   
6126.040   101.925   45.000   0.000   0.000   3.301   0.000   0.000   
6126.040   106.565   45.000   0.000   0.000   4.303   -0.000   0.000   
6126.040   112.005   45.000   0.000   0.000   5.186   0.000   0.000   
6126.040   118.040   45.000   0.000   0.000   5.846   0.000   0.000   
6126.040   123.165   45.000   0.000   0.000   6.274   0.000   0.000   
6126.040   129.775   45.000   0.000   0.000   6.494   0.000   0.000   
6126.040   136.440   45.000   0.000   0.000   6.603   0.000   0.000   
6126.040   143.105   45.000   0.000   0.000   6.586   0.000   0.000   
6126.040   149.775   45.000   0.000   0.000   6.577   0.000   0.000   
6126.040   156.440   45.000   0.000   0.000   6.577   0.000   0.000   
6126.040   163.105   45.000   0.000   0.000   6.579   0.000   0.000   
6126.040   169.775   45.000   0.000   0.000   6.578   0.000   0.000   
6126.040   176.440   45.000   0.000   0.000   6.576   0.000   0.000   
6126.040   181.775   45.000   0.000   0.000   6.579   0.000   0.000   
6126.040   188.440   45.000   0.000   0.000   6.579   0.000   0.000   
6126.040   195.105   45.000   0.000   0.000   6.578   0.000   0.000   
6126.040   201.775   45.000   0.000   0.000   6.577   0.000   0.000   
6126.040   208.440   45.000   0.000   0.000   6.578   0.000   0.000   
6126.040   215.105   45.000   0.000   0.000   6.578   0.000   0.000   
6126.040   221.775   45.000   0.000   0.000   6.578   0.000   0.000   
6126.040   228.440   45.000   0.000   0.000   6.578   0.000   0.000   
6126.040   233.775   45.000   0.000   0.000   6.578   0.000   0.000   
6126.040   240.440   45.000   0.000   0.000   6.577   0.000   0.000   
6126.040   247.105   45.000   0.000   0.000   6.577   0.000   0.000   
6126.040   253.775   45.000   0.000   0.000   6.579   0.000   0.000   
6126.040   260.440   45.000   0.000   0.000   6.577   0.000   0.000   
6126.040   267.105   45.000   0.000   0.000   6.577   0.000   0.000   
6126.040   273.775   45.000   0.000   0.000   6.579   0.000   0.000   
6126.040   280.440   45.000   0.000   0.000   6.578   0.000   0.000   
6126.040   287.105   45.000   0.000   0.000   6.577   0.000   0.000   
6126.040   292.440   45.000   0.000   0.000   6.578   0.000   0.000   
6126.040   299.105   45.000   0.000   0.000   6.579   0.000   0.000   
6126.040   305.775   45.000   0.000   0.000   6.577   0.000   0.000   
6126.040   312.440   45.000   0.000   0.000   6.578   0.000   0.000   
6126.040   319.105   45.000   0.000   0.000   6.579   0.000   0.000   
6126.040   325.775   45.000   0.000   0.000   6.577   0.000   0.000   
6126.040   332.440   45.000   0.000   0.000   6.578   0.000   0.000   
6126.040   339.105   45.000   0.000   0.000   6.578   0.000   0.000   
6126.040   344.440   45.000   0.000   0.000   6.577   0.000   0.000   
6126.040   351.105   45.000   0.000   0.000   6.578   0.000   0.000   
6126.040   357.775   45.000   0.000   0.000   6.578   0.000   0.000   
6126.040   364.440   45.000   0.000   0.000   6.578   0.000   0.000   
6126.040   371.105   45.000   0.000   0.000   6.578   0.000   0.000   
6126.040   377.775   45.000   0.000   0.000   6.578   0.000   0.000   
6126.040   384.440   45.000   0.000   0.000   6.579   0.000   0.000   
6126.040   391.105   45.000   0.000   0.000   6.578   0.000   0.000   
6126.040   397.775   45.000   0.000   0.000   6.578   0.000   0.000   
6126.040   403.105   45.000   0.000   0.000   6.578   0.000   0.000   
6126.040   409.775   45.000   0.000   0.000   6.579   0.000   0.000   
6126.040   416.440   45.000   0.000   0.000   6.576   0.000   0.000   
6126.040   423.105   45.000   0.000   0.000   6.579   0.000   0.000   
6126.040   429.775   45.000   0.000   0.000   6.580   0.000   0.000   
6126.040   436.440   45.000   0.000   0.000   6.577   0.000   0.000   
6126.040   443.105   45.000   0.000   0.000   6.578   0.000   0.000   
6126.040   449.775   45.000   0.000   0.000   6.580   0.000   0.000   
6126.040   455.105   45.000   0.000   0.000   6.576   0.000   0.000   
6126.040   461.775   45.000   0.000   0.000   6.578   0.000   0.000   
6126.040   468.440   45.000   0.000   0.000   6.579   0.000   0.000   
6126.040   475.105   45.000   0.000   0.000   6.577   0.000   0.000   
6126.040   481.775   45.000   0.000   0.000   6.578   0.000   0.000   
6126.040   488.440   45.000   0.000   0.000   6.579   0.000   0.000   
6126.040   495.105   45.000   0.000   0.000   6.578   0.000   0.000   
6126.040   501.775   45.000   0.000   0.000   6.578   0.000   0.000   
6126.040   508.440   45.000   0.000   0.000   6.578   0.000   0.000   
6126.040   513.775   45.000   0.000   0.000   6.577   0.000   0.000   
6126.040   520.440   45.000   0.000   0.000   6.578   0.000   0.000   
6126.040   527.105   45.000   0.000   0.000   6.577   0.000   0.000   
6126.040   533.775   45.000   0.000   0.000   6.579   0.000   0.000   
6126.040   540.440   45.000   0.000   0.000   6.578   0.000   0.000   
6126.040   547.105   45.000   0.000   0.000   6.577   0.000   0.000   
6126.040   553.775   45.000   0.000   0.000   6.579   0.000   0.000   
6126.040   560.440   45.000   0.000   0.000   6.578   0.000   0.000   
6126.040   565.730   45.000   0.000   0.000   6.560   0.000   0.000   
6126.040   572.140   45.000   0.000   0.000   6.404   0.000   0.000   
6126.040   578.170   45.000   0.000   0.000   6.137   0.000   0.000   
6126.040   583.620   45.000   0.000   0.000   5.648   0.000   0.000   
6126.040   588.300   45.000   0.000   0.000   4.950   0.000   0.000   
6126.040   592.045   45.000   0.000   0.000   4.072   0.000   0.000   
6126.040   594.830   45.000   0.000   0.000   3.104   0.000   0.000   
6126.040   596.675   45.000   0.000   0.000   2.153   0.000   0.000   
6126.040   597.770   45.000   0.000   0.000   1.301   0.000   0.000   
6126.040   598.230   45.000   0.000   0.000   0.679   0.000   0.000   
6126.040   598.465   45.000   0.000   0.000   0.320   0.000   0.000   
6126.040   598.500   45.000   0.000   0.000   0.054   0.000   0.000   
6126.040   598.500   44.935   0.000   0.000   -0.025   -0.005   0.000   
6126.040   598.500   44.540   0.000   0.000   -0.004   -0.094   0.000   
6126.040   598.500   43.795   0.000   0.000   0.002   -0.400   0.000   
6126.040   598.500   42.965   0.000   0.000   0.000   -0.752   0.000   
6126.040   598.500   42.130   0.000   0.000   0.000   -0.884   0.000   
6126.040   598.500   41.295   0.000   0.000   0.000   -0.886   0.000   
6126.040   598.500   40.630   0.000   0.000   0.000   -0.884   0.000   
6126.040   598.500   39.795   0.000   0.000   0.000   -0.884   0.000   
6126.040   598.500   38.965   0.000   0.000   0.000   -0.884   0.000   
6126.040   598.500   38.130   0.000   0.000   0.000   -0.885   0.000   
6126.040   598.500   37.295   0.000   0.000   0.000   -0.884   0.000   
6126.040   598.500   36.465   0.000   0.000   0.000   -0.884   0.000   
6126.040   598.500   35.630   0.000   0.000   0.000   -0.883   0.000   
6126.040   598.500   34.795   0.000   0.000   0.000   -0.884   0.000   
6126.040   598.500   34.130   0.000   0.000   0.000   -0.884   0.000   
6126.040   598.500   33.295   0.000   0.000   0.000   -0.884   0.000   
6126.040   598.500   32.465   0.000   0.000   0.000   -0.884   0.000   
6126.040   598.500   31.630   0.000   0.000   0.000   -0.885   0.000   
6126.040   598.500   30.795   0.000   0.000   0.000   -0.884   0.000   
6126.040   598.500   29.965   0.000   0.000   0.000   -0.884   0.000   
6126.040   598.500   29.130   0.000   0.000   0.000   -0.883   0.000   
6126.040   598.500   28.300   0.000   0.000   0.000   -0.883   0.000   
6126.040   598.500   27.465   0.000   0.000   0.000   -0.883   0.000   
6126.040   598.500   26.800   0.000   0.000   0.000   -0.885   0.000   
6126.040   598.500   25.965   0.000   0.000   0.000   -0.885   0.000   
6126.040   598.500   25.130   0.000   0.000   0.000   -0.884   0.000   
6126.040   598.500   24.300   0.000   0.000   0.000   -0.884   0.000   
6126.040   598.500   23.465   0.000   0.000   0.000   -0.884   0.000   
6126.040   598.500   22.630   0.000   0.000   0.000   -0.883   0.000   
6126.040   598.500   21.800   0.000   0.000   0.000   -0.884   0.000   
6126.040   598.500   20.965   0.000   0.000   0.000   -0.884   0.000   
6126.040   598.500   20.300   0.000   0.000   0.000   -0.885   0.000   
6126.040   598.500   19.465   0.000   0.000   0.000   -0.884   0.000   
6126.040   598.500   18.630   0.000   0.000   0.000   -0.884   0.000   
6126.040   598.500   17.800   0.000   0.000   0.000   -0.884   0.000   
6126.040   598.500   16.965   0.000   0.000   0.000   -0.884   0.000   
6126.040   598.500   16.130   0.000   0.000   0.000   -0.883   0.000   
6126.040   598.500   15.300   0.000   0.000   0.000   -0.884   0.000   
6126.040   598.500   14.465   0.000   0.000   0.000   -0.884   0.000   
6126.040   598.500   13.630   0.000   0.000   0.000   -0.885   0.000   
6126.040   598.500   12.965   0.000   0.000   0.000   -0.884   0.000   
6126.040   598.500   12.130   0.000   0.000   0.000   -0.884   0.000   
6126.040   598.500   11.300   0.000   0.000   0.000   -0.884   0.000   
6126.040   598.500   10.465   0.000   0.000   0.000   -0.884   0.000   
6126.040   598.500   9.630   0.000   0.000   0.000   -0.883   0.000   
6126.040   598.500   8.800   0.000   0.000   0.000   -0.884   0.000   
6126.040   598.500   7.965   0.000   0.000   0.000   -0.885   0.000   
6126.040   598.500   7.130   0.000   0.000   0.000   -0.885   0.000   
6126.040   598.500   6.465   0.000   0.000   0.000   -0.884   0.000   
6126.040   598.500   5.630   0.000   0.000   0.000   -0.883   0.000   
6126.040   598.500   4.800   0.000   0.000   0.000   -0.884   0.000   
6126.040   598.500   3.965   0.000   0.000   0.000   -0.883   0.000   
6126.040   598.500   3.130   0.000   0.000   0.000   -0.884   0.000   
6126.040   598.500   2.300   0.000   0.000   0.000   -0.884   0.000   
6126.040   598.500   1.465   0.000   0.000   0.000   -0.885   0.000   
6126.040   598.500   0.670   0.000   0.000   0.000   -0.882   0.000   
6126.040   598.500   0.145   0.000   0.000   0.000   -0.821   0.000   
6126.040   598.500   0.015   0.000   0.000   0.000   -0.559   0.000   
6126.040   598.500   0.000   0.000   0.000   0.000   -0.258   0.000   
6126.040   598.500   0.000   0.000   0.000   0.000   -0.027   0.000   
6126.040   598.500   0.000   0.000   0.000   0.000   0.006   0.000   
6126.040   598.500   0.000   0.000   0.000   0.000   0.000   0.000   
6126.040   598.500   0.000   0.000   0.000   0.000   0.000   0.000   
6126.040   598.500   0.000   0.000   0.000   0.000   0.000   0.000   
6126.040   598.500   0.000   0.000   0.000   0.000   0.000   0.000   
6126.040   598.500   0.000   0.000   0.000   0.000   0.000   0.000   
6126.040   598.500   0.000   0.000   0.000   0.000   0.000   0.000   
6126.040   598.500   0.000   0.000   0.000   0.000   0.000   0.000   
6126.040   598.500   0.000   0.000   0.000   0.000   0.000   0.000   
6126.040   598.500   0.000   0.000   0.000   0.000   0.000   0.000   
6126.040   598.500   0.000   0.000   0.000   0.000   0.000   0.000   
6126.040   598.500   0.000   0.000   0.000   0.000   0.000   0.000   
6126.040   598.500   0.000   0.000   0.000   0.000   0.000   0.000   
6126.040   598.500   0.000   0.000   0.000   0.000   0.000   0.000   
6126.040   598.500   0.000   0.000   0.000   0.000   0.000   0.000   
6126.040   598.500   0.000   0.000   0.000   0.000   0.000   0.000   
6126.040   598.500   0.000   0.000   0.000   0.000   0.000   0.000   
6126.040   598.500   0.000   0.000   0.000   0.000   0.000   0.000   
6126.040   598.500   0.000   0.000   0.000   0.000   0.000   0.000   
6126.040   598.500   0.000   0.000   0.000   0.000   0.000   0.000   
6126.040   598.500   0.000   0.000   0.000   0.000   0.000   0.000   
6126.040   598.500   0.000   0.000   0.000   0.000   0.000   0.000   
6126.040   598.500   0.000   0.000   0.000   0.000   0.000   0.000   
6126.040   598.500   0.000   0.000   0.000   0.000   0.000   0.000   
6126.040   598.500   0.000   0.000   0.000   0.000   0.000   0.000   
6126.040   598.500   0.000   0.000   0.000   0.000   0.000   0.000   
6126.040   598.500   0.000   0.000   0.000   0.000   0.000   0.000   
6126.040   598.500   0.000   0.000   0.000   0.000   0.000   0.000   
6126.040   598.500   0.000   0.000   0.000   0.000   0.000   0.000   
6126.040   598.500   0.000   0.000   0.000   0.000   0.000   0.000   
6126.040   598.500   0.000   0.000   0.000   0.000   0.000   0.000   
6126.040   598.500   0.000   0.000   0.000   0.000   0.000   0.000   
6126.040   598.500   0.000   0.000   0.000   0.000   0.000   0.000   
6126.040   598.500   0.000   0.000   0.000   0.000   0.000   0.000   
6126.040   598.500   0.000   0.000   0.000   0.000   0.000   0.000   
6126.040   598.500   0.000   0.000   0.000   0.000   0.000   0.000   
6126.040   598.500   0.000   0.000   0.000   0.000   0.000   0.000   
6126.040   598.500   0.000   0.000   0.000   0.000   0.000   0.000   
6126.040   598.500   0.000   0.000   0.000   0.000   0.000   0.000   
6126.040   598.500   0.000   0.000   0.000   0.000   0.000   0.000   
6126.040   598.500   0.000   0.000   0.000   0.000   0.000   0.000   
6126.040   598.500   0.000   0.000   0.000   0.000   0.000   0.000   
6126.040   598.500   0.000   0.000   0.000   0.000   0.000   0.000   
6126.040   598.500   0.000   0.000   0.000   0.000   0.000   0.000   
6126.040   598.500   0.000   0.000   0.000   0.000   0.000   0.000   
6126.040   598.500   0.000   0.000   0.000   0.000   0.000   0.000   
6126.040   598.500   0.000   0.000   0.000   0.000   0.000   0.000   
6126.040   598.500   0.000   0.000   0.000   0.000   0.000   0.000   
6126.040   598.500   0.000   0.000   0.000   0.000   0.000   0.000   
6126.040   598.500   0.000   0.000   0.000   0.000   0.000   0.000   
6126.040   598.500   0.000   0.000   0.000   0.000   0.000   0.000   
6126.040   598.500   0.000   0.000   0.000   0.000   0.000   0.000   
6126.040   598.500   0.000   0.000   0.000   0.000   0.000   0.000   
6126.040   598.500   0.000   0.000   0.000   0.000   0.000   0.000   
6126.040   598.500   0.000   0.000   0.000   0.000   0.000   0.000   
6126.040   598.500   0.000   0.000   0.000   0.000   0.000   0.000   
6126.040   598.500   0.000   0.000   0.000   0.000   0.000   0.000   
6126.040   598.500   0.000   0.000   0.000   0.000   0.000   0.000   
6126.040   598.500   0.000   0.000   0.000   0.000   0.000   0.000   
6126.040   598.500   0.000   0.000   0.000   0.000   0.000   0.000   
6126.040   598.500   0.000   0.000   0.000   0.000   0.000   0.000   
6126.040   598.500   0.000   0.000   0.000   0.000   0.000   0.000   
6126.040   598.500   0.000   0.000   0.000   0.000   0.000   0.000   
6126.040   598.500   0.000   0.000   0.000   0.000   0.000   0.000   
6126.040   598.500   0.000   0.000   0.000   0.000   0.000   0.000   
6126.040   598.500   0.000   0.000   0.000   0.000   0.000   0.000   
6126.040   598.500   0.000   0.000   0.000   0.000   0.000   0.000   
6126.040   598.500   0.000   0.000   0.000   0.000   0.000   0.000   
6126.040   598.500   0.000   0.000   0.000   0.000   0.000   0.000   
6126.040   598.500   0.000   0.000   0.000   0.000   0.000   0.000   
6126.040   598.500   0.000   0.000   0.000   0.000   0.000   0.000   
6126.040   598.500   0.000   0.000   0.000   0.000   0.000   0.000   
6126.040   598.500   0.000   0.000   0.000   0.000   0.000   0.000   
6126.040   598.500   0.000   0.000   0.000   0.000   0.000   0.000   
6126.040   598.500   0.000   0.000   0.000   0.000   0.000   0.000   
6126.040   598.500   0.000   0.000   0.000   0.000   0.000   0.000   
6126.040   598.500   0.000   0.000   0.000   0.000   0.000   0.000   
6126.040   598.500   0.000   0.000   0.000   0.000   0.000   0.000   
6126.040   598.500   0.000   0.000   0.000   0.000   0.000   0.000   
6126.040   598.500   0.000   0.000   0.000   0.000   0.000   0.000   
6126.040   598.500   0.000   0.000   0.000   0.000   0.000   0.000   
6126.040   598.500   0.000   0.000   0.000   0.000   0.000   0.000   
6126.040   598.500   0.000   0.000   0.000   0.000   0.000   0.000   
6126.040   598.500   0.000   0.000   0.000   0.000   0.000   0.000   
6126.040   598.500   0.000   0.000   0.000   0.000   0.000   0.000   
6126.040   598.500   0.000   0.000   0.000   0.000   0.000   0.000   
6126.040   598.500   0.000   0.000   0.000   0.000   0.000   0.000   
6126.040   598.500   0.000   0.000   0.000   0.000   0.000   0.000   
6126.040   598.500   0.000   0.000   0.000   0.000   0.000   0.000   
6126.040   598.500   0.000   0.000   0.000   0.000   0.000   0.000   
6126.040   598.500   0.000   0.000   0.000   0.000   0.000   0.000   
6126.040   598.500   0.000   0.000   0.000   0.000   0.000   0.000   
6126.040   598.500   0.000   0.000   0.000   0.000   0.000   0.000   
6126.040   598.500   0.000   0.000   0.000   0.000   0.000   0.000   
6126.040   598.500   0.000   0.000   0.000   0.000   0.000   0.000   
6126.040   598.500   0.000   0.000   0.000   0.000   0.000   0.000   
6126.040   598.500   0.000   0.000   0.000   0.000   0.000   0.000   
6126.040   598.500   0.000   0.000   0.000   0.000   0.000   0.000   
6126.040   598.500   0.000   0.000   0.000   0.000   0.000   0.000   
6126.040   598.500   0.000   0.000   0.000   0.000   0.000   0.000   
6126.040   598.500   0.000   0.000   0.000   0.000   0.000   0.000   
6126.040   598.500   0.000   0.000   0.000   0.000   0.000   0.000   
6126.030   598.500   0.000   0.000   -0.002   0.000   0.000   0.000   
6125.965   598.500   0.000   0.000   -0.035   0.000   0.000   0.000   
6125.790   598.500   0.000   0.000   -0.113   0.000   0.000   0.000   
6125.465   598.500   0.000   0.000   -0.222   0.000   0.000   0.000   
6124.935   598.500   0.000   0.000   -0.342   0.000   0.000   0.000   
6124.150   598.500   0.000   0.000   -0.476   0.000   0.000   0.000   
6123.305   598.500   0.000   0.000   -0.618   0.000   0.000   0.000   
6121.930   598.500   0.000   0.000   -0.746   0.000   0.000   0.000   
6120.165   598.500   0.000   0.000   -0.923   0.000   0.000   0.000   
6117.955   598.500   0.000   0.000   -1.123   0.000   0.000   0.000   
6115.260   598.500   0.000   0.000   -1.347   0.000   0.000   0.000   
6112.110   598.500   0.000   0.000   -1.676   0.000   0.000   0.000   
6108.560   598.500   0.000   0.000   -1.886   0.000   0.000   0.000   
6104.650   598.500   0.000   0.000   -1.990   0.000   0.000   0.000   
6100.435   598.500   0.000   0.000   -2.042   0.000   0.000   0.000   
6096.880   598.500   0.000   0.000   -1.991   0.000   0.000   0.000   
6092.240   598.500   0.000   0.000   -1.994   0.000   0.000   0.000   
6087.440   598.500   0.000   0.000   -2.003   0.000   0.000   0.000   
6082.520   598.500   0.000   0.000   -2.015   0.000   0.000   0.000   
6077.540   598.500   0.000   0.000   -2.025   0.000   0.000   0.000   
6072.540   598.500   0.000   0.000   -2.020   0.000   0.000   0.000   
6067.540   598.500   0.000   0.000   -1.993   0.000   0.000   0.000   
6062.540   598.500   0.000   0.000   -1.985   0.000   0.000   0.000   
6058.540   598.500   0.000   0.000   -1.993   0.000   0.000   0.000   
6053.540   598.500   0.000   0.000   -1.994   0.000   0.000   0.000   
6048.540   598.500   0.000   0.000   -2.001   0.000   0.000   0.000   
6043.540   598.500   0.000   0.000   -2.002   0.000   0.000   0.000   
6038.540   598.500   0.000   0.000   -2.005   0.000   0.000   0.000   
6033.540   598.500   0.000   0.000   -2.001   0.000   0.000   0.000   
6028.540   598.500   0.000   0.000   -1.999   0.000   0.000   0.000   
6023.540   598.500   0.000   0.000   -1.996   0.000   0.000   0.000   
6018.540   598.500   0.000   0.000   -2.002   0.000   0.000   0.000   
6014.540   598.500   0.000   0.000   -1.996   0.000   0.000   0.000   
6009.540   598.500   0.000   0.000   -2.001   0.000   0.000   0.000   
6004.540   598.500   0.000   0.000   -1.993   0.000   0.000   0.000   
5999.540   598.500   0.000   0.000   -2.000   0.000   0.000   0.000   
5994.540   598.500   0.000   0.000   -1.997   0.000   0.000   0.000   
5989.540   598.500   0.000   0.000   -2.004   0.000   0.000   0.000   
5984.540   598.500   0.000   0.000   -2.000   0.000   0.000   -0.000   
5979.540   598.500   0.000   0.000   -2.002   0.000   0.000   0.000   
5975.540   598.500   0.000   0.000   -1.994   0.000   0.000   0.000   
5970.540   598.500   0.000   0.000   -1.999   0.000   0.000   0.000   
5965.540   598.500   0.000   0.000   -1.990   0.000   0.000   0.000   
5960.540   598.500   0.000   0.000   -2.002   0.000   0.000   0.000   
5955.540   598.500   0.000   0.000   -1.999   0.000   0.000   0.000   
5950.540   598.500   0.000   0.000   -2.003   0.000   0.000   0.000   
5945.540   598.500   0.000   0.000   -1.995   0.000   0.000   0.000   
5940.540   598.500   0.000   0.000   -1.998   0.000   0.000   0.000   
5935.540   598.500   0.000   0.000   -1.995   0.000   0.000   0.000   
5931.540   598.500   0.000   0.000   -2.001   0.000   0.000   0.000   
5926.540   598.500   0.000   0.000   -1.998   0.000   0.000   0.000   
5921.540   598.500   0.000   0.000   -1.999   0.000   0.000   0.000   
5916.540   598.500   0.000   0.000   -1.995   0.000   0.000   0.000   
5911.570   598.500   0.000   0.000   -1.990   0.000   0.000   0.000   
5906.670   598.500   0.000   0.000   -1.938   0.000   0.000   0.000   
5901.895   598.500   0.000   0.000   -1.849   0.000   0.000   0.000   
5897.300   598.500   0.000   0.000   -1.739   0.000   0.000   0.000   
5892.925   598.500   0.000   0.000   -1.623   0.000   0.000   0.000   
5889.620   598.500   0.000   0.000   -1.478   0.000   0.000   0.000   
5885.770   598.500   0.000   0.000   -1.362   0.000   0.000   0.000   
5882.270   598.500   0.000   0.000   -1.197   0.000   0.000   0.000   
5879.175   598.500   0.000   0.000   -1.021   0.000   0.000   0.000   
5876.540   598.500   0.000   0.000   -0.821   0.000   0.000   0.000   
5874.375   598.500   0.000   0.000   -0.595   0.000   0.000   0.000   
5872.645   598.500   0.000   0.000   -0.427   0.000   0.000   0.000   
5871.300   598.500   0.000   0.000   -0.311   0.000   0.000   0.000   
5870.470   598.500   0.000   0.000   -0.226   0.000   0.000   0.000   
5869.695   598.500   0.000   0.000   -0.169   0.000   0.000   0.000   
5869.160   598.500   0.000   0.000   -0.113   0.000   0.000   0.000   
5868.835   598.500   0.000   0.000   -0.056   0.000   0.000   0.000   
5868.660   598.500   0.000   0.000   -0.002   0.000   0.000   0.000   
5868.595   598.500   0.000   0.000   0.031   0.000   0.000   0.000   
5868.585   598.500   0.000   0.000   0.033   0.000   0.000   0.000   
5868.585   598.480   0.000   0.000   0.028   -0.004   0.000   0.000   
5868.585   598.275   0.000   0.000   -0.009   -0.080   0.000   0.000   
5868.585   597.850   0.000   0.000   -0.013   -0.381   0.000   0.000   
5868.585   596.825   0.000   0.000   -0.019   -0.763   0.000   0.000   
5868.585   595.060   0.000   0.000   -0.010   -1.415   0.000   0.000   
5868.585   592.375   0.000   0.000   -0.004   -2.266   0.000   0.000   
5868.585   588.690   0.000   0.000   0.002   -3.296   0.000   0.000   
5868.585   584.050   0.000   0.000   0.006   -4.295   0.000   0.000   
5868.585   578.610   0.000   0.000   0.003   -5.178   0.000   0.000   
5868.585   572.575   0.000   0.000   0.000   -5.842   0.000   0.000   
5868.585   567.450   0.000   0.000   -0.002   -6.272   0.000   0.000   
5868.585   560.840   0.000   0.000   -0.001   -6.494   0.000   0.000   
5868.585   554.175   0.000   0.000   0.001   -6.603   0.000   0.000   
5868.585   547.510   0.000   0.000   0.000   -6.584   0.000   0.000   
5868.585   540.840   0.000   0.000   0.001   -6.577   0.000   0.000   
5868.585   534.175   0.000   0.000   0.001   -6.576   0.000   0.000   
5868.585   527.510   0.000   0.000   -0.001   -6.578   0.000   0.000   
5868.585   520.840   0.000   0.000   -0.000   -6.579   0.000   0.000   
5868.585   514.175   0.000   0.000   0.001   -6.576   0.000   0.000   
5868.585   508.840   0.000   0.000   -0.000   -6.577   0.000   0.000   
5868.585   502.175   0.000   0.000   0.000   -6.577   0.000   0.000   
5868.585   495.510   0.000   0.000   0.002   -6.578   0.000   0.000   
5868.585   488.840   0.000   0.000   0.000   -6.577   0.000   0.000   
5868.585   482.175   0.000   0.000   0.000   -6.575   0.000   0.000   
5868.585   475.510   0.000   0.000   -0.000   -6.578   0.000   0.000   
5868.585   468.840   0.000   0.000   -0.000   -6.578   0.000   0.000   
5868.585   462.175   0.000   0.000   -0.000   -6.576   0.000   0.000   
5868.585   456.840   0.000   0.000   0.002   -6.578   0.000   0.000   
5868.585   450.175   0.000   0.000   0.000   -6.577   0.000   0.000   
5868.585   443.510   0.000   0.000   0.000   -6.577   0.000   0.000   
5868.585   436.840   0.000   0.000   0.000   -6.577   0.000   0.000   
5868.585   430.175   0.000   0.000   -0.000   -6.578   0.000   0.000   
5868.585   423.510   0.000   0.000   -0.000   -6.576   0.000   0.000   
5868.585   416.840   0.000   0.000   0.000   -6.577   0.000   0.000   
5868.585   410.175   0.000   0.000   0.000   -6.578   0.000   0.000   
5868.585   403.510   0.000   0.000   0.000   -6.577   0.000   0.000   
5868.585   398.175   0.000   0.000   0.000   -6.576   0.000   0.000   
5868.585   391.510   0.000   0.000   -0.002   -6.578   0.000   0.000   
5868.585   384.840   0.000   0.000   -0.000   -6.578   0.000   0.000   
5868.585   378.175   0.000   0.000   0.000   -6.576   0.000   -0.000   
5868.585   371.510   0.000   0.000   0.000   -6.577   0.000   0.000   
5868.585   364.840   0.000   0.000   0.000   -6.578   0.000   0.000   
5868.585   358.175   0.000   0.000   0.000   -6.577   0.000   0.000   
5868.585   351.510   0.000   0.000   0.000   -6.577   0.000   0.000   
5868.585   344.840   0.000   0.000   0.000   -6.578   0.000   0.000   
5868.585   339.510   0.000   0.000   0.000   -6.576   0.000   0.000   
5868.585   332.840   0.000   0.000   0.000   -6.577   0.000   0.000   
5868.585   326.175   0.000   0.000   0.000   -6.578   0.000   0.000   
5868.585   319.510   0.000   0.000   0.000   -6.578   0.000   0.000   
5868.585   312.840   0.000   0.000   0.000   -6.576   0.000   0.000   
5868.585   306.175   0.000   0.000   0.000   -6.578   0.000   0.000   
5868.585   299.510   0.000   0.000   0.000   -6.578   0.000   0.000   
5868.585   292.840   0.000   0.000   0.000   -6.577   0.000   0.000   
5868.585   287.510   0.000   0.000   0.000   -6.578   0.000   0.000   
5868.585   280.840   0.000   0.000   0.000   -6.578   0.000   0.000   
5868.585   274.175   0.000   0.000   0.000   -6.578   0.000   0.000   
5868.585   267.510   0.000   0.000   0.000   -6.577   0.000   0.000   
5868.585   260.840   0.000   0.000   0.000   -6.578   0.000   0.000   
5868.585   254.175   0.000   0.000   0.000   -6.578   0.000   0.000   
5868.585   247.510   0.000   0.000   0.000   -6.577   0.000   0.000   
5868.585   240.840   0.000   0.000   0.000   -6.578   0.000   0.000   
5868.585   234.175   0.000   0.000   0.000   -6.577   0.000   0.000   
5868.585   228.840   0.000   0.000   0.000   -6.577   0.000   0.000   
5868.585   222.175   0.000   0.000   0.000   -6.577   0.000   0.000   
5868.585   215.510   0.000   0.000   0.000   -6.578   0.000   0.000   
5868.585   208.840   0.000   0.000   0.000   -6.578   0.000   0.000   
5868.585   202.175   0.000   0.000   0.000   -6.577   0.000   0.000   
5868.585   195.510   0.000   0.000   0.000   -6.579   0.000   0.000   
5868.585   188.840   0.000   0.000   0.000   -6.578   0.000   0.000   
5868.585   182.175   0.000   0.000   0.000   -6.577   0.000   0.000   
5868.585   176.840   0.000   0.000   0.000   -6.578   0.000   0.000   
5868.585   170.175   0.000   0.000   0.000   -6.578   0.000   0.000   
5868.585   163.510   0.000   0.000   0.000   -6.577   0.000   0.000   
5868.585   156.840   0.000   0.000   0.000   -6.578   0.000   0.000   
5868.585   150.175   0.000   0.000   0.000   -6.578   0.000   0.000   
5868.585   143.510   0.000   0.000   0.000   -6.578   0.000   0.000   
5868.585   136.845   0.000   0.000   0.000   -6.578   0.000   0.000   
5868.585   130.285   0.000   0.000   0.000   -6.546   0.000   0.000   
5868.585   123.990   0.000   0.000   0.000   -6.357   0.000   0.000   
5868.585   119.270   0.000   0.000   0.000   -5.984   0.000   0.000   
5868.585   113.940   0.000   0.000   0.000   -5.538   0.000   0.000   
5868.585   109.425   0.000   0.000   0.000   -4.809   0.000   0.000   
5868.585   105.855   0.000   0.000   0.000   -3.895   0.000   0.000   
5868.585   103.265   0.000   0.000   0.000   -2.920   0.000   0.000   
5868.585   101.575   0.000   0.000   0.000   -1.968   0.000   0.000   
5868.585   100.605   0.000   0.000   0.000   -1.167   0.000   0.000   
5868.585   100.150   0.000   0.000   0.000   -0.584   0.000   0.000   
5868.585   100.025   0.000   0.000   0.000   -0.196   0.000   0.000   
5868.585   100.000   0.000   0.000   0.000   -0.032   0.000   0.000   
5868.585   100.000   0.000   0.000   0.000   0.023   0.000   0.000   
5868.585   100.000   0.000   0.000   0.000   0.003   0.000   0.000   
5868.585   100.000   0.000   0.000   0.000   -0.001   0.000   0.000   
5868.585   100.000   0.000   0.000   0.000   0.000   0.000   0.000   
5868.585   100.000   0.000   0.000   0.000   0.001   0.000   0.000   
5868.585   100.000   0.000   0.000   0.000   0.000   0.000   0.000   
5868.580   100.000   0.000   0.000   -0.005   0.000   0.000   0.000   
5868.580   100.000   0.000   0.000   -0.003   0.000   0.000   0.000   
5868.580   100.000   0.000   0.000   0.000   0.000   0.000   0.000   
5868.580   100.000   0.000   0.000   -0.002   0.000   0.000   0.000   
5868.580   100.000   0.000   0.000   -0.001   -0.000   0.000   0.000   
5868.595   100.000   0.000   0.000   -0.001   0.000   0.000   0.000   
5868.585   100.000   0.000   0.000   0.007   0.000   0.000   0.000   
5868.585   100.000   0.000   0.000   0.002   0.000   0.000   0.000   
5868.580   100.000   0.000   0.000   0.002   0.000   0.000   0.000   
5868.580   97.500   0.000   0.000   -0.009   0.000   0.000   0.000   
5868.580   100.000   0.000   0.000   -0.000   0.000   0.000   0.000   
5868.580   100.000   0.000   0.000   0.000   0.000   0.000   0.000   
5868.580   100.000   0.000   0.000   0.001   0.000   0.000   0.000   
5868.580   100.000   0.000   0.000   -0.001   -0.000   0.000   0.000   
5868.580   100.000   0.000   0.000   -0.001   0.000   0.000   0.000   
5868.580   100.000   0.000   0.000   0.001   0.000   0.000   0.000   
5868.580   100.000   0.000   0.000   -0.000   0.000   0.000   0.000   
5868.580   59.500   0.000   0.000   -0.000   0.000   0.000   0.000   
5868.580   54.165   0.000   0.000   -0.000   0.000   0.000   0.000   
5868.580   100.000   0.000   0.000   -0.000   0.000   0.000   0.000   
5868.580   100.000   0.000   0.000   -0.000   0.000   0.000   0.000   
5868.580   100.000   0.000   0.000   0.001   0.000   0.000   0.000   
5868.580   99.980   0.000   0.000   0.000   0.000   0.000   0.000   
5868.580   99.580   0.000   0.000   0.000   -0.146   0.000   0.000   
5868.580   98.680   0.000   0.000   0.000   -0.688   0.000   0.000   
5868.580   97.380   0.000   0.000   0.000   -1.229   0.000   0.000   
5868.580   40.000   0.000   0.000   0.000   -1.425   0.000   0.000   
5868.580   94.980   0.000   0.000   0.000   -1.318   -0.000   0.000   
5868.580   93.645   0.000   0.000   0.000   -1.313   -0.000   0.000   
5868.580   92.315   0.000   0.000   0.000   -1.316   0.000   0.000   
5868.580   90.980   0.000   0.000   0.000   -1.317   0.000   0.000   
5868.580   89.665   0.000   0.000   0.000   -1.315   -0.000   0.000   
5868.580   88.735   0.000   0.000   0.000   -1.166   -0.000   0.000   
5868.580   88.065   0.000   0.000   0.000   -0.682   0.000   0.000   
5868.580   87.400   0.000   0.000   0.000   -0.606   0.000   0.000   
5868.580   40.000   0.000   0.000   0.000   -0.663   -0.000   0.000   
5868.580   86.200   0.000   0.000   0.000   -0.658   0.000   0.000   
5868.580   85.535   0.000   0.000   0.000   -0.656   0.000   0.000   
5868.580   84.865   0.000   0.000   0.000   -0.657   -0.000   0.000   
5868.580   83.535   0.000   0.000   0.000   -0.658   0.000   0.000   
5868.580   82.865   0.000   0.000   0.000   -0.655   -0.000   0.000   
5868.580   82.200   0.000   0.000   0.000   -0.656   -0.000   0.000   
5868.580   40.000   0.000   0.000   0.000   -0.658   0.000   0.000   
5868.580   40.000   0.000   0.000   0.000   -0.660   0.000   0.000   
5868.580   80.335   0.000   0.000   0.000   -0.658   0.000   0.000   
5868.580   79.665   0.000   0.000   0.000   -0.656   -0.000   0.000   
5868.580   79.000   0.000   0.000   0.000   -0.657   0.000   0.000   
5868.580   78.335   0.000   0.000   0.000   -0.658   0.000   0.000   
5868.580   77.665   0.000   0.000   0.000   -0.657   0.000   0.000   
5868.580   77.000   0.000   0.000   0.000   -0.656   0.000   0.000   
5868.580   76.335   0.000   0.000   0.000   -0.658   0.000   0.000   
5868.580   40.000   0.000   0.000   0.000   -0.660   0.000   0.000   
5868.580   75.135   0.000   0.000   0.000   -0.658   0.000   0.000   
5868.580   74.465   0.000   0.000   0.000   -0.657   0.000   0.000   
5868.580   73.800   0.000   0.000   0.000   -0.656   -0.000   0.000   
5868.580   73.135   0.000   0.000   0.000   -0.657   0.000   0.000   
5868.580   72.465   0.000   0.000   0.000   -0.658   0.000   0.000   
5868.580   71.800   0.000   0.000   0.000   -0.657   0.000   0.000   
5868.580   71.135   0.000   0.000   0.000   -0.658   0.000   0.000   
5868.580   40.000   0.000   0.000   0.000   -0.658   0.000   0.000   
5868.580   40.000   0.000   0.000   0.000   -0.659   0.000   0.000   
5868.580   69.265   0.000   0.000   0.000   -0.657   0.000   0.000   
5868.580   68.600   0.000   0.000   0.000   -0.656   0.000   0.000   
5868.580   67.935   0.000   0.000   0.000   -0.657   0.000   0.000   
5868.580   67.265   0.000   0.000   0.000   -0.657   0.000   0.000   
5868.580   66.600   0.000   0.000   0.000   -0.658   0.000   0.000   
5868.580   65.935   0.000   0.000   0.000   -0.657   0.000   0.000   
5868.580   65.265   0.000   0.000   0.000   -0.658   0.000   0.000   
5868.580   40.000   0.000   0.000   0.000   -0.658   0.000   0.000   
5868.580   64.065   0.000   0.000   0.000   -0.657   0.000   0.000   
5868.580   63.400   0.000   0.000   0.000   -0.657   0.000   0.000   
5868.580   62.735   0.000   0.000   0.000   -0.656   0.000   0.000   
5868.580   62.065   0.000   0.000   0.000   -0.658   0.000   0.000   
5868.580   61.400   0.000   0.000   0.000   -0.658   0.000   0.000   
5868.580   60.735   0.000   0.000   0.000   -0.658   0.000   0.000   
5868.580   60.065   0.000   0.000   0.000   -0.658   0.000   0.000   
5868.580   40.000   0.000   0.000   0.000   -0.657   0.000   0.000   
5868.580   40.000   0.000   0.000   0.000   -0.657   0.000   0.000   
5868.580   58.200   0.000   0.000   0.000   -0.657   0.000   0.000   
5868.580   57.535   0.000   0.000   0.000   -0.657   0.000   0.000   
5868.580   56.865   0.000   0.000   0.000   -0.657   0.000   0.000   
5868.580   56.200   0.000   0.000   0.000   -0.658   0.000   0.000   
5868.580   55.535   0.000   0.000   0.000   -0.658   0.000   0.000   
5868.580   54.865   0.000   0.000   0.000   -0.658   0.000   0.000   
5868.580   54.200   0.000   0.000   0.000   -0.657   0.000   0.000   
5868.580   40.000   0.000   0.000   0.000   -0.657   0.000   0.000   
5868.580   53.000   0.000   0.000   0.000   -0.657   0.000   0.000   
5868.580   52.335   0.000   0.000   0.000   -0.657   0.000   0.000   
5868.580   51.665   0.000   0.000   0.000   -0.657   0.000   0.000   
5868.580   51.000   0.000   0.000   0.000   -0.658   0.000   0.000   
5868.580   50.335   0.000   0.000   0.000   -0.658   0.000   0.000   
5868.580   49.665   0.000   0.000   0.000   -0.658   0.000   0.000   
5868.580   49.000   0.000   0.000   0.000   -0.657   0.000   0.000   
5868.580   48.335   0.000   0.000   0.000   -0.657   0.000   0.000   
5868.580   40.000   0.000   0.000   0.000   -0.657   0.000   0.000   
5868.580   47.135   0.000   0.000   0.000   -0.657   0.000   0.000   
5868.580   46.465   0.000   0.000   0.000   -0.658   0.000   0.000   
5868.580   45.800   0.000   0.000   0.000   -0.658   0.000   0.000   
5868.580   45.135   0.000   0.000   0.000   -0.658   0.000   0.000   
5868.580   44.465   0.000   0.000   0.000   -0.658   0.000   0.000   
5868.580   43.800   0.000   0.000   0.000   -0.657   0.000   0.000   
5868.580   43.135   0.000   0.000   0.000   -0.657   0.000   0.000   
5868.580   40.000   0.000   0.000   0.000   -0.657   0.000   0.000   
5868.580   42.015   0.000   0.000   0.000   -0.632   0.000   0.000   
5868.580   41.810   0.000   0.000   0.000   -0.402   0.000   0.000   
5868.580   41.720   0.000   0.000   0.000   -0.053   0.000   0.000   
5868.580   41.630   0.000   0.000   0.000   -0.063   0.000   0.000   
5868.580   41.500   0.000   0.000   0.000   -0.106   -0.000   0.000   
5868.580   41.340   0.000   0.000   0.000   -0.160   0.000   0.000   
5868.580   41.280   0.000   0.000   0.000   -0.124   -0.000   0.000   
5868.580   40.000   0.000   0.000   0.000   0.016   -0.000   0.000   
5868.585   40.000   0.000   0.000   0.008   0.090   0.000   0.000   
5868.585   41.305   0.000   0.000   0.006   -0.023   0.000   0.000   
5868.585   41.180   0.000   0.000   -0.004   -0.139   -0.000   0.000   
5868.585   41.150   0.000   0.000   0.002   -0.100   0.000   0.000   
5868.585   41.240   0.000   0.000   0.000   0.047   0.000   0.000   
5868.585   41.320   0.000   0.000   0.001   0.126   0.000   0.000   
5868.585   41.275   0.000   0.000   0.001   0.023   0.000   0.000   
5868.585   41.195   0.000   0.000   0.001   -0.103   0.000   0.000   
5868.585   40.000   0.000   0.000   0.001   -0.063   0.000   0.000   
5868.585   40.000   0.000   0.000   0.001   0.028   0.000   0.000   
5868.585   41.275   0.000   0.000   0.000   0.084   -0.000   0.000   
5868.585   41.245   0.000   0.000   0.000   0.021   0.000   0.000   
5868.585   41.195   0.000   0.000   0.000   -0.060   0.000   0.000   
5868.585   41.200   0.000   0.000   0.000   -0.046   -0.000   0.000   
5868.585   41.280   0.000   0.000   0.000   0.061   0.000   0.000   
5868.585   41.300   0.000   0.000   0.000   0.077   0.000   0.000   
5868.585   41.300   0.000   0.000   0.000   -0.013   0.000   0.000   
5868.585   40.000   0.000   0.000   0.000   -0.006   0.000   0.000   
5868.585   41.285   0.000   0.000   0.000   -0.008   0.000   0.000   
5868.585   41.285   0.000   0.000   0.000   -0.003   -0.000   0.000   
5868.585   41.285   0.000   0.000   0.000   0.000   0.000   0.000   
5868.585   41.275   0.000   0.000   0.000   -0.003   0.000   0.000   
5868.585   41.270   0.000   0.000   0.000   -0.009   0.000   0.000   
5868.585   41.270   0.000   0.000   0.000   -0.002   -0.000   0.000   
5868.585   41.270   0.000   0.000   0.000   0.001   0.000   0.000   
5868.585   40.000   0.000   0.000   0.000   -0.000   0.000   0.000   
5868.585   40.000   0.000   0.000   0.000   0.000   0.000   0.000   
5868.585   41.265   0.000   0.000   0.000   0.000   0.000   0.000   
5868.585   41.265   0.000   0.000   0.000   -0.004   0.000   0.000   
5868.585   41.265   0.000   0.000   0.000   -0.001   0.000   0.000   
5868.585   41.260   0.000   0.000   0.000   0.000   0.000   0.000   
5868.585   41.260   0.000   0.000   0.000   -0.004   0.000   0.000   
5868.585   41.260   0.000   0.000   0.000   0.000   0.000   0.000   
5868.585   40.000   0.000   0.000   0.000   0.000   0.000   0.000   
5868.585   40.000   0.000   0.000   0.000   -0.000   0.000   0.000   
5868.585   41.255   0.000   0.000   0.000   -0.004   0.000   0.000   
5868.585   41.255   0.000   0.000   0.000   -0.001   0.000   0.000   
5868.585   41.255   0.000   0.000   0.000   0.001   0.000   0.000   
5868.585   41.255   0.000   0.000   0.000   -0.000   0.000   0.000   
5868.585   41.255   0.000   0.000   0.000   0.000   0.000   0.000   
5868.585   41.255   0.000   0.000   0.000   0.000   0.000   0.000   
5868.585   41.250   0.000   0.000   0.000   -0.002   0.000   0.000   
5868.585   40.000   0.000   0.000   0.000   -0.005   0.000   0.000   
5868.585   40.000   0.000   0.000   0.000   0.001   0.000   0.000   
5868.585   41.250   0.000   0.000   0.000   0.000   0.000   0.000   
5868.585   41.250   0.000   0.000   0.000   0.000   0.000   0.000   
5868.585   41.250   0.000   0.000   0.000   0.000   0.000   0.000   
5868.585   41.250   0.000   0.000   0.000   0.000   0.000   0.000   
5868.705   41.250   0.020   0.000   0.057   0.000   0.005   0.000   
5868.830   41.250   0.040   0.000   0.144   0.000   0.015   0.000   
5869.000   41.255   0.070   0.000   0.113   0.000   0.024   0.000   
5869.195   40.000   0.100   0.000   0.176   0.006   0.034   0.000   
5869.540   41.260   0.155   0.000   0.154   0.005   0.045   0.000   
5869.970   41.265   0.225   0.000   0.182   0.004   0.053   0.000   
5870.390   41.270   0.290   0.000   0.197   0.003   0.064   0.000   
5870.850   41.265   0.365   0.000   0.191   0.000   0.074   0.000   
5871.455   41.270   0.465   0.000   0.219   0.001   0.085   0.000   
5872.060   41.265   0.560   0.000   0.298   0.000   0.097   0.000   
5872.785   41.265   0.680   0.000   0.264   -0.002   0.106   0.000   
5873.450   39.980   0.795   0.000   0.301   -0.007   0.118   0.000   
5874.080   39.960   0.895   0.000   0.354   -0.008   0.127   0.000   
5875.015   41.235   1.040   0.000   0.397   -0.006   0.135   0.000   
5875.910   41.220   1.180   0.000   0.402   -0.015   0.147   0.000   
5876.945   41.205   1.350   0.000   0.490   -0.014   0.158   0.000   
5877.930   41.240   1.510   0.000   0.428   -0.018   0.168   0.000   
5879.045   41.470   1.685   0.000   0.470   0.141   0.178   0.000   
5880.235   41.675   1.880   0.000   0.504   0.267   0.189   0.000   
5881.465   41.830   2.075   0.000   0.533   0.173   0.200   0.000   
5882.590   39.745   2.250   0.000   0.535   0.140   0.209   0.000   
5883.880   42.055   2.460   0.000   0.628   0.109   0.223   0.000   
5885.315   42.145   2.695   0.000   0.585   0.095   0.230   0.000   
5886.690   42.205   2.915   0.000   0.597   0.066   0.238   0.000   
5888.280   42.230   3.170   0.000   0.676   0.040   0.251   0.000   
5889.855   42.235   3.420   0.000   0.669   0.020   0.261   0.000   
5891.555   42.225   3.695   0.000   0.657   -0.005   0.271   0.000   
5893.220   42.200   3.960   0.000   0.669   -0.025   0.282   0.000   
5894.735   39.095   4.255   0.000   0.764   -0.042   0.289   0.000   
5896.160   38.995   4.485   0.000   0.790   -0.069   0.303   0.000   
5898.355   42.000   4.785   0.000   0.793   -0.082   0.313   0.000   
5900.345   41.870   5.105   0.000   0.825   -0.103   0.322   0.000   
5902.345   41.740   5.425   0.000   0.896   -0.124   0.333   0.000   
5904.385   41.585   5.755   0.000   0.836   -0.147   0.343   0.000   
5906.560   41.410   6.105   0.000   0.892   -0.169   0.354   0.000   
5908.805   41.200   6.470   0.000   0.921   -0.193   0.366   0.000   
5910.980   40.975   6.820   0.000   0.941   -0.211   0.376   0.000   
5912.765   37.370   7.200   0.000   0.967   -0.238   0.389   0.000   
5914.690   37.140   7.515   0.000   0.983   -0.261   0.396   0.000   
5917.630   40.220   7.890   0.000   0.994   -0.276   0.404   0.000   
5920.130   39.905   8.295   0.000   0.990   -0.303   0.414   0.000   
5922.660   39.555   8.705   0.000   1.094   -0.336   0.427   0.000   
5925.295   39.185   9.130   0.000   1.087   -0.356   0.436   0.000   
5927.915   38.775   9.560   0.000   1.111   -0.391   0.446   0.000   
5930.735   38.690   10.005   0.000   1.170   -0.350   0.458   0.000   
5933.605   38.765   10.455   0.000   1.286   0.153   0.469   0.000   
5934.770   34.045   10.820   0.000   1.238   0.064   0.479   0.000   
5938.935   38.645   11.295   0.000   1.192   -0.093   0.489   0.000   
5942.015   38.450   11.785   0.000   1.288   -0.157   0.499   0.000   
5945.000   38.200   12.260   0.000   1.265   -0.240   0.510   0.000   
5948.195   37.830   12.765   0.000   1.236   -0.319   0.520   0.000   
5951.410   37.385   13.285   0.000   1.271   -0.394   0.529   0.000   
5954.625   36.895   13.800   0.000   1.289   -0.475   0.542   0.000   
5957.900   36.315   14.325   0.000   1.342   -0.543   0.550   0.000   
5959.030   28.740   14.860   0.000   1.395   -0.610   0.562   0.000   
5961.680   28.060   15.305   0.000   1.342   -0.674   0.573   0.000   
5967.255   34.385   15.840   0.000   1.289   -0.708   0.572   0.000   
5970.570   33.600   16.380   0.000   1.287   -0.767   0.572   0.000   
5973.890   32.760   16.925   0.000   1.300   -0.801   0.573   0.000   
5977.185   31.900   17.465   0.000   1.270   -0.843   0.573   0.000   
5980.465   30.970   18.005   0.000   1.289   -0.889   0.573   0.000   
5983.760   30.015   18.550   0.000   1.289   -0.938   0.575   0.000   
5987.025   29.020   19.090   0.000   1.274   -0.962   0.575   0.000   
5987.055   20.415   19.520   0.000   1.302   -1.006   0.573   0.000   
5992.855   27.140   20.060   0.000   1.242   -1.039   0.573   0.000   
5996.000   26.060   20.590   0.000   1.274   -1.069   0.574   0.000   
5999.290   24.910   21.140   0.000   1.288   -1.105   0.573   0.000   
6002.490   23.745   21.680   0.000   1.295   -1.139   0.572   0.000   
6005.695   22.560   22.225   0.000   1.253   -1.169   0.573   0.000   
6008.815   21.335   22.755   0.000   1.277   -1.202   0.575   0.000   
6012.060   20.045   23.310   0.000   1.265   -1.243   0.575   0.000   
6011.290   11.155   23.850   0.000   1.229   -1.262   0.574   0.000   
6013.740   10.110   24.280   0.000   1.251   -1.293   0.574   0.000   
6020.845   16.355   24.820   0.000   1.248   -1.314   0.575   0.000   
6023.890   15.005   25.350   0.000   1.236   -1.354   0.573   0.000   
6027.060   13.575   25.900   0.000   1.239   -1.376   0.572   0.000   
6030.140   12.135   26.440   0.000   1.247   -1.402   0.573   0.000   
6033.235   10.660   26.985   0.000   1.212   -1.437   0.574   0.000   
6036.250   9.200   27.515   0.000   1.224   -1.476   0.574   0.000   
6039.350   7.645   28.065   0.000   1.192   -1.493   0.574   0.000   
6037.030   -0.950   28.490   0.000   1.198   -1.521   0.575   0.000   
6044.740   4.860   29.030   0.000   1.187   -1.542   0.574   0.000   
6047.735   3.260   29.570   0.000   1.196   -1.570   0.573   0.000   
6050.730   1.630   30.110   0.000   1.209   -1.593   0.573   0.000   
6053.695   -0.025   30.650   0.000   1.194   -1.631   0.574   0.000   
6056.655   -1.710   31.190   0.000   1.222   -1.649   0.574   0.000   
6059.520   -3.385   31.720   0.000   1.137   -1.648   0.569   0.000   
6062.325   -5.055   32.235   0.000   1.045   -1.619   0.556   0.000   
6065.125   -6.750   32.755   0.000   1.116   -1.670   0.550   0.000   
6061.855   -15.105   33.155   0.000   1.043   -1.662   0.548   0.000   
6069.920   -9.745   33.655   0.000   3.134   -1.629   0.534   0.000   
6072.335   -11.275   34.110   0.000   0.914   -1.596   0.520   0.000   
6074.865   -12.915   34.590   0.000   0.912   -1.563   0.501   0.000   
6077.340   -14.550   35.060   0.000   0.981   -1.595   0.496   0.000   
6079.680   -16.140   35.510   0.000   0.971   -1.608   0.498   0.000   
6081.990   -17.730   35.960   0.000   0.839   -1.547   0.484   0.000   
6084.130   -19.220   36.375   0.000   0.757   -1.504   0.465   0.000   
6080.345   -27.435   36.790   0.000   0.761   -1.472   0.449   0.000   
6088.005   -21.970   37.130   0.000   0.848   -1.516   0.443   0.000   
6090.080   -23.475   37.535   0.000   0.830   -1.512   0.446   0.000   
6092.070   -24.940   37.930   0.000   0.790   -1.493   0.439   0.000   
6094.000   -26.400   38.315   0.000   0.714   -1.413   0.422   0.000   
6095.790   -27.745   38.670   0.000   0.654   -1.360   0.401   0.000   
6097.580   -29.105   39.030   0.000   0.639   -1.331   0.385   0.000   
6099.410   -30.530   39.400   0.000   0.723   -1.359   0.380   0.000   
6101.125   -31.880   39.745   0.000   0.708   -1.364   0.380   -0.000   
6096.085   -39.300   40.020   0.000   0.711   -1.359   0.378   0.000   
6104.110   -34.270   40.355   0.000   1.982   -1.281   0.367   0.000   
6105.600   -35.470   40.660   0.000   0.525   -1.222   0.348   0.000   
6106.990   -36.620   40.950   0.000   0.447   -1.161   0.327   0.000   
6108.380   -37.765   41.235   0.000   0.477   -1.119   0.310   0.000   
6109.805   -38.965   41.535   0.000   0.552   -1.132   0.306   0.000   
6111.185   -40.125   41.820   0.000   0.591   -1.135   0.303   0.000   
6112.530   -41.285   42.105   0.000   0.572   -1.145   0.302   0.000   
6107.135   -48.515   42.380   0.000   0.601   -1.154   0.304   0.000   
6108.225   -49.475   42.620   0.000   0.528   -1.169   0.303   0.000   
6116.290   -44.540   42.895   0.000   0.504   -1.165   0.304   0.000   
6117.605   -45.710   43.175   0.000   0.496   -1.167   0.301   0.000   
6118.815   -46.795   43.435   0.000   0.411   -1.115   0.293   0.000   
6119.920   -47.795   43.675   0.000   0.353   -1.020   0.278   0.000   
6120.970   -48.750   43.900   0.000   0.313   -0.941   0.254   0.000   
6121.905   -49.585   44.100   0.000   0.330   -0.884   0.235   0.000   
6122.705   -50.340   44.275   0.000   0.287   -0.773   0.214   0.000   
6116.320   -56.755   44.405   0.000   0.257   -0.711   0.189   0.000   
6123.995   -51.530   44.555   0.000   0.216   -0.614   0.170   0.000   
6124.525   -52.015   44.670   0.000   0.188   -0.566   0.155   0.000   
6125.015   -52.500   44.780   0.000   0.140   -0.462   0.134   0.000   
6125.435   -52.895   44.875   0.000   0.106   -0.387   0.111   0.000   
6125.665   -53.100   44.925   0.000   0.078   -0.296   0.090   0.000   
6125.915   -53.340   44.980   0.000   0.045   -0.226   0.069   0.000   
6126.025   -53.440   45.000   0.000   0.006   -0.129   0.047   0.000   
6118.960   -59.230   45.000   0.015   -0.053   -0.031   0.024   0.000   
6118.950   -59.220   44.995   0.025   -0.081   0.040   0.002   0.016   
6126.005   -53.415   44.995   0.065   0.011   0.005   -0.004   0.034   
6126.005   -53.415   44.995   0.100   0.027   0.003   -0.000   0.049   
6126.005   -53.415   44.995   0.145   0.021   -0.001   0.000   0.056   
6125.955   -53.365   44.985   0.205   0.005   -0.000   -0.000   0.068   
6125.985   -53.395   44.990   0.280   -0.021   0.024   -0.002   0.085   
6125.985   -53.395   44.990   0.370   0.000   -0.003   -0.002   0.090   
6125.955   -53.375   44.985   0.455   -0.018   0.013   -0.001   0.107   
6118.905   -59.180   44.985   0.550   0.012   0.013   -0.003   0.117   
6125.940   -53.355   44.980   0.635   0.006   0.014   -0.003   0.124   
6125.940   -53.355   44.980   0.760   0.003   0.012   -0.003   0.142   
6125.905   -53.330   44.975   0.885   -0.010   0.018   -0.003   0.152   
6125.900   -53.315   44.975   1.020   -0.023   0.014   -0.003   0.161   
6125.890   -53.305   44.970   1.170   0.009   0.023   -0.004   0.175   
6125.860   -53.285   44.965   1.340   -0.026   0.010   -0.004   0.184   
6125.845   -53.260   44.960   1.500   -0.035   0.023   -0.004   0.200   
6125.820   -53.240   44.955   1.675   0.017   0.022   -0.005   0.207   
6118.745   -59.030   44.950   1.820   -0.001   0.019   -0.005   0.218   
6125.770   -53.195   44.945   2.020   -0.003   0.023   -0.005   0.231   
6125.740   -53.175   44.940   2.225   -0.006   0.020   -0.005   0.244   
6125.725   -53.145   44.935   2.445   -0.019   0.033   -0.006   0.257   
6125.690   -53.115   44.930   2.665   -0.033   0.025   -0.007   0.266   
6125.635   -53.070   44.920   2.900   -0.041   0.049   -0.009   0.279   
6125.530   -52.970   44.895   3.150   -0.023   0.051   -0.011   0.294   
6125.470   -52.905   44.880   3.400   -0.069   0.080   -0.014   0.300   
6118.385   -58.690   44.875   3.675   -0.044   0.082   -0.017   0.315   
6125.290   -52.735   44.845   3.885   -0.041   0.099   -0.020   0.325   
6125.195   -52.655   44.825   4.160   -0.031   0.095   -0.022   0.329   
6125.140   -52.600   44.815   4.430   -0.082   0.109   -0.024   0.332   
6125.045   -52.505   44.795   4.705   -0.046   0.087   -0.023   0.326   
6124.900   -52.365   44.760   4.975   -0.040   0.089   -0.021   0.325   
6124.800   -52.275   44.740   5.245   -0.035   0.093   -0.022   0.325   
6124.695   -52.170   44.720   5.520   -0.044   0.098   -0.023   0.326   
6124.585   -52.070   44.695   5.790   -0.082   0.100   -0.023   0.325   
6117.460   -57.820   44.675   6.000   -0.050   0.117   -0.026   0.325   
6124.270   -51.785   44.635   6.280   -0.056   0.133   -0.029   0.327   
6124.180   -51.700   44.615   6.550   -0.089   0.151   -0.033   0.324   
6124.000   -51.545   44.580   6.820   -0.051   0.158   -0.035   0.325   
6123.780   -51.315   44.530   7.080   -0.093   0.160   -0.038   0.322   
6123.610   -51.170   44.495   7.360   -0.059   0.153   -0.038   0.321   
6123.440   -51.015   44.460   7.625   -0.048   0.159   -0.038   0.322   
6123.325   -50.885   44.435   7.885   -0.075   0.165   -0.038   0.321   
6116.165   -56.630   44.400   8.165   -0.058   0.165   -0.038   0.322   
6115.985   -56.460   44.360   8.380   -0.075   0.161   -0.038   0.323   
6122.845   -50.450   44.335   8.635   -0.086   0.163   -0.038   0.321   
6122.615   -50.220   44.285   8.900   -0.057   0.166   -0.039   0.318   
6122.410   -50.035   44.240   9.175   -0.080   0.179   -0.042   0.317   
6122.180   -49.830   44.195   9.440   -0.103   0.215   -0.047   0.317   
6121.940   -49.620   44.145   9.690   -0.101   0.225   -0.051   0.316   
6121.690   -49.395   44.095   9.965   -0.115   0.219   -0.054   0.314   
6121.465   -49.185   44.050   10.230   -0.084   0.208   -0.052   0.316   
6114.355   -54.955   44.010   10.440   -0.069   0.194   -0.049   0.317   
6121.045   -48.785   43.960   10.690   -0.282   0.227   -0.052   0.314   
6120.790   -48.565   43.910   10.950   -0.113   0.220   -0.054   0.315   
6120.550   -48.355   43.860   11.225   -0.103   0.221   -0.053   0.312   
6120.295   -48.110   43.810   11.485   -0.117   0.227   -0.053   0.312   
6120.045   -47.880   43.755   11.745   -0.120   0.246   -0.056   0.310   
6119.710   -47.585   43.690   11.990   -0.108   0.232   -0.057   0.310   
6119.430   -47.315   43.630   12.250   -0.153   0.270   -0.060   0.309   
6112.295   -53.110   43.580   12.500   -0.093   0.271   -0.064   0.304   
6112.070   -52.890   43.530   12.705   -0.101   0.275   -0.065   0.300   
6118.575   -46.545   43.455   12.955   -0.131   0.272   -0.066   0.304   
6118.320   -46.325   43.405   13.210   -0.118   0.269   -0.066   0.306   
6117.965   -46.000   43.330   13.465   -0.126   0.270   -0.066   0.307   
6117.710   -45.785   43.280   13.720   -0.124   0.270   -0.066   0.304   
6117.355   -45.450   43.205   13.985   -0.122   0.272   -0.066   0.303   
6117.045   -45.180   43.140   14.225   -0.112   0.270   -0.066   0.305   
6116.780   -44.940   43.090   14.475   -0.139   0.292   -0.068   0.298   
6109.650   -50.755   43.025   14.675   -0.125   0.282   -0.068   0.297   
6116.115   -44.345   42.950   14.920   -0.195   0.320   -0.075   0.296   
6115.755   -44.040   42.880   15.165   -0.149   0.308   -0.077   0.294   
6115.360   -43.690   42.800   15.405   -0.165   0.338   -0.079   0.296   
6114.990   -43.365   42.725   15.660   -0.183   0.321   -0.083   0.296   
6114.635   -43.040   42.650   15.895   -0.103   0.320   -0.080   0.295   
6114.265   -42.715   42.575   16.150   -0.141   0.320   -0.079   0.292   
6113.890   -42.390   42.500   16.390   -0.150   0.321   -0.079   0.292   
6113.520   -48.230   42.425   16.625   -0.159   0.321   -0.079   0.292   
6106.490   -47.980   42.365   16.820   -0.172   0.320   -0.079   0.291   
6112.810   -41.460   42.285   17.070   -0.160   0.333   -0.080   0.291   
6112.410   -41.130   42.210   17.315   -0.140   0.340   -0.083   0.289   
6112.000   -40.770   42.125   17.550   -0.186   0.367   -0.086   0.286   
6111.580   -40.405   42.040   17.775   -0.199   0.372   -0.090   0.281   
6111.085   -39.985   41.940   18.020   -0.193   0.363   -0.092   0.275   
6110.700   -39.645   41.865   18.240   -0.177   0.366   -0.093   0.278   
6110.225   -39.235   41.765   18.475   -0.181   0.370   -0.093   0.282   
6103.185   -45.165   41.690   18.720   -0.176   0.366   -0.093   0.280   
6109.460   -38.615   41.620   18.895   -0.175   0.363   -0.093   0.281   
6108.965   -38.175   41.520   19.130   -0.173   0.368   -0.093   0.283   
6108.590   -37.855   41.445   19.360   -0.164   0.365   -0.093   0.279   
6108.110   -37.445   41.345   19.590   -0.173   0.369   -0.093   0.274   
6107.630   -37.050   41.255   19.815   -0.182   0.372   -0.094   0.271   
6107.150   -36.650   41.160   20.040   -0.204   0.398   -0.099   0.268   
6106.720   -36.300   41.075   20.265   -0.204   0.398   -0.102   0.269   
6106.175   -35.840   40.965   20.490   -0.168   0.396   -0.101   0.270   
6099.230   -41.875   40.885   20.670   -0.225   0.417   -0.105   0.270   
6105.255   -35.095   40.785   20.890   -0.223   0.416   -0.107   0.268   
6104.750   -34.675   40.685   21.115   -0.183   0.412   -0.106   0.265   
6104.265   -34.280   40.590   21.335   -0.176   0.391   -0.103   0.268   
6103.755   -33.860   40.490   21.555   -0.192   0.412   -0.103   0.263   
6103.245   -33.440   40.390   21.765   -0.229   0.409   -0.107   0.261   
6102.730   -33.030   40.290   21.990   -0.196   0.415   -0.106   0.262   
6102.220   -32.610   40.190   22.200   -0.212   0.410   -0.106   0.261   
6095.250   -38.655   40.085   22.425   -0.238   0.427   -0.107   0.259   
6101.175   -31.775   39.990   22.585   -0.253   0.441   -0.112   0.256   
6100.670   -31.370   39.890   22.810   -0.214   0.440   -0.114   0.256   
6100.095   -30.920   39.780   23.010   -0.193   0.446   -0.115   0.255   
6099.545   -30.475   39.675   23.220   -0.233   0.434   -0.116   0.255   
6098.925   -29.985   39.555   23.430   -0.221   0.436   -0.115   0.250   
6098.405   -29.585   39.455   23.650   -0.227   0.435   -0.115   0.249   
6097.850   -29.150   39.350   23.845   -0.226   0.437   -0.115   0.251   
6097.240   -28.655   39.230   24.055   -0.227   0.437   -0.115   0.250   
6090.470   -34.895   39.140   24.220   -0.252   0.449   -0.116   0.248   
6096.225   -27.895   39.040   24.425   -0.221   0.452   -0.118   0.247   
6095.635   -27.420   38.925   24.630   -0.243   0.459   -0.120   0.248   
6094.965   -26.905   38.795   24.845   -0.277   0.474   -0.124   0.238   
6094.415   -26.480   38.690   25.030   -0.257   0.458   -0.126   0.241   
6093.735   -25.955   38.560   25.230   -0.234   0.460   -0.123   0.234   
6093.115   -25.495   38.445   25.425   -0.257   0.462   -0.124   0.233   
6092.510   -25.025   38.325   25.620   -0.247   0.468   -0.125   0.236   
6085.755   -31.300   38.220   25.810   -0.254   0.468   -0.125   0.237   
6085.265   -30.945   38.125   25.975   -0.213   0.471   -0.125   0.237   
6090.750   -23.690   37.995   26.175   -0.237   0.462   -0.126   0.235   
6090.170   -23.255   37.885   26.370   -0.289   0.465   -0.128   0.234   
6089.450   -22.745   37.750   26.565   -0.248   0.469   -0.129   0.232   
6088.825   -22.270   37.630   26.755   -0.256   0.477   -0.130   0.229   
6088.145   -21.765   37.505   26.930   -0.307   0.471   -0.130   0.224   
6087.420   -21.240   37.370   27.115   -0.279   0.494   -0.132   0.223   
6086.795   -20.780   37.250   27.300   -0.286   0.503   -0.135   0.222   
6080.220   -27.230   37.150   27.450   -0.255   0.480   -0.135   0.223   
6085.550   -19.895   37.020   27.635   -0.297   0.502   -0.135   0.224   
6084.815   -19.355   36.885   27.830   -0.273   0.476   -0.136   0.220   
6084.185   -18.895   36.765   28.015   -0.252   0.497   -0.136   0.219   
6083.480   -18.400   36.640   28.200   -0.281   0.481   -0.135   0.220   
6082.810   -17.920   36.510   28.365   -0.283   0.497   -0.135   0.214   
6082.095   -17.410   36.380   28.545   -0.280   0.486   -0.136   0.211   
6081.390   -16.925   36.250   28.720   -0.308   0.486   -0.137   0.211   
6074.810   -23.375   36.120   28.910   -0.277   0.505   -0.140   0.208   
6074.155   -22.940   36.000   29.040   -0.333   0.507   -0.143   0.215   
6079.340   -15.490   35.875   29.210   -0.308   0.514   -0.143   0.208   
6078.600   -14.970   35.740   29.385   -0.268   0.512   -0.143   0.206   
6077.785   -14.415   35.590   29.555   -0.268   0.510   -0.145   0.209   
6077.050   -13.920   35.455   29.730   -0.280   0.494   -0.145   0.206   
6076.320   -13.410   35.320   29.900   -0.266   0.499   -0.143   0.207   
6075.620   -12.945   35.195   30.070   -0.287   0.496   -0.142   0.203   
6074.815   -12.405   35.050   30.240   -0.304   0.488   -0.142   0.203   
6068.505   -19.085   34.940   30.365   -0.334   0.507   -0.144   0.201   
6073.460   -11.475   34.800   30.545   -0.315   0.511   -0.147   0.201   
6072.675   -10.960   34.660   30.695   -0.329   0.521   -0.149   0.199   
6071.945   -10.475   34.530   30.860   -0.309   0.515   -0.151   0.195   
6071.135   -9.945   34.385   31.020   -0.333   0.523   -0.151   0.194   
6070.290   -9.385   34.230   31.180   -0.300   0.512   -0.153   0.196   
6069.495   -8.860   34.085   31.340   -0.337   0.502   -0.153   0.191   
6068.690   -8.345   33.940   31.495   -0.326   0.512   -0.153   0.188   
6067.885   -7.835   33.800   31.655   -0.302   0.510   -0.151   0.190   
6061.705   -14.670   33.685   31.795   -0.320   0.503   -0.151   0.193   
6066.440   -6.905   33.540   31.940   -0.343   0.512   -0.151   0.190   
6065.650   -6.390   33.395   32.095   -0.321   0.511   -0.153   0.187   
6064.805   -5.875   33.250   32.250   -0.329   0.508   -0.155   0.187   
6063.970   -5.335   33.100   32.405   -0.403   0.526   -0.157   0.182   
6063.115   -4.820   32.950   32.555   -0.362   0.525   -0.159   0.183   
6062.275   -4.295   32.800   32.705   -0.335   0.516   -0.159   0.179   
6061.425   -3.755   32.650   32.850   -0.326   0.518   -0.159   0.176   
6055.215   -10.600   32.500   33.000   -0.327   0.510   -0.160   0.176   
6054.550   -10.205   32.380   33.120   -0.336   0.518   -0.159   0.179   
6059.045   -2.295   32.230   33.265   -0.339   0.513   -0.159   0.176   
6058.190   -1.790   32.080   33.410   -0.342   0.513   -0.159   0.175   
6057.340   -1.275   31.930   33.550   -0.344   0.509   -0.159   0.177   
6056.480   -0.770   31.780   33.705   -0.349   0.508   -0.159   0.175   
6055.560   -0.205   31.620   33.850   -0.341   0.504   -0.159   0.172   
6054.735   0.280   31.475   33.975   -0.369   0.523   -0.161   0.168   
6053.850   0.790   31.320   34.125   -0.353   0.507   -0.162   0.162   
6047.960   -6.300   31.200   34.220   -0.339   0.519   -0.163   0.160   
6052.225   1.730   31.040   34.355   -1.089   0.512   -0.165   0.160   
6051.345   2.250   30.885   34.505   -0.375   0.513   -0.166   0.164   
6050.375   2.815   30.720   34.640   -0.356   0.504   -0.165   0.164   
6049.535   3.285   30.575   34.775   -0.379   0.510   -0.165   0.160   
6048.615   3.805   30.415   34.900   -0.356   0.514   -0.166   0.162   
6047.640   4.365   30.250   35.035   -0.370   0.510   -0.166   0.162   
6046.785   4.835   30.100   35.165   -0.386   0.507   -0.167   0.159   
6040.890   -2.265   29.945   35.300   -0.342   0.505   -0.167   0.158   
6040.090   -1.840   29.805   35.400   -0.424   0.509   -0.169   0.154   
6044.130   6.315   29.645   35.530   -0.383   0.510   -0.169   0.148   
6043.195   6.825   29.485   35.655   -0.324   0.509   -0.170   0.154   
6042.295   7.295   29.335   35.780   -0.378   0.512   -0.170   0.149   
6041.290   7.860   29.160   35.905   -0.371   0.510   -0.171   0.148   
6040.385   8.325   29.010   36.030   -0.365   0.507   -0.173   0.150   
6039.380   8.870   28.835   36.155   -0.382   0.504   -0.173   0.148   
6038.415   9.375   28.675   36.275   -0.356   0.491   -0.171   0.145   
6032.960   1.980   28.555   36.375   -0.365   0.492   -0.170   0.148   
6036.710   10.280   28.385   36.495   -0.379   0.497   -0.170   0.147   
6035.825   10.740   28.235   36.620   -0.402   0.497   -0.172   0.144   
6034.770   11.275   28.055   36.735   -0.415   0.504   -0.175   0.144   
6033.790   11.775   27.890   36.855   -0.428   0.502   -0.176   0.138   
6032.785   12.295   27.725   36.970   -0.381   0.500   -0.175   0.137   
6031.790   12.790   27.555   37.085   -0.399   0.502   -0.178   0.136   
6030.800   13.295   27.390   37.200   -0.380   0.493   -0.178   0.135   
6025.245   5.905   27.225   37.300   -0.315   0.484   -0.174   0.136   
6024.525   6.255   27.105   37.390   -0.377   0.486   -0.175   0.133   
6028.035   14.670   26.925   37.515   -0.455   0.481   -0.176   0.135   
6027.020   15.150   26.760   37.630   -0.425   0.484   -0.176   0.135   
6026.015   15.655   26.590   37.740   -0.396   0.480   -0.177   0.133   
6025.005   16.140   26.425   37.850   -0.406   0.482   -0.177   0.129   
6023.990   16.630   26.255   37.945   -0.391   0.479   -0.179   0.130   
6023.015   17.085   26.095   38.065   -0.432   0.486   -0.182   0.124   
6021.920   17.595   25.910   38.155   -0.358   0.484   -0.182   0.123   
6016.765   9.980   25.775   38.240   -0.385   0.479   -0.181   0.123   
6020.105   18.450   25.615   38.340   -0.415   0.480   -0.182   0.122   
6019.005   18.950   25.430   38.445   -0.430   0.470   -0.182   0.124   
6017.975   19.425   25.260   38.545   -0.409   0.471   -0.181   0.123   
6016.940   19.895   25.090   38.650   -0.409   0.470   -0.182   0.123   
6015.890   20.365   24.920   38.765   -0.465   0.467   -0.181   0.123   
6014.830   20.845   24.745   38.855   -0.401   0.459   -0.181   0.123   
6013.775   21.315   24.575   38.955   -0.404   0.468   -0.184   0.121   
6012.740   21.770   24.400   39.050   -0.380   0.453   -0.182   0.115   
6007.760   14.020   24.260   39.120   -0.425   0.466   -0.184   0.114   
6010.790   22.610   24.085   39.215   -0.445   0.460   -0.186   0.114   
6009.725   23.075   23.910   39.315   -0.457   0.455   -0.186   0.113   
6008.640   23.540   23.735   39.410   -0.426   0.458   -0.186   0.112   
6007.560   23.995   23.560   39.505   -0.427   0.452   -0.185   0.111   
6006.480   24.440   23.385   39.595   -0.423   0.448   -0.185   0.111   
6005.400   24.895   23.210   39.680   -0.431   0.447   -0.186   0.111   
6004.315   25.350   23.035   39.780   -0.438   0.439   -0.186   0.111   
5999.370   17.550   22.860   39.865   -0.429   0.437   -0.185   0.112   
6002.355   26.145   22.720   39.945   -0.449   0.446   -0.186   0.110   
6001.230   26.580   22.540   40.040   -0.460   0.448   -0.189   0.106   
6000.160   27.025   22.365   40.125   -0.438   0.422   -0.188   0.103   
5999.050   27.475   22.185   40.200   -0.498   0.439   -0.188   0.100   
5997.915   27.920   22.005   40.295   -0.459   0.428   -0.189   0.098   
5996.810   28.335   21.830   40.365   -0.390   0.435   -0.190   0.097   
5995.695   28.780   21.650   40.450   -0.452   0.425   -0.190   0.100   
5994.590   29.195   21.470   40.545   -0.471   0.422   -0.190   0.100   
5990.035   21.195   21.325   40.600   -0.512   0.416   -0.190   0.100   
5992.565   29.960   21.150   40.680   -0.381   0.414   -0.189   0.100   
5991.450   30.380   20.970   40.765   -0.454   0.410   -0.190   0.100   
5990.310   30.800   20.790   40.845   -0.508   0.409   -0.190   0.099   
5989.180   31.205   20.610   40.925   -0.443   0.410   -0.190   0.096   
5988.045   31.625   20.430   41.000   -0.426   0.409   -0.191   0.092   
5986.835   32.050   20.240   41.080   -0.448   0.399   -0.193   0.090   
5985.760   32.435   20.070   41.150   -0.474   0.401   -0.192   0.092   
5981.205   24.400   19.885   41.225   -0.466   0.411   -0.192   0.084   
5980.305   24.710   19.740   41.285   -0.465   0.388   -0.193   0.089   
5982.535   33.565   19.560   41.360   -0.475   0.391   -0.193   0.092   
5981.365   33.950   19.375   41.435   -0.457   0.392   -0.193   0.090   
5980.230   34.355   19.195   41.505   -0.441   0.388   -0.192   0.085   
5979.065   34.740   19.015   41.580   -0.514   0.379   -0.193   0.086   
5977.905   35.130   18.830   41.655   -0.464   0.384   -0.194   0.089   
5976.755   35.500   18.650   41.725   -0.462   0.378   -0.194   0.085   
5975.515   35.895   18.455   41.795   -0.509   0.373   -0.193   0.082   
5971.475   27.645   18.315   41.845   -0.446   0.375   -0.195   0.079   
5973.465   36.565   18.135   41.915   -1.404   0.370   -0.195   0.078   
5972.265   36.940   17.950   41.970   -0.479   0.372   -0.196   0.079   
5971.095   37.310   17.765   42.035   -0.527   0.364   -0.196   0.080   
5969.910   37.675   17.580   42.100   -0.537   0.361   -0.197   0.080   
5968.725   38.040   17.395   42.165   -0.515   0.358   -0.196   0.080   
5967.520   38.385   17.210   42.240   -0.486   0.363   -0.196   0.080   
5966.285   38.760   17.015   42.295   -0.464   0.344   -0.195   0.080   
5962.280   30.470   16.840   42.360   -0.474   0.353   -0.196   0.077   
5961.255   30.755   16.680   42.410   -0.483   0.348   -0.197   0.077   
5962.940   39.735   16.495   42.470   -0.437   0.341   -0.196   0.074   
5961.750   40.075   16.310   42.540   -0.475   0.334   -0.195   0.066   
5960.550   40.425   16.125   42.585   -0.472   0.336   -0.196   0.069   
5959.400   40.725   15.950   42.655   -0.485   0.331   -0.197   0.067   
5958.135   41.085   15.750   42.700   -0.483   0.331   -0.198   0.068   
5956.990   41.405   15.575   42.755   -0.462   0.329   -0.198   0.067   
5955.685   41.745   15.375   42.815   -0.475   0.324   -0.199   0.070   
5952.180   33.265   15.235   42.860   -0.460   0.315   -0.199   0.069   
5953.515   42.310   15.040   42.915   -1.436   0.318   -0.197   0.067   
5952.285   42.620   14.850   42.970   -0.503   0.317   -0.198   0.068   
5951.065   42.935   14.660   43.040   -0.463   0.310   -0.200   0.066   
5949.920   43.235   14.485   43.080   -0.500   0.312   -0.201   0.066   
5948.610   43.555   14.285   43.130   -0.472   0.298   -0.199   0.058   
5947.385   43.855   14.095   43.180   -0.493   0.296   -0.199   0.058   
5946.235   44.130   13.920   43.230   -0.453   0.297   -0.201   0.061   
5942.615   35.640   13.730   43.280   -0.486   0.295   -0.201   0.060   
5941.660   35.880   13.580   43.315   -0.478   0.282   -0.200   0.057   
5942.760   44.960   13.390   43.365   -0.500   0.284   -0.200   0.055   
5941.460   45.260   13.190   43.415   -0.504   0.277   -0.200   0.060   
5940.305   45.510   13.015   43.465   -0.477   0.272   -0.199   0.061   
5939.015   45.815   12.815   43.510   -0.491   0.272   -0.199   0.055   
5937.770   46.080   12.625   43.555   -0.515   0.269   -0.200   0.054   
5936.510   46.345   12.435   43.605   -0.495   0.264   -0.201   0.054   
5935.270   46.600   12.245   43.645   -0.465   0.266   -0.201   0.052   
5931.940   38.005   12.055   43.690   -0.460   0.260   -0.202   0.049   
5933.015   47.080   11.900   43.710   -0.482   0.252   -0.202   0.048   
5931.750   47.325   11.710   43.760   -0.525   0.254   -0.202   0.050   
5930.485   47.585   11.520   43.790   -0.500   0.248   -0.202   0.049   
5929.300   47.815   11.340   43.830   -0.511   0.244   -0.203   0.048   
5926.795   48.285   10.960   43.920   -0.502   0.238   -0.203   0.050   
5925.465   48.545   10.755   43.950   -0.577   0.230   -0.203   0.050   
5924.195   48.775   10.565   43.990   -0.527   0.230   -0.202   0.048   
5921.390   40.030   10.410   44.020   -0.485   0.225   -0.203   0.046   
5921.900   49.175   10.220   44.055   -0.522   0.217   -0.203   0.041   
5920.705   49.385   10.040   44.090   -0.517   0.220   -0.204   0.040   
5919.370   49.610   9.835   44.135   -0.510   0.216   -0.203   0.040   
5918.160   49.820   9.655   44.155   -0.533   0.211   -0.205   0.038   
5916.835   50.025   9.450   44.190   -0.517   0.205   -0.204   0.040   
5915.555   50.230   9.260   44.235   -0.528   0.201   -0.203   0.040   
5914.270   50.430   9.065   44.255   -0.500   0.203   -0.204   0.040   
5911.465   41.665   8.875   44.290   -0.511   0.194   -0.204   0.040   
5910.465   41.810   8.720   44.315   -0.450   0.188   -0.203   0.038   
5910.755   50.950   8.540   44.345   -0.533   0.192   -0.205   0.035   
5909.420   51.160   8.335   44.375   -0.515   0.182   -0.204   0.037   
5908.135   51.335   8.145   44.400   -0.522   0.174   -0.203   0.031   
5906.865   51.500   7.950   44.430   -0.501   0.172   -0.204   0.031   
5905.575   51.675   7.760   44.455   -0.503   0.171   -0.204   0.034   
5904.290   51.830   7.565   44.480   -0.476   0.165   -0.204   0.026   
5903.075   51.995   7.385   44.505   -0.552   0.163   -0.205   0.030   
5900.780   43.115   7.230   44.525   -0.438   0.159   -0.205   0.030   
5900.690   52.280   7.025   44.550   -0.491   0.155   -0.205   0.030   
5899.405   52.440   6.830   44.575   -0.599   0.151   -0.204   0.030   
5898.165   52.580   6.650   44.600   -0.510   0.153   -0.206   0.030   
5896.805   52.740   6.445   44.625   -0.533   0.143   -0.206   0.030   
5895.525   52.875   6.250   44.650   -0.521   0.138   -0.205   0.030   
5894.215   53.000   6.055   44.670   -0.502   0.133   -0.205   0.025   
5892.915   53.135   5.860   44.690   -0.526   0.130   -0.206   0.021   
5890.695   44.210   5.680   44.710   -0.535   0.129   -0.207   0.021   
5889.690   44.305   5.525   44.725   -0.500   0.119   -0.205   0.020   
5889.280   53.470   5.320   44.740   -0.502   0.119   -0.205   0.023   
5887.980   53.600   5.125   44.750   -0.534   0.112   -0.206   0.023   
5886.700   53.705   4.930   44.780   -0.531   0.105   -0.206   0.021   
5885.445   53.790   4.750   44.800   -0.502   0.108   -0.205   0.024   
5884.105   53.905   4.545   44.820   -0.516   0.100   -0.205   0.024   
5882.790   54.005   4.350   44.835   -0.539   0.100   -0.205   0.018   
5881.495   54.100   4.155   44.840   -0.522   0.091   -0.207   0.017   
5879.750   45.100   4.000   44.850   -0.559   0.091   -0.206   0.017   
5879.140   54.250   3.805   44.875   -0.541   0.086   -0.206   0.015   
5877.915   54.330   3.625   44.875   -0.503   0.082   -0.207   0.014   
5876.605   54.415   3.430   44.885   -0.510   0.075   -0.206   0.012   
5875.300   54.475   3.235   44.895   -0.534   0.073   -0.207   0.013   
5873.935   54.560   3.030   44.905   -0.505   0.066   -0.206   0.013   
5872.625   54.610   2.835   44.915   -0.536   0.068   -0.207   0.012   
5871.330   54.670   2.640   44.925   -0.529   0.053   -0.206   0.014   
5869.590   45.645   2.445   44.935   -0.528   0.060   -0.206   0.014   
5868.580   45.675   2.290   44.955   -0.530   0.055   -0.207   0.013   
5867.670   54.820   2.095   44.950   -0.534   0.044   -0.207   0.007   
5866.360   54.865   1.900   44.970   -0.535   0.041   -0.207   0.006   
5865.045   54.900   1.705   44.975   -0.537   0.045   -0.206   0.005   
5863.730   54.945   1.510   44.970   -0.508   0.032   -0.206   0.006   
5862.490   54.965   1.330   44.975   -0.498   0.031   -0.205   0.007   
5861.200   54.990   1.135   44.990   -0.518   0.023   -0.206   0.003   
5859.865   55.015   0.940   44.980   -0.549   0.024   -0.207   0.004   
5858.630   45.925   0.770   44.985   -0.512   0.022   -0.208   0.004   
5857.515   55.040   0.590   45.000   -0.533   0.016   -0.206   0.004   
5856.205   55.050   0.395   44.990   -0.530   0.012   -0.206   0.005   
5854.910   55.060   0.200   44.995   -0.546   0.008   -0.207   0.002   
5853.595   55.060   0.005   44.995   -0.521   -0.000   -0.208   0.003   
5852.215   55.050   -0.200   44.995   -0.523   -0.003   -0.206   -0.001   
5850.930   55.050   -0.395   44.990   -0.538   -0.008   -0.205   -0.006   
5849.620   55.040   -0.590   44.990   -0.556   -0.008   -0.206   -0.006   
5848.435   45.915   -0.785   44.985   -0.531   -0.014   -0.207   -0.004   
5847.430   45.900   -0.940   44.980   -0.560   -0.016   -0.207   -0.006   
5845.945   54.985   -1.135   44.980   -0.547   -0.029   -0.206   -0.005   
5844.650   54.940   -1.330   44.975   -0.520   -0.024   -0.207   -0.004   
5843.340   54.920   -1.525   44.970   -0.516   -0.032   -0.207   -0.006   
5842.025   54.885   -1.720   44.965   -0.519   -0.034   -0.205   -0.005   
5840.705   54.835   -1.915   44.965   -0.511   -0.036   -0.206   -0.005   
5839.390   54.785   -2.110   44.950   -0.544   -0.045   -0.208   -0.005   
5838.085   54.725   -2.305   44.955   -0.554   -0.050   -0.207   -0.006   
5837.210   45.595   -2.500   44.935   -0.540   -0.048   -0.205   -0.009   
5835.745   54.630   -2.655   44.935   -0.516   -0.056   -0.206   -0.012   
5834.435   54.575   -2.850   44.915   -0.518   -0.062   -0.207   -0.013   
5833.115   54.515   -3.045   44.905   -0.510   -0.063   -0.206   -0.013   
5831.880   54.440   -3.225   44.895   -0.514   -0.069   -0.206   -0.012   
5830.590   54.370   -3.420   44.895   -0.510   -0.076   -0.206   -0.012   
5829.220   54.275   -3.625   44.870   -0.529   -0.072   -0.207   -0.014   
5827.930   54.205   -3.820   44.870   -0.517   -0.078   -0.205   -0.015   
5827.320   45.045   -4.015   44.845   -0.548   -0.087   -0.204   -0.015   
5826.305   44.965   -4.170   44.835   -0.496   -0.089   -0.206   -0.015   
5824.275   53.955   -4.365   44.820   -0.524   -0.096   -0.207   -0.015   
5823.030   53.855   -4.545   44.805   -0.540   -0.100   -0.206   -0.020   
5821.680   53.725   -4.750   44.790   -0.489   -0.098   -0.205   -0.017   
5820.360   53.630   -4.945   44.770   -0.536   -0.104   -0.207   -0.020   
5819.090   53.520   -5.140   44.765   -0.510   -0.110   -0.206   -0.023   
5817.775   53.390   -5.335   44.735   -0.515   -0.113   -0.205   -0.021   
5816.465   53.270   -5.530   44.715   -0.517   -0.121   -0.207   -0.023   
5816.155   44.090   -5.725   44.710   -0.542   -0.121   -0.208   -0.021   
5815.145   44.000   -5.880   44.695   -0.520   -0.129   -0.206   -0.022   
5812.895   52.915   -6.060   44.665   -0.491   -0.130   -0.205   -0.023   
5811.540   52.765   -6.265   44.645   -0.491   -0.134   -0.205   -0.024   
5810.240   52.625   -6.460   44.635   -0.524   -0.135   -0.206   -0.027   
5808.955   52.480   -6.655   44.600   -0.518   -0.142   -0.205   -0.026   
5807.740   52.330   -6.835   44.575   -0.527   -0.150   -0.205   -0.032   
5806.380   52.175   -7.040   44.550   -0.510   -0.149   -0.205   -0.033   
5805.160   52.025   -7.220   44.525   -0.535   -0.153   -0.204   -0.029   
5805.350   42.880   -7.385   44.505   -0.470   -0.161   -0.204   -0.030   
5802.780   51.735   -7.580   44.480   -1.547   -0.160   -0.205   -0.030   
5801.560   51.570   -7.760   44.455   -0.569   -0.167   -0.205   -0.030   
5800.200   51.385   -7.965   44.430   -0.450   -0.171   -0.205   -0.030   
5798.935   51.205   -8.160   44.395   -0.536   -0.175   -0.205   -0.030   
5797.640   51.025   -8.350   44.375   -0.479   -0.180   -0.204   -0.034   
5796.355   50.830   -8.545   44.340   -0.510   -0.177   -0.205   -0.032   
5795.140   50.655   -8.725   44.315   -0.556   -0.190   -0.205   -0.034   
5795.345   41.475   -8.930   44.285   -0.434   -0.197   -0.204   -0.039   
5794.360   41.325   -9.085   44.250   -0.527   -0.188   -0.205   -0.039   
5791.505   50.085   -9.275   44.225   -0.549   -0.198   -0.203   -0.039   
5790.295   49.880   -9.455   44.195   -0.473   -0.201   -0.203   -0.040   
5788.955   49.670   -9.660   44.150   -0.537   -0.207   -0.204   -0.040   
5787.740   49.470   -9.840   44.130   -0.502   -0.210   -0.205   -0.040   
5786.420   49.235   -10.045   44.085   -0.520   -0.211   -0.204   -0.037   
5785.145   49.010   -10.235   44.060   -0.521   -0.216   -0.203   -0.040   
5783.865   48.790   -10.430   44.025   -0.504   -0.216   -0.203   -0.040   
5784.745   39.705   -10.570   43.990   -0.502   -0.230   -0.204   -0.043   
5781.595   48.365   -10.775   43.965   -0.472   -0.228   -0.204   -0.044   
5780.340   48.130   -10.965   43.925   -0.520   -0.234   -0.202   -0.047   
5779.075   47.880   -11.155   43.885   -0.516   -0.238   -0.201   -0.051   
5777.815   47.645   -11.345   43.845   -0.488   -0.243   -0.203   -0.051   
5776.630   47.410   -11.525   43.805   -0.505   -0.243   -0.203   -0.052   
5775.385   47.170   -11.715   43.750   -0.483   -0.250   -0.202   -0.051   
5774.115   46.905   -11.905   43.710   -0.531   -0.249   -0.202   -0.048   
5774.905   37.780   -12.105   43.670   -0.530   -0.252   -0.201   -0.047   
5774.000   37.575   -12.245   43.635   -0.507   -0.257   -0.201   -0.051   
5770.635   46.165   -12.435   43.595   -0.508   -0.267   -0.202   -0.050   
5769.385   45.895   -12.625   43.550   -0.521   -0.263   -0.202   -0.051   
5768.145   45.610   -12.815   43.505   -0.520   -0.270   -0.202   -0.052   
5766.895   45.355   -13.005   43.460   -0.517   -0.272   -0.202   -0.057   
5765.605   45.055   -13.205   43.410   -0.486   -0.276   -0.200   -0.057   
5764.350   44.755   -13.395   43.360   -0.501   -0.277   -0.201   -0.060   
5763.120   44.465   -13.585   43.315   -0.504   -0.284   -0.201   -0.056   
5764.575   35.455   -13.725   43.275   -0.465   -0.293   -0.201   -0.056   
5760.950   43.955   -13.915   43.225   -0.468   -0.292   -0.202   -0.064   
5759.725   43.645   -14.105   43.175   -0.564   -0.291   -0.202   -0.061   
5758.425   43.335   -14.305   43.125   -0.495   -0.294   -0.200   -0.060   
5757.175   43.025   -14.495   43.075   -0.498   -0.300   -0.201   -0.060   
5756.045   42.715   -14.670   43.025   -0.493   -0.304   -0.200   -0.060   
5754.740   42.395   -14.870   42.970   -0.463   -0.307   -0.198   -0.062   
5753.595   42.090   -15.045   42.915   -0.490   -0.313   -0.199   -0.067   
5754.955   33.040   -15.245   42.860   -0.479   -0.317   -0.199   -0.067   
5754.060   32.800   -15.385   42.815   -0.477   -0.314   -0.198   -0.067   
5750.155   41.175   -15.580   42.750   -0.474   -0.318   -0.197   -0.068   
5749.005   40.855   -15.755   42.705   -0.495   -0.330   -0.199   -0.069   
5747.795   40.525   -15.945   42.645   -0.480   -0.327   -0.199   -0.066   
5746.520   40.165   -16.140   42.580   -0.474   -0.325   -0.197   -0.068   
5745.380   39.845   -16.315   42.530   -0.489   -0.335   -0.198   -0.069   
5744.090   39.480   -16.515   42.475   -0.477   -0.340   -0.199   -0.069   
5742.920   39.130   -16.700   42.405   -0.470   -0.339   -0.198   -0.071   
5744.620   30.155   -16.885   42.355   -0.453   -0.344   -0.196   -0.073   
5740.770   38.480   -17.035   42.305   -0.481   -0.356   -0.197   -0.075   
5739.570   38.125   -17.220   42.240   -0.500   -0.354   -0.198   -0.078   
5738.370   37.760   -17.405   42.175   -0.444   -0.345   -0.196   -0.081   
5737.210   37.395   -17.590   42.110   -0.447   -0.359   -0.194   -0.081   
5736.095   37.055   -17.765   42.045   -0.427   -0.367   -0.196   -0.080   
5734.900   36.685   -17.950   41.980   -0.458   -0.361   -0.196   -0.080   
5733.735   36.315   -18.130   41.915   -0.469   -0.368   -0.196   -0.082   
5735.705   27.390   -18.315   41.835   -0.500   -0.374   -0.196   -0.081   
5734.715   27.070   -18.475   41.795   -0.524   -0.368   -0.197   -0.080   
5730.445   35.245   -18.650   41.715   -1.413   -0.380   -0.196   -0.081   
5729.280   34.855   -18.830   41.660   -0.428   -0.373   -0.195   -0.083   
5728.055   34.445   -19.025   41.575   -0.462   -0.385   -0.194   -0.086   
5726.945   34.085   -19.200   41.505   -0.456   -0.390   -0.194   -0.089   
5725.780   33.685   -19.380   41.430   -0.450   -0.383   -0.194   -0.087   
5724.645   33.300   -19.560   41.355   -0.444   -0.389   -0.193   -0.092   
5723.495   32.890   -19.745   41.280   -0.465   -0.394   -0.192   -0.091   
5725.755   24.045   -19.925   41.205   -0.441   -0.394   -0.193   -0.090   
5724.800   23.700   -20.080   41.150   -0.519   -0.405   -0.193   -0.084   
5720.285   31.755   -20.250   41.075   -0.479   -0.406   -0.193   -0.085   
5719.135   31.340   -20.435   41.000   -0.438   -0.410   -0.192   -0.092   
5717.940   30.905   -20.625   40.925   -0.473   -0.403   -0.193   -0.092   
5716.805   30.480   -20.805   40.845   -0.465   -0.408   -0.192   -0.095   
5715.680   30.045   -20.985   40.765   -0.400   -0.414   -0.191   -0.095   
5714.610   29.650   -21.155   40.675   -0.466   -0.414   -0.190   -0.097   
5713.485   29.235   -21.335   40.600   -0.431   -0.422   -0.190   -0.099   
5716.200   20.535   -21.485   40.525   -0.433   -0.412   -0.190   -0.101   
5711.495   28.475   -21.655   40.450   -0.423   -0.426   -0.189   -0.100   
5710.370   28.025   -21.835   40.365   -0.465   -0.426   -0.190   -0.100   
5709.250   27.590   -22.015   40.285   -0.468   -0.429   -0.190   -0.103   
5708.125   27.145   -22.195   40.200   -0.407   -0.434   -0.190   -0.102   
5706.965   26.685   -22.380   40.105   -0.388   -0.434   -0.190   -0.102   
5705.895   26.265   -22.550   40.030   -0.448   -0.443   -0.189   -0.102   
5704.805   25.830   -22.725   39.945   -0.454   -0.437   -0.188   -0.103   
5707.605   17.125   -22.905   39.855   -0.451   -0.448   -0.189   -0.108   
5702.840   25.015   -23.045   39.770   -0.426   -0.436   -0.188   -0.112   
5701.770   24.570   -23.220   39.690   -0.417   -0.445   -0.185   -0.110   
5700.690   24.115   -23.395   39.585   -0.425   -0.445   -0.185   -0.110   
5699.610   23.650   -23.570   39.505   -0.431   -0.447   -0.186   -0.114   
5698.535   23.195   -23.745   39.400   -0.411   -0.453   -0.186   -0.112   
5697.455   22.730   -23.920   39.305   -0.434   -0.455   -0.186   -0.112   
5696.380   22.265   -24.095   39.225   -0.418   -0.461   -0.185   -0.112   
5695.310   21.800   -24.270   39.120   -0.430   -0.456   -0.186   -0.112   
5698.590   13.295   -24.410   39.055   -0.442   -0.467   -0.186   -0.115   
5693.390   20.940   -24.585   38.960   -0.424   -0.467   -0.185   -0.115   
5692.315   20.470   -24.760   38.850   -0.421   -0.470   -0.185   -0.115   
5691.285   20.010   -24.930   38.750   -0.396   -0.462   -0.182   -0.123   
5690.210   19.520   -25.105   38.645   -0.411   -0.477   -0.183   -0.124   
5689.185   19.045   -25.275   38.545   -0.408   -0.461   -0.183   -0.124   
5688.155   18.570   -25.445   38.440   -0.375   -0.470   -0.179   -0.123   
5687.105   18.090   -25.615   38.340   -0.453   -0.477   -0.182   -0.123   
5690.470   9.630   -25.775   38.235   -0.441   -0.476   -0.183   -0.123   
5689.610   9.225   -25.925   38.145   -0.402   -0.474   -0.181   -0.125   
5684.205   16.720   -26.095   38.050   -0.390   -0.484   -0.181   -0.123   
5683.190   16.250   -26.265   37.945   -0.455   -0.484   -0.181   -0.124   
5682.165   15.745   -26.435   37.840   -0.436   -0.480   -0.180   -0.129   
5681.210   15.290   -26.590   37.720   -0.419   -0.486   -0.180   -0.131   
5680.135   14.760   -26.770   37.620   -0.400   -0.484   -0.178   -0.134   
5679.205   14.305   -26.925   37.510   -0.414   -0.486   -0.177   -0.134   
5678.145   13.780   -27.105   37.385   -0.384   -0.481   -0.177   -0.134   
5681.980   5.520   -27.225   37.305   -0.422   -0.491   -0.177   -0.139   
5676.365   12.890   -27.405   37.180   -0.400   -0.490   -0.177   -0.136   
5675.350   12.385   -27.570   37.080   -0.380   -0.496   -0.176   -0.134   
5674.430   11.915   -27.725   36.965   -0.407   -0.497   -0.177   -0.138   
5673.375   11.380   -27.905   36.840   -0.395   -0.498   -0.177   -0.138   
5672.380   10.860   -28.070   36.735   -0.386   -0.499   -0.177   -0.141   
5671.405   10.350   -28.235   36.605   -0.365   -0.498   -0.176   -0.143   
5670.440   9.845   -28.400   36.485   -0.378   -0.491   -0.174   -0.143   
5674.330   1.610   -28.550   36.365   -0.351   -0.498   -0.173   -0.146   
5673.580   1.220   -28.680   36.280   -0.384   -0.502   -0.172   -0.146   
5667.815   8.460   -28.845   36.145   -1.135   -0.492   -0.172   -0.146   
5666.825   7.920   -29.015   36.020   -0.358   -0.490   -0.171   -0.151   
5665.920   7.445   -29.165   35.895   -0.389   -0.510   -0.171   -0.153   
5664.965   6.920   -29.330   35.770   -0.413   -0.514   -0.175   -0.149   
5663.935   6.355   -29.505   35.645   -0.407   -0.512   -0.174   -0.150   
5663.060   5.870   -29.655   35.520   -0.370   -0.512   -0.172   -0.150   
5662.145   5.360   -29.815   35.385   -0.365   -0.512   -0.171   -0.150   
5666.175   -2.800   -29.975   35.265   -0.368   -0.513   -0.171   -0.154   
5660.455   4.435   -30.105   35.165   -0.392   -0.504   -0.170   -0.154   
5659.530   3.910   -30.260   35.030   -0.336   -0.502   -0.168   -0.156   
5658.630   3.390   -30.420   34.890   -0.342   -0.507   -0.166   -0.159   
5657.740   2.880   -30.575   34.765   -0.317   -0.502   -0.165   -0.160   
5656.840   2.370   -30.730   34.630   -0.382   -0.510   -0.165   -0.161   
5655.880   1.805   -30.895   34.495   -0.373   -0.505   -0.166   -0.163   
5655.030   1.325   -31.040   34.350   -0.376   -0.514   -0.166   -0.163   
5654.120   0.785   -31.200   34.215   -0.355   -0.528   -0.165   -0.164   
5658.585   -7.115   -31.325   34.105   -0.359   -0.517   -0.166   -0.163   
5652.515   -0.155   -31.480   33.980   -1.069   -0.514   -0.166   -0.163   
5651.635   -0.685   -31.635   33.830   -0.331   -0.511   -0.165   -0.166   
5650.770   -1.185   -31.785   33.690   -0.294   -0.511   -0.162   -0.165   
5649.885   -1.735   -31.940   33.545   -0.365   -0.514   -0.162   -0.175   
5649.045   -2.255   -32.090   33.410   -0.345   -0.513   -0.162   -0.181   
5648.185   -2.760   -32.240   33.250   -0.313   -0.510   -0.160   -0.176   
5647.335   -3.280   -32.390   33.105   -0.339   -0.511   -0.159   -0.177   
5651.850   -11.180   -32.540   32.955   -0.339   -0.515   -0.159   -0.178   
5651.195   -11.575   -32.660   32.840   -0.338   -0.516   -0.159   -0.176   
5644.950   -4.745   -32.810   32.690   -0.343   -0.520   -0.159   -0.177   
5644.110   -5.285   -32.960   32.545   -0.340   -0.521   -0.160   -0.177   
5643.265   -5.815   -33.110   32.395   -0.343   -0.518   -0.159   -0.177   
5642.420   -6.350   -33.260   32.245   -0.331   -0.526   -0.159   -0.184   
5641.575   -6.880   -33.410   32.085   -0.325   -0.524   -0.159   -0.180   
5640.765   -7.395   -33.555   31.940   -0.301   -0.510   -0.156   -0.186   
5639.965   -7.925   -33.700   31.780   -0.312   -0.505   -0.154   -0.189   
5644.870   -15.565   -33.815   31.645   -0.335   -0.521   -0.153   -0.191   
5638.525   -8.850   -33.955   31.495   -0.304   -0.512   -0.151   -0.191   
5637.720   -9.365   -34.100   31.340   -0.317   -0.507   -0.151   -0.190   
5636.940   -9.880   -34.240   31.170   -0.328   -0.508   -0.150   -0.190   
5636.150   -10.400   -34.385   31.010   -0.273   -0.515   -0.151   -0.190   
5635.350   -10.945   -34.530   30.860   -0.342   -0.520   -0.152   -0.193   
5634.595   -11.430   -34.660   30.685   -0.271   -0.536   -0.153   -0.196   
5633.770   -11.985   -34.815   30.535   -0.302   -0.512   -0.152   -0.195   
5638.705   -19.625   -34.955   30.370   -0.304   -0.514   -0.150   -0.198   
5638.115   -20.010   -35.065   30.235   -0.265   -0.504   -0.148   -0.203   
5631.690   -13.405   -35.190   30.055   -0.282   -0.504   -0.146   -0.203   
5630.945   -13.910   -35.325   29.885   -0.335   -0.503   -0.145   -0.202   
5630.205   -14.405   -35.460   29.715   -0.319   -0.498   -0.144   -0.205   
5629.465   -14.910   -35.595   29.545   -0.320   -0.503   -0.143   -0.204   
5628.655   -15.475   -35.745   29.385   -0.329   -0.511   -0.145   -0.209   
5627.915   -15.985   -35.880   29.200   -0.302   -0.505   -0.146   -0.207   
5627.235   -16.465   -36.005   29.025   -0.279   -0.512   -0.144   -0.210   
5632.475   -23.890   -36.125   28.890   -0.298   -0.514   -0.144   -0.207   
5625.855   -17.430   -36.260   28.715   -0.279   -0.503   -0.144   -0.205   
5625.200   -17.910   -36.385   28.540   -0.262   -0.504   -0.142   -0.212   
5624.495   -18.395   -36.515   28.360   -0.226   -0.500   -0.140   -0.215   
5623.795   -18.885   -36.640   28.180   -0.249   -0.482   -0.138   -0.218   
5623.120   -19.390   -36.770   27.990   -0.267   -0.497   -0.136   -0.216   
5622.385   -19.915   -36.905   27.805   -0.273   -0.473   -0.134   -0.220   
5621.745   -20.380   -37.025   27.620   -0.328   -0.498   -0.135   -0.221   
5627.110   -27.725   -37.150   27.435   -0.253   -0.483   -0.136   -0.220   
5626.565   -28.115   -37.255   27.300   -0.281   -0.503   -0.136   -0.220   
5619.845   -21.780   -37.380   27.115   -0.273   -0.488   -0.136   -0.224   
5619.140   -22.280   -37.510   26.930   -0.270   -0.507   -0.135   -0.224   
5618.485   -22.770   -37.635   26.730   -0.248   -0.474   -0.134   -0.225   
5617.835   -23.260   -37.760   26.545   -0.282   -0.486   -0.132   -0.224   
5617.180   -23.740   -37.880   26.365   -0.241   -0.478   -0.131   -0.227   
5616.555   -24.215   -38.000   26.160   -0.267   -0.461   -0.127   -0.235   
5615.910   -24.700   -38.120   25.975   -0.276   -0.469   -0.127   -0.238   
5621.470   -31.885   -38.240   25.765   -0.254   -0.467   -0.126   -0.237   
5620.980   -32.255   -38.335   25.610   -0.222   -0.479   -0.125   -0.237   
5614.170   -26.020   -38.450   25.410   -0.222   -0.467   -0.125   -0.236   
5613.550   -26.500   -38.570   25.215   -0.264   -0.460   -0.125   -0.235   
5612.960   -26.935   -38.675   25.030   -0.266   -0.472   -0.126   -0.238   
5612.300   -27.445   -38.805   24.820   -0.231   -0.467   -0.125   -0.237   
5611.750   -27.885   -38.910   24.620   -0.261   -0.462   -0.125   -0.240   
5611.085   -28.400   -39.040   24.420   -0.225   -0.468   -0.123   -0.245   
5610.530   -28.830   -39.145   24.215   -0.245   -0.464   -0.125   -0.246   
5616.405   -35.775   -39.230   24.050   -0.216   -0.431   -0.119   -0.249   
5609.495   -29.645   -39.345   23.840   -0.678   -0.452   -0.117   -0.248   
5608.945   -30.080   -39.450   23.635   -0.239   -0.427   -0.118   -0.250   
5608.325   -30.560   -39.570   23.415   -0.217   -0.443   -0.115   -0.251   
5607.805   -30.975   -39.670   23.215   -0.227   -0.436   -0.115   -0.250   
5607.260   -31.420   -39.775   23.010   -0.230   -0.442   -0.115   -0.250   
5606.690   -31.885   -39.885   22.800   -0.229   -0.444   -0.115   -0.252   
5606.120   -32.335   -39.995   22.575   -0.251   -0.454   -0.118   -0.255   
5611.990   -39.270   -40.105   22.360   -0.270   -0.443   -0.118   -0.258   
5611.565   -39.600   -40.190   22.190   -0.227   -0.439   -0.115   -0.257   
5604.565   -33.575   -40.300   21.975   -0.169   -0.440   -0.113   -0.258   
5604.055   -33.995   -40.400   21.755   -0.169   -0.419   -0.111   -0.263   
5603.545   -34.410   -40.500   21.540   -0.212   -0.403   -0.107   -0.261   
5603.055   -34.810   -40.595   21.320   -0.185   -0.398   -0.104   -0.262   
5602.550   -35.225   -40.695   21.100   -0.226   -0.403   -0.103   -0.264   
5602.065   -35.630   -40.790   20.880   -0.207   -0.408   -0.104   -0.264   
5601.555   -36.050   -40.890   20.655   -0.216   -0.402   -0.103   -0.268   
5607.715   -42.750   -40.970   20.475   -0.217   -0.423   -0.106   -0.272   
5600.650   -36.815   -41.070   20.250   -0.605   -0.412   -0.106   -0.272   
5600.175   -37.210   -41.165   20.025   -0.189   -0.402   -0.104   -0.269   
5599.735   -37.575   -41.250   19.815   -0.197   -0.404   -0.102   -0.270   
5599.190   -38.025   -41.355   19.580   -0.167   -0.392   -0.101   -0.266   
5598.750   -38.415   -41.445   19.350   -0.152   -0.366   -0.097   -0.276   
5598.375   -38.740   -41.520   19.125   -0.150   -0.363   -0.094   -0.276   
5597.920   -39.120   -41.610   18.890   -0.183   -0.378   -0.093   -0.275   
5604.055   -45.800   -41.710   18.650   -0.196   -0.371   -0.095   -0.279   
5603.725   -46.090   -41.780   18.475   -0.181   -0.367   -0.093   -0.279   
5596.635   -40.205   -41.865   18.240   -0.166   -0.354   -0.091   -0.284   
5596.260   -40.520   -41.940   17.995   -0.159   -0.371   -0.091   -0.282   
5595.770   -40.945   -42.040   17.770   -0.182   -0.375   -0.092   -0.280   
5595.385   -41.285   -42.115   17.540   -0.165   -0.367   -0.093   -0.280   
5594.960   -41.650   -42.200   17.290   -0.174   -0.363   -0.093   -0.283   
5594.540   -42.025   -42.290   17.050   -0.199   -0.364   -0.091   -0.288   
5594.155   -42.360   -42.365   16.820   -0.134   -0.330   -0.088   -0.293   
5600.580   -48.790   -42.430   16.615   -0.153   -0.338   -0.084   -0.290   
5593.460   -42.945   -42.505   16.370   -0.148   -0.314   -0.081   -0.292   
5593.085   -43.270   -42.580   16.130   -0.125   -0.324   -0.079   -0.290   
5592.725   -43.610   -42.655   15.885   -0.140   -0.323   -0.079   -0.291   
5592.360   -43.935   -42.730   15.640   -0.147   -0.322   -0.080   -0.291   
5591.980   -44.260   -42.805   15.395   -0.158   -0.323   -0.080   -0.296   
5591.610   -44.575   -42.880   15.160   -0.147   -0.322   -0.080   -0.298   
5591.250   -44.915   -42.955   14.900   -0.149   -0.323   -0.080   -0.295   
5597.720   -51.310   -43.025   14.655   -0.125   -0.306   -0.078   -0.296   
5597.435   -51.550   -43.085   14.455   -0.158   -0.312   -0.076   -0.299   
5590.280   -45.780   -43.150   14.210   -0.095   -0.303   -0.074   -0.294   
5589.960   -46.060   -43.215   13.960   -0.061   -0.271   -0.069   -0.298   
5589.700   -46.275   -43.265   13.710   -0.116   -0.278   -0.067   -0.303   
5589.350   -46.600   -43.340   13.460   -0.103   -0.267   -0.066   -0.301   
5589.090   -46.840   -43.390   13.195   -0.139   -0.271   -0.066   -0.305   
5588.770   -47.125   -43.455   12.950   -0.145   -0.286   -0.068   -0.306   
5588.435   -47.435   -43.530   12.695   -0.121   -0.268   -0.068   -0.303   
5595.055   -53.685   -43.580   12.440   -0.094   -0.270   -0.066   -0.304   
5587.890   -47.920   -43.640   12.230   -0.112   -0.267   -0.066   -0.305   
5587.645   -48.160   -43.690   11.985   -0.123   -0.267   -0.065   -0.306   
5587.340   -48.415   -43.750   11.725   -0.112   -0.275   -0.065   -0.311   
5587.065   -48.665   -43.810   11.465   -0.106   -0.249   -0.064   -0.314   
5586.815   -48.915   -43.860   11.205   -0.100   -0.219   -0.059   -0.313   
5586.560   -49.145   -43.915   10.945   -0.109   -0.243   -0.056   -0.313   
5586.340   -49.350   -43.960   10.685   -0.072   -0.191   -0.052   -0.314   
5586.110   -49.570   -44.010   10.420   -0.117   -0.219   -0.050   -0.314   
5592.850   -55.690   -44.050   10.215   -0.130   -0.225   -0.054   -0.314   
5585.675   -49.970   -44.100   9.940   -0.091   -0.216   -0.053   -0.314   
5585.460   -50.170   -44.145   9.675   -0.077   -0.197   -0.050   -0.316   
5585.200   -50.390   -44.195   9.425   -0.110   -0.214   -0.050   -0.318   
5584.975   -50.610   -44.245   9.150   -0.123   -0.223   -0.054   -0.314   
5584.745   -50.815   -44.290   8.885   -0.057   -0.197   -0.049   -0.315   
5584.550   -50.990   -44.330   8.620   -0.049   -0.195   -0.047   -0.317   
5584.360   -51.180   -44.370   8.355   -0.070   -0.158   -0.042   -0.316   
5591.220   -57.195   -44.395   8.090   -0.064   -0.178   -0.040   -0.318   
5591.040   -57.365   -44.435   7.885   -0.056   -0.163   -0.038   -0.323   
5583.920   -51.580   -44.460   7.605   -0.076   -0.169   -0.038   -0.326   
5583.740   -51.735   -44.495   7.335   -0.068   -0.163   -0.038   -0.321   
5583.595   -51.905   -44.530   7.080   -0.068   -0.160   -0.038   -0.322   
5583.415   -52.060   -44.570   6.800   -0.092   -0.158   -0.038   -0.323   
5583.250   -52.220   -44.605   6.530   -0.078   -0.148   -0.038   -0.322   
5583.080   -52.385   -44.640   6.275   -0.081   -0.145   -0.037   -0.321   
5582.940   -52.520   -44.670   6.005   -0.050   -0.124   -0.035   -0.324   
5589.845   -58.475   -44.695   5.775   -0.039   -0.138   -0.033   -0.327   
5582.700   -52.735   -44.720   5.505   -0.144   -0.110   -0.031   -0.325   
5582.600   -52.825   -44.740   5.245   -0.053   -0.088   -0.026   -0.328   
5582.480   -52.945   -44.765   4.960   -0.060   -0.099   -0.023   -0.327   
5582.390   -53.030   -44.785   4.690   -0.034   -0.098   -0.023   -0.327   
5582.290   -53.130   -44.805   4.415   -0.028   -0.098   -0.022   -0.327   
5582.215   -53.180   -44.815   4.145   -0.091   -0.097   -0.024   -0.328   
5582.070   -53.320   -44.850   3.870   -0.042   -0.093   -0.022   -0.325   
5589.030   -59.240   -44.870   3.595   -0.043   -0.098   -0.023   -0.331   
5588.980   -59.275   -44.875   3.390   -0.050   -0.085   -0.023   -0.329   
5581.820   -53.580   -44.905   3.105   0.007   -0.077   -0.020   -0.323   
5581.730   -53.655   -44.920   2.830   -0.003   -0.069   -0.018   -0.330   
5581.715   -53.660   -44.920   2.555   -0.027   -0.048   -0.015   -0.333   
5581.670   -53.700   -44.930   2.280   -0.027   -0.052   -0.012   -0.329   
5581.595   -53.785   -44.950   2.005   -0.007   -0.039   -0.010   -0.330   
5581.595   -53.780   -44.950   1.730   -0.034   -0.043   -0.009   -0.330   
5581.560   -53.810   -44.955   1.455   -0.010   -0.026   -0.009   -0.330   
5588.595   -59.645   -44.960   1.235   0.015   -0.031   -0.007   -0.330   
5581.500   -53.870   -44.970   0.960   0.005   -0.031   -0.008   -0.330   
5581.465   -53.900   -44.975   0.685   -0.027   -0.026   -0.008   -0.330   
5581.430   -53.935   -44.985   0.410   -0.017   -0.033   -0.007   -0.330   
5581.410   -53.955   -44.990   0.150   0.029   -0.016   -0.006   -0.330   
5581.410   -53.955   -44.990   -0.135   -0.002   -0.005   -0.004   -0.324   
5581.465   -53.905   -44.975   -0.410   0.026   0.006   -0.001   -0.330   
5581.485   -53.885   -44.970   -0.685   0.019   0.024   0.004   -0.333   
5588.530   -59.710   -44.975   -0.960   0.029   0.033   0.007   -0.330   
5588.555   -59.690   -44.970   -1.180   0.037   0.042   0.006   -0.330   
5581.580   -53.780   -44.950   -1.455   0.024   0.042   0.008   -0.330   
5581.565   -53.810   -44.955   -1.730   0.014   0.038   0.008   -0.330   
5581.665   -53.715   -44.935   -2.005   0.011   0.034   0.007   -0.330   
5581.640   -53.745   -44.940   -2.280   0.020   0.037   0.008   -0.330   
5581.720   -53.655   -44.920   -2.555   0.002   0.045   0.007   -0.330   
5581.780   -53.610   -44.910   -2.830   0.022   0.040   0.009   -0.330   
5581.780   -53.605   -44.910   -3.105   0.043   0.060   0.011   -0.330   
5588.950   -59.310   -44.885   -3.325   0.027   0.077   0.015   -0.330   
5581.975   -53.420   -44.870   -3.600   0.066   0.086   0.018   -0.330   
5582.080   -53.315   -44.850   -3.870   0.043   0.087   0.020   -0.324   
5582.165   -53.235   -44.830   -4.145   0.019   0.098   0.021   -0.326   
5582.230   -53.180   -44.815   -4.415   0.085   0.105   0.023   -0.330   
5582.385   -53.035   -44.785   -4.690   0.028   0.090   0.023   -0.324   
5582.480   -52.935   -44.765   -4.950   0.034   0.094   0.023   -0.332   
5582.580   -52.845   -44.740   -5.235   0.063   0.096   0.023   -0.324   
5589.725   -58.590   -44.720   -5.510   0.067   0.089   0.023   -0.330   
5589.820   -58.505   -44.700   -5.725   0.059   0.121   0.024   -0.326   
5582.905   -52.540   -44.675   -5.980   0.055   0.111   0.027   -0.318   
5583.055   -52.405   -44.645   -6.250   0.068   0.131   0.029   -0.325   
5583.210   -52.245   -44.610   -6.520   0.088   0.142   0.034   -0.327   
5583.390   -52.100   -44.575   -6.800   0.066   0.161   0.036   -0.323   
5583.535   -51.945   -44.540   -7.070   0.066   0.162   0.037   -0.324   
5583.715   -51.775   -44.505   -7.340   0.088   0.161   0.038   -0.323   
5583.885   -51.620   -44.470   -7.610   0.084   0.156   0.038   -0.322   
5591.105   -57.290   -44.420   -7.865   0.086   0.147   0.038   -0.323   
5591.185   -57.235   -44.405   -8.080   0.080   0.148   0.037   -0.322   
5584.410   -51.110   -44.355   -8.360   0.088   0.155   0.038   -0.321   
5584.555   -50.995   -44.330   -8.615   0.082   0.161   0.039   -0.321   
5584.795   -50.785   -44.280   -8.895   0.084   0.179   0.040   -0.321   
5585.000   -50.590   -44.240   -9.160   0.105   0.175   0.043   -0.318   
5585.205   -50.380   -44.195   -9.425   0.134   0.210   0.046   -0.315   
5585.465   -50.160   -44.145   -9.685   0.125   0.207   0.049   -0.312   
5585.680   -49.960   -44.100   -9.935   0.075   0.206   0.049   -0.310   
5592.805   -55.735   -44.060   -10.145   0.057   0.222   0.050   -0.313   
5586.100   -49.570   -44.010   -10.405   0.295   0.219   0.053   -0.313   
5586.340   -49.350   -43.960   -10.680   0.093   0.219   0.053   -0.313   
5586.600   -49.125   -43.910   -10.930   0.102   0.217   0.053   -0.316   
5586.825   -48.905   -43.860   -11.205   0.108   0.219   0.053   -0.315   
5587.055   -48.670   -43.810   -11.455   0.094   0.220   0.053   -0.311   
5587.320   -48.450   -43.760   -11.710   0.098   0.220   0.053   -0.310   
5587.640   -48.155   -43.690   -11.970   0.119   0.242   0.055   -0.309   
5587.925   -47.885   -43.630   -12.235   0.130   0.263   0.062   -0.308   
5588.225   -47.635   -43.570   -12.480   0.094   0.263   0.063   -0.307   
5588.535   -47.340   -43.505   -12.735   0.115   0.281   0.065   -0.307   
5588.780   -47.120   -43.455   -12.990   0.116   0.282   0.068   -0.306   
5589.145   -46.785   -43.380   -13.245   0.085   0.270   0.066   -0.307   
5596.235   -52.610   -43.330   -13.450   0.115   0.271   0.066   -0.305   
5589.635   -46.350   -43.280   -13.700   0.363   0.271   0.066   -0.300   
5590.000   -46.020   -43.205   -13.955   0.122   0.270   0.066   -0.301   
5590.320   -45.730   -43.140   -14.205   0.138   0.277   0.067   -0.304   
5590.640   -45.455   -43.075   -14.455   0.124   0.284   0.068   -0.301   
5590.965   -45.150   -43.010   -14.710   0.104   0.288   0.070   -0.304   
5591.335   -44.820   -42.935   -14.960   0.161   0.328   0.074   -0.302   
5591.695   -44.525   -42.865   -15.205   0.143   0.304   0.076   -0.291   
5598.850   -50.310   -42.790   -15.435   0.146   0.328   0.076   -0.290   
5592.350   -43.935   -42.730   -15.645   0.157   0.322   0.079   -0.294   
5592.715   -43.610   -42.655   -15.875   0.140   0.319   0.079   -0.293   
5593.090   -43.285   -42.580   -16.120   0.152   0.320   0.080   -0.293   
5593.470   -42.950   -42.505   -16.375   0.162   0.322   0.080   -0.293   
5593.845   -42.625   -42.430   -16.620   0.159   0.322   0.080   -0.293   
5594.225   -42.290   -42.350   -16.850   0.165   0.333   0.081   -0.293   
5594.610   -41.955   -42.275   -17.100   0.156   0.346   0.083   -0.283   
5594.995   -41.625   -42.195   -17.325   0.153   0.323   0.081   -0.283   
5602.075   -47.485   -42.115   -17.515   0.218   0.374   0.086   -0.286   
5595.815   -40.910   -42.030   -17.755   0.192   0.368   0.091   -0.283   
5596.195   -40.595   -41.955   -17.990   0.172   0.380   0.091   -0.282   
5596.670   -40.160   -41.855   -18.225   0.181   0.369   0.093   -0.282   
5597.055   -39.830   -41.780   -18.460   0.159   0.367   0.093   -0.283   
5597.555   -39.420   -41.680   -18.690   0.171   0.371   0.093   -0.283   
5597.985   -39.045   -41.595   -18.935   0.154   0.352   0.091   -0.280   
5598.360   -38.730   -41.520   -19.160   0.175   0.371   0.091   -0.280   
5605.470   -44.615   -41.420   -19.390   0.205   0.370   0.093   -0.277   
5605.775   -44.355   -41.360   -19.575   0.196   0.373   0.093   -0.277   
5599.695   -37.615   -41.260   -19.805   0.197   0.388   0.095   -0.276   
5600.175   -37.215   -41.165   -20.035   0.222   0.393   0.098   -0.274   
5600.660   -36.800   -41.065   -20.260   0.196   0.418   0.101   -0.273   
5601.150   -36.380   -40.970   -20.480   0.195   0.389   0.103   -0.265   
5601.665   -35.970   -40.870   -20.705   0.179   0.426   0.104   -0.264   
5602.165   -35.535   -40.770   -20.925   0.190   0.412   0.106   -0.265   
5602.655   -35.150   -40.675   -21.145   0.191   0.396   0.104   -0.264   
5609.560   -41.230   -40.595   -21.325   0.206   0.410   0.103   -0.268   
5603.570   -34.395   -40.495   -21.545   0.240   0.416   0.105   -0.264   
5604.070   -33.980   -40.395   -21.765   0.200   0.407   0.106   -0.265   
5604.595   -33.560   -40.295   -21.985   0.202   0.418   0.106   -0.265   
5605.110   -33.150   -40.195   -22.205   0.211   0.413   0.106   -0.261   
5605.650   -32.710   -40.090   -22.405   0.227   0.426   0.109   -0.257   
5606.185   -32.260   -39.985   -22.620   0.215   0.423   0.111   -0.252   
5606.780   -31.795   -39.865   -22.840   0.182   0.443   0.111   -0.252   
5613.690   -37.920   -39.770   -23.050   0.239   0.442   0.115   -0.252   
5614.130   -37.560   -39.680   -23.205   0.219   0.440   0.116   -0.251   
5608.370   -30.530   -39.560   -23.415   0.213   0.449   0.116   -0.254   
5608.940   -30.090   -39.450   -23.625   0.239   0.436   0.115   -0.254   
5609.455   -29.680   -39.355   -23.835   0.193   0.449   0.116   -0.254   
5610.025   -29.230   -39.245   -24.045   0.193   0.436   0.116   -0.254   
5610.650   -28.730   -39.120   -24.250   0.242   0.438   0.117   -0.248   
5611.170   -28.330   -39.020   -24.455   0.238   0.454   0.119   -0.243   
5611.775   -27.850   -38.905   -24.655   0.262   0.458   0.120   -0.242   
5618.575   -34.075   -38.800   -24.815   0.268   0.469   0.122   -0.239   
5612.880   -27.005   -38.695   -25.015   0.268   0.459   0.124   -0.240   
5613.505   -26.520   -38.575   -25.215   0.238   0.483   0.125   -0.240   
5614.190   -26.010   -38.445   -25.415   0.208   0.468   0.126   -0.240   
5614.800   -25.535   -38.330   -25.610   0.249   0.457   0.126   -0.237   
5615.450   -25.055   -38.210   -25.810   0.274   0.478   0.126   -0.234   
5616.060   -24.585   -38.090   -26.000   0.235   0.459   0.126   -0.231   
5616.675   -24.130   -37.975   -26.195   0.206   0.452   0.122   -0.229   
5617.295   -23.655   -37.855   -26.375   0.231   0.470   0.123   -0.233   
5623.950   -30.040   -37.760   -26.530   0.230   0.470   0.127   -0.230   
5618.450   -22.790   -37.640   -26.720   0.783   0.475   0.128   -0.230   
5619.140   -22.280   -37.510   -26.910   0.308   0.495   0.131   -0.227   
5619.830   -21.790   -37.385   -27.110   0.290   0.499   0.136   -0.226   
5620.515   -21.280   -37.255   -27.285   0.258   0.486   0.135   -0.226   
5621.170   -20.790   -37.130   -27.470   0.265   0.496   0.136   -0.224   
5621.890   -20.280   -37.000   -27.665   0.274   0.492   0.135   -0.219   
5622.535   -19.805   -36.875   -27.840   0.279   0.484   0.135   -0.219   
5629.225   -26.195   -36.745   -28.020   0.269   0.481   0.133   -0.220   
5623.800   -18.910   -36.645   -28.170   0.290   0.499   0.137   -0.220   
5624.470   -18.420   -36.515   -28.350   0.284   0.481   0.136   -0.220   
5625.175   -17.910   -36.385   -28.535   0.299   0.504   0.136   -0.219   
5625.895   -17.410   -36.255   -28.715   0.299   0.502   0.139   -0.217   
5626.615   -16.895   -36.120   -28.890   0.326   0.509   0.142   -0.213   
5627.355   -16.380   -35.985   -29.065   0.298   0.495   0.143   -0.208   
5628.160   -15.825   -35.835   -29.235   0.318   0.507   0.144   -0.205   
5628.850   -15.350   -35.710   -29.410   0.330   0.513   0.147   -0.205   
5635.315   -21.925   -35.590   -29.545   0.320   0.509   0.145   -0.205   
5630.235   -14.385   -35.455   -29.715   0.882   0.501   0.143   -0.204   
5630.925   -13.920   -35.330   -29.890   0.285   0.509   0.143   -0.207   
5631.655   -13.415   -35.195   -30.060   0.276   0.507   0.144   -0.205   
5632.495   -12.860   -35.045   -30.230   0.269   0.507   0.145   -0.204   
5633.190   -12.385   -34.920   -30.400   0.312   0.505   0.146   -0.203   
5634.000   -11.835   -34.770   -30.565   0.298   0.507   0.145   -0.200   
5634.775   -11.310   -34.630   -30.730   0.318   0.504   0.147   -0.193   
5641.210   -17.950   -34.490   -30.880   0.288   0.504   0.148   -0.195   
5641.810   -17.560   -34.380   -31.020   0.299   0.518   0.149   -0.193   
5636.970   -9.860   -34.235   -31.180   0.379   0.516   0.152   -0.188   
5637.760   -9.340   -34.090   -31.340   0.317   0.511   0.151   -0.190   
5638.570   -8.825   -33.950   -31.490   0.324   0.512   0.151   -0.190   
5639.360   -8.300   -33.805   -31.650   0.340   0.515   0.152   -0.190   
5640.120   -7.815   -33.670   -31.810   0.278   0.515   0.153   -0.192   
5640.970   -7.260   -33.515   -31.965   0.334   0.514   0.152   -0.191   
5647.290   -14.020   -33.370   -32.120   0.332   0.503   0.152   -0.186   
5647.920   -13.615   -33.255   -32.245   0.317   0.514   0.154   -0.186   
5644.110   -5.270   -32.960   -32.545   0.375   0.512   0.157   -0.178   
5644.950   -4.755   -32.810   -32.695   0.376   0.528   0.158   -0.179   
5645.805   -4.220   -32.660   -32.840   0.315   0.518   0.159   -0.177   
5646.650   -3.705   -32.510   -32.990   0.324   0.520   0.159   -0.174   
5647.505   -3.185   -32.360   -33.140   0.343   0.513   0.159   -0.181   
5648.365   -2.675   -32.210   -33.285   0.343   0.512   0.160   -0.175   
5654.505   -9.560   -32.060   -33.430   0.340   0.513   0.159   -0.170   
5655.160   -9.175   -31.945   -33.545   0.313   0.492   0.156   -0.173   
5650.745   -1.215   -31.790   -33.690   0.373   0.515   0.157   -0.174   
5651.600   -0.700   -31.640   -33.820   0.363   0.521   0.162   -0.172   
5652.510   -0.185   -31.485   -33.970   0.345   0.511   0.162   -0.166   
5653.375   0.360   -31.330   -34.110   0.362   0.523   0.164   -0.164   
5654.280   0.885   -31.175   -34.235   0.344   0.519   0.165   -0.166   
5655.185   1.410   -31.015   -34.385   0.380   0.513   0.166   -0.164   
5656.085   1.940   -30.860   -34.510   0.362   0.525   0.167   -0.162   
5662.085   -5.100   -30.705   -34.645   0.334   0.510   0.166   -0.160   
5657.695   2.860   -30.580   -34.750   0.395   0.506   0.166   -0.162   
5658.665   3.410   -30.410   -34.885   0.384   0.503   0.165   -0.163   
5659.500   3.905   -30.265   -35.020   0.366   0.507   0.165   -0.163   
5660.430   4.405   -30.110   -35.155   0.357   0.511   0.166   -0.160   
5661.345   4.910   -29.950   -35.285   0.400   0.509   0.168   -0.159   
5662.275   5.440   -29.790   -35.415   0.407   0.515   0.169   -0.157   
5663.300   6.000   -29.615   -35.545   0.394   0.518   0.171   -0.154   
5669.140   -1.160   -29.455   -35.670   0.393   0.498   0.171   -0.152   
5669.820   -0.795   -29.340   -35.770   0.342   0.507   0.170   -0.149   
5665.915   7.435   -29.165   -35.885   0.379   0.498   0.171   -0.154   
5666.805   7.910   -29.015   -36.020   0.399   0.510   0.171   -0.148   
5667.760   8.415   -28.855   -36.145   0.365   0.502   0.171   -0.149   
5668.765   8.965   -28.680   -36.270   0.414   0.507   0.171   -0.153   
5669.670   9.445   -28.530   -36.395   0.412   0.499   0.173   -0.149   
5670.695   9.980   -28.355   -36.515   0.385   0.499   0.172   -0.145   
5671.580   10.445   -28.205   -36.635   0.392   0.496   0.172   -0.143   
5677.140   3.080   -28.060   -36.730   0.393   0.504   0.174   -0.144   
5678.105   3.570   -27.895   -36.835   0.419   0.494   0.176   -0.136   
5674.410   11.900   -27.730   -36.950   0.347   0.498   0.175   -0.138   
5675.320   12.355   -27.575   -37.075   0.363   0.497   0.175   -0.137   
5676.390   12.895   -27.400   -37.190   0.397   0.499   0.176   -0.136   
5677.390   13.395   -27.230   -37.290   0.423   0.496   0.177   -0.137   
5678.380   13.895   -27.065   -37.415   0.402   0.494   0.178   -0.132   
5679.390   14.395   -26.895   -37.530   0.407   0.491   0.177   -0.138   
5684.825   6.930   -26.740   -37.630   0.345   0.484   0.176   -0.136   
5685.650   7.325   -26.595   -37.730   0.407   0.483   0.177   -0.133   
5682.135   15.730   -26.440   -37.840   1.202   0.479   0.177   -0.133   
5683.180   16.235   -26.265   -37.940   0.411   0.476   0.177   -0.129   
5684.210   16.735   -26.095   -38.045   0.431   0.482   0.178   -0.125   
5685.255   17.215   -25.920   -38.150   0.466   0.487   0.180   -0.125   
5686.305   17.710   -25.750   -38.255   0.398   0.484   0.182   -0.125   
5687.310   18.190   -25.580   -38.365   0.368   0.478   0.182   -0.123   
5688.345   18.670   -25.410   -38.460   0.363   0.476   0.181   -0.123   
5693.615   11.070   -25.245   -38.565   0.466   0.477   0.182   -0.124   
5694.475   11.470   -25.100   -38.645   0.395   0.469   0.182   -0.123   
5691.275   20.010   -24.930   -38.745   0.384   0.471   0.182   -0.120   
5692.275   20.455   -24.765   -38.845   0.491   0.467   0.182   -0.119   
5693.380   20.955   -24.585   -38.945   0.399   0.459   0.181   -0.120   
5694.455   21.430   -24.410   -39.045   0.429   0.466   0.183   -0.120   
5695.500   21.880   -24.240   -39.140   0.424   0.457   0.185   -0.115   
5696.575   22.335   -24.065   -39.235   0.442   0.458   0.182   -0.111   
5697.675   22.825   -23.885   -39.315   0.479   0.474   0.187   -0.114   
5702.560   15.020   -23.745   -39.390   0.427   0.454   0.188   -0.111   
5699.610   23.640   -23.570   -39.495   0.384   0.454   0.185   -0.113   
5700.690   24.115   -23.395   -39.590   0.425   0.455   0.186   -0.114   
5701.765   24.565   -23.220   -39.670   0.440   0.443   0.185   -0.112   
5702.850   25.015   -23.045   -39.775   0.433   0.444   0.185   -0.111   
5703.935   25.455   -22.870   -39.855   0.433   0.444   0.186   -0.113   
5705.015   25.900   -22.695   -39.945   0.423   0.441   0.186   -0.108   
5706.115   26.345   -22.515   -40.045   0.445   0.436   0.186   -0.107   
5711.015   18.510   -22.340   -40.120   0.465   0.443   0.189   -0.105   
5711.890   18.860   -22.195   -40.200   0.469   0.438   0.191   -0.104   
5709.235   27.590   -22.015   -40.275   0.443   0.436   0.189   -0.100   
5710.405   28.050   -21.825   -40.355   0.416   0.432   0.189   -0.098   
5711.455   28.455   -21.660   -40.450   0.456   0.432   0.190   -0.100   
5712.585   28.885   -21.480   -40.525   0.482   0.426   0.191   -0.100   
5713.700   29.315   -21.300   -40.605   0.447   0.418   0.190   -0.100   
5714.870   29.770   -21.110   -40.700   0.387   0.415   0.188   -0.100   
5715.935   30.160   -20.945   -40.770   0.468   0.418   0.189   -0.100   
5720.390   22.110   -20.800   -40.835   0.481   0.413   0.191   -0.096   
5717.970   30.905   -20.620   -40.920   0.479   0.410   0.192   -0.097   
5719.105   31.320   -20.440   -40.995   0.439   0.411   0.191   -0.094   
5720.250   31.735   -20.260   -41.070   0.415   0.408   0.190   -0.088   
5721.450   32.160   -20.065   -41.145   0.426   0.401   0.192   -0.089   
5722.525   32.550   -19.895   -41.220   0.454   0.399   0.193   -0.090   
5723.680   32.955   -19.715   -41.295   0.456   0.412   0.193   -0.090   
5724.885   33.375   -19.520   -41.370   0.466   0.388   0.192   -0.090   
5729.300   25.275   -19.350   -41.430   0.462   0.389   0.193   -0.090   
5730.195   25.580   -19.205   -41.500   0.414   0.393   0.193   -0.084   
5728.125   34.485   -19.010   -41.575   0.423   0.388   0.192   -0.087   
5729.235   34.855   -18.840   -41.635   0.513   0.381   0.194   -0.093   
5730.415   35.235   -18.655   -41.720   0.446   0.388   0.195   -0.083   
5731.575   35.615   -18.470   -41.775   0.465   0.370   0.197   -0.083   
5732.805   36.020   -18.275   -41.855   0.478   0.372   0.194   -0.080   
5733.980   36.395   -18.090   -41.920   0.473   0.380   0.195   -0.078   
5735.190   36.770   -17.905   -41.985   0.469   0.364   0.195   -0.077   
5739.390   28.555   -17.720   -42.040   0.410   0.374   0.195   -0.079   
5737.225   37.405   -17.585   -42.105   0.441   0.363   0.196   -0.080   
5738.405   37.770   -17.400   -42.170   0.537   0.360   0.195   -0.076   
5739.585   38.130   -17.220   -42.235   0.488   0.357   0.195   -0.078   
5740.770   38.485   -17.035   -42.290   0.473   0.345   0.194   -0.080   
5741.935   38.840   -16.850   -42.365   0.503   0.348   0.196   -0.075   
5743.125   39.195   -16.665   -42.415   0.496   0.349   0.197   -0.073   
5744.405   39.560   -16.465   -42.475   0.552   0.344   0.197   -0.075   
5748.410   31.240   -16.280   -42.535   0.485   0.340   0.198   -0.071   
5749.340   31.505   -16.130   -42.585   0.483   0.340   0.197   -0.071   
5747.715   40.505   -15.955   -42.650   0.504   0.331   0.199   -0.067   
5749.010   40.855   -15.755   -42.695   0.493   0.333   0.199   -0.067   
5750.140   41.175   -15.580   -42.755   0.484   0.328   0.199   -0.066   
5751.440   41.520   -15.380   -42.810   0.484   0.328   0.199   -0.066   
5752.580   41.815   -15.205   -42.875   0.492   0.322   0.198   -0.068   
5753.855   42.175   -15.005   -42.920   0.474   0.320   0.199   -0.069   
5755.000   42.470   -14.830   -42.975   0.482   0.312   0.199   -0.067   
5758.830   34.060   -14.630   -43.030   0.502   0.308   0.199   -0.066   
5759.780   34.280   -14.480   -43.075   0.491   0.309   0.198   -0.065   
5758.415   43.340   -14.305   -43.125   0.488   0.303   0.199   -0.060   
5759.665   43.640   -14.115   -43.175   0.520   0.303   0.201   -0.058   
5760.945   43.960   -13.915   -43.225   0.491   0.296   0.200   -0.060   
5762.110   44.230   -13.740   -43.275   0.464   0.290   0.199   -0.060   
5763.335   44.530   -13.550   -43.320   0.517   0.288   0.200   -0.055   
5764.645   44.825   -13.350   -43.370   0.489   0.286   0.201   -0.056   
5765.900   45.115   -13.160   -43.420   0.501   0.278   0.200   -0.064   
5769.120   36.510   -13.010   -43.460   0.503   0.281   0.200   -0.060   
5768.100   45.625   -12.820   -43.505   0.477   0.280   0.201   -0.054   
5769.345   45.905   -12.630   -43.550   0.517   0.270   0.201   -0.053   
5770.590   46.150   -12.440   -43.595   0.478   0.273   0.200   -0.055   
5771.840   46.420   -12.250   -43.640   0.453   0.262   0.200   -0.050   
5773.085   46.695   -12.060   -43.680   0.458   0.262   0.201   -0.048   
5774.365   46.955   -11.870   -43.710   0.461   0.254   0.201   -0.051   
5775.600   47.210   -11.680   -43.750   0.463   0.254   0.201   -0.048   
5778.795   38.570   -11.500   -43.805   0.495   0.249   0.202   -0.051   
5779.835   38.770   -11.335   -43.835   0.512   0.249   0.203   -0.050   
5779.125   47.915   -11.145   -43.865   0.468   0.242   0.202   -0.048   
5780.365   48.160   -10.955   -43.905   0.476   0.241   0.201   -0.050   
5781.560   48.365   -10.775   -43.945   0.481   0.236   0.202   -0.050   
5782.835   48.595   -10.585   -43.995   0.512   0.233   0.203   -0.048   
5784.170   48.840   -10.385   -44.020   0.547   0.228   0.203   -0.045   
5785.440   49.070   -10.190   -44.055   0.531   0.222   0.202   -0.044   
5786.690   49.290   -10.000   -44.090   0.488   0.220   0.203   -0.043   
5789.375   40.515   -9.855   -44.120   0.513   0.215   0.204   -0.041   
5788.975   49.670   -9.655   -44.150   0.469   0.214   0.204   -0.040   
5790.275   49.885   -9.460   -44.195   0.528   0.206   0.203   -0.040   
5791.465   50.080   -9.280   -44.220   0.484   0.207   0.203   -0.040   
5792.825   50.295   -9.075   -44.260   0.513   0.202   0.204   -0.038   
5794.095   50.485   -8.885   -44.285   0.522   0.200   0.205   -0.038   
5795.320   50.680   -8.700   -44.325   0.537   0.189   0.204   -0.039   
5796.665   50.885   -8.500   -44.345   0.463   0.193   0.205   -0.038   
5799.325   42.060   -8.315   -44.380   0.557   0.184   0.205   -0.037   
5800.390   42.215   -8.150   -44.400   0.475   0.177   0.204   -0.034   
5800.255   51.385   -7.960   -44.425   0.471   0.179   0.204   -0.031   
5801.475   51.550   -7.775   -44.455   0.557   0.172   0.205   -0.033   
5802.810   51.730   -7.575   -44.480   0.439   0.169   0.205   -0.032   
5804.110   51.900   -7.380   -44.505   0.555   0.166   0.205   -0.029   
5805.325   52.055   -7.195   -44.530   0.520   0.163   0.205   -0.030   
5806.680   52.215   -6.995   -44.555   0.509   0.163   0.206   -0.030   
5807.980   52.370   -6.800   -44.580   0.577   0.151   0.205   -0.030   
5810.085   43.455   -6.655   -44.600   0.501   0.151   0.204   -0.030   
5810.300   52.645   -6.450   -44.625   0.525   0.144   0.205   -0.030   
5811.585   52.775   -6.260   -44.645   0.548   0.142   0.206   -0.026   
5812.890   52.925   -6.065   -44.665   0.514   0.135   0.206   -0.022   
5814.105   53.035   -5.880   -44.685   0.489   0.130   0.205   -0.024   
5815.470   53.180   -5.675   -44.705   0.529   0.132   0.205   -0.022   
5816.760   53.300   -5.485   -44.725   0.524   0.118   0.206   -0.024   
5818.075   53.425   -5.290   -44.730   0.521   0.119   0.205   -0.023   
5820.275   44.475   -5.095   -44.760   0.537   0.116   0.206   -0.020   
5821.275   44.575   -4.940   -44.775   0.548   0.114   0.206   -0.023   
5821.645   53.735   -4.755   -44.795   0.517   0.110   0.206   -0.023   
5823.010   53.850   -4.550   -44.810   0.492   0.103   0.205   -0.020   
5824.315   53.955   -4.355   -44.815   0.538   0.101   0.205   -0.019   
5825.610   54.035   -4.165   -44.830   0.487   0.096   0.206   -0.019   
5826.925   54.135   -3.970   -44.845   0.528   0.094   0.206   -0.018   
5828.215   54.230   -3.775   -44.870   0.517   0.086   0.206   -0.017   
5829.525   54.315   -3.580   -44.870   0.560   0.087   0.207   -0.016   
5831.425   45.300   -3.385   -44.880   0.536   0.076   0.207   -0.013   
5831.885   54.430   -3.230   -44.900   0.537   0.074   0.206   -0.013   
5833.195   54.515   -3.035   -44.900   0.530   0.072   0.207   -0.012   
5834.490   54.585   -2.840   -44.910   0.528   0.065   0.206   -0.013   
5835.740   54.650   -2.655   -44.925   0.516   0.066   0.207   -0.013   
5837.045   54.695   -2.460   -44.935   0.531   0.057   0.206   -0.014   
5838.415   54.765   -2.255   -44.940   0.523   0.054   0.206   -0.013   
5839.715   54.805   -2.065   -44.950   0.538   0.050   0.206   -0.010   
5841.015   54.840   -1.870   -44.965   0.563   0.045   0.207   -0.008   
5842.380   45.780   -1.710   -44.960   0.514   0.042   0.207   -0.005   
5843.375   54.925   -1.520   -44.965   1.558   0.037   0.206   -0.004   
5844.675   54.950   -1.325   -44.970   0.527   0.038   0.206   -0.006   
5845.985   54.980   -1.130   -44.975   0.520   0.032   0.207   -0.005   
5847.305   55.015   -0.935   -44.985   0.548   0.019   0.207   -0.003   
5848.615   55.025   -0.740   -44.980   0.530   0.023   0.206   -0.004   
5849.900   55.035   -0.545   -44.985   0.498   0.017   0.205   -0.004   
5851.130   55.045   -0.365   -44.995   0.472   0.014   0.204   -0.003   
5852.470   45.955   -0.170   -44.990   0.522   0.005   0.204   -0.003   
5853.560   45.960   -0.005   -44.990   0.511   0.004   0.206   -0.001   
5854.865   55.060   0.190   -44.990   0.512   -0.005   0.207   0.001   
5856.165   55.060   0.385   -44.990   0.516   -0.002   0.207   0.000   
5857.415   55.040   0.570   -44.985   0.507   -0.008   0.206   0.004   
5858.725   55.040   0.765   -44.970   0.517   -0.010   0.206   0.005   
5860.025   55.010   0.960   -44.980   0.545   -0.018   0.207   0.004   
5861.390   54.990   1.165   -44.975   0.503   -0.021   0.207   0.002   
5862.700   54.965   1.355   -44.975   0.527   -0.026   0.206   0.003   
5863.485   45.845   1.515   -44.970   0.560   -0.025   0.206   0.005   
5865.065   54.910   1.710   -44.955   0.534   -0.032   0.207   0.005   
5866.375   54.865   1.905   -44.950   0.474   -0.039   0.207   0.004   
5867.675   54.825   2.100   -44.955   0.484   -0.035   0.206   0.008   
5868.970   54.780   2.290   -44.950   0.465   -0.043   0.206   0.007   
5870.280   54.725   2.485   -44.940   0.499   -0.054   0.207   0.011   
5871.590   54.675   2.680   -44.930   0.527   -0.055   0.207   0.014   
5872.890   54.605   2.875   -44.920   0.522   -0.056   0.206   0.017   
5873.665   45.450   3.070   -44.895   0.498   -0.065   0.207   0.013   
5874.690   45.410   3.225   -44.900   0.523   -0.065   0.207   0.013   
5876.560   54.410   3.420   -44.875   0.536   -0.068   0.207   0.013   
5877.880   54.325   3.615   -44.865   0.510   -0.075   0.206   0.012   
5879.190   54.260   3.810   -44.865   0.511   -0.074   0.207   0.014   
5880.470   54.165   4.005   -44.855   0.525   -0.084   0.207   0.013   
5881.705   54.105   4.190   -44.830   0.511   -0.085   0.206   0.013   
5883.010   53.985   4.385   -44.815   0.518   -0.097   0.206   0.017   
5884.390   53.900   4.590   -44.810   0.524   -0.089   0.207   0.020   
5884.605   44.745   4.745   -44.785   0.519   -0.100   0.206   0.021   
5886.725   53.705   4.940   -44.770   0.558   -0.101   0.206   0.023   
5888.025   53.590   5.130   -44.760   0.503   -0.106   0.206   0.021   
5889.330   53.475   5.325   -44.735   0.533   -0.108   0.206   0.021   
5890.570   53.355   5.510   -44.715   0.502   -0.115   0.205   0.022   
5891.925   53.240   5.715   -44.695   0.516   -0.122   0.205   0.021   
5893.215   53.100   5.905   -44.680   0.511   -0.121   0.206   0.021   
5894.505   52.980   6.100   -44.660   0.521   -0.125   0.206   0.022   
5894.720   43.810   6.295   -44.640   0.520   -0.135   0.206   0.022   
5895.730   43.705   6.450   -44.625   0.552   -0.135   0.206   0.024   
5898.090   52.605   6.635   -44.600   0.530   -0.143   0.206   0.028   
5899.415   52.440   6.835   -44.575   0.479   -0.140   0.206   0.032   
5900.720   52.290   7.030   -44.550   0.569   -0.145   0.205   0.030   
5901.950   52.145   7.215   -44.525   0.521   -0.160   0.205   0.030   
5903.295   51.965   7.415   -44.500   0.502   -0.153   0.206   0.030   
5904.590   51.800   7.610   -44.475   0.564   -0.160   0.205   0.030   
5905.815   51.645   7.795   -44.450   0.523   -0.166   0.205   0.030   
5905.775   42.480   8.000   -44.425   0.510   -0.167   0.205   0.030   
5908.205   51.325   8.155   -44.405   0.540   -0.171   0.206   0.030   
5909.485   51.145   8.345   -44.375   0.533   -0.173   0.206   0.035   
5910.695   50.965   8.530   -44.335   0.505   -0.179   0.204   0.034   
5912.045   50.770   8.730   -44.315   0.472   -0.181   0.204   0.035   
5913.260   50.600   8.915   -44.285   0.563   -0.190   0.205   0.039   
5914.600   50.385   9.115   -44.240   0.457   -0.193   0.204   0.038   
5915.885   50.190   9.310   -44.220   0.540   -0.194   0.203   0.042   
5915.425   41.030   9.490   -44.175   0.483   -0.200   0.203   0.035   
5916.435   40.880   9.645   -44.160   0.530   -0.205   0.204   0.039   
5919.435   49.610   9.845   -44.115   0.515   -0.203   0.204   0.042   
5920.725   49.380   10.040   -44.095   0.516   -0.209   0.203   0.040   
5921.900   49.180   10.220   -44.060   0.471   -0.211   0.203   0.040   
5923.255   48.950   10.420   -44.025   0.511   -0.222   0.204   0.043   
5924.530   48.720   10.615   -43.990   0.506   -0.222   0.203   0.044   
5925.720   48.500   10.795   -43.940   0.496   -0.229   0.203   0.045   
5926.980   48.255   10.985   -43.900   0.495   -0.229   0.204   0.046   
5926.370   39.125   11.185   -43.860   0.513   -0.230   0.203   0.047   
5927.325   38.925   11.340   -43.840   0.524   -0.240   0.202   0.046   
5930.490   47.580   11.520   -43.800   0.480   -0.240   0.202   0.051   
5931.755   47.335   11.710   -43.750   0.502   -0.244   0.203   0.051   
5933.070   47.070   11.910   -43.705   0.536   -0.252   0.203   0.050   
5934.310   46.815   12.100   -43.665   0.545   -0.254   0.203   0.048   
5935.570   46.550   12.295   -43.635   0.509   -0.256   0.201   0.048   
5936.835   46.290   12.485   -43.585   0.490   -0.262   0.202   0.050   
5935.890   37.175   12.675   -43.550   0.458   -0.265   0.201   0.053   
5936.835   36.970   12.825   -43.505   0.444   -0.264   0.200   0.054   
5940.300   45.525   13.015   -43.455   1.482   -0.274   0.200   0.059   
5941.465   45.260   13.190   -43.410   0.520   -0.267   0.201   0.057   
5942.710   44.975   13.380   -43.360   0.506   -0.282   0.200   0.059   
5943.965   44.680   13.570   -43.315   0.508   -0.279   0.201   0.058   
5945.240   44.370   13.770   -43.265   0.476   -0.280   0.201   0.055   
5946.505   44.085   13.960   -43.215   0.500   -0.289   0.201   0.061   
5947.630   43.800   14.135   -43.165   0.500   -0.293   0.200   0.061   
5946.400   34.750   14.325   -43.120   0.499   -0.298   0.200   0.057   
5947.435   34.480   14.485   -43.080   0.504   -0.300   0.201   0.055   
5951.095   42.945   14.665   -43.030   0.477   -0.312   0.201   0.060   
5952.330   42.635   14.855   -42.975   0.487   -0.311   0.201   0.065   
5953.625   42.295   15.055   -42.920   0.492   -0.307   0.200   0.069   
5954.800   41.985   15.240   -42.865   0.436   -0.307   0.198   0.067   
5955.950   41.675   15.415   -42.810   0.482   -0.317   0.198   0.067   
5957.240   41.325   15.615   -42.750   0.485   -0.321   0.198   0.071   
5958.395   41.020   15.790   -42.695   0.467   -0.325   0.199   0.069   
5956.620   32.060   15.940   -42.650   0.490   -0.331   0.199   0.067   
5960.560   40.425   16.125   -42.590   0.464   -0.323   0.197   0.071   
5961.755   40.090   16.310   -42.520   0.472   -0.333   0.197   0.071   
5963.015   39.725   16.510   -42.475   0.517   -0.333   0.197   0.070   
5964.225   39.370   16.695   -42.415   0.459   -0.335   0.197   0.071   
5965.355   39.045   16.870   -42.340   0.490   -0.348   0.198   0.074   
5966.555   38.690   17.055   -42.290   0.470   -0.350   0.197   0.077   
5967.745   38.335   17.240   -42.215   0.469   -0.355   0.195   0.076   
5965.980   29.360   17.435   -42.160   0.464   -0.352   0.196   0.078   
5966.850   29.090   17.570   -42.100   0.475   -0.356   0.196   0.081   
5971.115   37.305   17.770   -42.035   0.487   -0.354   0.196   0.078   
5972.300   36.940   17.955   -41.965   0.454   -0.362   0.196   0.077   
5973.485   36.555   18.140   -41.900   0.474   -0.366   0.197   0.077   
5974.680   36.180   18.325   -41.835   0.493   -0.374   0.197   0.076   
5975.775   35.830   18.495   -41.770   0.433   -0.369   0.194   0.078   
5976.965   35.445   18.680   -41.700   0.427   -0.378   0.194   0.080   
5978.115   35.055   18.865   -41.635   0.464   -0.374   0.196   0.082   
5975.785   26.250   19.010   -41.575   0.453   -0.379   0.194   0.085   
5980.260   34.345   19.205   -41.505   0.465   -0.384   0.194   0.087   
5981.430   33.950   19.385   -41.430   0.458   -0.380   0.192   0.088   
5982.505   33.575   19.555   -41.355   0.466   -0.388   0.191   0.089   
5983.660   33.180   19.735   -41.285   0.437   -0.397   0.193   0.085   
5984.865   32.750   19.930   -41.210   0.463   -0.387   0.193   0.088   
5985.950   32.375   20.100   -41.135   0.491   -0.395   0.192   0.091   
5987.105   31.960   20.280   -41.060   0.468   -0.411   0.193   0.090   
5984.820   23.125   20.475   -40.985   0.477   -0.399   0.193   0.090   
5985.710   22.795   20.620   -40.925   0.457   -0.406   0.192   0.090   
5990.350   30.785   20.800   -40.845   0.432   -0.407   0.191   0.093   
5991.435   30.390   20.970   -40.765   0.433   -0.414   0.191   0.099   
5992.560   29.980   21.150   -40.685   0.460   -0.423   0.192   0.099   
5993.740   29.515   21.340   -40.590   0.432   -0.413   0.190   0.098   
5994.810   29.110   21.505   -40.520   0.483   -0.415   0.189   0.100   
5995.925   28.695   21.685   -40.435   0.477   -0.422   0.189   0.100   
5997.045   28.255   21.865   -40.340   0.422   -0.422   0.189   0.100   
5994.400   19.535   22.040   -40.270   0.413   -0.433   0.189   0.100   
5999.035   27.485   22.185   -40.190   0.460   -0.423   0.190   0.100   
6000.155   27.035   22.365   -40.105   0.437   -0.435   0.189   0.100   
6001.260   26.595   22.540   -40.030   0.417   -0.439   0.189   0.104   
6002.365   26.150   22.720   -39.935   0.452   -0.439   0.191   0.105   
6003.445   25.695   22.895   -39.845   0.472   -0.433   0.187   0.105   
6004.560   25.255   23.075   -39.750   0.409   -0.444   0.186   0.110   
6005.645   24.800   23.250   -39.670   0.433   -0.445   0.190   0.109   
6006.725   16.160   23.425   -39.570   0.404   -0.441   0.186   0.110   
6003.595   15.795   23.565   -39.495   0.438   -0.447   0.185   0.113   
6008.670   23.530   23.740   -39.410   1.295   -0.444   0.185   0.111   
6009.745   23.080   23.915   -39.310   0.443   -0.459   0.186   0.111   
6010.815   22.610   24.090   -39.215   0.422   -0.451   0.186   0.109   
6011.895   22.145   24.265   -39.125   0.446   -0.461   0.185   0.109   
6012.965   21.675   24.440   -39.030   0.424   -0.459   0.185   0.113   
6014.040   21.195   24.615   -38.935   0.430   -0.461   0.186   0.116   
6015.070   20.745   24.785   -38.835   0.406   -0.459   0.185   0.117   
6011.920   12.190   24.960   -38.735   0.434   -0.467   0.182   0.120   
6012.725   11.820   25.095   -38.640   0.394   -0.463   0.181   0.124   
6018.010   19.430   25.265   -38.550   0.382   -0.464   0.182   0.126   
6019.040   18.940   25.440   -38.435   0.476   -0.468   0.182   0.119   
6020.025   18.495   25.600   -38.345   0.427   -0.469   0.181   0.123   
6021.125   17.975   25.780   -38.240   0.390   -0.472   0.181   0.124   
6022.155   17.495   25.950   -38.125   0.370   -0.478   0.181   0.122   
6023.200   17.005   26.125   -38.035   0.404   -0.482   0.183   0.124   
6024.235   16.510   26.295   -37.930   0.427   -0.471   0.182   0.126   
6020.545   8.195   26.420   -37.845   0.389   -0.483   0.180   0.127   
6026.050   15.640   26.600   -37.735   1.206   -0.479   0.179   0.131   
6027.010   15.180   26.755   -37.625   0.397   -0.472   0.179   0.137   
6028.065   14.670   26.930   -37.500   0.413   -0.485   0.177   0.135   
6029.000   14.200   27.090   -37.390   0.424   -0.482   0.177   0.136   
6030.060   13.670   27.265   -37.285   0.395   -0.491   0.177   0.139   
6031.060   13.160   27.435   -37.160   0.407   -0.484   0.177   0.135   
6031.985   12.695   27.590   -37.045   0.373   -0.493   0.177   0.136   
6028.385   4.340   27.765   -36.945   0.403   -0.495   0.177   0.137   
6029.105   3.980   27.890   -36.840   0.395   -0.498   0.176   0.137   
6034.760   11.295   28.055   -36.725   0.383   -0.500   0.177   0.137   
6035.740   10.790   28.220   -36.610   0.396   -0.494   0.177   0.136   
6036.765   10.255   28.395   -36.495   0.423   -0.494   0.175   0.139   
6037.730   9.745   28.560   -36.370   0.392   -0.491   0.173   0.146   
6038.690   9.250   28.720   -36.245   0.365   -0.489   0.172   0.153   
6039.570   8.765   28.870   -36.125   0.355   -0.499   0.171   0.148   
6040.605   8.230   29.045   -36.000   0.377   -0.506   0.172   0.145   
6036.445   0.150   29.160   -35.900   0.343   -0.497   0.172   0.150   
6042.290   7.305   29.335   -35.775   0.374   -0.500   0.170   0.151   
6043.195   6.825   29.485   -35.650   0.391   -0.517   0.172   0.150   
6044.135   6.305   29.645   -35.525   0.374   -0.513   0.173   0.150   
6045.130   5.765   29.820   -35.400   0.363   -0.498   0.171   0.150   
6046.030   5.270   29.970   -35.270   0.394   -0.520   0.172   0.153   
6046.955   4.745   30.130   -35.140   0.376   -0.516   0.172   0.159   
6047.935   4.205   30.300   -35.010   0.335   -0.497   0.168   0.159   
6043.720   -3.870   30.445   -34.875   0.360   -0.513   0.167   0.162   
6044.430   -4.255   30.570   -34.755   0.316   -0.503   0.166   0.165   
6050.430   2.790   30.725   -34.620   0.322   -0.502   0.164   0.159   
6051.315   2.280   30.880   -34.485   0.401   -0.512   0.165   0.159   
6052.220   1.755   31.035   -34.350   0.336   -0.501   0.165   0.162   
6053.095   1.250   31.190   -34.215   0.364   -0.513   0.166   0.160   
6054.055   0.685   31.360   -34.090   0.348   -0.507   0.165   0.161   
6054.940   0.155   31.515   -33.940   0.351   -0.512   0.165   0.163   
6055.840   -0.370   31.670   -33.815   0.334   -0.520   0.164   0.167   
6051.215   -8.290   31.780   -33.690   0.347   -0.521   0.164   0.168   
6057.340   -1.265   31.930   -33.550   0.303   -0.502   0.160   0.172   
6058.145   -1.755   32.070   -33.405   0.331   -0.511   0.159   0.174   
6059.065   -2.300   32.230   -33.260   0.331   -0.510   0.160   0.174   
6059.900   -2.820   32.380   -33.115   0.358   -0.509   0.158   0.176   
6060.750   -3.335   32.530   -32.965   0.377   -0.511   0.159   0.177   
6061.640   -3.885   32.685   -32.820   0.376   -0.533   0.163   0.176   
6062.475   -4.400   32.835   -32.670   0.349   -0.515   0.162   0.177   
6057.725   -12.155   32.955   -32.560   0.306   -0.516   0.158   0.179   
6058.550   -12.655   33.105   -32.405   0.322   -0.520   0.159   0.175   
6064.850   -5.875   33.255   -32.255   0.335   -0.525   0.160   0.178   
6065.680   -6.405   33.405   -32.100   0.329   -0.515   0.159   0.187   
6066.480   -6.920   33.545   -31.945   0.295   -0.496   0.155   0.187   
6067.280   -7.440   33.690   -31.790   0.338   -0.503   0.152   0.185   
6068.075   -7.950   33.835   -31.630   0.284   -0.511   0.152   0.193   
6068.810   -8.425   33.965   -31.470   0.318   -0.502   0.152   0.195   
6069.660   -8.960   34.115   -31.310   0.312   -0.508   0.150   0.193   
6064.840   -16.680   34.260   -31.150   0.334   -0.510   0.151   0.193   
6065.465   -17.095   34.375   -31.010   0.354   -0.526   0.152   0.194   
6071.895   -10.445   34.520   -30.850   0.289   -0.516   0.152   0.190   
6072.685   -10.965   34.660   -30.690   0.317   -0.513   0.152   0.190   
6073.480   -11.475   34.805   -30.540   0.319   -0.517   0.151   0.192   
6074.235   -11.995   34.945   -30.365   0.230   -0.505   0.149   0.195   
6075.015   -12.525   35.085   -30.200   0.287   -0.511   0.147   0.199   
6075.775   -13.035   35.220   -30.040   0.235   -0.512   0.147   0.204   
6076.530   -13.535   35.360   -29.860   0.277   -0.511   0.147   0.205   
6071.335   -21.005   35.470   -29.725   0.279   -0.500   0.145   0.206   
6077.870   -14.455   35.605   -29.560   0.283   -0.513   0.143   0.206   
6078.610   -14.975   35.740   -29.380   0.278   -0.505   0.143   0.206   
6079.335   -15.485   35.875   -29.210   0.312   -0.500   0.143   0.207   
6080.030   -15.950   36.000   -29.035   0.270   -0.511   0.143   0.207   
6080.755   -16.470   36.135   -28.865   0.265   -0.509   0.144   0.206   
6081.500   -16.975   36.270   -28.675   0.259   -0.512   0.143   0.207   
6082.235   -17.500   36.405   -28.510   0.291   -0.513   0.143   0.217   
6076.980   -24.930   36.535   -28.330   0.285   -0.502   0.141   0.215   
6077.595   -25.340   36.650   -28.185   0.254   -0.481   0.137   0.218   
6084.185   -18.895   36.765   -28.000   0.287   -0.490   0.137   0.222   
6084.880   -19.385   36.895   -27.805   0.283   -0.484   0.135   0.220   
6085.555   -19.880   37.020   -27.635   0.266   -0.498   0.136   0.220   
6086.235   -20.365   37.145   -27.450   0.266   -0.469   0.133   0.220   
6086.920   -20.870   37.275   -27.255   0.304   -0.502   0.134   0.220   
6087.590   -21.360   37.400   -27.070   0.259   -0.485   0.136   0.220   
6088.295   -21.865   37.530   -26.885   0.242   -0.491   0.134   0.222   
6082.730   -29.055   37.630   -26.745   0.248   -0.497   0.137   0.225   
6089.470   -22.755   37.755   -26.545   0.264   -0.481   0.133   0.226   
6090.140   -23.245   37.880   -26.365   0.274   -0.473   0.131   0.230   
6090.725   -23.680   37.990   -26.160   0.233   -0.466   0.129   0.232   
6091.395   -24.190   38.120   -25.970   0.233   -0.467   0.127   0.233   
6092.015   -24.660   38.235   -25.775   0.215   -0.449   0.126   0.233   
6092.655   -25.130   38.355   -25.580   0.255   -0.466   0.125   0.234   
6093.235   -25.570   38.465   -25.385   0.266   -0.478   0.126   0.236   
6087.650   -32.725   38.585   -25.185   0.271   -0.476   0.127   0.237   
6088.195   -33.135   38.690   -25.025   0.217   -0.473   0.128   0.240   
6094.985   -26.905   38.800   -24.825   0.253   -0.481   0.127   0.241   
6095.650   -27.420   38.925   -24.625   0.216   -0.465   0.126   0.240   
6096.275   -27.895   39.045   -24.425   0.259   -0.463   0.124   0.240   
6096.800   -28.310   39.145   -24.225   0.213   -0.453   0.122   0.238   
6097.370   -28.755   39.255   -24.020   0.243   -0.432   0.118   0.245   
6097.940   -29.205   39.365   -23.815   0.240   -0.444   0.117   0.248   
6098.560   -29.695   39.485   -23.605   0.249   -0.435   0.115   0.251   
6092.640   -36.595   39.570   -23.425   0.228   -0.433   0.114   0.257   
6099.560   -30.495   39.680   -23.225   0.252   -0.449   0.116   0.255   
6100.075   -30.890   39.775   -23.015   0.215   -0.445   0.116   0.252   
6100.665   -31.345   39.885   -22.805   0.193   -0.438   0.115   0.251   
6101.205   -31.790   39.995   -22.595   0.219   -0.440   0.116   0.252   
6101.755   -32.235   40.100   -22.385   0.209   -0.438   0.114   0.252   
6102.310   -32.670   40.205   -22.160   0.219   -0.422   0.113   0.255   
6102.835   -33.100   40.310   -21.950   0.247   -0.421   0.112   0.256   
6096.935   -40.010   40.425   -21.730   0.161   -0.406   0.109   0.259   
6097.295   -40.310   40.495   -21.555   0.228   -0.434   0.109   0.265   
6104.290   -34.285   40.595   -21.330   0.225   -0.406   0.109   0.267   
6104.775   -34.685   40.690   -21.110   0.147   -0.393   0.103   0.266   
6105.290   -35.105   40.790   -20.890   0.208   -0.416   0.103   0.264   
6105.800   -35.530   40.890   -20.670   0.222   -0.410   0.106   0.265   
6106.280   -35.925   40.985   -20.445   0.158   -0.394   0.104   0.266   
6106.790   -36.350   41.085   -20.225   0.206   -0.418   0.103   0.265   
6107.275   -36.740   41.180   -20.000   0.218   -0.400   0.105   0.267   
6101.125   -43.450   41.270   -19.770   0.196   -0.406   0.103   0.274   
6108.085   -37.435   41.345   -19.590   0.176   -0.390   0.101   0.276   
6108.610   -37.865   41.445   -19.345   0.142   -0.380   0.099   0.276   
6109.020   -38.195   41.525   -19.115   0.209   -0.374   0.097   0.276   
6109.510   -38.630   41.625   -18.895   0.147   -0.362   0.094   0.277   
6109.885   -38.950   41.700   -18.665   0.189   -0.369   0.093   0.278   
6110.310   -39.300   41.785   -18.430   0.140   -0.363   0.091   0.279   
6110.815   -39.725   41.885   -18.185   0.166   -0.370   0.092   0.279   
6104.510   -46.295   41.960   -17.965   0.185   -0.366   0.093   0.282   
6104.840   -46.585   42.030   -17.775   0.170   -0.368   0.093   0.283   
6112.015   -40.785   42.130   -17.540   0.194   -0.374   0.093   0.285   
6112.410   -41.090   42.200   -17.305   0.158   -0.353   0.091   0.285   
6112.825   -41.455   42.285   -17.055   0.155   -0.355   0.089   0.284   
6113.200   -41.790   42.360   -16.820   0.134   -0.321   0.085   0.286   
6113.580   -42.135   42.440   -16.590   0.140   -0.331   0.083   0.289   
6113.955   -42.445   42.515   -16.345   0.182   -0.315   0.083   0.290   
6114.340   -42.770   42.590   -16.090   0.144   -0.322   0.079   0.294   
6107.940   -49.235   42.665   -15.845   0.154   -0.322   0.080   0.294   
6108.215   -49.500   42.725   -15.650   0.147   -0.320   0.079   0.293   
6115.375   -43.695   42.800   -15.405   0.152   -0.320   0.079   0.293   
6115.745   -44.020   42.875   -15.165   0.148   -0.320   0.079   0.293   
6116.105   -44.345   42.950   -14.920   0.149   -0.318   0.080   0.293   
6116.410   -44.610   43.015   -14.675   0.132   -0.322   0.079   0.294   
6116.835   -44.980   43.095   -14.425   0.130   -0.299   0.077   0.296   
6117.110   -45.235   43.155   -14.170   0.131   -0.305   0.076   0.303   
6117.420   -45.520   43.220   -13.920   0.125   -0.276   0.073   0.307   
6110.820   -51.795   43.270   -13.720   0.151   -0.262   0.069   0.299   
6118.030   -46.065   43.345   -13.465   0.355   -0.269   0.066   0.305   
6118.280   -46.290   43.395   -13.215   0.113   -0.272   0.066   0.304   
6118.640   -46.610   43.470   -12.960   0.129   -0.271   0.066   0.302   
6118.900   -46.835   43.520   -12.705   0.131   -0.269   0.066   0.310   
6119.255   -47.150   43.595   -12.450   0.120   -0.268   0.066   0.306   
6119.510   -47.390   43.645   -12.195   0.125   -0.272   0.066   0.308   
6119.805   -47.660   43.705   -11.925   0.111   -0.274   0.066   0.307   
6113.185   -53.900   43.765   -11.680   0.087   -0.245   0.064   0.309   
6113.385   -54.070   43.805   -11.475   0.104   -0.231   0.059   0.308   
6120.555   -48.330   43.860   -11.205   0.104   -0.234   0.057   0.309   
6120.745   -48.505   43.900   -10.960   0.084   -0.214   0.055   0.311   
6121.020   -48.755   43.955   -10.685   0.046   -0.194   0.050   0.311   
6121.260   -48.990   44.005   -10.425   0.116   -0.220   0.051   0.315   
6121.515   -49.210   44.055   -10.175   0.111   -0.212   0.053   0.313   
6121.750   -49.430   44.105   -9.900   0.101   -0.218   0.053   0.315   
6121.975   -49.655   44.155   -9.650   0.105   -0.216   0.053   0.315   
6115.205   -55.735   44.190   -9.440   0.062   -0.196   0.051   0.315   
6122.410   -50.030   44.240   -9.165   0.087   -0.226   0.050   0.315   
6122.625   -50.235   44.285   -8.910   0.100   -0.208   0.051   0.318   
6122.780   -50.370   44.320   -8.630   0.081   -0.187   0.049   0.322   
6122.960   -50.550   44.360   -8.375   0.070   -0.177   0.045   0.323   
6123.200   -50.780   44.410   -8.100   0.054   -0.160   0.042   0.320   
6123.370   -50.935   44.445   -7.840   0.040   -0.145   0.038   0.322   
6123.540   -51.080   44.480   -7.565   0.060   -0.161   0.037   0.322   
6116.715   -57.130   44.515   -7.305   0.079   -0.154   0.037   0.321   
6116.830   -57.250   44.545   -7.080   0.053   -0.166   0.037   0.322   
6123.975   -51.500   44.570   -6.815   0.075   -0.164   0.040   0.322   
6124.135   -51.645   44.605   -6.545   0.081   -0.161   0.039   0.321   
6124.310   -51.810   44.640   -6.285   0.097   -0.156   0.038   0.323   
6124.470   -51.950   44.670   -6.015   0.055   -0.132   0.035   0.324   
6124.605   -52.080   44.700   -5.745   0.064   -0.127   0.032   0.325   
6124.740   -52.190   44.725   -5.465   0.045   -0.101   0.028   0.326   
6124.795   -52.265   44.740   -5.195   0.020   -0.109   0.026   0.326   
6117.875   -58.215   44.765   -4.975   0.039   -0.086   0.024   0.328   
6125.005   -52.465   44.785   -4.700   0.027   -0.092   0.022   0.331   
6125.075   -52.530   44.800   -4.430   0.083   -0.105   0.023   0.326   
6125.225   -52.675   44.830   -4.155   0.053   -0.089   0.023   0.326   
6125.320   -52.755   44.850   -3.885   0.046   -0.091   0.023   0.329   
6125.435   -52.855   44.875   -3.610   0.041   -0.097   0.023   0.325   
6125.520   -52.955   44.895   -3.340   0.043   -0.077   0.022   0.325   
6125.550   -52.970   44.900   -3.090   0.008   -0.070   0.020   0.315   
6118.570   -58.860   44.915   -2.815   0.000   -0.076   0.018   0.312   
6118.655   -58.955   44.935   -2.605   0.022   -0.043   0.014   0.315   
6125.760   -53.170   44.945   -2.355   -0.012   -0.040   0.010   0.315   
6125.740   -53.150   44.940   -2.095   -0.012   -0.037   0.009   0.315   
6125.775   -53.190   44.945   -1.860   0.022   -0.043   0.007   0.299   
6125.865   -53.265   44.965   -1.645   0.029   -0.021   0.007   0.269   
6125.880   -53.285   44.970   -1.440   0.025   -0.015   0.005   0.247   
6125.900   -53.315   44.975   -1.265   -0.018   -0.019   0.005   0.223   
6125.875   -53.280   44.965   -1.110   0.017   -0.026   0.005   0.195   
6118.835   -59.115   44.970   -0.970   -0.015   -0.017   0.005   0.173   
6125.915   -53.320   44.975   -0.845   -0.005   -0.016   0.005   0.166   
6125.930   -53.335   44.980   -0.705   -0.007   -0.019   0.004   0.167   
6125.995   -53.400   44.995   -0.560   0.013   -0.026   0.004   0.169   
6125.965   -53.370   44.985   -0.420   0.029   -0.014   0.005   0.169   
6125.985   -53.390   44.990   -0.315   0.035   -0.016   0.004   0.156   
6126.005   -53.400   44.995   -0.210   -0.008   -0.014   0.003   0.129   
6126.015   -53.410   44.995   -0.130   -0.008   -0.018   0.003   0.105   
6119.000   -59.270   45.010   -0.070   -0.000   0.008   0.001   0.083   
6118.970   -59.240   45.000   -0.025   0.038   -0.023   0.003   0.061   
6126.035   -53.430   45.000   -0.005   -0.001   0.003   0.002   0.036   
6126.035   -53.430   45.000   0.000   -0.017   0.000   -0.001   0.013   
6126.035   -53.430   45.000   0.000   0.003   0.000   0.000   -0.006   
6126.035   -53.430   45.000   0.000   -0.004   0.000   0.000   -0.008   
6126.035   -53.430   45.000   0.000   -0.003   0.000   0.000   0.001   
6126.035   -53.430   45.000   0.000   -0.001   0.000   0.000   0.000   
6126.035   -53.430   45.000   0.000   -0.000   0.000   0.000   0.000   
6118.970   -59.240   45.000   0.000   -0.002   0.000   0.000   0.000   
6126.035   -53.430   45.000   0.000   -0.001   0.000   0.000   0.000   
6126.035   -53.430   45.000   0.000   0.000   0.000   0.000   0.000   
6126.035   -53.430   45.000   0.000   0.000   0.000   0.000   0.000   
6126.035   -53.430   45.000   0.000   0.000   0.000   0.000   0.000   
6126.035   -53.430   45.000   0.000   0.000   0.000   0.000   0.000   
6126.035   -53.430   45.000   0.000   0.000   0.000   0.000   0.000   
6126.035   -53.430   45.000   0.000   0.000   0.000   0.000   0.000   
6121.735   -56.475   45.000   0.000   0.000   0.000   0.000   0.000   
6126.035   -53.430   45.000   0.000   0.000   0.000   0.000   0.000   
6126.035   -53.430   45.000   0.000   0.000   0.000   0.000   0.000   
6126.035   -53.430   45.000   0.000   0.002   0.000   0.000   0.000   
6126.035   -53.430   45.000   0.000   0.000   0.000   0.000   0.000   
6126.035   -53.430   45.000   0.000   0.000   0.000   0.000   0.000   
6126.035   -53.430   45.000   0.000   0.000   0.000   0.000   0.000   
6126.035   -53.430   45.000   0.000   0.000   0.000   0.000   0.000   
6125.975   -52.235   45.000   0.000   0.000   0.000   0.000   0.000   
6126.020   -52.190   45.000   0.000   0.000   0.000   0.000   0.000   
6126.035   -53.430   45.000   0.000   0.000   0.000   0.000   0.000   
6126.035   -53.430   45.000   0.000   0.000   0.000   0.000   0.000   
6126.035   -53.430   45.000   0.000   0.000   0.000   0.000   0.000   
6126.035   -53.430   45.000   0.000   0.000   0.000   0.000   0.000   
6126.035   -53.430   45.000   0.000   0.000   0.000   0.000   0.000   
6126.035   -53.425   45.000   0.000   0.000   0.001   0.000   0.000   
6126.035   -53.320   45.000   0.000   0.000   0.030   0.000   0.000   
6126.035   -52.915   45.000   0.000   0.000   0.235   0.000   0.000   
6126.035   -52.240   45.000   0.000   0.000   0.660   0.000   0.000   
6126.035   -50.795   45.000   0.000   0.000   1.131   0.000   0.000   
6126.035   -48.495   45.000   0.000   0.000   1.923   -0.000   0.000   
6126.035   -45.215   45.000   0.000   0.000   2.897   0.000   0.000   
6126.035   -40.945   45.000   0.000   0.000   3.912   -0.000   0.000   
6126.035   -35.800   45.000   0.000   0.000   4.853   0.000   0.000   
6126.035   -29.980   45.000   0.000   0.000   5.610   0.000   0.000   
6126.035   -23.680   45.000   0.000   0.000   6.137   -0.000   0.000   
6126.035   -18.430   45.000   0.000   0.000   6.453   0.000   0.000   
6126.035   -11.770   45.000   0.000   0.000   6.582   0.000   0.000   
6126.035   -5.105   45.000   0.000   0.000   6.596   0.000   0.000   
6126.035   1.560   45.000   0.000   0.000   6.576   0.000   0.000   
6126.035   8.230   45.000   0.000   0.000   6.578   0.000   0.000   
6126.035   14.895   45.000   0.000   0.000   6.579   0.000   0.000   
6126.035   21.560   45.000   0.000   0.000   6.578   0.000   0.000   
6126.035   28.230   45.000   0.000   0.000   6.578   0.000   0.000   
6126.035   34.895   45.000   0.000   0.000   6.578   0.000   0.000   
6126.035   40.230   45.000   0.000   0.000   6.577   0.000   0.000   
6126.035   46.895   45.000   0.000   0.000   6.578   0.000   0.000   
6126.035   53.560   45.000   0.000   0.000   6.578   0.000   0.000   
6126.035   60.185   45.000   0.000   0.000   6.569   0.000   0.000   
6126.035   66.590   45.000   0.000   0.000   6.450   0.000   0.000   
6126.035   72.575   45.000   0.000   0.000   6.116   0.000   0.000   
6126.035   77.945   45.000   0.000   0.000   5.580   0.000   0.000   
6126.035   82.495   45.000   0.000   0.000   4.843   0.000   0.000   
6126.035   85.440   45.000   0.000   0.000   3.926   0.000   0.000   
6126.035   88.250   45.000   0.000   0.000   2.930   0.000   0.000   
6126.035   90.140   45.000   0.000   0.000   2.181   0.000   0.000   
6126.035   91.275   45.000   0.000   0.000   1.345   0.000   0.000   
6126.035   91.850   45.000   0.000   0.000   0.719   0.000   0.000   
6126.035   92.070   45.000   0.000   0.000   0.294   0.000   0.000   
6126.035   92.125   45.000   0.000   0.000   0.059   0.000   0.000   
6126.035   92.115   45.000   0.000   0.000   -0.012   0.000   0.000   
6126.035   92.115   45.000   0.000   0.000   -0.008   0.000   0.000   
6126.035   92.115   45.000   0.000   0.000   0.002   -0.000   0.000   
6126.035   92.115   45.000   0.000   0.000   0.000   0.000   0.000   
6126.035   92.115   45.000   0.000   0.000   -0.001   0.000   0.000   
6126.035   92.115   45.000   0.000   0.000   -0.001   0.000   0.000   
6126.035   92.115   45.000   0.000   0.000   0.000   0.000   0.000   
6126.035   92.115   45.000   0.000   0.000   0.000   0.000   0.000   
6126.035   92.115   45.000   0.000   0.000   0.000   0.000   0.000   
6126.035   92.115   45.000   0.000   0.000   0.000   0.000   0.000   
6126.035   92.115   45.000   0.000   0.000   0.000   0.000   0.000   
6126.035   92.115   45.000   0.000   0.000   0.000   0.000   0.000   
6126.035   92.115   45.000   0.000   0.000   0.000   0.000   0.000   
6126.035   92.115   45.000   0.000   0.000   0.000   0.000   0.000   
6126.035   92.115   45.000   0.000   0.000   0.000   0.000   0.000   
6126.035   92.115   45.000   0.000   0.000   0.000   0.000   0.000   
6126.035   92.115   45.000   0.000   0.000   0.000   0.000   0.000   
6126.035   92.115   45.000   0.000   0.000   0.000   0.000   0.000   
6126.035   92.115   45.000   0.000   0.000   0.000   0.000   0.000   
6126.035   92.115   45.000   0.000   0.000   0.000   0.000   0.000   
6126.035   92.115   45.000   0.000   0.000   0.000   0.000   0.000   
6126.035   92.115   45.000   0.000   0.000   0.000   0.000   0.000   
6126.035   92.115   45.000   0.000   0.000   0.000   0.000   0.000   
6126.035   92.115   45.000   0.000   0.000   0.000   0.000   0.000   
6126.035   92.115   45.000   0.000   0.000   0.000   0.000   0.000   
6126.035   92.115   45.000   0.000   0.000   0.000   0.000   0.000   
6126.035   92.115   45.000   0.000   0.000   0.000   0.000   0.000   
6126.035   92.115   45.000   0.000   0.000   0.000   0.000   0.000   
6126.035   92.115   45.000   0.000   0.000   0.000   0.000   0.000   
6126.035   92.115   45.000   0.000   0.000   0.000   0.000   0.000   
6126.035   92.115   45.000   0.000   0.000   0.000   0.000   0.000   
6126.035   92.115   45.000   0.000   0.000   0.000   0.000   0.000   
6126.035   92.115   45.000   0.000   0.000   0.000   0.000   0.000   
6126.035   92.115   45.000   0.000   0.000   0.000   0.000   0.000   
6126.035   92.115   45.000   0.000   0.000   0.000   0.000   0.000   
6126.035   92.115   45.000   0.000   0.000   0.000   0.000   0.000   
6126.035   92.115   45.000   0.000   0.000   0.000   0.000   0.000   
6126.035   92.115   45.000   0.000   0.000   0.000   0.000   0.000   
6126.035   92.115   45.000   0.000   0.000   0.000   0.000   0.000   
6126.035   92.115   45.000   0.000   0.000   0.000   0.000   0.000   
6126.035   92.115   45.000   0.000   0.000   0.000   0.000   0.000   
6126.035   92.115   45.000   0.000   0.000   0.000   0.000   0.000   
6126.035   92.115   45.000   0.000   0.000   0.000   0.000   0.000   
6126.035   92.115   45.000   0.000   0.000   0.000   0.000   0.000   
6126.035   92.115   45.000   0.000   0.000   0.000   0.000   0.000   
6126.035   92.115   45.000   0.000   0.000   0.000   0.000   0.000   
6126.035   92.115   45.000   0.000   0.000   0.000   0.000   0.000   
6126.035   92.115   45.000   0.000   0.000   0.000   0.000   0.000   
6126.035   92.115   45.000   0.000   0.000   0.000   0.000   0.000   
6126.035   92.115   45.000   0.000   0.000   0.000   0.000   0.000   
6126.035   92.115   45.000   0.000   0.000   0.000   0.000   0.000   
6126.035   92.115   45.000   0.000   0.000   0.000   0.000   0.000   
6126.035   92.115   45.000   0.000   0.000   0.000   0.000   0.000   
6126.035   92.115   45.000   0.000   0.000   0.000   0.000   0.000   
6126.035   92.115   45.000   0.000   0.000   0.000   0.000   0.000   
6126.035   92.115   45.000   0.000   0.000   0.000   0.000   0.000   
6126.035   92.115   45.000   0.000   0.000   0.000   0.000   0.000   
6126.035   92.115   45.000   0.000   0.000   0.000   0.000   0.000   
6126.035   92.115   45.000   0.000   0.000   0.000   0.000   0.000   
6126.035   92.115   45.000   0.000   0.000   0.000   0.000   0.000   
6126.035   92.115   45.000   0.000   0.000   0.000   0.000   0.000   
6126.035   92.115   45.000   0.000   0.000   0.000   0.000   0.000   
6126.035   92.115   45.000   0.000   0.000   0.000   0.000   0.000   
6126.035   92.115   45.000   0.000   0.000   0.000   0.000   0.000   
6126.035   92.115   45.000   0.000   0.000   0.000   0.000   0.000   
6126.035   92.115   45.000   0.000   0.000   0.000   0.000   0.000   
6126.035   92.115   45.000   0.000   0.000   0.000   0.000   0.000   
6126.035   92.115   45.000   0.000   0.000   0.000   0.000   0.000   
6126.035   92.115   45.000   0.000   0.000   0.000   0.000   0.000   
6126.035   92.115   45.000   0.000   0.000   0.000   0.000   0.000   
6126.035   92.115   45.000   0.000   0.000   0.000   0.000   0.000   
6126.035   92.115   45.000   0.000   0.000   0.000   0.000   0.000   
6126.035   92.115   45.000   0.000   0.000   0.000   0.000   0.000   
6126.035   92.115   45.000   0.000   0.000   0.000   0.000   0.000   
6126.035   92.115   45.000   0.000   0.000   0.000   0.000   0.000   
6126.035   92.115   45.000   0.000   0.000   0.000   0.000   0.000   
6126.035   92.115   45.000   0.000   0.000   0.000   0.000   0.000   
6126.035   92.115   45.000   0.000   0.000   0.000   0.000   0.000   
6126.035   92.115   45.000   0.000   0.000   0.000   0.000   0.000   
6126.035   92.115   45.000   0.000   0.000   0.000   0.000   0.000   
6126.035   92.115   45.000   0.000   0.000   0.000   0.000   0.000   
6126.035   92.115   45.000   0.000   0.000   0.000   0.000   0.000   
6126.035   92.115   45.000   0.000   0.000   0.000   0.000   0.000   
6126.035   92.115   45.000   0.000   0.000   0.000   0.000   0.000   
6126.035   92.115   45.000   0.000   0.000   0.000   0.000   0.000   
6126.035   92.115   45.000   0.000   0.000   0.000   0.000   0.000   
6126.035   92.115   45.000   0.000   0.000   0.000   0.000   0.000   
6126.035   92.115   45.000   0.000   0.000   0.000   0.000   0.000   
6126.035   92.115   45.000   0.000   0.000   0.000   0.000   0.000   
6126.035   92.115   45.000   0.000   0.000   0.000   0.000   0.000   
6126.035   92.115   45.000   0.000   0.000   0.000   0.000   0.000   
6126.035   92.115   45.000   0.000   0.000   0.000   0.000   0.000   
6126.035   92.115   45.000   0.000   0.000   0.000   0.000   0.000   
6126.035   92.115   45.000   0.000   0.000   0.000   0.000   0.000   
6126.035   92.115   45.000   0.000   0.000   0.000   0.000   0.000   
6126.035   92.115   45.000   0.000   0.000   0.000   0.000   0.000   
6126.035   92.115   45.000   0.000   0.000   0.000   0.000   0.000   
6126.035   92.115   45.000   0.000   0.000   0.000   0.000   0.000   
6126.035   92.115   45.000   0.000   0.000   0.000   0.000   0.000   
6126.035   92.115   45.000   0.000   0.000   0.000   0.000   0.000   
6126.035   92.115   45.000   0.000   0.000   0.000   0.000   0.000   
6126.035   92.115   45.000   0.000   0.000   0.000   0.000   0.000   
6126.035   92.115   45.000   0.000   0.000   0.000   0.000   0.000   
6126.035   92.115   45.000   0.000   0.000   0.000   0.000   0.000   
6126.035   92.115   45.000   0.000   0.000   0.000   0.000   0.000   
6126.035   92.115   45.000   0.000   0.000   0.000   0.000   0.000   
6126.035   92.115   45.000   0.000   0.000   0.000   0.000   0.000   
6126.035   92.115   45.000   0.000   0.000   0.000   0.000   0.000   
6126.035   92.115   45.000   0.000   0.000   0.000   0.000   0.000   
6126.035   92.115   45.000   0.000   0.000   0.000   0.000   0.000   
6126.035   92.115   45.000   0.000   0.000   0.000   0.000   0.000   
6126.035   92.115   45.000   0.000   0.000   0.000   0.000   0.000   
6126.035   92.115   45.000   0.000   0.000   0.000   0.000   0.000   
6126.035   92.115   45.000   0.000   0.000   0.000   0.000   0.000   
6126.035   92.115   45.000   0.000   0.000   0.000   0.000   0.000   
6126.035   92.115   45.000   0.000   0.000   0.000   0.000   0.000   
6126.035   92.115   45.000   0.000   0.000   0.000   0.000   0.000   
6126.035   92.115   45.000   0.000   0.000   0.000   0.000   0.000   
6126.035   92.115   45.000   0.000   0.000   0.000   0.000   0.000   
6126.035   92.115   45.000   0.000   0.000   0.000   0.000   0.000   
6126.035   92.115   45.000   0.000   0.000   0.000   0.000   0.000   
6126.035   92.115   45.000   0.000   0.000   0.000   0.000   0.000   
6126.035   92.115   45.000   0.000   0.000   0.000   0.000   0.000   
6126.035   92.115   45.000   0.000   0.000   0.000   0.000   0.000   
6126.035   92.115   45.000   0.000   0.000   0.000   0.000   0.000   
6126.035   92.115   45.000   0.000   0.000   0.000   0.000   0.000   
6126.035   92.115   45.000   0.000   0.000   0.000   0.000   0.000   
6126.035   92.115   45.000   0.000   0.000   0.000   0.000   0.000   
6126.035   92.115   45.000   0.000   0.000   0.000   0.000   0.000   
6126.035   92.115   45.000   0.000   0.000   0.000   0.000   0.000   
6126.035   92.115   45.000   0.000   0.000   0.000   0.000   0.000   
6126.035   92.115   45.000   0.000   0.000   0.000   0.000   0.000   
6126.035   92.115   45.000   0.000   0.000   0.000   0.000   0.000   
6126.035   92.115   45.000   0.000   0.000   0.000   0.000   0.000   
6126.035   92.115   45.000   0.000   0.000   0.000   0.000   0.000   
6126.035   92.115   45.000   0.000   0.000   0.000   0.000   0.000   
6126.035   92.115   45.000   0.000   0.000   0.000   0.000   0.000   
6126.035   92.115   45.000   0.000   0.000   0.000   0.000   0.000   
6126.035   92.115   45.000   0.000   0.000   0.000   0.000   0.000   
6126.035   92.115   45.000   0.000   0.000   0.000   0.000   0.000   
6126.035   92.115   45.000   0.000   0.000   0.000   0.000   0.000   
6126.035   92.115   45.000   0.000   0.000   0.000   0.000   0.000   
6126.035   92.115   45.000   0.000   0.000   0.000   0.000   0.000   
6126.035   92.115   45.000   0.000   0.000   0.000   0.000   0.000   
6126.035   92.115   45.000   0.000   0.000   0.000   0.000   0.000   
6126.035   92.115   45.000   0.000   0.000   0.000   0.000   0.000   
6126.035   92.115   45.000   0.000   0.000   0.000   0.000   0.000   
6126.035   92.115   45.000   0.000   0.000   0.000   0.000   0.000   
6126.035   92.115   45.000   0.000   0.000   0.000   0.000   0.000   
6126.035   92.115   45.000   0.000   0.000   0.000   0.000   0.000   
6126.035   92.115   45.000   0.000   0.000   0.000   0.000   0.000   
6126.035   92.115   45.000   0.000   0.000   0.000   0.000   0.000   
6126.035   92.115   45.000   0.000   0.000   0.000   0.000   0.000   
6126.035   92.115   45.000   0.000   0.000   0.000   0.000   0.000   
6126.035   92.115   45.000   0.000   0.000   0.000   0.000   0.000   
6126.035   92.115   45.000   0.000   0.000   0.000   0.000   0.000   
6126.035   92.115   45.000   0.000   0.000   0.000   0.000   0.000   
6126.035   92.115   45.000   0.000   0.000   0.000   0.000   0.000   
6126.035   92.115   45.000   0.000   0.000   0.000   0.000   0.000   
6126.035   92.115   45.000   0.000   0.000   0.000   0.000   0.000   
6126.035   92.115   45.000   0.000   0.000   0.000   0.000   0.000   
6126.035   92.115   45.000   0.000   0.000   0.000   0.000   0.000   
6126.035   92.115   45.000   0.000   0.000   0.000   0.000   0.000   
6126.035   92.115   45.000   0.000   0.000   0.000   0.000   0.000   
6126.035   92.115   45.000   0.000   0.000   0.000   0.000   0.000   
6126.035   92.115   45.000   0.000   0.000   0.000   0.000   0.000   
6126.035   92.115   45.000   0.000   0.000   0.000   0.000   0.000   
6126.035   92.115   45.000   0.000   0.000   0.000   0.000   0.000   
6126.035   92.115   45.000   0.000   0.000   0.000   0.000   0.000   
6126.035   92.115   45.000   0.000   0.000   0.000   0.000   0.000   
6126.035   92.115   45.000   0.000   0.000   0.000   0.000   0.000   
6126.035   92.115   45.000   0.000   0.000   0.000   0.000   0.000   
6126.035   92.115   45.000   0.000   0.000   0.000   0.000   0.000   
6126.035   92.115   45.000   0.000   0.000   0.000   0.000   0.000   
6126.035   92.115   45.000   0.000   0.000   0.000   0.000   0.000   
6126.035   92.115   45.000   0.000   0.000   0.000   0.000   0.000   
6126.035   92.115   45.000   0.000   0.000   0.000   0.000   0.000   
6126.035   92.115   45.000   0.000   0.000   0.000   0.000   0.000   
6126.035   92.115   45.000   0.000   0.000   0.000   0.000   0.000   
6126.035   92.115   45.000   0.000   0.000   0.000   0.000   0.000   
6126.035   92.115   45.000   0.000   0.000   0.000   0.000   0.000   
6126.035   92.115   45.000   0.000   0.000   0.000   0.000   0.000   
6126.035   92.115   45.000   0.000   0.000   0.000   0.000   0.000   
6126.035   92.115   45.000   0.000   0.000   0.000   0.000   0.000   
6126.035   92.115   45.000   0.000   0.000   0.000   0.000   0.000   
6126.035   92.115   45.000   0.000   0.000   0.000   0.000   0.000   
6126.035   92.115   45.000   0.000   0.000   0.000   0.000   0.000   
6126.035   92.115   45.000   0.000   0.000   0.000   0.000   0.000   
6126.035   92.115   45.000   0.000   0.000   0.000   0.000   0.000   
6126.035   92.115   45.000   0.000   0.000   0.000   0.000   0.000   
6126.035   92.115   45.000   0.000   0.000   0.000   0.000   0.000   
6126.035   92.115   45.000   0.000   0.000   0.000   0.000   0.000   
6126.035   92.115   45.000   0.000   0.000   0.000   0.000   0.000   
6126.035   92.115   45.000   0.000   0.000   0.000   0.000   0.000   
6126.035   92.115   45.000   0.000   0.000   0.000   0.000   0.000   
6126.035   92.115   45.000   0.000   0.000   0.000   0.000   0.000   
6126.035   92.115   45.000   0.000   0.000   0.000   0.000   0.000   
6126.035   92.115   45.000   0.000   0.000   0.000   0.000   0.000   
6126.035   92.115   45.000   0.000   0.000   0.000   0.000   0.000   
6126.035   92.115   45.000   0.000   0.000   0.000   0.000   0.000   
6126.035   92.115   45.000   0.000   0.000   0.000   0.000   0.000   
6126.035   92.115   45.000   0.000   0.000   0.000   0.000   0.000   
6126.035   92.115   45.000   0.000   0.000   0.000   0.000   0.000   
6126.035   92.115   45.000   0.000   0.000   0.000   0.000   0.000   
6126.035   92.115   45.000   0.000   0.000   0.000   0.000   0.000   
6126.035   92.115   45.000   0.000   0.000   0.000   0.000   0.000   
6126.035   92.115   45.000   0.000   0.000   0.000   0.000   0.000   
6126.035   92.115   45.000   0.000   0.000   0.000   0.000   0.000   
6126.035   92.115   45.000   0.000   0.000   0.000   0.000   0.000   
6126.035   92.115   45.000   0.000   0.000   0.000   0.000   0.000   
6126.035   92.115   45.000   0.000   0.000   0.000   0.000   0.000   
6126.035   92.115   45.000   0.000   0.000   0.000   0.000   0.000   
6126.035   92.115   45.000   0.000   0.000   0.000   0.000   0.000   
6126.035   92.115   45.000   0.000   0.000   0.000   0.000   0.000   
6126.035   92.115   45.000   0.000   0.000   0.000   0.000   0.000   
6126.035   92.115   45.000   0.000   0.000   0.000   0.000   0.000   
6126.035   92.115   45.000   0.000   0.000   0.000   0.000   0.000   
6126.035   92.115   45.000   0.000   0.000   0.000   0.000   0.000   
6126.035   92.115   45.000   0.000   0.000   0.000   0.000   0.000   
6126.035   92.115   45.000   0.000   0.000   0.000   0.000   0.000   
6126.035   92.115   45.000   0.000   0.000   0.000   0.000   0.000   
6126.035   92.115   45.000   0.000   0.000   0.000   0.000   0.000   
6126.035   92.115   45.000   0.000   0.000   0.000   0.000   0.000   
6126.035   92.115   45.000   0.000   0.000   0.000   0.000   0.000   
6126.035   92.115   45.000   0.000   0.000   0.000   0.000   0.000   
6126.035   92.115   45.000   0.000   0.000   0.000   0.000   0.000   
6126.035   92.115   45.000   0.000   0.000   0.000   0.000   0.000   
6126.035   92.115   45.000   0.000   0.000   0.000   0.000   0.000   
6126.035   92.115   45.000   0.000   0.000   0.000   0.000   0.000   
6126.035   92.115   45.000   0.000   0.000   0.000   0.000   0.000   
6126.035   92.115   45.000   0.000   0.000   0.000   0.000   0.000   
6126.035   92.115   45.000   0.000   0.000   0.000   0.000   0.000   
6126.035   92.115   45.000   0.000   0.000   0.000   0.000   0.000   
6126.035   92.115   45.000   0.000   0.000   0.000   0.000   0.000   
6126.035   92.115   45.000   0.000   0.000   0.000   0.000   0.000   
6126.035   92.115   45.000   0.000   0.000   0.000   0.000   0.000   
6126.035   92.115   45.000   0.000   0.000   0.000   0.000   0.000   
6126.035   92.115   45.000   0.000   0.000   0.000   0.000   0.000   
6126.035   92.115   45.000   0.000   0.000   0.000   0.000   0.000   
6126.035   92.115   45.000   0.000   0.000   0.000   0.000   0.000   
6126.035   92.115   45.000   0.000   0.000   0.000   0.000   0.000   
6126.035   92.115   45.000   0.000   0.000   0.000   0.000   0.000   
6126.035   92.115   45.000   0.000   0.000   0.000   0.000   0.000   
6126.035   92.115   45.000   0.000   0.000   0.000   0.000   0.000   
6126.035   92.115   45.000   0.000   0.000   0.000   0.000   0.000   
6126.035   92.115   45.000   0.000   0.000   0.000   0.000   0.000   
6126.035   92.115   45.000   0.000   0.000   0.000   0.000   0.000   
6126.035   92.115   45.000   0.000   0.000   0.000   0.000   0.000   
6126.035   92.115   45.000   0.000   0.000   0.000   0.000   0.000   
6126.035   92.115   45.000   0.000   0.000   0.000   0.000   0.000   
6126.035   92.115   45.000   0.000   0.000   0.000   0.000   0.000   
6126.035   92.115   45.000   0.000   0.000   0.000   0.000   0.000   
6126.035   92.115   45.000   0.000   0.000   0.000   0.000   0.000   
6126.035   92.115   45.000   0.000   0.000   0.000   0.000   0.000   
6126.035   92.115   45.000   0.000   0.000   0.000   0.000   0.000   
6126.035   92.115   45.000   0.000   0.000   0.000   0.000   0.000   
6126.035   92.115   45.000   0.000   0.000   0.000   0.000   0.000   
6126.035   92.115   45.000   0.000   0.000   0.000   0.000   0.000   
6126.035   92.115   45.000   0.000   0.000   0.000   0.000   0.000   
6126.035   92.115   45.000   0.000   0.000   0.000   0.000   0.000   
6126.035   92.115   45.000   0.000   0.000   0.000   0.000   0.000   
6126.035   92.115   45.000   0.000   0.000   0.000   0.000   0.000   
6126.035   92.115   45.000   0.000   0.000   0.000   0.000   0.000   
6126.035   92.115   45.000   0.000   0.000   0.000   0.000   0.000   
6126.035   92.115   45.000   0.000   0.000   0.000   0.000   0.000   
6126.035   92.115   45.000   0.000   0.000   0.000   0.000   0.000   
6126.035   92.115   45.000   0.000   0.000   0.000   0.000   0.000   
6126.035   92.115   45.000   0.000   0.000   0.000   0.000   0.000   
6126.035   92.115   45.000   0.000   0.000   0.000   0.000   0.000   
6126.035   92.115   45.000   0.000   0.000   0.000   0.000   0.000   
6126.035   92.115   45.000   0.000   0.000   0.000   0.000   0.000   
6126.035   92.115   45.000   0.000   0.000   0.000   0.000   0.000   
6126.035   92.115   45.000   0.000   0.000   0.000   0.000   0.000   
6126.035   92.115   45.000   0.000   0.000   0.000   0.000   0.000   
6126.035   92.115   45.000   0.000   0.000   0.000   0.000   0.000   
6126.035   92.115   45.000   0.000   0.000   0.000   0.000   0.000   
6126.035   92.115   45.000   0.000   0.000   0.000   0.000   0.000   
6126.035   92.115   45.000   0.000   0.000   0.000   0.000   0.000   
6126.035   92.115   45.000   0.000   0.000   0.000   0.000   0.000   
6126.035   92.115   45.000   0.000   0.000   0.000   0.000   0.000   
6126.035   92.115   45.000   0.000   0.000   0.000   0.000   0.000   
6126.035   92.115   45.000   0.000   0.000   0.000   0.000   0.000   
6126.035   92.115   45.000   0.000   0.000   0.000   0.000   0.000   
6126.035   92.115   45.000   0.000   0.000   0.000   0.000   0.000   
6126.035   92.115   45.000   0.000   0.000   0.000   0.000   0.000   
6126.035   92.115   45.000   0.000   0.000   0.000   0.000   0.000   
6126.035   92.115   45.000   0.000   0.000   0.000   0.000   0.000   
6126.035   92.115   45.000   0.000   0.000   0.000   0.000   0.000   
6126.035   92.115   45.000   0.000   0.000   0.000   0.000   0.000   
6126.035   92.115   45.000   0.000   0.000   0.000   0.000   0.000   
6126.035   92.115   45.000   0.000   0.000   0.000   0.000   0.000   
6126.035   92.115   45.000   0.000   0.000   0.000   0.000   0.000   
6126.035   92.115   45.000   0.000   0.000   0.000   0.000   0.000   
6126.035   92.115   45.000   0.000   0.000   0.000   0.000   0.000   
6126.035   92.115   45.000   0.000   0.000   0.000   0.000   0.000   
6126.035   92.115   45.000   0.000   0.000   0.000   0.000   0.000   
6126.035   92.115   45.000   0.000   0.000   0.000   0.000   0.000   
6126.035   92.115   45.000   0.000   0.000   0.000   0.000   0.000   
6126.035   92.115   45.000   0.000   0.000   0.000   0.000   0.000   
6126.035   92.115   45.000   0.000   0.000   0.000   0.000   0.000   
6126.035   92.115   45.000   0.000   0.000   0.000   0.000   0.000   
6126.035   92.115   45.000   0.000   0.000   0.000   0.000   0.000   
6126.035   92.115   45.000   0.000   0.000   0.000   0.000   0.000   
6126.035   92.115   45.000   0.000   0.000   0.000   0.000   0.000   
6126.035   92.115   45.000   0.000   0.000   0.000   0.000   0.000   
6126.035   92.115   45.000   0.000   0.000   0.000   0.000   0.000   
6126.035   92.115   45.000   0.000   0.000   0.000   0.000   0.000   
6126.035   92.115   45.000   0.000   0.000   0.000   0.000   0.000   
6126.035   92.115   45.000   0.000   0.000   0.000   0.000   0.000   
6126.035   92.115   45.000   0.000   0.000   0.000   0.000   0.000   
6126.035   92.115   45.000   0.000   0.000   0.000   0.000   0.000   
6126.035   92.115   45.000   0.000   0.000   0.000   0.000   0.000   
6126.035   92.115   45.000   0.000   0.000   0.000   0.000   0.000   
6126.035   92.115   45.000   0.000   0.000   0.000   0.000   0.000   
6126.035   92.115   45.000   0.000   0.000   0.000   0.000   0.000   
6126.035   92.115   45.000   0.000   0.000   0.000   0.000   0.000   
6126.035   92.115   45.000   0.000   0.000   0.000   0.000   0.000   
6126.035   92.115   45.000   0.000   0.000   0.000   0.000   0.000   
6126.035   92.115   45.000   0.000   0.000   0.000   0.000   0.000   
6126.035   92.115   45.000   0.000   0.000   0.000   0.000   0.000   
6126.035   92.115   45.000   0.000   0.000   0.000   0.000   0.000   
6126.035   92.115   45.000   0.000   0.000   0.000   0.000   0.000   
6126.035   92.115   45.000   0.000   0.000   0.000   0.000   0.000   
6126.035   92.115   45.000   0.000   0.000   0.000   0.000   0.000   
6126.035   92.115   45.000   0.000   0.000   0.000   0.000   0.000   
6126.035   92.115   45.000   0.000   0.000   0.000   0.000   0.000   
6126.035   92.115   45.000   0.000   0.000   0.000   0.000   0.000   
6126.035   92.115   45.000   0.000   0.000   0.000   0.000   0.000   
6126.035   92.115   45.000   0.000   0.000   0.000   0.000   0.000   
6126.035   92.115   45.000   0.000   0.000   0.000   0.000   0.000   
6126.035   92.115   45.000   0.000   0.000   0.000   0.000   0.000   
6126.035   92.115   45.000   0.000   0.000   0.000   0.000   0.000   
6126.035   92.115   45.000   0.000   0.000   0.000   0.000   0.000   
6126.035   92.115   45.000   0.000   0.000   0.000   0.000   0.000   
6126.035   92.115   45.000   0.000   0.000   0.000   0.000   0.000   
6126.035   92.115   45.000   0.000   0.000   0.000   0.000   0.000   
6126.035   92.115   45.000   0.000   0.000   0.000   0.000   0.000   
6126.035   92.115   45.000   0.000   0.000   0.000   0.000   0.000   
6126.035   92.115   45.000   0.000   0.000   0.000   0.000   0.000   
6126.035   92.115   45.000   0.000   0.000   0.000   0.000   0.000   
6126.035   92.115   45.000   0.000   0.000   0.000   0.000   0.000   
6126.035   92.115   45.000   0.000   0.000   0.000   0.000   0.000   
6126.035   92.115   45.000   0.000   0.000   0.000   0.000   0.000   
6126.035   92.115   45.000   0.000   0.000   0.000   0.000   0.000   
6126.035   92.115   45.000   0.000   0.000   0.000   0.000   0.000   
6126.035   92.115   45.000   0.000   0.000   0.000   0.000   0.000   
6126.035   92.115   45.000   0.000   0.000   0.000   0.000   0.000   
6126.035   92.115   45.000   0.000   0.000   0.000   0.000   0.000   
6126.035   92.115   45.000   0.000   0.000   0.000   0.000   0.000   
6126.035   92.115   45.000   0.000   0.000   0.000   0.000   0.000   
6126.035   92.115   45.000   0.000   0.000   0.000   0.000   0.000   
6126.035   92.115   45.000   0.000   0.000   0.000   0.000   0.000   
6126.035   92.115   45.000   0.000   0.000   0.000   0.000   0.000   
6126.035   92.115   45.000   0.000   0.000   0.000   0.000   0.000   
6126.035   92.115   45.000   0.000   0.000   0.000   0.000   0.000   
6126.035   92.115   45.000   0.000   0.000   0.000   0.000   0.000   
6126.035   92.115   45.000   0.000   0.000   0.000   0.000   0.000   
6126.035   92.115   45.000   0.000   0.000   0.000   0.000   0.000   
6126.035   92.115   45.000   0.000   0.000   0.000   0.000   0.000   
6126.035   92.115   45.000   0.000   0.000   0.000   0.000   0.000   
6126.035   92.115   45.000   0.000   0.000   0.000   0.000   0.000   
6126.035   92.115   45.000   0.000   0.000   0.000   0.000   0.000   
6126.035   92.115   45.000   0.000   0.000   0.000   0.000   0.000   
6126.035   92.115   45.000   0.000   0.000   0.000   0.000   0.000   
6126.035   92.115   45.000   0.000   0.000   0.000   0.000   0.000   
6126.035   92.115   45.000   0.000   0.000   0.000   0.000   0.000   
6126.035   92.115   45.000   0.000   0.000   0.000   0.000   0.000   
6126.035   92.115   45.000   0.000   0.000   0.000   0.000   0.000   
6126.035   92.115   45.000   0.000   0.000   0.000   0.000   0.000   
6126.035   92.115   45.000   0.000   0.000   0.000   0.000   0.000   
6126.035   92.115   45.000   0.000   0.000   0.000   0.000   0.000   
6126.035   92.115   45.000   0.000   0.000   0.000   0.000   0.000   
6126.035   92.115   45.000   0.000   0.000   0.000   0.000   0.000   
6126.035   92.115   45.000   0.000   0.000   0.000   0.000   0.000   
6126.035   92.115   45.000   0.000   0.000   0.000   0.000   0.000   
6126.035   92.115   45.000   0.000   0.000   0.000   0.000   0.000   
6126.035   92.115   45.000   0.000   0.000   0.000   0.000   0.000   
6126.035   92.115   45.000   0.000   0.000   0.000   0.000   0.000   
6126.035   92.115   45.000   0.000   0.000   0.000   0.000   0.000   
6126.035   92.115   45.000   0.000   0.000   0.000   0.000   0.000   
6126.035   92.115   45.000   0.000   0.000   0.000   0.000   0.000   
6126.035   92.115   45.000   0.000   0.000   0.000   0.000   0.000   
6126.035   92.115   45.000   0.000   0.000   0.000   0.000   0.000   
6126.035   92.115   45.000   0.000   0.000   0.000   0.000   0.000   
6126.035   92.115   45.000   0.000   0.000   0.000   0.000   0.000   
6126.035   92.115   45.000   0.000   0.000   0.000   0.000   0.000   
6126.035   92.115   45.000   0.000   0.000   0.000   0.000   0.000   
6126.035   92.115   45.000   0.000   0.000   0.000   0.000   0.000   
6126.035   92.115   45.000   0.000   0.000   0.000   0.000   0.000   
6126.035   92.115   45.000   0.000   0.000   0.000   0.000   0.000   
6126.035   92.115   45.000   0.000   0.000   0.000   0.000   0.000   
6126.035   92.115   45.000   0.000   0.000   0.000   0.000   0.000   
6126.035   92.115   45.000   0.000   0.000   0.000   0.000   0.000   
6126.035   92.115   45.000   0.000   0.000   0.000   0.000   0.000   
6126.035   92.115   45.000   0.000   0.000   0.000   0.000   0.000   
6126.035   92.115   45.000   0.000   0.000   0.000   0.000   0.000   
6126.035   92.115   45.000   0.000   0.000   0.000   0.000   0.000   
6126.035   92.115   45.000   0.000   0.000   0.000   0.000   0.000   
6126.035   92.115   45.000   0.000   0.000   0.000   0.000   0.000   
6126.035   92.115   45.000   0.000   0.000   0.000   0.000   0.000   
6126.035   92.115   45.000   0.000   0.000   0.000   0.000   0.000   
6126.035   92.115   45.000   0.000   0.000   0.000   0.000   0.000   
6126.035   92.115   45.000   0.000   0.000   0.000   0.000   0.000   
6126.035   92.115   45.000   0.000   0.000   0.000   0.000   0.000   
6126.035   92.115   45.000   0.000   0.000   0.000   0.000   0.000   
6126.035   92.115   45.000   0.000   0.000   0.000   0.000   0.000   
6126.035   92.115   45.000   0.000   0.000   0.000   0.000   0.000   
6126.035   92.115   45.000   0.000   0.000   0.000   0.000   0.000   
6126.035   92.115   45.000   0.000   0.000   0.000   0.000   0.000   
6126.035   92.115   45.000   0.000   0.000   0.000   0.000   0.000   
6126.035   92.115   45.000   0.000   0.000   0.000   0.000   0.000   
6126.035   92.115   45.000   0.000   0.000   0.000   0.000   0.000   
6126.035   92.115   45.000   0.000   0.000   0.000   0.000   0.000   
6126.035   92.115   45.000   0.000   0.000   0.000   0.000   0.000   
6126.035   92.115   45.000   0.000   0.000   0.000   0.000   0.000   
6126.035   92.115   45.000   0.000   0.000   0.000   0.000   0.000   
6126.035   92.115   45.000   0.000   0.000   0.000   0.000   0.000   
6126.035   92.115   45.000   0.000   0.000   0.000   0.000   0.000   
6126.035   92.115   45.000   0.000   0.000   0.000   0.000   0.000   
6126.035   92.115   45.000   0.000   0.000   0.000   0.000   0.000   
6126.035   92.115   45.000   0.000   0.000   0.000   0.000   0.000   
6126.035   92.115   45.000   0.000   0.000   0.000   0.000   0.000   
6126.035   92.115   45.000   0.000   0.000   0.000   0.000   0.000   
6126.035   92.115   45.000   0.000   0.000   0.000   0.000   0.000   
6126.035   92.115   45.000   0.000   0.000   0.000   0.000   0.000   
6126.035   92.115   45.000   0.000   0.000   0.000   0.000   0.000   
6126.035   92.115   45.000   0.000   0.000   0.000   0.000   0.000   
6126.035   92.115   45.000   0.000   0.000   0.000   0.000   0.000   
6126.035   92.115   45.000   0.000   0.000   0.000   0.000   0.000   
6126.035   92.115   45.000   0.000   0.000   0.000   0.000   0.000   
6126.035   92.115   45.000   0.000   0.000   0.000   0.000   0.000   
6126.035   92.115   45.000   0.000   0.000   0.000   0.000   0.000   
6126.035   92.115   45.000   0.000   0.000   0.000   0.000   0.000   
6126.035   92.115   45.000   0.000   0.000   0.000   0.000   0.000   
6126.035   92.115   45.000   0.000   0.000   0.000   0.000   0.000   
6126.035   92.115   45.000   0.000   0.000   0.000   0.000   0.000   
6126.035   92.115   45.000   0.000   0.000   0.000   0.000   0.000   
6126.035   92.115   45.000   0.000   0.000   0.000   0.000   0.000   
6126.035   92.115   45.000   0.000   0.000   0.000   0.000   0.000   
6126.035   92.115   45.000   0.000   0.000   0.000   0.000   0.000   
6126.035   92.115   45.000   0.000   0.000   0.000   0.000   0.000   
6126.035   92.115   45.000   0.000   0.000   0.000   0.000   0.000   
6126.035   92.115   45.000   0.000   0.000   0.000   0.000   0.000   
6126.035   92.115   45.000   0.000   0.000   0.000   0.000   0.000   
6126.035   92.115   45.000   0.000   0.000   0.000   0.000   0.000   
6126.035   92.115   45.000   0.000   0.000   0.000   0.000   0.000   
6126.035   92.115   45.000   0.000   0.000   0.000   0.000   0.000   
6126.035   92.115   45.000   0.000   0.000   0.000   0.000   0.000   
6126.035   92.115   45.000   0.000   0.000   0.000   0.000   0.000   
6126.035   92.115   45.000   0.000   0.000   0.000   0.000   0.000   
6126.035   92.115   45.000   0.000   0.000   0.000   0.000   0.000   
6126.035   92.115   45.000   0.000   0.000   0.000   0.000   0.000   
6126.035   92.115   45.000   0.000   0.000   0.000   0.000   0.000   
6126.035   92.115   45.000   0.000   0.000   0.000   0.000   0.000   
6126.035   92.115   45.000   0.000   0.000   0.000   0.000   0.000   
6126.035   92.115   45.000   0.000   0.000   0.000   0.000   0.000   
6126.035   92.115   45.000   0.000   0.000   0.000   0.000   0.000   
6126.035   92.115   45.000   0.000   0.000   0.000   0.000   0.000   
6126.035   92.115   45.000   0.000   0.000   0.000   0.000   0.000   
6126.035   92.115   45.000   0.000   0.000   0.000   0.000   0.000   
6126.035   92.115   45.000   0.000   0.000   0.000   0.000   0.000   
6126.035   92.115   45.000   0.000   0.000   0.000   0.000   0.000   
6126.035   92.115   45.000   0.000   0.000   0.000   0.000   0.000   
6126.035   92.115   45.000   0.000   0.000   0.000   0.000   0.000   
6126.035   92.115   45.000   0.000   0.000   0.000   0.000   0.000   
6126.035   92.115   45.000   0.000   0.000   0.000   0.000   0.000   
6126.035   92.115   45.000   0.000   0.000   0.000   0.000   0.000   
6126.035   92.115   45.000   0.000   0.000   0.000   0.000   0.000   
6126.035   92.115   45.000   0.000   0.000   0.000   0.000   0.000   
6126.035   92.115   45.000   0.000   0.000   0.000   0.000   0.000   
6126.035   92.115   45.000   0.000   0.000   0.000   0.000   0.000   
6126.035   92.115   45.000   0.000   0.000   0.000   0.000   0.000   
6126.035   92.115   45.000   0.000   0.000   0.000   0.000   0.000   
6126.035   92.115   45.000   0.000   0.000   0.000   0.000   0.000   
6126.035   92.115   45.000   0.000   0.000   0.000   0.000   0.000   
6126.035   92.115   45.000   0.000   0.000   0.000   0.000   0.000   
6126.035   92.115   45.000   0.000   0.000   0.000   0.000   0.000   
6126.035   92.115   45.000   0.000   0.000   0.000   0.000   0.000   
6126.035   92.115   45.000   0.000   0.000   0.000   0.000   0.000   
6126.035   92.115   45.000   0.000   0.000   0.000   0.000   0.000   
6126.035   92.115   45.000   0.000   0.000   0.000   0.000   0.000   
6126.035   92.115   45.000   0.000   0.000   0.000   0.000   0.000   
6126.035   92.115   45.000   0.000   0.000   0.000   0.000   0.000   
