630.005   630.005   0.000   0.000   0.000   15.000   
630.005   630.005   0.000   0.000   0.000   13.000   
630.005   630.005   0.000   0.000   0.000   13.000   
630.005   630.005   0.000   0.000   0.000   16.000   
630.005   630.005   0.000   0.000   0.000   15.000   
630.005   630.005   0.000   0.000   0.000   13.000   
630.005   630.005   0.000   0.000   0.105   13.000   
630.005   630.005   0.000   0.000   -0.105   16.000   
630.005   630.005   0.000   0.000   0.000   15.000   
630.005   630.005   0.000   0.000   0.000   15.000   
630.005   630.005   -0.000   0.000   0.000   13.000   
630.005   630.005   -0.000   0.000   0.000   13.000   
630.005   630.005   0.000   0.000   -0.105   15.000   
630.005   630.005   0.000   0.000   0.000   15.000   
630.005   630.005   -0.000   0.000   0.000   17.000   
630.005   630.005   -0.000   0.000   0.000   15.000   
630.005   630.005   0.000   0.000   0.000   15.000   
630.005   630.005   0.000   0.000   0.000   17.000   
630.005   630.005   0.000   0.000   0.000   15.000   
630.005   630.005   0.000   0.000   0.000   15.000   
630.005   630.005   0.000   0.000   0.000   15.000   
630.005   630.005   0.000   0.000   0.000   16.000   
630.005   630.005   0.000   0.000   0.000   15.000   
630.005   630.005   0.000   0.000   0.000   14.000   
630.005   630.005   0.000   0.000   0.000   16.000   
630.005   630.005   0.000   0.000   0.000   16.000   
630.005   630.005   0.000   0.000   0.000   16.000   
630.005   630.005   0.000   0.000   0.000   16.000   
630.005   630.005   0.000   0.000   0.000   16.000   
630.005   630.005   0.000   0.000   0.000   15.000   
630.005   630.005   0.000   0.000   0.000   15.000   
630.005   630.005   0.000   0.000   0.000   15.000   
630.005   630.005   0.000   0.000   0.000   15.000   
630.005   630.005   0.000   0.000   0.000   15.000   
630.005   630.005   0.000   0.000   0.000   15.000   
630.005   630.005   0.000   0.000   0.000   13.000   
630.005   630.005   0.000   0.000   0.000   16.000   
630.005   630.005   0.000   0.000   0.000   16.000   
630.005   630.005   0.000   0.000   0.000   16.000   
630.005   630.005   0.000   0.000   0.000   16.000   
630.005   630.005   0.000   0.000   0.000   14.000   
630.005   630.005   0.000   0.000   0.000   13.000   
630.005   630.005   0.000   0.000   0.000   17.000   
630.005   630.005   0.000   0.000   0.000   12.000   
630.005   630.005   0.000   0.000   0.000   14.000   
630.005   630.005   0.000   0.000   0.000   13.000   
630.005   630.005   0.000   0.000   0.000   17.000   
630.005   630.005   0.000   0.000   0.000   18.000   
630.005   630.005   0.000   0.000   0.000   17.000   
630.005   630.005   0.000   0.000   0.000   13.000   
630.005   630.005   0.000   0.000   0.000   15.000   
630.005   630.005   0.000   0.000   0.000   13.000   
630.005   630.005   0.000   0.000   0.000   15.000   
630.005   630.005   0.000   0.000   0.000   15.000   
630.005   630.005   0.000   0.000   0.000   16.000   
630.005   630.005   0.000   0.000   0.000   17.000   
630.005   630.005   0.000   0.000   0.000   17.000   
630.005   630.005   0.000   0.000   0.000   13.000   
630.005   630.005   0.000   0.000   0.000   16.000   
630.005   630.005   0.000   0.000   0.000   15.000   
630.005   630.005   0.000   0.000   0.000   15.000   
630.005   630.005   0.000   0.000   0.000   15.000   
630.005   630.005   0.000   0.000   0.000   15.000   
630.005   630.005   0.000   0.000   0.000   14.000   
630.005   630.005   0.000   0.000   0.000   16.000   
630.005   630.005   0.000   0.000   0.000   16.000   
630.005   630.005   0.000   0.000   0.000   16.000   
630.005   630.005   0.000   0.000   0.000   15.000   
630.005   630.005   0.000   0.000   0.000   18.000   
630.005   630.005   0.000   0.000   0.000   15.000   
630.005   630.005   0.000   0.000   0.000   14.000   
630.005   630.005   0.000   0.000   0.000   16.000   
630.005   630.005   0.000   0.000   0.000   17.000   
630.005   630.005   0.000   0.000   0.000   14.000   
630.005   630.005   0.000   0.000   0.000   15.000   
630.005   630.005   0.000   0.000   0.000   15.000   
630.005   630.005   0.000   0.000   0.000   13.000   
630.005   630.005   0.000   0.000   0.000   14.000   
630.005   630.005   0.000   0.000   0.000   17.000   
630.005   630.005   0.000   0.000   0.000   14.000   
630.005   630.005   -0.000   0.000   0.105   14.000   
630.005   630.005   0.000   0.000   -0.105   17.000   
630.005   630.005   0.000   0.000   0.000   15.000   
630.005   630.005   0.000   0.000   0.000   17.000   
630.005   630.005   0.000   0.000   0.000   15.000   
630.005   630.005   0.000   0.000   0.000   16.000   
630.005   630.005   0.000   0.000   0.000   16.000   
630.005   630.005   0.000   0.000   0.000   16.000   
630.005   630.005   0.000   0.000   0.000   15.000   
630.005   630.005   0.000   0.000   0.000   16.000   
630.005   630.005   0.000   0.000   0.000   26.000   
630.005   630.005   0.000   0.000   0.000   24.000   
630.005   630.005   0.000   0.000   0.000   27.000   
630.005   630.005   0.000   0.000   0.000   27.000   
630.005   630.005   0.000   0.000   0.000   26.000   
630.005   630.005   0.000   0.000   0.000   24.000   
630.005   630.005   0.000   0.000   0.000   28.000   
630.005   630.005   0.000   0.000   0.000   27.000   
630.005   630.005   0.000   0.000   0.000   23.000   
630.005   630.005   0.000   0.000   0.000   28.000   
630.005   630.005   0.000   0.000   0.000   23.000   
630.005   630.005   0.000   0.000   0.000   28.000   
630.005   630.005   0.000   0.000   0.000   24.000   
630.005   630.005   0.000   0.000   0.000   27.000   
630.005   630.005   0.000   0.000   0.000   27.000   
630.005   630.005   0.000   0.000   0.000   29.000   
630.005   630.005   0.000   0.000   0.000   29.000   
630.005   630.005   0.000   0.000   0.000   29.000   
630.005   630.005   0.000   0.000   0.000   27.000   
630.005   630.005   0.000   0.000   0.000   28.000   
630.005   630.005   0.000   0.000   0.105   26.000   
630.005   630.005   0.000   0.000   -0.105   28.000   
630.005   630.005   0.000   0.000   0.000   28.000   
630.005   630.005   0.000   0.000   0.000   27.000   
630.005   630.005   0.000   0.000   0.000   26.000   
630.005   630.005   0.000   0.000   0.000   26.000   
630.005   630.005   0.000   0.000   0.000   27.000   
630.005   630.005   0.000   0.000   0.000   27.000   
630.005   630.005   0.000   0.000   0.000   28.000   
630.005   630.005   0.000   0.000   0.000   27.000   
630.005   630.005   0.000   0.000   0.000   27.000   
630.005   630.005   0.000   0.000   0.000   23.000   
630.005   630.005   0.000   0.000   0.000   24.000   
630.005   630.005   0.000   0.000   0.000   22.000   
630.005   630.005   0.000   0.000   0.000   27.000   
630.005   630.005   0.000   0.000   0.000   26.000   
630.005   630.005   0.000   0.000   0.000   27.000   
630.005   630.005   0.000   0.000   0.000   27.000   
630.005   630.005   0.000   0.000   0.000   29.000   
630.005   630.005   0.000   0.000   0.000   16.000   
630.005   630.005   0.000   0.000   0.000   16.000   
630.005   630.005   0.000   0.000   0.000   14.000   
630.005   630.005   0.000   0.000   0.000   15.000   
630.005   630.005   0.000   0.000   0.000   15.000   
630.005   630.005   0.000   0.000   0.000   13.000   
630.005   630.005   0.000   0.000   0.000   17.000   
630.005   630.005   0.000   0.000   0.000   15.000   
630.005   630.005   0.000   0.000   0.000   15.000   
630.005   630.005   0.000   0.000   0.000   13.000   
630.005   630.005   0.000   0.000   0.000   14.000   
630.005   630.005   0.000   0.000   0.000   14.000   
630.005   630.005   0.000   0.000   0.000   13.000   
630.005   630.005   0.000   0.000   0.105   12.000   
630.005   630.005   0.000   0.000   -0.105   15.000   
630.005   630.005   0.000   0.000   0.000   12.000   
630.005   630.005   0.000   0.000   0.000   17.000   
630.005   630.005   0.000   0.000   0.000   15.000   
630.005   630.005   0.000   0.000   0.000   13.000   
630.005   630.005   0.000   0.000   0.000   14.000   
630.005   630.005   0.000   0.000   0.000   13.000   
630.005   630.005   0.000   0.000   0.000   15.000   
630.005   630.005   0.000   0.000   0.000   13.000   
630.005   630.005   0.000   0.000   0.000   16.000   
630.005   630.005   0.000   0.000   0.000   13.000   
630.005   630.005   0.000   0.000   0.000   16.000   
630.005   630.005   0.000   0.000   0.000   13.000   
630.005   630.005   0.000   0.000   0.000   14.000   
630.005   630.005   0.000   0.000   0.000   12.000   
630.005   630.005   0.000   0.000   0.000   14.000   
630.005   630.005   0.000   0.000   0.000   15.000   
630.005   630.005   0.000   0.000   0.000   13.000   
630.005   630.005   0.000   0.000   0.000   13.000   
630.005   630.005   0.000   0.000   0.000   15.000   
630.005   630.005   0.000   0.000   0.000   13.000   
630.005   630.005   0.000   0.000   0.000   13.000   
630.005   630.005   0.000   0.000   0.000   15.000   
630.005   630.005   0.000   0.000   0.000   15.000   
630.005   630.005   0.000   0.000   0.000   13.000   
630.005   630.005   0.000   0.000   0.000   14.000   
630.005   630.005   0.000   0.000   0.000   16.000   
630.005   630.005   0.000   0.000   0.000   14.000   
630.005   630.005   0.000   0.000   0.000   15.000   
630.005   630.005   0.000   0.000   0.000   14.000   
630.005   630.005   0.000   0.000   0.000   16.000   
630.005   630.005   0.000   0.000   0.000   15.000   
630.005   630.005   0.000   0.000   0.000   15.000   
630.005   630.005   0.000   0.000   0.000   15.000   
630.005   630.005   0.000   0.000   0.000   15.000   
630.005   630.005   0.000   0.000   0.000   16.000   
630.005   630.005   0.000   0.000   0.000   14.000   
630.005   630.005   0.000   0.000   0.000   14.000   
630.005   630.005   0.000   0.000   0.000   15.000   
630.005   630.005   0.000   0.000   0.000   16.000   
630.005   630.005   0.000   0.000   0.000   15.000   
630.005   630.005   0.000   0.000   0.000   16.000   
630.005   630.005   0.000   0.000   0.000   13.000   
630.005   630.005   0.000   0.000   0.000   14.000   
630.005   630.005   0.000   0.000   0.000   15.000   
630.005   630.005   0.000   0.000   0.000   16.000   
630.005   630.005   0.000   0.000   0.000   16.000   
630.005   630.005   0.000   0.000   0.000   16.000   
630.005   630.005   0.000   0.000   0.000   14.000   
630.005   630.005   0.000   0.000   0.000   16.000   
630.005   630.005   0.000   0.000   0.000   17.000   
630.005   630.005   -0.000   0.000   0.105   15.000   
630.005   630.005   0.000   0.000   0.000   14.000   
630.005   630.005   0.000   0.000   -0.105   14.000   
630.005   630.005   0.000   0.000   0.000   15.000   
630.005   630.005   0.000   0.000   0.000   17.000   
630.005   630.005   0.000   0.000   0.000   15.000   
630.005   630.005   0.000   0.000   0.000   15.000   
630.005   630.005   0.000   0.000   0.000   16.000   
630.005   630.005   0.000   0.000   0.000   15.000   
630.005   630.005   0.000   0.000   0.000   15.000   
630.005   630.005   0.000   0.000   0.000   14.000   
630.005   630.005   0.000   0.000   0.000   13.000   
630.005   630.005   0.000   0.000   0.000   17.000   
630.005   630.005   0.000   0.000   0.000   15.000   
630.005   630.005   0.000   0.000   0.000   13.000   
630.005   630.005   0.000   0.000   0.000   15.000   
630.005   630.005   0.000   0.000   0.000   16.000   
630.005   630.005   0.000   0.000   0.000   13.000   
630.005   630.005   0.000   0.000   0.000   17.000   
630.005   630.005   0.000   0.000   0.000   15.000   
630.005   630.005   0.000   0.000   0.000   17.000   
630.005   630.005   0.000   0.000   0.000   17.000   
630.005   630.005   0.000   0.000   0.000   15.000   
630.005   630.005   0.000   0.000   0.000   14.000   
630.005   630.005   0.000   0.000   0.000   16.000   
630.005   630.005   0.000   0.000   0.000   15.000   
630.005   630.005   0.000   0.000   0.000   15.000   
630.005   630.005   0.000   0.000   0.000   16.000   
630.005   630.005   0.000   0.000   0.000   17.000   
630.005   630.005   0.000   0.000   0.000   16.000   
630.005   630.005   0.000   0.000   0.000   13.000   
630.005   630.005   0.000   0.000   0.000   17.000   
630.005   630.005   0.000   0.000   0.000   15.000   
630.005   630.005   0.000   0.000   0.000   16.000   
630.005   630.005   0.000   0.000   0.000   15.000   
630.005   630.005   0.000   0.000   0.000   16.000   
630.005   630.005   0.000   0.000   0.000   16.000   
630.005   630.005   0.000   0.000   0.000   15.000   
630.005   630.005   0.000   0.000   0.000   16.000   
630.005   630.005   0.000   0.000   0.000   15.000   
630.005   630.005   0.000   0.000   0.000   15.000   
630.005   630.005   0.000   0.000   0.000   15.000   
630.005   630.005   0.000   0.000   0.000   15.000   
630.005   630.005   0.000   0.000   0.000   14.000   
630.005   630.005   0.000   0.000   0.000   17.000   
630.005   630.005   0.000   0.000   0.000   15.000   
630.005   630.005   0.000   0.000   0.000   15.000   
630.005   630.005   0.000   0.000   0.000   15.000   
630.005   630.005   0.000   0.000   0.000   15.000   
630.005   630.005   0.000   0.000   -0.105   15.000   
630.005   630.005   0.000   0.000   0.000   15.000   
630.005   630.005   0.000   0.000   0.000   15.000   
630.005   630.005   0.000   0.000   0.000   15.000   
630.005   630.005   0.000   0.000   0.000   15.000   
630.005   630.005   0.000   0.000   0.000   6.000   
630.005   630.005   0.000   0.000   0.000   7.000   
630.005   630.005   0.000   0.000   0.000   7.000   
630.005   630.005   0.000   0.000   0.000   7.000   
630.005   630.005   0.000   0.000   0.000   6.000   
630.005   630.005   0.000   0.000   0.000   6.000   
630.005   630.005   0.000   0.000   0.000   8.000   
630.005   630.005   0.000   0.000   0.000   7.000   
630.005   630.005   0.000   0.000   0.000   7.000   
630.005   630.005   0.000   0.000   0.000   7.000   
630.005   630.005   0.000   0.000   0.000   8.000   
630.005   630.005   0.000   0.000   0.000   5.000   
630.005   630.005   0.000   0.000   0.000   6.000   
630.005   630.005   0.000   0.000   0.000   8.000   
630.005   630.005   0.000   0.000   0.000   7.000   
630.005   630.005   0.000   0.000   0.000   8.000   
630.005   630.005   0.000   0.000   0.000   7.000   
630.005   630.005   0.000   0.000   0.000   7.000   
630.005   630.005   0.000   0.000   0.000   7.000   
630.005   630.005   0.000   0.000   0.000   7.000   
630.005   630.005   0.000   0.000   0.000   7.000   
630.005   630.005   0.000   0.000   0.000   8.000   
630.005   630.005   0.000   0.000   0.000   8.000   
630.005   630.005   0.000   0.000   0.000   6.000   
630.005   630.005   0.000   0.000   0.000   7.000   
630.005   630.005   0.000   0.000   0.000   8.000   
630.005   630.005   0.000   0.000   0.000   6.000   
630.005   630.005   0.000   0.000   0.000   8.000   
630.005   630.005   0.000   0.000   0.000   5.000   
630.005   630.005   0.000   0.000   0.000   5.000   
630.005   630.005   0.000   0.000   0.000   6.000   
630.005   630.005   0.000   0.000   0.000   7.000   
630.005   630.005   0.000   0.000   0.000   7.000   
630.005   630.005   0.000   0.000   0.000   7.000   
630.005   630.005   0.000   0.000   0.000   5.000   
630.005   630.005   0.000   0.000   0.000   7.000   
630.005   630.005   0.000   0.000   0.000   8.000   
630.005   630.005   0.000   0.000   0.000   8.000   
630.005   630.005   0.000   0.000   0.000   6.000   
630.005   630.005   0.000   0.000   0.000   6.000   
630.005   630.005   0.000   0.000   0.000   15.000   
630.005   630.005   0.000   0.000   0.000   14.000   
630.005   630.005   -0.000   0.000   0.105   14.000   
630.005   630.005   0.000   0.000   -0.105   15.000   
630.005   630.005   0.000   0.000   0.000   15.000   
630.005   630.005   0.000   0.000   0.000   15.000   
630.005   630.005   0.000   0.000   0.000   15.000   
630.005   630.005   0.000   0.000   0.000   13.000   
630.005   630.005   0.000   0.000   0.000   15.000   
630.005   630.005   0.000   0.000   0.000   14.000   
630.005   630.005   0.000   0.000   0.000   15.000   
630.005   630.005   0.000   0.000   0.000   14.000   
630.005   630.005   0.000   0.000   0.000   15.000   
630.005   630.005   0.000   0.000   0.000   15.000   
630.005   630.005   0.000   0.000   0.000   15.000   
630.005   630.005   0.000   0.000   0.000   13.000   
630.005   630.005   0.000   0.000   0.000   15.000   
630.005   630.005   0.000   0.000   0.000   16.000   
630.005   630.005   0.000   0.000   0.000   15.000   
630.005   630.005   0.000   0.000   0.000   16.000   
630.005   630.005   0.000   0.000   0.000   15.000   
630.005   630.005   0.000   0.000   0.000   16.000   
630.005   630.005   0.000   0.000   0.000   15.000   
630.005   630.005   0.000   0.000   0.000   16.000   
630.005   630.005   0.000   0.000   0.000   14.000   
630.005   630.005   0.000   0.000   0.000   15.000   
630.005   630.005   0.000   0.000   0.000   15.000   
630.005   630.005   0.000   0.000   0.000   15.000   
630.005   630.005   0.000   0.000   0.000   16.000   
630.005   630.005   0.000   0.000   0.000   12.000   
630.005   630.005   0.000   0.000   0.000   17.000   
630.005   630.005   0.000   0.000   0.000   15.000   
630.005   630.005   0.000   0.000   0.000   15.000   
630.005   630.005   0.000   0.000   0.000   14.000   
630.005   630.005   0.000   0.000   0.000   15.000   
630.005   630.005   0.000   0.000   0.000   15.000   
630.005   630.005   0.000   0.000   0.000   15.000   
630.005   630.005   0.000   0.000   0.000   17.000   
630.005   630.005   0.000   0.000   0.000   15.000   
630.005   630.005   0.000   0.000   0.000   15.000   
630.005   630.005   0.000   0.000   0.000   17.000   
630.005   630.005   0.000   0.000   0.000   14.000   
630.005   630.005   0.000   0.000   0.000   16.000   
630.005   630.005   0.000   0.000   0.000   13.000   
630.005   630.005   0.000   0.000   0.105   13.000   
630.005   630.005   0.000   0.000   0.000   16.000   
630.005   630.005   0.000   0.000   0.000   17.000   
630.005   630.005   0.000   0.000   0.000   15.000   
630.005   630.005   0.000   0.000   0.105   16.000   
630.005   630.005   -0.000   0.000   0.105   13.000   
630.005   630.005   0.000   0.000   -0.105   17.000   
630.005   630.005   0.000   0.000   0.000   16.000   
630.005   630.005   0.000   0.000   0.000   15.000   
630.005   630.005   0.000   0.000   0.000   16.000   
630.005   630.005   0.000   0.000   0.000   17.000   
630.005   630.005   0.000   0.000   0.000   15.000   
630.005   630.005   0.000   0.000   0.000   15.000   
630.005   630.005   0.000   0.000   0.000   17.000   
630.005   630.005   0.000   0.000   0.000   16.000   
630.005   630.005   0.000   0.000   0.000   17.000   
630.005   630.005   0.000   0.000   0.000   16.000   
630.005   630.005   0.000   0.000   0.000   17.000   
630.005   630.005   0.000   0.000   0.000   17.000   
630.005   630.005   0.000   0.000   -0.105   17.000   
630.005   630.005   0.000   0.000   0.000   14.000   
630.005   630.005   0.000   0.000   0.000   13.000   
630.005   630.005   0.000   0.000   0.000   16.000   
630.005   630.005   0.000   0.000   0.000   14.000   
630.005   630.005   0.000   0.000   0.000   13.000   
630.005   630.005   0.000   0.000   0.000   16.000   
630.005   630.005   0.000   0.000   0.000   13.000   
630.005   630.005   0.000   0.000   0.000   17.000   
630.005   630.005   0.000   0.000   0.000   17.000   
630.005   630.005   0.000   0.000   0.000   17.000   
630.005   630.005   0.000   0.000   0.000   17.000   
630.005   630.005   0.000   0.000   0.000   16.000   
630.005   630.005   0.000   0.000   0.000   14.000   
630.005   630.005   0.000   0.000   0.000   13.000   
630.005   630.005   0.000   0.000   0.000   16.000   
630.005   630.005   0.000   0.000   0.000   16.000   
630.005   630.005   0.000   0.000   0.000   16.000   
630.005   630.005   0.000   0.000   0.000   17.000   
630.005   630.005   0.000   0.000   0.000   16.000   
630.005   630.005   0.000   0.000   0.000   17.000   
630.005   630.005   0.000   0.000   0.000   16.000   
630.005   630.005   0.000   0.000   0.000   17.000   
630.005   630.005   0.000   0.000   0.000   13.000   
630.005   630.005   0.000   0.000   0.000   16.000   
630.005   630.005   0.000   0.000   0.000   16.000   
630.005   630.005   0.000   0.000   0.000   16.000   
630.005   630.005   0.000   0.000   0.000   16.000   
630.005   630.005   0.000   0.000   0.000   15.000   
630.005   630.005   0.000   0.000   0.000   15.000   
630.005   630.005   0.000   0.000   0.000   16.000   
630.005   630.005   0.000   0.000   0.000   16.000   
630.005   630.005   0.000   0.000   0.000   16.000   
630.005   630.005   0.000   0.000   0.000   15.000   
630.005   630.005   0.000   0.000   0.000   15.000   
630.005   630.005   0.000   0.000   0.000   15.000   
630.005   630.005   0.000   0.000   0.000   14.000   
630.005   630.005   0.000   0.000   0.000   14.000   
630.005   630.005   0.000   0.000   0.000   16.000   
630.005   630.005   0.000   0.000   0.000   16.000   
630.005   630.005   0.000   0.000   0.000   15.000   
630.005   630.005   0.000   0.000   0.000   15.000   
630.005   630.005   0.000   0.000   0.000   16.000   
630.005   630.005   -0.000   0.000   0.000   13.000   
630.005   630.005   0.000   0.000   0.000   15.000   
630.005   630.005   0.000   0.000   0.000   16.000   
630.005   630.005   0.000   0.000   0.000   15.000   
630.005   630.005   0.000   0.000   0.000   15.000   
630.005   630.005   0.000   0.000   0.000   17.000   
630.005   630.005   0.000   0.000   0.000   13.000   
630.005   630.005   0.000   0.000   0.000   15.000   
630.005   630.005   0.000   0.000   0.000   15.000   
630.005   630.005   0.000   0.000   0.000   17.000   
630.005   630.005   0.000   0.000   0.000   16.000   
630.005   630.005   0.000   0.000   0.000   15.000   
630.005   630.005   0.000   0.000   0.000   17.000   
630.005   630.005   0.000   0.000   0.000   27.000   
630.005   630.005   0.000   0.000   0.000   22.000   
630.005   630.005   0.000   0.000   0.000   26.000   
630.005   630.005   0.000   0.000   0.000   25.000   
630.005   630.005   0.000   0.000   0.000   26.000   
630.005   630.005   0.000   0.000   0.000   25.000   
630.005   630.005   0.000   0.000   0.000   26.000   
630.005   630.005   0.000   0.000   0.000   26.000   
630.005   630.005   0.000   0.000   0.000   25.000   
630.005   630.005   0.000   0.000   0.000   27.000   
630.005   630.005   0.000   0.000   0.000   24.000   
630.005   630.005   0.000   0.000   0.000   27.000   
630.005   630.005   0.000   0.000   0.000   26.000   
630.005   630.005   0.000   0.000   0.000   24.000   
630.005   630.005   0.000   0.000   0.000   25.000   
630.005   630.005   0.000   0.000   0.000   24.000   
630.005   630.005   0.000   0.000   0.000   26.000   
630.005   630.005   0.000   0.000   0.000   25.000   
630.005   630.005   0.000   0.000   0.000   26.000   
630.005   630.005   0.000   0.000   0.000   25.000   
630.005   630.005   0.000   0.000   0.000   25.000   
630.005   630.005   0.000   0.000   0.000   22.000   
630.005   630.005   0.000   0.000   0.000   24.000   
630.005   630.005   0.000   0.000   0.000   25.000   
630.005   630.005   0.000   0.000   0.000   24.000   
630.005   630.005   0.000   0.000   0.000   22.000   
630.005   630.005   0.000   0.000   0.000   23.000   
630.005   630.005   0.000   0.000   0.000   25.000   
630.005   630.005   0.000   0.000   0.000   23.000   
630.005   630.005   0.000   0.000   0.000   25.000   
630.005   630.005   0.000   0.000   0.000   25.000   
630.005   630.005   0.000   0.000   0.000   24.000   
630.005   630.005   -0.000   0.000   0.000   26.000   
630.005   630.005   0.000   0.000   0.105   25.000   
630.005   630.005   0.000   0.000   0.000   23.000   
630.005   630.005   0.000   0.000   0.000   26.000   
630.005   630.005   0.000   0.000   0.000   24.000   
630.005   630.005   0.000   0.000   0.000   25.000   
630.005   630.005   0.000   0.000   0.000   23.000   
630.005   630.005   0.000   0.000   0.000   16.000   
630.005   630.005   0.000   0.000   0.000   14.000   
630.005   630.005   0.000   0.000   0.000   16.000   
630.005   630.005   0.000   0.000   0.000   16.000   
630.005   630.005   0.000   0.000   0.000   16.000   
630.005   630.005   0.000   0.000   0.000   13.000   
630.005   630.005   0.000   0.000   0.000   15.000   
630.005   630.005   0.000   0.000   0.000   16.000   
630.005   630.005   0.000   0.000   0.000   12.000   
630.005   630.005   0.000   0.000   0.000   15.000   
630.005   630.005   0.000   0.000   0.000   13.000   
630.005   630.005   0.000   0.000   0.000   14.000   
630.005   630.005   0.000   0.000   0.000   14.000   
630.005   630.005   0.000   0.000   0.000   15.000   
630.005   630.005   0.000   0.000   0.000   15.000   
630.005   630.005   0.000   0.000   0.000   15.000   
630.005   630.005   0.000   0.000   0.000   14.000   
630.005   630.005   0.000   0.000   0.000   15.000   
630.005   630.005   0.000   0.000   0.000   15.000   
630.005   630.005   0.000   0.000   0.000   15.000   
630.005   630.005   0.000   0.000   0.000   13.000   
630.005   630.005   0.000   0.000   0.000   15.000   
630.005   630.005   0.000   0.000   0.000   16.000   
630.005   630.005   0.000   0.000   0.000   14.000   
630.005   630.005   0.000   0.000   0.000   14.000   
630.005   630.005   0.000   0.000   0.000   13.000   
630.005   630.005   0.000   0.000   0.000   15.000   
630.005   630.005   0.000   0.000   0.000   13.000   
630.005   630.005   0.000   0.000   0.000   12.000   
630.005   630.005   0.000   0.000   0.000   15.000   
630.005   630.005   0.000   0.000   0.000   15.000   
630.005   630.005   0.000   0.000   0.000   14.000   
630.005   630.005   0.000   0.000   0.000   15.000   
630.005   630.005   0.000   0.000   0.000   15.000   
630.005   630.005   0.000   0.000   0.000   14.000   
630.005   630.005   0.000   0.000   0.000   15.000   
630.005   630.005   0.000   0.000   -0.105   14.000   
630.005   630.005   0.000   0.000   0.000   13.000   
630.005   630.005   0.000   0.000   0.000   13.000   
630.005   630.005   0.000   0.000   0.000   14.000   
630.005   630.005   0.000   0.000   0.000   15.000   
630.005   630.005   0.000   0.000   0.000   15.000   
630.005   630.005   0.000   0.000   0.000   14.000   
630.005   630.005   0.000   0.000   0.000   13.000   
630.005   630.005   0.000   0.000   0.000   15.000   
630.005   630.005   0.000   0.000   0.000   15.000   
630.005   630.005   0.000   0.000   0.000   15.000   
630.005   630.005   0.000   0.000   0.000   15.000   
630.005   630.005   0.000   0.000   0.000   16.000   
630.005   630.005   0.000   0.000   0.000   13.000   
630.005   630.005   0.000   0.000   0.000   14.000   
630.005   630.005   0.000   0.000   0.000   15.000   
630.005   630.005   0.000   0.000   0.000   16.000   
630.005   630.005   0.000   0.000   0.000   15.000   
630.005   630.005   0.000   0.000   0.000   14.000   
630.005   630.005   0.000   0.000   0.000   15.000   
630.005   630.005   0.000   0.000   0.000   12.000   
630.005   630.005   0.000   0.000   0.000   15.000   
630.005   630.005   0.000   0.000   0.000   17.000   
630.005   630.005   0.000   0.000   0.000   14.000   
630.005   630.005   0.000   0.000   0.000   15.000   
630.005   630.005   0.000   0.000   0.000   12.000   
630.005   630.005   0.000   0.000   0.000   16.000   
630.005   630.005   0.000   0.000   0.000   13.000   
630.005   630.005   0.000   0.000   0.000   13.000   
630.005   630.005   0.000   0.000   0.000   13.000   
630.005   630.005   0.000   0.000   0.000   14.000   
630.005   630.005   0.000   0.000   0.000   14.000   
630.005   630.005   0.000   0.000   0.000   13.000   
630.005   630.005   0.000   0.000   0.000   12.000   
630.005   630.005   0.000   0.000   0.000   15.000   
630.005   630.005   0.000   0.000   0.000   14.000   
630.005   630.005   0.000   0.000   0.000   15.000   
630.005   630.005   0.000   0.000   0.000   13.000   
630.005   630.005   0.000   0.000   0.105   14.000   
630.005   630.005   0.000   0.000   0.000   12.000   
630.005   630.005   -0.000   0.000   -0.105   14.000   
630.005   630.005   0.000   0.000   0.000   13.000   
630.005   630.005   0.000   0.000   0.000   14.000   
630.005   630.005   0.000   0.000   0.000   14.000   
630.005   630.005   0.000   0.000   0.000   16.000   
630.005   630.005   0.000   0.000   -0.105   16.000   
630.005   630.005   0.000   0.000   0.000   17.000   
630.005   630.005   0.000   0.000   0.000   13.000   
630.005   630.005   0.000   0.000   0.000   14.000   
630.005   630.005   0.000   0.000   0.000   16.000   
630.005   630.005   0.000   0.000   0.000   16.000   
630.005   630.005   -0.000   0.000   0.105   15.000   
630.005   630.005   0.000   0.000   -0.105   16.000   
630.005   630.005   0.000   0.000   0.000   14.000   
630.005   630.005   0.000   0.000   0.000   16.000   
630.005   630.005   0.000   0.000   0.000   15.000   
630.005   630.005   0.000   0.000   0.000   17.000   
630.005   630.005   0.000   0.000   0.000   16.000   
630.005   630.005   0.000   0.000   0.000   17.000   
630.005   630.005   0.000   0.000   0.000   15.000   
630.005   630.005   0.000   0.000   0.000   17.000   
630.005   630.005   0.000   0.000   0.000   15.000   
630.005   630.005   0.000   0.000   0.000   14.000   
630.005   630.005   0.000   0.000   0.000   13.000   
630.005   630.005   0.000   0.000   0.000   14.000   
630.005   630.005   0.000   0.000   0.000   15.000   
630.005   630.005   0.000   0.000   0.000   14.000   
630.005   630.005   0.000   0.000   0.000   15.000   
630.005   630.005   0.000   0.000   0.000   17.000   
630.005   630.005   0.000   0.000   0.000   16.000   
630.005   630.005   0.000   0.000   0.000   13.000   
630.005   630.005   0.000   0.000   0.000   17.000   
630.005   630.005   0.000   0.000   0.000   15.000   
630.005   630.005   0.000   0.000   0.000   15.000   
630.005   630.005   0.000   0.000   0.000   17.000   
630.005   630.005   0.000   0.000   0.000   14.000   
630.005   630.005   0.000   0.000   0.000   17.000   
630.005   630.005   0.000   0.000   0.000   13.000   
630.005   630.005   0.000   0.000   0.000   17.000   
630.005   630.005   0.000   0.000   0.000   16.000   
630.005   630.005   0.000   0.000   0.000   17.000   
630.005   630.005   0.000   0.000   0.000   15.000   
630.005   630.005   0.000   0.000   0.000   4.000   
630.005   630.005   0.000   0.000   0.000   5.000   
630.005   630.005   -0.000   0.000   0.000   4.000   
630.005   630.005   0.000   0.000   -0.105   5.000   
630.005   630.005   0.000   0.000   0.000   5.000   
630.005   630.005   0.000   0.000   0.000   7.000   
630.005   630.005   0.000   0.000   0.000   6.000   
630.005   630.005   0.000   0.000   0.000   6.000   
630.005   630.005   0.000   0.000   0.000   4.000   
630.005   630.005   0.000   0.000   0.000   6.000   
630.005   630.005   0.000   0.000   0.000   4.000   
630.005   630.005   0.000   0.000   0.000   4.000   
630.005   630.005   0.000   0.000   0.000   4.000   
630.005   630.005   -0.000   0.000   0.105   5.000   
630.005   630.005   0.000   0.000   -0.105   5.000   
630.005   630.005   0.000   0.000   0.000   5.000   
630.005   630.005   0.000   0.000   0.000   6.000   
630.005   630.005   0.000   0.000   0.000   5.000   
630.005   630.005   0.000   0.000   0.000   4.000   
630.005   630.005   0.000   0.000   0.000   5.000   
630.005   630.005   0.000   0.000   0.000   5.000   
630.005   630.005   0.000   0.000   0.000   6.000   
630.005   630.005   0.000   0.000   0.000   5.000   
630.005   630.005   0.000   0.000   0.000   4.000   
630.005   630.005   0.000   0.000   0.000   4.000   
630.005   630.005   0.000   0.000   0.000   6.000   
630.005   630.005   0.000   0.000   0.000   4.000   
630.005   630.005   0.000   0.000   0.000   4.000   
630.005   630.005   0.000   0.000   0.000   5.000   
630.005   630.005   0.000   0.000   0.000   3.000   
630.005   630.005   0.000   0.000   0.000   5.000   
630.005   630.005   0.000   0.000   0.000   4.000   
630.005   630.005   0.000   0.000   0.000   5.000   
630.005   630.005   0.000   0.000   0.000   6.000   
630.005   630.005   0.000   0.000   0.000   6.000   
630.005   630.005   0.000   0.000   0.000   4.000   
630.005   630.005   0.000   0.000   0.000   7.000   
630.005   630.005   0.000   0.000   0.000   6.000   
630.005   630.005   0.000   0.000   0.000   4.000   
630.005   630.005   0.000   0.000   0.000   4.000   
630.005   630.005   0.000   0.000   0.000   14.000   
630.005   630.005   0.000   0.000   0.000   16.000   
630.005   630.005   0.000   0.000   0.000   13.000   
630.005   630.005   0.000   0.000   0.000   15.000   
630.005   630.005   0.000   0.000   0.000   12.000   
630.005   630.005   0.000   0.000   0.000   15.000   
630.005   630.005   0.000   0.000   0.000   13.000   
630.005   630.005   0.000   0.000   0.000   15.000   
630.005   630.005   0.000   0.000   0.000   14.000   
630.005   630.005   0.000   0.000   0.000   14.000   
630.005   630.005   0.000   0.000   0.000   13.000   
630.005   630.005   0.000   0.000   0.000   15.000   
630.005   630.005   -0.000   0.000   0.000   14.000   
630.005   630.005   0.000   0.000   0.000   15.000   
630.005   630.005   0.000   0.000   0.000   15.000   
630.005   630.005   0.000   0.000   0.000   15.000   
630.005   630.005   0.000   0.000   0.000   14.000   
630.005   630.005   0.000   0.000   0.000   16.000   
630.005   630.005   0.000   0.000   0.000   15.000   
630.005   630.005   0.000   0.000   0.000   13.000   
630.005   630.005   0.000   0.000   0.000   13.000   
630.005   630.005   0.000   0.000   0.000   15.000   
630.005   630.005   0.000   0.000   0.000   15.000   
630.005   630.005   0.000   0.000   0.000   16.000   
630.005   630.005   0.000   0.000   0.000   15.000   
630.005   630.005   0.000   0.000   0.000   16.000   
630.005   630.005   0.000   0.000   0.000   15.000   
630.005   630.005   0.000   0.000   0.000   15.000   
630.005   630.005   0.000   0.000   0.000   17.000   
630.005   630.005   0.000   0.000   0.000   15.000   
630.005   630.005   0.000   0.000   0.000   16.000   
630.005   630.005   0.000   0.000   0.000   15.000   
630.005   630.005   0.000   0.000   0.000   16.000   
630.005   630.005   0.000   0.000   0.000   15.000   
630.005   630.005   0.000   0.000   0.000   14.000   
630.005   630.005   0.000   0.000   0.000   16.000   
630.005   630.005   0.000   0.000   0.000   15.000   
630.005   630.005   0.000   0.000   0.000   15.000   
630.005   630.005   0.000   0.000   0.000   15.000   
630.005   630.005   0.000   0.000   0.000   15.000   
630.005   630.005   0.000   0.000   0.000   15.000   
630.005   630.005   0.000   0.000   0.000   15.000   
630.005   630.005   0.000   0.000   0.000   16.000   
630.005   630.005   0.000   0.000   0.000   13.000   
630.005   630.005   0.000   0.000   0.000   14.000   
630.005   630.005   0.000   0.000   0.000   13.000   
630.005   630.005   0.000   0.000   0.000   16.000   
630.005   630.005   0.000   0.000   0.000   15.000   
630.005   630.005   0.000   0.000   0.000   13.000   
630.005   630.005   0.000   0.000   0.000   15.000   
630.005   630.005   0.000   0.000   0.000   15.000   
630.005   630.005   0.000   0.000   0.105   14.000   
630.005   630.005   0.000   0.000   -0.105   16.000   
630.005   630.005   -0.000   0.000   0.000   16.000   
630.005   630.005   0.000   0.000   0.000   15.000   
630.005   630.005   0.000   0.000   0.000   13.000   
630.005   630.005   0.000   0.000   0.000   16.000   
630.005   630.005   0.000   0.000   0.000   16.000   
630.005   630.005   0.000   0.000   0.000   16.000   
630.005   630.005   0.000   0.000   0.000   16.000   
630.005   630.005   0.000   0.000   0.000   16.000   
630.005   630.005   0.000   0.000   0.000   15.000   
630.005   630.005   0.000   0.000   0.000   15.000   
630.005   630.005   0.000   0.000   0.000   17.000   
630.005   630.005   0.000   0.000   0.000   17.000   
630.005   630.005   0.000   0.000   0.000   15.000   
630.005   630.005   0.000   0.000   0.000   13.000   
630.005   630.005   0.000   0.000   0.000   15.000   
630.005   630.005   0.000   0.000   0.000   16.000   
630.005   630.005   0.000   0.000   0.000   15.000   
630.005   630.005   0.000   0.000   0.000   16.000   
630.005   630.005   0.000   0.000   0.000   16.000   
630.005   630.005   0.000   0.000   0.000   15.000   
630.005   630.005   0.000   0.000   0.000   16.000   
630.005   630.005   0.000   0.000   0.000   17.000   
630.005   630.005   0.000   0.000   0.000   15.000   
630.005   630.005   0.000   0.000   0.000   16.000   
630.005   630.005   0.000   0.000   0.000   13.000   
630.005   630.005   0.000   0.000   0.000   15.000   
630.005   630.005   0.000   0.000   0.000   15.000   
630.005   630.005   0.000   0.000   0.000   16.000   
630.005   630.005   0.000   0.000   0.000   16.000   
630.005   630.005   0.000   0.000   0.000   14.000   
630.005   630.005   0.000   0.000   0.000   15.000   
630.005   630.005   0.000   0.000   0.000   16.000   
630.005   630.005   0.000   0.000   0.000   16.000   
630.005   630.005   0.000   0.000   0.000   13.000   
630.005   630.005   0.000   0.000   0.000   14.000   
630.005   630.005   0.000   0.000   0.000   15.000   
630.005   630.005   0.000   0.000   0.000   15.000   
630.005   630.005   0.000   0.000   0.000   15.000   
630.005   630.005   0.000   0.000   0.000   15.000   
630.005   630.005   0.000   0.000   0.000   15.000   
630.005   630.005   0.000   0.000   0.000   15.000   
630.005   630.005   0.000   0.000   0.000   17.000   
630.005   630.005   0.000   0.000   0.000   13.000   
630.005   630.005   0.000   0.000   0.000   16.000   
630.005   630.005   0.000   0.000   0.000   15.000   
630.005   630.005   0.000   0.000   0.000   15.000   
630.005   630.005   0.000   0.000   0.000   15.000   
630.005   630.005   0.000   0.000   0.000   15.000   
630.005   630.005   0.000   0.000   0.000   15.000   
630.005   630.005   0.000   0.000   0.000   15.000   
630.005   630.005   0.000   0.000   0.000   16.000   
630.005   630.005   0.000   0.000   0.000   16.000   
630.005   630.005   0.000   0.000   0.000   15.000   
630.005   630.005   0.000   0.000   0.000   15.000   
630.005   630.005   0.000   0.000   0.000   17.000   
630.005   630.005   0.000   0.000   0.000   15.000   
630.005   630.005   0.000   0.000   0.000   17.000   
630.005   630.005   0.000   0.000   0.000   16.000   
630.005   630.005   0.000   0.000   0.000   16.000   
630.005   630.005   0.000   0.000   0.000   15.000   
630.005   630.005   0.000   0.000   0.000   15.000   
630.005   630.005   0.000   0.000   0.000   16.000   
630.005   630.005   0.000   0.000   0.000   15.000   
630.005   630.005   0.000   0.000   0.000   15.000   
630.005   630.005   -0.000   0.000   0.105   16.000   
630.005   630.005   0.000   0.000   -0.105   12.000   
630.005   630.005   0.000   0.000   0.000   27.000   
630.005   630.005   0.000   0.000   0.000   24.000   
630.005   630.005   0.000   0.000   0.000   23.000   
630.005   630.005   0.000   0.000   0.000   23.000   
630.005   630.005   0.000   0.000   0.000   22.000   
630.005   630.005   0.000   0.000   0.000   25.000   
630.005   630.005   0.000   0.000   0.000   23.000   
630.005   630.005   0.000   0.000   0.000   25.000   
630.005   630.005   0.000   0.000   0.000   23.000   
630.005   630.005   0.000   0.000   0.000   24.000   
630.005   630.005   0.000   0.000   0.000   22.000   
630.005   630.005   0.000   0.000   0.000   23.000   
630.005   630.005   0.000   0.000   0.000   22.000   
630.005   630.005   0.000   0.000   0.000   24.000   
630.005   630.005   0.000   0.000   0.000   24.000   
630.005   630.005   0.000   0.000   0.000   24.000   
630.005   630.005   0.000   0.000   0.000   23.000   
630.005   630.005   0.000   0.000   0.000   24.000   
630.005   630.005   0.000   0.000   0.000   22.000   
630.005   630.005   0.000   0.000   0.000   23.000   
630.005   630.005   0.000   0.000   0.000   25.000   
630.005   630.005   0.000   0.000   0.000   22.000   
630.005   630.005   0.000   0.000   0.000   22.000   
630.005   630.005   0.000   0.000   0.000   23.000   
630.005   630.005   0.000   0.000   0.000   24.000   
630.005   630.005   0.000   0.000   0.000   22.000   
630.005   630.005   -0.000   0.000   0.105   22.000   
630.005   630.005   0.000   0.000   -0.105   22.000   
630.005   630.005   0.000   0.000   0.000   22.000   
630.005   630.005   0.000   0.000   0.000   23.000   
630.005   630.005   0.000   0.000   -0.105   22.000   
630.005   630.005   0.000   0.000   0.000   22.000   
630.005   630.005   0.000   0.000   0.000   25.000   
630.005   630.005   0.000   0.000   0.000   25.000   
630.005   630.005   0.000   0.000   0.000   24.000   
630.005   630.005   0.000   0.000   0.000   24.000   
630.005   630.005   -0.000   0.000   0.000   22.000   
630.005   630.005   0.000   0.000   0.000   22.000   
630.005   630.005   0.000   0.000   0.000   25.000   
630.005   630.005   0.000   0.000   0.000   23.000   
630.005   630.005   0.000   0.000   0.000   15.000   
630.005   630.005   0.000   0.000   0.000   15.000   
630.005   630.005   0.000   0.000   0.000   12.000   
630.005   630.005   0.000   0.000   0.000   15.000   
630.005   630.005   0.000   0.000   0.000   13.000   
630.005   630.005   0.000   0.000   0.000   15.000   
630.005   630.005   0.000   0.000   0.000   13.000   
630.005   630.005   0.000   0.000   0.000   15.000   
630.005   630.005   0.000   0.000   0.000   16.000   
630.005   630.005   0.000   0.000   0.000   15.000   
630.005   630.005   0.000   0.000   0.000   15.000   
630.005   630.005   0.000   0.000   0.000   13.000   
630.005   630.005   0.000   0.000   0.000   15.000   
630.005   630.005   0.000   0.000   0.000   13.000   
630.005   630.005   0.000   0.000   0.000   13.000   
630.005   630.005   0.000   0.000   0.000   14.000   
630.005   630.005   0.000   0.000   0.000   13.000   
630.005   630.005   0.000   0.000   0.000   14.000   
630.005   630.005   0.000   0.000   0.000   16.000   
630.005   630.005   0.000   0.000   0.000   13.000   
630.005   630.005   0.000   0.000   0.000   11.000   
630.005   630.005   0.000   0.000   0.000   15.000   
630.005   630.005   0.000   0.000   0.000   13.000   
630.005   630.005   0.000   0.000   0.000   12.000   
630.005   630.005   0.000   0.000   0.000   16.000   
630.005   630.005   0.000   0.000   0.000   13.000   
630.005   630.005   0.000   0.000   0.000   11.000   
630.005   630.005   0.000   0.000   0.000   13.000   
630.005   630.005   0.000   0.000   0.000   15.000   
630.005   630.005   0.000   0.000   0.000   15.000   
630.005   630.005   0.000   0.000   0.000   16.000   
630.005   630.005   0.000   0.000   0.000   14.000   
630.005   630.005   0.000   0.000   0.000   14.000   
630.005   630.005   0.000   0.000   0.000   15.000   
630.005   630.005   -0.000   0.000   0.000   15.000   
630.005   630.005   0.000   0.000   0.000   14.000   
630.005   630.005   0.000   0.000   0.000   15.000   
630.005   630.005   0.000   0.000   0.000   15.000   
630.005   630.005   0.000   0.000   0.000   14.000   
630.005   630.005   0.000   0.000   0.000   14.000   
630.005   630.005   0.000   0.000   0.000   16.000   
630.005   630.005   0.000   0.000   0.000   14.000   
630.005   630.005   0.000   0.000   0.000   15.000   
630.005   630.005   0.000   0.000   0.000   15.000   
630.005   630.005   0.000   0.000   0.000   15.000   
630.005   630.005   -0.000   0.000   0.105   15.000   
630.005   630.005   0.000   0.000   -0.105   13.000   
630.005   630.005   0.000   0.000   0.000   13.000   
630.005   630.005   0.000   0.000   0.000   15.000   
630.005   630.005   0.000   0.000   0.000   17.000   
630.005   630.005   0.000   0.000   0.000   12.000   
630.005   630.005   0.000   0.000   0.000   15.000   
630.005   630.005   0.000   0.000   0.000   15.000   
630.005   630.005   0.000   0.000   0.000   13.000   
630.005   630.005   0.000   0.000   0.000   15.000   
630.005   630.005   0.000   0.000   0.000   13.000   
630.005   630.005   0.000   0.000   0.000   15.000   
630.005   630.005   0.000   0.000   0.000   15.000   
630.005   630.005   0.000   0.000   0.000   14.000   
630.005   630.005   0.000   0.000   0.000   14.000   
630.005   630.005   0.000   0.000   0.000   15.000   
630.005   630.005   0.000   0.000   0.000   14.000   
630.005   630.005   0.000   0.000   0.000   16.000   
630.005   630.005   0.000   0.000   0.000   15.000   
630.005   630.005   0.000   0.000   0.000   13.000   
630.005   630.005   0.000   0.000   0.000   16.000   
630.005   630.005   0.000   0.000   0.000   16.000   
630.005   630.005   0.000   0.000   0.000   15.000   
630.005   630.005   0.000   0.000   0.000   15.000   
630.005   630.005   0.000   0.000   0.000   14.000   
630.005   630.005   0.000   0.000   0.000   16.000   
630.005   630.005   0.000   0.000   0.000   15.000   
630.005   630.005   0.000   0.000   0.000   14.000   
630.005   630.005   0.000   0.000   0.000   12.000   
630.005   630.005   0.000   0.000   0.000   15.000   
630.005   630.005   0.000   0.000   0.000   14.000   
630.005   630.005   0.000   0.000   0.000   16.000   
630.005   630.005   0.000   0.000   0.000   16.000   
630.005   630.005   0.000   0.000   0.000   14.000   
630.005   630.005   0.000   0.000   0.000   16.000   
630.005   630.005   0.000   0.000   0.000   15.000   
630.005   630.005   0.000   0.000   0.000   14.000   
630.005   630.005   0.000   0.000   0.000   15.000   
630.005   630.005   0.000   0.000   0.000   15.000   
630.005   630.005   0.000   0.000   0.000   15.000   
630.005   630.005   0.000   0.000   0.000   15.000   
630.005   630.005   0.000   0.000   0.000   16.000   
630.005   630.005   0.000   0.000   0.000   16.000   
630.005   630.005   0.000   0.000   0.000   15.000   
630.005   630.005   0.000   0.000   0.000   16.000   
630.005   630.005   0.000   0.000   0.000   14.000   
630.005   630.005   -0.000   0.000   0.105   14.000   
630.005   630.005   0.000   0.000   -0.105   13.000   
630.005   630.005   0.000   0.000   0.000   13.000   
630.005   630.005   0.000   0.000   0.000   15.000   
630.005   630.005   0.000   0.000   0.000   13.000   
630.005   630.005   0.000   0.000   0.000   15.000   
630.005   630.005   0.000   0.000   0.000   15.000   
630.005   630.005   0.000   0.000   0.000   15.000   
630.005   630.005   0.000   0.000   0.000   15.000   
630.005   630.005   0.000   0.000   0.000   15.000   
630.005   630.005   0.000   0.000   0.000   16.000   
630.005   630.005   0.000   0.000   0.000   16.000   
630.005   630.005   0.000   0.000   0.000   15.000   
630.005   630.005   0.000   0.000   0.000   14.000   
630.005   630.005   0.000   0.000   0.000   15.000   
630.005   630.005   0.000   0.000   0.000   15.000   
630.005   630.005   0.000   0.000   0.000   13.000   
630.005   630.005   0.000   0.000   0.000   16.000   
630.005   630.005   0.000   0.000   0.000   15.000   
630.005   630.005   0.000   0.000   0.000   15.000   
630.005   630.005   0.000   0.000   0.000   14.000   
630.005   630.005   0.000   0.000   0.000   13.000   
630.005   630.005   0.000   0.000   0.000   17.000   
630.005   630.005   0.000   0.000   0.000   16.000   
630.005   630.005   0.000   0.000   0.000   16.000   
630.005   630.005   0.000   0.000   0.000   14.000   
630.005   630.005   0.000   0.000   0.000   16.000   
630.005   630.005   0.000   0.000   0.000   15.000   
630.005   630.005   0.000   0.000   0.000   5.000   
630.005   630.005   0.000   0.000   0.000   8.000   
630.005   630.005   0.000   0.000   0.000   6.000   
630.005   630.005   0.000   0.000   0.000   5.000   
630.005   630.005   0.000   0.000   0.000   5.000   
630.005   630.005   -0.000   0.000   0.000   5.000   
630.005   630.005   0.000   0.000   0.000   7.000   
630.005   630.005   0.000   0.000   0.000   7.000   
630.005   630.005   0.000   0.000   0.000   6.000   
630.005   630.005   0.000   0.000   0.000   4.000   
630.005   630.005   0.000   0.000   0.000   5.000   
630.005   630.005   0.000   0.000   -0.105   6.000   
630.005   630.005   0.000   0.000   0.000   7.000   
630.005   630.005   0.000   0.000   0.000   6.000   
630.005   630.005   0.000   0.000   0.000   5.000   
630.005   630.005   0.000   0.000   0.000   5.000   
630.005   630.005   0.000   0.000   0.000   5.000   
630.005   630.005   0.000   0.000   0.000   7.000   
630.005   630.005   0.000   0.000   0.000   4.000   
630.005   630.005   0.000   0.000   0.000   5.000   
630.005   630.005   0.000   0.000   0.000   2.000   
630.005   630.005   0.000   0.000   0.000   5.000   
630.005   630.005   0.000   0.000   0.000   5.000   
630.005   630.005   0.000   0.000   0.000   3.000   
630.005   630.005   0.000   0.000   0.000   3.000   
630.005   630.005   0.000   0.000   0.000   6.000   
630.005   630.005   0.000   0.000   0.000   6.000   
630.005   630.005   0.000   0.000   0.000   6.000   
630.005   630.005   0.000   0.000   0.000   5.000   
630.005   630.005   0.000   0.000   0.000   5.000   
630.005   630.005   0.000   0.000   0.000   5.000   
630.005   630.005   0.000   0.000   0.000   6.000   
630.005   630.005   0.000   0.000   0.000   6.000   
630.005   630.005   0.000   0.000   0.000   3.000   
630.005   630.005   0.000   0.000   0.000   7.000   
630.005   630.005   0.000   0.000   0.000   6.000   
630.005   630.005   0.000   0.000   0.000   4.000   
630.005   630.005   0.000   0.000   0.000   5.000   
630.005   630.005   0.000   0.000   0.000   6.000   
630.005   630.005   0.000   0.000   0.000   5.000   
630.005   630.005   0.000   0.000   0.000   12.000   
630.005   630.005   0.000   0.000   0.000   15.000   
630.005   630.005   0.000   0.000   0.000   14.000   
630.005   630.005   0.000   0.000   0.000   12.000   
630.005   630.005   0.000   0.000   0.000   16.000   
630.005   630.005   0.000   0.000   0.000   15.000   
630.005   630.005   0.000   0.000   0.000   15.000   
630.005   630.005   0.000   0.000   0.000   15.000   
630.005   630.005   0.000   0.000   0.000   13.000   
630.005   630.005   0.000   0.000   0.000   15.000   
630.005   630.005   0.000   0.000   0.000   16.000   
630.005   630.005   0.000   0.000   0.000   14.000   
630.005   630.005   0.000   0.000   0.000   15.000   
630.005   630.005   0.000   0.000   0.000   14.000   
630.005   630.005   0.000   0.000   0.000   15.000   
630.005   630.005   0.000   0.000   0.000   16.000   
630.005   630.005   -0.000   0.000   0.000   15.000   
630.005   630.005   0.000   0.000   -0.105   13.000   
630.005   630.005   0.000   0.000   0.000   14.000   
630.005   630.005   -0.000   0.000   0.000   15.000   
630.005   630.005   0.000   0.000   0.000   15.000   
630.005   630.005   0.000   0.000   0.000   15.000   
630.005   630.005   0.000   0.000   0.000   15.000   
630.005   630.005   0.000   0.000   0.000   14.000   
630.005   630.005   0.000   0.000   0.000   14.000   
630.005   630.005   0.000   0.000   0.000   15.000   
630.005   630.005   0.000   0.000   0.000   15.000   
630.005   630.005   0.000   0.000   0.000   15.000   
630.005   630.005   0.000   0.000   0.000   13.000   
630.005   630.005   0.000   0.000   0.000   14.000   
630.005   630.005   0.000   0.000   0.000   12.000   
630.005   630.005   0.000   0.000   0.000   14.000   
630.005   630.005   0.000   0.000   0.000   14.000   
630.005   630.005   0.000   0.000   0.000   16.000   
630.005   630.005   0.000   0.000   0.000   16.000   
630.005   630.005   0.000   0.000   0.000   15.000   
630.005   630.005   0.000   0.000   0.000   15.000   
630.005   630.005   0.000   0.000   0.000   16.000   
630.005   630.005   0.000   0.000   0.000   17.000   
630.005   630.005   0.000   0.000   0.000   13.000   
630.005   630.005   0.000   0.000   0.000   15.000   
630.005   630.005   0.000   0.000   0.000   12.000   
630.005   630.005   0.000   0.000   0.000   15.000   
630.005   630.005   0.000   0.000   0.000   12.000   
630.005   630.005   0.000   0.000   0.000   16.000   
630.005   630.005   0.000   0.000   0.000   14.000   
630.005   630.005   0.000   0.000   0.000   16.000   
630.005   630.005   0.000   0.000   0.000   14.000   
630.005   630.005   0.000   0.000   0.000   17.000   
630.005   630.005   0.000   0.000   0.000   15.000   
630.005   630.005   0.000   0.000   0.000   15.000   
630.005   630.005   0.000   0.000   0.000   16.000   
630.005   630.005   0.000   0.000   0.000   14.000   
630.005   630.005   0.000   0.000   0.000   14.000   
630.005   630.005   0.000   0.000   0.000   14.000   
630.005   630.005   0.000   0.000   0.000   15.000   
630.005   630.005   0.000   0.000   0.000   15.000   
630.005   630.005   -0.000   0.000   0.105   16.000   
630.005   630.005   -0.000   0.000   0.000   12.000   
630.005   630.005   0.000   0.000   -0.105   12.000   
630.005   630.005   0.000   0.000   0.000   15.000   
630.005   630.005   0.000   0.000   0.000   15.000   
630.005   630.005   0.000   0.000   0.000   14.000   
630.005   630.005   0.000   0.000   0.000   13.000   
630.005   630.005   0.000   0.000   0.000   15.000   
630.005   630.005   0.000   0.000   0.000   15.000   
630.005   630.005   0.000   0.000   0.000   13.000   
630.005   630.005   0.000   0.000   0.000   12.000   
630.005   630.005   0.000   0.000   0.000   13.000   
630.005   630.005   0.000   0.000   0.105   15.000   
630.005   630.005   0.000   0.000   -0.105   14.000   
630.005   630.005   0.000   0.000   0.000   16.000   
630.005   630.005   0.000   0.000   0.000   15.000   
630.005   630.005   0.000   0.000   0.000   15.000   
630.005   630.005   0.000   0.000   0.000   15.000   
630.005   630.005   0.000   0.000   0.000   15.000   
630.005   630.005   0.000   0.000   0.000   15.000   
630.005   630.005   0.000   0.000   0.000   15.000   
630.005   630.005   0.000   0.000   0.000   16.000   
630.005   630.005   0.000   0.000   0.000   12.000   
630.005   630.005   0.000   0.000   0.000   15.000   
630.005   630.005   0.000   0.000   0.000   13.000   
630.005   630.005   0.000   0.000   0.000   16.000   
630.005   630.005   0.000   0.000   0.000   16.000   
630.005   630.005   0.000   0.000   0.000   14.000   
630.005   630.005   0.000   0.000   0.000   13.000   
630.005   630.005   0.000   0.000   0.000   15.000   
630.005   630.005   0.000   0.000   0.000   16.000   
630.005   630.005   0.000   0.000   0.000   16.000   
630.005   630.005   0.000   0.000   0.000   16.000   
630.005   630.005   0.000   0.000   0.000   16.000   
630.005   630.005   0.000   0.000   0.000   13.000   
630.005   630.005   0.000   0.000   0.000   16.000   
630.005   630.005   0.000   0.000   0.000   17.000   
630.005   630.005   0.000   0.000   0.000   17.000   
630.005   630.005   0.000   0.000   0.000   14.000   
630.005   630.005   0.000   0.000   0.000   15.000   
630.005   630.005   0.000   0.000   0.000   16.000   
630.005   630.005   0.000   0.000   0.000   14.000   
630.005   630.005   0.000   0.000   0.000   16.000   
630.005   630.005   0.000   0.000   0.105   16.000   
630.005   630.005   0.000   0.000   -0.105   16.000   
630.005   630.005   0.000   0.000   0.000   17.000   
630.005   630.005   0.000   0.000   0.000   13.000   
630.005   630.005   0.000   0.000   0.000   15.000   
630.005   630.005   0.000   0.000   0.000   17.000   
630.005   630.005   0.000   0.000   0.000   17.000   
630.005   630.005   0.000   0.000   -0.105   17.000   
630.005   630.005   0.000   0.000   0.000   16.000   
630.005   630.005   0.000   0.000   0.000   17.000   
630.005   630.005   0.000   0.000   0.000   16.000   
630.005   630.005   0.000   0.000   0.000   16.000   
630.005   630.005   0.000   0.000   0.000   15.000   
630.005   630.005   0.000   0.000   0.000   15.000   
630.005   630.005   0.000   0.000   0.000   17.000   
630.005   630.005   0.000   0.000   0.000   15.000   
630.005   630.005   0.000   0.000   0.000   16.000   
630.005   630.005   0.000   0.000   0.000   15.000   
630.005   630.005   0.000   0.000   0.000   26.000   
630.005   630.005   0.000   0.000   0.000   25.000   
630.005   630.005   0.000   0.000   0.000   25.000   
630.005   630.005   0.000   0.000   0.000   25.000   
630.005   630.005   0.000   0.000   0.000   26.000   
630.005   630.005   0.000   0.000   0.000   24.000   
630.005   630.005   0.000   0.000   0.000   25.000   
630.005   630.005   0.000   0.000   0.000   25.000   
630.005   630.005   0.000   0.000   0.000   25.000   
630.005   630.005   0.000   0.000   0.000   24.000   
630.005   630.005   0.000   0.000   0.000   24.000   
630.005   630.005   0.000   0.000   0.000   24.000   
630.005   630.005   0.000   0.000   0.000   26.000   
630.005   630.005   0.000   0.000   0.000   25.000   
630.005   630.005   0.000   0.000   0.000   26.000   
630.005   630.005   0.000   0.000   0.000   26.000   
630.005   630.005   0.000   0.000   0.000   25.000   
630.005   630.005   0.000   0.000   0.000   26.000   
630.005   630.005   0.000   0.000   0.000   24.000   
630.005   630.005   0.000   0.000   0.000   24.000   
630.005   630.005   0.000   0.000   0.000   23.000   
630.005   630.005   0.000   0.000   0.000   24.000   
630.005   630.005   0.000   0.000   0.000   26.000   
630.005   630.005   0.000   0.000   0.000   24.000   
630.005   630.005   0.000   0.000   0.000   25.000   
630.005   630.005   0.000   0.000   0.000   24.000   
630.005   630.005   0.000   0.000   0.000   24.000   
630.005   630.005   0.000   0.000   0.000   24.000   
630.005   630.005   0.000   0.000   0.000   23.000   
630.005   630.005   0.000   0.000   0.000   25.000   
630.005   630.005   0.000   0.000   0.000   26.000   
630.005   630.005   0.000   0.000   0.000   24.000   
630.005   630.005   0.000   0.000   0.000   26.000   
630.005   630.005   0.000   0.000   0.000   25.000   
630.005   630.005   0.000   0.000   -0.105   24.000   
630.005   630.005   -0.000   0.000   0.105   24.000   
630.005   630.005   0.000   0.000   -0.105   25.000   
630.005   630.005   0.000   0.000   0.000   25.000   
630.005   630.005   0.000   0.000   0.000   25.000   
630.005   630.005   0.000   0.000   0.000   15.000   
630.005   630.005   0.000   0.000   0.000   15.000   
630.005   630.005   0.000   0.000   0.000   15.000   
630.005   630.005   0.000   0.000   0.000   15.000   
630.005   630.005   0.000   0.000   0.000   14.000   
630.005   630.005   0.000   0.000   0.000   15.000   
630.005   630.005   0.000   0.000   0.000   15.000   
630.005   630.005   0.000   0.000   0.000   16.000   
630.005   630.005   0.000   0.000   0.000   15.000   
630.005   630.005   0.000   0.000   0.000   14.000   
630.005   630.005   0.000   0.000   0.000   15.000   
630.005   630.005   0.000   0.000   0.000   13.000   
630.005   630.005   0.000   0.000   0.000   12.000   
630.005   630.005   0.000   0.000   0.000   15.000   
630.005   630.005   0.000   0.000   0.000   15.000   
630.005   630.005   0.000   0.000   0.000   13.000   
630.005   630.005   0.000   0.000   0.000   14.000   
630.005   630.005   0.000   0.000   0.000   17.000   
630.005   630.005   0.000   0.000   0.000   15.000   
630.005   630.005   0.000   0.000   0.000   14.000   
630.005   630.005   0.000   0.000   0.000   15.000   
630.005   630.005   0.000   0.000   0.000   15.000   
630.005   630.005   0.000   0.000   0.000   13.000   
630.005   630.005   0.000   0.000   0.000   15.000   
630.005   630.005   0.000   0.000   0.000   15.000   
630.005   630.005   0.000   0.000   0.000   15.000   
630.005   630.005   0.000   0.000   0.000   16.000   
630.005   630.005   0.000   0.000   0.000   13.000   
630.005   630.005   0.000   0.000   0.000   17.000   
630.005   630.005   0.000   0.000   0.000   16.000   
630.005   630.005   0.000   0.000   0.000   13.000   
630.005   630.005   0.000   0.000   0.000   14.000   
630.005   630.005   0.000   0.000   0.000   17.000   
630.005   630.005   0.000   0.000   0.000   16.000   
630.005   630.005   0.000   0.000   0.000   14.000   
630.005   630.005   0.000   0.000   0.000   15.000   
630.005   630.005   0.000   0.000   0.000   14.000   
630.005   630.005   0.000   0.000   0.000   15.000   
630.005   630.005   0.000   0.000   0.000   15.000   
630.005   630.005   0.000   0.000   0.000   14.000   
630.005   630.005   0.000   0.000   0.000   14.000   
630.005   630.005   0.000   0.000   0.000   14.000   
630.005   630.005   0.000   0.000   0.000   14.000   
630.005   630.005   0.000   0.000   0.000   15.000   
630.005   630.005   -0.000   0.000   0.105   17.000   
630.005   630.005   0.000   0.000   -0.105   15.000   
630.005   630.005   0.000   0.000   0.000   15.000   
630.005   630.005   0.000   0.000   0.000   13.000   
630.005   630.005   0.000   0.000   0.000   16.000   
630.005   630.005   0.000   0.000   0.000   15.000   
630.005   630.005   0.000   0.000   0.000   14.000   
630.005   630.005   0.000   0.000   0.000   16.000   
630.005   630.005   0.000   0.000   0.000   13.000   
630.005   630.005   0.000   0.000   0.000   14.000   
630.005   630.005   0.000   0.000   0.000   14.000   
630.005   630.005   0.000   0.000   0.000   13.000   
630.005   630.005   0.000   0.000   0.000   16.000   
630.005   630.005   0.000   0.000   0.000   13.000   
630.005   630.005   0.000   0.000   0.000   13.000   
630.005   630.005   0.000   0.000   0.000   15.000   
630.005   630.005   0.000   0.000   0.000   15.000   
630.005   630.005   0.000   0.000   0.000   15.000   
630.005   630.005   0.000   0.000   0.000   14.000   
630.005   630.005   0.000   0.000   0.000   13.000   
630.005   630.005   0.000   0.000   0.000   15.000   
630.005   630.005   0.000   0.000   0.000   14.000   
630.005   630.005   0.000   0.000   0.000   15.000   
630.005   630.005   0.000   0.000   0.000   15.000   
630.005   630.005   0.000   0.000   0.000   14.000   
630.005   630.005   0.000   0.000   0.000   15.000   
630.005   630.005   0.000   0.000   0.000   14.000   
630.005   630.005   0.000   0.000   0.000   15.000   
630.005   630.005   0.000   0.000   0.000   15.000   
630.005   630.005   0.000   0.000   0.000   14.000   
630.005   630.005   0.000   0.000   0.000   13.000   
630.005   630.005   0.000   0.000   0.000   17.000   
630.005   630.005   0.000   0.000   0.000   17.000   
630.005   630.005   0.000   0.000   0.000   14.000   
630.005   630.005   0.000   0.000   0.000   13.000   
630.005   630.005   0.000   0.000   0.000   15.000   
630.005   630.005   0.000   0.000   0.000   15.000   
630.005   630.005   0.000   0.000   0.000   15.000   
630.005   630.005   0.000   0.000   0.000   14.000   
630.005   630.005   0.000   0.000   0.000   16.000   
630.005   630.005   0.000   0.000   0.000   15.000   
630.005   630.005   0.000   0.000   0.000   15.000   
630.005   630.005   0.000   0.000   0.000   14.000   
630.005   630.005   0.000   0.000   0.000   13.000   
630.005   630.005   -0.000   0.000   0.000   15.000   
630.005   630.005   0.000   0.000   0.000   14.000   
630.005   630.005   0.000   0.000   0.000   15.000   
630.005   630.005   0.000   0.000   0.000   15.000   
630.005   630.005   0.000   0.000   0.105   15.000   
630.005   630.005   0.000   0.000   -0.105   16.000   
630.005   630.005   0.000   0.000   0.000   15.000   
630.005   630.005   0.000   0.000   0.000   16.000   
630.005   630.005   0.000   0.000   0.000   15.000   
630.005   630.005   0.000   0.000   0.000   15.000   
630.005   630.005   0.000   0.000   0.000   15.000   
630.005   630.005   0.000   0.000   0.000   16.000   
630.005   630.005   0.000   0.000   0.000   15.000   
630.005   630.005   0.000   0.000   0.000   15.000   
630.005   630.005   0.000   0.000   0.000   17.000   
630.005   630.005   0.000   0.000   0.000   15.000   
630.005   630.005   0.000   0.000   0.000   15.000   
630.005   630.005   0.000   0.000   0.000   15.000   
630.005   630.005   0.000   0.000   0.000   17.000   
630.005   630.005   0.000   0.000   0.000   15.000   
630.005   630.005   0.000   0.000   0.000   15.000   
630.005   630.005   0.000   0.000   0.000   15.000   
630.005   630.005   0.000   0.000   0.000   14.000   
630.005   630.005   0.000   0.000   0.000   13.000   
630.005   630.005   0.000   0.000   0.000   15.000   
630.005   630.005   0.000   0.000   0.000   15.000   
630.005   630.005   0.000   0.000   0.000   15.000   
630.005   630.005   0.000   0.000   0.000   15.000   
630.005   630.005   0.000   0.000   0.000   13.000   
630.005   630.005   0.000   0.000   0.000   13.000   
630.005   630.005   0.000   0.000   0.000   13.000   
630.005   630.005   0.000   0.000   0.000   6.000   
630.005   630.005   0.000   0.000   0.000   4.000   
630.005   630.005   0.000   0.000   0.000   7.000   
630.005   630.005   0.000   0.000   0.000   7.000   
630.005   630.005   0.000   0.000   0.000   5.000   
630.005   630.005   0.000   0.000   0.000   6.000   
630.005   630.005   0.000   0.000   0.000   8.000   
630.005   630.005   0.000   0.000   0.000   6.000   
630.005   630.005   0.000   0.000   0.000   7.000   
630.005   630.005   0.000   0.000   0.000   6.000   
630.005   630.005   0.000   0.000   0.000   7.000   
630.005   630.005   0.000   0.000   0.000   8.000   
630.005   630.005   0.000   0.000   0.000   6.000   
630.005   630.005   0.000   0.000   0.000   4.000   
630.005   630.005   0.000   0.000   0.000   7.000   
630.005   630.005   0.000   0.000   0.000   5.000   
630.005   630.005   0.000   0.000   0.000   7.000   
630.005   630.005   0.000   0.000   0.000   5.000   
630.005   630.005   0.000   0.000   0.000   7.000   
630.005   630.005   0.000   0.000   0.000   8.000   
630.005   630.005   0.000   0.000   0.000   8.000   
630.005   630.005   0.000   0.000   0.000   7.000   
630.005   630.005   0.000   0.000   0.000   7.000   
630.005   630.005   0.000   0.000   0.000   6.000   
630.005   630.005   0.000   0.000   0.000   6.000   
630.005   630.005   0.000   0.000   0.000   7.000   
630.005   630.005   0.000   0.000   0.000   8.000   
630.005   630.005   0.000   0.000   0.000   8.000   
630.005   630.005   0.000   0.000   0.000   5.000   
630.005   630.005   0.000   0.000   0.000   6.000   
630.005   630.005   0.000   0.000   0.000   7.000   
630.005   630.005   0.000   0.000   0.000   5.000   
630.005   630.005   0.000   0.000   0.000   6.000   
630.005   630.005   0.000   0.000   0.000   7.000   
630.005   630.005   0.000   0.000   0.000   7.000   
630.005   630.005   0.000   0.000   0.000   7.000   
630.005   630.005   0.000   0.000   0.000   7.000   
630.005   630.005   0.000   0.000   0.000   3.000   
630.005   630.005   0.000   0.000   0.000   8.000   
630.005   630.005   0.000   0.000   0.000   4.000   
630.005   630.005   0.000   0.000   0.000   15.000   
630.005   630.005   0.000   0.000   0.000   14.000   
630.005   630.005   0.000   0.000   0.000   14.000   
630.005   630.005   0.000   0.000   0.000   15.000   
630.005   630.005   0.000   0.000   0.000   13.000   
630.005   630.005   0.000   0.000   0.000   15.000   
630.005   630.005   0.000   0.000   0.000   16.000   
630.005   630.005   0.000   0.000   0.000   16.000   
630.005   630.005   0.000   0.000   0.000   14.000   
630.005   630.005   0.000   0.000   0.000   16.000   
630.005   630.005   0.000   0.000   0.000   15.000   
630.005   630.005   0.000   0.000   0.000   15.000   
630.005   630.005   0.000   0.000   0.000   13.000   
630.005   630.005   0.000   0.000   0.000   16.000   
630.005   630.005   0.000   0.000   0.000   13.000   
630.005   630.005   0.000   0.000   0.000   13.000   
630.005   630.005   -0.000   0.000   0.000   17.000   
630.005   630.005   0.000   0.000   -0.105   14.000   
630.005   630.005   0.000   0.000   0.000   13.000   
630.005   630.005   0.000   0.000   0.000   14.000   
630.005   630.005   0.000   0.000   0.000   15.000   
630.005   630.005   0.000   0.000   0.000   15.000   
630.005   630.005   0.000   0.000   0.000   14.000   
630.005   630.005   0.000   0.000   0.000   14.000   
630.005   630.005   0.000   0.000   0.000   15.000   
630.005   630.005   0.000   0.000   0.000   15.000   
630.005   630.005   0.000   0.000   0.000   14.000   
630.005   630.005   0.000   0.000   0.000   14.000   
630.005   630.005   0.000   0.000   0.000   13.000   
630.005   630.005   0.000   0.000   0.000   15.000   
630.005   630.005   0.000   0.000   0.000   14.000   
630.005   630.005   0.000   0.000   0.000   16.000   
630.005   630.005   0.000   0.000   0.000   15.000   
630.005   630.005   0.000   0.000   0.000   15.000   
630.005   630.005   0.000   0.000   0.000   15.000   
630.005   630.005   0.000   0.000   0.000   15.000   
630.005   630.005   0.000   0.000   0.000   14.000   
630.005   630.005   0.000   0.000   0.000   15.000   
630.005   630.005   0.000   0.000   0.000   15.000   
630.005   630.005   0.000   0.000   0.000   15.000   
630.005   630.005   0.000   0.000   0.000   16.000   
630.005   630.005   0.000   0.000   0.000   17.000   
630.005   630.005   0.000   0.000   0.000   17.000   
630.005   630.005   0.000   0.000   0.000   17.000   
630.005   630.005   0.000   0.000   0.000   17.000   
630.005   630.005   0.000   0.000   0.000   16.000   
630.005   630.005   0.000   0.000   0.000   16.000   
630.005   630.005   0.000   0.000   0.000   13.000   
630.005   630.005   0.000   0.000   0.000   16.000   
630.005   630.005   0.000   0.000   0.000   15.000   
630.005   630.005   0.000   0.000   0.000   13.000   
630.005   630.005   0.000   0.000   0.000   17.000   
630.005   630.005   0.000   0.000   0.000   16.000   
630.005   630.005   0.000   0.000   0.000   13.000   
630.005   630.005   0.000   0.000   0.000   13.000   
630.005   630.005   0.000   0.000   0.000   14.000   
630.005   630.005   0.000   0.000   0.000   15.000   
630.005   630.005   0.000   0.000   0.000   13.000   
630.005   630.005   0.000   0.000   0.000   14.000   
630.005   630.005   0.000   0.000   0.000   13.000   
630.005   630.005   0.000   0.000   0.000   12.000   
630.005   630.005   0.000   0.000   0.000   17.000   
630.005   630.005   0.000   0.000   0.000   15.000   
630.005   630.005   0.000   0.000   0.000   16.000   
630.005   630.005   0.000   0.000   0.000   15.000   
630.005   630.005   0.000   0.000   0.000   15.000   
630.005   630.005   0.000   0.000   0.000   13.000   
630.005   630.005   0.000   0.000   0.000   13.000   
630.005   630.005   -0.000   0.000   0.000   15.000   
630.005   630.005   0.000   0.000   0.000   15.000   
630.005   630.005   0.000   0.000   0.000   16.000   
630.005   630.005   0.000   0.000   0.000   13.000   
630.005   630.005   0.000   0.000   0.000   16.000   
630.005   630.005   0.000   0.000   0.000   15.000   
630.005   630.005   0.000   0.000   0.000   15.000   
630.005   630.005   0.000   0.000   0.000   16.000   
630.005   630.005   0.000   0.000   0.000   15.000   
630.005   630.005   0.000   0.000   0.000   15.000   
630.005   630.005   0.000   0.000   0.000   15.000   
630.005   630.005   0.000   0.000   0.000   13.000   
630.005   630.005   0.000   0.000   0.000   17.000   
630.005   630.005   0.000   0.000   0.000   15.000   
630.005   630.005   0.000   0.000   0.000   16.000   
630.005   630.005   0.000   0.000   0.000   15.000   
630.005   630.005   0.000   0.000   0.000   16.000   
630.005   630.005   0.000   0.000   0.000   17.000   
630.005   630.005   0.000   0.000   0.000   16.000   
630.005   630.005   0.000   0.000   0.000   15.000   
630.005   630.005   0.000   0.000   0.000   17.000   
630.005   630.005   0.000   0.000   0.000   18.000   
630.005   630.005   0.000   0.000   0.000   17.000   
630.005   630.005   0.000   0.000   0.000   18.000   
630.005   630.005   0.000   0.000   0.000   17.000   
630.005   630.005   0.000   0.000   0.000   15.000   
630.005   630.005   0.000   0.000   0.000   16.000   
630.005   630.005   0.000   0.000   0.000   17.000   
630.005   630.005   0.000   0.000   0.000   15.000   
630.005   630.005   0.000   0.000   0.000   18.000   
630.005   630.005   0.000   0.000   0.000   16.000   
630.005   630.005   0.000   0.000   0.000   15.000   
630.005   630.005   0.000   0.000   0.000   17.000   
630.005   630.005   0.000   0.000   0.000   13.000   
630.005   630.005   0.000   0.000   0.000   15.000   
630.005   630.005   0.000   0.000   0.000   17.000   
630.005   630.005   0.000   0.000   0.000   14.000   
630.005   630.005   0.000   0.000   0.000   13.000   
630.005   630.005   0.000   0.000   0.000   15.000   
630.005   630.005   0.000   0.000   0.000   14.000   
630.005   630.005   0.000   0.000   0.000   17.000   
630.005   630.005   0.000   0.000   0.000   17.000   
630.005   630.005   0.000   0.000   0.000   17.000   
630.005   630.005   0.000   0.000   0.000   18.000   
630.005   630.005   0.000   0.000   0.000   15.000   
630.005   630.005   -0.000   0.000   0.000   15.000   
630.005   630.005   0.000   0.000   0.000   17.000   
630.005   630.005   0.000   0.000   0.000   16.000   
630.005   630.005   0.000   0.000   0.000   17.000   
630.005   630.005   0.000   0.000   0.000   15.000   
630.005   630.005   0.000   0.000   0.000   15.000   
630.005   630.005   0.000   0.000   0.000   28.000   
630.005   630.005   0.000   0.000   0.000   26.000   
630.005   630.005   0.000   0.000   0.000   26.000   
630.005   630.005   -0.000   0.000   0.000   27.000   
630.005   630.005   0.000   0.000   0.000   28.000   
630.005   630.005   0.000   0.000   0.000   26.000   
630.005   630.005   0.000   0.000   0.000   28.000   
630.005   630.005   0.000   0.000   0.000   27.000   
630.005   630.005   0.000   0.000   0.000   28.000   
630.005   630.005   0.000   0.000   0.000   23.000   
630.005   630.005   0.000   0.000   0.000   27.000   
630.005   630.005   0.000   0.000   0.000   28.000   
630.005   630.005   0.000   0.000   0.000   27.000   
630.005   630.005   0.000   0.000   0.000   29.000   
630.005   630.005   0.000   0.000   0.000   23.000   
630.005   630.005   0.000   0.000   0.000   27.000   
630.005   630.005   0.000   0.000   0.000   22.000   
630.005   630.005   0.000   0.000   0.000   24.000   
630.005   630.005   0.000   0.000   0.000   26.000   
630.005   630.005   0.000   0.000   0.000   27.000   
630.005   630.005   0.000   0.000   0.000   23.000   
630.005   630.005   0.000   0.000   0.000   29.000   
630.005   630.005   0.000   0.000   0.000   29.000   
630.005   630.005   0.000   0.000   0.000   24.000   
630.005   630.005   0.000   0.000   0.000   27.000   
630.005   630.005   0.000   0.000   0.000   26.000   
630.005   630.005   0.000   0.000   0.000   27.000   
630.005   630.005   0.000   0.000   0.000   27.000   
630.005   630.005   0.000   0.000   0.000   28.000   
630.005   630.005   0.000   0.000   0.000   25.000   
630.005   630.005   0.000   0.000   0.000   27.000   
630.005   630.005   0.000   0.000   0.000   24.000   
630.005   630.005   0.000   0.000   0.000   23.000   
630.005   630.005   0.000   0.000   0.000   22.000   
630.005   630.005   0.000   0.000   0.000   26.000   
630.005   630.005   0.000   0.000   0.000   25.000   
630.005   630.005   0.000   0.000   0.000   27.000   
630.005   630.005   0.000   0.000   -0.105   27.000   
630.005   630.005   0.000   0.000   0.000   27.000   
630.005   630.005   0.000   0.000   0.000   16.000   
630.005   630.005   0.000   0.000   0.000   15.000   
630.005   630.005   0.000   0.000   0.000   15.000   
630.005   630.005   0.000   0.000   0.000   15.000   
630.005   630.005   0.000   0.000   0.000   14.000   
630.005   630.005   0.000   0.000   0.000   13.000   
630.005   630.005   0.000   0.000   0.000   15.000   
630.005   630.005   0.000   0.000   0.000   13.000   
630.005   630.005   0.000   0.000   0.000   15.000   
630.005   630.005   0.000   0.000   0.000   15.000   
630.005   630.005   -0.000   0.000   0.105   16.000   
630.005   630.005   0.000   0.000   0.000   15.000   
630.005   630.005   0.000   0.000   0.000   15.000   
630.005   630.005   0.000   0.000   0.000   15.000   
630.005   630.005   0.000   0.000   0.000   16.000   
630.005   630.005   0.000   0.000   0.000   12.000   
630.005   630.005   0.000   0.000   0.000   16.000   
630.005   630.005   0.000   0.000   0.000   16.000   
630.005   630.005   0.000   0.000   0.000   15.000   
630.005   630.005   0.000   0.000   0.000   16.000   
630.005   630.005   0.000   0.000   0.000   15.000   
630.005   630.005   0.000   0.000   0.000   16.000   
630.005   630.005   0.000   0.000   0.000   16.000   
630.005   630.005   0.000   0.000   0.000   14.000   
630.005   630.005   0.000   0.000   0.000   14.000   
630.005   630.005   0.000   0.000   0.000   15.000   
630.005   630.005   0.000   0.000   0.000   16.000   
630.005   630.005   0.000   0.000   0.000   14.000   
630.005   630.005   0.000   0.000   0.000   14.000   
630.005   630.005   0.000   0.000   0.000   16.000   
630.005   630.005   0.000   0.000   0.000   17.000   
630.005   630.005   0.000   0.000   0.000   15.000   
630.005   630.005   0.000   0.000   0.000   13.000   
630.005   630.005   0.000   0.000   0.000   13.000   
630.005   630.005   0.000   0.000   0.000   15.000   
630.005   630.005   0.000   0.000   0.000   13.000   
630.005   630.005   0.000   0.000   0.000   12.000   
630.005   630.005   0.000   0.000   0.000   13.000   
630.005   630.005   0.000   0.000   0.000   14.000   
630.005   630.005   0.000   0.000   0.000   17.000   
630.005   630.005   0.000   0.000   0.000   16.000   
630.005   630.005   0.000   0.000   0.000   13.000   
630.005   630.005   0.000   0.000   0.000   13.000   
630.005   630.005   -0.000   0.000   0.000   15.000   
630.005   630.005   0.000   0.000   -0.105   15.000   
630.005   630.005   -0.000   0.000   0.000   15.000   
630.005   630.005   0.000   0.000   0.000   13.000   
630.005   630.005   0.000   0.000   0.000   12.000   
630.005   630.005   0.000   0.000   0.000   15.000   
630.005   630.005   0.000   0.000   0.000   15.000   
630.005   630.005   0.000   0.000   0.105   13.000   
630.005   630.005   0.000   0.000   -0.105   15.000   
630.005   630.005   0.000   0.000   0.000   16.000   
630.005   630.005   0.000   0.000   0.000   15.000   
630.005   630.005   0.000   0.000   0.000   13.000   
630.005   630.005   0.000   0.000   0.105   13.000   
630.005   630.005   0.000   0.000   -0.105   14.000   
630.005   630.005   0.000   0.000   0.000   15.000   
630.005   630.005   0.000   0.000   0.000   13.000   
630.005   630.005   0.000   0.000   0.000   15.000   
630.005   630.005   0.000   0.000   0.000   15.000   
630.005   630.005   0.000   0.000   0.000   15.000   
630.005   630.005   0.000   0.000   0.000   13.000   
630.005   630.005   0.000   0.000   0.000   15.000   
630.005   630.005   0.000   0.000   0.000   15.000   
630.005   630.005   0.000   0.000   0.000   15.000   
630.005   630.005   0.000   0.000   0.000   15.000   
630.005   630.005   0.000   0.000   0.000   14.000   
630.005   630.005   0.000   0.000   0.000   15.000   
630.005   630.005   0.000   0.000   0.000   14.000   
630.005   630.005   0.000   0.000   0.000   16.000   
630.005   630.005   0.000   0.000   0.000   17.000   
630.005   630.005   0.000   0.000   0.000   12.000   
630.005   630.005   0.000   0.000   0.000   15.000   
630.005   630.005   0.000   0.000   0.000   13.000   
630.005   630.005   0.000   0.000   0.000   17.000   
630.005   630.005   0.000   0.000   0.000   15.000   
630.005   630.005   0.000   0.000   0.000   15.000   
630.005   630.005   0.000   0.000   0.000   13.000   
630.005   630.005   0.000   0.000   0.000   15.000   
630.005   630.005   0.000   0.000   0.000   14.000   
630.005   630.005   0.000   0.000   0.000   14.000   
630.005   630.005   0.000   0.000   0.000   15.000   
630.005   630.005   0.000   0.000   0.000   17.000   
630.005   630.005   0.000   0.000   0.000   15.000   
630.005   630.005   0.000   0.000   0.000   12.000   
630.005   630.005   0.000   0.000   0.000   15.000   
630.005   630.005   0.000   0.000   0.000   15.000   
630.005   630.005   0.000   0.000   0.000   12.000   
630.005   630.005   0.000   0.000   0.000   15.000   
630.005   630.005   0.000   0.000   0.000   16.000   
630.005   630.005   0.000   0.000   0.000   16.000   
630.005   630.005   0.000   0.000   0.000   16.000   
630.005   630.005   0.000   0.000   0.000   15.000   
630.005   630.005   0.000   0.000   0.000   15.000   
630.005   630.005   0.000   0.000   0.000   14.000   
630.005   630.005   0.000   0.000   0.105   13.000   
630.005   630.005   0.000   0.000   0.000   15.000   
630.005   630.005   0.000   0.000   0.000   14.000   
630.005   630.005   0.000   0.000   0.000   15.000   
630.005   630.005   0.000   0.000   0.105   15.000   
630.005   630.005   0.000   0.000   -0.105   15.000   
630.005   630.005   0.000   0.000   0.000   15.000   
630.005   630.005   0.000   0.000   0.000   17.000   
630.005   630.005   0.000   0.000   0.000   14.000   
630.005   630.005   0.000   0.000   0.000   15.000   
630.005   630.005   0.000   0.000   0.000   14.000   
630.005   630.005   0.000   0.000   0.000   15.000   
630.005   630.005   0.000   0.000   0.000   15.000   
630.005   630.005   0.000   0.000   0.000   16.000   
630.005   630.005   0.000   0.000   0.000   16.000   
630.005   630.005   0.000   0.000   0.000   15.000   
630.005   630.005   0.000   0.000   0.000   16.000   
630.005   630.005   0.000   0.000   0.000   15.000   
630.005   630.005   0.000   0.000   0.000   15.000   
630.005   630.005   0.000   0.000   0.000   15.000   
630.005   630.005   0.000   0.000   0.000   14.000   
630.005   630.005   0.000   0.000   0.000   14.000   
630.005   630.005   0.000   0.000   0.000   15.000   
630.005   630.005   0.000   0.000   0.000   15.000   
630.005   630.005   0.000   0.000   0.000   6.000   
630.005   630.005   0.000   0.000   0.000   5.000   
630.005   630.005   0.000   0.000   0.000   6.000   
630.005   630.005   0.000   0.000   0.000   7.000   
630.005   630.005   0.000   0.000   0.000   5.000   
630.005   630.005   0.000   0.000   0.000   7.000   
630.005   630.005   0.000   0.000   0.000   8.000   
630.005   630.005   0.000   0.000   0.000   8.000   
630.005   630.005   0.000   0.000   0.000   8.000   
630.005   630.005   0.000   0.000   0.000   5.000   
630.005   630.005   0.000   0.000   0.000   7.000   
630.005   630.005   0.000   0.000   0.000   6.000   
630.005   630.005   0.000   0.000   0.000   8.000   
630.005   630.005   0.000   0.000   0.000   7.000   
630.005   630.005   0.000   0.000   0.000   8.000   
630.005   630.005   0.000   0.000   0.000   5.000   
630.005   630.005   0.000   0.000   0.000   7.000   
630.005   630.005   0.000   0.000   0.000   5.000   
630.005   630.005   0.000   0.000   0.000   8.000   
630.005   630.005   0.000   0.000   0.000   6.000   
630.005   630.005   0.000   0.000   0.000   8.000   
630.005   630.005   0.000   0.000   0.105   8.000   
630.005   630.005   0.000   0.000   -0.105   7.000   
630.005   630.005   0.000   0.000   0.000   6.000   
630.005   630.005   0.000   0.000   0.000   5.000   
630.005   630.005   0.000   0.000   0.000   7.000   
630.005   630.005   0.000   0.000   0.000   8.000   
630.005   630.005   0.000   0.000   0.000   7.000   
630.005   630.005   0.000   0.000   0.000   8.000   
630.005   630.005   0.000   0.000   0.000   8.000   
630.005   630.005   -0.000   0.000   0.000   8.000   
630.005   630.005   0.000   0.000   0.000   8.000   
630.005   630.005   0.000   0.000   0.000   7.000   
630.005   630.005   0.000   0.000   0.000   6.000   
630.005   630.005   0.000   0.000   0.000   8.000   
630.005   630.005   0.000   0.000   0.000   7.000   
630.005   630.005   0.000   0.000   0.000   8.000   
630.005   630.005   0.000   0.000   0.000   6.000   
630.005   630.005   0.000   0.000   0.000   6.000   
630.005   630.005   0.000   0.000   0.000   15.000   
630.005   630.005   0.000   0.000   0.000   15.000   
630.005   630.005   0.000   0.000   0.000   16.000   
630.005   630.005   0.000   0.000   0.000   13.000   
630.005   630.005   0.000   0.000   0.000   15.000   
630.005   630.005   0.000   0.000   0.000   15.000   
630.005   630.005   0.000   0.000   0.000   17.000   
630.005   630.005   0.000   0.000   0.000   13.000   
630.005   630.005   0.000   0.000   0.000   16.000   
630.005   630.005   0.000   0.000   0.000   13.000   
630.005   630.005   0.000   0.000   0.000   14.000   
630.005   630.005   0.000   0.000   0.000   12.000   
630.005   630.005   0.000   0.000   0.000   15.000   
630.005   630.005   0.000   0.000   0.000   15.000   
630.005   630.005   0.000   0.000   0.000   16.000   
630.005   630.005   0.000   0.000   0.000   14.000   
630.005   630.005   0.000   0.000   0.000   13.000   
630.005   630.005   0.000   0.000   0.000   15.000   
630.005   630.005   0.000   0.000   0.000   14.000   
630.005   630.005   0.000   0.000   0.000   15.000   
630.005   630.005   0.000   0.000   0.000   15.000   
630.005   630.005   0.000   0.000   0.000   14.000   
630.005   630.005   0.000   0.000   0.000   15.000   
630.005   630.005   0.000   0.000   0.000   15.000   
630.005   630.005   0.000   0.000   0.000   15.000   
630.005   630.005   0.000   0.000   0.000   14.000   
630.005   630.005   0.000   0.000   0.000   13.000   
630.005   630.005   0.000   0.000   0.000   15.000   
630.005   630.005   0.000   0.000   0.105   13.000   
630.005   630.005   0.000   0.000   -0.105   13.000   
630.005   630.005   0.000   0.000   0.000   14.000   
630.005   630.005   0.000   0.000   0.000   13.000   
630.005   630.005   0.000   0.000   0.000   12.000   
630.005   630.005   0.000   0.000   0.000   15.000   
630.005   630.005   0.000   0.000   0.000   14.000   
630.005   630.005   0.000   0.000   0.000   15.000   
630.005   630.005   0.000   0.000   0.105   15.000   
630.005   630.005   0.000   0.000   -0.105   15.000   
630.005   630.005   0.000   0.000   0.000   15.000   
630.005   630.005   0.000   0.000   0.000   16.000   
630.005   630.005   0.000   0.000   0.000   16.000   
630.005   630.005   0.000   0.000   0.000   14.000   
630.005   630.005   -0.000   0.000   0.000   16.000   
630.005   630.005   0.000   0.000   -0.105   17.000   
630.005   630.005   0.000   0.000   0.000   17.000   
630.005   630.005   0.000   0.000   0.000   15.000   
630.005   630.005   0.000   0.000   0.000   15.000   
630.005   630.005   0.000   0.000   0.000   15.000   
630.005   630.005   0.000   0.000   0.000   15.000   
630.005   630.005   0.000   0.000   0.000   15.000   
630.005   630.005   0.000   0.000   0.000   16.000   
630.005   630.005   0.000   0.000   0.000   15.000   
630.005   630.005   0.000   0.000   0.000   17.000   
630.005   630.005   0.000   0.000   0.000   17.000   
630.005   630.005   0.000   0.000   0.000   16.000   
630.005   630.005   0.000   0.000   0.000   15.000   
630.005   630.005   0.000   0.000   0.000   16.000   
630.005   630.005   0.000   0.000   0.000   13.000   
630.005   630.005   0.000   0.000   0.000   14.000   
630.005   630.005   0.000   0.000   0.000   15.000   
630.005   630.005   0.000   0.000   0.000   13.000   
630.005   630.005   0.000   0.000   0.000   15.000   
630.005   630.005   0.000   0.000   0.000   15.000   
630.005   630.005   0.000   0.000   0.000   16.000   
630.005   630.005   0.000   0.000   0.000   17.000   
630.005   630.005   0.000   0.000   0.000   13.000   
630.005   630.005   0.000   0.000   0.000   13.000   
630.005   630.005   0.000   0.000   0.000   13.000   
630.005   630.005   0.000   0.000   0.000   13.000   
630.005   630.005   0.000   0.000   0.000   17.000   
630.005   630.005   0.000   0.000   0.000   14.000   
630.005   630.005   -0.000   0.000   0.000   15.000   
630.005   630.005   0.000   0.000   0.000   13.000   
630.005   630.005   0.000   0.000   0.000   13.000   
630.005   630.005   0.000   0.000   0.000   16.000   
630.005   630.005   0.000   0.000   0.105   16.000   
630.005   630.005   0.000   0.000   -0.105   17.000   
630.005   630.005   0.000   0.000   0.000   13.000   
630.005   630.005   -0.000   0.000   0.105   15.000   
630.005   630.005   0.000   0.000   -0.105   17.000   
630.005   630.005   0.000   0.000   0.000   17.000   
630.005   630.005   0.000   0.000   0.000   16.000   
630.005   630.005   0.000   0.000   0.000   17.000   
630.005   630.005   0.000   0.000   0.000   16.000   
630.005   630.005   0.000   0.000   0.105   16.000   
630.005   630.005   0.000   0.000   -0.105   16.000   
630.005   630.005   0.000   0.000   0.000   17.000   
630.005   630.005   0.000   0.000   0.000   16.000   
630.005   630.005   0.000   0.000   0.000   17.000   
630.005   630.005   0.000   0.000   0.000   17.000   
630.005   630.005   0.000   0.000   0.000   16.000   
630.005   630.005   0.000   0.000   0.000   18.000   
630.005   630.005   0.000   0.000   0.000   15.000   
630.005   630.005   0.000   0.000   0.000   16.000   
630.005   630.005   0.000   0.000   0.000   14.000   
630.005   630.005   0.000   0.000   0.000   14.000   
630.005   630.005   0.000   0.000   0.000   17.000   
630.005   630.005   0.000   0.000   0.000   16.000   
630.005   630.005   0.000   0.000   0.000   13.000   
630.005   630.005   0.000   0.000   0.000   17.000   
630.005   630.005   0.000   0.000   0.000   15.000   
630.005   630.005   0.000   0.000   0.000   17.000   
630.005   630.005   0.000   0.000   0.000   16.000   
630.005   630.005   0.000   0.000   0.000   18.000   
630.005   630.005   0.000   0.000   0.000   15.000   
630.005   630.005   0.000   0.000   0.000   15.000   
630.005   630.005   0.000   0.000   0.000   17.000   
630.005   630.005   0.000   0.000   0.000   15.000   
630.005   630.005   0.000   0.000   0.000   15.000   
630.005   630.005   0.000   0.000   0.000   18.000   
630.005   630.005   0.000   0.000   0.000   17.000   
630.005   630.005   0.000   0.000   0.000   14.000   
630.005   630.005   0.000   0.000   0.000   17.000   
630.005   630.005   0.000   0.000   0.000   16.000   
630.005   630.005   0.000   0.000   0.000   13.000   
630.005   630.005   0.000   0.000   0.000   14.000   
630.005   630.005   0.000   0.000   0.000   13.000   
630.005   630.005   0.000   0.000   0.000   17.000   
630.005   630.005   0.000   0.000   0.000   24.000   
630.005   630.005   0.000   0.000   0.000   25.000   
630.005   630.005   0.000   0.000   0.000   25.000   
630.005   630.005   0.000   0.000   0.000   25.000   
630.005   630.005   0.000   0.000   0.000   25.000   
630.005   630.005   0.000   0.000   0.000   26.000   
630.005   630.005   0.000   0.000   0.000   26.000   
630.005   630.005   0.000   0.000   0.000   27.000   
630.005   630.005   -0.000   0.000   0.000   26.000   
630.005   630.005   0.000   0.000   0.000   24.000   
630.005   630.005   0.000   0.000   0.000   26.000   
630.005   630.005   0.000   0.000   0.000   25.000   
630.005   630.005   0.000   0.000   0.000   27.000   
630.005   630.005   0.000   0.000   0.000   24.000   
630.005   630.005   0.000   0.000   -0.105   26.000   
630.005   630.005   0.000   0.000   0.000   23.000   
630.005   630.005   0.000   0.000   0.000   27.000   
630.005   630.005   0.000   0.000   0.000   26.000   
630.005   630.005   0.000   0.000   0.000   27.000   
630.005   630.005   0.000   0.000   0.000   24.000   
630.005   630.005   0.000   0.000   0.000   25.000   
630.005   630.005   0.000   0.000   0.000   24.000   
630.005   630.005   0.000   0.000   0.000   22.000   
630.005   630.005   0.000   0.000   0.000   27.000   
630.005   630.005   0.000   0.000   0.000   22.000   
630.005   630.005   0.000   0.000   0.000   27.000   
630.005   630.005   0.000   0.000   0.000   24.000   
630.005   630.005   0.000   0.000   0.000   22.000   
630.005   630.005   0.000   0.000   0.000   25.000   
630.005   630.005   0.000   0.000   0.000   25.000   
630.005   630.005   0.000   0.000   0.000   24.000   
630.005   630.005   0.000   0.000   0.000   25.000   
630.005   630.005   0.000   0.000   0.000   22.000   
630.005   630.005   0.000   0.000   0.000   23.000   
630.005   630.005   0.000   0.000   0.000   25.000   
630.005   630.005   0.000   0.000   0.000   23.000   
630.005   630.005   0.000   0.000   0.000   25.000   
630.005   630.005   0.000   0.000   0.000   25.000   
630.005   630.005   0.000   0.000   0.000   27.000   
630.005   630.005   0.000   0.000   0.000   24.000   
630.005   630.005   -0.000   0.000   0.000   15.000   
630.005   630.005   0.000   0.000   0.000   13.000   
630.005   630.005   0.000   0.000   0.000   15.000   
630.005   630.005   0.000   0.000   0.000   14.000   
630.005   630.005   0.000   0.000   0.000   15.000   
630.005   630.005   0.000   0.000   0.000   16.000   
630.005   630.005   0.000   0.000   -0.105   16.000   
630.005   630.005   0.000   0.000   0.000   16.000   
630.005   630.005   0.000   0.000   0.000   16.000   
630.005   630.005   0.000   0.000   0.000   15.000   
630.005   630.005   0.000   0.000   0.000   15.000   
630.005   630.005   0.000   0.000   0.000   14.000   
630.005   630.005   0.000   0.000   0.000   15.000   
630.005   630.005   0.000   0.000   0.000   15.000   
630.005   630.005   0.000   0.000   0.000   14.000   
630.005   630.005   0.000   0.000   0.000   15.000   
630.005   630.005   0.000   0.000   0.000   15.000   
630.005   630.005   0.000   0.000   0.000   12.000   
630.005   630.005   0.000   0.000   0.000   13.000   
630.005   630.005   0.000   0.000   0.000   15.000   
630.005   630.005   0.000   0.000   0.000   13.000   
630.005   630.005   0.000   0.000   0.000   15.000   
630.005   630.005   0.000   0.000   0.000   13.000   
630.005   630.005   0.000   0.000   0.000   15.000   
630.005   630.005   0.000   0.000   0.000   16.000   
630.005   630.005   0.000   0.000   0.000   16.000   
630.005   630.005   0.000   0.000   0.000   13.000   
630.005   630.005   0.000   0.000   0.000   15.000   
630.005   630.005   0.000   0.000   0.000   13.000   
630.005   630.005   0.000   0.000   0.000   13.000   
630.005   630.005   0.000   0.000   0.000   15.000   
630.005   630.005   0.000   0.000   0.000   15.000   
630.005   630.005   0.000   0.000   0.000   15.000   
630.005   630.005   0.000   0.000   0.000   13.000   
630.005   630.005   0.000   0.000   0.000   13.000   
630.005   630.005   0.000   0.000   0.000   15.000   
630.005   630.005   0.000   0.000   0.000   13.000   
630.005   630.005   0.000   0.000   0.000   14.000   
630.005   630.005   0.000   0.000   0.000   12.000   
630.005   630.005   0.000   0.000   0.000   16.000   
630.005   630.005   0.000   0.000   0.000   13.000   
630.005   630.005   0.000   0.000   0.000   16.000   
630.005   630.005   0.000   0.000   0.000   15.000   
630.005   630.005   0.000   0.000   0.000   14.000   
630.005   630.005   0.000   0.000   0.000   15.000   
630.005   630.005   0.000   0.000   0.000   15.000   
630.005   630.005   0.000   0.000   0.000   14.000   
630.005   630.005   0.000   0.000   0.000   13.000   
630.005   630.005   0.000   0.000   0.000   15.000   
630.005   630.005   -0.000   0.000   0.000   16.000   
630.005   630.005   -0.000   0.000   0.000   14.000   
630.005   630.005   0.000   0.000   0.000   15.000   
630.005   630.005   0.000   0.000   0.000   15.000   
630.005   630.005   0.000   0.000   0.000   13.000   
630.005   630.005   0.000   0.000   0.000   14.000   
630.005   630.005   0.000   0.000   0.000   15.000   
630.005   630.005   0.000   0.000   0.000   16.000   
630.005   630.005   0.000   0.000   0.000   14.000   
630.005   630.005   0.000   0.000   0.000   15.000   
630.005   630.005   0.000   0.000   0.000   15.000   
630.005   630.005   0.000   0.000   0.000   16.000   
630.005   630.005   0.000   0.000   0.000   13.000   
630.005   630.005   0.000   0.000   0.000   15.000   
630.005   630.005   0.000   0.000   0.105   15.000   
630.005   630.005   0.000   0.000   -0.105   14.000   
630.005   630.005   0.000   0.000   0.000   14.000   
630.005   630.005   0.000   0.000   0.000   14.000   
630.005   630.005   0.000   0.000   0.000   14.000   
630.005   630.005   0.000   0.000   0.000   13.000   
630.005   630.005   0.000   0.000   0.000   16.000   
630.005   630.005   0.000   0.000   0.000   15.000   
630.005   630.005   0.000   0.000   0.000   15.000   
630.005   630.005   0.000   0.000   0.000   14.000   
630.005   630.005   0.000   0.000   0.000   13.000   
630.005   630.005   0.000   0.000   0.000   13.000   
630.005   630.005   0.000   0.000   0.000   16.000   
630.005   630.005   0.000   0.000   0.000   15.000   
630.005   630.005   0.000   0.000   0.000   13.000   
630.005   630.005   0.000   0.000   0.000   14.000   
630.005   630.005   0.000   0.000   0.000   15.000   
630.005   630.005   0.000   0.000   0.000   15.000   
630.005   630.005   0.000   0.000   0.000   15.000   
630.005   630.005   0.000   0.000   0.000   16.000   
630.005   630.005   0.000   0.000   0.000   15.000   
630.005   630.005   0.000   0.000   0.000   15.000   
630.005   630.005   0.000   0.000   0.000   15.000   
630.005   630.005   0.000   0.000   0.000   17.000   
630.005   630.005   0.000   0.000   0.000   13.000   
630.005   630.005   0.000   0.000   0.000   15.000   
630.005   630.005   0.000   0.000   0.000   15.000   
630.005   630.005   0.000   0.000   0.000   14.000   
630.005   630.005   0.000   0.000   0.000   15.000   
630.005   630.005   0.000   0.000   0.000   13.000   
630.005   630.005   0.000   0.000   0.000   12.000   
630.005   630.005   0.000   0.000   0.000   16.000   
630.005   630.005   0.000   0.000   0.000   16.000   
630.005   630.005   0.000   0.000   0.000   14.000   
630.005   630.005   0.000   0.000   0.000   16.000   
630.005   630.005   0.000   0.000   0.000   16.000   
630.005   630.005   0.000   0.000   0.000   15.000   
630.005   630.005   0.000   0.000   0.000   15.000   
630.005   630.005   0.000   0.000   0.000   16.000   
630.005   630.005   0.000   0.000   0.000   15.000   
630.005   630.005   0.000   0.000   0.000   14.000   
630.005   630.005   0.000   0.000   0.000   15.000   
630.005   630.005   0.000   0.000   0.000   15.000   
630.005   630.005   0.000   0.000   0.000   15.000   
630.005   630.005   0.000   0.000   0.000   16.000   
630.005   630.005   0.000   0.000   0.000   15.000   
630.005   630.005   0.000   0.000   0.000   15.000   
630.005   630.005   0.000   0.000   0.000   17.000   
630.005   630.005   0.000   0.000   0.000   16.000   
630.005   630.005   0.000   0.000   0.000   12.000   
630.005   630.005   0.000   0.000   0.000   15.000   
630.005   630.005   0.000   0.000   0.000   15.000   
630.005   630.005   0.000   0.000   0.000   15.000   
630.005   630.005   0.000   0.000   0.000   15.000   
630.005   630.005   0.000   0.000   0.000   15.000   
630.005   630.005   0.000   0.000   0.000   13.000   
630.005   630.005   0.000   0.000   0.000   5.000   
630.005   630.005   0.000   0.000   0.000   5.000   
630.005   630.005   0.000   0.000   0.000   3.000   
630.005   630.005   0.000   0.000   0.000   5.000   
630.005   630.005   0.000   0.000   0.000   4.000   
630.005   630.005   0.000   0.000   0.000   4.000   
630.005   630.005   0.000   0.000   0.000   6.000   
630.005   630.005   0.000   0.000   0.000   5.000   
630.005   630.005   0.000   0.000   0.000   4.000   
630.005   630.005   0.000   0.000   0.000   4.000   
630.005   630.005   0.000   0.000   0.000   5.000   
630.005   630.005   0.000   0.000   0.000   4.000   
630.005   630.005   0.000   0.000   0.000   6.000   
630.005   630.005   0.000   0.000   0.000   4.000   
630.005   630.005   0.000   0.000   0.000   6.000   
630.005   630.005   0.000   0.000   0.000   7.000   
630.005   630.005   0.000   0.000   0.000   5.000   
630.005   630.005   0.000   0.000   0.000   4.000   
630.005   630.005   0.000   0.000   0.000   4.000   
630.005   630.005   0.000   0.000   0.000   7.000   
630.005   630.005   0.000   0.000   0.000   7.000   
630.005   630.005   0.000   0.000   0.000   5.000   
630.005   630.005   0.000   0.000   0.000   4.000   
630.005   630.005   0.000   0.000   0.000   5.000   
630.005   630.005   -0.000   0.000   0.105   5.000   
630.005   630.005   0.000   0.000   0.000   6.000   
630.005   630.005   0.000   0.000   -0.105   3.000   
630.005   630.005   0.000   0.000   -0.105   3.000   
630.005   630.005   0.000   0.000   0.000   5.000   
630.005   630.005   0.000   0.000   0.000   3.000   
630.005   630.005   0.000   0.000   0.000   4.000   
630.005   630.005   0.000   0.000   0.000   5.000   
630.005   630.005   0.000   0.000   0.000   4.000   
630.005   630.005   0.000   0.000   0.000   5.000   
630.005   630.005   0.000   0.000   0.000   5.000   
630.005   630.005   0.000   0.000   0.000   7.000   
630.005   630.005   0.000   0.000   0.000   5.000   
630.005   630.005   0.000   0.000   0.000   4.000   
630.005   630.005   0.000   0.000   0.000   6.000   
630.005   630.005   0.000   0.000   0.000   5.000   
630.005   630.005   0.000   0.000   0.000   15.000   
630.005   630.005   0.000   0.000   0.000   14.000   
630.005   630.005   0.000   0.000   0.000   15.000   
630.005   630.005   0.000   0.000   0.000   14.000   
630.005   630.005   0.000   0.000   0.000   15.000   
630.005   630.005   0.000   0.000   0.000   15.000   
630.005   630.005   0.000   0.000   0.000   14.000   
630.005   630.005   0.000   0.000   0.000   14.000   
630.005   630.005   0.000   0.000   0.000   15.000   
630.005   630.005   0.000   0.000   0.000   16.000   
630.005   630.005   0.000   0.000   0.000   15.000   
630.005   630.005   0.000   0.000   0.000   15.000   
630.005   630.005   0.000   0.000   0.000   14.000   
630.005   630.005   0.000   0.000   0.000   15.000   
630.005   630.005   0.000   0.000   0.000   14.000   
630.005   630.005   0.000   0.000   0.000   15.000   
630.005   630.005   0.000   0.000   0.000   14.000   
630.005   630.005   0.000   0.000   0.000   14.000   
630.005   630.005   0.000   0.000   0.000   16.000   
630.005   630.005   0.000   0.000   0.000   15.000   
630.005   630.005   0.000   0.000   0.000   13.000   
630.005   630.005   0.000   0.000   0.000   15.000   
630.005   630.005   0.000   0.000   0.000   15.000   
630.005   630.005   0.000   0.000   0.000   16.000   
630.005   630.005   0.000   0.000   0.000   17.000   
630.005   630.005   0.000   0.000   0.000   15.000   
630.005   630.005   0.000   0.000   0.000   15.000   
630.005   630.005   0.000   0.000   0.000   14.000   
630.005   630.005   0.000   0.000   0.000   13.000   
630.005   630.005   0.000   0.000   0.000   16.000   
630.005   630.005   0.000   0.000   0.000   15.000   
630.005   630.005   0.000   0.000   0.000   15.000   
630.005   630.005   0.000   0.000   0.000   14.000   
630.005   630.005   -0.000   0.000   0.105   15.000   
630.005   630.005   0.000   0.000   -0.105   14.000   
630.005   630.005   0.000   0.000   0.000   14.000   
630.005   630.005   -0.000   0.000   0.000   15.000   
630.005   630.005   0.000   0.000   0.000   16.000   
630.005   630.005   0.000   0.000   0.000   15.000   
630.005   630.005   0.000   0.000   0.105   14.000   
630.005   630.005   0.000   0.000   -0.105   15.000   
630.005   630.005   0.000   0.000   0.000   16.000   
630.005   630.005   -0.000   0.000   0.105   16.000   
630.005   630.005   0.000   0.000   -0.105   15.000   
630.005   630.005   0.000   0.000   0.000   16.000   
630.005   630.005   0.000   0.000   0.000   13.000   
630.005   630.005   -0.000   0.000   0.105   13.000   
630.005   630.005   0.000   0.000   -0.105   15.000   
630.005   630.005   0.000   0.000   0.000   15.000   
630.005   630.005   0.000   0.000   0.000   14.000   
630.005   630.005   0.000   0.000   0.000   15.000   
630.005   630.005   0.000   0.000   0.000   13.000   
630.005   630.005   0.000   0.000   0.000   15.000   
630.005   630.005   0.000   0.000   0.000   16.000   
630.005   630.005   0.000   0.000   0.000   15.000   
630.005   630.005   0.000   0.000   0.000   15.000   
630.005   630.005   0.000   0.000   0.000   17.000   
630.005   630.005   0.000   0.000   0.000   15.000   
630.005   630.005   0.000   0.000   0.000   15.000   
630.005   630.005   0.000   0.000   0.000   14.000   
630.005   630.005   0.000   0.000   0.000   17.000   
630.005   630.005   0.000   0.000   0.000   13.000   
630.005   630.005   0.000   0.000   0.000   13.000   
630.005   630.005   0.000   0.000   0.000   15.000   
630.005   630.005   0.000   0.000   0.000   13.000   
630.005   630.005   0.000   0.000   0.000   14.000   
630.005   630.005   0.000   0.000   0.000   15.000   
630.005   630.005   0.000   0.000   0.000   17.000   
630.005   630.005   0.000   0.000   0.000   17.000   
630.005   630.005   0.000   0.000   0.000   15.000   
630.005   630.005   0.000   0.000   0.000   13.000   
630.005   630.005   0.000   0.000   0.000   15.000   
630.005   630.005   0.000   0.000   0.000   15.000   
630.005   630.005   0.000   0.000   0.000   16.000   
630.005   630.005   0.000   0.000   0.000   15.000   
630.005   630.005   0.000   0.000   0.105   16.000   
630.005   630.005   0.000   0.000   -0.105   12.000   
630.005   630.005   0.000   0.000   0.000   17.000   
630.005   630.005   0.000   0.000   0.000   16.000   
630.005   630.005   0.000   0.000   0.000   14.000   
630.005   630.005   0.000   0.000   0.000   16.000   
630.005   630.005   0.000   0.000   0.000   15.000   
630.005   630.005   0.000   0.000   0.000   15.000   
630.005   630.005   0.000   0.000   0.000   16.000   
630.005   630.005   0.000   0.000   0.000   17.000   
630.005   630.005   0.000   0.000   0.000   15.000   
630.005   630.005   0.000   0.000   0.000   14.000   
630.005   630.005   0.000   0.000   0.000   17.000   
630.005   630.005   0.000   0.000   0.000   15.000   
630.005   630.005   0.000   0.000   0.000   16.000   
630.005   630.005   0.000   0.000   0.000   16.000   
630.005   630.005   0.000   0.000   -0.105   17.000   
630.005   630.005   0.000   0.000   0.000   13.000   
630.005   630.005   0.000   0.000   0.000   15.000   
630.005   630.005   0.000   0.000   0.000   16.000   
630.005   630.005   0.000   0.000   0.000   14.000   
630.005   630.005   0.000   0.000   0.000   16.000   
630.005   630.005   0.000   0.000   0.000   16.000   
630.005   630.005   0.000   0.000   0.000   17.000   
630.005   630.005   0.000   0.000   0.000   16.000   
630.005   630.005   0.000   0.000   0.000   16.000   
630.005   630.005   0.000   0.000   0.000   14.000   
630.005   630.005   0.000   0.000   0.000   16.000   
630.005   630.005   0.000   0.000   0.000   13.000   
630.005   630.005   0.000   0.000   0.000   16.000   
630.005   630.005   0.000   0.000   0.000   13.000   
630.005   630.005   0.000   0.000   0.000   17.000   
630.005   630.005   0.000   0.000   0.000   16.000   
630.005   630.005   0.000   0.000   0.000   17.000   
630.005   630.005   0.000   0.000   0.000   17.000   
630.005   630.005   0.000   0.000   0.000   15.000   
630.005   630.005   0.000   0.000   0.000   15.000   
630.005   630.005   0.000   0.000   0.000   15.000   
630.005   630.005   0.000   0.000   0.000   17.000   
630.005   630.005   0.000   0.000   0.000   15.000   
630.005   630.005   0.000   0.000   0.000   15.000   
630.005   630.005   0.000   0.000   0.000   16.000   
630.005   630.005   0.000   0.000   0.000   16.000   
630.005   630.005   0.000   0.000   0.000   23.000   
630.005   630.005   0.000   0.000   0.000   22.000   
630.005   630.005   0.000   0.000   0.000   22.000   
630.005   630.005   0.000   0.000   0.000   24.000   
630.005   630.005   0.000   0.000   0.000   23.000   
630.005   630.005   0.000   0.000   0.000   24.000   
630.005   630.005   0.000   0.000   0.000   26.000   
630.005   630.005   0.000   0.000   0.000   23.000   
630.005   630.005   0.000   0.000   0.000   23.000   
630.005   630.005   0.000   0.000   0.000   24.000   
630.005   630.005   0.000   0.000   0.000   23.000   
630.005   630.005   -0.000   0.000   0.000   24.000   
630.005   630.005   0.000   0.000   0.000   24.000   
630.005   630.005   0.000   0.000   -0.105   22.000   
630.005   630.005   0.000   0.000   0.000   24.000   
630.005   630.005   0.000   0.000   0.000   22.000   
630.005   630.005   0.000   0.000   0.000   23.000   
630.005   630.005   0.000   0.000   0.000   25.000   
630.005   630.005   0.000   0.000   0.000   22.000   
630.005   630.005   0.000   0.000   0.000   23.000   
630.005   630.005   0.000   0.000   0.000   24.000   
630.005   630.005   0.000   0.000   0.000   22.000   
630.005   630.005   0.000   0.000   0.000   25.000   
630.005   630.005   0.000   0.000   0.000   22.000   
630.005   630.005   0.000   0.000   0.000   25.000   
630.005   630.005   0.000   0.000   0.000   21.000   
630.005   630.005   0.000   0.000   0.000   25.000   
630.005   630.005   0.000   0.000   0.000   26.000   
630.005   630.005   0.000   0.000   0.000   24.000   
630.005   630.005   0.000   0.000   0.000   22.000   
630.005   630.005   0.000   0.000   0.000   23.000   
630.005   630.005   0.000   0.000   0.000   23.000   
630.005   630.005   0.000   0.000   0.000   23.000   
630.005   630.005   0.000   0.000   0.000   23.000   
630.005   630.005   0.000   0.000   0.000   21.000   
630.005   630.005   0.000   0.000   0.000   24.000   
630.005   630.005   0.000   0.000   0.000   24.000   
630.005   630.005   0.000   0.000   0.000   25.000   
630.005   630.005   0.000   0.000   0.000   24.000   
630.005   630.005   0.000   0.000   0.000   22.000   
630.005   630.005   0.000   0.000   0.000   14.000   
630.005   630.005   0.000   0.000   0.000   14.000   
630.005   630.005   0.000   0.000   0.105   12.000   
630.005   630.005   0.000   0.000   -0.105   13.000   
630.005   630.005   0.000   0.000   0.000   14.000   
630.005   630.005   0.000   0.000   0.000   12.000   
630.005   630.005   0.000   0.000   0.000   12.000   
630.005   630.005   0.000   0.000   0.000   14.000   
630.005   630.005   0.000   0.000   0.000   15.000   
630.005   630.005   0.000   0.000   0.000   14.000   
630.005   630.005   0.000   0.000   0.000   14.000   
630.005   630.005   0.000   0.000   0.000   13.000   
630.005   630.005   0.000   0.000   0.000   13.000   
630.005   630.005   0.000   0.000   0.105   15.000   
630.005   630.005   0.000   0.000   0.000   14.000   
630.005   630.005   0.000   0.000   0.000   14.000   
630.005   630.005   0.000   0.000   0.000   15.000   
630.005   630.005   0.000   0.000   0.000   14.000   
630.005   630.005   0.000   0.000   0.000   15.000   
630.005   630.005   0.000   0.000   0.000   13.000   
630.005   630.005   0.000   0.000   0.000   14.000   
630.005   630.005   0.000   0.000   0.000   13.000   
630.005   630.005   0.000   0.000   0.000   13.000   
630.005   630.005   0.000   0.000   0.000   13.000   
630.005   630.005   0.000   0.000   0.000   13.000   
630.005   630.005   0.000   0.000   0.000   13.000   
630.005   630.005   0.000   0.000   0.000   12.000   
630.005   630.005   0.000   0.000   0.000   15.000   
630.005   630.005   0.000   0.000   0.000   12.000   
630.005   630.005   0.000   0.000   0.000   15.000   
630.005   630.005   0.000   0.000   0.000   15.000   
630.005   630.005   0.000   0.000   0.000   15.000   
630.005   630.005   0.000   0.000   0.000   14.000   
630.005   630.005   0.000   0.000   0.000   13.000   
630.005   630.005   0.000   0.000   0.000   15.000   
630.005   630.005   0.000   0.000   0.000   15.000   
630.005   630.005   0.000   0.000   0.000   15.000   
630.005   630.005   0.000   0.000   0.000   13.000   
630.005   630.005   0.000   0.000   0.000   14.000   
630.005   630.005   0.000   0.000   0.000   13.000   
630.005   630.005   0.000   0.000   0.000   16.000   
630.005   630.005   0.000   0.000   0.000   15.000   
630.005   630.005   0.000   0.000   0.000   15.000   
630.005   630.005   0.000   0.000   0.000   14.000   
630.005   630.005   0.000   0.000   0.105   17.000   
630.005   630.005   0.000   0.000   -0.105   17.000   
630.005   630.005   0.000   0.000   0.000   16.000   
630.005   630.005   0.000   0.000   0.000   13.000   
630.005   630.005   0.000   0.000   0.000   13.000   
630.005   630.005   0.000   0.000   0.000   12.000   
630.005   630.005   0.000   0.000   0.000   15.000   
630.005   630.005   0.000   0.000   0.000   15.000   
630.005   630.005   0.000   0.000   0.000   14.000   
630.005   630.005   0.000   0.000   0.000   14.000   
630.005   630.005   0.000   0.000   0.000   15.000   
630.005   630.005   0.000   0.000   0.000   16.000   
630.005   630.005   0.000   0.000   0.000   14.000   
630.005   630.005   -0.000   0.000   0.000   15.000   
630.005   630.005   0.000   0.000   0.000   15.000   
630.005   630.005   0.000   0.000   0.000   17.000   
630.005   630.005   0.000   0.000   0.000   15.000   
630.005   630.005   0.000   0.000   0.000   13.000   
630.005   630.005   0.000   0.000   0.105   15.000   
630.005   630.005   0.000   0.000   -0.105   12.000   
630.005   630.005   -0.000   0.000   0.105   15.000   
630.005   630.005   0.000   0.000   -0.105   15.000   
630.005   630.005   0.000   0.000   0.105   14.000   
630.005   630.005   0.000   0.000   -0.105   13.000   
630.005   630.005   0.000   0.000   0.000   16.000   
630.005   630.005   0.000   0.000   0.000   13.000   
630.005   630.005   0.000   0.000   0.000   15.000   
630.005   630.005   0.000   0.000   0.000   13.000   
630.005   630.005   0.000   0.000   0.000   15.000   
630.005   630.005   0.000   0.000   0.000   15.000   
630.005   630.005   0.000   0.000   0.000   15.000   
630.005   630.005   0.000   0.000   0.000   15.000   
630.005   630.005   0.000   0.000   0.000   16.000   
630.005   630.005   0.000   0.000   0.000   13.000   
630.005   630.005   0.000   0.000   0.000   13.000   
630.005   630.005   0.000   0.000   0.000   15.000   
630.005   630.005   0.000   0.000   0.000   13.000   
630.005   630.005   0.000   0.000   0.000   12.000   
630.005   630.005   0.000   0.000   0.000   12.000   
630.005   630.005   0.000   0.000   0.000   15.000   
630.005   630.005   0.000   0.000   0.000   14.000   
630.005   630.005   0.000   0.000   0.000   17.000   
630.005   630.005   0.000   0.000   0.000   15.000   
630.005   630.005   0.000   0.000   0.000   15.000   
630.005   630.005   0.000   0.000   0.000   14.000   
630.005   630.005   0.000   0.000   0.000   12.000   
630.005   630.005   0.000   0.000   0.000   14.000   
630.005   630.005   0.000   0.000   0.000   15.000   
630.005   630.005   0.000   0.000   0.000   16.000   
630.005   630.005   0.000   0.000   0.000   14.000   
630.005   630.005   0.000   0.000   0.000   13.000   
630.005   630.005   0.000   0.000   0.000   16.000   
630.005   630.005   0.000   0.000   0.000   15.000   
630.005   630.005   0.000   0.000   0.000   15.000   
630.005   630.005   0.000   0.000   0.000   15.000   
630.005   630.005   0.000   0.000   0.000   13.000   
630.005   630.005   0.000   0.000   0.000   14.000   
630.005   630.005   0.000   0.000   0.000   14.000   
630.005   630.005   0.000   0.000   0.000   15.000   
630.005   630.005   0.000   0.000   0.000   14.000   
630.005   630.005   0.000   0.000   0.000   16.000   
630.005   630.005   0.000   0.000   0.000   14.000   
630.005   630.005   0.000   0.000   0.000   16.000   
630.005   630.005   0.000   0.000   0.000   14.000   
630.005   630.005   0.000   0.000   0.000   15.000   
630.005   630.005   0.000   0.000   0.000   17.000   
630.005   630.005   0.000   0.000   0.000   14.000   
630.005   630.005   0.000   0.000   0.105   14.000   
630.005   630.005   0.000   0.000   -0.105   15.000   
630.005   630.005   0.000   0.000   0.000   13.000   
630.005   630.005   0.000   0.000   0.000   15.000   
630.005   630.005   0.000   0.000   0.000   16.000   
630.005   630.005   0.000   0.000   0.000   15.000   
630.005   630.005   0.000   0.000   0.000   14.000   
630.005   630.005   0.000   0.000   0.000   15.000   
630.005   630.005   0.000   0.000   0.000   4.000   
630.005   630.005   0.000   0.000   0.000   6.000   
630.005   630.005   0.000   0.000   0.000   8.000   
630.005   630.005   0.000   0.000   0.000   4.000   
630.005   630.005   0.000   0.000   0.000   5.000   
630.005   630.005   0.000   0.000   0.000   6.000   
630.005   630.005   0.000   0.000   0.000   3.000   
630.005   630.005   0.000   0.000   0.000   4.000   
630.005   630.005   0.000   0.000   0.000   3.000   
630.005   630.005   0.000   0.000   0.000   7.000   
630.005   630.005   0.000   0.000   0.000   5.000   
630.005   630.005   0.000   0.000   0.000   5.000   
630.005   630.005   0.000   0.000   0.000   5.000   
630.005   630.005   0.000   0.000   0.000   2.000   
630.005   630.005   0.000   0.000   0.000   6.000   
630.005   630.005   0.000   0.000   0.000   3.000   
630.005   630.005   0.000   0.000   0.000   2.000   
630.005   630.005   0.000   0.000   0.000   1.000   
630.005   630.005   0.000   0.000   0.000   2.000   
630.005   630.005   0.000   0.000   0.000   5.000   
630.005   630.005   0.000   0.000   0.000   2.000   
630.005   630.005   0.000   0.000   0.000   6.000   
630.005   630.005   0.000   0.000   0.000   3.000   
630.005   630.005   0.000   0.000   0.000   2.000   
630.005   630.005   0.000   0.000   0.000   4.000   
630.005   630.005   0.000   0.000   0.000   6.000   
630.005   630.005   0.000   0.000   0.000   6.000   
630.005   630.005   0.000   0.000   0.000   4.000   
630.005   630.005   0.000   0.000   0.000   5.000   
630.005   630.005   0.000   0.000   0.000   6.000   
630.005   630.005   0.000   0.000   -0.105   5.000   
630.005   630.005   0.000   0.000   0.000   5.000   
630.005   630.005   0.000   0.000   0.000   5.000   
630.005   630.005   0.000   0.000   0.105   5.000   
630.005   630.005   0.000   0.000   0.000   5.000   
630.005   630.005   0.000   0.000   0.000   5.000   
630.005   630.005   0.000   0.000   0.000   5.000   
630.005   630.005   0.000   0.000   0.000   5.000   
630.005   630.005   0.000   0.000   0.000   3.000   
630.005   630.005   -0.000   0.000   0.105   15.000   
630.005   630.005   0.000   0.000   -0.105   15.000   
630.005   630.005   0.000   0.000   0.000   15.000   
630.005   630.005   0.000   0.000   0.105   13.000   
630.005   630.005   0.000   0.000   0.000   15.000   
630.005   630.005   0.000   0.000   0.000   15.000   
630.005   630.005   0.000   0.000   0.000   14.000   
630.005   630.005   0.000   0.000   0.000   15.000   
630.005   630.005   0.000   0.000   0.000   16.000   
630.005   630.005   0.000   0.000   0.000   11.000   
630.005   630.005   0.000   0.000   0.000   15.000   
630.005   630.005   0.000   0.000   0.000   15.000   
630.005   630.005   0.000   0.000   0.000   13.000   
630.005   630.005   0.000   0.000   0.000   13.000   
630.005   630.005   0.000   0.000   0.000   16.000   
630.005   630.005   0.000   0.000   0.000   15.000   
630.005   630.005   0.000   0.000   0.000   15.000   
630.005   630.005   0.000   0.000   0.000   17.000   
630.005   630.005   0.000   0.000   0.000   13.000   
630.005   630.005   0.000   0.000   0.000   16.000   
630.005   630.005   0.000   0.000   0.000   16.000   
630.005   630.005   0.000   0.000   0.000   15.000   
630.005   630.005   0.000   0.000   0.000   16.000   
630.005   630.005   0.000   0.000   0.000   15.000   
630.005   630.005   0.000   0.000   0.000   15.000   
630.005   630.005   0.000   0.000   0.000   15.000   
630.005   630.005   0.000   0.000   0.000   12.000   
630.005   630.005   0.000   0.000   0.000   14.000   
630.005   630.005   0.000   0.000   0.000   13.000   
630.005   630.005   0.000   0.000   0.000   14.000   
630.005   630.005   0.000   0.000   0.000   15.000   
630.005   630.005   0.000   0.000   0.000   16.000   
630.005   630.005   0.000   0.000   0.000   12.000   
630.005   630.005   0.000   0.000   0.000   15.000   
630.005   630.005   0.000   0.000   0.000   15.000   
630.005   630.005   0.000   0.000   0.000   13.000   
630.005   630.005   -0.000   0.000   0.105   14.000   
630.005   630.005   0.000   0.000   -0.105   15.000   
630.005   630.005   0.000   0.000   0.000   15.000   
630.005   630.005   0.000   0.000   0.000   16.000   
630.005   630.005   0.000   0.000   0.000   17.000   
630.005   630.005   0.000   0.000   0.000   15.000   
630.005   630.005   0.000   0.000   0.000   16.000   
630.005   630.005   0.000   0.000   0.000   15.000   
630.005   630.005   0.000   0.000   0.000   16.000   
630.005   630.005   0.000   0.000   0.000   15.000   
630.005   630.005   0.000   0.000   0.000   15.000   
630.005   630.005   0.000   0.000   0.000   15.000   
630.005   630.005   0.000   0.000   0.000   15.000   
630.005   630.005   0.000   0.000   0.000   16.000   
630.005   630.005   0.000   0.000   0.000   15.000   
630.005   630.005   0.000   0.000   0.000   16.000   
630.005   630.005   0.000   0.000   0.000   15.000   
630.005   630.005   0.000   0.000   0.000   15.000   
630.005   630.005   0.000   0.000   0.000   13.000   
630.005   630.005   0.000   0.000   0.000   15.000   
630.005   630.005   0.000   0.000   0.000   15.000   
630.005   630.005   0.000   0.000   0.000   15.000   
630.005   630.005   0.000   0.000   0.000   16.000   
630.005   630.005   0.000   0.000   0.000   16.000   
630.005   630.005   0.000   0.000   0.000   15.000   
630.005   630.005   0.000   0.000   0.000   14.000   
630.005   630.005   0.000   0.000   0.000   15.000   
630.005   630.005   0.000   0.000   0.000   15.000   
630.005   630.005   0.000   0.000   0.000   15.000   
630.005   630.005   0.000   0.000   0.000   16.000   
630.005   630.005   0.000   0.000   0.000   16.000   
630.005   630.005   0.000   0.000   0.000   16.000   
630.005   630.005   0.000   0.000   0.000   16.000   
630.005   630.005   0.000   0.000   0.000   16.000   
630.005   630.005   0.000   0.000   0.000   16.000   
630.005   630.005   0.000   0.000   0.000   13.000   
630.005   630.005   0.000   0.000   0.000   15.000   
630.005   630.005   0.000   0.000   0.000   16.000   
630.005   630.005   0.000   0.000   0.000   15.000   
630.005   630.005   0.000   0.000   0.000   14.000   
630.005   630.005   0.000   0.000   0.000   15.000   
630.005   630.005   0.000   0.000   0.000   15.000   
630.005   630.005   -0.000   0.000   0.105   15.000   
630.005   630.005   0.000   0.000   -0.105   16.000   
630.005   630.005   0.000   0.000   0.000   15.000   
630.005   630.005   0.000   0.000   0.000   15.000   
630.005   630.005   0.000   0.000   0.000   17.000   
630.005   630.005   0.000   0.000   0.000   15.000   
630.005   630.005   0.000   0.000   0.000   13.000   
630.005   630.005   0.000   0.000   0.000   17.000   
630.005   630.005   0.000   0.000   0.000   16.000   
630.005   630.005   0.000   0.000   0.000   16.000   
630.005   630.005   0.000   0.000   0.000   17.000   
630.005   630.005   0.000   0.000   0.000   16.000   
630.005   630.005   0.000   0.000   -0.105   15.000   
630.005   630.005   0.000   0.000   0.000   15.000   
630.005   630.005   0.000   0.000   0.000   15.000   
630.005   630.005   0.000   0.000   0.000   15.000   
630.005   630.005   0.000   0.000   0.000   15.000   
630.005   630.005   0.000   0.000   0.000   17.000   
630.005   630.005   0.000   0.000   0.000   16.000   
630.005   630.005   0.000   0.000   0.000   15.000   
630.005   630.005   0.000   0.000   0.000   16.000   
630.005   630.005   0.000   0.000   0.000   15.000   
630.005   630.005   0.000   0.000   0.000   16.000   
630.005   630.005   0.000   0.000   0.000   16.000   
630.005   630.005   0.000   0.000   0.000   16.000   
630.005   630.005   0.000   0.000   0.000   17.000   
630.005   630.005   0.000   0.000   0.000   17.000   
630.005   630.005   0.000   0.000   0.000   15.000   
630.005   630.005   0.000   0.000   0.000   16.000   
630.005   630.005   0.000   0.000   0.000   15.000   
630.005   630.005   0.000   0.000   0.000   16.000   
630.005   630.005   0.000   0.000   0.000   17.000   
630.005   630.005   0.000   0.000   0.000   15.000   
630.005   630.005   0.000   0.000   0.000   15.000   
630.005   630.005   0.000   0.000   0.000   17.000   
630.005   630.005   0.000   0.000   0.000   15.000   
630.005   630.005   0.000   0.000   0.000   14.000   
630.005   630.005   0.000   0.000   0.000   15.000   
630.005   630.005   0.000   0.000   0.000   15.000   
630.005   630.005   0.000   0.000   0.000   15.000   
630.005   630.005   0.000   0.000   0.000   15.000   
630.005   630.005   0.000   0.000   0.000   26.000   
630.005   630.005   0.000   0.000   0.000   24.000   
630.005   630.005   0.000   0.000   0.000   25.000   
630.005   630.005   0.000   0.000   0.000   25.000   
630.005   630.005   0.000   0.000   0.000   26.000   
630.005   630.005   0.000   0.000   0.000   27.000   
630.005   630.005   0.000   0.000   0.000   24.000   
630.005   630.005   0.000   0.000   0.000   25.000   
630.005   630.005   0.000   0.000   0.000   25.000   
630.005   630.005   0.000   0.000   0.000   25.000   
630.005   630.005   0.000   0.000   0.105   25.000   
630.005   630.005   -0.000   0.000   -0.105   24.000   
630.005   630.005   0.000   0.000   0.000   24.000   
630.005   630.005   0.000   0.000   0.000   24.000   
630.005   630.005   0.000   0.000   0.000   24.000   
630.005   630.005   0.000   0.000   0.000   26.000   
630.005   630.005   0.000   0.000   0.000   23.000   
630.005   630.005   0.000   0.000   0.000   24.000   
630.005   630.005   0.000   0.000   0.000   25.000   
630.005   630.005   0.000   0.000   0.000   23.000   
630.005   630.005   0.000   0.000   0.000   25.000   
630.005   630.005   0.000   0.000   0.000   24.000   
630.005   630.005   0.000   0.000   0.000   27.000   
630.005   630.005   0.000   0.000   0.105   24.000   
630.005   630.005   0.000   0.000   -0.105   26.000   
630.005   630.005   0.000   0.000   0.000   24.000   
630.005   630.005   0.000   0.000   0.000   24.000   
630.005   630.005   0.000   0.000   0.000   26.000   
630.005   630.005   0.000   0.000   0.000   25.000   
630.005   630.005   0.000   0.000   0.000   25.000   
630.005   630.005   0.000   0.000   0.000   26.000   
630.005   630.005   0.000   0.000   0.000   25.000   
630.005   630.005   0.000   0.000   0.000   24.000   
630.005   630.005   0.000   0.000   0.000   27.000   
630.005   630.005   0.000   0.000   0.000   23.000   
630.005   630.005   0.000   0.000   0.000   26.000   
630.005   630.005   0.000   0.000   0.000   26.000   
630.005   630.005   0.000   0.000   0.000   22.000   
630.005   630.005   0.000   0.000   0.000   27.000   
630.005   630.005   0.000   0.000   0.000   16.000   
630.005   630.005   0.000   0.000   0.000   15.000   
630.005   630.005   0.000   0.000   0.000   16.000   
630.005   630.005   0.000   0.000   0.000   16.000   
630.005   630.005   0.000   0.000   0.000   12.000   
630.005   630.005   0.000   0.000   0.000   15.000   
630.005   630.005   0.000   0.000   0.000   12.000   
630.005   630.005   0.000   0.000   0.000   15.000   
630.005   630.005   0.000   0.000   0.000   13.000   
630.005   630.005   0.000   0.000   0.000   15.000   
630.005   630.005   0.000   0.000   0.000   14.000   
630.005   630.005   0.000   0.000   0.000   12.000   
630.005   630.005   0.000   0.000   0.000   12.000   
630.005   630.005   0.000   0.000   0.000   13.000   
630.005   630.005   0.000   0.000   0.000   12.000   
630.005   630.005   0.000   0.000   0.000   15.000   
630.005   630.005   0.000   0.000   0.000   15.000   
630.005   630.005   0.000   0.000   0.000   15.000   
630.005   630.005   0.000   0.000   0.000   14.000   
630.005   630.005   0.000   0.000   0.000   13.000   
630.005   630.005   0.000   0.000   0.000   11.000   
630.005   630.005   0.000   0.000   0.000   13.000   
630.005   630.005   0.000   0.000   0.000   13.000   
630.005   630.005   0.000   0.000   0.000   15.000   
630.005   630.005   0.000   0.000   0.000   15.000   
630.005   630.005   0.000   0.000   0.000   14.000   
630.005   630.005   0.000   0.000   0.000   12.000   
630.005   630.005   -0.000   0.000   0.000   13.000   
630.005   630.005   0.000   0.000   -0.105   14.000   
630.005   630.005   0.000   0.000   0.000   15.000   
630.005   630.005   0.000   0.000   0.000   12.000   
630.005   630.005   0.000   0.000   0.000   14.000   
630.005   630.005   0.000   0.000   0.000   16.000   
630.005   630.005   0.000   0.000   0.000   15.000   
630.005   630.005   0.000   0.000   0.000   15.000   
630.005   630.005   0.000   0.000   0.000   13.000   
630.005   630.005   0.000   0.000   0.000   15.000   
630.005   630.005   0.000   0.000   0.000   13.000   
630.005   630.005   0.000   0.000   0.000   14.000   
630.005   630.005   0.000   0.000   0.000   15.000   
630.005   630.005   0.000   0.000   0.000   15.000   
630.005   630.005   0.000   0.000   0.000   17.000   
630.005   630.005   0.000   0.000   0.000   14.000   
630.005   630.005   0.000   0.000   0.000   14.000   
630.005   630.005   0.000   0.000   0.000   15.000   
630.005   630.005   0.000   0.000   0.000   15.000   
630.005   630.005   0.000   0.000   0.000   12.000   
630.005   630.005   0.000   0.000   0.000   15.000   
630.005   630.005   0.000   0.000   0.000   15.000   
630.005   630.005   0.000   0.000   0.000   15.000   
630.005   630.005   0.000   0.000   0.000   15.000   
630.005   630.005   0.000   0.000   0.000   16.000   
630.005   630.005   0.000   0.000   0.000   15.000   
630.005   630.005   0.000   0.000   0.000   15.000   
630.005   630.005   0.000   0.000   0.000   16.000   
630.005   630.005   0.000   0.000   0.000   14.000   
630.005   630.005   0.000   0.000   0.000   14.000   
630.005   630.005   0.000   0.000   0.000   15.000   
630.005   630.005   0.000   0.000   0.000   12.000   
630.005   630.005   0.000   0.000   0.000   13.000   
630.005   630.005   0.000   0.000   0.000   15.000   
630.005   630.005   0.000   0.000   0.000   16.000   
630.005   630.005   0.000   0.000   0.000   15.000   
630.005   630.005   0.000   0.000   0.000   13.000   
630.005   630.005   0.000   0.000   0.000   16.000   
630.005   630.005   -0.000   0.000   0.105   15.000   
630.005   630.005   0.000   0.000   -0.105   16.000   
630.005   630.005   0.000   0.000   0.000   15.000   
630.005   630.005   -0.000   0.000   0.105   17.000   
630.005   630.005   0.000   0.000   -0.105   17.000   
630.005   630.005   0.000   0.000   0.000   14.000   
630.005   630.005   0.000   0.000   0.000   15.000   
630.005   630.005   0.000   0.000   0.000   14.000   
630.005   630.005   0.000   0.000   0.000   15.000   
630.005   630.005   0.000   0.000   0.000   14.000   
630.005   630.005   0.000   0.000   0.000   15.000   
630.005   630.005   -0.000   0.000   0.000   16.000   
630.005   630.005   0.000   0.000   0.000   17.000   
630.005   630.005   0.000   0.000   0.000   15.000   
630.005   630.005   0.000   0.000   0.000   16.000   
630.005   630.005   0.000   0.000   0.000   15.000   
630.005   630.005   0.000   0.000   0.000   15.000   
630.005   630.005   0.000   0.000   0.000   15.000   
630.005   630.005   0.000   0.000   0.000   15.000   
630.005   630.005   0.000   0.000   0.000   16.000   
630.005   630.005   0.000   0.000   0.000   14.000   
630.005   630.005   0.000   0.000   0.000   15.000   
630.005   630.005   0.000   0.000   0.000   14.000   
630.005   630.005   0.000   0.000   0.000   16.000   
630.005   630.005   0.000   0.000   0.000   14.000   
630.005   630.005   0.000   0.000   0.000   17.000   
630.005   630.005   0.000   0.000   0.000   14.000   
630.005   630.005   0.000   0.000   0.000   15.000   
630.005   630.005   0.000   0.000   0.000   14.000   
630.005   630.005   0.000   0.000   0.000   13.000   
630.005   630.005   0.000   0.000   0.000   17.000   
630.005   630.005   0.000   0.000   0.000   16.000   
630.005   630.005   0.000   0.000   0.000   16.000   
630.005   630.005   0.000   0.000   0.000   16.000   
630.005   630.005   0.000   0.000   0.000   13.000   
630.005   630.005   0.000   0.000   0.000   14.000   
630.005   630.005   0.000   0.000   0.000   15.000   
630.005   630.005   0.000   0.000   0.000   13.000   
630.005   630.005   0.000   0.000   0.000   14.000   
630.005   630.005   0.000   0.000   0.000   17.000   
630.005   630.005   0.000   0.000   0.000   15.000   
630.005   630.005   0.000   0.000   0.000   17.000   
630.005   630.005   0.000   0.000   0.000   13.000   
630.005   630.005   0.000   0.000   0.000   15.000   
630.005   630.005   0.000   0.000   0.000   14.000   
630.005   630.005   0.000   0.000   0.000   15.000   
630.005   630.005   0.000   0.000   0.000   15.000   
630.005   630.005   0.000   0.000   0.000   15.000   
630.005   630.005   0.000   0.000   0.105   15.000   
630.005   630.005   0.000   0.000   0.000   15.000   
630.005   630.005   -0.000   0.000   0.105   15.000   
630.005   630.005   0.000   0.000   -0.105   15.000   
630.005   630.005   0.000   0.000   0.000   16.000   
630.005   630.005   0.000   0.000   0.000   15.000   
630.005   630.005   0.000   0.000   0.000   15.000   
630.005   630.005   -0.000   0.000   0.000   6.000   
630.005   630.005   0.000   0.000   0.000   7.000   
630.005   630.005   0.000   0.000   0.000   7.000   
630.005   630.005   0.000   0.000   0.000   7.000   
630.005   630.005   0.000   0.000   0.000   8.000   
630.005   630.005   0.000   0.000   0.000   7.000   
630.005   630.005   0.000   0.000   0.000   6.000   
630.005   630.005   0.000   0.000   0.000   7.000   
630.005   630.005   0.000   0.000   0.000   5.000   
630.005   630.005   0.000   0.000   0.000   5.000   
630.005   630.005   0.000   0.000   0.000   5.000   
630.005   630.005   0.000   0.000   0.000   4.000   
630.005   630.005   0.000   0.000   0.000   6.000   
630.005   630.005   0.000   0.000   0.000   6.000   
630.005   630.005   0.000   0.000   0.000   5.000   
630.005   630.005   0.000   0.000   0.000   6.000   
630.005   630.005   0.000   0.000   0.000   4.000   
630.005   630.005   0.000   0.000   0.000   5.000   
630.005   630.005   0.000   0.000   0.000   5.000   
630.005   630.005   0.000   0.000   0.000   7.000   
630.005   630.005   0.000   0.000   0.000   6.000   
630.005   630.005   0.000   0.000   0.000   6.000   
630.005   630.005   0.000   0.000   0.000   3.000   
630.005   630.005   0.000   0.000   0.000   4.000   
630.005   630.005   0.000   0.000   0.000   5.000   
630.005   630.005   0.000   0.000   0.000   4.000   
630.005   630.005   0.000   0.000   0.000   7.000   
630.005   630.005   0.000   0.000   0.000   5.000   
630.005   630.005   0.000   0.000   0.000   4.000   
630.005   630.005   0.000   0.000   0.000   3.000   
630.005   630.005   0.000   0.000   0.000   6.000   
630.005   630.005   0.000   0.000   0.000   7.000   
630.005   630.005   0.000   0.000   0.000   8.000   
630.005   630.005   0.000   0.000   0.000   6.000   
630.005   630.005   0.000   0.000   0.000   7.000   
630.005   630.005   0.000   0.000   0.000   4.000   
630.005   630.005   0.000   0.000   0.000   6.000   
630.005   630.005   0.000   0.000   0.105   4.000   
630.005   630.005   0.000   0.000   -0.105   5.000   
630.005   630.005   0.000   0.000   -0.105   14.000   
630.005   630.005   0.000   0.000   0.000   13.000   
630.005   630.005   0.000   0.000   0.000   14.000   
630.005   630.005   0.000   0.000   0.000   14.000   
630.005   630.005   0.000   0.000   0.000   14.000   
630.005   630.005   0.000   0.000   0.000   15.000   
630.005   630.005   0.000   0.000   0.000   14.000   
630.005   630.005   0.000   0.000   0.000   13.000   
630.005   630.005   0.000   0.000   0.000   16.000   
630.005   630.005   0.000   0.000   0.000   16.000   
630.005   630.005   0.000   0.000   0.000   15.000   
630.005   630.005   0.000   0.000   0.000   15.000   
630.005   630.005   0.000   0.000   0.000   15.000   
630.005   630.005   0.000   0.000   0.000   15.000   
630.005   630.005   0.000   0.000   0.000   16.000   
630.005   630.005   0.000   0.000   0.000   15.000   
630.005   630.005   0.000   0.000   0.000   16.000   
630.005   630.005   0.000   0.000   0.000   14.000   
630.005   630.005   0.000   0.000   0.000   16.000   
630.005   630.005   0.000   0.000   0.000   14.000   
630.005   630.005   0.000   0.000   0.000   15.000   
630.005   630.005   0.000   0.000   0.000   15.000   
630.005   630.005   0.000   0.000   0.000   13.000   
630.005   630.005   0.000   0.000   0.000   16.000   
630.005   630.005   0.000   0.000   0.000   17.000   
630.005   630.005   0.000   0.000   0.000   14.000   
630.005   630.005   0.000   0.000   0.000   16.000   
630.005   630.005   0.000   0.000   0.000   15.000   
630.005   630.005   0.000   0.000   0.000   15.000   
630.005   630.005   0.000   0.000   0.000   16.000   
630.005   630.005   0.000   0.000   0.000   13.000   
630.005   630.005   0.000   0.000   0.000   16.000   
630.005   630.005   0.000   0.000   0.000   15.000   
630.005   630.005   0.000   0.000   0.000   13.000   
630.005   630.005   0.000   0.000   0.000   16.000   
630.005   630.005   0.000   0.000   0.000   13.000   
630.005   630.005   0.000   0.000   0.000   15.000   
630.005   630.005   0.000   0.000   0.000   14.000   
630.005   630.005   0.000   0.000   0.000   12.000   
630.005   630.005   0.000   0.000   0.000   15.000   
630.005   630.005   0.000   0.000   0.000   16.000   
630.005   630.005   0.000   0.000   0.000   13.000   
630.005   630.005   0.000   0.000   0.000   15.000   
630.005   630.005   0.000   0.000   0.000   14.000   
630.005   630.005   0.000   0.000   0.000   15.000   
630.005   630.005   0.000   0.000   0.000   15.000   
630.005   630.005   0.000   0.000   0.000   12.000   
630.005   630.005   0.000   0.000   0.000   16.000   
630.005   630.005   0.000   0.000   0.000   16.000   
630.005   630.005   0.000   0.000   0.000   15.000   
630.005   630.005   0.000   0.000   0.000   13.000   
630.005   630.005   0.000   0.000   0.000   16.000   
630.005   630.005   0.000   0.000   0.000   16.000   
630.005   630.005   0.000   0.000   0.000   15.000   
630.000   630.005   -0.001   -0.980   0.000   17.000   
630.000   630.005   -0.006   -3.270   0.000   17.000   
629.980   630.005   -0.022   -6.870   0.000   12.000   
629.915   630.005   -0.065   -14.725   0.000   5.000   
629.840   630.005   -0.144   -21.600   -0.105   -18.000   
629.675   630.000   -0.346   -34.360   -0.635   -74.000   
629.520   629.995   -0.549   -44.060   -2.005   -166.000   
629.210   629.955   -0.929   -58.605   -5.280   -262.000   
628.955   629.900   -1.230   -68.300   -10.770   -353.000   
628.505   629.770   -1.735   -82.845   -23.975   -477.000   
628.150   629.640   -2.085   -92.545   -31.895   -588.000   
627.765   629.380   -2.622   -102.240   -41.400   -722.000   
627.105   629.155   -2.976   -116.785   -51.325   -805.000   
626.620   628.890   -3.330   -126.480   -61.040   -933.000   
625.815   628.415   -3.856   -141.025   -81.635   -1017.000   
625.235   628.045   -4.201   -150.725   -92.510   -1053.000   
624.285   627.410   -4.713   -165.270   -102.860   -1112.000   
623.605   626.930   -5.047   -174.965   -113.950   -1084.000   
622.510   626.135   -5.539   -189.510   -136.025   -1037.000   
621.735   625.550   -5.865   -199.210   -146.480   -968.000   
620.920   624.920   -6.341   -208.905   -157.250   -854.000   
619.620   623.900   -6.656   -223.450   -167.280   -792.000   
618.705   623.170   -6.972   -233.150   -177.315   -672.000   
617.270   622.005   -7.448   -245.730   -196.535   -619.000   
616.275   621.185   -7.762   -252.480   -205.620   -565.000   
614.735   619.880   -8.208   -260.155   -214.700   -548.000   
613.685   618.970   -8.477   -263.630   -223.360   -541.000   
612.625   617.545   -8.812   -265.800   -239.730   -556.000   
611.030   616.555   -8.984   -266.665   -247.120   -558.000   
609.960   615.545   -9.155   -266.665   -253.140   -574.000   
608.360   613.985   -9.217   -266.665   -258.420   -562.000   
607.295   612.930   -9.246   -266.665   -262.645   -522.000   
605.695   611.325   -9.253   -266.665   -267.925   -462.000   
604.630   610.250   -9.244   -266.665   -269.300   -400.000   
603.030   608.625   -9.224   -266.665   -269.935   -272.000   
601.960   607.545   -9.208   -266.665   -270.460   -179.000   
600.895   605.920   -9.184   -266.665   -270.565   -53.000   
599.295   604.840   -9.171   -266.665   -270.460   35.000   
598.230   603.760   -9.158   -266.665   -269.720   122.000   
596.630   602.145   -9.144   -266.665   -269.090   154.000   
595.560   601.075   -9.140   -266.665   -268.030   166.000   
593.960   599.480   -9.142   -266.665   -266.025   161.000   
592.895   598.420   -9.149   -266.665   -264.970   114.000   
591.295   596.840   -9.171   -266.665   -263.595   10.000   
590.230   595.790   -9.188   -266.665   -262.540   -73.000   
589.160   594.220   -9.215   -266.665   -261.800   -201.000   
587.560   593.170   -9.235   -266.665   -261.800   -263.000   
586.495   592.125   -9.253   -266.665   -262.120   -356.000   
584.895   590.545   -9.275   -266.665   -262.750   -375.000   
583.830   589.490   -9.285   -266.665   -263.700   -393.000   
582.230   587.895   -9.293   -266.665   -265.605   -373.000   
581.160   586.830   -9.293   -266.665   -266.765   -348.000   
579.560   585.225   -9.286   -266.665   -267.610   -274.000   
578.495   584.150   -9.278   -266.665   -268.350   -212.000   
577.430   582.530   -9.261   -266.665   -269.090   -113.000   
575.830   581.450   -9.249   -266.665   -269.720   -50.000   
574.760   580.375   -9.238   -266.665   -269.405   15.000   
573.160   578.760   -9.225   -266.665   -268.985   31.000   
572.095   577.690   -9.220   -266.665   -268.350   40.000   
570.495   576.085   -9.217   -266.665   -266.975   25.000   
569.430   575.020   -9.219   -266.665   -266.235   9.000   
567.830   573.430   -9.226   -266.665   -265.710   -42.000   
566.760   572.370   -9.236   -266.665   -264.655   -118.000   
565.695   571.315   -9.251   -266.665   -264.230   -198.000   
564.095   569.730   -9.262   -266.665   -264.020   -238.000   
563.030   568.675   -9.271   -266.665   -264.440   -273.000   
561.430   567.085   -9.282   -266.665   -264.970   -289.000   
560.360   566.020   -9.287   -266.665   -265.180   -307.000   
558.760   564.425   -9.290   -266.665   -266.130   -303.000   
557.695   563.360   -9.289   -266.665   -266.870   -292.000   
556.095   561.755   -9.283   -266.665   -267.610   -237.000   
555.030   560.680   -9.276   -266.665   -268.245   -175.000   
553.960   559.605   -9.266   -266.665   -268.455   -132.000   
552.360   557.995   -9.258   -266.665   -268.350   -106.000   
551.295   556.920   -9.251   -266.665   -268.350   -78.000   
549.695   555.310   -9.242   -266.665   -268.140   -59.000   
548.630   554.240   -9.238   -266.665   -267.925   -47.000   
547.030   552.640   -9.236   -266.665   -266.765   -59.000   
545.960   551.575   -9.239   -266.665   -266.130   -77.000   
544.895   549.980   -9.245   -266.665   -265.710   -138.000   
543.295   548.920   -9.250   -266.665   -265.500   -170.000   
542.230   547.860   -9.255   -266.665   -265.500   -185.000   
540.630   546.265   -9.261   -266.665   -265.605   -190.000   
539.560   545.205   -9.266   -266.665   -265.390   -236.000   
537.960   543.610   -9.272   -266.665   -265.605   -256.000   
536.895   542.545   -9.274   -266.665   -265.815   -246.000   
535.295   540.945   -9.275   -266.665   -266.660   -233.000   
534.230   539.875   -9.273   -266.665   -267.295   -205.000   
533.160   538.270   -9.267   -266.665   -267.295   -182.000   
531.560   537.200   -9.265   -266.665   -267.925   -151.000   
530.495   536.130   -9.260   -266.665   -267.715   -112.000   
528.895   534.525   -9.253   -266.665   -267.505   -111.000   
527.830   533.450   -9.248   -266.665   -267.820   -91.000   
526.230   531.845   -9.244   -266.665   -267.400   -86.000   
525.160   530.780   -9.243   -266.665   -267.295   -67.000   
523.560   529.180   -9.244   -266.665   -266.765   -76.000   
522.495   528.115   -9.246   -266.665   -266.130   -114.000   
521.430   527.050   -9.248   -266.665   -266.130   -138.000   
519.830   525.455   -9.251   -266.665   -265.920   -129.000   
518.760   524.390   -9.255   -266.665   -265.815   -159.000   
517.160   522.795   -9.260   -266.665   -265.815   -183.000   
516.095   521.735   -9.263   -266.665   -265.815   -196.000   
514.495   520.135   -9.268   -266.665   -266.025   -198.000   
513.430   519.070   -9.267   -266.665   -266.235   -188.000   
512.360   517.470   -9.266   -266.665   -266.870   -179.000   
510.760   516.400   -9.264   -266.665   -267.185   -115.000   
509.695   515.330   -9.261   -266.665   -267.080   -112.000   
508.095   513.730   -9.259   -266.665   -267.185   -98.000   
507.030   512.660   -9.257   -266.665   -267.185   -81.000   
505.430   511.055   -9.253   -266.665   -267.400   -70.000   
504.360   509.985   -9.250   -266.665   -267.295   -51.000   
502.760   508.385   -9.249   -266.665   -266.975   -57.000   
501.695   507.320   -9.249   -266.665   -266.765   -67.000   
500.630   505.720   -9.251   -266.665   -266.235   -94.000   
499.030   504.655   -9.252   -266.665   -266.450   -87.000   
497.960   503.590   -9.255   -266.665   -266.130   -106.000   
496.360   501.995   -9.258   -266.665   -266.235   -114.000   
495.295   500.930   -9.261   -266.665   -265.920   -129.000   
493.695   499.335   -9.265   -266.665   -266.130   -145.000   
492.630   498.270   -9.266   -266.665   -266.340   -146.000   
491.030   496.670   -9.265   -266.665   -266.450   -140.000   
489.960   495.600   -9.264   -266.665   -266.870   -125.000   
488.895   494.000   -9.263   -266.665   -266.870   -121.000   
487.295   492.930   -9.263   -266.665   -266.870   -119.000   
486.230   491.865   -9.261   -266.665   -267.080   -99.000   
484.630   490.260   -9.259   -266.665   -267.185   -89.000   
483.560   489.190   -9.255   -266.665   -267.295   -69.000   
481.960   487.590   -9.252   -266.665   -266.975   -70.000   
480.895   486.520   -9.252   -266.665   -266.765   -76.000   
479.295   484.920   -9.252   -266.665   -266.765   -70.000   
478.230   483.855   -9.252   -266.665   -266.660   -80.000   
477.160   482.790   -9.254   -266.665   -266.450   -85.000   
475.560   481.190   -9.255   -266.665   -266.450   -101.000   
474.495   480.125   -9.257   -266.665   -266.130   -108.000   
472.895   478.530   -9.259   -266.665   -266.235   -118.000   
471.830   477.465   -9.261   -266.665   -266.130   -132.000   
469.160   474.800   -9.263   -266.665   -266.555   -124.000   
467.560   473.205   -9.269   -266.665   -265.815   -176.000   
466.495   472.140   -9.272   -266.665   -265.920   -193.000   
465.430   471.080   -9.274   -266.665   -265.815   -193.000   
463.830   469.475   -9.274   -266.665   -266.765   -182.000   
462.760   468.410   -9.274   -266.665   -266.975   -170.000   
461.160   466.810   -9.272   -266.665   -266.765   -187.000   
460.095   465.745   -9.273   -266.665   -266.555   -199.000   
458.495   464.145   -9.275   -266.665   -266.555   -246.000   
457.430   463.080   -9.275   -266.665   -266.555   -232.000   
455.830   461.475   -9.273   -266.665   -267.295   -199.000   
454.760   460.405   -9.270   -266.665   -267.295   -188.000   
453.695   459.335   -9.265   -266.665   -267.505   -186.000   
452.095   457.730   -9.262   -266.665   -267.400   -171.000   
451.030   456.660   -9.258   -266.665   -267.505   -151.000   
449.430   455.055   -9.252   -266.665   -267.715   -113.000   
448.360   453.985   -9.248   -266.665   -267.610   -99.000   
446.760   452.380   -9.243   -266.665   -267.610   -56.000   
445.695   451.310   -9.239   -266.665   -267.295   -47.000   
444.630   449.710   -9.242   -266.665   -266.340   -106.000   
443.030   448.650   -9.247   -266.665   -265.920   -145.000   
441.960   447.585   -9.250   -266.665   -265.285   -157.000   
440.360   445.990   -9.254   -266.665   -266.130   -154.000   
439.295   444.925   -9.255   -266.665   -266.340   -142.000   
437.695   443.330   -9.261   -266.665   -265.815   -191.000   
436.630   442.270   -9.265   -266.665   -265.710   -219.000   
435.030   440.670   -9.269   -266.665   -266.235   -226.000   
433.960   439.605   -9.269   -266.665   -266.555   -214.000   
432.895   438.000   -9.264   -266.665   -267.505   -141.000   
431.295   436.930   -9.260   -266.665   -267.715   -121.000   
430.230   435.860   -9.255   -266.665   -267.820   -95.000   
428.630   434.255   -9.251   -266.665   -267.400   -95.000   
427.560   433.185   -9.248   -266.665   -267.295   -87.000   
425.960   431.580   -9.246   -266.665   -267.400   -59.000   
424.895   430.510   -9.243   -266.665   -267.295   -45.000   
423.295   428.910   -9.240   -266.665   -266.765   -49.000   
422.230   427.845   -9.241   -266.665   -266.450   -60.000   
421.160   426.780   -9.245   -266.665   -266.025   -96.000   
419.560   425.185   -9.248   -266.665   -265.920   -103.000   
418.495   424.120   -9.252   -266.665   -265.920   -126.000   
416.895   422.525   -9.258   -266.665   -265.815   -138.000   
415.830   421.465   -9.261   -266.665   -265.710   -149.000   
414.230   419.870   -9.264   -266.665   -265.920   -174.000   
413.160   418.805   -9.266   -266.665   -266.025   -176.000   
411.560   417.205   -9.267   -266.665   -266.765   -157.000   
410.495   416.135   -9.266   -266.665   -266.870   -146.000   
409.430   415.065   -9.265   -266.665   -267.185   -124.000   
407.830   413.465   -9.261   -266.665   -267.080   -134.000   
406.760   412.395   -9.260   -266.665   -267.080   -125.000   
405.160   410.790   -9.255   -266.665   -267.295   -106.000   
404.095   409.725   -9.253   -266.665   -267.295   -94.000   
402.495   408.120   -9.250   -266.665   -267.295   -77.000   
401.430   407.055   -9.250   -266.665   -266.870   -92.000   
400.360   405.450   -9.249   -266.665   -266.765   -90.000   
398.760   404.385   -9.250   -266.665   -266.340   -103.000   
397.695   403.320   -9.252   -266.665   -266.235   -116.000   
396.095   401.725   -9.255   -266.665   -266.235   -132.000   
395.030   400.660   -9.259   -266.665   -266.025   -141.000   
393.430   399.065   -9.261   -266.665   -266.130   -156.000   
392.360   398.000   -9.262   -266.665   -266.235   -160.000   
390.760   396.400   -9.264   -266.665   -266.450   -162.000   
389.695   395.335   -9.265   -266.665   -266.235   -170.000   
388.630   393.735   -9.267   -266.665   -266.555   -166.000   
387.030   392.670   -9.266   -266.665   -266.870   -160.000   
385.960   391.600   -9.264   -266.665   -266.870   -150.000   
384.360   390.000   -9.262   -266.665   -267.080   -132.000   
383.295   388.930   -9.260   -266.665   -266.975   -134.000   
381.695   387.330   -9.258   -266.665   -266.975   -118.000   
380.630   386.260   -9.257   -266.665   -266.870   -129.000   
379.030   384.660   -9.257   -266.665   -266.975   -115.000   
377.960   383.590   -9.255   -266.665   -266.975   -107.000   
376.895   381.990   -9.256   -266.665   -266.555   -138.000   
375.295   380.925   -9.257   -266.665   -266.340   -145.000   
374.230   379.860   -9.258   -266.665   -266.340   -147.000   
372.630   378.265   -9.260   -266.665   -266.450   -149.000   
371.560   377.195   -9.261   -266.665   -266.555   -145.000   
369.960   375.600   -9.263   -266.665   -266.235   -177.000   
368.895   374.535   -9.266   -266.665   -266.130   -188.000   
367.295   372.935   -9.267   -266.665   -266.340   -195.000   
366.230   371.870   -9.268   -266.665   -266.340   -197.000   
365.160   370.805   -9.268   -266.665   -266.765   -186.000   
363.560   369.205   -9.266   -266.665   -266.975   -180.000   
362.495   368.135   -9.266   -266.665   -266.870   -173.000   
360.895   366.535   -9.264   -266.665   -266.975   -166.000   
359.830   365.465   -9.263   -266.665   -266.975   -171.000   
358.230   363.865   -9.258   -266.665   -267.185   -146.000   
357.165   362.795   -9.256   -266.665   -267.080   -140.000   
355.565   361.195   -9.254   -266.665   -266.870   -145.000   
354.495   360.125   -9.254   -266.665   -266.765   -145.000   
353.430   359.060   -9.255   -266.665   -266.555   -145.000   
351.830   357.460   -9.255   -266.665   -266.765   -143.000   
350.765   356.395   -9.255   -266.665   -266.555   -129.000   
349.165   354.795   -9.256   -266.665   -266.450   -147.000   
348.095   353.730   -9.258   -266.665   -266.450   -170.000   
346.495   352.130   -9.258   -266.665   -266.555   -163.000   
345.430   351.065   -9.260   -266.665   -266.235   -168.000   
344.365   349.465   -9.260   -266.665   -266.660   -154.000   
342.765   348.400   -9.260   -266.665   -266.555   -173.000   
341.695   347.330   -9.260   -266.665   -266.870   -169.000   
340.095   345.730   -9.259   -266.665   -266.870   -137.000   
339.030   344.665   -9.258   -266.665   -266.765   -160.000   
337.430   343.065   -9.258   -266.665   -266.870   -155.000   
336.365   341.995   -9.257   -266.665   -266.765   -142.000   
334.765   340.395   -9.256   -266.665   -266.870   -141.000   
333.695   339.325   -9.255   -266.665   -266.975   -120.000   
332.630   337.725   -9.254   -266.665   -266.765   -127.000   
331.030   336.660   -9.254   -266.665   -266.870   -124.000   
329.965   335.590   -9.253   -266.665   -266.660   -126.000   
328.365   333.990   -9.255   -266.665   -266.660   -126.000   
327.295   332.925   -9.255   -266.665   -266.660   -115.000   
325.695   331.325   -9.255   -266.665   -266.450   -137.000   
324.630   330.260   -9.256   -266.665   -266.450   -159.000   
323.030   328.660   -9.257   -266.665   -266.660   -134.000   
321.965   327.595   -9.257   -266.665   -266.660   -126.000   
320.895   326.530   -9.258   -266.665   -266.765   -138.000   
319.295   324.930   -9.258   -266.665   -266.660   -138.000   
318.230   323.860   -9.257   -266.665   -266.555   -134.000   
316.630   322.260   -9.257   -266.665   -266.660   -134.000   
315.565   321.195   -9.257   -266.665   -266.660   -128.000   
313.965   319.595   -9.257   -266.665   -266.660   -133.000   
312.895   318.530   -9.257   -266.665   -266.765   -134.000   
311.295   316.930   -9.258   -266.665   -266.450   -132.000   
310.230   315.865   -9.258   -266.665   -266.555   -132.000   
309.165   314.795   -9.258   -266.665   -266.765   -126.000   
307.565   313.195   -9.258   -266.665   -266.555   -145.000   
306.495   312.130   -9.258   -266.665   -266.660   -130.000   
304.895   310.530   -9.259   -266.665   -266.340   -113.000   
303.830   309.465   -9.259   -266.665   -266.660   -113.000   
302.230   307.865   -9.259   -266.665   -266.660   -97.000   
301.165   306.795   -9.258   -266.665   -266.765   -95.000   
300.095   305.195   -9.258   -266.665   -266.660   -98.000   
298.495   304.130   -9.260   -266.665   -266.555   -104.000   
297.430   303.065   -9.259   -266.665   -266.555   -106.000   
295.830   301.465   -9.259   -266.665   -266.660   -109.000   
294.765   300.395   -9.259   -266.665   -266.660   -107.000   
293.165   298.795   -9.259   -266.665   -266.660   -102.000   
292.095   297.730   -9.258   -266.665   -266.765   -96.000   
290.495   296.130   -9.260   -266.665   -266.660   -109.000   
289.430   295.065   -9.259   -266.665   -266.765   -96.000   
288.365   293.465   -9.258   -266.665   -266.660   -109.000   
286.765   292.395   -9.258   -266.665   -266.765   -95.000   
285.695   291.330   -9.258   -266.665   -266.555   -103.000   
284.095   289.730   -9.259   -266.665   -266.555   -112.000   
283.030   288.665   -9.259   -266.665   -266.555   -104.000   
281.430   287.065   -9.261   -266.665   -266.660   -110.000   
280.365   286.000   -9.261   -266.665   -266.450   -117.000   
278.765   284.400   -9.261   -266.665   -266.555   -116.000   
277.695   283.335   -9.261   -266.665   -266.660   -122.000   
276.630   281.735   -9.263   -266.665   -266.450   -126.000   
275.030   280.665   -9.263   -266.665   -266.660   -128.000   
273.965   279.600   -9.263   -266.665   -266.450   -142.000   
272.365   278.000   -9.263   -266.665   -266.870   -121.000   
271.295   276.935   -9.262   -266.665   -266.765   -125.000   
269.695   275.335   -9.261   -266.665   -266.660   -126.000   
268.630   274.265   -9.261   -266.665   -266.765   -130.000   
267.030   272.665   -9.261   -266.665   -266.555   -134.000   
265.965   271.600   -9.261   -266.665   -266.765   -121.000   
264.895   270.530   -9.261   -266.665   -266.660   -127.000   
263.295   268.930   -9.260   -266.665   -266.765   -123.000   
262.230   267.865   -9.259   -266.665   -266.975   -105.000   
260.630   266.265   -9.261   -266.665   -266.660   -125.000   
259.565   265.200   -9.261   -266.665   -266.555   -124.000   
257.965   263.600   -9.260   -266.665   -266.660   -131.000   
256.895   262.530   -9.260   -266.665   -266.765   -122.000   
255.295   260.930   -9.260   -266.665   -266.765   -119.000   
254.230   259.865   -9.260   -266.665   -266.450   -134.000   
253.165   258.800   -9.261   -266.665   -266.870   -149.000   
251.565   257.195   -9.261   -266.665   -266.870   -130.000   
250.495   256.130   -9.260   -266.665   -266.555   -146.000   
248.895   254.530   -9.259   -266.665   -266.765   -142.000   
247.830   253.465   -9.258   -265.680   -266.660   -137.000   
246.250   251.865   -9.252   -261.755   -266.660   -140.000   
245.210   250.795   -9.230   -257.500   -266.975   -116.000   
244.190   249.195   -9.154   -251.935   -266.765   -115.000   
242.710   248.130   -9.054   -241.135   -266.660   -100.000   
241.760   247.070   -8.908   -232.300   -265.710   -52.000   
240.410   245.495   -8.607   -217.755   -261.695   -20.000   
239.560   244.465   -8.343   -208.055   -258.105   59.000   
238.355   242.955   -7.883   -193.510   -252.615   160.000   
237.600   241.985   -7.540   -183.815   -246.385   254.000   
236.540   240.590   -7.007   -169.270   -230.015   392.000   
235.885   239.710   -6.651   -159.570   -220.615   496.000   
235.265   238.465   -6.122   -149.875   -210.370   617.000   
234.410   237.685   -5.773   -135.330   -199.915   665.000   
233.885   236.945   -5.426   -125.635   -189.670   751.000   
233.175   235.920   -4.912   -111.090   -168.865   779.000   
232.750   235.285   -4.572   -101.390   -158.410   806.000   
232.190   234.415   -4.066   -86.845   -147.850   808.000   
231.860   233.885   -3.733   -77.150   -137.290   787.000   
231.440   233.175   -3.244   -62.605   -115.640   699.000   
231.210   232.755   -2.924   -52.905   -104.975   632.000   
231.015   232.375   -2.444   -43.210   -95.150   555.000   
230.800   231.880   -2.126   -28.990   -85.330   494.000   
230.700   231.595   -1.806   -20.930   -75.720   421.000   
230.605   231.240   -1.339   -11.295   -56.815   381.000   
230.570   231.050   -1.044   -6.505   -47.735   348.000   
230.545   230.825   -0.654   -1.780   -39.180   344.000   
230.545   230.720   -0.439   -0.265   -30.730   347.000   
230.545   230.610   -0.197   0.000   -16.265   361.000   
230.545   230.570   -0.092   0.000   -10.455   360.000   
230.545   230.545   -0.012   0.000   -5.490   329.000   
230.545   230.540   0.004   0.000   -2.005   302.000   
230.545   230.545   0.003   0.000   0.420   256.000   
230.545   230.555   -0.011   0.000   2.430   208.000   
230.545   230.570   -0.022   0.000   2.850   144.000   
230.545   230.585   -0.042   0.000   3.170   33.000   
230.545   230.600   -0.055   0.000   3.380   -43.000   
230.545   230.620   -0.073   0.000   2.955   -138.000   
230.545   230.630   -0.083   0.000   2.430   -187.000   
230.545   230.635   -0.092   0.000   1.795   -230.000   
230.545   230.640   -0.094   0.000   0.950   -235.000   
230.545   230.640   -0.093   0.000   0.000   -221.000   
230.545   230.630   -0.084   0.000   -1.690   -171.000   
230.545   230.620   -0.074   0.000   -2.430   -126.000   
230.545   230.600   -0.057   0.000   -2.850   -54.000   
230.545   230.590   -0.043   0.000   -3.275   8.000   
230.545   230.565   -0.021   0.000   -3.695   91.000   
230.545   230.555   -0.008   0.000   -3.275   132.000   
230.545   230.540   0.003   0.000   -2.745   159.000   
230.545   230.530   0.013   0.000   -1.900   147.000   
230.545   230.530   0.015   0.000   -0.845   117.000   
230.545   230.530   0.014   0.000   0.315   77.000   
230.545   230.535   0.011   0.000   0.740   55.000   
230.545   230.540   0.003   0.000   1.160   0.000   
230.545   230.550   -0.003   0.000   1.480   -35.000   
230.545   230.560   -0.014   0.000   1.690   -94.000   
230.545   230.565   -0.019   0.000   1.480   -118.000   
230.545   230.570   -0.023   0.000   0.950   -119.000   
230.545   230.570   -0.025   0.000   0.315   -101.000   
230.545   230.570   -0.023   0.000   -0.105   -85.000   
230.545   230.565   -0.019   0.000   -0.845   -61.000   
230.545   230.560   -0.015   0.000   -0.950   -38.000   
230.545   230.550   -0.007   0.000   -1.265   7.000   
230.545   230.545   -0.001   0.000   -1.480   34.000   
230.545   230.540   0.007   0.000   -1.480   69.000   
230.545   230.535   0.011   0.000   -0.950   74.000   
230.545   230.535   0.013   0.000   -0.420   58.000   
230.545   230.535   0.012   0.000   0.000   41.000   
230.545   230.535   0.011   0.000   0.315   32.000   
230.545   230.540   0.008   0.000   0.635   10.000   
230.545   230.540   0.004   0.000   0.845   -10.000   
230.545   230.545   -0.002   0.000   0.950   -41.000   
230.545   230.550   -0.005   0.000   0.950   -56.000   
230.545   230.555   -0.009   0.000   0.845   -65.000   
230.545   230.555   -0.010   0.000   0.210   -56.000   
230.545   230.555   -0.009   0.000   -0.105   -40.000   
230.545   230.555   -0.008   0.000   -0.105   -32.000   
230.545   230.550   -0.007   0.000   -0.420   -22.000   
230.545   230.550   -0.003   0.000   -0.530   -12.000   
230.545   230.545   -0.000   0.000   -0.740   19.000   
230.545   230.540   0.004   0.000   -0.740   35.000   
230.545   230.540   0.005   0.000   -0.530   39.000   
230.545   230.540   0.006   0.000   -0.315   28.000   
230.545   230.540   0.006   0.000   0.105   21.000   
230.545   230.540   0.005   0.000   0.210   22.000   
230.545   230.540   0.004   0.000   0.210   12.000   
230.545   230.545   0.002   0.000   0.315   -13.000   
230.545   230.545   -0.001   0.000   0.420   -22.000   
230.545   230.550   -0.003   0.000   0.530   -33.000   
230.545   230.550   -0.005   0.000   0.315   -37.000   
230.545   230.550   -0.005   0.000   0.210   -32.000   
230.545   230.550   -0.005   0.000   0.000   -21.000   
230.545   230.550   -0.004   0.000   -0.210   -16.000   
230.545   230.550   -0.003   0.000   -0.210   -16.000   
230.545   230.545   -0.001   0.000   -0.315   11.000   
230.545   230.545   0.000   0.000   -0.315   18.000   
230.545   230.545   0.003   0.000   -0.315   25.000   
230.545   230.540   0.003   0.000   -0.210   24.000   
230.545   230.540   0.003   0.000   -0.105   19.000   
230.545   230.540   0.003   0.000   0.105   16.000   
230.545   230.545   0.003   0.000   0.105   13.000   
230.545   230.545   0.002   0.000   0.210   -14.000   
230.545   230.545   0.000   0.000   0.315   -10.000   
230.545   230.545   -0.001   0.000   0.315   -18.000   
230.545   230.550   -0.003   0.000   0.315   -24.000   
230.545   230.550   -0.003   0.000   0.105   -23.000   
230.545   230.550   -0.003   0.000   0.000   -17.000   
230.545   230.550   -0.003   0.000   -0.105   -15.000   
230.545   230.545   -0.002   0.000   -0.105   -12.000   
230.545   230.545   -0.002   0.000   -0.105   -13.000   
230.545   230.545   -0.000   0.000   -0.210   -13.000   
230.545   230.545   0.000   0.000   -0.210   13.000   
230.545   230.545   0.002   0.000   -0.210   17.000   
230.545   230.545   0.002   0.000   -0.105   14.000   
230.545   230.545   0.002   0.000   0.105   13.000   
230.545   230.545   0.002   0.000   0.000   -4.000   
230.545   230.545   0.001   0.000   0.105   -8.000   
230.545   230.545   0.000   0.000   0.105   -9.000   
230.545   230.545   -0.000   0.000   0.210   -14.000   
230.545   230.545   -0.001   0.000   0.210   -19.000   
230.545   230.545   -0.002   0.000   0.105   -19.000   
230.545   230.545   -0.002   0.000   0.000   -15.000   
230.545   230.545   -0.002   0.000   0.000   -15.000   
230.545   230.545   -0.001   0.000   0.000   -11.000   
230.545   230.545   -0.001   0.000   -0.105   -12.000   
230.545   230.545   -0.000   0.000   -0.105   -4.000   
230.545   230.545   0.000   0.000   -0.105   -3.000   
230.545   230.545   0.001   0.000   -0.210   -2.000   
230.545   230.545   0.001   0.000   0.000   -4.000   
230.545   230.545   0.001   0.000   0.000   -6.000   
230.545   230.545   0.001   0.000   0.000   -7.000   
230.545   230.545   0.000   0.000   0.105   -9.000   
230.545   230.545   -0.000   0.000   0.105   -11.000   
230.545   230.545   -0.001   0.000   0.105   -15.000   
230.545   230.545   -0.001   0.000   0.105   -17.000   
230.545   230.545   -0.001   0.000   0.000   -18.000   
230.545   230.545   -0.001   0.000   0.000   -15.000   
230.545   230.545   -0.001   0.000   0.000   -10.000   
230.545   230.545   -0.001   0.000   -0.105   -9.000   
230.545   230.545   -0.000   0.000   -0.105   -9.000   
230.545   230.545   0.000   0.000   0.000   -7.000   
230.545   230.545   0.000   0.000   -0.105   -4.000   
230.545   230.545   0.001   0.000   -0.105   -3.000   
230.545   230.545   0.001   0.000   0.000   -6.000   
230.545   230.545   0.001   0.000   0.000   -7.000   
230.545   230.545   0.000   0.000   0.000   -7.000   
230.545   230.545   0.000   0.000   0.105   -9.000   
230.545   230.545   0.000   0.000   0.000   -14.000   
230.545   230.545   -0.001   0.000   0.105   -14.000   
230.545   230.545   -0.001   0.000   0.105   -14.000   
230.545   230.545   -0.001   0.000   0.000   -15.000   
230.545   230.545   -0.001   0.000   0.000   -14.000   
230.545   230.545   -0.001   0.000   -0.105   -13.000   
230.545   230.545   -0.001   0.000   0.000   -14.000   
230.545   230.545   -0.000   0.000   -0.105   -8.000   
230.545   230.545   0.000   0.000   -0.105   -7.000   
230.545   230.545   0.000   0.000   0.000   -6.000   
230.545   230.545   0.000   0.000   -0.105   -6.000   
230.545   230.545   0.000   0.000   0.000   -7.000   
230.545   230.545   0.000   0.000   0.000   -8.000   
230.545   230.545   0.000   0.000   0.000   -9.000   
230.545   230.545   0.000   0.000   0.105   -11.000   
230.545   230.545   -0.000   0.000   0.000   -11.000   
230.545   230.545   -0.000   0.000   0.105   -12.000   
230.545   230.545   -0.001   0.000   0.105   -15.000   
230.545   230.545   -0.001   0.000   0.000   -15.000   
230.545   230.545   -0.001   0.000   0.000   -12.000   
230.545   230.545   -0.000   0.000   0.000   -15.000   
230.545   230.545   -0.000   0.000   -0.105   -11.000   
230.545   230.545   -0.000   0.000   0.000   -8.000   
230.545   230.545   0.000   0.000   -0.105   -7.000   
230.545   230.545   0.000   0.000   0.000   -7.000   
230.545   230.545   0.000   0.000   -0.105   -8.000   
230.545   230.545   0.000   0.000   0.000   -8.000   
230.545   230.545   0.000   0.000   0.000   -9.000   
230.545   230.545   0.000   0.000   0.105   -9.000   
230.545   230.545   0.000   0.000   0.000   -11.000   
230.545   230.545   -0.000   0.000   0.105   -13.000   
230.545   230.545   -0.000   0.000   0.000   -14.000   
230.545   230.545   -0.001   0.000   0.105   -12.000   
230.545   230.545   -0.001   0.000   0.000   -15.000   
230.545   230.545   -0.001   0.000   0.000   -11.000   
230.545   230.545   -0.000   0.000   -0.105   -11.000   
230.545   230.545   -0.000   0.000   0.000   -7.000   
230.545   230.545   0.000   0.000   0.000   -9.000   
230.545   230.545   0.000   0.000   -0.105   -8.000   
230.545   230.545   0.000   0.000   0.000   -7.000   
230.545   230.545   0.000   0.000   0.000   -8.000   
230.545   230.545   0.000   0.000   0.000   -8.000   
230.545   230.545   0.000   0.000   0.000   -9.000   
230.545   230.545   0.000   0.000   0.000   -9.000   
230.545   230.545   0.000   0.000   0.000   -12.000   
230.545   230.545   -0.000   0.000   0.105   -11.000   
230.545   230.545   -0.000   0.000   0.000   -11.000   
230.545   230.545   -0.000   0.000   0.000   -14.000   
230.545   230.545   -0.001   0.000   0.105   -14.000   
230.545   230.545   -0.001   0.000   0.000   -12.000   
230.545   230.545   -0.000   0.000   -0.105   -10.000   
230.545   230.545   -0.000   0.000   0.000   -12.000   
230.545   230.545   -0.000   0.000   0.000   -9.000   
230.545   230.545   0.000   0.000   0.000   -9.000   
230.545   230.545   0.000   0.000   0.000   -9.000   
230.545   230.545   0.000   0.000   0.000   -9.000   
230.545   230.545   0.000   0.000   0.000   -9.000   
230.545   230.545   0.000   0.000   0.000   -10.000   
230.545   230.545   0.000   0.000   0.000   -10.000   
230.545   230.545   0.000   0.000   0.000   -11.000   
230.545   230.545   -0.000   0.000   0.105   -11.000   
230.545   230.545   -0.000   0.000   0.000   -12.000   
230.545   230.545   -0.000   0.000   0.000   -15.000   
230.545   230.545   -0.000   0.000   0.000   -14.000   
230.545   230.545   -0.000   0.000   0.000   -11.000   
230.545   230.545   -0.000   0.000   0.000   -11.000   
230.545   230.545   -0.000   0.000   0.000   -12.000   
230.545   230.545   0.000   0.000   0.000   -9.000   
230.545   230.545   0.000   0.000   0.000   -9.000   
230.545   230.545   0.000   0.000   0.000   -9.000   
230.545   230.545   0.000   0.000   0.000   -9.000   
230.545   230.545   0.000   0.000   0.000   -10.000   
230.545   230.545   0.000   0.000   0.000   -8.000   
230.545   230.545   0.000   0.000   0.000   -10.000   
230.545   230.545   -0.000   0.000   0.000   -15.000   
230.545   230.545   -0.000   0.000   0.105   -16.000   
230.545   230.545   -0.000   0.000   0.000   -13.000   
230.545   230.545   -0.000   0.000   0.000   -12.000   
230.545   230.545   -0.000   0.000   0.000   -10.000   
230.545   230.545   -0.000   0.000   0.000   -9.000   
230.545   230.545   -0.000   0.000   0.000   -11.000   
230.545   230.545   -0.000   0.000   0.000   -10.000   
230.545   230.545   0.000   0.000   -0.105   -11.000   
230.545   230.545   0.000   0.000   0.000   -10.000   
230.545   230.545   0.000   0.000   0.000   -10.000   
230.545   230.545   0.000   0.000   0.000   -9.000   
230.545   230.545   0.000   0.000   0.000   -11.000   
230.545   230.545   0.000   0.000   0.000   -19.000   
230.545   230.545   0.000   0.000   0.000   -21.000   
230.545   230.545   -0.000   0.000   0.000   -19.000   
230.545   230.545   -0.000   0.000   0.000   -20.000   
230.545   230.545   -0.000   0.000   0.000   -20.000   
230.545   230.545   -0.000   0.000   0.000   -18.000   
230.545   230.545   -0.000   0.000   0.000   -19.000   
230.545   230.545   -0.000   0.000   0.000   -18.000   
230.545   230.545   -0.000   0.000   0.000   -18.000   
230.545   230.545   -0.000   0.000   0.000   -19.000   
230.545   230.545   0.000   0.000   -0.105   -18.000   
230.545   230.545   0.000   0.000   0.000   -18.000   
230.545   230.545   0.000   0.000   0.000   -19.000   
230.545   230.545   0.000   0.000   0.000   -18.000   
230.545   230.545   0.000   0.000   0.000   -20.000   
230.545   230.545   0.000   0.000   0.000   -20.000   
230.545   230.545   -0.000   0.000   0.105   -18.000   
230.545   230.545   -0.000   0.000   0.000   -19.000   
230.545   230.545   -0.000   0.000   0.000   -20.000   
230.545   230.545   -0.000   0.000   0.000   -19.000   
230.545   230.545   -0.000   0.000   0.000   -18.000   
230.545   230.545   -0.000   0.000   0.000   -19.000   
230.545   230.545   -0.000   0.000   0.000   -20.000   
230.545   230.545   0.000   0.000   -0.105   -19.000   
230.545   230.545   0.000   0.000   0.000   -18.000   
230.545   230.545   0.000   0.000   0.000   -19.000   
230.545   230.545   0.000   0.000   0.000   -19.000   
230.545   230.545   0.000   0.000   0.000   -19.000   
230.545   230.545   0.000   0.000   0.000   -20.000   
230.545   230.545   0.000   0.000   0.000   -19.000   
230.545   230.545   0.000   0.000   0.000   -20.000   
230.545   230.545   -0.000   0.000   0.105   -20.000   
230.545   230.545   -0.000   0.000   0.000   -23.000   
230.545   230.545   -0.000   0.000   0.000   -22.000   
230.545   230.545   -0.000   0.000   0.000   -22.000   
230.545   230.545   -0.000   0.000   0.000   -20.000   
230.545   230.545   -0.000   0.000   0.000   -18.000   
230.545   230.545   -0.000   0.000   0.000   -19.000   
230.545   230.545   -0.000   0.000   0.000   -19.000   
230.545   230.545   0.000   0.000   0.000   -20.000   
230.545   230.545   0.000   0.000   0.000   -9.000   
230.545   230.545   0.000   0.000   0.000   -8.000   
230.545   230.545   0.000   0.000   0.000   -9.000   
230.545   230.545   0.000   0.000   0.000   -11.000   
230.545   230.545   0.000   0.000   0.000   -10.000   
230.545   230.545   0.000   0.000   0.000   -13.000   
230.545   230.545   -0.000   0.000   0.000   -11.000   
230.545   230.545   -0.000   0.000   0.105   -10.000   
230.545   230.545   -0.000   0.000   0.000   -10.000   
230.545   230.545   -0.000   0.000   0.000   -11.000   
230.545   230.545   -0.000   0.000   0.000   -9.000   
230.545   230.545   -0.000   0.000   0.000   -11.000   
230.545   230.545   -0.000   0.000   0.000   -12.000   
230.545   230.545   0.000   0.000   -0.105   -9.000   
230.545   230.545   0.000   0.000   0.000   -9.000   
230.545   230.545   0.000   0.000   0.000   -10.000   
230.545   230.545   0.000   0.000   0.000   -9.000   
230.545   230.545   0.000   0.000   0.000   -9.000   
230.545   230.545   0.000   0.000   0.000   -11.000   
230.545   230.545   0.000   0.000   0.000   -9.000   
230.545   230.545   -0.000   0.000   0.105   -13.000   
230.545   230.545   -0.000   0.000   0.000   -9.000   
230.545   230.545   -0.000   0.000   0.000   -10.000   
230.545   230.545   -0.000   0.000   0.000   -9.000   
230.545   230.545   -0.000   0.000   0.000   -13.000   
230.545   230.545   -0.000   0.000   0.000   -13.000   
230.545   230.545   -0.000   0.000   0.000   -13.000   
230.545   230.545   0.000   0.000   -0.105   -13.000   
230.545   230.545   0.000   0.000   0.000   -9.000   
230.545   230.545   0.000   0.000   0.000   -10.000   
230.545   230.545   0.000   0.000   0.000   -10.000   
230.545   230.545   0.000   0.000   0.000   -10.000   
230.545   230.545   0.000   0.000   0.000   -9.000   
230.545   230.545   0.000   0.000   0.000   -12.000   
230.545   230.545   0.000   0.000   0.000   -10.000   
230.545   230.545   0.000   0.000   0.000   -11.000   
230.545   230.545   -0.000   0.000   0.105   -10.000   
230.545   230.545   -0.000   0.000   0.000   -11.000   
230.545   230.545   -0.000   0.000   0.000   -11.000   
230.545   230.545   -0.000   0.000   0.000   -13.000   
230.545   230.545   -0.000   0.000   0.000   -13.000   
230.545   230.545   -0.000   0.000   0.000   -9.000   
230.545   230.545   -0.000   0.000   0.000   -14.000   
230.545   230.545   -0.000   0.000   0.000   -11.000   
230.545   230.545   0.000   0.000   0.000   -10.000   
230.545   230.545   0.000   0.000   0.000   -11.000   
230.545   230.545   0.000   0.000   0.000   -8.000   
230.545   230.545   0.000   0.000   0.000   -12.000   
230.545   230.545   0.000   0.000   0.000   -11.000   
230.545   230.545   0.000   0.000   0.000   -12.000   
230.545   230.545   0.000   0.000   0.000   -13.000   
230.545   230.545   -0.000   0.000   0.000   -10.000   
230.545   230.545   -0.000   0.000   0.105   -10.000   
230.545   230.545   -0.000   0.000   0.105   -13.000   
230.545   230.545   -0.000   0.000   0.000   -11.000   
230.545   230.545   -0.000   0.000   0.000   -12.000   
230.545   230.545   0.000   0.000   0.000   -10.000   
230.545   230.545   0.000   0.000   -0.105   -10.000   
230.545   230.545   0.000   0.000   0.000   -10.000   
230.545   230.545   0.000   0.000   0.000   -8.000   
230.545   230.545   0.000   0.000   0.000   -9.000   
230.545   230.545   0.000   0.000   0.000   -9.000   
230.545   230.545   0.000   0.000   0.000   -11.000   
230.545   230.545   0.000   0.000   0.000   -10.000   
230.545   230.545   -0.000   0.000   0.105   -9.000   
230.545   230.545   -0.000   0.000   0.000   -11.000   
230.545   230.545   -0.000   0.000   0.000   -11.000   
230.545   230.545   -0.000   0.000   0.000   -13.000   
230.545   230.545   -0.000   0.000   0.000   -12.000   
230.545   230.545   -0.000   0.000   0.000   -11.000   
230.545   230.545   -0.000   0.000   0.000   -10.000   
230.545   230.545   -0.000   0.000   0.000   -10.000   
230.545   230.545   0.000   0.000   -0.105   -9.000   
230.545   230.545   0.000   0.000   0.000   -13.000   
230.545   230.545   0.000   0.000   0.000   -11.000   
230.545   230.545   0.000   0.000   0.000   -8.000   
230.545   230.545   0.000   0.000   0.000   -8.000   
230.545   230.545   0.000   0.000   0.000   -11.000   
230.545   230.545   0.000   0.000   0.000   -10.000   
230.545   230.545   0.000   0.000   0.000   -14.000   
230.545   230.545   0.000   0.000   0.000   -13.000   
230.545   230.545   -0.000   0.000   0.105   -13.000   
230.545   230.545   -0.000   0.000   0.000   -13.000   
230.545   230.545   -0.000   0.000   0.000   -13.000   
230.545   230.545   -0.000   0.000   0.000   -11.000   
230.545   230.545   -0.000   0.000   0.000   -13.000   
230.545   230.545   0.000   0.000   -0.105   -10.000   
230.545   230.545   0.000   0.000   0.000   -11.000   
230.545   230.545   0.000   0.000   0.000   -11.000   
230.545   230.545   0.000   0.000   0.000   -10.000   
230.545   230.545   0.000   0.000   0.000   -11.000   
230.545   230.545   0.000   0.000   0.000   -10.000   
230.545   230.545   0.000   0.000   0.000   -10.000   
230.545   230.545   0.000   0.000   0.000   -12.000   
230.545   230.545   -0.000   0.000   0.000   -10.000   
230.545   230.545   -0.000   0.000   0.000   -11.000   
230.545   230.545   -0.000   0.000   0.000   -11.000   
230.545   230.545   0.000   0.000   -0.105   -10.000   
230.545   230.545   0.000   0.000   0.000   -10.000   
230.545   230.545   0.000   0.000   0.000   -12.000   
230.545   230.545   0.000   0.000   0.000   -10.000   
230.545   230.545   0.000   0.000   0.000   -12.000   
230.545   230.545   0.000   0.000   0.000   -10.000   
230.545   230.545   0.000   0.000   0.000   -9.000   
230.545   230.545   0.000   0.000   0.000   -10.000   
230.545   230.545   0.000   0.000   0.000   -13.000   
230.545   230.545   -0.000   0.000   0.000   -13.000   
230.545   230.545   -0.000   0.000   0.000   -11.000   
230.545   230.545   -0.000   0.000   0.000   -11.000   
230.545   230.545   -0.000   0.000   0.000   -10.000   
230.545   230.545   -0.000   0.000   0.000   -12.000   
230.545   230.545   -0.000   0.000   0.000   -10.000   
230.545   230.545   -0.000   0.000   0.000   -12.000   
230.545   230.545   -0.000   0.000   0.000   -12.000   
230.545   230.545   0.000   0.000   -0.105   -11.000   
230.545   230.545   0.000   0.000   0.000   -9.000   
230.545   230.545   0.000   0.000   0.000   -10.000   
230.545   230.545   0.000   0.000   0.000   -10.000   
230.545   230.545   0.000   0.000   0.000   -8.000   
230.545   230.545   0.000   0.000   0.000   -9.000   
230.545   230.545   0.000   0.000   0.000   -9.000   
230.545   230.545   0.000   0.000   0.000   -10.000   
230.545   230.545   0.000   0.000   0.000   -10.000   
230.545   230.545   -0.000   0.000   0.105   -9.000   
230.545   230.545   -0.000   0.000   -0.105   -10.000   
230.545   230.545   -0.000   0.000   0.000   -10.000   
230.545   230.545   -0.000   0.000   0.000   -10.000   
230.545   230.545   0.000   0.000   -0.105   -8.000   
230.545   230.545   0.000   0.000   0.000   -8.000   
230.545   230.545   0.000   0.000   0.000   -8.000   
230.545   230.545   0.000   0.000   0.000   -9.000   
230.545   230.545   0.000   0.000   0.000   -8.000   
230.545   230.545   0.000   0.000   0.000   -9.000   
230.545   230.545   0.000   0.000   0.000   -9.000   
230.545   230.545   0.000   0.000   0.000   -10.000   
230.545   230.545   0.000   0.000   0.000   -10.000   
230.545   230.545   -0.000   0.000   0.000   -9.000   
230.545   230.545   -0.000   0.000   0.105   -10.000   
230.545   230.545   -0.000   0.000   0.000   -9.000   
230.545   230.545   -0.000   0.000   0.000   -10.000   
230.545   230.545   -0.000   0.000   0.000   -10.000   
230.545   230.545   -0.000   0.000   0.000   -8.000   
230.545   230.545   0.000   0.000   0.000   -9.000   
230.545   230.545   0.000   0.000   0.000   -9.000   
230.545   230.545   0.000   0.000   0.000   -7.000   
230.545   230.545   0.000   0.000   0.000   -10.000   
230.545   230.545   0.000   0.000   0.000   -8.000   
230.545   230.545   0.000   0.000   0.000   -8.000   
230.545   230.545   0.000   0.000   0.000   -10.000   
230.545   230.545   0.000   0.000   0.000   -8.000   
230.545   230.545   0.000   0.000   0.000   -8.000   
230.545   230.545   0.000   0.000   0.000   -8.000   
230.545   230.545   -0.000   0.000   0.105   -8.000   
230.545   230.545   -0.000   0.000   0.000   -11.000   
230.545   230.545   -0.000   0.000   0.000   -9.000   
230.545   230.545   -0.000   0.000   0.000   -9.000   
230.545   230.545   -0.000   0.000   0.000   -9.000   
230.545   230.545   -0.000   0.000   0.000   -10.000   
230.545   230.545   -0.000   0.000   0.000   -12.000   
230.545   230.545   0.000   0.000   -0.105   -11.000   
230.545   230.545   0.000   0.000   0.000   -11.000   
230.545   230.545   0.000   0.000   0.000   -12.000   
230.545   230.545   0.000   0.000   0.000   -11.000   
230.545   230.545   0.000   0.000   0.000   -13.000   
230.545   230.545   0.000   0.000   0.000   -12.000   
230.545   230.545   0.000   0.000   0.000   -13.000   
230.545   230.545   0.000   0.000   0.000   -12.000   
230.545   230.545   0.000   0.000   0.000   -13.000   
230.545   230.545   0.000   0.000   0.000   -13.000   
230.545   230.545   0.000   0.000   0.000   -13.000   
230.545   230.545   0.000   0.000   0.000   -13.000   
230.545   230.545   0.000   0.000   0.000   -9.000   
230.545   230.545   0.000   0.000   0.000   -10.000   
230.545   230.545   0.000   0.000   0.000   -9.000   
230.545   230.545   0.000   0.000   0.000   -11.000   
230.545   230.545   0.000   0.000   0.000   -12.000   
230.545   230.545   0.000   0.000   0.000   -9.000   
230.545   230.545   0.000   0.000   0.000   -13.000   
230.545   230.545   0.000   0.000   0.000   -11.000   
230.545   230.545   0.000   0.000   0.000   -11.000   
230.545   230.545   0.000   0.000   0.000   -13.000   
230.545   230.545   -0.000   0.000   0.105   -11.000   
230.545   230.545   -0.000   0.000   0.000   -11.000   
230.545   230.545   -0.000   0.000   0.000   -12.000   
230.545   230.545   -0.000   0.000   0.000   -12.000   
230.545   230.545   -0.000   0.000   0.000   -13.000   
230.545   230.545   0.000   0.000   -0.105   -14.000   
230.545   230.545   0.000   0.000   0.000   -14.000   
230.545   230.545   0.000   0.000   0.000   -12.000   
230.545   230.545   0.000   0.000   0.000   -9.000   
230.545   230.545   0.000   0.000   0.000   -11.000   
230.545   230.545   0.000   0.000   0.000   -9.000   
230.545   230.545   0.000   0.000   0.000   -8.000   
230.545   230.545   0.000   0.000   0.000   -11.000   
230.545   230.545   0.000   0.000   0.000   -12.000   
230.545   230.545   0.000   0.000   0.000   -14.000   
230.545   230.545   0.000   0.000   0.000   -13.000   
230.545   230.545   0.000   0.000   0.000   -13.000   
230.545   230.545   0.000   0.000   0.000   -12.000   
230.545   230.545   0.000   0.000   0.000   -14.000   
230.545   230.545   -0.000   0.000   0.105   -14.000   
230.545   230.545   -0.000   0.000   -0.105   -11.000   
230.545   230.545   0.000   0.000   -0.105   -9.000   
230.545   230.545   0.000   0.000   0.000   -13.000   
230.545   230.545   0.000   0.000   0.000   -12.000   
230.545   230.545   0.000   0.000   0.000   -11.000   
230.545   230.545   0.000   0.000   0.000   -12.000   
230.545   230.545   -0.000   0.000   0.105   -11.000   
230.545   230.545   0.000   0.000   -0.105   -12.000   
230.545   230.545   0.000   0.000   0.000   -13.000   
230.545   230.545   0.000   0.000   0.000   -9.000   
230.545   230.545   0.000   0.000   0.000   -10.000   
230.545   230.545   0.000   0.000   0.000   -14.000   
230.545   230.545   0.000   0.000   0.105   -13.000   
230.545   230.545   0.000   0.000   -0.105   -9.000   
230.545   230.545   0.000   0.000   0.000   -10.000   
230.545   230.545   0.000   0.000   0.000   -12.000   
230.545   230.545   0.000   0.000   0.000   -9.000   
230.545   230.545   0.000   0.000   0.000   -9.000   
230.545   230.545   0.000   0.000   0.000   -12.000   
230.545   230.545   0.000   0.000   0.000   -14.000   
230.545   230.545   0.000   0.000   0.000   -11.000   
230.545   230.545   0.000   0.000   0.000   -14.000   
230.545   230.545   -0.000   0.000   0.000   -11.000   
230.545   230.545   -0.000   0.000   0.105   -14.000   
230.545   230.545   -0.000   0.000   0.000   -11.000   
230.545   230.545   -0.000   0.000   0.000   -14.000   
230.545   230.545   -0.000   0.000   0.000   -10.000   
230.545   230.545   -0.000   0.000   0.000   -11.000   
230.545   230.545   -0.000   0.000   0.000   -12.000   
230.545   230.545   0.000   0.000   -0.105   -14.000   
230.545   230.545   0.000   0.000   0.000   -10.000   
230.545   230.545   0.000   0.000   0.000   -13.000   
230.545   230.545   0.000   0.000   0.000   -10.000   
230.545   230.545   0.000   0.000   0.000   -9.000   
230.545   230.545   0.000   0.000   0.000   -12.000   
230.545   230.545   0.000   0.000   0.000   -11.000   
230.545   230.545   0.000   0.000   0.000   -12.000   
230.545   230.545   0.000   0.000   0.000   -14.000   
230.545   230.545   0.000   0.000   0.000   -13.000   
230.545   230.545   0.000   0.000   0.000   -10.000   
230.545   230.545   0.000   0.000   0.000   -11.000   
230.545   230.545   -0.000   0.000   0.105   -12.000   
230.545   230.545   0.000   0.000   -0.105   -12.000   
230.545   230.545   0.000   0.000   0.000   -12.000   
230.545   230.545   0.000   0.000   0.000   -14.000   
230.545   230.545   0.000   0.000   0.000   -12.000   
230.545   230.545   0.000   0.000   0.000   -13.000   
230.545   230.545   0.000   0.000   0.000   -12.000   
230.545   230.545   0.000   0.000   0.000   -15.000   
230.545   230.545   0.000   0.000   0.000   -11.000   
230.545   230.545   0.000   0.000   0.000   -12.000   
230.545   230.545   0.000   0.000   0.000   -13.000   
230.545   230.545   0.000   0.000   0.000   -13.000   
230.545   230.545   0.000   0.000   0.105   -13.000   
230.545   230.545   0.000   0.000   0.000   -14.000   
230.545   230.545   0.000   0.000   -0.105   -11.000   
230.545   230.545   0.000   0.000   0.000   -14.000   
230.545   230.545   0.000   0.000   0.000   -11.000   
230.545   230.545   0.000   0.000   0.000   -11.000   
230.545   230.545   0.000   0.000   0.000   -14.000   
230.545   230.545   0.000   0.000   0.000   -13.000   
230.545   230.545   0.000   0.000   0.000   -12.000   
230.545   230.545   0.000   0.000   0.000   -10.000   
230.545   230.545   0.000   0.000   0.000   -11.000   
230.545   230.545   0.000   0.000   0.000   -12.000   
230.545   230.545   0.000   0.000   0.000   -14.000   
230.545   230.545   0.000   0.000   0.000   -10.000   
230.545   230.545   0.000   0.000   0.000   -13.000   
230.545   230.545   -0.000   0.000   0.105   -12.000   
230.545   230.545   -0.000   0.000   0.000   -13.000   
230.545   230.545   -0.000   0.000   0.000   -12.000   
230.545   230.545   -0.000   0.000   0.000   -12.000   
230.545   230.545   -0.000   0.000   0.000   -9.000   
230.545   230.545   -0.000   0.000   0.000   -11.000   
230.545   230.545   0.000   0.000   -0.105   -13.000   
230.545   230.545   0.000   0.000   0.105   -22.000   
230.545   230.545   0.000   0.000   -0.105   -19.000   
230.545   230.545   0.000   0.000   0.000   -23.000   
230.545   230.545   0.000   0.000   0.000   -20.000   
230.545   230.545   0.000   0.000   0.000   -18.000   
230.545   230.545   0.000   0.000   0.000   -19.000   
230.545   230.545   0.000   0.000   0.000   -22.000   
230.545   230.545   0.000   0.000   0.000   -18.000   
230.545   230.545   0.000   0.000   0.000   -20.000   
230.545   230.545   0.000   0.000   0.000   -20.000   
230.545   230.545   0.000   0.000   0.000   -20.000   
230.545   230.545   0.000   0.000   0.000   -20.000   
230.545   230.545   0.000   0.000   0.000   -20.000   
230.545   230.545   0.000   0.000   0.000   -23.000   
230.545   230.545   0.000   0.000   0.000   -20.000   
230.545   230.545   0.000   0.000   0.000   -20.000   
230.545   230.545   0.000   0.000   0.000   -22.000   
230.545   230.545   0.000   0.000   0.000   -21.000   
230.545   230.545   0.000   0.000   0.000   -19.000   
230.545   230.545   0.000   0.000   0.105   -21.000   
230.545   230.545   -0.000   0.000   0.000   -20.000   
230.545   230.545   -0.000   0.000   0.000   -21.000   
230.545   230.545   -0.000   0.000   0.000   -22.000   
230.545   230.545   -0.000   0.000   0.000   -20.000   
230.545   230.545   0.000   0.000   0.000   -20.000   
230.545   230.545   0.000   0.000   0.000   -20.000   
230.545   230.545   0.000   0.000   0.000   -21.000   
230.545   230.545   0.000   0.000   0.000   -22.000   
230.545   230.545   0.000   0.000   0.000   -20.000   
230.545   230.545   0.000   0.000   0.000   -20.000   
230.545   230.545   0.000   0.000   0.000   -20.000   
230.545   230.545   0.000   0.000   0.000   -23.000   
230.545   230.545   0.000   0.000   0.000   -23.000   
230.545   230.545   0.000   0.000   0.000   -20.000   
230.545   230.545   0.000   0.000   0.000   -22.000   
230.545   230.545   0.000   0.000   0.000   -22.000   
230.545   230.545   0.000   0.000   0.000   -19.000   
230.545   230.545   0.000   0.000   0.000   -20.000   
230.545   230.545   0.000   0.000   0.000   -21.000   
230.545   230.545   0.000   0.000   0.000   -20.000   
230.545   230.545   0.000   0.000   0.000   -13.000   
230.545   230.545   0.000   0.000   0.000   -13.000   
230.545   230.545   0.000   0.000   0.000   -10.000   
230.545   230.545   0.000   0.000   0.000   -13.000   
230.545   230.545   0.000   0.000   0.000   -10.000   
230.545   230.545   0.000   0.000   0.000   -11.000   
230.545   230.545   0.000   0.000   0.000   -12.000   
230.545   230.545   0.000   0.000   0.000   -10.000   
230.545   230.545   0.000   0.000   0.000   -10.000   
230.545   230.545   0.000   0.000   0.000   -10.000   
230.545   230.545   0.000   0.000   0.000   -12.000   
230.545   230.545   0.000   0.000   0.000   -13.000   
230.545   230.545   0.000   0.000   0.000   -12.000   
230.545   230.545   0.000   0.000   0.000   -10.000   
230.545   230.545   0.000   0.000   0.000   -10.000   
230.545   230.545   0.000   0.000   0.000   -13.000   
230.545   230.545   0.000   0.000   0.000   -11.000   
230.545   230.545   0.000   0.000   0.000   -11.000   
230.545   230.545   0.000   0.000   0.000   -9.000   
230.545   230.545   0.000   0.000   0.000   -9.000   
230.545   230.545   0.000   0.000   0.000   -11.000   
230.545   230.545   0.000   0.000   0.000   -11.000   
230.545   230.545   0.000   0.000   0.000   -11.000   
230.545   230.545   0.000   0.000   0.000   -10.000   
230.545   230.545   0.000   0.000   0.000   -11.000   
230.545   230.545   -0.000   0.000   0.000   -14.000   
230.545   230.545   -0.000   0.000   0.000   -13.000   
230.545   230.545   -0.000   0.000   0.000   -10.000   
230.545   230.545   0.000   0.000   -0.105   -13.000   
230.545   230.545   0.000   0.000   0.105   -11.000   
230.545   230.545   0.000   0.000   -0.105   -13.000   
230.545   230.545   0.000   0.000   0.000   -11.000   
230.545   230.545   0.000   0.000   0.000   -10.000   
230.545   230.545   0.000   0.000   0.000   -11.000   
230.545   230.545   0.000   0.000   0.000   -11.000   
230.545   230.545   0.000   0.000   0.000   -12.000   
230.545   230.545   0.000   0.000   0.000   -10.000   
230.545   230.545   0.000   0.000   0.000   -12.000   
230.545   230.545   0.000   0.000   0.000   -11.000   
230.545   230.545   0.000   0.000   0.000   -12.000   
230.545   230.545   0.000   0.000   0.000   -9.000   
230.545   230.545   0.000   0.000   0.000   -11.000   
230.545   230.545   0.000   0.000   0.000   -10.000   
230.545   230.545   0.000   0.000   0.000   -14.000   
230.545   230.545   0.000   0.000   0.000   -10.000   
230.545   230.545   0.000   0.000   0.000   -13.000   
230.545   230.545   0.000   0.000   0.000   -13.000   
230.545   230.545   0.000   0.000   0.000   -13.000   
230.545   230.545   0.000   0.000   0.000   -9.000   
230.545   230.545   0.000   0.000   0.000   -10.000   
230.545   230.545   0.000   0.000   0.000   -11.000   
230.545   230.545   0.000   0.000   0.000   -14.000   
230.545   230.545   0.000   0.000   0.000   -13.000   
230.545   230.545   0.000   0.000   0.000   -13.000   
230.545   230.545   0.000   0.000   0.000   -13.000   
230.545   230.545   0.000   0.000   0.000   -12.000   
230.545   230.545   -0.000   0.000   0.000   -10.000   
230.545   230.545   0.000   0.000   0.000   -12.000   
230.545   230.545   0.000   0.000   0.000   -11.000   
230.545   230.545   0.000   0.000   0.000   -10.000   
230.545   230.545   0.000   0.000   0.000   -12.000   
230.545   230.545   0.000   0.000   0.000   -10.000   
230.545   230.545   0.000   0.000   0.000   -11.000   
230.545   230.545   0.000   0.000   0.000   -11.000   
230.545   230.545   0.000   0.000   0.000   -12.000   
230.545   230.545   0.000   0.000   0.000   -10.000   
230.545   230.545   0.000   0.000   0.000   -10.000   
230.545   230.545   0.000   0.000   0.000   -10.000   
230.545   230.545   0.000   0.000   0.000   -10.000   
230.545   230.545   0.000   0.000   0.000   -11.000   
230.545   230.545   0.000   0.000   0.000   -11.000   
230.545   230.545   -0.000   0.000   0.105   -13.000   
230.545   230.545   0.000   0.000   -0.105   -11.000   
230.545   230.545   -0.000   0.000   0.105   -10.000   
230.545   230.545   0.000   0.000   -0.105   -12.000   
230.545   230.545   0.000   0.000   0.105   -11.000   
230.545   230.545   0.000   0.000   0.000   -12.000   
230.545   230.545   0.000   0.000   0.000   -12.000   
230.545   230.545   0.000   0.000   0.000   -12.000   
230.545   230.545   0.000   0.000   0.000   -12.000   
230.545   230.545   0.000   0.000   0.000   -13.000   
230.545   230.545   0.000   0.000   0.000   -10.000   
230.545   230.545   0.000   0.000   0.000   -13.000   
230.545   230.545   0.000   0.000   0.000   -12.000   
230.545   230.545   0.000   0.000   0.000   -11.000   
230.545   230.545   0.000   0.000   0.000   -12.000   
230.545   230.545   0.000   0.000   0.000   -10.000   
230.545   230.545   0.000   0.000   0.000   -12.000   
230.545   230.545   0.000   0.000   0.000   -14.000   
230.545   230.545   0.000   0.000   0.000   -10.000   
230.545   230.545   0.000   0.000   0.000   -9.000   
230.545   230.545   0.000   0.000   0.000   -12.000   
230.545   230.545   0.000   0.000   0.000   -9.000   
230.545   230.545   0.000   0.000   0.000   -11.000   
230.545   230.545   0.000   0.000   0.000   -12.000   
230.545   230.545   0.000   0.000   0.000   -11.000   
230.545   230.545   -0.000   0.000   0.000   -11.000   
230.545   230.545   0.000   0.000   0.000   -13.000   
230.545   230.545   0.000   0.000   0.105   -13.000   
230.545   230.545   0.000   0.000   0.000   -10.000   
230.545   230.545   0.000   0.000   0.000   -11.000   
230.545   230.545   0.000   0.000   0.000   -10.000   
230.545   230.545   0.000   0.000   0.000   -14.000   
230.545   230.545   0.000   0.000   0.000   -11.000   
230.545   230.545   0.000   0.000   0.000   -13.000   
230.545   230.545   0.000   0.000   0.000   -10.000   
230.545   230.545   0.000   0.000   0.000   -12.000   
230.545   230.545   0.000   0.000   0.000   -10.000   
230.545   230.545   0.000   0.000   0.000   -12.000   
230.545   230.545   0.000   0.000   0.000   -11.000   
230.545   230.545   0.000   0.000   0.000   -14.000   
230.545   230.545   0.000   0.000   0.000   -11.000   
230.545   230.545   0.000   0.000   0.000   -10.000   
230.545   230.545   0.000   0.000   0.000   -13.000   
230.545   230.545   0.000   0.000   0.000   -14.000   
230.545   230.545   0.000   0.000   0.000   -10.000   
230.545   230.545   0.000   0.000   0.000   -10.000   
230.545   230.545   0.000   0.000   0.000   -13.000   
230.545   230.545   0.000   0.000   0.000   -14.000   
230.545   230.545   0.000   0.000   0.000   -14.000   
230.545   230.545   0.000   0.000   0.000   -15.000   
230.545   230.545   0.000   0.000   0.000   -14.000   
230.545   230.545   0.000   0.000   0.000   -13.000   
230.545   230.545   0.000   0.000   0.000   -14.000   
230.545   230.545   0.000   0.000   0.000   -14.000   
230.545   230.545   0.000   0.000   0.000   -14.000   
230.545   230.545   0.000   0.000   -0.105   -13.000   
230.545   230.545   0.000   0.000   0.000   -12.000   
230.545   230.545   0.000   0.000   0.000   -14.000   
230.545   230.545   0.000   0.000   0.000   -12.000   
230.545   230.545   0.000   0.000   0.000   -14.000   
230.545   230.545   0.000   0.000   0.000   -13.000   
230.545   230.545   0.000   0.000   0.000   -12.000   
230.545   230.545   0.000   0.000   0.000   -14.000   
230.545   230.545   0.000   0.000   0.000   -14.000   
230.545   230.545   0.000   0.000   0.000   -14.000   
230.545   230.545   0.000   0.000   0.000   -14.000   
230.545   230.545   0.000   0.000   0.000   -14.000   
230.545   230.545   0.000   0.000   0.000   -14.000   
230.545   230.545   0.000   0.000   0.000   -15.000   
230.545   230.545   0.000   0.000   0.000   -13.000   
230.545   230.545   -0.000   0.000   0.000   -13.000   
230.545   230.545   -0.000   0.000   0.105   -13.000   
230.545   230.545   -0.000   0.000   0.000   -13.000   
230.545   230.545   0.000   0.000   0.000   -13.000   
230.545   230.545   0.000   0.000   0.000   -13.000   
230.545   230.545   0.000   0.000   0.000   -13.000   
230.545   230.545   0.000   0.000   0.000   -14.000   
230.545   230.545   0.000   0.000   0.000   -14.000   
230.545   230.545   0.000   0.000   0.000   -12.000   
230.545   230.545   0.000   0.000   0.000   -13.000   
230.545   230.545   0.000   0.000   0.000   -15.000   
230.545   230.545   0.000   0.000   0.000   -14.000   
230.545   230.545   0.000   0.000   0.000   -13.000   
230.545   230.545   0.000   0.000   0.000   -14.000   
230.545   230.545   0.000   0.000   0.000   -14.000   
230.545   230.545   0.000   0.000   0.000   -14.000   
230.545   230.545   0.000   0.000   0.000   -14.000   
230.545   230.545   0.000   0.000   0.000   -14.000   
230.545   230.545   0.000   0.000   0.000   -11.000   
230.545   230.545   0.000   0.000   0.000   -11.000   
230.545   230.545   0.000   0.000   0.000   -14.000   
230.545   230.545   0.000   0.000   0.000   -12.000   
230.545   230.545   0.000   0.000   0.000   -12.000   
230.545   230.545   0.000   0.000   0.000   -13.000   
230.545   230.545   0.000   0.000   0.000   -12.000   
230.545   230.545   -0.000   0.000   0.000   -10.000   
230.545   230.545   0.000   0.000   -0.105   -11.000   
230.545   230.545   0.000   0.000   0.000   -9.000   
230.545   230.545   0.000   0.000   0.000   -10.000   
230.545   230.545   0.000   0.000   0.105   -9.000   
230.545   230.545   0.000   0.000   0.000   -13.000   
230.545   230.545   0.000   0.000   0.000   -12.000   
230.545   230.545   0.000   0.000   0.000   -11.000   
230.545   230.545   0.000   0.000   0.000   -13.000   
230.545   230.545   0.000   0.000   0.000   -11.000   
230.545   230.545   0.000   0.000   0.000   -10.000   
230.545   230.545   0.000   0.000   0.000   -13.000   
230.545   230.545   0.000   0.000   0.000   -10.000   
230.545   230.545   0.000   0.000   0.000   -10.000   
230.545   230.545   0.000   0.000   0.000   -12.000   
230.545   230.545   0.000   0.000   0.000   -13.000   
230.545   230.545   0.000   0.000   0.000   -10.000   
230.545   230.545   0.000   0.000   0.000   -12.000   
230.545   230.545   0.000   0.000   0.000   -12.000   
230.545   230.545   0.000   0.000   0.000   -11.000   
230.545   230.545   0.000   0.000   0.000   -10.000   
230.545   230.545   0.000   0.000   0.000   -10.000   
230.545   230.545   0.000   0.000   0.000   -11.000   
230.545   230.545   0.000   0.000   0.000   -11.000   
230.545   230.545   0.000   0.000   0.000   -11.000   
230.545   230.545   0.000   0.000   0.000   -10.000   
230.545   230.545   0.000   0.000   0.000   -14.000   
230.545   230.545   0.000   0.000   0.000   -11.000   
230.545   230.545   0.000   0.000   0.000   -13.000   
230.545   230.545   0.000   0.000   0.000   -12.000   
230.545   230.545   0.000   0.000   0.000   -13.000   
230.545   230.545   0.000   0.000   0.000   -11.000   
230.545   230.545   0.000   0.000   0.000   -10.000   
230.545   230.545   0.000   0.000   0.000   -13.000   
230.545   230.545   0.000   0.000   0.000   -10.000   
230.545   230.545   0.000   0.000   0.000   -10.000   
230.545   230.545   0.000   0.000   0.000   -14.000   
230.545   230.545   0.000   0.000   0.000   -10.000   
230.545   230.545   0.000   0.000   0.000   -13.000   
230.545   230.545   0.000   0.000   0.000   -11.000   
230.545   230.545   0.000   0.000   0.000   -11.000   
230.545   230.545   0.000   0.000   0.000   -11.000   
230.545   230.545   0.000   0.000   0.000   -11.000   
230.545   230.545   0.000   0.000   0.000   -14.000   
230.545   230.545   -0.000   0.000   0.000   -12.000   
230.545   230.545   -0.000   0.000   0.000   -14.000   
230.545   230.545   0.000   0.000   0.000   -11.000   
230.545   230.545   -0.000   0.000   0.105   -13.000   
230.545   230.545   -0.000   0.000   -0.105   -14.000   
230.545   230.545   0.000   0.000   0.000   -12.000   
230.545   230.545   0.000   0.000   0.000   -13.000   
230.545   230.545   0.000   0.000   0.000   -11.000   
230.545   230.545   0.000   0.000   0.000   -14.000   
230.545   230.545   0.000   0.000   0.000   -10.000   
230.545   230.545   0.000   0.000   0.000   -14.000   
230.545   230.545   0.000   0.000   0.000   -10.000   
230.545   230.545   0.000   0.000   0.000   -13.000   
230.545   230.545   0.000   0.000   0.000   -13.000   
230.545   230.545   0.000   0.000   0.000   -10.000   
230.545   230.545   0.000   0.000   0.000   -11.000   
230.545   230.545   0.000   0.000   0.000   -11.000   
230.545   230.545   0.000   0.000   0.000   -11.000   
230.545   230.545   0.000   0.000   0.000   -14.000   
230.545   230.545   0.000   0.000   0.000   -14.000   
230.545   230.545   0.000   0.000   0.000   -11.000   
230.545   230.545   0.000   0.000   0.000   -13.000   
230.545   230.545   0.000   0.000   0.000   -9.000   
230.545   230.545   0.000   0.000   0.000   -13.000   
230.545   230.545   0.000   0.000   0.000   -12.000   
230.545   230.545   0.000   0.000   0.000   -10.000   
230.545   230.545   0.000   0.000   0.000   -9.000   
230.545   230.545   0.000   0.000   0.000   -14.000   
230.545   230.545   0.000   0.000   0.000   -14.000   
230.545   230.545   0.000   0.000   -0.105   -14.000   
230.545   230.545   0.000   0.000   0.000   -14.000   
230.545   230.545   0.000   0.000   0.000   -11.000   
230.545   230.545   0.000   0.000   0.105   -14.000   
230.545   230.545   0.000   0.000   -0.105   -11.000   
230.545   230.545   0.000   0.000   0.000   -14.000   
230.545   230.545   0.000   0.000   0.000   -14.000   
230.545   230.545   0.000   0.000   0.000   -13.000   
230.545   230.545   0.000   0.000   0.000   -12.000   
230.545   230.545   0.000   0.000   0.000   -9.000   
230.545   230.545   0.000   0.000   0.000   -11.000   
230.545   230.545   0.000   0.000   0.000   -13.000   
230.545   230.545   0.000   0.000   0.000   -12.000   
230.545   230.545   0.000   0.000   0.000   -12.000   
230.545   230.545   0.000   0.000   0.000   -13.000   
230.545   230.545   0.000   0.000   0.000   -12.000   
230.545   230.545   0.000   0.000   0.000   -14.000   
230.545   230.545   0.000   0.000   0.000   -11.000   
230.545   230.545   0.000   0.000   0.000   -13.000   
230.545   230.545   0.000   0.000   0.000   -10.000   
230.545   230.545   0.000   0.000   0.000   -11.000   
230.545   230.545   0.000   0.000   0.000   -11.000   
230.545   230.545   0.000   0.000   0.000   -11.000   
230.545   230.545   0.000   0.000   0.000   -10.000   
230.545   230.545   0.000   0.000   0.000   -14.000   
230.545   230.545   0.000   0.000   0.000   -11.000   
230.545   230.545   0.000   0.000   0.000   -12.000   
230.545   230.545   0.000   0.000   0.000   -11.000   
230.545   230.545   0.000   0.000   0.000   -14.000   
230.545   230.545   0.000   0.000   0.000   -14.000   
230.545   230.545   0.000   0.000   0.000   -9.000   
230.545   230.545   0.000   0.000   0.000   -14.000   
230.545   230.545   0.000   0.000   0.000   -14.000   
230.545   230.545   0.000   0.000   0.000   -14.000   
230.545   230.545   0.000   0.000   0.000   -13.000   
230.545   230.545   0.000   0.000   0.000   -14.000   
230.545   230.545   0.000   0.000   0.000   -12.000   
230.545   230.545   0.000   0.000   0.000   -14.000   
230.545   230.545   0.000   0.000   0.000   -9.000   
230.545   230.545   0.000   0.000   0.000   -16.000   
230.545   230.545   0.000   0.000   0.000   -15.000   
230.545   230.545   0.000   0.000   0.000   -20.000   
230.545   230.545   0.000   0.000   0.000   -17.000   
230.545   230.545   -0.000   0.000   0.000   -20.000   
230.545   230.545   0.000   0.000   0.000   -17.000   
230.545   230.545   -0.000   0.000   0.000   -15.000   
230.545   230.545   0.000   0.000   -0.105   -20.000   
230.545   230.545   0.000   0.000   0.000   -20.000   
230.545   230.545   0.000   0.000   0.000   -20.000   
230.545   230.545   0.000   0.000   0.000   -20.000   
230.545   230.545   0.000   0.000   0.000   -18.000   
230.545   230.545   0.000   0.000   0.000   -16.000   
230.545   230.545   0.000   0.000   0.000   -19.000   
230.545   230.545   0.000   0.000   0.000   -20.000   
230.545   230.545   0.000   0.000   0.000   -17.000   
230.545   230.545   0.000   0.000   0.000   -20.000   
230.545   230.545   0.000   0.000   0.000   -18.000   
230.545   230.545   0.000   0.000   0.000   -20.000   
230.545   230.545   0.000   0.000   0.000   -18.000   
230.545   230.545   0.000   0.000   0.000   -18.000   
230.545   230.545   0.000   0.000   0.000   -15.000   
230.545   230.545   0.000   0.000   0.000   -21.000   
230.545   230.545   0.000   0.000   0.000   -20.000   
230.545   230.545   0.000   0.000   0.000   -20.000   
230.545   230.545   0.000   0.000   0.000   -16.000   
230.545   230.545   0.000   0.000   0.000   -18.000   
230.545   230.545   0.000   0.000   0.000   -15.000   
230.545   230.545   0.000   0.000   0.000   -15.000   
230.545   230.545   0.000   0.000   0.000   -20.000   
230.545   230.545   -0.000   0.000   0.105   -16.000   
230.545   230.545   0.000   0.000   -0.105   -16.000   
230.545   230.545   0.000   0.000   0.000   -20.000   
230.545   230.545   0.000   0.000   0.000   -19.000   
230.545   230.545   0.000   0.000   0.000   -19.000   
230.545   230.545   0.000   0.000   0.000   -18.000   
230.545   230.545   0.000   0.000   0.000   -18.000   
230.545   230.545   0.000   0.000   0.000   -18.000   
230.545   230.545   0.000   0.000   0.000   -17.000   
230.545   230.545   0.000   0.000   0.000   -16.000   
230.545   230.545   0.000   0.000   0.000   -12.000   
230.545   230.545   0.000   0.000   0.000   -12.000   
230.545   230.545   0.000   0.000   0.000   -9.000   
230.545   230.545   0.000   0.000   0.000   -10.000   
230.545   230.545   0.000   0.000   0.000   -10.000   
230.545   230.545   0.000   0.000   0.000   -11.000   
230.545   230.545   0.000   0.000   0.000   -11.000   
230.545   230.545   0.000   0.000   0.000   -12.000   
230.545   230.545   0.000   0.000   0.000   -13.000   
230.545   230.545   0.000   0.000   0.105   -12.000   
230.545   230.545   0.000   0.000   -0.105   -13.000   
230.545   230.545   0.000   0.000   0.000   -11.000   
230.545   230.545   0.000   0.000   0.000   -11.000   
230.545   230.545   0.000   0.000   0.000   -12.000   
230.545   230.545   0.000   0.000   0.000   -12.000   
230.545   230.545   0.000   0.000   0.000   -12.000   
230.545   230.545   0.000   0.000   0.000   -10.000   
230.545   230.545   0.000   0.000   0.000   -10.000   
230.545   230.545   0.000   0.000   0.000   -14.000   
230.545   230.545   0.000   0.000   0.000   -9.000   
230.545   230.545   0.000   0.000   0.000   -11.000   
230.545   230.545   0.000   0.000   0.000   -13.000   
230.545   230.545   0.000   0.000   0.000   -11.000   
230.545   230.545   0.000   0.000   0.000   -13.000   
230.545   230.545   0.000   0.000   0.000   -12.000   
230.545   230.545   0.000   0.000   0.000   -9.000   
230.545   230.545   0.000   0.000   0.000   -14.000   
230.545   230.545   0.000   0.000   0.000   -10.000   
230.545   230.545   0.000   0.000   0.000   -12.000   
230.545   230.545   0.000   0.000   0.000   -12.000   
230.545   230.545   0.000   0.000   0.000   -10.000   
230.545   230.545   -0.000   0.000   0.000   -13.000   
230.545   230.545   0.000   0.000   0.000   -9.000   
230.545   230.545   0.000   0.000   0.000   -11.000   
230.545   230.545   -0.000   0.000   0.105   -9.000   
230.545   230.545   0.000   0.000   0.000   -9.000   
230.545   230.545   -0.000   0.000   -0.105   -10.000   
230.545   230.545   -0.000   0.000   0.000   -9.000   
230.545   230.545   0.000   0.000   -0.105   -11.000   
230.545   230.545   0.000   0.000   0.000   -9.000   
230.545   230.545   0.000   0.000   0.000   -13.000   
230.545   230.545   0.000   0.000   0.000   -12.000   
230.545   230.545   0.000   0.000   0.000   -12.000   
230.545   230.545   0.000   0.000   0.000   -10.000   
230.545   230.545   0.000   0.000   0.000   -12.000   
230.545   230.545   0.000   0.000   0.000   -13.000   
230.545   230.545   0.000   0.000   0.000   -9.000   
230.545   230.545   0.000   0.000   0.000   -10.000   
230.545   230.545   0.000   0.000   0.000   -12.000   
230.545   230.545   0.000   0.000   0.000   -12.000   
230.545   230.545   0.000   0.000   0.000   -11.000   
230.545   230.545   0.000   0.000   0.000   -14.000   
230.545   230.545   0.000   0.000   0.000   -13.000   
230.545   230.545   0.000   0.000   0.000   -11.000   
230.545   230.545   0.000   0.000   0.000   -10.000   
230.545   230.545   0.000   0.000   0.000   -10.000   
230.545   230.545   0.000   0.000   0.000   -12.000   
230.545   230.545   0.000   0.000   0.000   -11.000   
230.545   230.545   0.000   0.000   0.000   -13.000   
230.545   230.545   0.000   0.000   0.000   -12.000   
230.545   230.545   0.000   0.000   0.000   -10.000   
230.545   230.545   0.000   0.000   0.000   -14.000   
230.545   230.545   0.000   0.000   0.000   -9.000   
230.545   230.545   0.000   0.000   0.000   -13.000   
230.545   230.545   0.000   0.000   0.000   -11.000   
230.545   230.545   0.000   0.000   0.000   -12.000   
230.545   230.545   0.000   0.000   0.000   -12.000   
230.545   230.545   0.000   0.000   0.000   -10.000   
230.545   230.545   0.000   0.000   0.000   -13.000   
230.545   230.545   0.000   0.000   0.000   -11.000   
230.545   230.545   0.000   0.000   0.000   -14.000   
230.545   230.545   0.000   0.000   0.000   -10.000   
230.545   230.545   0.000   0.000   0.000   -14.000   
230.545   230.545   0.000   0.000   0.000   -10.000   
230.545   230.545   0.000   0.000   0.000   -12.000   
230.545   230.545   0.000   0.000   0.000   -13.000   
230.545   230.545   0.000   0.000   0.000   -10.000   
230.545   230.545   0.000   0.000   0.000   -12.000   
230.545   230.545   0.000   0.000   0.000   -11.000   
230.545   230.545   0.000   0.000   0.000   -13.000   
230.545   230.545   0.000   0.000   0.000   -10.000   
230.545   230.545   0.000   0.000   0.105   -10.000   
230.545   230.545   0.000   0.000   -0.105   -13.000   
230.545   230.545   0.000   0.000   0.000   -10.000   
230.545   230.545   0.000   0.000   0.000   -10.000   
230.545   230.545   0.000   0.000   0.000   -12.000   
230.545   230.545   0.000   0.000   0.000   -10.000   
230.545   230.545   0.000   0.000   0.000   -11.000   
230.545   230.545   0.000   0.000   0.000   -13.000   
230.545   230.545   0.000   0.000   0.000   -12.000   
230.545   230.545   0.000   0.000   0.000   -10.000   
230.545   230.545   0.000   0.000   0.000   -12.000   
230.545   230.545   0.000   0.000   0.000   -10.000   
230.545   230.545   0.000   0.000   0.000   -14.000   
230.545   230.545   0.000   0.000   0.000   -12.000   
230.545   230.545   0.000   0.000   0.000   -10.000   
230.545   230.545   0.000   0.000   0.000   -12.000   
230.545   230.545   0.000   0.000   0.000   -10.000   
230.545   230.545   0.000   0.000   0.000   -9.000   
230.545   230.545   0.000   0.000   0.000   -14.000   
230.545   230.545   0.000   0.000   0.000   -11.000   
230.545   230.545   0.000   0.000   0.000   -14.000   
230.545   230.545   0.000   0.000   0.000   -12.000   
230.545   230.545   0.000   0.000   0.000   -12.000   
230.545   230.545   0.000   0.000   0.105   -10.000   
230.545   230.545   0.000   0.000   -0.105   -14.000   
230.545   230.545   -0.000   0.000   0.105   -11.000   
230.545   230.545   0.000   0.000   -0.105   -13.000   
230.545   230.545   0.000   0.000   0.000   -12.000   
230.545   230.545   0.000   0.000   0.000   -11.000   
230.545   230.545   0.000   0.000   0.000   -11.000   
230.545   230.545   0.000   0.000   0.000   -10.000   
230.545   230.545   0.000   0.000   0.000   -13.000   
230.545   230.545   0.000   0.000   0.000   -12.000   
230.545   230.545   0.000   0.000   0.000   -12.000   
230.545   230.545   0.000   0.000   0.000   -11.000   
230.545   230.545   0.000   0.000   0.000   -10.000   
230.545   230.545   0.000   0.000   0.000   -12.000   
230.545   230.545   0.000   0.000   0.000   -15.000   
230.545   230.545   0.000   0.000   0.000   -15.000   
230.545   230.545   0.000   0.000   0.000   -15.000   
230.545   230.545   0.000   0.000   0.000   -15.000   
230.545   230.545   0.000   0.000   0.000   -15.000   
230.545   230.545   0.000   0.000   0.000   -13.000   
230.545   230.545   0.000   0.000   0.000   -15.000   
230.545   230.545   0.000   0.000   0.000   -14.000   
230.545   230.545   0.000   0.000   0.000   -15.000   
230.545   230.545   0.000   0.000   -0.105   -15.000   
230.545   230.545   0.000   0.000   0.000   -14.000   
230.545   230.545   0.000   0.000   0.000   -15.000   
230.545   230.545   0.000   0.000   0.000   -15.000   
230.545   230.545   0.000   0.000   0.000   -16.000   
230.545   230.545   0.000   0.000   0.000   -15.000   
230.545   230.545   0.000   0.000   0.000   -12.000   
230.545   230.545   0.000   0.000   0.000   -13.000   
230.545   230.545   0.000   0.000   0.000   -15.000   
230.545   230.545   0.000   0.000   0.000   -13.000   
230.545   230.545   0.000   0.000   0.000   -14.000   
230.545   230.545   0.000   0.000   0.000   -12.000   
230.545   230.545   0.000   0.000   0.000   -13.000   
230.545   230.545   0.000   0.000   0.000   -15.000   
230.545   230.545   0.000   0.000   0.000   -14.000   
230.545   230.545   0.000   0.000   0.000   -14.000   
230.545   230.545   0.000   0.000   0.000   -13.000   
230.545   230.545   0.000   0.000   0.000   -15.000   
230.545   230.545   0.000   0.000   0.000   -14.000   
230.545   230.545   0.000   0.000   0.000   -16.000   
230.545   230.545   0.000   0.000   0.000   -12.000   
230.545   230.545   0.000   0.000   0.000   -16.000   
230.545   230.545   0.000   0.000   0.000   -14.000   
230.545   230.545   0.000   0.000   0.000   -13.000   
230.545   230.545   0.000   0.000   0.000   -15.000   
230.545   230.545   0.000   0.000   0.000   -14.000   
230.545   230.545   0.000   0.000   0.000   -13.000   
230.545   230.545   0.000   0.000   0.000   -15.000   
230.545   230.545   0.000   0.000   0.000   -15.000   
230.545   230.545   0.000   0.000   0.000   -15.000   
230.545   230.545   0.000   0.000   0.000   -12.000   
230.545   230.545   0.000   0.000   0.000   -9.000   
230.545   230.545   0.000   0.000   0.000   -12.000   
230.545   230.545   0.000   0.000   0.000   -12.000   
230.545   230.545   0.000   0.000   0.000   -10.000   
230.545   230.545   0.000   0.000   0.000   -13.000   
230.545   230.545   0.000   0.000   0.000   -10.000   
230.545   230.545   0.000   0.000   0.000   -10.000   
230.545   230.545   0.000   0.000   0.000   -11.000   
230.545   230.545   0.000   0.000   0.000   -10.000   
230.545   230.545   0.000   0.000   0.000   -10.000   
230.545   230.545   0.000   0.000   0.000   -10.000   
230.545   230.545   0.000   0.000   0.000   -14.000   
230.545   230.545   0.000   0.000   0.000   -12.000   
230.545   230.545   0.000   0.000   0.105   -13.000   
230.545   230.545   -0.000   0.000   -0.105   -9.000   
230.545   230.545   0.000   0.000   -0.105   -10.000   
230.545   230.545   -0.000   0.000   0.105   -10.000   
230.545   230.545   0.000   0.000   -0.105   -13.000   
230.545   230.545   0.000   0.000   0.000   -11.000   
230.545   230.545   -0.000   0.000   0.105   -11.000   
230.545   230.545   0.000   0.000   -0.105   -10.000   
230.545   230.545   0.000   0.000   0.000   -10.000   
230.545   230.545   0.000   0.000   0.000   -10.000   
230.545   230.545   0.000   0.000   0.000   -10.000   
230.545   230.545   0.000   0.000   0.000   -10.000   
230.545   230.545   0.000   0.000   0.000   -10.000   
230.545   230.545   0.000   0.000   0.000   -9.000   
230.545   230.545   0.000   0.000   0.000   -13.000   
230.545   230.545   0.000   0.000   0.000   -10.000   
230.545   230.545   0.000   0.000   0.000   -9.000   
230.545   230.545   0.000   0.000   0.000   -10.000   
230.545   230.545   0.000   0.000   0.000   -11.000   
230.545   230.545   0.000   0.000   0.000   -10.000   
230.545   230.545   0.000   0.000   0.000   -12.000   
230.545   230.545   0.000   0.000   0.000   -12.000   
230.545   230.545   0.000   0.000   0.000   -12.000   
230.545   230.545   0.000   0.000   0.000   -14.000   
230.545   230.545   0.000   0.000   0.000   -13.000   
230.545   230.545   0.000   0.000   0.000   -9.000   
230.545   230.545   0.000   0.000   0.000   -10.000   
230.545   230.545   0.000   0.000   0.000   -10.000   
230.545   230.545   0.000   0.000   0.000   -14.000   
230.545   230.545   0.000   0.000   0.000   -9.000   
230.545   230.545   0.000   0.000   0.000   -9.000   
230.545   230.545   0.000   0.000   0.000   -9.000   
230.545   230.545   0.000   0.000   0.000   -14.000   
230.545   230.545   0.000   0.000   0.000   -14.000   
230.545   230.545   0.000   0.000   0.000   -10.000   
230.545   230.545   0.000   0.000   0.000   -13.000   
230.545   230.545   0.000   0.000   0.000   -12.000   
230.545   230.545   0.000   0.000   0.000   -13.000   
230.545   230.545   0.000   0.000   0.000   -12.000   
230.545   230.545   0.000   0.000   0.000   -12.000   
230.545   230.545   0.000   0.000   0.000   -13.000   
230.545   230.545   0.000   0.000   0.000   -9.000   
230.545   230.545   0.000   0.000   0.000   -11.000   
230.545   230.545   0.000   0.000   0.000   -13.000   
230.545   230.545   0.000   0.000   0.000   -10.000   
230.545   230.545   0.000   0.000   0.000   -10.000   
230.545   230.545   0.000   0.000   0.000   -12.000   
230.545   230.545   0.000   0.000   0.000   -12.000   
230.545   230.545   0.000   0.000   0.000   -12.000   
230.545   230.545   0.000   0.000   0.000   -12.000   
230.545   230.545   0.000   0.000   0.000   -10.000   
230.545   230.545   0.000   0.000   0.000   -12.000   
230.545   230.545   0.000   0.000   0.000   -14.000   
230.545   230.545   0.000   0.000   0.000   -9.000   
230.545   230.545   0.000   0.000   0.000   -13.000   
230.545   230.545   0.000   0.000   0.000   -9.000   
230.545   230.545   0.000   0.000   0.000   -12.000   
230.545   230.545   0.000   0.000   0.000   -9.000   
230.545   230.545   0.000   0.000   0.000   -12.000   
230.545   230.545   0.000   0.000   0.000   -13.000   
230.545   230.545   0.000   0.000   0.000   -12.000   
230.545   230.545   0.000   0.000   0.000   -9.000   
230.545   230.545   0.000   0.000   0.000   -9.000   
230.545   230.545   0.000   0.000   0.000   -9.000   
230.545   230.545   0.000   0.000   0.000   -10.000   
230.545   230.545   0.000   0.000   0.000   -14.000   
230.545   230.545   0.000   0.000   0.000   -15.000   
230.545   230.545   0.000   0.000   0.000   -13.000   
230.545   230.545   0.000   0.000   0.000   -11.000   
230.545   230.545   0.000   0.000   0.000   -10.000   
230.545   230.545   0.000   0.000   0.000   -12.000   
230.545   230.545   0.000   0.000   0.000   -12.000   
230.545   230.545   0.000   0.000   0.000   -11.000   
230.545   230.545   -0.000   0.000   0.000   -10.000   
230.545   230.545   0.000   0.000   0.000   -10.000   
230.545   230.545   0.000   0.000   0.000   -9.000   
230.545   230.545   0.000   0.000   0.000   -11.000   
230.545   230.545   0.000   0.000   0.000   -12.000   
230.545   230.545   0.000   0.000   0.000   -11.000   
230.545   230.545   0.000   0.000   0.000   -10.000   
230.545   230.545   0.000   0.000   0.000   -14.000   
230.545   230.545   0.000   0.000   0.000   -12.000   
230.545   230.545   0.000   0.000   0.000   -14.000   
230.545   230.545   0.000   0.000   0.000   -10.000   
230.545   230.545   0.000   0.000   0.000   -12.000   
230.545   230.545   0.000   0.000   0.000   -10.000   
230.545   230.545   0.000   0.000   0.000   -11.000   
230.545   230.545   0.000   0.000   0.000   -10.000   
230.545   230.545   0.000   0.000   0.000   -12.000   
230.545   230.545   0.000   0.000   0.000   -13.000   
230.545   230.545   0.000   0.000   0.000   -11.000   
230.545   230.545   0.000   0.000   0.000   -9.000   
230.545   230.545   0.000   0.000   0.000   -12.000   
230.545   230.545   0.000   0.000   0.000   -11.000   
230.545   230.545   0.000   0.000   0.000   -9.000   
230.545   230.545   0.000   0.000   0.000   -12.000   
230.545   230.545   0.000   0.000   0.000   -12.000   
230.545   230.545   0.000   0.000   0.000   -10.000   
230.545   230.545   0.000   0.000   0.000   -9.000   
230.545   230.545   0.000   0.000   0.000   -10.000   
230.545   230.545   0.000   0.000   0.000   -11.000   
230.545   230.545   0.000   0.000   0.000   -13.000   
230.545   230.545   0.000   0.000   0.000   -13.000   
230.545   230.545   0.000   0.000   0.000   -14.000   
230.545   230.545   0.000   0.000   0.000   -14.000   
230.545   230.545   0.000   0.000   0.000   -18.000   
230.545   230.545   0.000   0.000   0.000   -15.000   
230.545   230.545   0.000   0.000   0.000   -21.000   
230.545   230.545   0.000   0.000   0.000   -18.000   
230.545   230.545   0.000   0.000   0.000   -17.000   
230.545   230.545   0.000   0.000   0.000   -20.000   
230.545   230.545   0.000   0.000   0.000   -18.000   
230.545   230.545   0.000   0.000   0.000   -15.000   
230.545   230.545   0.000   0.000   0.000   -18.000   
230.545   230.545   0.000   0.000   0.000   -15.000   
230.545   230.545   0.000   0.000   0.000   -19.000   
230.545   230.545   0.000   0.000   0.000   -15.000   
230.545   230.545   0.000   0.000   0.000   -15.000   
230.545   230.545   0.000   0.000   0.000   -24.000   
230.545   230.545   0.000   0.000   -0.105   -20.000   
230.545   230.545   0.000   0.000   0.000   -22.000   
230.545   230.545   0.000   0.000   0.000   -21.000   
230.545   230.545   0.000   0.000   0.000   -15.000   
230.545   230.545   0.000   0.000   0.000   -16.000   
230.545   230.545   0.000   0.000   0.000   -15.000   
230.545   230.545   0.000   0.000   0.000   -17.000   
230.545   230.545   0.000   0.000   0.000   -16.000   
230.545   230.545   0.000   0.000   0.000   -18.000   
230.545   230.545   0.000   0.000   0.000   -18.000   
230.545   230.545   0.000   0.000   0.000   -20.000   
230.545   230.545   0.000   0.000   0.000   -19.000   
230.545   230.545   0.000   0.000   0.000   -19.000   
230.545   230.545   0.000   0.000   0.000   -15.000   
230.545   230.545   0.000   0.000   0.000   -15.000   
230.545   230.545   0.000   0.000   0.000   -17.000   
230.545   230.545   0.000   0.000   0.000   -17.000   
230.545   230.545   0.000   0.000   0.000   -16.000   
230.545   230.545   0.000   0.000   0.000   -23.000   
230.545   230.545   0.000   0.000   0.000   -13.000   
230.545   230.545   0.000   0.000   0.000   -19.000   
230.545   230.545   0.000   0.000   0.000   -18.000   
230.545   230.545   0.000   0.000   0.000   -16.000   
230.545   230.545   0.000   0.000   0.000   -16.000   
230.545   230.545   0.000   0.000   0.000   -17.000   
230.545   230.545   0.000   0.000   0.000   -16.000   
230.545   230.545   0.000   0.000   0.000   -11.000   
230.545   230.545   0.000   0.000   0.000   -12.000   
230.545   230.545   0.000   0.000   0.000   -10.000   
230.545   230.545   0.000   0.000   0.000   -11.000   
230.545   230.545   0.000   0.000   0.000   -10.000   
230.545   230.545   0.000   0.000   0.000   -11.000   
230.545   230.545   0.000   0.000   0.000   -10.000   
230.545   230.545   0.000   0.000   0.000   -11.000   
230.545   230.545   0.000   0.000   0.000   -11.000   
230.545   230.545   0.000   0.000   0.000   -11.000   
230.545   230.545   0.000   0.000   0.000   -12.000   
230.545   230.545   0.000   0.000   0.000   -8.000   
230.545   230.545   0.000   0.000   0.000   -10.000   
230.545   230.545   0.000   0.000   0.000   -10.000   
230.545   230.545   0.000   0.000   0.000   -12.000   
230.545   230.545   0.000   0.000   0.000   -9.000   
230.545   230.545   0.000   0.000   0.000   -10.000   
230.545   230.545   0.000   0.000   0.000   -12.000   
230.545   230.545   0.000   0.000   0.000   -11.000   
230.545   230.545   0.000   0.000   0.000   -12.000   
230.545   230.545   0.000   0.000   0.000   -12.000   
230.545   230.545   0.000   0.000   0.000   -12.000   
230.545   230.545   0.000   0.000   0.105   -9.000   
230.545   230.545   0.000   0.000   -0.105   -13.000   
230.545   230.545   0.000   0.000   0.000   -10.000   
230.545   230.545   0.000   0.000   0.000   -12.000   
230.545   230.545   0.000   0.000   0.000   -11.000   
230.545   230.545   0.000   0.000   0.000   -10.000   
230.545   230.545   0.000   0.000   0.000   -9.000   
230.545   230.545   0.000   0.000   0.000   -11.000   
230.545   230.545   0.000   0.000   0.000   -11.000   
230.545   230.545   0.000   0.000   0.000   -10.000   
230.545   230.545   0.000   0.000   0.000   -10.000   
230.545   230.545   0.000   0.000   0.000   -12.000   
230.545   230.545   0.000   0.000   0.000   -10.000   
230.545   230.545   0.000   0.000   0.000   -11.000   
230.545   230.545   0.000   0.000   0.000   -10.000   
230.545   230.545   0.000   0.000   0.000   -10.000   
230.545   230.545   0.000   0.000   0.000   -10.000   
230.545   230.545   0.000   0.000   0.000   -12.000   
230.545   230.545   0.000   0.000   0.000   -10.000   
230.545   230.545   0.000   0.000   0.000   -10.000   
230.545   230.545   0.000   0.000   0.000   -12.000   
230.545   230.545   0.000   0.000   0.000   -10.000   
230.545   230.545   0.000   0.000   0.000   -10.000   
230.545   230.545   0.000   0.000   0.105   -11.000   
230.545   230.545   0.000   0.000   -0.105   -12.000   
230.545   230.545   0.000   0.000   0.000   -10.000   
230.545   230.545   0.000   0.000   0.000   -10.000   
230.545   230.545   0.000   0.000   0.000   -10.000   
230.545   230.545   0.000   0.000   0.000   -10.000   
230.545   230.545   0.000   0.000   0.000   -14.000   
230.545   230.545   0.000   0.000   0.000   -12.000   
230.545   230.545   0.000   0.000   0.000   -10.000   
230.545   230.545   0.000   0.000   0.000   -9.000   
230.545   230.545   0.000   0.000   0.000   -10.000   
230.545   230.545   0.000   0.000   0.000   -9.000   
230.545   230.545   0.000   0.000   0.000   -11.000   
230.545   230.545   0.000   0.000   0.000   -11.000   
230.545   230.545   0.000   0.000   0.000   -9.000   
230.545   230.545   0.000   0.000   0.000   -10.000   
230.545   230.545   0.000   0.000   0.000   -9.000   
230.545   230.545   0.000   0.000   0.000   -12.000   
230.545   230.545   0.000   0.000   0.000   -11.000   
230.545   230.545   0.000   0.000   0.000   -11.000   
230.545   230.545   0.000   0.000   0.000   -10.000   
230.545   230.545   0.000   0.000   0.000   -10.000   
230.545   230.545   0.000   0.000   0.000   -10.000   
230.545   230.545   0.000   0.000   0.000   -13.000   
230.545   230.545   0.000   0.000   0.000   -9.000   
230.545   230.545   0.000   0.000   0.000   -9.000   
230.545   230.545   0.000   0.000   0.000   -9.000   
230.545   230.545   0.000   0.000   0.000   -9.000   
230.545   230.545   0.000   0.000   0.000   -12.000   
230.545   230.545   0.000   0.000   0.000   -10.000   
230.545   230.545   0.000   0.000   0.000   -12.000   
230.545   230.545   0.000   0.000   0.000   -12.000   
230.545   230.545   0.000   0.000   0.000   -12.000   
230.545   230.545   0.000   0.000   0.000   -9.000   
230.545   230.545   0.000   0.000   0.000   -8.000   
230.545   230.545   0.000   0.000   0.000   -12.000   
230.545   230.545   0.000   0.000   0.000   -11.000   
230.545   230.545   0.000   0.000   0.000   -11.000   
230.545   230.545   0.000   0.000   0.000   -10.000   
230.545   230.545   0.000   0.000   0.000   -10.000   
230.545   230.545   0.000   0.000   0.000   -10.000   
230.545   230.545   0.000   0.000   0.000   -13.000   
230.545   230.545   0.000   0.000   0.000   -13.000   
230.545   230.545   0.000   0.000   0.000   -11.000   
230.545   230.545   0.000   0.000   0.000   -13.000   
230.545   230.545   0.000   0.000   0.105   -9.000   
230.545   230.545   -0.000   0.000   -0.105   -11.000   
230.545   230.545   -0.000   0.000   0.105   -9.000   
230.545   230.545   0.000   0.000   -0.105   -10.000   
230.545   230.545   0.000   0.000   0.000   -10.000   
230.545   230.545   0.000   0.000   0.000   -10.000   
230.545   230.545   0.000   0.000   0.000   -12.000   
230.545   230.545   0.000   0.000   0.000   -11.000   
230.545   230.545   0.000   0.000   0.000   -12.000   
230.545   230.545   0.000   0.000   0.000   -11.000   
230.545   230.545   0.000   0.000   0.000   -14.000   
230.545   230.545   0.000   0.000   0.000   -12.000   
230.545   230.545   0.000   0.000   0.000   -13.000   
230.545   230.545   0.000   0.000   0.000   -13.000   
230.545   230.545   0.000   0.000   0.000   -11.000   
230.545   230.545   0.000   0.000   0.000   -13.000   
230.545   230.545   0.000   0.000   0.000   -11.000   
230.545   230.545   0.000   0.000   0.000   -9.000   
230.545   230.545   0.000   0.000   0.000   -11.000   
230.545   230.545   0.000   0.000   0.000   -12.000   
230.545   230.545   0.000   0.000   0.000   -10.000   
230.545   230.545   0.000   0.000   0.000   -11.000   
230.545   230.545   0.000   0.000   0.000   -13.000   
230.545   230.545   0.000   0.000   0.000   -10.000   
230.545   230.545   0.000   0.000   0.000   -12.000   
230.550   230.545   0.005   1.960   0.000   -10.000   
230.560   230.545   0.009   4.905   0.000   -11.000   
230.610   230.545   0.040   11.780   0.105   -5.000   
230.670   230.545   0.098   18.000   0.000   3.000   
230.810   230.550   0.263   29.780   0.420   46.000   
230.950   230.555   0.436   39.210   1.900   98.000   
231.125   230.585   0.785   48.905   4.330   194.000   
231.460   230.630   1.067   63.450   7.920   275.000   
231.735   230.695   1.385   73.150   13.520   405.000   
232.215   230.850   1.900   87.695   27.880   496.000   
232.590   230.995   2.255   97.390   36.435   605.000   
233.215   231.285   2.793   111.935   45.940   752.000   
233.685   231.530   3.147   121.635   55.760   859.000   
234.455   231.970   3.681   136.180   76.565   974.000   
235.020   232.320   4.025   145.875   86.915   1028.000   
235.625   232.710   4.540   155.575   97.475   1080.000   
236.600   233.375   4.877   170.120   108.775   1067.000   
237.300   233.875   5.211   179.815   118.810   1046.000   
238.425   234.705   5.702   194.360   140.775   1018.000   
239.220   235.310   6.023   204.055   152.075   912.000   
240.485   236.300   6.497   218.600   162.320   817.000   
241.380   237.010   6.813   228.300   172.565   747.000   
242.795   238.145   7.289   241.865   191.680   653.000   
243.775   238.950   7.607   249.270   200.970   600.000   
244.785   239.790   8.065   255.365   210.055   543.000   
246.340   241.120   8.348   262.055   218.925   533.000   
247.395   242.045   8.599   264.880   227.690   551.000   
248.990   243.495   8.907   266.665   243.215   570.000   
250.055   244.495   9.054   266.665   250.290   566.000   
251.655   246.040   9.192   266.665   255.885   566.000   
252.720   247.090   9.239   266.665   260.745   545.000   
253.790   248.685   9.259   266.665   266.870   491.000   
255.390   249.760   9.254   266.665   268.560   451.000   
256.455   250.840   9.234   266.665   269.935   316.000   
258.055   252.460   9.219   266.665   270.355   218.000   
259.120   253.545   9.204   266.665   270.565   155.000   
260.720   255.165   9.181   266.665   270.355   33.000   
261.790   256.245   9.168   266.665   269.935   -42.000   
263.390   257.860   9.153   266.665   269.300   -114.000   
264.455   258.935   9.146   266.665   268.770   -147.000   
265.520   260.535   9.144   266.665   266.765   -150.000   
267.120   261.600   9.150   266.665   265.390   -125.000   
268.190   262.655   9.160   266.665   264.125   -37.000   
269.790   264.235   9.181   266.665   263.280   56.000   
270.855   265.285   9.197   266.665   262.645   82.000   
272.455   266.855   9.224   266.665   262.120   186.000   
273.520   267.905   9.243   266.665   262.010   266.000   
275.120   269.480   9.268   266.665   262.540   330.000   
276.190   270.535   9.280   266.665   263.070   364.000   
277.255   272.120   9.292   266.665   263.915   375.000   
278.855   273.185   9.295   266.665   265.920   352.000   
279.920   274.255   9.293   266.665   267.080   281.000   
281.520   275.865   9.284   266.665   268.030   229.000   
282.590   276.940   9.275   266.665   268.560   175.000   
284.190   278.555   9.260   266.665   269.300   92.000   
285.255   279.635   9.247   266.665   269.720   30.000   
286.855   281.250   9.232   266.665   269.405   -32.000   
287.920   282.325   9.224   266.665   268.985   -58.000   
288.990   283.395   9.217   266.665   268.245   -65.000   
290.590   285.000   9.216   266.665   266.765   -50.000   
291.655   286.065   9.218   266.665   266.235   -9.000   
293.255   287.655   9.227   266.665   265.285   50.000   
294.320   288.715   9.234   266.665   264.970   78.000   
295.920   290.300   9.248   266.665   264.440   144.000   
296.990   291.355   9.258   266.665   264.335   179.000   
298.590   292.945   9.269   266.665   264.655   220.000   
299.655   294.005   9.276   266.665   264.865   244.000   
300.720   295.070   9.281   266.665   265.285   245.000   
302.320   296.665   9.282   266.665   266.450   230.000   
303.390   297.735   9.281   266.665   266.975   201.000   
304.990   299.340   9.276   266.665   267.610   157.000   
306.055   300.410   9.269   266.665   268.030   123.000   
307.655   302.020   9.259   266.665   268.350   71.000   
308.720   303.095   9.252   266.665   268.350   40.000   
309.790   304.705   9.243   266.665   268.245   10.000   
311.390   305.775   9.239   266.665   268.030   -5.000   
312.455   306.845   9.235   266.665   267.400   -11.000   
314.055   308.445   9.234   266.665   266.660   4.000   
315.120   309.510   9.236   266.665   266.235   24.000   
316.720   311.105   9.242   266.665   265.710   70.000   
317.790   312.165   9.247   266.665   265.500   94.000   
319.390   313.760   9.255   266.665   265.500   124.000   
320.455   314.820   9.260   266.665   265.285   152.000   
321.520   316.415   9.268   266.665   265.390   192.000   
323.120   317.475   9.272   266.665   265.605   205.000   
324.190   318.540   9.274   266.665   265.815   217.000   
325.790   320.140   9.275   266.665   266.765   190.000   
326.855   321.210   9.274   266.665   267.185   170.000   
328.455   322.815   9.268   266.665   267.610   134.000   
329.520   323.885   9.264   266.665   267.505   118.000   
331.120   325.490   9.258   266.665   267.610   95.000   
332.190   326.560   9.254   266.665   267.715   74.000   
333.255   328.165   9.248   266.665   267.820   48.000   
334.855   329.235   9.247   266.665   267.400   44.000   
335.920   330.305   9.245   266.665   267.185   43.000   
337.520   331.905   9.244   266.665   266.450   61.000   
338.590   332.970   9.246   266.665   266.340   72.000   
340.190   334.565   9.249   266.665   266.130   94.000   
341.255   335.630   9.252   266.665   265.920   108.000   
342.855   337.225   9.259   266.665   265.605   143.000   
343.920   338.285   9.264   266.665   265.500   166.000   
344.990   339.350   9.268   266.665   265.815   181.000   
346.590   340.945   9.269   266.665   266.130   167.000   
347.655   342.010   9.269   266.665   266.450   170.000   
349.255   343.615   9.268   266.665   266.975   150.000   
350.320   344.680   9.267   266.665   266.870   150.000   
351.920   346.285   9.264   266.665   267.295   127.000   
352.990   347.355   9.261   266.665   267.295   106.000   
355.655   350.025   9.255   266.665   267.295   84.000   
356.720   351.095   9.252   266.665   267.080   75.000   
358.320   352.695   9.252   266.665   266.870   92.000   
359.390   353.765   9.252   266.665   266.765   89.000   
360.990   355.360   9.252   266.665   266.555   98.000   
362.055   356.425   9.255   266.665   266.025   117.000   
363.655   358.020   9.259   266.665   266.025   146.000   
364.720   359.085   9.263   266.665   265.710   169.000   
365.790   360.680   9.266   266.665   266.025   169.000   
367.390   361.745   9.268   266.665   266.235   187.000   
368.455   362.810   9.269   266.665   266.235   197.000   
370.055   364.410   9.270   266.665   266.450   180.000   
371.120   365.480   9.269   266.665   266.660   179.000   
372.720   367.080   9.270   266.665   266.870   177.000   
373.790   368.145   9.269   266.665   266.975   186.000   
375.390   369.750   9.264   266.665   267.185   165.000   
376.455   370.820   9.261   266.665   267.295   151.000   
377.520   372.425   9.257   266.665   267.295   130.000   
379.120   373.490   9.255   266.665   267.080   133.000   
380.190   374.560   9.254   266.665   266.975   128.000   
381.790   376.160   9.252   266.665   266.975   122.000   
382.855   377.230   9.252   266.665   266.870   132.000   
384.455   378.830   9.252   266.665   266.555   136.000   
385.520   379.895   9.253   266.665   266.450   141.000   
387.120   381.490   9.255   266.665   266.235   157.000   
388.190   382.560   9.256   266.665   266.340   160.000   
389.255   383.620   9.259   266.665   266.235   179.000   
390.855   385.220   9.259   266.665   266.555   164.000   
391.920   386.285   9.260   266.665   266.450   172.000   
393.520   387.885   9.261   266.665   266.450   178.000   
394.590   388.950   9.262   266.665   266.450   181.000   
396.190   390.555   9.261   266.665   266.975   155.000   
397.255   391.620   9.259   266.665   267.080   140.000   
398.855   393.225   9.257   266.665   266.975   139.000   
399.920   394.290   9.255   266.665   267.080   130.000   
400.990   395.360   9.254   266.665   266.975   128.000   
402.590   396.960   9.254   266.665   266.870   126.000   
403.655   398.030   9.253   266.665   266.975   107.000   
405.255   399.630   9.251   266.665   266.870   113.000   
406.320   400.695   9.251   266.665   266.765   109.000   
407.920   402.295   9.252   266.665   266.340   125.000   
408.990   403.360   9.252   266.665   266.450   132.000   
410.055   404.960   9.256   266.665   266.340   136.000   
411.655   406.025   9.255   266.665   266.450   139.000   
412.720   407.090   9.257   266.665   266.340   141.000   
414.320   408.690   9.258   266.665   266.340   144.000   
415.390   409.755   9.260   266.665   266.235   160.000   
416.990   411.355   9.260   266.665   266.660   148.000   
418.055   412.420   9.259   266.665   266.555   139.000   
419.655   414.020   9.258   266.665   266.765   127.000   
420.720   415.090   9.258   266.665   266.660   139.000   
421.790   416.690   9.258   266.665   266.765   129.000   
423.390   417.755   9.258   266.665   266.765   133.000   
424.455   418.825   9.258   266.665   266.660   117.000   
426.055   420.425   9.256   266.665   266.870   121.000   
427.120   421.490   9.255   266.665   266.870   107.000   
428.720   423.095   9.255   266.665   266.765   115.000   
429.790   424.160   9.255   266.665   266.660   126.000   
431.390   425.760   9.256   266.665   266.450   126.000   
432.455   426.825   9.257   266.665   266.660   118.000   
433.520   428.425   9.257   266.665   266.555   127.000   
435.120   429.490   9.257   266.665   266.555   133.000   
436.190   430.555   9.258   266.665   266.450   133.000   
437.790   432.155   9.258   266.665   266.450   132.000   
438.855   433.220   9.258   266.665   266.660   143.000   
440.455   434.820   9.261   266.665   266.450   152.000   
441.520   435.890   9.261   266.665   266.660   124.000   
443.120   437.485   9.261   266.665   266.555   145.000   
444.190   438.555   9.260   266.665   266.765   138.000   
445.255   439.620   9.261   266.665   266.555   149.000   
446.855   441.220   9.261   266.665   266.660   142.000   
447.920   442.285   9.260   266.665   266.555   133.000   
449.520   443.885   9.261   266.665   266.660   142.000   
450.590   444.955   9.259   266.665   266.870   135.000   
452.190   446.555   9.259   266.665   266.660   139.000   
453.255   447.620   9.261   266.665   266.555   154.000   
454.320   449.220   9.261   266.665   266.450   156.000   
455.920   450.285   9.261   266.665   266.765   163.000   
456.990   451.355   9.259   266.665   266.975   134.000   
458.590   452.955   9.258   266.665   267.080   116.000   
459.655   454.020   9.258   266.665   266.660   156.000   
461.255   455.620   9.263   266.665   265.920   206.000   
462.320   456.680   9.266   266.665   266.130   204.000   
463.920   458.280   9.267   266.665   266.235   189.000   
464.990   459.345   9.268   266.665   266.555   193.000   
466.055   460.945   9.270   266.665   266.235   229.000   
467.655   462.010   9.273   266.665   265.815   264.000   
468.720   463.070   9.277   266.665   265.605   293.000   
470.320   464.665   9.285   266.665   265.605   324.000   
471.390   465.730   9.285   266.665   266.130   309.000   
472.990   467.335   9.281   266.665   267.295   270.000   
474.055   468.405   9.277   266.665   267.715   252.000   
475.655   470.010   9.269   266.665   267.925   196.000   
476.720   471.085   9.262   266.665   268.245   132.000   
477.790   472.695   9.252   266.665   268.560   74.000   
479.390   473.770   9.244   266.665   268.665   29.000   
480.455   474.845   9.236   266.665   268.455   -8.000   
482.055   476.455   9.228   266.665   268.140   -20.000   
483.120   477.520   9.226   266.665   267.505   -13.000   
484.720   479.115   9.231   266.665   265.605   51.000   
485.790   480.180   9.235   266.665   265.605   75.000   
487.390   481.770   9.242   266.665   265.500   102.000   
488.455   482.835   9.247   266.665   265.390   119.000   
489.520   483.895   9.257   266.665   265.285   169.000   
491.120   485.485   9.264   266.665   264.760   207.000   
492.190   486.545   9.270   266.665   265.180   231.000   
493.790   488.140   9.275   266.665   265.605   233.000   
494.855   489.205   9.276   266.665   266.340   201.000   
496.455   490.810   9.271   266.665   267.610   152.000   
497.520   491.880   9.266   266.665   267.715   128.000   
499.120   493.490   9.259   266.665   267.925   87.000   
500.190   494.560   9.255   266.665   267.820   72.000   
501.255   495.630   9.247   266.665   267.925   41.000   
502.855   497.240   9.241   266.665   267.820   19.000   
503.920   498.310   9.235   266.665   267.610   -2.000   
505.520   499.910   9.233   266.665   267.185   11.000   
506.585   500.975   9.235   266.665   266.555   22.000   
508.185   502.570   9.242   266.665   265.920   55.000   
509.255   503.635   9.244   266.665   265.710   70.000   
510.320   505.230   9.251   266.665   265.605   97.000   
511.920   506.290   9.256   266.665   265.605   128.000   
512.985   507.350   9.264   266.665   265.180   160.000   
514.585   508.945   9.269   266.665   265.500   184.000   
515.655   510.010   9.271   266.665   266.130   171.000   
517.255   511.610   9.272   266.665   266.450   158.000   
518.320   512.675   9.271   266.665   266.765   145.000   
519.920   514.275   9.269   266.665   267.080   136.000   
520.985   515.345   9.266   266.665   267.295   120.000   
522.055   516.950   9.261   266.665   267.505   88.000   
523.655   518.020   9.257   266.665   267.610   68.000   
524.720   519.095   9.253   266.665   267.715   46.000   
526.320   520.695   9.249   266.665   267.295   45.000   
527.385   521.765   9.248   266.665   266.975   47.000   
528.985   523.365   9.247   266.665   266.765   66.000   
530.055   524.430   9.249   266.665   266.660   73.000   
531.655   526.030   9.250   266.665   266.235   87.000   
532.720   527.095   9.252   266.665   266.025   106.000   
533.785   528.155   9.257   266.665   265.920   131.000   
535.385   529.755   9.259   266.665   265.920   142.000   
536.455   530.815   9.262   266.665   266.025   157.000   
538.055   532.415   9.266   266.665   266.340   156.000   
539.120   533.480   9.266   266.665   266.450   151.000   
540.720   535.080   9.266   266.665   266.555   144.000   
541.785   536.145   9.266   266.665   266.765   152.000   
543.385   537.745   9.265   266.665   266.870   145.000   
544.455   538.815   9.264   266.665   266.975   136.000   
545.520   539.885   9.263   266.665   267.080   122.000   
547.120   541.485   9.260   266.665   267.080   117.000   
548.185   542.555   9.258   266.665   267.185   101.000   
549.785   544.160   9.255   266.665   267.080   92.000   
550.855   545.225   9.254   266.665   266.975   94.000   
552.455   546.825   9.254   266.665   266.660   108.000   
553.520   547.890   9.255   266.665   266.340   123.000   
554.585   549.485   9.258   266.665   266.235   134.000   
556.185   550.555   9.259   266.665   266.450   143.000   
557.255   551.620   9.261   266.665   266.450   139.000   
558.855   553.215   9.263   266.665   266.235   156.000   
559.920   554.280   9.265   266.665   266.340   163.000   
561.520   555.880   9.265   266.665   266.555   161.000   
562.585   556.945   9.266   266.665   266.450   172.000   
564.185   558.545   9.266   266.665   266.660   167.000   
565.255   559.615   9.266   266.665   266.660   164.000   
566.320   561.215   9.263   266.665   267.080   147.000   
567.920   562.285   9.263   266.665   267.185   129.000   
568.985   563.355   9.261   266.665   267.080   129.000   
570.585   564.955   9.257   266.665   267.080   121.000   
571.655   566.025   9.256   266.665   267.080   121.000   
573.255   567.625   9.255   266.665   266.870   118.000   
574.320   568.690   9.253   266.665   266.975   111.000   
575.920   570.295   9.254   266.665   266.870   110.000   
576.985   571.360   9.255   266.665   266.555   117.000   
578.055   572.960   9.255   266.665   266.450   134.000   
579.655   574.025   9.255   266.665   266.660   125.000   
580.720   575.090   9.255   266.665   266.660   133.000   
582.320   576.690   9.255   266.665   266.555   142.000   
583.385   577.755   9.258   266.665   266.235   169.000   
584.985   579.350   9.261   266.665   266.340   174.000   
586.055   580.420   9.261   266.665   266.660   167.000   
587.655   582.020   9.259   266.665   267.080   137.000   
588.720   583.085   9.258   266.665   266.765   139.000   
589.785   584.155   9.257   266.665   267.080   136.000   
591.385   585.755   9.257   266.665   266.765   142.000   
592.455   586.825   9.257   266.665   266.765   136.000   
594.055   588.425   9.255   266.665   266.975   122.000   
595.120   589.490   9.254   266.665   266.870   122.000   
596.720   591.095   9.252   266.665   266.870   112.000   
597.785   592.160   9.254   266.665   266.660   114.000   
599.385   593.760   9.253   266.665   266.555   122.000   
600.455   594.825   9.254   266.665   266.660   123.000   
601.520   595.890   9.254   266.665   266.555   123.000   
603.120   597.490   9.255   266.665   266.450   125.000   
604.185   598.560   9.255   266.665   266.660   124.000   
605.785   600.155   9.258   266.665   266.340   139.000   
606.855   601.220   9.259   266.665   266.450   138.000   
608.455   602.820   9.260   266.665   266.340   148.000   
609.520   603.885   9.260   266.665   266.555   147.000   
610.585   605.485   9.259   266.665   266.765   134.000   
612.185   606.555   9.258   266.010   266.765   124.000   
613.245   607.620   9.254   264.370   266.975   138.000   
614.820   609.220   9.240   259.465   266.555   142.000   
615.850   610.285   9.210   254.555   266.555   133.000   
617.345   611.885   9.101   244.735   266.765   110.000   
618.310   612.950   8.977   236.555   266.235   83.000   
619.690   614.530   8.707   222.520   262.965   29.000   
620.560   615.570   8.469   212.820   259.480   -20.000   
621.390   617.090   8.036   203.125   254.935   -109.000   
622.565   618.075   7.710   188.580   249.235   -194.000   
623.300   619.025   7.364   178.885   242.160   -342.000   
624.330   620.390   6.832   164.335   225.050   -435.000   
624.970   621.250   6.478   154.640   215.230   -521.000   
625.850   622.465   5.953   140.095   204.880   -608.000   
626.395   623.225   5.601   130.400   194.635   -676.000   
627.130   624.285   5.082   115.855   174.570   -758.000   
627.575   624.945   4.735   106.155   163.905   -799.000   
627.980   625.845   4.227   96.460   153.340   -821.000   
628.515   626.395   3.896   81.915   142.675   -823.000   
628.825   626.900   3.567   72.215   131.375   -734.000   
629.215   627.575   3.085   57.670   110.045   -660.000   
629.425   627.975   2.766   47.975   100.010   -604.000   
629.670   628.500   2.285   33.755   89.870   -500.000   
629.790   628.800   1.966   25.040   80.260   -448.000   
629.905   629.185   1.498   14.425   61.250   -366.000   
629.950   629.390   1.194   8.980   52.170   -339.000   
629.980   629.565   0.784   4.845   43.405   -318.000   
629.995   629.765   0.547   0.000   35.060   -326.000   
629.995   629.855   0.354   0.000   27.035   -335.000   
630.000   629.950   0.152   0.000   13.520   -348.000   
630.000   629.980   0.075   0.000   8.130   -333.000   
630.000   630.000   0.017   0.000   3.905   -297.000   
630.000   630.000   0.008   0.000   1.055   -256.000   
630.000   629.995   0.008   0.000   -1.375   -232.000   
630.000   629.985   0.016   0.000   -2.220   -171.000   
630.000   629.975   0.033   0.000   -2.640   -74.000   
630.000   629.955   0.045   0.000   -3.065   -5.000   
630.000   629.940   0.058   0.000   -3.170   110.000   
630.000   629.925   0.075   0.000   -2.850   170.000   
630.000   629.915   0.084   0.000   -2.220   214.000   
630.000   629.910   0.091   0.000   -1.480   236.000   
630.000   629.910   0.091   0.000   -0.420   224.000   
630.000   629.915   0.087   0.000   0.950   210.000   
630.000   629.920   0.080   0.000   1.690   173.000   
630.000   629.930   0.071   0.000   2.325   113.000   
630.000   629.950   0.052   0.000   2.850   58.000   
630.000   629.960   0.038   0.000   3.380   -7.000   
630.000   629.985   0.017   0.000   3.485   -84.000   
630.000   629.995   0.004   0.000   3.170   -121.000   
630.000   630.010   -0.009   0.000   2.430   -133.000   
630.000   630.015   -0.013   0.000   1.480   -118.000   
630.000   630.015   -0.014   0.000   0.000   -76.000   
630.000   630.015   -0.013   0.000   -0.210   -61.000   
630.000   630.010   -0.011   0.000   -0.635   -30.000   
630.000   630.005   -0.004   0.000   -1.055   15.000   
630.000   630.000   0.003   0.000   -1.375   38.000   
630.000   629.990   0.012   0.000   -1.690   89.000   
630.000   629.980   0.018   0.000   -1.375   112.000   
630.000   629.980   0.022   0.000   -0.845   110.000   
630.000   629.980   0.022   0.000   -0.210   91.000   
630.000   629.980   0.020   0.000   0.105   75.000   
630.000   629.980   0.018   0.000   0.530   65.000   
630.000   629.985   0.014   0.000   0.845   35.000   
630.000   629.990   0.008   0.000   1.055   5.000   
630.000   630.000   0.002   0.000   1.375   -23.000   
630.000   630.005   -0.006   0.000   1.160   -57.000   
630.000   630.010   -0.010   0.000   0.950   -64.000   
630.000   630.010   -0.012   0.000   0.530   -50.000   
630.000   630.010   -0.011   0.000   0.000   -33.000   
630.000   630.010   -0.010   0.000   -0.210   -21.000   
630.000   630.010   -0.008   0.000   -0.420   -12.000   
630.000   630.005   -0.005   0.000   -0.635   9.000   
630.000   630.000   -0.001   0.000   -0.635   27.000   
630.000   630.000   0.002   0.000   -0.845   44.000   
630.000   629.995   0.006   0.000   -0.530   57.000   
630.000   629.995   0.007   0.000   -0.315   52.000   
630.000   629.995   0.007   0.000   0.000   36.000   
630.000   629.995   0.006   0.000   0.105   32.000   
630.000   629.995   0.005   0.000   0.210   23.000   
630.000   629.995   0.003   0.000   0.315   12.000   
630.000   630.000   0.001   0.000   0.530   -1.000   
630.000   630.000   -0.002   0.000   0.635   -17.000   
630.000   630.005   -0.004   0.000   0.420   -20.000   
630.000   630.005   -0.005   0.000   0.105   -14.000   
630.000   630.005   -0.005   0.000   0.000   -6.000   
630.000   630.005   -0.004   0.000   -0.105   0.000   
630.000   630.005   -0.003   0.000   -0.210   3.000   
630.000   630.000   -0.002   0.000   -0.210   9.000   
630.000   630.000   -0.000   0.000   -0.315   20.000   
630.000   630.000   0.001   0.000   -0.420   27.000   
630.000   629.995   0.003   0.000   -0.315   33.000   
630.000   629.995   0.003   0.000   -0.210   30.000   
630.000   629.995   0.003   0.000   0.105   20.000   
630.000   630.000   0.003   0.000   0.105   15.000   
630.000   630.000   0.001   0.000   0.210   12.000   
630.000   630.000   0.001   0.000   0.210   8.000   
630.000   630.000   -0.000   0.000   0.210   0.000   
630.000   630.000   -0.002   0.000   0.210   -5.000   
630.000   630.005   -0.003   0.000   0.210   -6.000   
630.000   630.005   -0.003   0.000   0.000   -2.000   
630.000   630.005   -0.003   0.000   0.000   3.000   
630.000   630.000   -0.002   0.000   -0.105   5.000   
630.000   630.000   -0.001   0.000   -0.105   9.000   
630.000   630.000   -0.000   0.000   -0.210   14.000   
630.000   630.000   0.000   0.000   -0.105   20.000   
630.000   630.000   0.001   0.000   -0.210   24.000   
630.000   630.000   0.002   0.000   -0.105   23.000   
630.000   630.000   0.002   0.000   0.105   19.000   
630.000   630.000   0.001   0.000   0.000   15.000   
630.000   630.000   0.001   0.000   0.105   15.000   
630.000   630.000   0.000   0.000   0.105   10.000   
630.000   630.000   0.000   0.000   0.105   8.000   
630.000   630.000   -0.001   0.000   0.210   2.000   
630.000   630.000   -0.001   0.000   0.105   -1.000   
630.000   630.000   -0.002   0.000   0.105   5.000   
630.000   630.000   -0.002   0.000   0.000   7.000   
630.000   630.000   -0.001   0.000   -0.105   9.000   
630.000   630.000   -0.001   0.000   -0.105   10.000   
630.000   630.000   -0.000   0.000   0.000   12.000   
630.000   630.000   0.000   0.000   -0.105   15.000   
630.000   630.000   0.000   0.000   -0.105   14.000   
630.000   630.000   0.001   0.000   -0.105   14.000   
630.000   630.000   0.001   0.000   0.000   12.000   
630.000   630.000   0.000   0.000   0.000   10.000   
630.000   630.000   0.000   0.000   0.000   10.000   
630.000   630.000   0.000   0.000   0.105   9.000   
630.000   630.000   -0.000   0.000   0.105   8.000   
630.000   630.000   -0.001   0.000   0.000   6.000   
630.000   630.000   -0.001   0.000   0.000   5.000   
630.000   630.000   -0.001   0.000   0.105   6.000   
630.000   630.000   -0.001   0.000   -0.105   9.000   
630.000   630.000   -0.001   0.000   0.000   8.000   
630.000   630.000   -0.000   0.000   0.000   11.000   
630.000   630.000   0.000   0.000   -0.105   12.000   
630.000   630.000   0.000   0.000   0.000   15.000   
630.000   630.000   0.000   0.000   -0.105   15.000   
630.000   630.000   0.000   0.000   0.000   13.000   
630.000   630.000   0.000   0.000   0.000   11.000   
630.000   630.000   0.000   0.000   0.000   11.000   
630.000   630.000   0.000   0.000   0.105   12.000   
630.000   630.000   0.000   0.000   0.000   8.000   
630.000   630.000   -0.000   0.000   0.105   7.000   
630.000   630.000   -0.001   0.000   0.105   7.000   
630.000   630.000   -0.001   0.000   0.000   6.000   
630.000   630.000   -0.001   0.000   0.000   6.000   
630.000   630.000   -0.001   0.000   0.000   8.000   
630.000   630.000   -0.000   0.000   0.000   10.000   
630.000   630.000   -0.000   0.000   0.000   10.000   
630.000   630.000   -0.000   0.000   0.000   12.000   
630.000   630.000   0.000   0.000   -0.105   12.000   
630.000   630.000   0.000   0.000   -0.105   17.000   
630.000   630.000   0.000   0.000   0.000   13.000   
630.000   630.000   0.000   0.000   0.000   11.000   
630.000   630.000   0.000   0.000   0.000   12.000   
630.000   630.000   0.000   0.000   0.000   8.000   
630.000   630.000   0.000   0.000   0.105   9.000   
630.000   630.000   -0.000   0.000   0.105   8.000   
630.000   630.000   -0.000   0.000   0.000   7.000   
630.000   630.000   -0.001   0.000   0.105   7.000   
630.000   630.000   -0.001   0.000   0.000   8.000   
630.000   630.000   -0.000   0.000   -0.105   9.000   
630.000   630.000   -0.000   0.000   0.000   10.000   
630.000   630.000   -0.000   0.000   0.000   9.000   
630.000   630.000   0.000   0.000   0.000   10.000   
630.000   630.000   0.000   0.000   -0.105   13.000   
630.000   630.000   0.000   0.000   0.000   12.000   
630.000   630.000   0.000   0.000   -0.105   14.000   
630.000   630.000   0.000   0.000   0.105   12.000   
630.000   630.000   0.000   0.000   0.000   12.000   
630.000   630.000   0.000   0.000   0.000   11.000   
630.000   630.000   -0.000   0.000   0.105   9.000   
630.000   630.000   -0.000   0.000   0.000   8.000   
630.000   630.000   -0.000   0.000   0.000   8.000   
630.000   630.000   -0.000   0.000   0.000   9.000   
630.000   630.000   -0.000   0.000   0.000   -4.000   
630.000   630.000   -0.000   0.000   0.000   -3.000   
630.000   630.000   -0.000   0.000   0.000   2.000   
630.000   630.000   0.000   0.000   0.000   3.000   
630.000   630.000   0.000   0.000   0.000   4.000   
630.000   630.000   0.000   0.000   0.000   3.000   
630.000   630.000   0.000   0.000   -0.105   3.000   
630.000   630.000   0.000   0.000   0.000   -1.000   
630.000   630.000   0.000   0.000   0.000   4.000   
630.000   630.000   0.000   0.000   0.000   2.000   
630.000   630.000   0.000   0.000   0.000   -3.000   
630.000   630.000   -0.000   0.000   0.105   -4.000   
630.000   630.000   -0.000   0.000   0.000   -4.000   
630.000   630.000   -0.000   0.000   0.000   -4.000   
630.000   630.000   -0.000   0.000   0.000   -3.000   
630.000   630.000   -0.000   0.000   0.000   -3.000   
630.000   630.000   -0.000   0.000   0.000   2.000   
630.000   630.000   -0.000   0.000   0.000   2.000   
630.000   630.000   0.000   0.000   -0.105   4.000   
630.000   630.000   0.000   0.000   0.000   4.000   
630.000   630.000   0.000   0.000   0.000   4.000   
630.000   630.000   0.000   0.000   -0.105   4.000   
630.000   630.000   0.000   0.000   0.000   1.000   
630.000   630.000   0.000   0.000   0.105   4.000   
630.000   630.000   0.000   0.000   0.000   3.000   
630.000   630.000   0.000   0.000   0.000   4.000   
630.000   630.000   0.000   0.000   0.000   -4.000   
630.000   630.000   -0.000   0.000   0.105   -4.000   
630.000   630.000   -0.000   0.000   0.000   -4.000   
630.000   630.000   -0.000   0.000   0.000   -4.000   
630.000   630.000   -0.000   0.000   0.000   -4.000   
630.000   630.000   -0.000   0.000   0.000   3.000   
630.000   630.000   -0.000   0.000   0.000   3.000   
630.000   630.000   0.000   0.000   -0.105   4.000   
630.000   630.000   0.000   0.000   0.000   4.000   
630.000   630.000   0.000   0.000   0.000   4.000   
630.000   630.000   0.000   0.000   0.000   -2.000   
630.000   630.000   0.000   0.000   0.000   -4.000   
630.000   630.000   0.000   0.000   0.000   2.000   
630.000   630.000   0.000   0.000   0.000   3.000   
630.000   630.000   0.000   0.000   0.000   10.000   
630.000   630.000   -0.000   0.000   0.105   10.000   
630.000   630.000   -0.000   0.000   0.000   8.000   
630.000   630.000   -0.000   0.000   0.000   9.000   
630.000   630.000   -0.000   0.000   0.000   9.000   
630.000   630.000   -0.000   0.000   0.000   10.000   
630.000   630.000   -0.000   0.000   0.000   10.000   
630.000   630.000   0.000   0.000   0.000   10.000   
630.000   630.000   0.000   0.000   -0.105   12.000   
630.000   630.000   0.000   0.000   0.000   11.000   
630.000   630.000   0.000   0.000   0.000   12.000   
630.000   630.000   0.000   0.000   0.000   11.000   
630.000   630.000   0.000   0.000   0.000   11.000   
630.000   630.000   0.000   0.000   0.000   11.000   
630.000   630.000   0.000   0.000   0.000   11.000   
630.000   630.000   0.000   0.000   0.000   10.000   
630.000   630.000   -0.000   0.000   0.105   9.000   
630.000   630.000   -0.000   0.000   0.000   9.000   
630.000   630.000   -0.000   0.000   0.000   8.000   
630.000   630.000   -0.000   0.000   0.000   9.000   
630.000   630.000   -0.000   0.000   0.000   7.000   
630.000   630.000   -0.000   0.000   0.000   9.000   
630.000   630.000   -0.000   0.000   0.000   9.000   
630.000   630.000   0.000   0.000   -0.105   12.000   
630.000   630.000   0.000   0.000   0.000   9.000   
630.000   630.000   0.000   0.000   0.000   12.000   
630.000   630.000   0.000   0.000   0.000   13.000   
630.000   630.000   0.000   0.000   0.000   11.000   
630.000   630.000   0.000   0.000   0.000   13.000   
630.000   630.000   0.000   0.000   0.000   10.000   
630.000   630.000   0.000   0.000   0.000   10.000   
630.000   630.000   -0.000   0.000   0.105   9.000   
630.000   630.000   -0.000   0.000   0.000   10.000   
630.000   630.000   -0.000   0.000   0.000   10.000   
630.000   630.000   -0.000   0.000   0.000   10.000   
630.000   630.000   -0.000   0.000   0.000   12.000   
630.000   630.000   -0.000   0.000   0.000   12.000   
630.000   630.000   0.000   0.000   0.000   11.000   
630.000   630.000   0.000   0.000   0.000   10.000   
630.000   630.000   0.000   0.000   0.000   11.000   
630.000   630.000   0.000   0.000   0.000   9.000   
630.000   630.000   0.000   0.000   0.000   9.000   
630.000   630.000   0.000   0.000   0.000   8.000   
630.000   630.000   0.000   0.000   0.000   11.000   
630.000   630.000   -0.000   0.000   0.000   10.000   
630.000   630.000   -0.000   0.000   0.000   9.000   
630.000   630.000   -0.000   0.000   0.000   10.000   
630.000   630.000   -0.000   0.000   0.000   9.000   
630.000   630.000   -0.000   0.000   0.000   9.000   
630.000   630.000   -0.000   0.000   0.000   10.000   
630.000   630.000   -0.000   0.000   0.000   11.000   
630.000   630.000   0.000   0.000   -0.105   10.000   
630.000   630.000   0.000   0.000   0.000   11.000   
630.000   630.000   0.000   0.000   0.000   8.000   
630.000   630.000   0.000   0.000   0.000   11.000   
630.000   630.000   0.000   0.000   0.000   10.000   
630.000   630.000   0.000   0.000   0.000   9.000   
630.000   630.000   0.000   0.000   0.000   12.000   
630.000   630.000   0.000   0.000   0.000   10.000   
630.000   630.000   0.000   0.000   0.000   10.000   
630.000   630.000   -0.000   0.000   0.105   9.000   
630.000   630.000   -0.000   0.000   0.000   7.000   
630.000   630.000   -0.000   0.000   0.000   9.000   
630.000   630.000   -0.000   0.000   0.000   10.000   
630.000   630.000   -0.000   0.000   0.000   9.000   
630.000   630.000   -0.000   0.000   0.000   12.000   
630.000   630.000   0.000   0.000   0.000   9.000   
630.000   630.000   0.000   0.000   -0.105   13.000   
630.000   630.000   0.000   0.000   0.000   13.000   
630.000   630.000   0.000   0.000   0.000   11.000   
630.000   630.000   0.000   0.000   0.000   11.000   
630.000   630.000   0.000   0.000   0.000   11.000   
630.000   630.000   0.000   0.000   0.000   12.000   
630.000   630.000   0.000   0.000   0.000   9.000   
630.000   630.000   -0.000   0.000   0.105   10.000   
630.000   630.000   -0.000   0.000   0.000   11.000   
630.000   630.000   -0.000   0.000   0.000   12.000   
630.000   630.000   -0.000   0.000   0.000   13.000   
630.000   630.000   -0.000   0.000   0.000   12.000   
630.000   630.000   0.000   0.000   -0.105   11.000   
630.000   630.000   0.000   0.000   0.000   14.000   
630.000   630.000   0.000   0.000   0.000   10.000   
630.000   630.000   0.000   0.000   0.000   12.000   
630.000   630.000   0.000   0.000   0.000   12.000   
630.000   630.000   0.000   0.000   0.000   13.000   
630.000   630.000   0.000   0.000   0.000   11.000   
630.000   630.000   0.000   0.000   0.000   12.000   
630.000   630.000   0.000   0.000   0.000   13.000   
630.000   630.000   0.000   0.000   0.000   12.000   
630.000   630.000   -0.000   0.000   0.105   10.000   
630.000   630.000   -0.000   0.000   0.000   9.000   
630.000   630.000   -0.000   0.000   0.000   11.000   
630.000   630.000   -0.000   0.000   0.000   9.000   
630.000   630.000   -0.000   0.000   0.000   9.000   
630.000   630.000   -0.000   0.000   0.000   9.000   
630.000   630.000   0.000   0.000   0.000   10.000   
630.000   630.000   0.000   0.000   0.000   12.000   
630.000   630.000   0.000   0.000   0.000   11.000   
630.000   630.000   0.000   0.000   0.000   12.000   
630.000   630.000   0.000   0.000   0.000   12.000   
630.000   630.000   0.000   0.000   0.000   12.000   
630.000   630.000   0.000   0.000   0.000   13.000   
630.000   630.000   0.000   0.000   0.000   12.000   
630.000   630.000   0.000   0.000   0.000   9.000   
630.000   630.000   0.000   0.000   0.000   9.000   
630.000   630.000   -0.000   0.000   0.105   10.000   
630.000   630.000   -0.000   0.000   0.000   12.000   
630.000   630.000   -0.000   0.000   0.000   12.000   
630.000   630.000   -0.000   0.000   0.000   10.000   
630.000   630.000   -0.000   0.000   0.000   11.000   
630.000   630.000   -0.000   0.000   0.000   10.000   
630.000   630.000   0.000   0.000   -0.105   10.000   
630.000   630.000   0.000   0.000   0.000   14.000   
630.000   630.000   0.000   0.000   0.000   12.000   
630.000   630.000   0.000   0.000   0.000   10.000   
630.000   630.000   0.000   0.000   0.000   12.000   
630.000   630.000   0.000   0.000   0.000   11.000   
630.000   630.000   0.000   0.000   0.000   11.000   
630.000   630.000   0.000   0.000   0.000   10.000   
630.000   630.000   -0.000   0.000   0.105   16.000   
630.000   630.000   -0.000   0.000   0.000   19.000   
630.000   630.000   -0.000   0.000   0.000   21.000   
630.000   630.000   -0.000   0.000   0.000   21.000   
630.000   630.000   -0.000   0.000   0.000   20.000   
630.000   630.000   0.000   0.000   -0.105   18.000   
630.000   630.000   0.000   0.000   0.000   22.000   
630.000   630.000   0.000   0.000   0.000   24.000   
630.000   630.000   0.000   0.000   0.000   24.000   
630.000   630.000   0.000   0.000   0.000   17.000   
630.000   630.000   0.000   0.000   0.000   22.000   
630.000   630.000   0.000   0.000   0.000   21.000   
630.000   630.000   0.000   0.000   0.000   22.000   
630.000   630.000   -0.000   0.000   0.105   22.000   
630.000   630.000   -0.000   0.000   0.000   21.000   
630.000   630.000   -0.000   0.000   0.000   18.000   
630.000   630.000   -0.000   0.000   0.000   23.000   
630.000   630.000   -0.000   0.000   0.000   16.000   
630.000   630.000   -0.000   0.000   0.000   22.000   
630.000   630.000   -0.000   0.000   0.000   23.000   
630.000   630.000   0.000   0.000   -0.105   19.000   
630.000   630.000   0.000   0.000   0.000   21.000   
630.000   630.000   0.000   0.000   0.000   20.000   
630.000   630.000   0.000   0.000   0.000   16.000   
630.000   630.000   0.000   0.000   0.000   19.000   
630.000   630.000   0.000   0.000   0.000   19.000   
630.000   630.000   0.000   0.000   0.000   20.000   
630.000   630.000   0.000   0.000   0.000   21.000   
630.000   630.000   0.000   0.000   0.000   18.000   
630.000   630.000   0.000   0.000   0.000   22.000   
630.000   630.000   -0.000   0.000   0.000   19.000   
630.000   630.000   -0.000   0.000   0.000   21.000   
630.000   630.000   -0.000   0.000   0.000   16.000   
630.000   630.000   0.000   0.000   -0.105   21.000   
630.000   630.000   0.000   0.000   0.000   21.000   
630.000   630.000   0.000   0.000   0.000   20.000   
630.000   630.000   0.000   0.000   0.000   19.000   
630.000   630.000   0.000   0.000   0.000   22.000   
630.000   630.000   0.000   0.000   0.000   10.000   
630.000   630.000   0.000   0.000   0.000   12.000   
630.000   630.000   0.000   0.000   0.000   12.000   
630.000   630.000   0.000   0.000   0.000   13.000   
630.000   630.000   0.000   0.000   0.000   8.000   
630.000   630.000   -0.000   0.000   0.105   10.000   
630.000   630.000   -0.000   0.000   0.000   10.000   
630.000   630.000   -0.000   0.000   0.000   10.000   
630.000   630.000   -0.000   0.000   0.000   10.000   
630.000   630.000   0.000   0.000   0.000   11.000   
630.000   630.000   0.000   0.000   0.000   7.000   
630.000   630.000   0.000   0.000   0.000   12.000   
630.000   630.000   0.000   0.000   0.000   13.000   
630.000   630.000   0.000   0.000   0.000   10.000   
630.000   630.000   0.000   0.000   0.000   11.000   
630.000   630.000   0.000   0.000   0.000   13.000   
630.000   630.000   0.000   0.000   0.000   12.000   
630.000   630.000   0.000   0.000   0.000   11.000   
630.000   630.000   0.000   0.000   0.000   12.000   
630.000   630.000   -0.000   0.000   0.105   12.000   
630.000   630.000   0.000   0.000   -0.105   12.000   
630.000   630.000   -0.000   0.000   0.105   10.000   
630.000   630.000   -0.000   0.000   0.000   10.000   
630.000   630.000   -0.000   0.000   0.000   12.000   
630.000   630.000   0.000   0.000   -0.105   10.000   
630.000   630.000   -0.000   0.000   0.105   8.000   
630.000   630.000   -0.000   0.000   0.000   12.000   
630.000   630.000   0.000   0.000   -0.105   12.000   
630.000   630.000   0.000   0.000   -0.105   12.000   
630.000   630.000   0.000   0.000   0.000   9.000   
630.000   630.000   0.000   0.000   0.000   10.000   
630.000   630.000   0.000   0.000   0.000   13.000   
630.000   630.000   0.000   0.000   0.000   12.000   
630.000   630.000   0.000   0.000   -0.105   10.000   
630.000   630.000   0.000   0.000   0.000   9.000   
630.000   630.000   -0.000   0.000   0.105   9.000   
630.000   630.000   -0.000   0.000   -0.105   11.000   
630.000   630.000   0.000   0.000   -0.105   12.000   
630.000   630.000   0.000   0.000   0.000   10.000   
630.000   630.000   0.000   0.000   0.105   10.000   
630.000   630.000   0.000   0.000   -0.105   11.000   
630.000   630.000   0.000   0.000   0.000   12.000   
630.000   630.000   0.000   0.000   0.000   13.000   
630.000   630.000   0.000   0.000   0.000   10.000   
630.000   630.000   0.000   0.000   0.000   13.000   
630.000   630.000   0.000   0.000   0.000   14.000   
630.000   630.000   0.000   0.000   0.000   13.000   
630.000   630.000   -0.000   0.000   0.105   10.000   
630.000   630.000   -0.000   0.000   0.000   11.000   
630.000   630.000   -0.000   0.000   0.000   10.000   
630.000   630.000   -0.000   0.000   0.000   12.000   
630.000   630.000   -0.000   0.000   0.000   12.000   
630.000   630.000   -0.000   0.000   0.000   12.000   
630.000   630.000   0.000   0.000   -0.105   15.000   
630.000   630.000   0.000   0.000   0.105   11.000   
630.000   630.000   0.000   0.000   0.000   13.000   
630.000   630.000   0.000   0.000   0.000   10.000   
630.000   630.000   0.000   0.000   0.000   15.000   
630.000   630.000   0.000   0.000   0.000   10.000   
630.000   630.000   0.000   0.000   0.000   11.000   
630.000   630.000   0.000   0.000   0.000   12.000   
630.000   630.000   0.000   0.000   0.000   13.000   
630.000   630.000   -0.000   0.000   0.000   15.000   
630.000   630.000   0.000   0.000   0.000   15.000   
630.000   630.000   0.000   0.000   -0.105   12.000   
630.000   630.000   -0.000   0.000   0.105   9.000   
630.000   630.000   0.000   0.000   -0.105   12.000   
630.000   630.000   0.000   0.000   0.105   10.000   
630.000   630.000   -0.000   0.000   0.000   9.000   
630.000   630.000   -0.000   0.000   0.105   10.000   
630.000   630.000   0.000   0.000   -0.105   13.000   
630.000   630.000   0.000   0.000   0.000   11.000   
630.000   630.000   0.000   0.000   0.000   11.000   
630.000   630.000   0.000   0.000   0.000   10.000   
630.000   630.000   0.000   0.000   0.000   14.000   
630.000   630.000   0.000   0.000   0.000   11.000   
630.000   630.000   0.000   0.000   0.105   12.000   
630.000   630.000   -0.000   0.000   -0.105   12.000   
630.000   630.000   -0.000   0.000   0.105   11.000   
630.000   630.000   0.000   0.000   -0.105   11.000   
630.000   630.000   0.000   0.000   0.000   10.000   
630.000   630.000   0.000   0.000   0.000   14.000   
630.000   630.000   0.000   0.000   0.000   12.000   
630.000   630.000   0.000   0.000   0.000   11.000   
630.000   630.000   0.000   0.000   0.000   12.000   
630.000   630.000   0.000   0.000   0.000   11.000   
630.000   630.000   0.000   0.000   0.000   12.000   
630.000   630.000   0.000   0.000   0.000   13.000   
630.000   630.000   0.000   0.000   0.000   8.000   
630.000   630.000   0.000   0.000   0.000   13.000   
630.000   630.000   -0.000   0.000   0.000   13.000   
630.000   630.000   0.000   0.000   0.000   11.000   
630.000   630.000   0.000   0.000   0.000   12.000   
630.000   630.000   -0.000   0.000   0.105   9.000   
630.000   630.000   -0.000   0.000   0.000   10.000   
630.000   630.000   -0.000   0.000   -0.105   13.000   
630.000   630.000   -0.000   0.000   0.000   12.000   
630.000   630.000   -0.000   0.000   0.000   12.000   
630.000   630.000   0.000   0.000   0.000   12.000   
630.000   630.000   0.000   0.000   -0.105   14.000   
630.000   630.000   0.000   0.000   0.000   15.000   
630.000   630.000   0.000   0.000   0.000   10.000   
630.000   630.000   0.000   0.000   0.000   13.000   
630.000   630.000   0.000   0.000   0.000   12.000   
630.000   630.000   0.000   0.000   0.000   9.000   
630.000   630.000   0.000   0.000   0.000   12.000   
630.000   630.000   0.000   0.000   0.000   11.000   
630.000   630.000   0.000   0.000   0.000   10.000   
630.000   630.000   0.000   0.000   0.000   12.000   
630.000   630.000   0.000   0.000   0.105   13.000   
630.000   630.000   0.000   0.000   0.000   11.000   
630.000   630.000   -0.000   0.000   0.105   10.000   
630.000   630.000   -0.000   0.000   -0.105   11.000   
630.000   630.000   0.000   0.000   0.105   10.000   
630.000   630.000   0.000   0.000   -0.105   12.000   
630.000   630.000   0.000   0.000   0.000   13.000   
630.000   630.000   0.000   0.000   0.105   9.000   
630.000   630.000   0.000   0.000   -0.105   12.000   
630.000   630.000   0.000   0.000   0.105   12.000   
630.000   630.000   -0.000   0.000   0.000   3.000   
630.000   630.000   -0.000   0.000   0.000   4.000   
630.000   630.000   -0.000   0.000   0.000   3.000   
630.000   630.000   -0.000   0.000   -0.105   3.000   
630.000   630.000   0.000   0.000   -0.105   4.000   
630.000   630.000   0.000   0.000   0.000   -2.000   
630.000   630.000   0.000   0.000   0.000   4.000   
630.000   630.000   0.000   0.000   0.000   4.000   
630.000   630.000   0.000   0.000   0.000   4.000   
630.000   630.000   0.000   0.000   0.000   1.000   
630.000   630.000   0.000   0.000   0.000   -3.000   
630.000   630.000   0.000   0.000   0.000   4.000   
630.000   630.000   0.000   0.000   0.000   3.000   
630.000   630.000   0.000   0.000   0.000   3.000   
630.000   630.000   0.000   0.000   0.000   5.000   
630.000   630.000   0.000   0.000   0.000   4.000   
630.000   630.000   0.000   0.000   0.000   -4.000   
630.000   630.000   0.000   0.000   0.000   4.000   
630.000   630.000   0.000   0.000   0.000   4.000   
630.000   630.000   0.000   0.000   0.000   4.000   
630.000   630.000   0.000   0.000   0.105   2.000   
630.000   630.000   -0.000   0.000   0.000   -2.000   
630.000   630.000   0.000   0.000   0.000   3.000   
630.000   630.000   0.000   0.000   0.000   4.000   
630.000   630.000   0.000   0.000   0.000   2.000   
630.000   630.000   0.000   0.000   0.000   2.000   
630.000   630.000   0.000   0.000   0.000   4.000   
630.000   630.000   0.000   0.000   0.000   3.000   
630.000   630.000   0.000   0.000   0.000   2.000   
630.000   630.000   0.000   0.000   0.000   3.000   
630.000   630.000   0.000   0.000   0.000   5.000   
630.000   630.000   0.000   0.000   0.000   4.000   
630.000   630.000   0.000   0.000   0.000   3.000   
630.000   630.000   -0.000   0.000   0.105   -3.000   
630.000   630.000   -0.000   0.000   -0.105   4.000   
630.000   630.000   0.000   0.000   0.000   4.000   
630.000   630.000   0.000   0.000   0.000   4.000   
630.000   630.000   0.000   0.000   0.000   -4.000   
630.000   630.000   0.000   0.000   0.000   3.000   
630.000   630.000   0.000   0.000   0.000   -3.000   
630.000   630.000   0.000   0.000   0.000   12.000   
630.000   630.000   0.000   0.000   0.000   11.000   
630.000   630.000   0.000   0.000   0.000   11.000   
630.000   630.000   0.000   0.000   0.000   11.000   
630.000   630.000   0.000   0.000   0.105   11.000   
630.000   630.000   -0.000   0.000   0.105   10.000   
630.000   630.000   -0.000   0.000   0.000   12.000   
630.000   630.000   -0.000   0.000   -0.105   13.000   
630.000   630.000   -0.000   0.000   0.105   10.000   
630.000   630.000   -0.000   0.000   0.000   10.000   
630.000   630.000   -0.000   0.000   0.000   13.000   
630.000   630.000   0.000   0.000   -0.105   14.000   
630.000   630.000   0.000   0.000   0.000   10.000   
630.000   630.000   0.000   0.000   0.000   11.000   
630.000   630.000   0.000   0.000   0.000   11.000   
630.000   630.000   0.000   0.000   0.000   13.000   
630.000   630.000   0.000   0.000   0.000   11.000   
630.000   630.000   0.000   0.000   0.000   11.000   
630.000   630.000   0.000   0.000   0.000   9.000   
630.000   630.000   0.000   0.000   0.000   11.000   
630.000   630.000   0.000   0.000   0.000   12.000   
630.000   630.000   0.000   0.000   0.000   10.000   
630.000   630.000   -0.000   0.000   0.000   9.000   
630.000   630.000   -0.000   0.000   0.105   10.000   
630.000   630.000   0.000   0.000   -0.105   10.000   
630.000   630.000   0.000   0.000   0.000   12.000   
630.000   630.000   0.000   0.000   0.105   12.000   
630.000   630.000   -0.000   0.000   -0.105   12.000   
630.000   630.000   -0.000   0.000   0.105   11.000   
630.000   630.000   0.000   0.000   -0.105   14.000   
630.000   630.000   0.000   0.000   0.105   12.000   
630.000   630.000   0.000   0.000   -0.105   12.000   
630.000   630.000   0.000   0.000   0.000   12.000   
630.000   630.000   0.000   0.000   0.000   12.000   
630.000   630.000   0.000   0.000   0.000   11.000   
630.000   630.000   0.000   0.000   0.000   11.000   
630.000   630.000   0.000   0.000   0.000   11.000   
630.000   630.000   0.000   0.000   -0.105   13.000   
630.000   630.000   0.000   0.000   0.000   11.000   
630.000   630.000   0.000   0.000   0.000   10.000   
630.000   630.000   0.000   0.000   0.000   12.000   
630.000   630.000   0.000   0.000   0.000   9.000   
630.000   630.000   0.000   0.000   0.000   13.000   
630.000   630.000   0.000   0.000   0.000   10.000   
630.000   630.000   0.000   0.000   0.000   10.000   
630.000   630.000   0.000   0.000   0.000   13.000   
630.000   630.000   0.000   0.000   0.000   12.000   
630.000   630.000   0.000   0.000   0.000   12.000   
630.000   630.000   -0.000   0.000   0.105   9.000   
630.000   630.000   -0.000   0.000   -0.105   12.000   
630.000   630.000   -0.000   0.000   0.000   11.000   
630.000   630.000   0.000   0.000   -0.105   13.000   
630.000   630.000   0.000   0.000   0.105   9.000   
630.000   630.000   -0.000   0.000   0.000   9.000   
630.000   630.000   0.000   0.000   -0.105   13.000   
630.000   630.000   0.000   0.000   -0.105   14.000   
630.000   630.000   0.000   0.000   0.000   9.000   
630.000   630.000   -0.000   0.000   0.105   12.000   
630.000   630.000   0.000   0.000   -0.105   16.000   
630.000   630.000   0.000   0.000   0.000   12.000   
630.000   630.000   0.000   0.000   0.000   10.000   
630.000   630.000   0.000   0.000   0.000   11.000   
630.000   630.000   -0.000   0.000   0.000   12.000   
630.000   630.000   0.000   0.000   0.000   14.000   
630.000   630.000   0.000   0.000   -0.105   7.000   
630.000   630.000   0.000   0.000   0.000   9.000   
630.000   630.000   0.000   0.000   0.000   9.000   
630.000   630.000   -0.000   0.000   0.000   15.000   
630.000   630.000   -0.000   0.000   0.105   13.000   
630.000   630.000   0.000   0.000   -0.105   11.000   
630.000   630.000   -0.000   0.000   0.105   9.000   
630.000   630.000   0.000   0.000   -0.105   11.000   
630.000   630.000   0.000   0.000   0.000   14.000   
630.000   630.000   0.000   0.000   -0.105   14.000   
630.000   630.000   0.000   0.000   0.000   9.000   
630.000   630.000   0.000   0.000   0.000   11.000   
630.000   630.000   -0.000   0.000   0.000   9.000   
630.000   630.000   -0.000   0.000   0.000   12.000   
630.000   630.000   0.000   0.000   -0.105   15.000   
630.000   630.000   -0.000   0.000   0.105   13.000   
630.000   630.000   -0.000   0.000   0.000   10.000   
630.000   630.000   0.000   0.000   -0.105   13.000   
630.000   630.000   0.000   0.000   -0.105   13.000   
630.000   630.000   0.000   0.000   0.000   12.000   
630.000   630.000   0.000   0.000   0.000   9.000   
630.000   630.000   0.000   0.000   0.000   14.000   
630.000   630.000   0.000   0.000   0.000   13.000   
630.000   630.000   0.000   0.000   0.000   10.000   
630.000   630.000   0.000   0.000   0.000   12.000   
630.000   630.000   0.000   0.000   0.000   12.000   
630.000   630.000   0.000   0.000   0.000   13.000   
630.000   630.000   0.000   0.000   0.000   11.000   
630.000   630.000   0.000   0.000   0.000   10.000   
630.000   630.000   0.000   0.000   0.105   8.000   
630.000   630.000   0.000   0.000   0.000   11.000   
630.000   630.000   0.000   0.000   0.000   12.000   
630.000   630.000   -0.000   0.000   0.105   12.000   
630.000   630.000   -0.000   0.000   0.000   11.000   
630.000   630.000   -0.000   0.000   0.000   12.000   
630.000   630.000   -0.000   0.000   0.000   13.000   
630.000   630.000   0.000   0.000   -0.105   15.000   
630.000   630.000   0.000   0.000   0.000   12.000   
630.000   630.000   0.000   0.000   0.105   12.000   
630.000   630.000   -0.000   0.000   -0.105   11.000   
630.000   630.000   0.000   0.000   0.105   12.000   
630.000   630.000   0.000   0.000   -0.105   9.000   
630.000   630.000   -0.000   0.000   0.105   12.000   
630.000   630.000   -0.000   0.000   -0.105   11.000   
630.000   630.000   0.000   0.000   0.000   13.000   
630.000   630.000   0.000   0.000   0.000   13.000   
630.000   630.000   0.000   0.000   0.000   10.000   
630.000   630.000   0.000   0.000   0.000   9.000   
630.000   630.000   0.000   0.000   0.000   11.000   
630.000   630.000   0.000   0.000   0.000   13.000   
630.000   630.000   0.000   0.000   0.000   12.000   
630.000   630.000   0.000   0.000   0.000   12.000   
630.000   630.000   0.000   0.000   0.000   12.000   
630.000   630.000   0.000   0.000   0.000   14.000   
630.000   630.000   0.000   0.000   -0.105   12.000   
630.000   630.000   -0.000   0.000   0.105   23.000   
630.000   630.000   0.000   0.000   0.000   22.000   
630.000   630.000   -0.000   0.000   -0.105   22.000   
630.000   630.000   0.000   0.000   0.000   27.000   
630.000   630.000   0.000   0.000   -0.105   20.000   
630.000   630.000   0.000   0.000   0.000   22.000   
630.000   630.000   -0.000   0.000   0.105   23.000   
630.000   630.000   0.000   0.000   -0.105   23.000   
630.000   630.000   0.000   0.000   -0.105   24.000   
630.000   630.000   0.000   0.000   0.000   20.000   
630.000   630.000   0.000   0.000   0.000   22.000   
630.000   630.000   0.000   0.000   0.000   26.000   
630.000   630.000   0.000   0.000   0.000   23.000   
630.000   630.000   0.000   0.000   0.000   22.000   
630.000   630.000   0.000   0.000   0.000   22.000   
630.000   630.000   0.000   0.000   0.000   22.000   
630.000   630.000   0.000   0.000   0.000   17.000   
630.000   630.000   -0.000   0.000   0.105   23.000   
630.000   630.000   0.000   0.000   -0.105   22.000   
630.000   630.000   0.000   0.000   0.105   26.000   
630.000   630.000   -0.000   0.000   0.000   21.000   
630.000   630.000   -0.000   0.000   -0.105   24.000   
630.000   630.000   0.000   0.000   -0.105   18.000   
630.000   630.000   0.000   0.000   0.000   21.000   
630.000   630.000   0.000   0.000   0.105   20.000   
630.000   630.000   -0.000   0.000   -0.105   23.000   
630.000   630.000   -0.000   0.000   0.105   26.000   
630.000   630.000   0.000   0.000   -0.105   19.000   
630.000   630.000   -0.000   0.000   0.105   24.000   
630.000   630.000   -0.000   0.000   0.000   23.000   
630.000   630.000   0.000   0.000   0.000   23.000   
630.000   630.000   0.000   0.000   -0.105   24.000   
630.000   630.000   -0.000   0.000   0.105   24.000   
630.000   630.000   -0.000   0.000   0.000   23.000   
630.000   630.000   0.000   0.000   -0.105   25.000   
630.000   630.000   0.000   0.000   0.000   22.000   
630.000   630.000   0.000   0.000   0.000   22.000   
630.000   630.000   0.000   0.000   0.000   22.000   
630.000   630.000   0.000   0.000   0.000   23.000   
630.000   630.000   0.000   0.000   0.000   21.000   
630.000   630.000   0.000   0.000   0.000   14.000   
630.000   630.000   0.000   0.000   0.000   10.000   
630.000   630.000   0.000   0.000   0.000   12.000   
630.000   630.000   0.000   0.000   0.000   12.000   
630.000   630.000   -0.000   0.000   0.000   12.000   
630.000   630.000   0.000   0.000   -0.105   13.000   
630.000   630.000   0.000   0.000   0.000   13.000   
630.000   630.000   -0.000   0.000   0.000   12.000   
630.000   630.000   -0.000   0.000   0.105   12.000   
630.000   630.000   0.000   0.000   -0.105   10.000   
630.000   630.000   -0.000   0.000   0.105   12.000   
630.000   630.000   -0.000   0.000   -0.105   13.000   
630.000   630.000   0.000   0.000   0.000   10.000   
630.000   630.000   0.000   0.000   0.105   11.000   
630.000   630.000   0.000   0.000   0.000   12.000   
630.000   630.000   0.000   0.000   0.000   12.000   
630.000   630.000   0.000   0.000   0.000   12.000   
630.000   630.000   0.000   0.000   0.105   9.000   
630.000   630.000   0.000   0.000   0.000   11.000   
630.000   630.000   0.000   0.000   0.000   11.000   
630.000   630.000   0.000   0.000   0.000   12.000   
630.000   630.000   0.000   0.000   0.000   11.000   
630.000   630.000   0.000   0.000   0.000   9.000   
630.000   630.000   0.000   0.000   0.000   11.000   
630.000   630.000   0.000   0.000   0.000   9.000   
630.000   630.000   0.000   0.000   0.000   13.000   
630.000   630.000   0.000   0.000   0.000   9.000   
630.000   630.000   0.000   0.000   0.000   9.000   
630.000   630.000   -0.000   0.000   0.105   12.000   
630.000   630.000   -0.000   0.000   -0.105   13.000   
630.000   630.000   0.000   0.000   0.000   14.000   
630.000   630.000   -0.000   0.000   0.105   11.000   
630.000   630.000   -0.000   0.000   0.105   12.000   
630.000   630.000   -0.000   0.000   0.000   14.000   
630.000   630.000   -0.000   0.000   -0.105   12.000   
630.000   630.000   -0.000   0.000   0.105   12.000   
630.000   630.000   0.000   0.000   -0.105   11.000   
630.000   630.000   -0.000   0.000   0.105   12.000   
630.000   630.000   -0.000   0.000   -0.105   14.000   
630.000   630.000   0.000   0.000   0.000   10.000   
630.000   630.000   0.000   0.000   0.000   13.000   
630.000   630.000   0.000   0.000   0.000   12.000   
630.000   630.000   0.000   0.000   0.000   14.000   
630.000   630.000   0.000   0.000   0.000   14.000   
630.000   630.000   0.000   0.000   0.000   12.000   
630.000   630.000   0.000   0.000   0.000   13.000   
630.000   630.000   0.000   0.000   0.000   14.000   
630.000   630.000   0.000   0.000   0.000   14.000   
630.000   630.000   0.000   0.000   0.000   13.000   
630.000   630.000   0.000   0.000   0.000   12.000   
630.000   630.000   0.000   0.000   0.000   12.000   
630.000   630.000   -0.000   0.000   0.105   16.000   
630.000   630.000   -0.000   0.000   -0.105   11.000   
630.000   630.000   0.000   0.000   0.000   10.000   
630.000   630.000   0.000   0.000   -0.105   11.000   
630.000   630.000   -0.000   0.000   0.105   14.000   
630.000   630.000   -0.000   0.000   -0.105   11.000   
630.000   630.000   0.000   0.000   0.000   11.000   
630.000   630.000   0.000   0.000   0.105   9.000   
630.000   630.000   0.000   0.000   0.000   8.000   
630.000   630.000   -0.000   0.000   0.105   13.000   
630.000   630.000   -0.000   0.000   -0.105   12.000   
630.000   630.000   0.000   0.000   0.000   10.000   
630.000   630.000   0.000   0.000   0.105   14.000   
630.000   630.000   0.000   0.000   0.000   13.000   
630.000   630.000   0.000   0.000   0.000   9.000   
630.000   630.000   0.000   0.000   0.000   12.000   
630.000   630.000   0.000   0.000   0.000   10.000   
630.000   630.000   0.000   0.000   0.000   11.000   
630.000   630.000   0.000   0.000   0.000   13.000   
630.000   630.000   0.000   0.000   0.000   12.000   
630.000   630.000   0.000   0.000   0.000   16.000   
630.000   630.000   0.000   0.000   0.000   11.000   
630.000   630.000   0.000   0.000   0.000   10.000   
630.000   630.000   -0.000   0.000   0.105   9.000   
630.000   630.000   -0.000   0.000   -0.105   14.000   
630.000   630.000   0.000   0.000   0.000   13.000   
630.000   630.000   -0.000   0.000   0.000   13.000   
630.000   630.000   0.000   0.000   -0.105   9.000   
630.000   630.000   -0.000   0.000   0.105   10.000   
630.000   630.000   -0.000   0.000   0.000   12.000   
630.000   630.000   -0.000   0.000   0.000   14.000   
630.000   630.000   -0.000   0.000   0.000   14.000   
630.000   630.000   0.000   0.000   -0.105   12.000   
630.000   630.000   0.000   0.000   0.000   12.000   
630.000   630.000   0.000   0.000   0.000   12.000   
630.000   630.000   0.000   0.000   0.000   12.000   
630.000   630.000   0.000   0.000   0.000   13.000   
630.000   630.000   0.000   0.000   0.000   10.000   
630.000   630.000   0.000   0.000   0.000   11.000   
630.000   630.000   0.000   0.000   0.000   12.000   
630.000   630.000   0.000   0.000   0.000   12.000   
630.000   630.000   0.000   0.000   0.000   12.000   
630.000   630.000   0.000   0.000   0.105   11.000   
630.000   630.000   0.000   0.000   -0.105   10.000   
630.000   630.000   0.000   0.000   0.000   12.000   
630.000   630.000   0.000   0.000   0.000   12.000   
630.000   630.000   0.000   0.000   0.000   13.000   
630.000   630.000   0.000   0.000   0.000   10.000   
630.000   630.000   0.000   0.000   0.000   15.000   
630.000   630.000   -0.000   0.000   0.105   10.000   
630.000   630.000   0.000   0.000   -0.105   10.000   
630.000   630.000   0.000   0.000   0.105   10.000   
630.000   630.000   -0.000   0.000   -0.105   12.000   
630.000   630.000   -0.000   0.000   0.105   12.000   
630.000   630.000   0.000   0.000   -0.105   15.000   
630.000   630.000   0.000   0.000   0.105   10.000   
630.000   630.000   -0.000   0.000   0.000   9.000   
630.000   630.000   0.000   0.000   -0.105   11.000   
630.000   630.000   0.000   0.000   0.000   16.000   
630.000   630.000   0.000   0.000   0.000   15.000   
630.000   630.000   0.000   0.000   0.000   11.000   
630.000   630.000   0.000   0.000   0.000   12.000   
630.000   630.000   0.000   0.000   0.000   14.000   
630.000   630.000   0.000   0.000   0.000   12.000   
630.000   630.000   0.000   0.000   0.000   12.000   
630.000   630.000   0.000   0.000   0.000   10.000   
630.000   630.000   0.000   0.000   0.000   10.000   
630.000   630.000   0.000   0.000   0.000   12.000   
630.000   630.000   0.000   0.000   0.000   4.000   
630.000   630.000   -0.000   0.000   0.000   3.000   
630.000   630.000   0.000   0.000   0.000   4.000   
630.000   630.000   -0.000   0.000   0.105   5.000   
630.000   630.000   0.000   0.000   -0.105   3.000   
630.000   630.000   0.000   0.000   0.000   3.000   
630.000   630.000   0.000   0.000   0.105   2.000   
630.000   630.000   -0.000   0.000   -0.105   -3.000   
630.000   630.000   -0.000   0.000   0.000   3.000   
630.000   630.000   -0.000   0.000   0.000   4.000   
630.000   630.000   -0.000   0.000   -0.105   6.000   
630.000   630.000   -0.000   0.000   0.105   -2.000   
630.000   630.000   -0.000   0.000   0.105   1.000   
630.000   630.000   0.000   0.000   -0.105   2.000   
630.000   630.000   0.000   0.000   0.000   5.000   
630.000   630.000   0.000   0.000   0.000   0.000   
630.000   630.000   0.000   0.000   0.000   -2.000   
630.000   630.000   0.000   0.000   0.000   1.000   
630.000   630.000   0.000   0.000   0.000   4.000   
630.000   630.000   0.000   0.000   0.000   2.000   
630.000   630.000   0.000   0.000   0.000   4.000   
630.000   630.000   0.000   0.000   0.000   4.000   
630.000   630.000   0.000   0.000   0.000   4.000   
630.000   630.000   0.000   0.000   0.000   2.000   
630.000   630.000   0.000   0.000   0.000   4.000   
630.000   630.000   0.000   0.000   0.000   4.000   
630.000   630.000   -0.000   0.000   0.105   4.000   
630.000   630.000   0.000   0.000   -0.105   4.000   
630.000   630.000   0.000   0.000   0.105   -2.000   
630.000   630.000   -0.000   0.000   -0.105   4.000   
630.000   630.000   -0.000   0.000   0.000   -3.000   
630.000   630.000   0.000   0.000   -0.105   3.000   
630.000   630.000   0.000   0.000   0.000   3.000   
630.000   630.000   0.000   0.000   0.000   4.000   
630.000   630.000   -0.000   0.000   0.000   1.000   
630.000   630.000   0.000   0.000   0.000   4.000   
630.000   630.000   0.000   0.000   0.000   1.000   
630.000   630.000   0.000   0.000   0.000   4.000   
630.000   630.000   0.000   0.000   0.000   1.000   
630.000   630.000   0.000   0.000   0.000   12.000   
630.000   630.000   0.000   0.000   0.000   12.000   
629.995   630.000   0.000   -0.325   0.000   11.000   
629.995   630.000   -0.006   -3.270   0.000   12.000   
629.975   630.000   -0.014   -6.870   0.000   12.000   
629.910   630.000   -0.065   -14.725   0.000   2.000   
629.835   630.000   -0.144   -21.600   -0.105   -10.000   
629.670   629.995   -0.344   -34.360   -0.420   -66.000   
629.515   629.985   -0.544   -44.060   -1.900   -115.000   
629.320   629.960   -0.921   -53.755   -4.330   -220.000   
628.950   629.885   -1.223   -68.300   -13.520   -300.000   
628.660   629.805   -1.553   -77.995   -20.065   -432.000   
628.145   629.630   -2.076   -92.545   -27.565   -537.000   
627.760   629.465   -2.437   -102.240   -36.330   -647.000   
627.100   629.145   -2.971   -116.785   -55.655   -784.000   
626.615   628.880   -3.327   -126.480   -65.795   -891.000   
626.090   628.410   -3.858   -136.180   -76.145   -1009.000   
625.230   628.040   -4.201   -150.725   -86.810   -1036.000   
624.605   627.630   -4.544   -160.420   -97.580   -1090.000   
623.600   626.930   -5.049   -174.965   -119.125   -1071.000   
622.880   626.410   -5.380   -184.665   -129.790   -1073.000   
621.730   625.545   -5.868   -199.210   -141.410   -959.000   
620.915   624.915   -6.185   -208.905   -151.970   -869.000   
619.615   623.895   -6.657   -223.450   -172.670   -758.000   
618.700   623.165   -6.972   -233.150   -182.595   -675.000   
617.750   622.000   -7.447   -241.865   -191.890   -585.000   
616.270   621.175   -7.761   -252.480   -201.180   -532.000   
615.245   620.320   -8.062   -257.925   -210.370   -494.000   
613.680   618.965   -8.475   -263.630   -227.795   -485.000   
612.620   618.020   -8.708   -265.800   -235.925   -485.000   
611.025   616.550   -8.983   -266.665   -243.320   -507.000   
609.955   615.540   -9.107   -266.665   -250.185   -518.000   
608.355   613.980   -9.217   -266.665   -260.640   -518.000   
607.290   612.925   -9.246   -266.665   -264.020   -503.000   
604.625   610.245   -9.247   -266.665   -268.455   -359.000   
603.555   609.165   -9.234   -266.665   -269.615   -244.000   
601.955   607.545   -9.212   -266.665   -270.565   -153.000   
600.890   606.460   -9.196   -266.665   -270.565   -66.000   
599.290   604.840   -9.173   -266.665   -270.565   55.000   
598.225   603.760   -9.160   -266.665   -270.040   107.000   
596.625   602.145   -9.146   -266.665   -268.770   181.000   
595.555   601.075   -9.142   -266.665   -267.715   192.000   
594.490   600.005   -9.143   -266.665   -266.870   187.000   
592.890   598.415   -9.149   -266.665   -265.605   138.000   
591.825   597.360   -9.161   -266.665   -264.440   47.000   
590.225   595.780   -9.184   -266.665   -262.540   -26.000   
589.155   594.735   -9.203   -266.665   -262.225   -103.000   
587.555   593.160   -9.231   -266.665   -261.905   -211.000   
586.490   592.115   -9.249   -266.665   -262.010   -280.000   
585.425   590.535   -9.272   -266.665   -263.070   -339.000   
583.825   589.480   -9.283   -266.665   -263.810   -361.000   
582.755   588.420   -9.293   -266.665   -264.760   -356.000   
581.155   586.825   -9.296   -266.665   -265.815   -332.000   
580.090   585.755   -9.293   -266.665   -266.975   -285.000   
578.490   584.145   -9.282   -266.665   -268.455   -213.000   
577.425   583.070   -9.272   -266.665   -269.195   -149.000   
575.825   581.455   -9.255   -266.665   -269.510   -49.000   
574.755   580.375   -9.244   -266.665   -269.615   -6.000   
573.690   578.760   -9.231   -266.665   -268.875   40.000   
572.090   577.690   -9.225   -266.665   -268.245   59.000   
571.025   576.620   -9.220   -266.665   -267.610   54.000   
569.425   575.015   -9.218   -266.665   -267.080   45.000   
568.355   573.950   -9.220   -266.665   -266.340   23.000   
566.755   572.360   -9.231   -266.665   -264.760   -65.000   
565.690   571.305   -9.241   -266.665   -264.230   -115.000   
564.090   569.720   -9.257   -266.665   -263.915   -194.000   
563.025   568.665   -9.266   -266.665   -264.230   -226.000   
561.955   567.075   -9.277   -266.665   -264.440   -247.000   
560.355   566.015   -9.283   -266.665   -265.075   -272.000   
559.290   564.955   -9.290   -266.665   -265.500   -293.000   
557.690   563.355   -9.291   -266.665   -266.025   -283.000   
556.625   562.285   -9.289   -266.665   -266.765   -254.000   
555.025   560.680   -9.280   -266.665   -268.245   -185.000   
553.955   559.605   -9.274   -266.665   -268.350   -151.000   
552.355   557.995   -9.262   -266.665   -268.560   -100.000   
551.290   556.920   -9.257   -266.665   -268.455   -78.000   
550.225   555.845   -9.245   -266.665   -268.350   -35.000   
548.625   554.240   -9.240   -266.665   -268.030   -17.000   
547.555   553.170   -9.236   -266.665   -267.505   -20.000   
545.955   551.570   -9.237   -266.665   -266.765   -61.000   
544.890   550.505   -9.239   -266.665   -266.235   -93.000   
543.290   548.910   -9.247   -266.665   -265.605   -130.000   
542.225   547.850   -9.252   -266.665   -265.500   -143.000   
540.625   546.255   -9.257   -266.665   -265.500   -176.000   
539.555   545.195   -9.263   -266.665   -265.390   -212.000   
538.490   544.135   -9.270   -266.665   -265.390   -240.000   
536.890   542.540   -9.274   -266.665   -265.710   -253.000   
535.825   541.475   -9.276   -266.665   -266.130   -246.000   
534.225   539.875   -9.276   -266.665   -266.660   -216.000   
533.155   538.805   -9.274   -266.665   -266.975   -210.000   
531.555   537.200   -9.267   -266.665   -267.610   -168.000   
530.490   536.130   -9.263   -266.665   -267.715   -147.000   
529.425   534.520   -9.257   -266.665   -267.715   -122.000   
527.825   533.450   -9.252   -266.665   -267.820   -89.000   
526.755   532.380   -9.248   -266.665   -267.820   -69.000   
525.155   530.775   -9.243   -266.665   -267.295   -63.000   
524.090   529.705   -9.241   -266.665   -267.185   -61.000   
522.490   528.105   -9.242   -266.665   -266.555   -84.000   
521.425   527.040   -9.242   -266.665   -266.555   -82.000   
519.825   525.445   -9.247   -266.665   -266.025   -113.000   
518.755   524.380   -9.250   -266.665   -265.710   -132.000   
517.690   522.785   -9.256   -266.665   -265.815   -155.000   
516.090   521.725   -9.260   -266.665   -265.605   -177.000   
515.025   520.660   -9.263   -266.665   -265.815   -198.000   
513.425   519.065   -9.268   -266.665   -266.235   -185.000   
512.355   518.000   -9.269   -266.665   -266.450   -186.000   
510.755   516.400   -9.267   -266.665   -266.765   -165.000   
509.690   515.330   -9.266   -266.665   -266.870   -164.000   
508.090   513.730   -9.263   -266.665   -267.080   -149.000   
507.025   512.660   -9.261   -266.665   -267.295   -138.000   
505.955   511.590   -9.258   -266.665   -267.400   -109.000   
504.355   509.985   -9.254   -266.665   -267.400   -87.000   
503.290   508.915   -9.251   -266.665   -267.400   -82.000   
501.690   507.315   -9.249   -266.665   -266.870   -89.000   
500.625   506.250   -9.250   -266.665   -266.450   -103.000   
499.025   504.650   -9.250   -266.665   -266.660   -101.000   
497.955   503.585   -9.252   -266.665   -266.450   -115.000   
496.355   501.985   -9.254   -266.665   -266.235   -123.000   
495.290   500.920   -9.257   -266.665   -266.025   -148.000   
494.225   499.855   -9.261   -266.665   -266.025   -169.000   
492.625   498.260   -9.262   -266.665   -266.025   -160.000   
491.555   497.195   -9.264   -266.665   -266.235   -165.000   
489.955   495.595   -9.264   -266.665   -266.660   -156.000   
488.890   494.530   -9.264   -266.665   -266.660   -157.000   
487.290   492.930   -9.264   -266.665   -266.660   -165.000   
486.225   491.860   -9.263   -266.665   -266.765   -145.000   
485.155   490.260   -9.260   -266.665   -267.185   -125.000   
483.555   489.190   -9.259   -266.665   -267.295   -108.000   
482.490   488.120   -9.255   -266.665   -267.185   -113.000   
480.890   486.520   -9.254   -266.665   -266.870   -107.000   
479.825   485.450   -9.253   -266.665   -266.975   -94.000   
478.225   483.850   -9.252   -266.665   -266.765   -108.000   
477.155   482.785   -9.252   -266.665   -266.660   -110.000   
475.555   481.185   -9.255   -266.665   -266.450   -111.000   
474.490   480.120   -9.257   -266.665   -266.450   -125.000   
473.425   478.520   -9.258   -266.665   -266.235   -144.000   
471.825   477.455   -9.259   -266.665   -266.235   -152.000   
470.755   476.395   -9.261   -266.665   -266.235   -145.000   
469.155   474.795   -9.262   -266.665   -266.555   -145.000   
468.090   473.730   -9.266   -266.665   -266.235   -182.000   
466.490   472.135   -9.273   -266.665   -265.710   -222.000   
465.425   471.070   -9.274   -266.665   -265.920   -253.000   
463.825   469.470   -9.274   -266.665   -266.765   -213.000   
462.755   468.405   -9.273   -266.665   -266.765   -188.000   
461.690   466.805   -9.273   -266.665   -266.870   -220.000   
460.090   465.740   -9.274   -266.665   -266.450   -238.000   
459.025   464.675   -9.276   -266.665   -266.235   -260.000   
457.425   463.075   -9.276   -266.665   -266.660   -234.000   
456.355   462.005   -9.274   -266.665   -266.870   -234.000   
454.755   460.400   -9.269   -266.665   -267.400   -208.000   
453.690   459.330   -9.267   -266.665   -267.505   -176.000   
452.090   457.725   -9.261   -266.665   -267.295   -172.000   
451.025   456.655   -9.258   -266.665   -267.505   -165.000   
449.955   455.585   -9.252   -266.665   -267.505   -130.000   
448.355   453.980   -9.248   -266.665   -267.610   -114.000   
447.290   452.910   -9.244   -266.665   -267.715   -70.000   
445.690   451.305   -9.241   -266.665   -267.610   -61.000   
444.625   450.240   -9.243   -266.665   -266.660   -109.000   
443.025   448.645   -9.247   -266.665   -265.390   -129.000   
441.955   447.585   -9.252   -266.665   -265.605   -156.000   
440.355   445.985   -9.255   -266.665   -266.130   -141.000   
439.290   444.920   -9.256   -266.665   -266.235   -128.000   
438.225   443.860   -9.263   -266.665   -266.130   -176.000   
436.625   442.265   -9.268   -266.665   -265.500   -203.000   
435.555   441.200   -9.270   -266.665   -265.815   -211.000   
433.955   439.600   -9.270   -266.665   -266.450   -195.000   
432.890   438.530   -9.266   -266.665   -267.185   -140.000   
431.290   436.925   -9.259   -266.665   -267.925   -95.000   
430.225   435.855   -9.255   -266.665   -267.820   -74.000   
429.155   434.250   -9.250   -266.665   -267.400   -73.000   
427.555   433.180   -9.248   -266.665   -267.295   -68.000   
426.490   432.110   -9.245   -266.665   -267.400   -37.000   
424.890   430.505   -9.241   -266.665   -267.400   -25.000   
423.825   429.440   -9.239   -266.665   -266.975   -23.000   
422.225   427.840   -9.241   -266.665   -266.555   -42.000   
421.155   426.775   -9.244   -266.665   -266.025   -68.000   
419.555   425.180   -9.249   -266.665   -265.815   -92.000   
418.490   424.115   -9.252   -266.665   -265.815   -106.000   
417.425   422.520   -9.257   -266.665   -265.710   -126.000   
415.825   421.460   -9.261   -266.665   -265.920   -132.000   
414.755   420.395   -9.265   -266.665   -265.710   -156.000   
413.155   418.800   -9.267   -266.665   -266.130   -160.000   
412.090   417.735   -9.268   -266.665   -266.555   -150.000   
410.490   416.130   -9.267   -266.665   -266.765   -129.000   
409.425   415.065   -9.265   -266.665   -267.080   -117.000   
407.825   413.460   -9.263   -266.665   -267.185   -98.000   
406.755   412.390   -9.261   -266.665   -267.185   -102.000   
405.690   411.320   -9.256   -266.665   -267.295   -73.000   
404.090   409.720   -9.253   -266.665   -267.400   -62.000   
403.025   408.650   -9.250   -266.665   -267.400   -44.000   
401.425   407.045   -9.249   -266.665   -266.765   -55.000   
400.355   405.980   -9.249   -266.665   -266.765   -52.000   
398.755   404.380   -9.250   -266.665   -266.660   -62.000   
397.690   403.315   -9.251   -266.665   -266.235   -81.000   
396.090   401.720   -9.254   -266.665   -266.130   -95.000   
395.025   400.655   -9.256   -266.665   -266.130   -101.000   
393.955   399.590   -9.260   -266.665   -266.025   -118.000   
392.355   397.995   -9.262   -266.665   -266.130   -121.000   
391.290   396.930   -9.263   -266.665   -266.235   -146.000   
389.690   395.330   -9.266   -266.665   -266.340   -156.000   
388.625   394.265   -9.266   -266.665   -266.450   -151.000   
387.025   392.665   -9.266   -266.665   -266.555   -143.000   
385.955   391.595   -9.265   -266.665   -266.975   -130.000   
384.890   389.995   -9.263   -266.665   -267.080   -116.000   
383.290   388.925   -9.262   -266.665   -266.975   -121.000   
382.225   387.860   -9.259   -266.665   -267.185   -104.000   
380.625   386.255   -9.258   -266.665   -266.870   -112.000   
379.555   385.190   -9.256   -266.665   -267.185   -93.000   
377.955   383.585   -9.255   -266.665   -267.080   -84.000   
376.890   382.520   -9.256   -266.665   -266.450   -102.000   
375.290   380.920   -9.257   -266.665   -266.340   -123.000   
374.225   379.855   -9.257   -266.665   -266.450   -125.000   
373.155   378.255   -9.258   -266.665   -266.450   -120.000   
371.555   377.190   -9.259   -266.665   -266.555   -119.000   
370.490   376.125   -9.261   -266.665   -266.025   -153.000   
368.890   374.530   -9.266   -266.665   -266.235   -166.000   
367.825   373.465   -9.266   -266.665   -266.025   -168.000   
366.225   371.865   -9.267   -266.665   -266.450   -175.000   
365.155   370.800   -9.267   -266.665   -266.660   -165.000   
363.555   369.200   -9.267   -266.665   -266.660   -161.000   
362.490   368.130   -9.266   -266.665   -266.975   -152.000   
361.425   366.530   -9.266   -266.665   -266.975   -149.000   
359.825   365.460   -9.264   -266.665   -266.870   -155.000   
358.760   364.395   -9.261   -266.665   -267.295   -131.000   
357.160   362.790   -9.257   -266.665   -267.080   -120.000   
356.090   361.720   -9.255   -266.665   -267.080   -122.000   
354.490   360.120   -9.254   -266.665   -266.660   -127.000   
353.425   359.055   -9.254   -266.665   -266.660   -129.000   
351.825   357.455   -9.255   -266.665   -266.870   -114.000   
350.760   356.390   -9.255   -266.665   -266.765   -115.000   
349.690   355.320   -9.255   -266.665   -266.555   -131.000   
348.090   353.725   -9.258   -266.665   -266.340   -142.000   
347.025   352.655   -9.259   -266.665   -266.555   -132.000   
345.425   351.060   -9.259   -266.665   -266.340   -152.000   
344.360   349.990   -9.259   -266.665   -266.660   -141.000   
342.760   348.395   -9.260   -266.665   -266.660   -145.000   
341.690   347.325   -9.260   -266.665   -266.660   -141.000   
340.090   345.725   -9.260   -266.665   -266.870   -139.000   
339.025   344.660   -9.260   -266.665   -266.660   -157.000   
337.960   343.590   -9.258   -266.665   -266.765   -145.000   
336.360   341.990   -9.257   -266.665   -266.870   -139.000   
335.290   340.925   -9.257   -266.665   -266.765   -138.000   
333.690   339.320   -9.255   -266.665   -267.080   -115.000   
332.625   338.255   -9.254   -266.665   -266.765   -128.000   
331.025   336.655   -9.254   -266.665   -266.660   -124.000   
329.960   335.585   -9.254   -266.665   -266.765   -120.000   
328.890   333.985   -9.253   -266.665   -266.660   -127.000   
327.290   332.920   -9.253   -266.665   -266.765   -119.000   
326.225   331.855   -9.255   -266.665   -266.555   -127.000   
324.625   330.255   -9.256   -266.665   -266.340   -143.000   
323.560   329.190   -9.256   -266.665   -266.555   -137.000   
321.960   327.590   -9.256   -266.665   -266.660   -129.000   
320.890   326.525   -9.257   -266.665   -266.660   -125.000   
319.290   324.925   -9.257   -266.665   -266.555   -130.000   
318.225   323.855   -9.259   -266.665   -266.555   -135.000   
317.160   322.255   -9.258   -266.665   -266.555   -133.000   
315.560   321.190   -9.258   -266.665   -266.660   -129.000   
314.490   320.125   -9.258   -266.665   -266.660   -128.000   
312.890   318.525   -9.257   -266.665   -266.765   -124.000   
311.825   317.455   -9.257   -266.665   -266.660   -125.000   
310.225   315.860   -9.259   -266.665   -266.555   -137.000   
309.160   314.790   -9.259   -266.665   -266.555   -136.000   
307.560   313.190   -9.258   -266.665   -266.555   -134.000   
306.490   312.125   -9.258   -266.665   -266.765   -128.000   
305.425   310.525   -9.259   -266.665   -266.555   -138.000   
303.825   309.460   -9.258   -266.665   -266.555   -136.000   
302.760   308.390   -9.258   -266.665   -266.660   -125.000   
301.160   306.790   -9.258   -266.665   -266.765   -124.000   
300.090   305.725   -9.258   -266.665   -266.660   -126.000   
298.490   304.125   -9.258   -266.665   -266.555   -132.000   
297.425   303.060   -9.259   -266.665   -266.555   -144.000   
295.825   301.460   -9.259   -266.665   -266.660   -136.000   
294.760   300.395   -9.260   -266.665   -266.555   -136.000   
293.690   299.325   -9.260   -266.665   -266.765   -132.000   
292.090   297.725   -9.259   -266.665   -266.660   -133.000   
291.025   296.660   -9.259   -266.665   -266.765   -140.000   
289.425   295.060   -9.258   -266.665   -266.870   -125.000   
288.360   293.990   -9.258   -266.665   -266.660   -123.000   
286.760   292.390   -9.258   -266.665   -266.870   -127.000   
285.690   291.325   -9.258   -266.665   -266.555   -140.000   
284.625   289.725   -9.259   -266.665   -266.555   -140.000   
283.025   288.660   -9.259   -266.665   -266.660   -123.000   
281.960   287.590   -9.259   -266.665   -266.555   -139.000   
280.360   285.995   -9.261   -266.665   -266.765   -157.000   
279.290   284.925   -9.261   -266.665   -266.450   -140.000   
277.690   283.325   -9.261   -266.665   -266.450   -147.000   
276.625   282.260   -9.261   -266.665   -266.555   -159.000   
275.025   280.660   -9.262   -266.665   -266.555   -163.000   
273.960   279.595   -9.263   -266.665   -266.555   -163.000   
272.890   277.995   -9.264   -266.665   -266.765   -152.000   
271.290   276.930   -9.263   -266.665   -266.660   -160.000   
270.225   275.860   -9.262   -266.665   -266.765   -164.000   
268.625   274.260   -9.262   -266.665   -266.660   -166.000   
267.560   273.195   -9.262   -266.665   -266.765   -154.000   
265.960   271.595   -9.261   -266.665   -266.765   -147.000   
264.890   270.530   -9.261   -266.665   -266.660   -172.000   
263.290   268.925   -9.261   -266.665   -266.870   -159.000   
262.225   267.860   -9.259   -266.665   -266.765   -140.000   
261.160   266.260   -9.259   -266.665   -266.555   -152.000   
259.560   265.195   -9.260   -266.665   -266.555   -162.000   
258.490   264.125   -9.260   -266.665   -266.660   -166.000   
256.890   262.525   -9.260   -266.665   -266.765   -142.000   
255.825   261.460   -9.259   -266.665   -266.765   -149.000   
254.225   259.860   -9.260   -266.665   -266.660   -172.000   
253.160   258.795   -9.260   -266.665   -266.660   -157.000   
251.560   257.190   -9.259   -266.665   -266.765   -138.000   
250.490   256.125   -9.261   -266.665   -266.660   -159.000   
249.425   255.060   -9.259   -266.665   -266.660   -161.000   
247.825   253.460   -9.258   -266.665   -266.870   -145.000   
246.760   252.390   -9.258   -265.680   -266.765   -153.000   
245.175   250.790   -9.251   -261.755   -266.870   -130.000   
244.135   249.725   -9.231   -257.500   -266.765   -139.000   
242.620   248.125   -9.152   -248.665   -266.660   -131.000   
241.640   247.055   -9.051   -241.135   -266.340   -123.000   
240.230   245.470   -8.817   -227.450   -264.970   -76.000   
239.340   244.420   -8.600   -217.755   -263.280   -5.000   
238.490   243.390   -8.195   -208.055   -259.900   66.000   
237.285   241.885   -7.884   -193.510   -249.550   180.000   
236.530   240.915   -7.545   -183.815   -242.370   305.000   
235.470   239.525   -7.013   -169.270   -234.345   404.000   
234.810   238.640   -6.657   -159.570   -225.580   504.000   
233.900   237.395   -6.127   -145.025   -204.985   609.000   
233.340   236.615   -5.774   -135.330   -194.845   663.000   
232.815   235.525   -5.254   -125.635   -184.495   749.000   
232.105   234.845   -4.909   -111.090   -174.360   799.000   
231.680   234.210   -4.398   -101.390   -163.795   838.000   
231.115   233.340   -4.063   -86.845   -142.675   833.000   
230.790   232.815   -3.733   -77.150   -131.695   812.000   
230.370   232.105   -3.244   -62.605   -120.815   715.000   
230.140   231.680   -2.922   -52.905   -110.465   653.000   
229.865   231.125   -2.443   -38.360   -90.190   577.000   
229.730   230.805   -2.124   -28.990   -80.475   515.000   
229.630   230.395   -1.649   -20.930   -70.755   429.000   
229.535   230.170   -1.341   -11.295   -61.145   365.000   
229.500   229.980   -1.044   -6.505   -51.855   330.000   
229.475   229.760   -0.654   -1.780   -34.745   315.000   
229.470   229.650   -0.440   -0.265   -26.825   336.000   
229.470   229.545   -0.205   0.000   -19.535   347.000   
229.470   229.500   -0.104   0.000   -13.200   343.000   
229.470   229.475   -0.025   0.000   -3.695   314.000   
229.470   229.470   -0.007   0.000   -0.950   286.000   
229.470   229.475   -0.005   0.000   0.740   246.000   
229.470   229.485   -0.013   0.000   1.585   205.000   
229.470   229.495   -0.023   0.000   2.220   115.000   
229.470   229.510   -0.041   0.000   3.065   43.000   
229.470   229.525   -0.053   0.000   3.065   -29.000   
229.470   229.540   -0.070   0.000   2.955   -120.000   
229.470   229.550   -0.079   0.000   2.535   -171.000   
229.470   229.560   -0.089   0.000   1.480   -220.000   
229.470   229.560   -0.092   0.000   0.635   -226.000   
229.470   229.560   -0.089   0.000   -0.210   -209.000   
229.470   229.555   -0.083   0.000   -1.055   -177.000   
229.470   229.545   -0.074   0.000   -1.900   -113.000   
229.470   229.530   -0.058   0.000   -2.955   -67.000   
229.470   229.515   -0.045   0.000   -3.275   -13.000   
229.470   229.495   -0.024   0.000   -3.590   73.000   
229.470   229.480   -0.011   0.000   -3.380   116.000   
229.470   229.465   0.005   0.000   -2.430   146.000   
229.470   229.460   0.011   0.000   -1.480   139.000   
229.470   229.455   0.014   0.000   -0.635   98.000   
229.470   229.455   0.013   0.000   0.105   74.000   
229.470   229.460   0.011   0.000   0.315   45.000   
229.470   229.465   0.005   0.000   1.055   12.000   
229.470   229.470   -0.001   0.000   1.480   -24.000   
229.470   229.480   -0.011   0.000   1.690   -83.000   
229.470   229.485   -0.017   0.000   1.585   -108.000   
229.470   229.495   -0.022   0.000   0.740   -111.000   
229.470   229.495   -0.023   0.000   0.105   -95.000   
229.470   229.490   -0.022   0.000   -0.210   -78.000   
229.470   229.490   -0.019   0.000   -0.420   -65.000   
229.470   229.485   -0.016   0.000   -0.740   -46.000   
229.470   229.480   -0.008   0.000   -1.265   -7.000   
229.470   229.475   -0.003   0.000   -1.375   23.000   
229.470   229.465   0.005   0.000   -1.480   59.000   
229.470   229.460   0.009   0.000   -1.160   68.000   
229.470   229.460   0.012   0.000   -0.315   56.000   
229.470   229.460   0.011   0.000   0.105   40.000   
229.470   229.460   0.011   0.000   0.210   27.000   
229.470   229.460   0.008   0.000   0.420   11.000   
229.470   229.465   0.005   0.000   0.530   -2.000   
229.470   229.470   0.000   0.000   0.950   -30.000   
229.470   229.475   -0.003   0.000   0.845   -47.000   
229.470   229.475   -0.007   0.000   0.740   -57.000   
229.470   229.480   -0.008   0.000   0.420   -53.000   
229.470   229.480   -0.008   0.000   0.105   -37.000   
229.470   229.480   -0.008   0.000   -0.105   -33.000   
229.470   229.475   -0.006   0.000   -0.315   -23.000   
229.470   229.475   -0.004   0.000   -0.420   -12.000   
229.470   229.470   -0.001   0.000   -0.530   6.000   
229.470   229.470   0.003   0.000   -0.635   24.000   
229.470   229.465   0.004   0.000   -0.420   28.000   
229.470   229.465   0.005   0.000   -0.315   22.000   
229.470   229.465   0.005   0.000   0.000   13.000   
229.470   229.465   0.004   0.000   0.105   6.000   
229.470   229.465   0.003   0.000   0.210   1.000   
229.470   229.470   0.002   0.000   0.315   -7.000   
229.470   229.470   0.000   0.000   0.315   -20.000   
229.470   229.470   -0.002   0.000   0.530   -30.000   
229.470   229.475   -0.004   0.000   0.315   -37.000   
229.470   229.475   -0.004   0.000   0.000   -33.000   
229.470   229.475   -0.004   0.000   0.000   -23.000   
229.470   229.475   -0.003   0.000   -0.105   -20.000   
229.470   229.475   -0.003   0.000   -0.105   -16.000   
229.470   229.470   -0.001   0.000   -0.315   -4.000   
229.470   229.470   0.000   0.000   -0.315   8.000   
229.470   229.470   0.002   0.000   -0.315   13.000   
229.470   229.465   0.003   0.000   -0.315   15.000   
229.470   229.465   0.003   0.000   0.000   6.000   
229.470   229.470   0.003   0.000   0.105   2.000   
229.470   229.470   0.002   0.000   0.000   -2.000   
229.470   229.470   0.001   0.000   0.210   -6.000   
229.470   229.470   0.001   0.000   0.105   -13.000   
229.470   229.470   -0.001   0.000   0.210   -21.000   
229.470   229.470   -0.002   0.000   0.315   -27.000   
229.470   229.475   -0.003   0.000   0.210   -26.000   
229.470   229.475   -0.003   0.000   0.000   -21.000   
229.470   229.475   -0.003   0.000   -0.105   -16.000   
229.470   229.470   -0.002   0.000   -0.105   -13.000   
229.470   229.470   -0.001   0.000   -0.105   -9.000   
229.470   229.470   -0.000   0.000   -0.210   -5.000   
229.470   229.470   0.000   0.000   -0.105   1.000   
229.470   229.470   0.001   0.000   -0.210   4.000   
229.470   229.470   0.002   0.000   -0.105   4.000   
229.470   229.470   0.002   0.000   0.000   -2.000   
229.470   229.470   0.001   0.000   0.000   -4.000   
229.470   229.470   0.001   0.000   0.105   -7.000   
229.470   229.470   0.000   0.000   0.105   -9.000   
229.470   229.470   -0.000   0.000   0.105   -17.000   
229.470   229.470   -0.001   0.000   0.210   -17.000   
229.470   229.470   -0.001   0.000   0.105   -17.000   
229.470   229.470   -0.001   0.000   0.000   -16.000   
229.470   229.470   -0.001   0.000   0.000   -13.000   
229.470   229.470   -0.001   0.000   0.000   -11.000   
229.470   229.470   -0.001   0.000   -0.105   -9.000   
229.470   229.470   -0.000   0.000   0.000   -7.000   
229.470   229.470   0.000   0.000   -0.105   -4.000   
229.470   229.470   0.000   0.000   -0.105   -10.000   
229.470   229.470   0.001   0.000   -0.105   -13.000   
229.470   229.470   0.001   0.000   0.000   -13.000   
229.470   229.470   0.000   0.000   0.105   -15.000   
229.470   229.470   0.000   0.000   0.105   -17.000   
229.470   229.470   -0.000   0.000   0.000   -17.000   
229.470   229.470   -0.000   0.000   0.105   -21.000   
229.470   229.470   -0.001   0.000   0.000   -22.000   
229.470   229.470   -0.001   0.000   0.105   -21.000   
229.470   229.470   -0.001   0.000   -0.105   -21.000   
229.470   229.470   -0.001   0.000   0.000   -17.000   
229.470   229.470   -0.001   0.000   0.000   -17.000   
229.470   229.470   -0.000   0.000   0.000   -15.000   
229.470   229.470   0.000   0.000   -0.105   -13.000   
229.470   229.470   0.000   0.000   -0.105   -12.000   
229.470   229.470   0.001   0.000   0.000   -12.000   
229.470   229.470   0.001   0.000   0.000   -13.000   
229.470   229.470   0.001   0.000   0.000   -14.000   
229.470   229.470   0.000   0.000   0.105   -17.000   
229.470   229.470   0.000   0.000   0.000   -17.000   
229.470   229.470   -0.000   0.000   0.105   -14.000   
229.470   229.470   -0.000   0.000   0.000   -19.000   
229.470   229.470   -0.001   0.000   0.105   -19.000   
229.470   229.470   -0.001   0.000   0.000   -19.000   
229.470   229.470   -0.001   0.000   0.000   -18.000   
229.470   229.470   -0.001   0.000   0.000   -17.000   
229.470   229.470   -0.001   0.000   0.000   -15.000   
229.470   229.470   -0.000   0.000   -0.105   -16.000   
229.470   229.470   0.000   0.000   -0.105   -14.000   
229.470   229.470   0.000   0.000   0.000   -13.000   
229.470   229.470   0.000   0.000   0.000   -12.000   
229.470   229.470   0.000   0.000   0.000   -12.000   
229.470   229.470   0.000   0.000   0.000   -15.000   
229.470   229.470   0.000   0.000   0.000   -14.000   
229.470   229.470   0.000   0.000   0.105   -16.000   
229.470   229.470   -0.000   0.000   0.105   -17.000   
229.470   229.470   -0.000   0.000   0.000   -16.000   
229.470   229.470   -0.000   0.000   0.000   -16.000   
229.470   229.470   -0.000   0.000   0.000   -22.000   
229.470   229.470   -0.000   0.000   0.000   -8.000   
229.470   229.470   -0.000   0.000   0.000   -9.000   
229.470   229.470   -0.000   0.000   0.000   -8.000   
229.470   229.470   0.000   0.000   0.000   -7.000   
229.470   229.470   0.000   0.000   -0.105   -5.000   
229.470   229.470   0.000   0.000   0.000   -6.000   
229.470   229.470   0.000   0.000   -0.105   -5.000   
229.470   229.470   0.000   0.000   0.105   -7.000   
229.470   229.470   0.000   0.000   0.000   -7.000   
229.470   229.470   0.000   0.000   0.000   -8.000   
229.470   229.470   -0.000   0.000   0.105   -9.000   
229.470   229.470   -0.000   0.000   0.000   -10.000   
229.470   229.470   -0.000   0.000   0.000   -11.000   
229.470   229.470   -0.001   0.000   0.000   -14.000   
229.470   229.470   -0.001   0.000   0.000   -11.000   
229.470   229.470   -0.000   0.000   -0.105   -10.000   
229.470   229.470   -0.000   0.000   0.000   -11.000   
229.470   229.470   -0.000   0.000   0.000   -8.000   
229.470   229.470   0.000   0.000   -0.105   -7.000   
229.470   229.470   0.000   0.000   0.000   -5.000   
229.470   229.470   0.000   0.000   -0.105   -5.000   
229.470   229.470   0.000   0.000   0.000   -5.000   
229.470   229.470   0.000   0.000   0.000   -7.000   
229.470   229.470   0.000   0.000   0.105   -7.000   
229.470   229.470   0.000   0.000   0.000   -7.000   
229.470   229.470   0.000   0.000   0.000   -9.000   
229.470   229.470   -0.000   0.000   0.000   -7.000   
229.470   229.470   -0.000   0.000   0.000   -9.000   
229.470   229.470   -0.001   0.000   0.105   -9.000   
229.470   229.470   -0.001   0.000   0.000   -13.000   
229.470   229.470   -0.001   0.000   0.000   -9.000   
229.470   229.470   -0.000   0.000   0.000   -9.000   
229.470   229.470   -0.000   0.000   0.000   -8.000   
229.470   229.470   -0.000   0.000   0.000   -7.000   
229.470   229.470   0.000   0.000   -0.105   -7.000   
229.470   229.470   0.000   0.000   0.000   -7.000   
229.470   229.470   0.000   0.000   0.000   -7.000   
229.470   229.470   0.000   0.000   0.000   -7.000   
229.470   229.470   0.000   0.000   0.000   -8.000   
229.470   229.470   0.000   0.000   0.000   -8.000   
229.470   229.470   0.000   0.000   0.000   -9.000   
229.470   229.470   -0.000   0.000   0.105   -10.000   
229.470   229.470   -0.000   0.000   0.000   -9.000   
229.470   229.470   -0.000   0.000   0.000   -12.000   
229.470   229.470   -0.000   0.000   0.000   -9.000   
229.470   229.470   -0.000   0.000   0.000   -8.000   
229.470   229.470   -0.000   0.000   0.000   -9.000   
229.470   229.470   -0.000   0.000   0.000   -9.000   
229.470   229.470   0.000   0.000   -0.105   -8.000   
229.470   229.470   0.000   0.000   0.000   -8.000   
229.470   229.470   0.000   0.000   0.000   -8.000   
229.470   229.470   0.000   0.000   0.000   -8.000   
229.470   229.470   0.000   0.000   0.000   -8.000   
229.470   229.470   0.000   0.000   0.000   -9.000   
229.470   229.470   -0.000   0.000   0.105   -9.000   
229.470   229.470   -0.000   0.000   0.000   -11.000   
229.470   229.470   -0.000   0.000   0.000   -13.000   
229.470   229.470   -0.000   0.000   0.000   -11.000   
229.470   229.470   -0.000   0.000   0.000   -12.000   
229.470   229.470   -0.000   0.000   0.000   -9.000   
229.470   229.470   -0.000   0.000   0.000   -9.000   
229.470   229.470   -0.000   0.000   0.000   -9.000   
229.470   229.470   -0.000   0.000   0.000   -9.000   
229.470   229.470   0.000   0.000   -0.105   -9.000   
229.470   229.470   0.000   0.000   0.000   -9.000   
229.470   229.470   0.000   0.000   0.000   -8.000   
229.470   229.470   0.000   0.000   0.000   -8.000   
229.470   229.470   0.000   0.000   0.000   -9.000   
229.470   229.470   0.000   0.000   0.000   -9.000   
229.470   229.470   0.000   0.000   0.000   -10.000   
229.470   229.470   -0.000   0.000   0.000   -11.000   
229.470   229.470   -0.000   0.000   0.105   -9.000   
229.470   229.470   -0.000   0.000   0.000   -11.000   
229.470   229.470   -0.000   0.000   0.000   -10.000   
229.470   229.470   -0.000   0.000   0.000   -10.000   
229.470   229.470   -0.000   0.000   0.000   -10.000   
229.470   229.470   -0.000   0.000   0.000   -9.000   
229.470   229.470   -0.000   0.000   0.000   -9.000   
229.470   229.470   -0.000   0.000   0.000   -9.000   
229.470   229.470   0.000   0.000   -0.105   -9.000   
229.470   229.470   0.000   0.000   0.000   -8.000   
229.470   229.470   0.000   0.000   0.000   -9.000   
229.470   229.470   0.000   0.000   0.000   -9.000   
229.470   229.470   0.000   0.000   0.000   -9.000   
229.470   229.470   -0.000   0.000   0.105   -10.000   
229.470   229.470   -0.000   0.000   0.000   -11.000   
229.470   229.470   -0.000   0.000   0.000   -9.000   
229.470   229.470   -0.000   0.000   0.000   -10.000   
229.470   229.470   -0.000   0.000   0.000   -9.000   
229.470   229.470   -0.000   0.000   0.000   -9.000   
229.470   229.470   0.000   0.000   0.000   -9.000   
229.470   229.470   0.000   0.000   0.000   -9.000   
229.470   229.470   0.000   0.000   0.000   -9.000   
229.470   229.470   0.000   0.000   0.000   -9.000   
229.470   229.470   0.000   0.000   0.000   -9.000   
229.470   229.470   0.000   0.000   0.000   -9.000   
229.470   229.470   0.000   0.000   0.000   -9.000   
229.470   229.470   0.000   0.000   0.000   -9.000   
229.470   229.470   -0.000   0.000   0.105   -9.000   
229.470   229.470   -0.000   0.000   0.000   -10.000   
229.470   229.470   -0.000   0.000   0.000   -11.000   
229.470   229.470   -0.000   0.000   0.000   -9.000   
229.470   229.470   -0.000   0.000   0.000   -12.000   
229.470   229.470   -0.000   0.000   0.000   -11.000   
229.470   229.470   -0.000   0.000   0.000   -10.000   
229.470   229.470   0.000   0.000   0.000   -9.000   
229.470   229.470   0.000   0.000   -0.105   -9.000   
229.470   229.470   0.000   0.000   0.000   -9.000   
229.470   229.470   0.000   0.000   0.000   -8.000   
229.470   229.470   0.000   0.000   0.000   -9.000   
229.470   229.470   0.000   0.000   0.000   -9.000   
229.475   229.470   0.003   0.980   0.000   -9.000   
229.485   229.470   0.010   4.905   0.000   -11.000   
229.515   229.470   0.022   9.160   0.105   -6.000   
229.560   229.470   0.099   14.725   0.105   4.000   
229.680   229.470   0.196   25.525   0.105   17.000   
229.800   229.475   0.343   34.360   0.530   81.000   
230.050   229.500   0.658   48.905   4.435   139.000   
230.265   229.530   0.921   58.605   8.130   216.000   
230.660   229.620   1.381   73.150   13.520   350.000   
230.970   229.715   1.723   82.845   19.960   448.000   
231.325   229.920   2.254   92.545   36.435   594.000   
231.920   230.105   2.614   107.090   45.835   691.000   
232.370   230.330   3.146   116.785   55.760   838.000   
233.115   230.740   3.502   131.330   65.795   939.000   
233.660   231.065   3.853   141.025   76.250   1004.000   
234.550   231.635   4.370   155.575   97.265   1061.000   
235.190   232.070   4.713   165.270   108.460   1081.000   
236.225   232.800   5.212   179.815   119.125   1086.000   
236.965   233.340   5.539   189.510   130.110   1030.000   
237.740   234.235   6.025   199.210   151.970   928.000   
238.980   234.885   6.340   213.755   162.320   854.000   
239.855   235.575   6.654   223.450   172.565   737.000   
241.240   236.685   7.130   237.670   182.280   665.000   
242.205   237.470   7.447   245.730   191.785   609.000   
243.710   238.715   7.916   255.365   210.055   555.000   
244.740   239.595   8.211   260.155   218.925   541.000   
246.320   240.970   8.599   264.880   227.690   536.000   
247.380   241.930   8.814   266.395   235.610   543.000   
248.445   243.420   9.058   266.665   243.110   579.000   
250.045   244.440   9.160   266.665   255.995   575.000   
251.115   245.485   9.220   266.665   260.745   549.000   
252.715   247.075   9.257   266.665   264.545   517.000   
253.780   248.145   9.256   266.665   266.765   468.000   
255.380   249.765   9.242   266.665   269.615   367.000   
256.445   250.845   9.228   266.665   270.460   282.000   
258.045   252.470   9.203   266.665   270.565   147.000   
259.115   253.550   9.188   266.665   270.670   55.000   
260.180   254.630   9.168   266.665   270.460   -52.000   
261.780   256.250   9.157   266.665   269.405   -88.000   
262.845   257.325   9.150   266.665   268.665   -141.000   
264.445   258.930   9.143   266.665   267.925   -181.000   
265.515   259.995   9.144   266.665   266.870   -153.000   
267.115   261.585   9.156   266.665   264.335   -68.000   
268.180   262.635   9.170   266.665   263.175   -3.000   
269.780   264.210   9.197   266.665   262.540   103.000   
270.845   265.260   9.215   266.665   262.225   179.000   
271.915   266.305   9.241   266.665   262.120   283.000   
273.515   267.880   9.259   266.665   262.225   310.000   
274.580   268.935   9.273   266.665   263.070   362.000   
276.180   270.515   9.290   266.665   263.595   386.000   
277.245   271.575   9.296   266.665   264.655   377.000   
278.845   273.175   9.297   266.665   266.870   324.000   
279.915   274.250   9.291   266.665   267.820   273.000   
280.980   275.860   9.279   266.665   268.665   187.000   
282.580   276.940   9.268   266.665   269.090   132.000   
283.645   278.015   9.257   266.665   269.510   41.000   
285.245   279.635   9.239   266.665   269.615   -15.000   
286.315   280.710   9.228   266.665   269.195   -53.000   
287.915   282.320   9.218   266.665   268.560   -75.000   
288.980   283.390   9.215   266.665   267.820   -64.000   
290.580   284.990   9.216   266.665   266.340   -39.000   
291.645   286.055   9.220   266.665   265.710   -9.000   
292.715   287.640   9.231   266.665   264.970   64.000   
294.315   288.700   9.239   266.665   264.655   101.000   
295.380   289.755   9.250   266.665   264.335   172.000   
296.980   291.345   9.263   266.665   264.335   205.000   
298.045   292.400   9.271   266.665   264.655   232.000   
299.645   293.995   9.281   266.665   265.075   248.000   
300.715   295.055   9.284   266.665   265.710   241.000   
302.315   296.655   9.283   266.665   266.870   220.000   
303.380   297.725   9.280   266.665   267.400   191.000   
304.445   298.795   9.272   266.665   267.715   138.000   
306.045   300.405   9.266   266.665   268.245   108.000   
307.115   301.480   9.258   266.665   268.350   53.000   
308.715   303.090   9.250   266.665   268.350   26.000   
309.780   304.165   9.243   266.665   268.140   12.000   
311.380   305.770   9.237   266.665   267.820   -12.000   
312.445   306.840   9.234   266.665   267.400   -5.000   
314.045   308.440   9.233   266.665   266.555   5.000   
315.115   309.505   9.236   266.665   265.920   26.000   
316.180   310.565   9.245   266.665   265.605   79.000   
317.780   312.155   9.250   266.665   265.285   105.000   
318.845   313.220   9.255   266.665   265.180   132.000   
320.445   314.810   9.262   266.665   265.390   153.000   
321.515   315.875   9.266   266.665   265.605   167.000   
323.115   317.465   9.272   266.665   265.605   183.000   
324.180   318.530   9.275   266.665   265.920   195.000   
325.245   320.130   9.275   266.665   266.870   191.000   
326.845   321.200   9.272   266.665   267.295   164.000   
327.915   322.270   9.267   266.665   267.610   125.000   
329.515   323.875   9.263   266.665   267.610   108.000   
330.580   324.945   9.260   266.665   267.715   87.000   
332.180   326.555   9.253   266.665   267.610   68.000   
333.245   327.625   9.249   266.665   267.610   47.000   
334.845   329.225   9.245   266.665   267.400   48.000   
335.915   330.295   9.244   266.665   267.080   42.000   
336.980   331.895   9.245   266.665   266.340   65.000   
338.580   332.960   9.248   266.665   266.235   80.000   
339.645   334.025   9.251   266.665   266.025   99.000   
341.245   335.620   9.254   266.665   265.920   116.000   
342.315   336.680   9.258   266.665   265.920   131.000   
343.915   338.275   9.263   266.665   265.605   170.000   
344.980   339.340   9.266   266.665   265.920   177.000   
346.580   340.935   9.270   266.665   266.130   163.000   
347.645   342.005   9.269   266.665   266.660   161.000   
348.715   343.070   9.268   266.665   266.660   143.000   
350.315   344.675   9.266   266.665   267.080   143.000   
351.380   345.740   9.263   266.665   267.295   117.000   
352.980   347.345   9.259   266.665   267.295   101.000   
354.045   348.415   9.257   266.665   267.295   98.000   
355.645   350.020   9.253   266.665   267.295   78.000   
356.715   351.085   9.252   266.665   266.975   81.000   
358.315   352.690   9.252   266.665   266.765   93.000   
359.380   353.755   9.252   266.665   266.765   88.000   
360.445   354.820   9.253   266.665   266.555   101.000   
362.045   356.415   9.256   266.665   265.920   122.000   
363.115   357.480   9.259   266.665   266.025   153.000   
364.715   359.075   9.263   266.665   265.710   174.000   
365.780   360.140   9.266   266.665   266.235   170.000   
367.380   361.735   9.269   266.665   266.235   186.000   
368.445   362.800   9.272   266.665   266.235   191.000   
370.045   364.400   9.271   266.665   266.450   183.000   
371.115   365.470   9.270   266.665   266.765   180.000   
372.180   366.535   9.269   266.665   266.975   175.000   
373.780   368.140   9.267   266.665   267.080   167.000   
374.845   369.210   9.264   266.665   267.295   139.000   
376.445   370.810   9.261   266.665   267.295   144.000   
377.515   371.880   9.258   266.665   267.505   129.000   
379.115   373.485   9.255   266.665   267.080   131.000   
380.180   374.555   9.253   266.665   267.080   122.000   
381.245   376.155   9.251   266.665   266.975   116.000   
382.845   377.220   9.251   266.665   266.765   132.000   
383.915   378.290   9.251   266.665   266.660   132.000   
385.515   379.885   9.252   266.665   266.450   136.000   
386.580   380.950   9.254   266.665   266.340   147.000   
388.180   382.550   9.257   266.665   266.130   162.000   
389.245   383.615   9.259   266.665   266.235   174.000   
390.845   385.210   9.260   266.665   266.450   170.000   
391.915   386.280   9.261   266.665   266.555   165.000   
392.980   387.875   9.262   266.665   266.450   174.000   
394.580   388.945   9.263   266.665   266.450   185.000   
395.645   390.010   9.262   266.665   266.660   158.000   
397.245   391.615   9.260   266.665   267.080   143.000   
398.315   392.680   9.260   266.665   266.975   137.000   
399.915   394.285   9.256   266.665   267.080   131.000   
400.980   395.350   9.255   266.665   266.975   129.000   
402.580   396.955   9.253   266.665   266.975   127.000   
403.645   398.020   9.252   266.665   266.975   112.000   
404.715   399.090   9.250   266.665   266.870   107.000   
406.315   400.690   9.252   266.665   266.870   105.000   
407.380   401.755   9.252   266.665   266.660   123.000   
408.980   403.355   9.252   266.665   266.450   130.000   
410.045   404.420   9.253   266.665   266.450   124.000   
411.645   406.020   9.255   266.665   266.450   128.000   
412.715   407.085   9.255   266.665   266.450   134.000   
414.315   408.680   9.258   266.665   266.340   138.000   
415.380   409.745   9.259   266.665   266.235   156.000   
416.445   410.815   9.260   266.665   266.555   147.000   
418.045   412.415   9.260   266.665   266.555   139.000   
419.115   413.480   9.258   266.665   266.870   124.000   
420.715   415.080   9.258   266.665   266.555   135.000   
421.780   416.150   9.258   266.665   266.765   137.000   
423.380   417.745   9.258   266.665   266.555   138.000   
424.445   418.815   9.258   266.665   266.660   140.000   
425.515   420.415   9.258   266.665   266.870   127.000   
427.115   421.485   9.256   266.665   266.975   114.000   
428.180   422.550   9.255   266.665   266.765   116.000   
429.780   424.150   9.256   266.665   266.765   115.000   
430.845   425.215   9.256   266.665   266.660   124.000   
432.445   426.815   9.256   266.665   266.660   130.000   
433.515   427.885   9.256   266.665   266.660   113.000   
435.115   429.480   9.257   266.665   266.660   113.000   
436.180   430.550   9.258   266.665   266.450   143.000   
437.245   432.150   9.258   266.665   266.555   138.000   
438.845   433.215   9.258   266.665   266.660   124.000   
439.915   434.280   9.258   266.665   266.555   130.000   
441.515   435.880   9.258   266.665   266.660   134.000   
442.580   436.945   9.259   266.665   266.555   136.000   
444.180   438.545   9.261   266.665   266.660   129.000   
445.245   439.610   9.262   266.665   266.450   152.000   
446.845   441.210   9.261   266.665   266.555   153.000   
447.915   442.280   9.261   266.665   266.660   143.000   
448.980   443.880   9.260   266.665   266.765   142.000   
450.580   444.945   9.259   266.665   266.870   132.000   
451.645   446.015   9.260   266.665   266.555   142.000   
453.245   447.610   9.261   266.665   266.555   165.000   
454.315   448.675   9.262   266.665   266.235   177.000   
455.915   450.275   9.262   266.665   266.765   154.000   
456.980   451.345   9.261   266.665   267.080   130.000   
458.580   452.950   9.258   266.665   267.185   128.000   
459.645   454.015   9.258   266.665   266.660   150.000   
460.715   455.080   9.263   266.665   266.235   188.000   
462.315   456.675   9.265   266.665   266.235   196.000   
463.380   457.740   9.266   266.665   266.340   202.000   
464.980   459.340   9.267   266.665   266.555   187.000   
466.045   460.405   9.269   266.665   266.450   208.000   
467.645   462.000   9.273   266.665   265.710   257.000   
468.715   463.060   9.277   266.665   265.710   284.000   
470.315   464.655   9.282   266.665   265.605   317.000   
471.380   465.720   9.283   266.665   266.130   316.000   
472.445   466.790   9.281   266.665   266.660   271.000   
474.045   468.395   9.278   266.665   267.610   236.000   
475.115   469.470   9.273   266.665   268.030   193.000   
476.715   471.075   9.262   266.665   268.140   175.000   
477.780   472.150   9.255   266.665   268.560   117.000   
479.380   473.765   9.243   266.665   268.560   51.000   
480.445   474.835   9.236   266.665   268.455   2.000   
481.515   476.445   9.229   266.665   268.140   -21.000   
483.115   477.515   9.226   266.665   267.505   -14.000   
484.180   478.575   9.228   266.665   266.660   53.000   
485.780   480.170   9.235   266.665   265.710   73.000   
486.845   481.235   9.240   266.665   265.390   89.000   
488.445   482.825   9.247   266.665   265.390   123.000   
489.515   483.885   9.254   266.665   265.180   152.000   
491.115   485.475   9.264   266.665   264.865   204.000   
492.180   486.535   9.270   266.665   265.180   237.000   
493.245   488.130   9.276   266.665   265.605   231.000   
494.845   489.195   9.276   266.665   266.340   206.000   
495.915   490.265   9.273   266.665   266.870   152.000   
497.515   491.870   9.267   266.665   267.610   127.000   
498.580   492.945   9.262   266.665   267.925   106.000   
500.180   494.550   9.255   266.665   267.925   75.000   
501.245   495.625   9.248   266.665   267.925   44.000   
502.845   497.230   9.239   266.665   267.925   14.000   
503.910   498.300   9.236   266.665   267.610   -5.000   
504.980   499.370   9.233   266.665   267.185   5.000   
506.580   500.970   9.236   266.665   266.555   18.000   
507.645   502.030   9.239   266.665   266.130   52.000   
509.245   503.625   9.244   266.665   265.710   65.000   
510.310   504.690   9.247   266.665   265.710   86.000   
511.910   506.280   9.257   266.665   265.390   123.000   
512.980   507.345   9.261   266.665   265.285   149.000   
514.580   508.935   9.269   266.665   265.390   184.000   
515.645   510.000   9.271   266.665   266.025   178.000   
516.710   511.065   9.272   266.665   266.340   164.000   
518.310   512.665   9.272   266.665   266.660   152.000   
519.380   513.735   9.271   266.665   266.870   138.000   
520.980   515.335   9.267   266.665   267.295   124.000   
522.045   516.405   9.264   266.665   267.505   102.000   
523.645   518.015   9.258   266.665   267.715   74.000   
524.710   519.085   9.254   266.665   267.715   49.000   
525.780   520.690   9.249   266.665   267.400   42.000   
527.380   521.755   9.248   266.665   266.975   42.000   
528.445   522.825   9.247   266.665   266.870   46.000   
530.045   524.425   9.247   266.665   266.765   52.000   
531.110   525.490   9.247   266.665   266.660   78.000   
532.710   527.085   9.252   266.665   266.025   98.000   
533.780   528.150   9.255   266.665   265.920   117.000   
535.380   529.745   9.258   266.665   265.815   133.000   
536.445   530.810   9.261   266.665   265.920   147.000   
537.510   532.405   9.264   266.665   266.235   155.000   
539.110   533.470   9.266   266.665   266.340   153.000   
540.180   534.540   9.266   266.665   266.555   142.000   
541.780   536.135   9.268   266.665   266.660   156.000   
542.845   537.205   9.267   266.665   266.450   154.000   
544.445   538.805   9.266   266.665   266.975   147.000   
545.510   539.875   9.264   266.665   267.080   128.000   
547.110   541.475   9.261   266.665   267.080   119.000   
548.180   542.545   9.258   266.665   267.295   109.000   
549.245   544.150   9.257   266.665   267.185   93.000   
550.845   545.215   9.255   266.665   266.975   98.000   
551.910   546.285   9.254   266.665   266.765   107.000   
553.510   547.880   9.256   266.665   266.450   120.000   
554.580   548.945   9.257   266.665   266.340   133.000   
556.180   550.545   9.258   266.665   266.450   135.000   
557.245   551.610   9.260   266.665   266.450   131.000   
558.845   553.210   9.261   266.665   266.340   149.000   
559.910   554.275   9.263   266.665   266.340   156.000   
560.980   555.340   9.264   266.665   266.235   159.000   
562.580   556.940   9.265   266.665   266.450   170.000   
563.645   558.005   9.267   266.665   266.555   167.000   
565.245   559.605   9.266   266.665   266.555   164.000   
566.310   560.675   9.264   266.665   266.975   152.000   
567.910   562.275   9.261   266.665   267.185   133.000   
568.980   563.345   9.260   266.665   267.080   129.000   
570.580   564.945   9.258   266.665   267.080   121.000   
571.645   566.015   9.258   266.665   266.975   124.000   
572.710   567.080   9.256   266.665   266.870   122.000   
574.310   568.685   9.255   266.665   266.975   116.000   
575.380   569.750   9.253   266.665   266.975   105.000   
576.980   571.350   9.253   266.665   266.660   117.000   
578.045   572.415   9.254   266.665   266.555   126.000   
579.645   574.015   9.257   266.665   266.555   128.000   
580.710   575.080   9.256   266.665   266.555   129.000   
581.780   576.680   9.256   266.665   266.765   123.000   
583.380   577.745   9.258   266.665   266.235   163.000   
584.445   578.810   9.261   266.665   266.130   174.000   
586.045   580.410   9.261   266.665   266.660   165.000   
587.110   581.480   9.259   266.665   266.975   137.000   
588.710   583.080   9.258   266.665   266.765   141.000   
589.780   584.145   9.257   266.665   267.080   128.000   
591.380   585.750   9.257   266.665   266.870   139.000   
592.445   586.815   9.256   266.665   266.765   133.000   
593.510   588.415   9.254   266.665   266.975   121.000   
595.110   589.485   9.254   266.665   266.870   120.000   
596.180   590.550   9.252   266.665   266.975   107.000   
597.780   592.150   9.252   266.665   266.765   110.000   
598.845   593.220   9.252   266.665   266.555   117.000   
600.445   594.820   9.253   266.665   266.555   120.000   
601.510   595.885   9.255   266.665   266.450   122.000   
603.110   597.485   9.255   266.665   266.555   124.000   
604.180   598.550   9.255   266.665   266.555   123.000   
605.245   599.615   9.257   266.665   266.340   140.000   
606.845   601.215   9.258   266.665   266.450   140.000   
607.910   602.280   9.259   266.665   266.340   150.000   
609.510   603.875   9.262   266.665   266.555   153.000   
610.580   604.945   9.261   266.665   266.660   138.000   
612.180   606.545   9.259   266.335   266.870   129.000   
613.240   607.610   9.259   264.700   266.870   127.000   
614.815   609.210   9.247   259.790   266.660   141.000   
615.845   610.280   9.217   254.880   266.660   143.000   
616.850   611.345   9.109   248.665   266.765   114.000   
618.310   612.945   8.984   236.880   266.450   83.000   
619.240   614.000   8.816   227.445   265.500   31.000   
620.560   615.565   8.476   212.900   259.795   -22.000   
621.395   616.585   8.197   203.200   255.150   -73.000   
622.570   618.070   7.717   188.655   249.445   -193.000   
623.305   619.025   7.372   178.960   242.370   -285.000   
624.000   620.390   6.837   169.260   225.365   -435.000   
624.970   621.255   6.481   154.715   215.440   -520.000   
625.570   622.075   5.948   145.020   205.090   -609.000   
626.400   623.230   5.600   130.475   194.845   -680.000   
626.900   623.945   5.256   120.775   184.815   -774.000   
627.580   624.945   4.739   106.230   164.010   -817.000   
627.985   625.560   4.401   96.535   153.450   -844.000   
628.520   626.400   3.899   81.990   142.675   -818.000   
628.830   626.905   3.569   72.290   131.585   -746.000   
629.100   627.580   3.084   62.595   110.150   -642.000   
629.435   627.980   2.764   48.050   100.010   -592.000   
629.605   628.340   2.446   38.355   89.765   -492.000   
629.795   628.805   1.969   24.790   80.260   -444.000   
629.880   629.070   1.654   17.385   70.545   -390.000   
629.955   629.395   1.194   8.730   52.275   -344.000   
629.980   629.570   0.909   4.595   43.300   -328.000   
629.995   629.770   0.546   0.000   35.165   -344.000   
630.000   629.860   0.349   0.000   27.035   -351.000   
630.000   629.950   0.147   0.000   19.750   -366.000   
630.000   629.985   0.068   0.000   8.130   -358.000   
630.000   630.000   0.022   0.000   3.800   -323.000   
630.000   630.005   0.003   0.000   0.950   -287.000   
630.000   630.000   0.003   0.000   -0.635   -276.000   
630.000   629.985   0.014   0.000   -2.325   -197.000   
630.000   629.975   0.025   0.000   -2.745   -134.000   
630.000   629.955   0.044   0.000   -3.170   -19.000   
630.000   629.945   0.057   0.000   -3.170   50.000   
630.000   629.930   0.075   0.000   -3.170   149.000   
630.000   629.915   0.084   0.000   -2.430   199.000   
630.000   629.910   0.090   0.000   -1.480   224.000   
630.000   629.910   0.093   0.000   -0.635   214.000   
630.000   629.910   0.090   0.000   0.315   203.000   
630.000   629.920   0.082   0.000   1.690   165.000   
630.000   629.925   0.073   0.000   2.220   127.000   
630.000   629.945   0.054   0.000   2.850   48.000   
630.000   629.960   0.040   0.000   3.380   -18.000   
630.000   629.975   0.019   0.000   3.695   -97.000   
630.000   629.995   0.005   0.000   3.275   -134.000   
630.000   630.005   -0.005   0.000   2.640   -158.000   
630.000   630.015   -0.014   0.000   1.690   -143.000   
630.000   630.015   -0.015   0.000   0.740   -114.000   
630.000   630.015   -0.014   0.000   -0.210   -83.000   
630.000   630.010   -0.012   0.000   -0.530   -69.000   
630.000   630.005   -0.006   0.000   -0.950   -22.000   
630.000   630.000   0.000   0.000   -1.375   17.000   
630.000   629.995   0.007   0.000   -1.690   75.000   
630.000   629.985   0.016   0.000   -1.480   99.000   
630.000   629.980   0.020   0.000   -1.055   116.000   
630.000   629.980   0.022   0.000   -0.420   94.000   
630.000   629.980   0.021   0.000   0.105   80.000   
630.000   629.980   0.019   0.000   0.420   69.000   
630.000   629.985   0.016   0.000   0.740   53.000   
630.000   629.990   0.009   0.000   1.055   14.000   
630.000   629.995   0.003   0.000   1.265   -16.000   
630.000   630.000   -0.002   0.000   1.375   -53.000   
630.000   630.010   -0.009   0.000   1.055   -62.000   
630.000   630.010   -0.011   0.000   0.530   -59.000   
630.000   630.010   -0.011   0.000   0.105   -35.000   
630.000   630.010   -0.011   0.000   -0.105   -28.000   
630.000   630.010   -0.008   0.000   -0.315   -16.000   
630.000   630.005   -0.006   0.000   -0.530   -4.000   
630.000   630.000   -0.002   0.000   -0.635   19.000   
630.000   630.000   0.001   0.000   -0.845   38.000   
630.000   629.995   0.004   0.000   -0.740   55.000   
630.000   629.995   0.007   0.000   -0.420   54.000   
630.000   629.995   0.007   0.000   0.000   42.000   
630.000   629.995   0.006   0.000   0.105   32.000   
630.000   629.995   0.005   0.000   0.210   27.000   
630.000   629.995   0.004   0.000   0.315   18.000   
630.000   630.000   0.002   0.000   0.530   2.000   
630.000   630.000   -0.001   0.000   0.530   -13.000   
630.000   630.005   -0.003   0.000   0.530   -21.000   
630.000   630.005   -0.005   0.000   0.315   -18.000   
630.000   630.005   -0.005   0.000   0.000   -11.000   
630.000   630.005   -0.004   0.000   -0.105   -5.000   
630.000   630.005   -0.003   0.000   -0.105   1.000   
630.000   630.005   -0.003   0.000   -0.210   4.000   
630.000   630.000   -0.001   0.000   -0.315   15.000   
630.000   630.000   0.001   0.000   -0.420   24.000   
630.000   630.000   0.003   0.000   -0.315   34.000   
630.000   629.995   0.003   0.000   -0.315   31.000   
630.000   629.995   0.003   0.000   0.000   22.000   
630.000   629.995   0.003   0.000   0.105   17.000   
630.000   630.000   0.002   0.000   0.210   16.000   
630.000   630.000   0.001   0.000   0.105   12.000   
630.000   630.000   0.000   0.000   0.210   6.000   
630.000   630.000   -0.001   0.000   0.315   -4.000   
630.000   630.000   -0.002   0.000   0.210   -6.000   
630.000   630.005   -0.003   0.000   0.105   -4.000   
630.000   630.005   -0.003   0.000   0.105   0.000   
630.000   630.005   -0.003   0.000   -0.105   3.000   
630.000   630.000   -0.002   0.000   -0.105   7.000   
630.000   630.000   -0.001   0.000   -0.105   10.000   
630.000   630.000   0.000   0.000   -0.210   17.000   
630.000   630.000   0.001   0.000   -0.210   21.000   
630.000   630.000   0.002   0.000   -0.210   23.000   
630.000   630.000   0.002   0.000   0.000   19.000   
630.000   630.000   0.002   0.000   0.000   15.000   
630.000   630.000   0.001   0.000   0.105   16.000   
630.000   630.000   0.001   0.000   0.000   12.000   
630.000   630.000   0.000   0.000   0.105   10.000   
630.000   630.000   -0.000   0.000   0.210   6.000   
630.000   630.000   -0.001   0.000   0.105   2.000   
630.000   630.000   -0.001   0.000   0.105   2.000   
630.000   630.000   -0.001   0.000   0.000   6.000   
630.000   630.000   -0.001   0.000   0.000   8.000   
630.000   630.000   -0.001   0.000   -0.105   10.000   
630.000   630.000   -0.000   0.000   0.000   12.000   
630.000   630.000   0.000   0.000   -0.105   15.000   
630.000   630.000   0.000   0.000   -0.105   18.000   
630.000   630.000   0.000   0.000   0.000   17.000   
630.000   630.000   0.001   0.000   -0.105   17.000   
630.000   630.000   0.000   0.000   0.105   10.000   
630.000   630.000   0.000   0.000   0.000   12.000   
630.000   630.000   0.000   0.000   0.105   14.000   
630.000   630.000   0.000   0.000   0.000   8.000   
630.000   630.000   -0.000   0.000   0.105   6.000   
630.000   630.000   -0.001   0.000   0.105   4.000   
630.000   630.000   -0.001   0.000   0.000   5.000   
630.000   630.000   -0.001   0.000   0.000   7.000   
630.000   630.000   -0.001   0.000   0.000   10.000   
630.000   630.000   -0.000   0.000   0.000   10.000   
630.000   630.000   -0.000   0.000   -0.105   9.000   
630.000   630.000   0.000   0.000   -0.105   13.000   
630.000   630.000   0.000   0.000   -0.105   12.000   
630.000   630.000   0.000   0.000   0.000   17.000   
630.000   630.000   0.000   0.000   0.000   15.000   
630.000   630.000   0.000   0.000   0.000   10.000   
630.000   630.000   0.000   0.000   0.000   10.000   
630.000   630.000   0.000   0.000   0.105   10.000   
630.000   630.000   -0.000   0.000   0.000   8.000   
630.000   630.000   -0.000   0.000   0.105   5.000   
630.000   630.000   -0.001   0.000   0.000   4.000   
630.000   630.000   -0.001   0.000   0.000   6.000   
630.000   630.000   -0.001   0.000   0.000   8.000   
630.000   630.000   -0.001   0.000   0.000   9.000   
630.000   630.000   -0.000   0.000   -0.105   9.000   
630.000   630.000   -0.000   0.000   0.000   9.000   
630.000   630.000   0.000   0.000   -0.105   12.000   
630.000   630.000   0.000   0.000   0.000   14.000   
630.000   630.000   0.000   0.000   -0.105   14.000   
630.000   630.000   0.000   0.000   0.000   13.000   
630.000   630.000   0.000   0.000   0.000   11.000   
630.000   630.000   0.000   0.000   0.000   12.000   
630.000   630.000   0.000   0.000   0.105   13.000   
630.000   630.000   -0.000   0.000   0.105   9.000   
630.000   630.000   -0.000   0.000   0.000   8.000   
630.000   630.000   -0.000   0.000   0.000   7.000   
630.000   630.000   -0.000   0.000   0.000   8.000   
630.000   630.000   -0.000   0.000   0.000   9.000   
630.000   630.000   -0.000   0.000   0.000   10.000   
630.000   630.000   -0.000   0.000   0.000   10.000   
630.000   630.000   0.000   0.000   0.000   10.000   
630.000   630.000   0.000   0.000   -0.105   12.000   
630.000   630.000   0.000   0.000   0.000   13.000   
630.000   630.000   0.000   0.000   -0.105   13.000   
630.000   630.000   0.000   0.000   0.000   13.000   
630.000   630.000   0.000   0.000   0.105   9.000   
630.000   630.000   0.000   0.000   0.000   8.000   
630.000   630.000   0.000   0.000   0.000   9.000   
630.000   630.000   -0.000   0.000   0.105   9.000   
630.000   630.000   -0.000   0.000   0.000   8.000   
630.000   630.000   -0.000   0.000   0.000   8.000   
630.000   630.000   -0.000   0.000   0.000   10.000   
630.000   630.000   -0.000   0.000   0.000   8.000   
630.000   630.000   -0.000   0.000   0.000   20.000   
630.000   630.000   -0.000   0.000   0.000   20.000   
630.000   630.000   0.000   0.000   -0.105   24.000   
630.000   630.000   0.000   0.000   0.000   22.000   
630.000   630.000   0.000   0.000   -0.105   25.000   
630.000   630.000   0.000   0.000   0.000   21.000   
630.000   630.000   0.000   0.000   0.000   24.000   
630.000   630.000   0.000   0.000   0.105   23.000   
630.000   630.000   0.000   0.000   0.000   24.000   
630.000   630.000   0.000   0.000   0.000   18.000   
630.000   630.000   -0.000   0.000   0.105   17.000   
630.000   630.000   -0.000   0.000   0.000   18.000   
630.000   630.000   -0.000   0.000   0.000   15.000   
630.000   630.000   -0.000   0.000   0.000   17.000   
630.000   630.000   -0.000   0.000   0.000   18.000   
630.000   630.000   -0.000   0.000   0.000   20.000   
630.000   630.000   -0.000   0.000   0.000   21.000   
630.000   630.000   0.000   0.000   -0.105   25.000   
630.000   630.000   0.000   0.000   0.000   22.000   
630.000   630.000   0.000   0.000   0.000   26.000   
630.000   630.000   0.000   0.000   0.000   21.000   
630.000   630.000   0.000   0.000   0.000   25.000   
630.000   630.000   0.000   0.000   0.000   25.000   
630.000   630.000   0.000   0.000   0.000   22.000   
630.000   630.000   0.000   0.000   0.000   24.000   
630.000   630.000   -0.000   0.000   0.000   20.000   
630.000   630.000   -0.000   0.000   0.000   18.000   
630.000   630.000   -0.000   0.000   0.000   18.000   
630.000   630.000   -0.000   0.000   0.000   18.000   
630.000   630.000   -0.000   0.000   0.000   20.000   
630.000   630.000   -0.000   0.000   0.000   20.000   
630.000   630.000   0.000   0.000   -0.105   23.000   
630.000   630.000   0.000   0.000   0.000   24.000   
630.000   630.000   0.000   0.000   0.000   22.000   
630.000   630.000   0.000   0.000   0.000   23.000   
630.000   630.000   0.000   0.000   0.000   24.000   
630.000   630.000   0.000   0.000   0.000   24.000   
630.000   630.000   0.000   0.000   0.000   21.000   
630.000   630.000   0.000   0.000   0.000   22.000   
630.000   630.000   -0.000   0.000   0.105   22.000   
630.000   630.000   -0.000   0.000   0.000   8.000   
630.000   630.000   -0.000   0.000   0.000   9.000   
630.000   630.000   -0.000   0.000   0.000   9.000   
630.000   630.000   -0.000   0.000   0.000   11.000   
630.000   630.000   -0.000   0.000   0.000   12.000   
630.000   630.000   0.000   0.000   -0.105   12.000   
630.000   630.000   0.000   0.000   0.000   13.000   
630.000   630.000   0.000   0.000   0.000   10.000   
630.000   630.000   0.000   0.000   0.000   9.000   
630.000   630.000   0.000   0.000   0.000   11.000   
630.000   630.000   0.000   0.000   0.000   10.000   
630.000   630.000   0.000   0.000   0.000   11.000   
630.000   630.000   0.000   0.000   0.000   12.000   
630.000   630.000   0.000   0.000   0.000   11.000   
630.000   630.000   -0.000   0.000   0.105   8.000   
630.000   630.000   -0.000   0.000   0.000   9.000   
630.000   630.000   -0.000   0.000   0.000   9.000   
630.000   630.000   -0.000   0.000   0.000   10.000   
630.000   630.000   -0.000   0.000   0.000   9.000   
630.000   630.000   -0.000   0.000   0.000   9.000   
630.000   630.000   -0.000   0.000   0.000   12.000   
630.000   630.000   0.000   0.000   0.000   12.000   
630.000   630.000   0.000   0.000   0.000   10.000   
630.000   630.000   0.000   0.000   0.000   11.000   
630.000   630.000   0.000   0.000   0.000   11.000   
630.000   630.000   0.000   0.000   0.000   11.000   
630.000   630.000   0.000   0.000   0.000   12.000   
630.000   630.000   0.000   0.000   0.000   10.000   
630.000   630.000   0.000   0.000   0.000   10.000   
630.000   630.000   -0.000   0.000   0.105   12.000   
630.000   630.000   -0.000   0.000   0.000   10.000   
630.000   630.000   -0.000   0.000   0.000   8.000   
630.000   630.000   -0.000   0.000   0.000   11.000   
630.000   630.000   -0.000   0.000   0.000   11.000   
630.000   630.000   0.000   0.000   0.000   12.000   
630.000   630.000   0.000   0.000   0.000   10.000   
630.000   630.000   0.000   0.000   0.000   11.000   
630.000   630.000   0.000   0.000   0.000   12.000   
630.000   630.000   0.000   0.000   0.000   12.000   
630.000   630.000   0.000   0.000   0.000   14.000   
630.000   630.000   0.000   0.000   0.000   10.000   
630.000   630.000   0.000   0.000   0.000   12.000   
630.000   630.000   0.000   0.000   0.000   12.000   
630.000   630.000   -0.000   0.000   0.000   12.000   
630.000   630.000   -0.000   0.000   0.000   10.000   
630.000   630.000   -0.000   0.000   0.000   10.000   
630.000   630.000   -0.000   0.000   0.000   9.000   
630.000   630.000   -0.000   0.000   0.000   9.000   
630.000   630.000   -0.000   0.000   0.000   10.000   
630.000   630.000   0.000   0.000   -0.105   13.000   
630.000   630.000   0.000   0.000   0.000   13.000   
630.000   630.000   0.000   0.000   0.000   14.000   
630.000   630.000   0.000   0.000   0.000   10.000   
630.000   630.000   0.000   0.000   0.000   15.000   
630.000   630.000   0.000   0.000   0.000   9.000   
630.000   630.000   0.000   0.000   0.000   14.000   
630.000   630.000   0.000   0.000   0.000   11.000   
630.000   630.000   -0.000   0.000   0.105   9.000   
630.000   630.000   -0.000   0.000   0.000   10.000   
630.000   630.000   -0.000   0.000   0.000   9.000   
630.000   630.000   -0.000   0.000   0.000   13.000   
630.000   630.000   -0.000   0.000   0.000   12.000   
630.000   630.000   -0.000   0.000   0.000   13.000   
630.000   630.000   -0.000   0.000   0.000   13.000   
630.000   630.000   -0.000   0.000   -0.105   10.000   
630.000   630.000   0.000   0.000   0.000   14.000   
630.000   630.000   0.000   0.000   0.000   13.000   
630.000   630.000   0.000   0.000   0.000   14.000   
630.000   630.000   0.000   0.000   0.000   12.000   
630.000   630.000   0.000   0.000   0.000   11.000   
630.000   630.000   0.000   0.000   0.000   13.000   
630.000   630.000   0.000   0.000   0.000   11.000   
630.000   630.000   -0.000   0.000   0.105   9.000   
630.000   630.000   -0.000   0.000   0.000   12.000   
630.000   630.000   -0.000   0.000   0.000   12.000   
630.000   630.000   -0.000   0.000   0.000   13.000   
630.000   630.000   0.000   0.000   -0.105   10.000   
630.000   630.000   0.000   0.000   0.105   11.000   
630.000   630.000   0.000   0.000   -0.105   11.000   
630.000   630.000   0.000   0.000   0.000   15.000   
630.000   630.000   0.000   0.000   0.000   12.000   
630.000   630.000   0.000   0.000   0.000   10.000   
630.000   630.000   0.000   0.000   0.000   13.000   
630.000   630.000   0.000   0.000   0.000   13.000   
630.000   630.000   0.000   0.000   0.000   11.000   
630.000   630.000   0.000   0.000   0.000   11.000   
630.000   630.000   -0.000   0.000   0.000   13.000   
630.000   630.000   -0.000   0.000   0.105   12.000   
630.000   630.000   -0.000   0.000   0.000   10.000   
630.000   630.000   -0.000   0.000   0.000   10.000   
630.000   630.000   -0.000   0.000   0.000   12.000   
630.000   630.000   -0.000   0.000   0.000   12.000   
630.000   630.000   -0.000   0.000   0.000   11.000   
630.000   630.000   0.000   0.000   -0.105   10.000   
630.000   630.000   0.000   0.000   0.000   13.000   
630.000   630.000   0.000   0.000   0.000   12.000   
630.000   630.000   0.000   0.000   0.000   12.000   
630.000   630.000   0.000   0.000   0.000   12.000   
630.000   630.000   0.000   0.000   0.000   13.000   
630.000   630.000   0.000   0.000   0.000   11.000   
630.000   630.000   0.000   0.000   0.000   10.000   
630.000   630.000   0.000   0.000   0.000   13.000   
630.000   630.000   -0.000   0.000   0.105   13.000   
630.000   630.000   -0.000   0.000   0.000   10.000   
630.000   630.000   -0.000   0.000   0.000   13.000   
630.000   630.000   -0.000   0.000   0.000   10.000   
630.000   630.000   -0.000   0.000   -0.105   12.000   
630.000   630.000   -0.000   0.000   0.000   13.000   
630.000   630.000   0.000   0.000   -0.105   11.000   
630.000   630.000   0.000   0.000   0.000   13.000   
630.000   630.000   0.000   0.000   0.000   13.000   
630.000   630.000   0.000   0.000   0.000   12.000   
630.000   630.000   0.000   0.000   0.000   13.000   
630.000   630.000   0.000   0.000   0.000   12.000   
630.000   630.000   0.000   0.000   0.000   10.000   
630.000   630.000   -0.000   0.000   0.000   15.000   
630.000   630.000   -0.000   0.000   0.000   13.000   
630.000   630.000   -0.000   0.000   0.000   10.000   
630.000   630.000   -0.000   0.000   0.000   -3.000   
630.000   630.000   -0.000   0.000   0.000   3.000   
630.000   630.000   -0.000   0.000   0.000   4.000   
630.000   630.000   0.000   0.000   -0.105   2.000   
630.000   630.000   0.000   0.000   0.000   4.000   
630.000   630.000   0.000   0.000   0.000   4.000   
630.000   630.000   0.000   0.000   0.000   7.000   
630.000   630.000   0.000   0.000   0.000   -1.000   
630.000   630.000   0.000   0.000   0.000   3.000   
630.000   630.000   0.000   0.000   0.000   4.000   
630.000   630.000   0.000   0.000   0.000   2.000   
630.000   630.000   0.000   0.000   0.000   3.000   
630.000   630.000   0.000   0.000   0.000   4.000   
630.000   630.000   0.000   0.000   0.000   2.000   
630.000   630.000   -0.000   0.000   0.105   1.000   
630.000   630.000   -0.000   0.000   0.000   5.000   
630.000   630.000   -0.000   0.000   0.000   2.000   
630.000   630.000   -0.000   0.000   0.000   0.000   
630.000   630.000   0.000   0.000   0.000   1.000   
630.000   630.000   -0.000   0.000   0.000   3.000   
630.000   630.000   0.000   0.000   -0.105   2.000   
630.000   630.000   0.000   0.000   0.000   5.000   
630.000   630.000   0.000   0.000   0.000   4.000   
630.000   630.000   0.000   0.000   0.000   4.000   
630.000   630.000   0.000   0.000   0.000   4.000   
630.000   630.000   0.000   0.000   0.000   4.000   
630.000   630.000   0.000   0.000   0.000   2.000   
630.000   630.000   0.000   0.000   0.000   4.000   
630.000   630.000   -0.000   0.000   0.000   2.000   
630.000   630.000   -0.000   0.000   0.000   4.000   
630.000   630.000   0.000   0.000   -0.105   6.000   
630.000   630.000   -0.000   0.000   0.105   5.000   
630.000   630.000   -0.000   0.000   0.000   4.000   
630.000   630.000   0.000   0.000   -0.105   0.000   
630.000   630.000   0.000   0.000   0.000   6.000   
630.000   630.000   0.000   0.000   0.000   3.000   
630.000   630.000   0.000   0.000   0.000   5.000   
630.000   630.000   0.000   0.000   0.000   3.000   
630.000   630.000   0.000   0.000   0.000   4.000   
630.000   630.000   0.000   0.000   0.000   5.000   
630.000   630.000   0.000   0.000   0.000   14.000   
630.000   630.000   -0.000   0.000   0.000   14.000   
630.000   630.000   -0.000   0.000   0.105   13.000   
630.000   630.000   -0.000   0.000   0.000   11.000   
630.000   630.000   -0.000   0.000   0.000   10.000   
630.000   630.000   -0.000   0.000   0.000   12.000   
630.000   630.000   -0.000   0.000   0.000   13.000   
630.000   630.000   0.000   0.000   0.000   10.000   
630.000   630.000   0.000   0.000   0.000   12.000   
630.000   630.000   0.000   0.000   0.000   11.000   
630.000   630.000   0.000   0.000   0.000   12.000   
630.000   630.000   0.000   0.000   0.000   12.000   
630.000   630.000   0.000   0.000   0.000   13.000   
630.000   630.000   0.000   0.000   0.000   12.000   
630.000   630.000   0.000   0.000   0.000   10.000   
630.000   630.000   0.000   0.000   0.000   11.000   
630.000   630.000   0.000   0.000   0.000   12.000   
630.000   630.000   0.000   0.000   0.000   11.000   
630.000   630.000   0.000   0.000   0.000   10.000   
630.000   630.000   0.000   0.000   0.105   14.000   
630.000   630.000   -0.000   0.000   0.000   14.000   
630.000   630.000   -0.000   0.000   0.105   14.000   
630.000   630.000   0.000   0.000   -0.105   12.000   
630.000   630.000   0.000   0.000   0.000   12.000   
630.000   630.000   0.000   0.000   0.000   12.000   
630.000   630.000   0.000   0.000   0.000   11.000   
630.000   630.000   0.000   0.000   -0.105   10.000   
630.000   630.000   0.000   0.000   0.000   11.000   
630.000   630.000   0.000   0.000   0.000   12.000   
630.000   630.000   0.000   0.000   0.000   14.000   
630.000   630.000   0.000   0.000   0.000   12.000   
630.000   630.000   0.000   0.000   0.000   12.000   
630.000   630.000   0.000   0.000   0.105   12.000   
630.000   630.000   -0.000   0.000   0.000   11.000   
630.000   630.000   0.000   0.000   -0.105   12.000   
630.000   630.000   0.000   0.000   -0.105   15.000   
630.000   630.000   0.000   0.000   0.000   11.000   
630.000   630.000   0.000   0.000   0.000   12.000   
630.000   630.000   0.000   0.000   0.000   12.000   
630.000   630.000   0.000   0.000   0.000   12.000   
630.000   630.000   0.000   0.000   0.000   15.000   
630.000   630.000   0.000   0.000   0.000   10.000   
630.000   630.000   0.000   0.000   0.000   10.000   
630.000   630.000   0.000   0.000   0.000   14.000   
630.000   630.000   0.000   0.000   0.000   13.000   
630.000   630.000   -0.000   0.000   0.105   12.000   
630.000   630.000   -0.000   0.000   0.000   13.000   
630.000   630.000   -0.000   0.000   0.000   10.000   
630.000   630.000   -0.000   0.000   0.000   12.000   
630.000   630.000   -0.000   0.000   0.000   11.000   
630.000   630.000   -0.000   0.000   0.000   12.000   
630.000   630.000   -0.000   0.000   0.000   12.000   
630.000   630.000   0.000   0.000   -0.105   11.000   
630.000   630.000   0.000   0.000   0.000   10.000   
630.000   630.000   0.000   0.000   0.000   13.000   
630.000   630.000   0.000   0.000   0.000   14.000   
630.000   630.000   0.000   0.000   0.000   14.000   
630.000   630.000   0.000   0.000   0.000   16.000   
630.000   630.000   0.000   0.000   0.000   11.000   
630.000   630.000   0.000   0.000   0.000   12.000   
630.000   630.000   0.000   0.000   0.000   10.000   
630.000   630.000   0.000   0.000   0.000   9.000   
630.000   630.000   0.000   0.000   0.000   12.000   
630.000   630.000   0.000   0.000   0.000   8.000   
630.000   630.000   0.000   0.000   0.000   14.000   
630.000   630.000   -0.000   0.000   0.000   11.000   
630.000   630.000   0.000   0.000   0.000   13.000   
630.000   630.000   0.000   0.000   0.000   10.000   
630.000   630.000   0.000   0.000   0.000   10.000   
630.000   630.000   0.000   0.000   0.000   12.000   
630.000   630.000   0.000   0.000   0.000   15.000   
630.000   630.000   0.000   0.000   0.000   13.000   
630.000   630.000   0.000   0.000   0.000   13.000   
630.000   630.000   0.000   0.000   0.000   12.000   
630.000   630.000   -0.000   0.000   0.000   14.000   
630.000   630.000   0.000   0.000   0.000   12.000   
630.000   630.000   0.000   0.000   -0.105   11.000   
630.000   630.000   -0.000   0.000   0.105   12.000   
630.000   630.000   -0.000   0.000   -0.105   14.000   
630.000   630.000   -0.000   0.000   0.000   12.000   
630.000   630.000   0.000   0.000   -0.105   13.000   
630.000   630.000   0.000   0.000   0.000   15.000   
630.000   630.000   0.000   0.000   0.000   12.000   
630.000   630.000   0.000   0.000   0.000   12.000   
630.000   630.000   0.000   0.000   0.000   12.000   
630.000   630.000   0.000   0.000   0.000   13.000   
630.000   630.000   0.000   0.000   0.000   12.000   
630.000   630.000   0.000   0.000   0.000   12.000   
630.000   630.000   0.000   0.000   0.000   11.000   
630.000   630.000   0.000   0.000   0.000   10.000   
630.000   630.000   0.000   0.000   0.000   12.000   
630.000   630.000   -0.000   0.000   0.000   13.000   
630.000   630.000   -0.000   0.000   0.105   10.000   
630.000   630.000   -0.000   0.000   0.000   13.000   
630.000   630.000   -0.000   0.000   0.000   10.000   
630.000   630.000   -0.000   0.000   0.000   9.000   
630.000   630.000   0.000   0.000   0.000   11.000   
630.000   630.000   0.000   0.000   -0.105   12.000   
630.000   630.000   0.000   0.000   0.000   13.000   
630.000   630.000   0.000   0.000   0.000   14.000   
630.000   630.000   0.000   0.000   0.000   12.000   
630.000   630.000   0.000   0.000   0.000   11.000   
630.000   630.000   0.000   0.000   0.000   11.000   
630.000   630.000   0.000   0.000   0.000   13.000   
630.000   630.000   0.000   0.000   0.000   12.000   
630.000   630.000   0.000   0.000   0.000   12.000   
630.000   630.000   0.000   0.000   0.000   12.000   
630.000   630.000   0.000   0.000   0.000   11.000   
630.000   630.000   -0.000   0.000   0.105   13.000   
630.000   630.000   0.000   0.000   -0.105   13.000   
630.000   630.000   0.000   0.000   0.000   12.000   
630.000   630.000   0.000   0.000   0.000   12.000   
630.000   630.000   0.000   0.000   0.000   13.000   
630.000   630.000   0.000   0.000   0.000   13.000   
630.000   630.000   0.000   0.000   0.000   8.000   
630.000   630.000   0.000   0.000   0.000   13.000   
630.000   630.000   -0.000   0.000   0.105   11.000   
630.000   630.000   -0.000   0.000   0.000   12.000   
630.000   630.000   0.000   0.000   -0.105   11.000   
630.000   630.000   0.000   0.000   0.105   22.000   
630.000   630.000   -0.000   0.000   -0.105   22.000   
630.000   630.000   -0.000   0.000   0.000   22.000   
630.000   630.000   -0.000   0.000   0.000   23.000   
630.000   630.000   0.000   0.000   0.000   25.000   
630.000   630.000   0.000   0.000   -0.105   22.000   
630.000   630.000   0.000   0.000   0.000   22.000   
630.000   630.000   0.000   0.000   0.000   26.000   
630.000   630.000   0.000   0.000   0.000   22.000   
630.000   630.000   0.000   0.000   0.000   22.000   
630.000   630.000   0.000   0.000   0.000   24.000   
630.000   630.000   0.000   0.000   0.000   22.000   
630.000   630.000   0.000   0.000   0.000   23.000   
630.000   630.000   0.000   0.000   0.000   26.000   
630.000   630.000   0.000   0.000   0.000   22.000   
630.000   630.000   0.000   0.000   0.000   23.000   
630.000   630.000   0.000   0.000   0.000   22.000   
630.000   630.000   -0.000   0.000   0.105   24.000   
630.000   630.000   -0.000   0.000   0.000   22.000   
630.000   630.000   -0.000   0.000   0.000   20.000   
630.000   630.000   -0.000   0.000   0.000   21.000   
630.000   630.000   0.000   0.000   -0.105   22.000   
630.000   630.000   0.000   0.000   0.105   22.000   
630.000   630.000   -0.000   0.000   0.000   20.000   
630.000   630.000   0.000   0.000   0.000   22.000   
630.000   630.000   0.000   0.000   0.000   24.000   
630.000   630.000   0.000   0.000   0.000   20.000   
630.000   630.000   0.000   0.000   0.000   22.000   
630.000   630.000   0.000   0.000   0.000   20.000   
630.000   630.000   0.000   0.000   0.000   20.000   
630.000   630.000   0.000   0.000   0.000   22.000   
630.000   630.000   0.000   0.000   0.000   22.000   
630.000   630.000   0.000   0.000   0.000   23.000   
630.000   630.000   0.000   0.000   0.000   24.000   
630.000   630.000   0.000   0.000   0.000   22.000   
630.000   630.000   0.000   0.000   0.000   23.000   
630.000   630.000   0.000   0.000   0.000   22.000   
630.000   630.000   0.000   0.000   0.000   23.000   
630.000   630.000   0.000   0.000   0.000   20.000   
630.000   630.000   0.000   0.000   0.000   24.000   
630.000   630.000   0.000   0.000   0.000   11.000   
630.000   630.000   0.000   0.000   0.000   12.000   
630.000   630.000   0.000   0.000   0.000   10.000   
630.000   630.000   0.000   0.000   0.000   10.000   
630.000   630.000   -0.000   0.000   0.105   12.000   
630.000   630.000   -0.000   0.000   0.000   9.000   
630.000   630.000   -0.000   0.000   0.000   12.000   
630.000   630.000   -0.000   0.000   0.000   11.000   
630.000   630.000   -0.000   0.000   0.000   10.000   
630.000   630.000   0.000   0.000   -0.105   9.000   
630.000   630.000   -0.000   0.000   0.000   10.000   
630.000   630.000   -0.000   0.000   0.000   13.000   
630.000   630.000   0.000   0.000   0.000   14.000   
630.000   630.000   0.000   0.000   0.000   13.000   
630.000   630.000   0.000   0.000   0.000   14.000   
630.000   630.000   0.000   0.000   0.000   12.000   
630.000   630.000   0.000   0.000   0.000   9.000   
630.000   630.000   0.000   0.000   0.000   12.000   
630.000   630.000   0.000   0.000   0.000   12.000   
630.000   630.000   0.000   0.000   0.000   11.000   
630.000   630.000   0.000   0.000   0.000   12.000   
630.000   630.000   0.000   0.000   0.000   12.000   
630.000   630.000   0.000   0.000   0.000   12.000   
630.000   630.000   0.000   0.000   0.105   10.000   
630.000   630.000   0.000   0.000   -0.105   9.000   
630.000   630.000   -0.000   0.000   0.105   13.000   
630.000   630.000   0.000   0.000   -0.105   12.000   
630.000   630.000   0.000   0.000   0.105   10.000   
630.000   630.000   0.000   0.000   -0.105   11.000   
630.000   630.000   0.000   0.000   0.000   14.000   
630.000   630.000   0.000   0.000   0.000   12.000   
630.000   630.000   0.000   0.000   0.000   12.000   
630.000   630.000   0.000   0.000   0.105   11.000   
630.000   630.000   0.000   0.000   0.000   12.000   
630.000   630.000   -0.000   0.000   0.000   12.000   
630.000   630.000   0.000   0.000   -0.105   9.000   
630.000   630.000   0.000   0.000   0.000   11.000   
630.000   630.000   0.000   0.000   0.000   12.000   
630.000   630.000   0.000   0.000   0.000   16.000   
630.000   630.000   0.000   0.000   0.000   9.000   
630.000   630.000   0.000   0.000   0.000   12.000   
630.000   630.000   0.000   0.000   0.000   14.000   
630.000   630.000   0.000   0.000   0.000   14.000   
630.000   630.000   0.000   0.000   0.000   12.000   
630.000   630.000   0.000   0.000   0.000   9.000   
630.000   630.000   0.000   0.000   0.000   12.000   
630.000   630.000   0.000   0.000   0.000   12.000   
630.000   630.000   0.000   0.000   0.000   8.000   
630.000   630.000   0.000   0.000   0.000   14.000   
630.000   630.000   -0.000   0.000   0.105   15.000   
630.000   630.000   0.000   0.000   0.000   9.000   
630.000   630.000   -0.000   0.000   -0.105   10.000   
630.000   630.000   -0.000   0.000   0.000   12.000   
630.000   630.000   0.000   0.000   -0.105   15.000   
630.000   630.000   -0.000   0.000   0.105   13.000   
630.000   630.000   0.000   0.000   0.000   11.000   
630.000   630.000   0.000   0.000   -0.105   10.000   
630.000   630.000   0.000   0.000   0.000   15.000   
630.000   630.000   0.000   0.000   0.000   14.000   
630.000   630.000   0.000   0.000   0.000   17.000   
630.000   630.000   0.000   0.000   0.000   13.000   
630.000   630.000   0.000   0.000   0.000   13.000   
630.000   630.000   0.000   0.000   0.000   14.000   
630.000   630.000   0.000   0.000   0.000   13.000   
630.000   630.000   0.000   0.000   0.000   12.000   
630.000   630.000   0.000   0.000   0.000   10.000   
630.000   630.000   0.000   0.000   0.000   11.000   
630.000   630.000   0.000   0.000   0.000   16.000   
630.000   630.000   0.000   0.000   0.000   12.000   
630.000   630.000   0.000   0.000   0.000   15.000   
630.000   630.000   -0.000   0.000   0.000   12.000   
630.000   630.000   0.000   0.000   -0.105   12.000   
630.000   630.000   0.000   0.000   0.000   10.000   
630.000   630.000   -0.000   0.000   0.105   12.000   
630.000   630.000   -0.000   0.000   -0.105   12.000   
630.000   630.000   -0.000   0.000   0.000   13.000   
630.000   630.000   0.000   0.000   -0.105   10.000   
630.000   630.000   0.000   0.000   0.105   11.000   
630.000   630.000   0.000   0.000   0.000   14.000   
630.000   630.000   -0.000   0.000   -0.105   12.000   
630.000   630.000   -0.000   0.000   0.000   12.000   
630.000   630.000   0.000   0.000   -0.105   12.000   
630.000   630.000   0.000   0.000   0.000   12.000   
630.000   630.000   0.000   0.000   0.000   13.000   
630.000   630.000   0.000   0.000   0.000   12.000   
630.000   630.000   0.000   0.000   0.000   14.000   
630.000   630.000   0.000   0.000   0.000   12.000   
630.000   630.000   0.000   0.000   0.000   10.000   
630.000   630.000   0.000   0.000   0.000   12.000   
630.000   630.000   0.000   0.000   0.000   15.000   
630.000   630.000   0.000   0.000   0.000   12.000   
630.000   630.000   0.000   0.000   0.000   13.000   
630.000   630.000   0.000   0.000   0.000   13.000   
630.000   630.000   0.000   0.000   0.000   11.000   
630.000   630.000   0.000   0.000   0.000   11.000   
630.000   630.000   0.000   0.000   0.105   11.000   
630.000   630.000   -0.000   0.000   -0.105   12.000   
630.000   630.000   0.000   0.000   0.000   12.000   
630.000   630.000   0.000   0.000   -0.105   12.000   
630.000   630.000   0.000   0.000   0.000   13.000   
630.000   630.000   0.000   0.000   0.105   11.000   
630.000   630.000   -0.000   0.000   0.000   13.000   
630.000   630.000   -0.000   0.000   0.000   13.000   
630.000   630.000   0.000   0.000   -0.105   10.000   
630.000   630.000   0.000   0.000   0.000   13.000   
630.000   630.000   0.000   0.000   0.000   12.000   
630.000   630.000   0.000   0.000   0.000   12.000   
630.000   630.000   0.000   0.000   0.000   12.000   
630.000   630.000   0.000   0.000   0.000   11.000   
630.000   630.000   0.000   0.000   0.000   12.000   
630.000   630.000   0.000   0.000   0.000   12.000   
630.000   630.000   0.000   0.000   0.000   11.000   
630.000   630.000   0.000   0.000   0.000   14.000   
630.000   630.000   0.000   0.000   0.000   13.000   
630.000   630.000   0.000   0.000   0.000   12.000   
630.000   630.000   0.000   0.000   0.000   12.000   
630.000   630.000   0.000   0.000   0.000   12.000   
630.000   630.000   0.000   0.000   0.000   11.000   
630.000   630.000   0.000   0.000   0.105   12.000   
630.000   630.000   0.000   0.000   -0.105   2.000   
630.000   630.000   0.000   0.000   0.000   3.000   
630.000   630.000   0.000   0.000   0.000   4.000   
630.000   630.000   -0.000   0.000   0.105   4.000   
630.000   630.000   -0.000   0.000   0.000   2.000   
630.000   630.000   -0.000   0.000   0.000   4.000   
630.000   630.000   0.000   0.000   -0.105   4.000   
630.000   630.000   0.000   0.000   0.000   4.000   
630.000   630.000   0.000   0.000   0.000   6.000   
630.000   630.000   0.000   0.000   0.000   5.000   
630.000   630.000   0.000   0.000   0.000   4.000   
630.000   630.000   0.000   0.000   0.000   4.000   
630.000   630.000   0.000   0.000   0.000   4.000   
630.000   630.000   0.000   0.000   0.000   3.000   
630.000   630.000   0.000   0.000   0.000   4.000   
630.000   630.000   0.000   0.000   0.000   4.000   
630.000   630.000   0.000   0.000   0.000   2.000   
630.000   630.000   0.000   0.000   0.000   4.000   
630.000   630.000   0.000   0.000   0.000   4.000   
630.000   630.000   0.000   0.000   0.000   2.000   
630.000   630.000   0.000   0.000   0.000   4.000   
630.000   630.000   0.000   0.000   0.000   4.000   
630.000   630.000   0.000   0.000   0.000   2.000   
630.000   630.000   0.000   0.000   0.000   2.000   
630.000   630.000   -0.000   0.000   0.105   5.000   
630.000   630.000   -0.000   0.000   0.000   4.000   
630.000   630.000   0.000   0.000   -0.105   3.000   
630.000   630.000   0.000   0.000   0.105   1.000   
630.000   630.000   -0.000   0.000   -0.105   4.000   
630.000   630.000   0.000   0.000   -0.105   5.000   
630.000   630.000   0.000   0.000   0.000   4.000   
630.000   630.000   0.000   0.000   0.105   2.000   
630.000   630.000   0.000   0.000   0.000   5.000   
630.000   630.000   0.000   0.000   0.000   2.000   
630.000   630.000   0.000   0.000   0.000   3.000   
630.000   630.000   0.000   0.000   0.000   5.000   
630.000   630.000   0.000   0.000   0.000   3.000   
630.000   630.000   0.000   0.000   0.000   2.000   
630.000   630.000   0.000   0.000   0.000   4.000   
630.000   630.000   0.000   0.000   0.000   3.000   
630.000   630.000   0.000   0.000   0.000   14.000   
630.000   630.000   0.000   0.000   0.000   12.000   
630.000   630.000   0.000   0.000   0.000   12.000   
630.000   630.000   0.000   0.000   0.000   11.000   
630.000   630.000   0.000   0.000   0.105   12.000   
630.000   630.000   0.000   0.000   -0.105   12.000   
630.000   630.000   0.000   0.000   0.105   11.000   
630.000   630.000   0.000   0.000   0.000   10.000   
630.000   630.000   0.000   0.000   0.000   14.000   
630.000   630.000   0.000   0.000   0.105   14.000   
630.000   630.000   -0.000   0.000   -0.105   13.000   
630.000   630.000   0.000   0.000   0.000   12.000   
630.000   630.000   0.000   0.000   0.000   12.000   
630.000   630.000   -0.000   0.000   0.105   11.000   
630.000   630.000   0.000   0.000   -0.105   15.000   
630.000   630.000   0.000   0.000   0.000   13.000   
630.000   630.000   0.000   0.000   0.000   13.000   
630.000   630.000   0.000   0.000   0.000   13.000   
630.000   630.000   0.000   0.000   0.000   12.000   
630.000   630.000   0.000   0.000   0.000   12.000   
630.000   630.000   0.000   0.000   0.000   12.000   
630.000   630.000   0.000   0.000   0.000   13.000   
630.000   630.000   0.000   0.000   0.000   12.000   
630.000   630.000   0.000   0.000   0.000   12.000   
630.000   630.000   0.000   0.000   0.000   14.000   
630.000   630.000   0.000   0.000   0.000   14.000   
630.000   630.000   0.000   0.000   0.000   13.000   
630.000   630.000   0.000   0.000   0.000   12.000   
630.000   630.000   0.000   0.000   0.000   13.000   
630.000   630.000   0.000   0.000   0.000   14.000   
630.000   630.000   0.000   0.000   0.000   12.000   
630.000   630.000   -0.000   0.000   0.105   13.000   
630.000   630.000   0.000   0.000   -0.105   11.000   
630.000   630.000   -0.000   0.000   0.000   13.000   
630.000   630.000   -0.000   0.000   0.000   13.000   
630.000   630.000   0.000   0.000   -0.105   11.000   
630.000   630.000   0.000   0.000   0.000   15.000   
630.000   630.000   0.000   0.000   0.105   12.000   
630.000   630.000   -0.000   0.000   -0.105   14.000   
630.000   630.000   0.000   0.000   -0.105   12.000   
630.000   630.000   0.000   0.000   0.000   10.000   
630.000   630.000   0.000   0.000   0.000   12.000   
630.000   630.000   0.000   0.000   0.105   13.000   
630.000   630.000   0.000   0.000   0.000   12.000   
630.000   630.000   0.000   0.000   0.000   10.000   
630.000   630.000   0.000   0.000   0.000   12.000   
630.000   630.000   0.000   0.000   0.000   12.000   
630.000   630.000   0.000   0.000   0.000   13.000   
630.000   630.000   0.000   0.000   0.000   15.000   
630.000   630.000   0.000   0.000   0.000   12.000   
630.000   630.000   0.000   0.000   0.000   10.000   
630.000   630.000   0.000   0.000   0.000   11.000   
630.000   630.000   0.000   0.000   0.000   10.000   
630.000   630.000   -0.000   0.000   0.105   14.000   
630.000   630.000   0.000   0.000   0.000   8.000   
630.000   630.000   0.000   0.000   0.000   13.000   
630.000   630.000   0.000   0.000   0.000   10.000   
630.000   630.000   -0.000   0.000   0.105   11.000   
630.000   630.000   -0.000   0.000   0.000   12.000   
630.000   630.000   -0.000   0.000   -0.105   12.000   
630.000   630.000   0.000   0.000   0.105   13.000   
630.000   630.000   0.000   0.000   -0.105   8.000   
630.000   630.000   -0.000   0.000   0.105   15.000   
630.000   630.000   0.000   0.000   -0.105   13.000   
630.000   630.000   0.000   0.000   0.000   14.000   
630.000   630.000   0.000   0.000   0.000   12.000   
630.000   630.000   0.000   0.000   0.000   11.000   
630.000   630.000   0.000   0.000   0.000   12.000   
630.000   630.000   0.000   0.000   0.000   14.000   
630.000   630.000   0.000   0.000   0.000   9.000   
630.000   630.000   0.000   0.000   0.000   13.000   
630.000   630.000   0.000   0.000   0.000   12.000   
630.000   630.000   0.000   0.000   0.000   8.000   
630.000   630.000   0.000   0.000   0.000   10.000   
630.000   630.000   -0.000   0.000   0.105   13.000   
630.000   630.000   -0.000   0.000   0.000   10.000   
630.000   630.000   0.000   0.000   -0.105   15.000   
630.000   630.000   0.000   0.000   0.105   9.000   
630.000   630.000   -0.000   0.000   0.000   13.000   
630.000   630.000   0.000   0.000   -0.105   14.000   
630.000   630.000   -0.000   0.000   0.000   13.000   
630.000   630.000   0.000   0.000   0.105   12.000   
630.000   630.000   0.000   0.000   0.000   15.000   
630.000   630.000   0.000   0.000   0.000   13.000   
630.000   630.000   0.000   0.000   0.000   12.000   
630.000   630.000   0.000   0.000   0.105   10.000   
630.000   630.000   0.000   0.000   -0.105   12.000   
630.000   630.000   -0.000   0.000   0.105   13.000   
630.000   630.000   0.000   0.000   -0.105   14.000   
630.000   630.000   0.000   0.000   0.000   12.000   
630.000   630.000   0.000   0.000   0.000   13.000   
630.000   630.000   0.000   0.000   0.000   10.000   
630.000   630.000   0.000   0.000   0.000   12.000   
630.000   630.000   0.000   0.000   0.000   13.000   
630.000   630.000   0.000   0.000   0.000   13.000   
630.000   630.000   -0.000   0.000   0.000   13.000   
630.000   630.000   0.000   0.000   0.000   13.000   
630.000   630.000   0.000   0.000   0.000   12.000   
630.000   630.000   0.000   0.000   0.105   12.000   
630.000   630.000   0.000   0.000   -0.105   12.000   
630.000   630.000   0.000   0.000   0.000   14.000   
630.000   630.000   0.000   0.000   -0.105   13.000   
630.000   630.000   -0.000   0.000   0.105   15.000   
630.000   630.000   -0.000   0.000   -0.105   10.000   
630.000   630.000   -0.000   0.000   0.000   13.000   
630.000   630.000   0.000   0.000   -0.105   12.000   
630.000   630.000   0.000   0.000   0.000   15.000   
630.000   630.000   -0.000   0.000   0.105   13.000   
630.000   630.000   0.000   0.000   -0.105   16.000   
630.000   630.000   0.000   0.000   0.000   12.000   
630.000   630.000   0.000   0.000   0.000   12.000   
630.000   630.000   0.000   0.000   0.000   10.000   
630.000   630.000   0.000   0.000   0.000   14.000   
630.000   630.000   0.000   0.000   0.000   10.000   
630.000   630.000   0.000   0.000   0.000   14.000   
630.000   630.000   0.000   0.000   0.000   13.000   
630.000   630.000   0.000   0.000   0.000   16.000   
630.000   630.000   0.000   0.000   0.000   21.000   
630.000   630.000   0.000   0.000   0.000   20.000   
630.000   630.000   0.000   0.000   0.000   22.000   
630.000   630.000   0.000   0.000   0.000   21.000   
630.000   630.000   0.000   0.000   0.000   23.000   
630.000   630.000   0.000   0.000   0.000   21.000   
630.000   630.000   0.000   0.000   0.105   21.000   
630.000   630.000   0.000   0.000   0.000   21.000   
630.000   630.000   0.000   0.000   0.000   24.000   
630.000   630.000   0.000   0.000   0.105   20.000   
630.000   630.000   -0.000   0.000   0.000   21.000   
630.000   630.000   0.000   0.000   0.000   23.000   
630.000   630.000   -0.000   0.000   0.105   18.000   
630.000   630.000   0.000   0.000   0.000   20.000   
630.000   630.000   0.000   0.000   -0.105   21.000   
630.000   630.000   0.000   0.000   0.105   20.000   
630.000   630.000   0.000   0.000   0.000   20.000   
630.000   630.000   0.000   0.000   0.000   22.000   
630.000   630.000   0.000   0.000   0.000   20.000   
630.000   630.000   0.000   0.000   0.000   22.000   
630.000   630.000   0.000   0.000   0.000   18.000   
630.000   630.000   0.000   0.000   0.000   20.000   
630.000   630.000   0.000   0.000   0.000   20.000   
630.000   630.000   0.000   0.000   0.000   23.000   
630.000   630.000   0.000   0.000   0.000   19.000   
630.000   630.000   0.000   0.000   0.000   22.000   
630.000   630.000   0.000   0.000   0.000   23.000   
630.000   630.000   0.000   0.000   0.000   21.000   
630.000   630.000   0.000   0.000   0.000   21.000   
630.000   630.000   -0.000   0.000   0.000   21.000   
630.000   630.000   -0.000   0.000   0.000   19.000   
630.000   630.000   -0.000   0.000   -0.105   22.000   
630.000   630.000   -0.000   0.000   0.000   22.000   
630.000   630.000   0.000   0.000   0.000   19.000   
630.000   630.000   -0.000   0.000   0.000   23.000   
630.000   630.000   0.000   0.000   -0.105   24.000   
630.000   630.000   0.000   0.000   0.000   21.000   
630.000   630.000   0.000   0.000   0.000   21.000   
630.000   630.000   0.000   0.000   0.000   23.000   
630.000   630.000   0.000   0.000   0.000   23.000   
630.000   630.000   0.000   0.000   0.000   13.000   
630.000   630.000   0.000   0.000   0.000   11.000   
630.000   630.000   0.000   0.000   0.000   13.000   
630.000   630.000   0.000   0.000   0.000   12.000   
630.000   630.000   0.000   0.000   0.000   12.000   
630.000   630.000   0.000   0.000   0.000   13.000   
630.000   630.000   0.000   0.000   0.000   12.000   
630.000   630.000   0.000   0.000   0.000   12.000   
630.000   630.000   0.000   0.000   0.000   13.000   
630.000   630.000   0.000   0.000   0.000   14.000   
630.000   630.000   0.000   0.000   0.000   12.000   
630.000   630.000   0.000   0.000   0.000   12.000   
630.000   630.000   0.000   0.000   0.000   10.000   
630.000   630.000   0.000   0.000   0.000   12.000   
630.000   630.000   -0.000   0.000   0.105   12.000   
630.000   630.000   0.000   0.000   0.000   10.000   
630.000   630.000   0.000   0.000   -0.105   15.000   
630.000   630.000   -0.000   0.000   0.105   10.000   
630.000   630.000   -0.000   0.000   0.000   13.000   
630.000   630.000   0.000   0.000   0.000   11.000   
630.000   630.000   -0.000   0.000   -0.105   9.000   
630.000   630.000   0.000   0.000   -0.105   10.000   
630.000   630.000   0.000   0.000   0.000   12.000   
630.000   630.000   0.000   0.000   0.000   11.000   
630.000   630.000   0.000   0.000   0.000   13.000   
630.000   630.000   0.000   0.000   0.000   12.000   
630.000   630.000   0.000   0.000   0.000   13.000   
630.000   630.000   0.000   0.000   0.000   12.000   
630.000   630.000   0.000   0.000   0.000   12.000   
630.000   630.000   0.000   0.000   0.000   12.000   
630.000   630.000   0.000   0.000   0.000   10.000   
630.000   630.000   0.000   0.000   0.000   14.000   
630.000   630.000   0.000   0.000   0.000   13.000   
630.000   630.000   0.000   0.000   0.000   12.000   
630.000   630.000   0.000   0.000   0.000   12.000   
630.000   630.000   -0.000   0.000   0.105   13.000   
630.000   630.000   0.000   0.000   -0.105   13.000   
630.000   630.000   -0.000   0.000   0.105   11.000   
630.000   630.000   -0.000   0.000   -0.105   13.000   
630.000   630.000   0.000   0.000   0.000   13.000   
630.000   630.000   -0.000   0.000   0.105   8.000   
630.000   630.000   0.000   0.000   0.000   9.000   
630.000   630.000   0.000   0.000   -0.105   10.000   
630.000   630.000   0.000   0.000   0.105   12.000   
630.000   630.000   0.000   0.000   0.000   16.000   
630.000   630.000   0.000   0.000   0.000   12.000   
630.000   630.000   0.000   0.000   0.000   12.000   
630.000   630.000   0.000   0.000   0.000   13.000   
630.000   630.000   0.000   0.000   0.000   11.000   
630.000   630.000   0.000   0.000   0.000   14.000   
630.000   630.000   0.000   0.000   0.000   12.000   
630.000   630.000   0.000   0.000   0.000   10.000   
630.000   630.000   0.000   0.000   0.000   12.000   
630.000   630.000   0.000   0.000   0.000   11.000   
630.000   630.000   0.000   0.000   0.000   16.000   
630.000   630.000   0.000   0.000   0.000   12.000   
630.000   630.000   0.000   0.000   0.000   10.000   
630.000   630.000   0.000   0.000   -0.105   14.000   
630.000   630.000   0.000   0.000   0.000   15.000   
630.000   630.000   0.000   0.000   0.000   11.000   
630.000   630.000   0.000   0.000   0.000   15.000   
630.000   630.000   -0.000   0.000   0.105   11.000   
630.000   630.000   -0.000   0.000   0.000   9.000   
630.000   630.000   0.000   0.000   -0.105   8.000   
630.000   630.000   -0.000   0.000   0.000   12.000   
630.000   630.000   0.000   0.000   0.105   13.000   
630.000   630.000   0.000   0.000   -0.105   13.000   
630.000   630.000   0.000   0.000   0.000   12.000   
630.000   630.000   0.000   0.000   0.000   10.000   
630.000   630.000   0.000   0.000   0.000   14.000   
630.000   630.000   0.000   0.000   0.000   9.000   
630.000   630.000   0.000   0.000   0.000   10.000   
630.000   630.000   0.000   0.000   0.000   11.000   
630.000   630.000   0.000   0.000   0.000   12.000   
630.000   630.000   0.000   0.000   0.000   12.000   
630.000   630.000   0.000   0.000   0.000   11.000   
630.000   630.000   -0.000   0.000   0.105   13.000   
630.000   630.000   -0.000   0.000   -0.105   12.000   
630.000   630.000   0.000   0.000   0.000   14.000   
630.000   630.000   0.000   0.000   0.105   13.000   
630.000   630.000   0.000   0.000   0.000   13.000   
630.000   630.000   0.000   0.000   0.000   15.000   
630.000   630.000   0.000   0.000   0.105   11.000   
630.000   630.000   -0.000   0.000   -0.105   12.000   
630.000   630.000   0.000   0.000   0.000   12.000   
630.000   630.000   0.000   0.000   0.000   11.000   
630.000   630.000   0.000   0.000   0.105   12.000   
630.000   630.000   0.000   0.000   0.000   13.000   
630.000   630.000   0.000   0.000   -0.105   12.000   
630.000   630.000   0.000   0.000   0.000   10.000   
630.000   630.000   0.000   0.000   0.000   12.000   
630.000   630.000   0.000   0.000   0.000   12.000   
630.000   630.000   0.000   0.000   0.000   13.000   
630.000   630.000   0.000   0.000   0.000   13.000   
630.000   630.000   0.000   0.000   0.000   12.000   
630.000   630.000   0.000   0.000   0.000   11.000   
630.000   630.000   0.000   0.000   0.000   13.000   
630.000   630.000   0.000   0.000   0.000   12.000   
630.000   630.000   0.000   0.000   0.000   12.000   
630.000   630.000   0.000   0.000   0.000   12.000   
630.000   630.000   0.000   0.000   0.000   9.000   
630.000   630.000   0.000   0.000   0.000   13.000   
630.000   630.000   0.000   0.000   0.000   11.000   
630.000   630.000   0.000   0.000   0.000   12.000   
630.000   630.000   -0.000   0.000   0.000   13.000   
630.000   630.000   -0.000   0.000   0.000   14.000   
630.000   630.000   -0.000   0.000   0.105   13.000   
630.000   630.000   -0.000   0.000   0.000   14.000   
630.000   630.000   -0.000   0.000   0.000   16.000   
630.000   630.000   -0.000   0.000   -0.105   10.000   
630.000   630.000   0.000   0.000   0.000   15.000   
630.000   630.000   -0.000   0.000   0.000   14.000   
630.000   630.000   0.000   0.000   -0.105   14.000   
630.000   630.000   0.000   0.000   0.000   12.000   
630.000   630.000   0.000   0.000   0.000   13.000   
630.000   630.000   0.000   0.000   0.000   12.000   
630.000   630.000   0.000   0.000   0.000   13.000   
630.000   630.000   0.000   0.000   0.000   12.000   
630.000   630.000   0.000   0.000   0.105   10.000   
630.000   630.000   0.000   0.000   -0.105   2.000   
630.000   630.000   0.000   0.000   0.000   4.000   
630.000   630.000   0.000   0.000   0.000   1.000   
630.000   630.000   0.000   0.000   0.000   4.000   
630.000   630.000   0.000   0.000   0.000   3.000   
630.000   630.000   0.000   0.000   0.000   4.000   
630.000   630.000   -0.000   0.000   0.105   5.000   
630.000   630.000   0.000   0.000   -0.105   3.000   
630.000   630.000   0.000   0.000   0.000   2.000   
630.000   630.000   0.000   0.000   0.000   -1.000   
630.000   630.000   -0.000   0.000   0.000   1.000   
630.000   630.000   -0.000   0.000   0.000   3.000   
630.000   630.000   0.000   0.000   -0.105   1.000   
630.000   630.000   -0.000   0.000   0.000   1.000   
630.000   630.000   -0.000   0.000   0.105   4.000   
630.000   630.000   -0.000   0.000   0.105   4.000   
630.000   630.000   0.000   0.000   -0.105   3.000   
630.000   630.000   0.000   0.000   0.000   5.000   
630.000   630.000   0.000   0.000   0.000   6.000   
630.000   630.000   0.000   0.000   0.000   5.000   
630.000   630.000   0.000   0.000   0.000   1.000   
630.000   630.000   0.000   0.000   0.000   4.000   
630.000   630.000   0.000   0.000   0.000   2.000   
630.000   630.000   0.000   0.000   0.000   6.000   
630.000   630.000   0.000   0.000   0.000   5.000   
630.000   630.000   0.000   0.000   0.000   6.000   
630.000   630.000   0.000   0.000   0.000   5.000   
630.000   630.000   0.000   0.000   0.000   4.000   
630.000   630.000   0.000   0.000   0.000   2.000   
630.000   630.000   0.000   0.000   0.000   4.000   
630.000   630.000   0.000   0.000   0.000   4.000   
630.000   630.000   0.000   0.000   0.000   4.000   
630.000   630.000   0.000   0.000   0.105   1.000   
630.000   630.000   -0.000   0.000   0.105   3.000   
630.000   630.000   -0.000   0.000   0.000   3.000   
630.000   630.000   -0.000   0.000   -0.105   5.000   
630.000   630.000   0.000   0.000   0.105   2.000   
630.000   630.000   -0.000   0.000   0.000   4.000   
630.000   630.000   0.000   0.000   0.000   3.000   
630.000   630.000   0.000   0.000   0.000   4.000   
630.000   630.000   -0.000   0.000   0.105   11.000   
630.000   630.000   -0.000   0.000   -0.105   13.000   
630.000   630.000   -0.000   0.000   0.000   12.000   
630.000   630.000   0.000   0.000   -0.105   12.000   
630.000   630.000   0.000   0.000   0.000   11.000   
630.000   630.000   0.000   0.000   0.000   11.000   
630.000   630.000   0.000   0.000   0.000   14.000   
630.000   630.000   0.000   0.000   0.000   13.000   
630.000   630.000   0.000   0.000   0.000   12.000   
630.000   630.000   -0.000   0.000   0.000   12.000   
630.000   630.000   0.000   0.000   0.000   12.000   
630.000   630.000   0.000   0.000   0.000   13.000   
630.000   630.000   0.000   0.000   0.000   12.000   
630.000   630.000   0.000   0.000   0.000   14.000   
630.000   630.000   0.000   0.000   0.105   13.000   
630.000   630.000   0.000   0.000   -0.105   13.000   
630.000   630.000   0.000   0.000   0.000   12.000   
630.000   630.000   0.000   0.000   0.000   12.000   
630.000   630.000   0.000   0.000   0.105   12.000   
630.000   630.000   0.000   0.000   -0.105   12.000   
630.000   630.000   -0.000   0.000   0.105   15.000   
630.000   630.000   -0.000   0.000   0.000   11.000   
630.000   630.000   0.000   0.000   -0.105   14.000   
630.000   630.000   0.000   0.000   0.000   12.000   
630.000   630.000   0.000   0.000   0.105   12.000   
630.000   630.000   0.000   0.000   0.000   12.000   
630.000   630.000   0.000   0.000   0.000   12.000   
630.000   630.000   0.000   0.000   0.000   13.000   
630.000   630.000   0.000   0.000   0.000   12.000   
630.000   630.000   0.000   0.000   0.000   13.000   
630.000   630.000   0.000   0.000   0.000   12.000   
630.000   630.000   0.000   0.000   0.000   12.000   
630.000   630.000   0.000   0.000   0.000   11.000   
630.000   630.000   0.000   0.000   0.000   12.000   
630.000   630.000   0.000   0.000   0.000   11.000   
630.000   630.000   0.000   0.000   0.000   12.000   
630.000   630.000   0.000   0.000   0.000   11.000   
630.000   630.000   0.000   0.000   0.000   13.000   
630.000   630.000   0.000   0.000   0.000   11.000   
630.000   630.000   0.000   0.000   0.000   14.000   
630.000   630.000   0.000   0.000   0.000   12.000   
630.000   630.000   0.000   0.000   0.000   9.000   
630.000   630.000   -0.000   0.000   0.000   12.000   
630.000   630.000   0.000   0.000   -0.105   16.000   
630.000   630.000   -0.000   0.000   0.105   16.000   
630.000   630.000   -0.000   0.000   -0.105   16.000   
630.000   630.000   0.000   0.000   0.000   16.000   
630.000   630.000   0.000   0.000   0.000   9.000   
630.000   630.000   0.000   0.000   0.000   11.000   
630.000   630.000   0.000   0.000   0.000   13.000   
630.000   630.000   0.000   0.000   0.000   13.000   
630.000   630.000   0.000   0.000   0.000   12.000   
630.000   630.000   0.000   0.000   0.000   13.000   
630.000   630.000   0.000   0.000   0.000   15.000   
630.000   630.000   0.000   0.000   0.000   15.000   
630.000   630.000   0.000   0.000   0.000   15.000   
630.000   630.000   0.000   0.000   0.000   12.000   
630.000   630.000   0.000   0.000   0.000   13.000   
630.000   630.000   0.000   0.000   0.000   12.000   
630.000   630.000   0.000   0.000   0.000   12.000   
630.000   630.000   0.000   0.000   0.000   10.000   
630.000   630.000   0.000   0.000   0.000   14.000   
630.000   630.000   0.000   0.000   0.000   10.000   
630.000   630.000   0.000   0.000   0.000   12.000   
630.000   630.000   0.000   0.000   0.000   13.000   
630.000   630.000   -0.000   0.000   0.000   10.000   
630.000   630.000   -0.000   0.000   0.000   12.000   
630.000   630.000   0.000   0.000   -0.105   14.000   
630.000   630.000   0.000   0.000   0.000   13.000   
630.000   630.000   -0.000   0.000   0.000   10.000   
630.000   630.000   0.000   0.000   0.000   13.000   
630.000   630.000   0.000   0.000   0.000   10.000   
630.000   630.000   0.000   0.000   0.000   14.000   
630.000   630.000   0.000   0.000   0.000   12.000   
630.000   630.000   0.000   0.000   0.000   10.000   
630.000   630.000   0.000   0.000   0.000   12.000   
630.000   630.000   0.000   0.000   0.000   13.000   
630.000   630.000   0.000   0.000   0.000   16.000   
630.000   630.000   0.000   0.000   0.000   13.000   
630.000   630.000   0.000   0.000   0.000   13.000   
630.000   630.000   0.000   0.000   0.000   14.000   
630.000   630.000   0.000   0.000   0.000   13.000   
630.000   630.000   0.000   0.000   0.000   13.000   
630.000   630.000   0.000   0.000   0.000   12.000   
630.000   630.000   0.000   0.000   0.000   11.000   
630.000   630.000   0.000   0.000   0.000   12.000   
630.000   630.000   0.000   0.000   0.105   9.000   
630.000   630.000   -0.000   0.000   0.000   13.000   
630.000   630.000   -0.000   0.000   0.105   12.000   
630.000   630.000   -0.000   0.000   0.000   12.000   
630.000   630.000   -0.000   0.000   0.000   14.000   
630.000   630.000   0.000   0.000   -0.105   13.000   
630.000   630.000   0.000   0.000   0.105   11.000   
630.000   630.000   0.000   0.000   -0.105   12.000   
630.000   630.000   -0.000   0.000   0.105   12.000   
630.000   630.000   0.000   0.000   -0.105   16.000   
630.000   630.000   0.000   0.000   0.000   12.000   
630.000   630.000   0.000   0.000   0.000   14.000   
630.000   630.000   0.000   0.000   0.000   14.000   
630.000   630.000   0.000   0.000   0.000   14.000   
630.000   630.000   0.000   0.000   0.000   15.000   
630.000   630.000   0.000   0.000   0.000   13.000   
630.000   630.000   0.000   0.000   0.000   12.000   
630.000   630.000   0.000   0.000   0.000   12.000   
630.000   630.000   0.000   0.000   0.000   13.000   
630.000   630.000   0.000   0.000   0.000   12.000   
630.000   630.000   0.000   0.000   0.000   13.000   
630.000   630.000   0.000   0.000   0.000   12.000   
630.000   630.000   0.000   0.000   0.000   12.000   
630.000   630.000   0.000   0.000   0.000   14.000   
630.000   630.000   0.000   0.000   0.000   10.000   
630.000   630.000   0.000   0.000   0.000   14.000   
630.000   630.000   0.000   0.000   0.000   15.000   
630.000   630.000   -0.000   0.000   0.105   12.000   
630.000   630.000   -0.000   0.000   -0.105   10.000   
630.000   630.000   0.000   0.000   0.000   13.000   
630.000   630.000   -0.000   0.000   0.105   13.000   
630.000   630.000   0.000   0.000   -0.105   12.000   
630.000   630.000   0.000   0.000   0.000   11.000   
630.000   630.000   0.000   0.000   0.000   25.000   
630.000   630.000   0.000   0.000   0.000   21.000   
630.000   630.000   0.000   0.000   0.000   22.000   
630.000   630.000   0.000   0.000   0.000   21.000   
630.000   630.000   0.000   0.000   0.000   23.000   
630.000   630.000   0.000   0.000   0.000   21.000   
630.000   630.000   0.000   0.000   0.000   23.000   
630.000   630.000   0.000   0.000   0.000   22.000   
630.000   630.000   0.000   0.000   0.000   21.000   
630.000   630.000   0.000   0.000   0.000   21.000   
630.000   630.000   0.000   0.000   0.000   21.000   
630.000   630.000   0.000   0.000   0.000   22.000   
630.000   630.000   0.000   0.000   0.000   23.000   
630.000   630.000   0.000   0.000   0.000   22.000   
630.000   630.000   0.000   0.000   0.000   22.000   
630.000   630.000   -0.000   0.000   0.105   22.000   
630.000   630.000   0.000   0.000   -0.105   23.000   
630.000   630.000   0.000   0.000   0.000   19.000   
630.000   630.000   -0.000   0.000   0.000   23.000   
630.000   630.000   0.000   0.000   0.000   22.000   
630.000   630.000   0.000   0.000   0.000   20.000   
630.000   630.000   0.000   0.000   0.105   21.000   
630.000   630.000   -0.000   0.000   -0.105   23.000   
630.000   630.000   0.000   0.000   0.000   22.000   
630.000   630.000   0.000   0.000   0.000   19.000   
630.000   630.000   -0.000   0.000   0.105   23.000   
630.000   630.000   0.000   0.000   -0.105   22.000   
630.000   630.000   0.000   0.000   0.000   23.000   
630.000   630.000   0.000   0.000   0.000   23.000   
630.000   630.000   0.000   0.000   0.000   22.000   
630.000   630.000   0.000   0.000   0.000   22.000   
630.000   630.000   0.000   0.000   0.000   21.000   
630.000   630.000   0.000   0.000   0.000   21.000   
630.000   630.000   0.000   0.000   0.000   20.000   
630.000   630.000   0.000   0.000   0.000   20.000   
630.000   630.000   0.000   0.000   0.105   18.000   
630.000   630.000   0.000   0.000   0.000   21.000   
630.000   630.000   0.000   0.000   0.000   21.000   
630.000   630.000   0.000   0.000   0.000   22.000   
630.000   630.000   0.000   0.000   0.000   10.000   
630.000   630.000   -0.000   0.000   0.105   13.000   
630.000   630.000   0.000   0.000   -0.105   12.000   
630.000   630.000   -0.000   0.000   0.000   13.000   
630.000   630.000   0.000   0.000   -0.105   12.000   
630.000   630.000   0.000   0.000   0.000   14.000   
630.000   630.000   0.000   0.000   0.105   15.000   
630.000   630.000   0.000   0.000   0.000   12.000   
630.000   630.000   0.000   0.000   0.000   11.000   
630.000   630.000   0.000   0.000   0.000   10.000   
630.000   630.000   0.000   0.000   0.000   11.000   
630.000   630.000   0.000   0.000   0.000   9.000   
630.000   630.000   0.000   0.000   0.000   13.000   
630.000   630.000   0.000   0.000   0.000   13.000   
630.000   630.000   0.000   0.000   0.000   13.000   
630.000   630.000   0.000   0.000   0.000   12.000   
630.000   630.000   0.000   0.000   0.000   12.000   
630.000   630.000   0.000   0.000   0.000   11.000   
630.000   630.000   0.000   0.000   0.000   13.000   
630.000   630.000   0.000   0.000   0.000   12.000   
630.000   630.000   0.000   0.000   0.000   12.000   
630.000   630.000   0.000   0.000   0.000   12.000   
630.000   630.000   -0.000   0.000   0.105   12.000   
630.000   630.000   0.000   0.000   -0.105   12.000   
630.000   630.000   0.000   0.000   0.105   14.000   
630.000   630.000   -0.000   0.000   0.000   12.000   
630.000   630.000   -0.000   0.000   0.000   12.000   
630.000   630.000   0.000   0.000   -0.105   13.000   
630.000   630.000   0.000   0.000   0.000   12.000   
630.000   630.000   0.000   0.000   0.105   12.000   
630.000   630.000   0.000   0.000   -0.105   12.000   
630.000   630.000   0.000   0.000   0.000   11.000   
630.000   630.000   -0.000   0.000   0.000   11.000   
630.000   630.000   0.000   0.000   0.000   13.000   
630.000   630.000   0.000   0.000   0.000   10.000   
630.000   630.000   0.000   0.000   0.000   13.000   
630.000   630.000   0.000   0.000   0.000   13.000   
630.000   630.000   0.000   0.000   0.000   12.000   
630.000   630.000   0.000   0.000   0.000   13.000   
630.000   630.000   0.000   0.000   0.000   11.000   
630.000   630.000   0.000   0.000   0.000   12.000   
630.000   630.000   0.000   0.000   0.000   13.000   
630.000   630.000   0.000   0.000   0.105   10.000   
630.000   630.000   0.000   0.000   0.000   15.000   
630.000   630.000   0.000   0.000   0.000   11.000   
630.000   630.000   0.000   0.000   0.000   13.000   
630.000   630.000   -0.000   0.000   0.105   12.000   
630.000   630.000   0.000   0.000   -0.105   13.000   
630.000   630.000   0.000   0.000   -0.105   11.000   
630.000   630.000   0.000   0.000   0.000   12.000   
630.000   630.000   0.000   0.000   0.000   11.000   
630.000   630.000   0.000   0.000   0.000   11.000   
630.000   630.000   0.000   0.000   0.000   13.000   
630.000   630.000   0.000   0.000   0.000   12.000   
630.000   630.000   0.000   0.000   0.000   10.000   
630.000   630.000   0.000   0.000   0.000   11.000   
630.000   630.000   0.000   0.000   0.000   13.000   
630.000   630.000   0.000   0.000   0.000   18.000   
630.000   630.000   0.000   0.000   0.000   13.000   
630.000   630.000   0.000   0.000   0.000   13.000   
630.000   630.000   0.000   0.000   0.000   11.000   
630.000   630.000   0.000   0.000   0.000   11.000   
630.000   630.000   0.000   0.000   0.000   12.000   
630.000   630.000   0.000   0.000   0.000   14.000   
630.000   630.000   0.000   0.000   0.000   12.000   
630.000   630.000   0.000   0.000   0.000   12.000   
630.000   630.000   0.000   0.000   0.000   12.000   
630.000   630.000   0.000   0.000   0.000   12.000   
630.000   630.000   0.000   0.000   0.000   12.000   
630.000   630.000   -0.000   0.000   0.000   10.000   
630.000   630.000   -0.000   0.000   0.000   9.000   
630.000   630.000   -0.000   0.000   0.105   9.000   
630.000   630.000   -0.000   0.000   0.000   13.000   
630.000   630.000   -0.000   0.000   0.000   12.000   
630.000   630.000   -0.000   0.000   0.000   12.000   
630.000   630.000   0.000   0.000   0.000   12.000   
630.000   630.000   0.000   0.000   0.000   13.000   
630.000   630.000   0.000   0.000   0.000   14.000   
630.000   630.000   0.000   0.000   0.000   10.000   
630.000   630.000   0.000   0.000   0.000   13.000   
630.000   630.000   0.000   0.000   0.000   12.000   
630.000   630.000   0.000   0.000   0.000   13.000   
630.000   630.000   0.000   0.000   0.000   12.000   
630.000   630.000   0.000   0.000   0.000   13.000   
630.000   630.000   0.000   0.000   0.000   12.000   
630.000   630.000   0.000   0.000   0.000   12.000   
630.000   630.000   0.000   0.000   0.000   13.000   
630.000   630.000   0.000   0.000   0.000   12.000   
630.000   630.000   -0.000   0.000   0.105   12.000   
630.000   630.000   0.000   0.000   0.000   12.000   
630.000   630.000   0.000   0.000   0.000   12.000   
630.000   630.000   0.000   0.000   0.000   14.000   
630.000   630.000   0.000   0.000   0.105   13.000   
630.000   630.000   0.000   0.000   0.000   12.000   
630.000   630.000   0.000   0.000   0.000   12.000   
630.000   630.000   0.000   0.000   0.105   11.000   
630.000   630.000   -0.000   0.000   -0.105   13.000   
630.000   630.000   0.000   0.000   0.000   12.000   
630.000   630.000   0.000   0.000   0.000   13.000   
630.000   630.000   0.000   0.000   0.000   12.000   
630.000   630.000   0.000   0.000   0.000   13.000   
630.000   630.000   0.000   0.000   0.000   13.000   
630.000   630.000   0.000   0.000   0.000   13.000   
630.000   630.000   0.000   0.000   0.000   12.000   
630.000   630.000   0.000   0.000   0.000   13.000   
630.000   630.000   0.000   0.000   0.000   15.000   
630.000   630.000   0.000   0.000   0.000   13.000   
630.000   630.000   0.000   0.000   0.000   15.000   
630.000   630.000   0.000   0.000   0.000   11.000   
630.000   630.000   0.000   0.000   0.000   14.000   
630.000   630.000   0.000   0.000   0.000   15.000   
630.000   630.000   0.000   0.000   0.000   11.000   
630.000   630.000   0.000   0.000   0.000   13.000   
630.000   630.000   0.000   0.000   0.000   11.000   
630.000   630.000   0.000   0.000   0.000   13.000   
630.000   630.000   0.000   0.000   0.105   12.000   
630.000   630.000   -0.000   0.000   0.105   14.000   
630.000   630.000   -0.000   0.000   0.000   13.000   
630.000   630.000   -0.000   0.000   0.000   11.000   
630.000   630.000   -0.000   0.000   -0.105   3.000   
630.000   630.000   -0.000   0.000   0.105   -4.000   
630.000   630.000   -0.000   0.000   0.000   6.000   
630.000   630.000   -0.000   0.000   0.000   3.000   
630.000   630.000   -0.000   0.000   0.000   4.000   
630.000   630.000   0.000   0.000   -0.105   7.000   
630.000   630.000   0.000   0.000   0.000   3.000   
630.000   630.000   0.000   0.000   0.000   4.000   
630.000   630.000   0.000   0.000   0.000   5.000   
630.000   630.000   0.000   0.000   0.000   4.000   
630.000   630.000   0.000   0.000   0.000   4.000   
630.000   630.000   0.000   0.000   0.000   4.000   
630.000   630.000   0.000   0.000   0.000   5.000   
630.000   630.000   0.000   0.000   0.000   3.000   
630.000   630.000   0.000   0.000   0.000   6.000   
630.000   630.000   -0.000   0.000   0.105   5.000   
630.000   630.000   0.000   0.000   -0.105   5.000   
630.000   630.000   0.000   0.000   0.000   3.000   
630.000   630.000   0.000   0.000   0.000   5.000   
630.000   630.000   0.000   0.000   0.000   3.000   
630.000   630.000   0.000   0.000   0.000   5.000   
630.000   630.000   0.000   0.000   0.000   3.000   
630.000   630.000   0.000   0.000   0.000   2.000   
630.000   630.000   0.000   0.000   0.000   3.000   
630.000   630.000   -0.000   0.000   0.105   4.000   
630.000   630.000   -0.000   0.000   -0.105   4.000   
630.000   630.000   0.000   0.000   0.000   4.000   
630.000   630.000   0.000   0.000   0.000   4.000   
630.000   630.000   0.000   0.000   0.000   3.000   
630.000   630.000   0.000   0.000   0.000   4.000   
630.000   630.000   0.000   0.000   0.000   5.000   
630.000   630.000   0.000   0.000   0.000   6.000   
630.000   630.000   0.000   0.000   0.000   4.000   
630.000   630.000   0.000   0.000   0.000   5.000   
630.000   630.000   0.000   0.000   0.000   5.000   
630.000   630.000   0.000   0.000   0.000   5.000   
630.000   630.000   0.000   0.000   0.000   5.000   
630.000   630.000   0.000   0.000   0.000   2.000   
630.000   630.000   0.000   0.000   0.000   -5.000   
630.000   630.000   0.000   0.000   0.000   13.000   
630.000   630.000   0.000   0.000   0.000   11.000   
630.000   630.000   -0.000   0.000   0.105   12.000   
630.000   630.000   0.000   0.000   -0.105   11.000   
630.000   630.000   0.000   0.000   0.105   14.000   
630.000   630.000   0.000   0.000   0.000   12.000   
630.000   630.000   0.000   0.000   0.000   13.000   
630.000   630.000   0.000   0.000   0.000   10.000   
630.000   630.000   0.000   0.000   0.000   14.000   
630.000   630.000   -0.000   0.000   0.105   12.000   
630.000   630.000   -0.000   0.000   -0.105   12.000   
630.000   630.000   0.000   0.000   0.000   12.000   
630.000   630.000   0.000   0.000   0.000   14.000   
630.000   630.000   0.000   0.000   0.000   13.000   
630.000   630.000   0.000   0.000   0.000   10.000   
630.000   630.000   0.000   0.000   0.000   12.000   
630.000   630.000   0.000   0.000   0.000   14.000   
630.000   630.000   0.000   0.000   0.000   13.000   
630.000   630.000   0.000   0.000   0.000   12.000   
630.000   630.000   0.000   0.000   0.000   12.000   
630.000   630.000   0.000   0.000   0.000   11.000   
630.000   630.000   0.000   0.000   0.000   14.000   
630.000   630.000   0.000   0.000   0.000   11.000   
630.000   630.000   0.000   0.000   0.000   11.000   
630.000   630.000   0.000   0.000   0.105   11.000   
630.000   630.000   0.000   0.000   0.000   12.000   
630.000   630.000   0.000   0.000   0.000   13.000   
630.000   630.000   0.000   0.000   0.105   13.000   
630.000   630.000   -0.000   0.000   -0.105   13.000   
630.000   630.000   0.000   0.000   0.000   13.000   
630.000   630.000   -0.000   0.000   0.105   14.000   
630.000   630.000   0.000   0.000   -0.105   12.000   
630.000   630.000   0.000   0.000   0.000   12.000   
630.000   630.000   -0.000   0.000   0.000   14.000   
630.000   630.000   0.000   0.000   0.000   12.000   
630.000   630.000   0.000   0.000   0.000   16.000   
630.000   630.000   0.000   0.000   0.000   13.000   
630.000   630.000   0.000   0.000   0.000   12.000   
630.000   630.000   0.000   0.000   0.000   13.000   
630.000   630.000   0.000   0.000   0.000   12.000   
630.000   630.000   0.000   0.000   0.000   15.000   
630.000   630.000   0.000   0.000   0.000   13.000   
630.000   630.000   0.000   0.000   0.000   13.000   
630.000   630.000   0.000   0.000   0.000   11.000   
630.000   630.000   0.000   0.000   0.000   12.000   
630.000   630.000   0.000   0.000   0.000   11.000   
630.000   630.000   -0.000   0.000   0.000   14.000   
630.000   630.000   -0.000   0.000   0.000   12.000   
630.000   630.000   0.000   0.000   -0.105   16.000   
630.000   630.000   0.000   0.000   0.000   13.000   
630.000   630.000   0.000   0.000   0.000   15.000   
630.000   630.000   -0.000   0.000   0.000   13.000   
630.000   630.000   -0.000   0.000   0.105   9.000   
630.000   630.000   0.000   0.000   -0.105   12.000   
630.000   630.000   -0.000   0.000   0.105   12.000   
630.000   630.000   -0.000   0.000   -0.105   14.000   
630.000   630.000   -0.000   0.000   0.000   13.000   
630.000   630.000   0.000   0.000   -0.105   10.000   
630.000   630.000   -0.000   0.000   0.105   12.000   
630.000   630.000   0.000   0.000   -0.105   15.000   
630.000   630.000   0.000   0.000   0.000   15.000   
630.000   630.000   0.000   0.000   0.000   13.000   
630.000   630.000   0.000   0.000   0.000   13.000   
630.000   630.000   0.000   0.000   0.000   15.000   
630.000   630.000   0.000   0.000   0.000   11.000   
630.000   630.000   0.000   0.000   0.000   15.000   
630.000   630.000   0.000   0.000   0.000   10.000   
630.000   630.000   0.000   0.000   0.000   14.000   
630.000   630.000   0.000   0.000   0.000   15.000   
630.000   630.000   0.000   0.000   0.000   14.000   
630.000   630.000   0.000   0.000   0.000   17.000   
630.000   630.000   0.000   0.000   0.000   15.000   
630.000   630.000   0.000   0.000   0.000   13.000   
630.000   630.000   0.000   0.000   0.000   16.000   
630.000   630.000   0.000   0.000   0.105   10.000   
630.000   630.000   0.000   0.000   0.000   11.000   
630.000   630.000   0.000   0.000   0.000   13.000   
630.000   630.000   -0.000   0.000   0.000   13.000   
630.000   630.000   0.000   0.000   0.000   9.000   
630.000   630.000   0.000   0.000   0.000   14.000   
630.000   630.000   0.000   0.000   0.000   13.000   
630.000   630.000   0.000   0.000   0.000   14.000   
630.000   630.000   0.000   0.000   0.000   10.000   
630.000   630.000   0.000   0.000   0.000   13.000   
630.000   630.000   0.000   0.000   0.000   14.000   
630.000   630.000   0.000   0.000   0.000   13.000   
630.000   630.000   0.000   0.000   0.000   15.000   
630.000   630.000   0.000   0.000   0.000   15.000   
630.000   630.000   0.000   0.000   0.000   12.000   
630.000   630.000   0.000   0.000   0.000   13.000   
630.000   630.000   0.000   0.000   0.000   15.000   
630.000   630.000   0.000   0.000   0.000   10.000   
630.000   630.000   0.000   0.000   0.000   13.000   
630.000   630.000   0.000   0.000   0.000   17.000   
630.000   630.000   0.000   0.000   0.000   14.000   
630.000   630.000   0.000   0.000   0.000   13.000   
630.000   630.000   -0.000   0.000   0.000   13.000   
630.000   630.000   -0.000   0.000   0.105   14.000   
630.000   630.000   0.000   0.000   -0.105   10.000   
630.000   630.000   -0.000   0.000   0.105   12.000   
630.000   630.000   0.000   0.000   0.000   13.000   
630.000   630.000   -0.000   0.000   0.000   13.000   
630.000   630.000   0.000   0.000   -0.105   13.000   
630.000   630.000   0.000   0.000   0.000   12.000   
630.000   630.000   0.000   0.000   0.000   12.000   
630.000   630.000   0.000   0.000   0.105   11.000   
630.000   630.000   0.000   0.000   0.000   13.000   
630.000   630.000   0.000   0.000   0.000   13.000   
630.000   630.000   0.000   0.000   0.000   11.000   
630.000   630.000   0.000   0.000   0.000   13.000   
630.000   630.000   0.000   0.000   0.000   15.000   
630.000   630.000   0.000   0.000   0.000   14.000   
630.000   630.000   0.000   0.000   0.000   15.000   
630.000   630.000   0.000   0.000   0.000   13.000   
630.000   630.000   0.000   0.000   0.000   15.000   
630.000   630.000   0.000   0.000   0.105   13.000   
630.000   630.000   0.000   0.000   0.000   13.000   
630.000   630.000   0.000   0.000   0.000   13.000   
630.000   630.000   0.000   0.000   0.000   15.000   
630.000   630.000   0.000   0.000   0.000   22.000   
630.000   630.000   0.000   0.000   0.000   23.000   
630.000   630.000   0.000   0.000   0.000   22.000   
630.000   630.000   0.000   0.000   0.000   23.000   
630.000   630.000   -0.000   0.000   0.105   26.000   
630.000   630.000   0.000   0.000   -0.105   24.000   
630.000   630.000   0.000   0.000   0.000   23.000   
630.000   630.000   0.000   0.000   0.000   25.000   
630.000   630.000   0.000   0.000   0.000   23.000   
630.000   630.000   0.000   0.000   0.000   25.000   
630.000   630.000   0.000   0.000   0.000   24.000   
630.000   630.000   0.000   0.000   0.000   22.000   
630.000   630.000   0.000   0.000   0.000   23.000   
630.000   630.000   0.000   0.000   0.000   21.000   
630.000   630.000   0.000   0.000   0.000   23.000   
630.000   630.000   0.000   0.000   0.000   24.000   
630.000   630.000   0.000   0.000   0.000   23.000   
630.000   630.000   0.000   0.000   0.000   21.000   
630.000   630.000   0.000   0.000   0.000   18.000   
630.000   630.000   0.000   0.000   0.000   26.000   
630.000   630.000   0.000   0.000   0.000   24.000   
630.000   630.000   0.000   0.000   0.000   27.000   
630.000   630.000   -0.000   0.000   0.000   23.000   
630.000   630.000   -0.000   0.000   0.000   20.000   
630.000   630.000   0.000   0.000   0.000   19.000   
630.000   630.000   0.000   0.000   0.000   23.000   
630.000   630.000   0.000   0.000   0.105   21.000   
630.000   630.000   -0.000   0.000   0.000   24.000   
630.000   630.000   0.000   0.000   0.000   22.000   
630.000   630.000   -0.000   0.000   0.105   22.000   
630.000   630.000   0.000   0.000   0.000   21.000   
630.000   630.000   0.000   0.000   -0.105   22.000   
630.000   630.000   -0.000   0.000   0.000   21.000   
630.000   630.000   0.000   0.000   0.000   24.000   
630.000   630.000   0.000   0.000   0.000   22.000   
630.000   630.000   0.000   0.000   0.000   22.000   
630.000   630.000   0.000   0.000   0.000   23.000   
630.000   630.000   0.000   0.000   0.000   25.000   
630.000   630.000   0.000   0.000   0.000   25.000   
630.000   630.000   0.000   0.000   0.000   25.000   
630.000   630.000   0.000   0.000   0.000   12.000   
630.000   630.000   0.000   0.000   0.000   12.000   
630.000   630.000   0.000   0.000   0.000   13.000   
630.000   630.000   0.000   0.000   0.000   12.000   
630.000   630.000   -0.000   0.000   0.000   13.000   
630.000   630.000   0.000   0.000   0.105   12.000   
630.000   630.000   0.000   0.000   0.000   12.000   
630.000   630.000   0.000   0.000   0.000   13.000   
630.000   630.000   0.000   0.000   0.000   11.000   
630.000   630.000   -0.000   0.000   0.105   11.000   
630.000   630.000   0.000   0.000   -0.105   12.000   
630.000   630.000   0.000   0.000   -0.105   16.000   
630.000   630.000   0.000   0.000   0.000   13.000   
630.000   630.000   0.000   0.000   0.000   13.000   
630.000   630.000   0.000   0.000   0.000   15.000   
630.000   630.000   0.000   0.000   0.000   11.000   
630.000   630.000   0.000   0.000   0.000   12.000   
630.000   630.000   0.000   0.000   0.000   12.000   
630.000   630.000   0.000   0.000   0.000   9.000   
630.000   630.000   0.000   0.000   0.000   11.000   
630.000   630.000   0.000   0.000   0.000   12.000   
630.000   630.000   0.000   0.000   0.000   13.000   
630.000   630.000   0.000   0.000   0.000   10.000   
630.000   630.000   0.000   0.000   0.000   12.000   
630.000   630.000   0.000   0.000   0.000   12.000   
630.000   630.000   0.000   0.000   0.000   13.000   
630.000   630.000   0.000   0.000   0.000   12.000   
630.000   630.000   0.000   0.000   0.000   11.000   
630.000   630.000   0.000   0.000   0.000   11.000   
630.000   630.000   0.000   0.000   0.000   11.000   
630.000   630.000   0.000   0.000   0.000   13.000   
630.000   630.000   0.000   0.000   0.000   12.000   
630.000   630.000   -0.000   0.000   0.000   14.000   
630.000   630.000   0.000   0.000   0.000   12.000   
630.000   630.000   -0.000   0.000   0.105   15.000   
630.000   630.000   0.000   0.000   -0.105   12.000   
630.000   630.000   -0.000   0.000   0.000   15.000   
630.000   630.000   -0.000   0.000   0.105   13.000   
630.000   630.000   0.000   0.000   0.000   12.000   
630.000   630.000   0.000   0.000   0.000   12.000   
630.000   630.000   0.000   0.000   0.000   10.000   
630.000   630.000   0.000   0.000   0.000   12.000   
630.000   630.000   0.000   0.000   0.000   17.000   
630.000   630.000   0.000   0.000   0.000   14.000   
630.000   630.000   0.000   0.000   0.000   13.000   
630.000   630.000   0.000   0.000   0.000   14.000   
630.000   630.000   0.000   0.000   0.000   14.000   
630.000   630.000   0.000   0.000   0.000   12.000   
630.000   630.000   0.000   0.000   0.000   11.000   
630.000   630.000   0.000   0.000   0.000   15.000   
630.000   630.000   0.000   0.000   0.000   12.000   
630.000   630.000   -0.000   0.000   0.000   13.000   
630.000   630.000   0.000   0.000   -0.105   12.000   
630.000   630.000   0.000   0.000   0.000   9.000   
630.000   630.000   0.000   0.000   0.000   13.000   
630.000   630.000   0.000   0.000   0.000   9.000   
630.000   630.000   0.000   0.000   0.000   13.000   
630.000   630.000   0.000   0.000   0.000   12.000   
630.000   630.000   -0.000   0.000   0.000   12.000   
630.000   630.000   0.000   0.000   0.000   13.000   
630.000   630.000   0.000   0.000   0.000   13.000   
630.000   630.000   0.000   0.000   0.000   12.000   
630.000   630.000   0.000   0.000   0.000   12.000   
630.000   630.000   0.000   0.000   0.000   15.000   
630.000   630.000   0.000   0.000   0.000   10.000   
630.000   630.000   0.000   0.000   0.000   10.000   
630.000   630.000   0.000   0.000   0.000   12.000   
630.000   630.000   0.000   0.000   0.000   12.000   
630.000   630.000   0.000   0.000   0.000   16.000   
630.000   630.000   0.000   0.000   0.000   10.000   
630.000   630.000   0.000   0.000   0.000   12.000   
630.000   630.000   0.000   0.000   0.000   12.000   
630.000   630.000   0.000   0.000   0.000   11.000   
630.000   630.000   0.000   0.000   0.000   13.000   
630.000   630.000   0.000   0.000   0.000   13.000   
630.000   630.000   0.000   0.000   0.000   13.000   
630.000   630.000   -0.000   0.000   0.000   12.000   
630.000   630.000   0.000   0.000   0.000   13.000   
630.000   630.000   0.000   0.000   0.105   13.000   
630.000   630.000   -0.000   0.000   0.000   10.000   
630.000   630.000   -0.000   0.000   0.000   13.000   
630.000   630.000   -0.000   0.000   -0.105   12.000   
630.000   630.000   0.000   0.000   0.000   12.000   
630.000   630.000   0.000   0.000   0.000   12.000   
630.000   630.000   -0.000   0.000   0.105   14.000   
630.000   630.000   0.000   0.000   -0.105   13.000   
630.000   630.000   0.000   0.000   0.000   15.000   
630.000   630.000   0.000   0.000   0.000   14.000   
630.000   630.000   0.000   0.000   0.000   14.000   
630.000   630.000   0.000   0.000   0.000   14.000   
630.000   630.000   0.000   0.000   0.000   15.000   
630.000   630.000   0.000   0.000   0.000   15.000   
630.000   630.000   0.000   0.000   0.000   13.000   
630.000   630.000   0.000   0.000   0.000   13.000   
630.000   630.000   0.000   0.000   0.000   12.000   
630.000   630.000   0.000   0.000   0.000   14.000   
630.000   630.000   0.000   0.000   0.000   13.000   
630.000   630.000   0.000   0.000   0.000   15.000   
630.000   630.000   0.000   0.000   0.000   12.000   
630.000   630.000   -0.000   0.000   0.000   13.000   
630.000   630.000   0.000   0.000   0.000   14.000   
630.000   630.000   0.000   0.000   0.000   9.000   
630.000   630.000   -0.000   0.000   0.105   11.000   
630.000   630.000   0.000   0.000   -0.105   10.000   
630.000   630.000   0.000   0.000   0.000   15.000   
630.000   630.000   0.000   0.000   0.000   12.000   
630.000   630.000   0.000   0.000   0.000   12.000   
630.000   630.000   0.000   0.000   0.000   12.000   
630.000   630.000   0.000   0.000   0.105   12.000   
630.000   630.000   0.000   0.000   -0.105   13.000   
630.000   630.000   0.000   0.000   0.000   13.000   
630.000   630.000   0.000   0.000   0.000   12.000   
630.000   630.000   0.000   0.000   0.000   15.000   
630.000   630.000   0.000   0.000   0.000   13.000   
630.000   630.000   0.000   0.000   0.000   14.000   
630.000   630.000   0.000   0.000   0.000   10.000   
630.000   630.000   0.000   0.000   0.000   13.000   
630.000   630.000   0.000   0.000   0.000   10.000   
630.000   630.000   0.000   0.000   0.000   12.000   
630.000   630.000   0.000   0.000   0.000   6.000   
630.000   630.000   0.000   0.000   0.000   3.000   
630.000   630.000   0.000   0.000   0.000   6.000   
630.000   630.000   -0.000   0.000   0.000   2.000   
630.000   630.000   -0.000   0.000   0.000   1.000   
630.000   630.000   -0.000   0.000   0.000   6.000   
630.000   630.000   -0.000   0.000   0.000   5.000   
630.000   630.000   -0.000   0.000   -0.105   3.000   
630.000   630.000   0.000   0.000   0.000   5.000   
630.000   630.000   -0.000   0.000   0.000   3.000   
630.000   630.000   0.000   0.000   -0.105   2.000   
630.000   630.000   -0.000   0.000   0.105   4.000   
630.000   630.000   0.000   0.000   0.000   5.000   
630.000   630.000   0.000   0.000   -0.105   5.000   
630.000   630.000   0.000   0.000   0.000   4.000   
630.000   630.000   0.000   0.000   0.000   4.000   
630.000   630.000   0.000   0.000   0.000   4.000   
630.000   630.000   0.000   0.000   0.000   3.000   
630.000   630.000   0.000   0.000   0.000   5.000   
630.000   630.000   0.000   0.000   0.000   4.000   
630.000   630.000   0.000   0.000   0.000   5.000   
630.000   630.000   0.000   0.000   0.000   -2.000   
630.000   630.000   -0.000   0.000   0.000   6.000   
630.000   630.000   0.000   0.000   0.000   3.000   
630.000   630.000   0.000   0.000   0.000   6.000   
630.000   630.000   0.000   0.000   0.000   3.000   
630.000   630.000   0.000   0.000   0.000   3.000   
630.000   630.000   0.000   0.000   0.000   4.000   
630.000   630.000   0.000   0.000   0.000   4.000   
630.000   630.000   0.000   0.000   0.000   4.000   
630.000   630.000   -0.000   0.000   0.000   4.000   
630.000   630.000   -0.000   0.000   0.000   5.000   
630.000   630.000   0.000   0.000   0.000   4.000   
630.000   630.000   0.000   0.000   0.000   4.000   
630.000   630.000   0.000   0.000   0.000   4.000   
630.000   630.000   0.000   0.000   0.000   8.000   
630.000   630.000   0.000   0.000   0.000   6.000   
630.000   630.000   0.000   0.000   0.000   6.000   
630.000   630.000   0.000   0.000   0.000   1.000   
630.000   630.000   0.000   0.000   0.000   10.000   
630.000   630.000   0.000   0.000   0.000   13.000   
630.000   630.000   0.000   0.000   0.000   11.000   
630.000   630.000   0.000   0.000   0.000   13.000   
630.000   630.000   0.000   0.000   0.000   14.000   
630.000   630.000   0.000   0.000   0.000   15.000   
630.000   630.000   0.000   0.000   0.000   14.000   
630.000   630.000   0.000   0.000   0.000   13.000   
630.000   630.000   0.000   0.000   0.000   12.000   
630.000   630.000   0.000   0.000   0.000   12.000   
630.000   630.000   -0.000   0.000   0.000   13.000   
630.000   630.000   -0.000   0.000   0.105   14.000   
630.000   630.000   -0.000   0.000   0.000   13.000   
630.000   630.000   -0.000   0.000   -0.105   12.000   
630.000   630.000   -0.000   0.000   0.000   16.000   
630.000   630.000   -0.000   0.000   0.000   13.000   
630.000   630.000   -0.000   0.000   0.105   15.000   
630.000   630.000   0.000   0.000   -0.105   13.000   
630.000   630.000   -0.000   0.000   0.000   12.000   
630.000   630.000   -0.000   0.000   0.000   13.000   
630.000   630.000   0.000   0.000   -0.105   12.000   
630.000   630.000   0.000   0.000   0.000   12.000   
630.000   630.000   0.000   0.000   0.000   15.000   
630.000   630.000   0.000   0.000   0.000   9.000   
630.000   630.000   0.000   0.000   0.000   12.000   
630.000   630.000   0.000   0.000   0.000   12.000   
630.000   630.000   0.000   0.000   0.000   12.000   
630.000   630.000   0.000   0.000   0.000   12.000   
630.000   630.000   0.000   0.000   0.000   12.000   
630.000   630.000   0.000   0.000   0.000   11.000   
630.000   630.000   0.000   0.000   0.000   13.000   
630.000   630.000   0.000   0.000   0.000   14.000   
630.000   630.000   0.000   0.000   0.000   13.000   
630.000   630.000   0.000   0.000   0.105   13.000   
630.000   630.000   0.000   0.000   0.000   12.000   
630.000   630.000   0.000   0.000   0.000   12.000   
630.000   630.000   -0.000   0.000   0.000   13.000   
630.000   630.000   0.000   0.000   0.105   13.000   
630.000   630.000   0.000   0.000   -0.105   11.000   
630.000   630.000   -0.000   0.000   0.105   12.000   
630.000   630.000   0.000   0.000   -0.105   10.000   
630.000   630.000   0.000   0.000   0.000   10.000   
630.000   630.000   0.000   0.000   0.000   12.000   
630.000   630.000   0.000   0.000   0.000   12.000   
630.000   630.000   0.000   0.000   0.000   14.000   
630.000   630.000   0.000   0.000   0.000   14.000   
630.000   630.000   0.000   0.000   0.000   15.000   
630.000   630.000   0.000   0.000   0.000   12.000   
630.000   630.000   0.000   0.000   0.000   12.000   
630.000   630.000   0.000   0.000   0.000   13.000   
630.000   630.000   0.000   0.000   0.000   12.000   
630.000   630.000   0.000   0.000   0.000   14.000   
630.000   630.000   0.000   0.000   0.000   14.000   
630.000   630.000   0.000   0.000   0.000   12.000   
630.000   630.000   0.000   0.000   0.000   10.000   
630.000   630.000   0.000   0.000   0.000   16.000   
630.000   630.000   0.000   0.000   0.000   12.000   
630.000   630.000   -0.000   0.000   0.105   15.000   
630.000   630.000   0.000   0.000   -0.105   15.000   
630.000   630.000   0.000   0.000   0.000   14.000   
630.000   630.000   0.000   0.000   0.105   12.000   
630.000   630.000   0.000   0.000   -0.105   9.000   
630.000   630.000   0.000   0.000   0.000   13.000   
630.000   630.000   -0.000   0.000   0.105   11.000   
630.000   630.000   -0.000   0.000   -0.105   14.000   
630.000   630.000   0.000   0.000   0.105   16.000   
630.000   630.000   -0.000   0.000   0.105   13.000   
630.000   630.000   0.000   0.000   -0.105   12.000   
630.000   630.000   0.000   0.000   0.000   13.000   
630.000   630.000   0.000   0.000   0.000   12.000   
630.000   630.000   0.000   0.000   0.000   12.000   
630.000   630.000   0.000   0.000   0.000   12.000   
630.000   630.000   0.000   0.000   0.000   13.000   
630.000   630.000   0.000   0.000   0.000   12.000   
630.000   630.000   0.000   0.000   0.000   13.000   
630.000   630.000   0.000   0.000   0.000   12.000   
630.000   630.000   0.000   0.000   0.000   12.000   
630.000   630.000   0.000   0.000   0.000   11.000   
630.000   630.000   0.000   0.000   0.000   12.000   
630.000   630.000   0.000   0.000   0.000   14.000   
630.000   630.000   0.000   0.000   0.000   15.000   
630.000   630.000   0.000   0.000   0.000   15.000   
630.000   630.000   0.000   0.000   0.105   13.000   
630.000   630.000   0.000   0.000   -0.105   12.000   
630.000   630.000   0.000   0.000   0.000   12.000   
630.000   630.000   0.000   0.000   0.000   11.000   
630.000   630.000   0.000   0.000   0.000   13.000   
630.000   630.000   0.000   0.000   0.105   13.000   
630.000   630.000   0.000   0.000   0.000   15.000   
630.000   630.000   0.000   0.000   0.000   13.000   
630.000   630.000   0.000   0.000   0.000   12.000   
630.000   630.000   0.000   0.000   0.000   15.000   
630.000   630.000   0.000   0.000   0.000   12.000   
630.000   630.000   0.000   0.000   0.000   13.000   
630.000   630.000   0.000   0.000   0.000   14.000   
630.000   630.000   0.000   0.000   0.000   10.000   
630.000   630.000   0.000   0.000   0.000   14.000   
630.000   630.000   0.000   0.000   0.000   13.000   
630.000   630.000   0.000   0.000   0.000   12.000   
630.000   630.000   0.000   0.000   0.000   14.000   
630.000   630.000   0.000   0.000   0.000   13.000   
630.000   630.000   0.000   0.000   0.000   13.000   
630.000   630.000   0.000   0.000   0.000   14.000   
630.000   630.000   0.000   0.000   0.000   13.000   
630.000   630.000   0.000   0.000   0.105   13.000   
630.000   630.000   0.000   0.000   -0.105   12.000   
630.000   630.000   0.000   0.000   0.105   12.000   
630.000   630.000   -0.000   0.000   0.105   13.000   
630.000   630.000   0.000   0.000   -0.105   14.000   
630.000   630.000   -0.000   0.000   0.105   14.000   
630.000   630.000   -0.000   0.000   0.000   13.000   
630.000   630.000   -0.000   0.000   0.000   14.000   
630.000   630.000   0.000   0.000   -0.105   12.000   
630.000   630.000   0.000   0.000   0.000   13.000   
630.000   630.000   0.000   0.000   0.000   14.000   
630.000   630.000   0.000   0.000   0.000   13.000   
630.000   630.000   0.000   0.000   0.000   15.000   
630.000   630.000   0.000   0.000   0.000   12.000   
630.000   630.000   0.000   0.000   0.000   12.000   
630.000   630.000   0.000   0.000   0.000   13.000   
630.000   630.000   0.000   0.000   -0.105   22.000   
630.000   630.000   0.000   0.000   0.000   23.000   
630.000   630.000   0.000   0.000   0.000   23.000   
630.000   630.000   0.000   0.000   0.000   23.000   
630.000   630.000   0.000   0.000   0.000   24.000   
630.000   630.000   0.000   0.000   0.000   22.000   
630.000   630.000   0.000   0.000   0.000   20.000   
630.000   630.000   0.000   0.000   0.000   23.000   
630.000   630.000   0.000   0.000   0.000   23.000   
630.000   630.000   -0.000   0.000   0.105   24.000   
630.000   630.000   0.000   0.000   -0.105   24.000   
630.000   630.000   0.000   0.000   0.000   21.000   
630.000   630.000   -0.000   0.000   0.000   25.000   
630.000   630.000   0.000   0.000   0.000   23.000   
630.000   630.000   0.000   0.000   0.000   22.000   
630.000   630.000   0.000   0.000   0.000   22.000   
630.000   630.000   0.000   0.000   0.000   24.000   
630.000   630.000   0.000   0.000   0.000   25.000   
630.000   630.000   0.000   0.000   0.000   22.000   
630.000   630.000   0.000   0.000   0.000   23.000   
630.000   630.000   0.000   0.000   0.000   23.000   
630.000   630.000   0.000   0.000   0.000   23.000   
630.000   630.000   0.000   0.000   0.000   24.000   
630.000   630.000   0.000   0.000   0.000   23.000   
630.000   630.000   0.000   0.000   0.000   24.000   
630.000   630.000   0.000   0.000   0.000   25.000   
630.000   630.000   0.000   0.000   0.000   26.000   
630.000   630.000   0.000   0.000   0.000   26.000   
630.000   630.000   0.000   0.000   0.000   21.000   
630.000   630.000   -0.000   0.000   0.000   24.000   
630.000   630.000   0.000   0.000   0.000   23.000   
630.000   630.000   -0.000   0.000   0.105   25.000   
630.000   630.000   0.000   0.000   0.000   24.000   
630.000   630.000   -0.000   0.000   0.105   21.000   
630.000   630.000   -0.000   0.000   0.000   25.000   
630.000   630.000   -0.000   0.000   0.000   23.000   
630.000   630.000   -0.000   0.000   0.000   23.000   
630.000   630.000   -0.000   0.000   0.000   24.000   
630.000   630.000   -0.000   0.000   -0.105   23.000   
630.000   630.000   0.000   0.000   0.000   12.000   
630.000   630.000   0.000   0.000   0.000   12.000   
630.000   630.000   0.000   0.000   0.000   11.000   
630.000   630.000   0.000   0.000   0.000   14.000   
630.000   630.000   0.000   0.000   0.000   10.000   
630.000   630.000   0.000   0.000   0.000   14.000   
630.000   630.000   0.000   0.000   0.000   13.000   
630.000   630.000   0.000   0.000   0.000   13.000   
630.000   630.000   0.000   0.000   0.000   12.000   
630.000   630.000   0.000   0.000   0.000   12.000   
630.000   630.000   0.000   0.000   0.000   13.000   
630.000   630.000   0.000   0.000   0.000   10.000   
630.000   630.000   0.000   0.000   0.000   11.000   
630.000   630.000   0.000   0.000   0.000   11.000   
630.000   630.000   0.000   0.000   0.000   13.000   
630.000   630.000   0.000   0.000   0.000   13.000   
630.000   630.000   0.000   0.000   0.000   12.000   
630.000   630.000   0.000   0.000   0.000   12.000   
630.000   630.000   0.000   0.000   0.000   10.000   
630.000   630.000   0.000   0.000   0.000   14.000   
630.000   630.000   0.000   0.000   0.000   10.000   
630.000   630.000   -0.000   0.000   0.105   13.000   
630.000   630.000   0.000   0.000   -0.105   15.000   
630.000   630.000   0.000   0.000   0.000   13.000   
630.000   630.000   0.000   0.000   0.000   11.000   
630.000   630.000   0.000   0.000   0.000   12.000   
630.000   630.000   0.000   0.000   0.000   12.000   
630.000   630.000   0.000   0.000   0.000   12.000   
630.000   630.000   0.000   0.000   0.000   12.000   
630.000   630.000   0.000   0.000   0.000   12.000   
630.000   630.000   0.000   0.000   0.000   11.000   
630.000   630.000   0.000   0.000   0.000   10.000   
630.000   630.000   0.000   0.000   0.000   9.000   
630.000   630.000   0.000   0.000   0.000   14.000   
630.000   630.000   0.000   0.000   0.000   10.000   
630.000   630.000   0.000   0.000   0.000   10.000   
630.000   630.000   0.000   0.000   0.000   10.000   
630.000   630.000   -0.000   0.000   0.105   14.000   
630.000   630.000   0.000   0.000   -0.105   12.000   
630.000   630.000   -0.000   0.000   0.105   13.000   
630.000   630.000   0.000   0.000   0.000   16.000   
630.000   630.000   0.000   0.000   0.000   14.000   
630.000   630.000   0.000   0.000   0.000   16.000   
630.000   630.000   0.000   0.000   0.000   11.000   
630.000   630.000   0.000   0.000   0.000   14.000   
630.000   630.000   0.000   0.000   0.105   15.000   
630.000   630.000   0.000   0.000   0.000   8.000   
630.000   630.000   0.000   0.000   0.000   10.000   
630.000   630.000   0.000   0.000   0.000   10.000   
630.000   630.000   0.000   0.000   0.000   14.000   
630.000   630.000   0.000   0.000   0.105   10.000   
630.000   630.000   0.000   0.000   0.000   14.000   
630.000   630.000   0.000   0.000   0.000   12.000   
630.000   630.000   0.000   0.000   0.000   14.000   
630.000   630.000   0.000   0.000   0.000   13.000   
630.000   630.000   0.000   0.000   0.000   13.000   
630.000   630.000   0.000   0.000   0.000   13.000   
630.000   630.000   0.000   0.000   0.000   12.000   
630.000   630.000   0.000   0.000   0.000   12.000   
630.000   630.000   0.000   0.000   0.000   13.000   
630.000   630.000   0.000   0.000   0.000   15.000   
630.000   630.000   0.000   0.000   0.000   16.000   
630.000   630.000   0.000   0.000   0.000   13.000   
630.000   630.000   0.000   0.000   0.000   15.000   
630.000   630.000   0.000   0.000   0.000   15.000   
630.000   630.000   0.000   0.000   0.000   16.000   
630.000   630.000   0.000   0.000   0.000   9.000   
630.000   630.000   0.000   0.000   0.105   9.000   
630.000   630.000   0.000   0.000   0.000   14.000   
630.000   630.000   0.000   0.000   0.000   14.000   
630.000   630.000   0.000   0.000   0.000   9.000   
630.000   630.000   0.000   0.000   0.000   13.000   
630.000   630.000   0.000   0.000   0.000   14.000   
630.000   630.000   0.000   0.000   0.000   12.000   
630.000   630.000   0.000   0.000   0.000   14.000   
630.000   630.000   0.000   0.000   0.000   10.000   
630.000   630.000   0.000   0.000   0.000   11.000   
630.000   630.000   0.000   0.000   0.000   13.000   
630.000   630.000   0.000   0.000   0.000   10.000   
630.000   630.000   0.000   0.000   0.000   13.000   
630.000   630.000   0.000   0.000   0.000   12.000   
630.000   630.000   0.000   0.000   0.000   10.000   
630.000   630.000   0.000   0.000   0.000   10.000   
630.000   630.000   0.000   0.000   0.000   14.000   
630.000   630.000   -0.000   0.000   0.000   13.000   
630.000   630.000   0.000   0.000   0.000   13.000   
630.000   630.000   0.000   0.000   0.105   11.000   
630.000   630.000   -0.000   0.000   0.000   11.000   
630.000   630.000   -0.000   0.000   0.000   14.000   
630.000   630.000   -0.000   0.000   0.000   12.000   
630.000   630.000   -0.000   0.000   -0.105   14.000   
630.000   630.000   0.000   0.000   0.000   11.000   
630.000   630.000   0.000   0.000   0.000   12.000   
630.000   630.000   0.000   0.000   0.000   12.000   
630.000   630.000   0.000   0.000   0.000   13.000   
630.000   630.000   0.000   0.000   0.000   14.000   
630.000   630.000   0.000   0.000   0.000   14.000   
630.000   630.000   0.000   0.000   0.000   12.000   
630.000   630.000   0.000   0.000   0.000   11.000   
630.000   630.000   0.000   0.000   0.000   13.000   
630.000   630.000   0.000   0.000   0.000   11.000   
630.000   630.000   0.000   0.000   0.000   11.000   
630.000   630.000   0.000   0.000   0.000   13.000   
630.000   630.000   0.000   0.000   0.000   14.000   
630.000   630.000   0.000   0.000   0.000   15.000   
630.000   630.000   0.000   0.000   0.000   13.000   
630.000   630.000   0.000   0.000   0.000   12.000   
630.000   630.000   0.000   0.000   0.000   14.000   
630.000   630.000   -0.000   0.000   0.000   15.000   
630.000   630.000   0.000   0.000   0.000   12.000   
630.000   630.000   0.000   0.000   0.000   12.000   
630.000   630.000   0.000   0.000   0.000   14.000   
630.000   630.000   0.000   0.000   0.000   12.000   
630.000   630.000   0.000   0.000   0.000   10.000   
630.000   630.000   0.000   0.000   0.000   13.000   
630.000   630.000   0.000   0.000   0.000   13.000   
630.000   630.000   0.000   0.000   0.000   12.000   
630.000   630.000   0.000   0.000   0.000   12.000   
630.000   630.000   0.000   0.000   0.000   5.000   
630.000   630.000   0.000   0.000   0.000   4.000   
630.000   630.000   0.000   0.000   0.000   4.000   
630.000   630.000   0.000   0.000   0.000   5.000   
630.000   630.000   0.000   0.000   0.000   5.000   
630.000   630.000   0.000   0.000   0.000   5.000   
630.000   630.000   0.000   0.000   0.000   1.000   
630.000   630.000   0.000   0.000   0.000   3.000   
630.000   630.000   0.000   0.000   0.000   4.000   
630.000   630.000   0.000   0.000   0.000   4.000   
630.000   630.000   0.000   0.000   0.000   3.000   
630.000   630.000   0.000   0.000   0.000   3.000   
630.000   630.000   0.000   0.000   0.000   4.000   
630.000   630.000   0.000   0.000   0.000   5.000   
630.000   630.000   -0.000   0.000   0.000   4.000   
630.000   630.000   0.000   0.000   -0.105   4.000   
630.000   630.000   0.000   0.000   0.000   4.000   
630.000   630.000   -0.000   0.000   0.000   3.000   
630.000   630.000   -0.000   0.000   0.105   4.000   
630.000   630.000   -0.000   0.000   0.105   5.000   
630.000   630.000   0.000   0.000   -0.105   3.000   
630.000   630.000   0.000   0.000   0.000   4.000   
630.000   630.000   0.000   0.000   0.000   5.000   
630.000   630.000   0.000   0.000   0.000   3.000   
630.000   630.000   0.000   0.000   0.000   4.000   
630.000   630.000   0.000   0.000   0.000   4.000   
630.000   630.000   0.000   0.000   0.000   4.000   
630.000   630.000   0.000   0.000   0.000   4.000   
630.000   630.000   0.000   0.000   0.000   6.000   
630.000   630.000   0.000   0.000   0.000   2.000   
630.000   630.000   0.000   0.000   0.000   3.000   
630.000   630.000   0.000   0.000   0.000   5.000   
630.000   630.000   0.000   0.000   0.000   5.000   
630.000   630.000   0.000   0.000   0.000   5.000   
630.000   630.000   0.000   0.000   0.000   3.000   
630.000   630.000   0.000   0.000   0.000   4.000   
630.000   630.000   0.000   0.000   0.000   4.000   
630.000   630.000   0.000   0.000   0.000   4.000   
630.000   630.000   0.000   0.000   0.000   3.000   
630.000   630.000   0.000   0.000   0.000   5.000   
630.000   630.000   0.000   0.000   0.000   13.000   
630.000   630.000   0.000   0.000   0.000   12.000   
630.000   630.000   0.000   0.000   0.000   10.000   
630.000   630.000   0.000   0.000   0.000   14.000   
630.000   630.000   0.000   0.000   0.105   14.000   
630.000   630.000   0.000   0.000   -0.105   13.000   
630.000   630.000   0.000   0.000   0.000   14.000   
630.000   630.000   0.000   0.000   0.000   13.000   
630.000   630.000   0.000   0.000   0.000   13.000   
630.000   630.000   0.000   0.000   0.000   12.000   
630.000   630.000   0.000   0.000   0.000   13.000   
630.000   630.000   0.000   0.000   0.000   11.000   
630.000   630.000   0.000   0.000   0.000   15.000   
630.000   630.000   0.000   0.000   0.000   10.000   
630.000   630.000   0.000   0.000   0.000   14.000   
630.000   630.000   0.000   0.000   0.000   12.000   
630.000   630.000   0.000   0.000   0.000   13.000   
630.000   630.000   0.000   0.000   0.000   13.000   
630.000   630.000   0.000   0.000   0.000   13.000   
630.000   630.000   0.000   0.000   0.000   13.000   
630.000   630.000   0.000   0.000   0.000   13.000   
630.000   630.000   0.000   0.000   0.000   12.000   
630.000   630.000   0.000   0.000   0.105   13.000   
630.000   630.000   -0.000   0.000   -0.105   14.000   
630.000   630.000   0.000   0.000   -0.105   13.000   
630.000   630.000   0.000   0.000   0.000   11.000   
630.000   630.000   -0.000   0.000   0.000   13.000   
630.000   630.000   0.000   0.000   0.000   11.000   
630.000   630.000   0.000   0.000   0.000   12.000   
630.000   630.000   0.000   0.000   0.000   14.000   
630.000   630.000   0.000   0.000   0.000   12.000   
630.000   630.000   0.000   0.000   0.000   13.000   
630.000   630.000   0.000   0.000   0.000   12.000   
630.000   630.000   0.000   0.000   0.000   12.000   
630.000   630.000   0.000   0.000   0.000   12.000   
630.000   630.000   0.000   0.000   0.000   13.000   
630.000   630.000   0.000   0.000   0.000   12.000   
630.000   630.000   0.000   0.000   0.000   13.000   
630.000   630.000   0.000   0.000   0.000   15.000   
630.000   630.000   0.000   0.000   0.000   13.000   
630.000   630.000   -0.000   0.000   0.000   15.000   
630.000   630.000   0.000   0.000   0.000   11.000   
630.000   630.000   0.000   0.000   0.000   13.000   
630.000   630.000   0.000   0.000   0.000   15.000   
630.000   630.000   0.000   0.000   0.000   11.000   
630.000   630.000   0.000   0.000   0.000   9.000   
630.000   630.000   0.000   0.000   0.000   12.000   
630.000   630.000   0.000   0.000   0.000   14.000   
630.000   630.000   -0.000   0.000   0.105   13.000   
630.000   630.000   0.000   0.000   -0.105   12.000   
630.000   630.000   0.000   0.000   0.000   10.000   
630.000   630.000   0.000   0.000   0.000   10.000   
630.000   630.000   0.000   0.000   0.000   9.000   
630.000   630.000   0.000   0.000   0.000   13.000   
630.000   630.000   0.000   0.000   0.000   12.000   
630.000   630.000   0.000   0.000   0.000   10.000   
630.000   630.000   0.000   0.000   0.000   12.000   
630.000   630.000   0.000   0.000   0.000   14.000   
630.000   630.000   0.000   0.000   0.000   12.000   
630.000   630.000   0.000   0.000   0.000   15.000   
630.000   630.000   0.000   0.000   0.000   15.000   
630.000   630.000   0.000   0.000   0.000   10.000   
630.000   630.000   0.000   0.000   0.000   11.000   
630.000   630.000   0.000   0.000   0.000   15.000   
630.000   630.000   0.000   0.000   0.105   13.000   
630.000   630.000   -0.000   0.000   0.000   13.000   
630.000   630.000   -0.000   0.000   0.000   12.000   
630.000   630.000   -0.000   0.000   0.000   8.000   
630.000   630.000   0.000   0.000   0.000   12.000   
630.000   630.000   -0.000   0.000   0.000   12.000   
630.000   630.000   -0.000   0.000   0.000   16.000   
630.000   630.000   -0.000   0.000   0.000   13.000   
630.000   630.000   -0.000   0.000   -0.105   13.000   
630.000   630.000   0.000   0.000   0.105   13.000   
630.000   630.000   -0.000   0.000   0.000   14.000   
630.000   630.000   0.000   0.000   -0.105   14.000   
630.000   630.000   0.000   0.000   0.000   9.000   
630.000   630.000   0.000   0.000   0.000   13.000   
630.000   630.000   0.000   0.000   0.000   11.000   
630.000   630.000   0.000   0.000   0.000   15.000   
630.000   630.000   0.000   0.000   0.000   15.000   
630.000   630.000   0.000   0.000   0.000   13.000   
630.000   630.000   0.000   0.000   0.000   15.000   
630.000   630.000   0.000   0.000   0.000   15.000   
630.000   630.000   0.000   0.000   0.000   16.000   
630.000   630.000   0.000   0.000   0.000   13.000   
630.000   630.000   0.000   0.000   0.000   13.000   
630.000   630.000   0.000   0.000   0.000   13.000   
630.000   630.000   0.000   0.000   0.000   13.000   
630.000   630.000   0.000   0.000   0.000   13.000   
630.000   630.000   0.000   0.000   0.105   11.000   
630.000   630.000   0.000   0.000   -0.105   12.000   
630.000   630.000   0.000   0.000   0.000   12.000   
630.000   630.000   0.000   0.000   0.000   12.000   
630.000   630.000   0.000   0.000   0.000   12.000   
630.000   630.000   0.000   0.000   0.105   12.000   
630.000   630.000   0.000   0.000   0.000   15.000   
630.000   630.000   0.000   0.000   0.000   15.000   
630.000   630.000   0.000   0.000   0.000   13.000   
630.000   630.000   0.000   0.000   0.000   13.000   
630.000   630.000   0.000   0.000   0.000   13.000   
630.000   630.000   0.000   0.000   0.000   14.000   
630.000   630.000   0.000   0.000   0.000   12.000   
630.000   630.000   0.000   0.000   0.000   13.000   
630.000   630.000   0.000   0.000   0.000   15.000   
630.000   630.000   0.000   0.000   0.000   12.000   
630.000   630.000   0.000   0.000   0.000   15.000   
630.000   630.000   0.000   0.000   0.000   13.000   
630.000   630.000   0.000   0.000   0.000   12.000   
630.000   630.000   0.000   0.000   0.000   17.000   
630.000   630.000   0.000   0.000   0.000   13.000   
630.000   630.000   0.000   0.000   0.000   14.000   
630.000   630.000   -0.000   0.000   0.000   11.000   
630.000   630.000   -0.000   0.000   0.105   15.000   
630.000   630.000   0.000   0.000   -0.105   12.000   
630.000   630.000   -0.000   0.000   0.105   14.000   
630.000   630.000   0.000   0.000   -0.105   14.000   
630.000   630.000   -0.000   0.000   0.000   13.000   
630.000   630.000   0.000   0.000   0.000   14.000   
630.000   630.000   0.000   0.000   -0.105   22.000   
630.000   630.000   0.000   0.000   0.000   21.000   
630.000   630.000   0.000   0.000   0.000   23.000   
630.000   630.000   0.000   0.000   0.000   24.000   
630.000   630.000   0.000   0.000   0.000   23.000   
630.000   630.000   0.000   0.000   0.000   23.000   
630.000   630.000   0.000   0.000   0.000   24.000   
630.000   630.000   0.000   0.000   0.000   22.000   
630.000   630.000   0.000   0.000   0.000   23.000   
630.000   630.000   0.000   0.000   0.000   22.000   
630.000   630.000   0.000   0.000   0.000   23.000   
630.000   630.000   0.000   0.000   0.000   21.000   
630.000   630.000   0.000   0.000   0.000   22.000   
630.000   630.000   0.000   0.000   0.000   22.000   
630.000   630.000   0.000   0.000   0.000   22.000   
630.000   630.000   0.000   0.000   0.000   21.000   
630.000   630.000   0.000   0.000   0.000   23.000   
630.000   630.000   -0.000   0.000   0.000   22.000   
630.000   630.000   0.000   0.000   0.000   22.000   
630.000   630.000   -0.000   0.000   0.105   19.000   
630.000   630.000   0.000   0.000   -0.105   23.000   
630.000   630.000   0.000   0.000   0.000   21.000   
630.000   630.000   0.000   0.000   0.105   24.000   
630.000   630.000   0.000   0.000   0.000   23.000   
630.000   630.000   0.000   0.000   0.000   25.000   
630.000   630.000   0.000   0.000   0.000   24.000   
630.000   630.000   0.000   0.000   0.105   23.000   
630.000   630.000   0.000   0.000   0.000   21.000   
630.000   630.000   0.000   0.000   0.000   22.000   
630.000   630.000   0.000   0.000   0.000   23.000   
630.000   630.000   0.000   0.000   0.000   22.000   
630.000   630.000   0.000   0.000   0.000   22.000   
630.000   630.000   0.000   0.000   0.000   23.000   
630.000   630.000   0.000   0.000   0.000   22.000   
630.000   630.000   0.000   0.000   0.000   20.000   
630.000   630.000   0.000   0.000   0.000   21.000   
630.000   630.000   0.000   0.000   0.000   22.000   
630.000   630.000   0.000   0.000   0.000   23.000   
630.000   630.000   0.000   0.000   0.000   21.000   
630.000   630.000   -0.000   0.000   0.000   21.000   
630.000   630.000   0.000   0.000   0.000   11.000   
630.000   630.000   -0.000   0.000   0.105   10.000   
630.000   630.000   -0.000   0.000   0.000   14.000   
630.000   630.000   -0.000   0.000   -0.105   13.000   
630.000   630.000   0.000   0.000   0.000   12.000   
630.000   630.000   0.000   0.000   0.000   10.000   
630.000   630.000   0.000   0.000   0.000   10.000   
630.000   630.000   0.000   0.000   0.000   12.000   
630.000   630.000   0.000   0.000   0.000   12.000   
630.000   630.000   0.000   0.000   0.000   12.000   
630.000   630.000   0.000   0.000   0.000   11.000   
630.000   630.000   0.000   0.000   0.000   14.000   
630.000   630.000   0.000   0.000   0.000   11.000   
630.000   630.000   0.000   0.000   0.000   11.000   
630.000   630.000   0.000   0.000   0.000   12.000   
630.000   630.000   0.000   0.000   0.000   13.000   
630.000   630.000   0.000   0.000   0.000   10.000   
630.000   630.000   0.000   0.000   0.000   12.000   
630.000   630.000   0.000   0.000   0.000   12.000   
630.000   630.000   0.000   0.000   0.000   12.000   
630.000   630.000   0.000   0.000   0.000   12.000   
630.000   630.000   0.000   0.000   0.000   11.000   
630.000   630.000   0.000   0.000   0.000   13.000   
630.000   630.000   0.000   0.000   0.000   9.000   
630.000   630.000   0.000   0.000   0.000   12.000   
630.000   630.000   0.000   0.000   0.000   11.000   
630.000   630.000   0.000   0.000   0.000   12.000   
630.000   630.000   0.000   0.000   0.000   13.000   
630.000   630.000   0.000   0.000   0.000   10.000   
630.000   630.000   0.000   0.000   0.000   12.000   
630.000   630.000   0.000   0.000   0.000   9.000   
630.000   630.000   0.000   0.000   0.000   11.000   
630.000   630.000   0.000   0.000   0.000   12.000   
630.000   630.000   0.000   0.000   0.000   12.000   
630.000   630.000   0.000   0.000   0.000   12.000   
630.000   630.000   0.000   0.000   0.000   8.000   
630.000   630.000   0.000   0.000   0.000   12.000   
630.000   630.000   0.000   0.000   0.000   15.000   
630.000   630.000   0.000   0.000   0.000   13.000   
630.000   630.000   0.000   0.000   0.000   12.000   
630.000   630.000   0.000   0.000   0.000   12.000   
630.000   630.000   0.000   0.000   0.000   14.000   
630.000   630.000   -0.000   0.000   0.105   16.000   
630.000   630.000   0.000   0.000   -0.105   14.000   
630.000   630.000   0.000   0.000   0.105   15.000   
630.000   630.000   0.000   0.000   -0.105   10.000   
630.000   630.000   0.000   0.000   0.000   13.000   
630.000   630.000   0.000   0.000   0.000   10.000   
630.000   630.000   -0.000   0.000   0.000   15.000   
630.000   630.000   0.000   0.000   0.105   10.000   
630.000   630.000   -0.000   0.000   -0.105   12.000   
630.000   630.000   0.000   0.000   -0.105   12.000   
630.000   630.000   0.000   0.000   0.000   10.000   
630.000   630.000   0.000   0.000   0.105   13.000   
630.000   630.000   -0.000   0.000   -0.105   12.000   
630.000   630.000   0.000   0.000   -0.105   15.000   
630.000   630.000   0.000   0.000   0.000   13.000   
630.000   630.000   0.000   0.000   0.000   12.000   
630.000   630.000   0.000   0.000   0.000   10.000   
630.000   630.000   0.000   0.000   0.000   12.000   
630.000   630.000   -0.000   0.000   0.105   15.000   
630.000   630.000   0.000   0.000   -0.105   12.000   
630.000   630.000   0.000   0.000   0.000   9.000   
630.000   630.000   0.000   0.000   0.000   10.000   
630.000   630.000   0.000   0.000   0.000   15.000   
630.000   630.000   0.000   0.000   0.000   11.000   
630.000   630.000   0.000   0.000   0.000   12.000   
630.000   630.000   0.000   0.000   0.000   9.000   
630.000   630.000   -0.000   0.000   0.000   10.000   
630.000   630.000   0.000   0.000   0.000   13.000   
630.000   630.000   0.000   0.000   0.000   12.000   
630.000   630.000   0.000   0.000   0.000   13.000   
630.000   630.000   0.000   0.000   0.000   14.000   
630.000   630.000   0.000   0.000   0.000   13.000   
630.000   630.000   0.000   0.000   0.000   14.000   
630.000   630.000   0.000   0.000   0.000   10.000   
630.000   630.000   0.000   0.000   0.000   12.000   
630.000   630.000   -0.000   0.000   0.000   12.000   
630.000   630.000   0.000   0.000   0.000   12.000   
630.000   630.000   0.000   0.000   0.000   12.000   
630.000   630.000   0.000   0.000   0.000   13.000   
630.000   630.000   0.000   0.000   0.000   12.000   
630.000   630.000   0.000   0.000   0.000   13.000   
630.000   630.000   0.000   0.000   0.000   11.000   
630.000   630.000   0.000   0.000   0.000   13.000   
630.000   630.000   0.000   0.000   0.000   13.000   
630.000   630.000   0.000   0.000   0.000   13.000   
630.000   630.000   0.000   0.000   0.000   12.000   
630.000   630.000   0.000   0.000   0.000   12.000   
630.000   630.000   0.000   0.000   0.000   12.000   
630.000   630.000   0.000   0.000   0.105   15.000   
630.000   630.000   0.000   0.000   0.000   12.000   
630.000   630.000   0.000   0.000   0.000   12.000   
630.000   630.000   -0.000   0.000   0.105   12.000   
630.000   630.000   -0.000   0.000   0.000   12.000   
630.000   630.000   -0.000   0.000   -0.105   11.000   
630.000   630.000   -0.000   0.000   0.000   12.000   
630.000   630.000   -0.000   0.000   0.000   14.000   
630.000   630.000   -0.000   0.000   0.000   12.000   
630.000   630.000   -0.000   0.000   -0.105   12.000   
630.000   630.000   -0.000   0.000   0.000   13.000   
630.000   630.000   0.000   0.000   -0.105   11.000   
630.000   630.000   0.000   0.000   0.000   14.000   
630.000   630.000   0.000   0.000   0.000   12.000   
630.000   630.000   0.000   0.000   0.000   12.000   
630.000   630.000   0.000   0.000   0.000   12.000   
630.000   630.000   0.000   0.000   0.000   11.000   
630.000   630.000   0.000   0.000   0.000   15.000   
630.000   630.000   0.000   0.000   0.000   13.000   
630.000   630.000   0.000   0.000   0.000   13.000   
630.000   630.000   0.000   0.000   0.000   13.000   
630.000   630.000   0.000   0.000   0.000   11.000   
630.000   630.000   0.000   0.000   0.000   12.000   
630.000   630.000   0.000   0.000   0.000   13.000   
630.000   630.000   0.000   0.000   0.000   13.000   
630.000   630.000   0.000   0.000   0.000   12.000   
630.000   630.000   0.000   0.000   0.000   12.000   
630.000   630.000   0.000   0.000   0.000   15.000   
630.000   630.000   0.000   0.000   0.000   4.000   
630.000   630.000   0.000   0.000   0.000   5.000   
630.000   630.000   0.000   0.000   0.000   4.000   
630.000   630.000   0.000   0.000   0.000   2.000   
630.000   630.000   0.000   0.000   0.000   2.000   
630.000   630.000   0.000   0.000   0.000   3.000   
630.000   630.000   0.000   0.000   0.000   5.000   
630.000   630.000   0.000   0.000   0.000   4.000   
630.000   630.000   0.000   0.000   0.000   3.000   
630.000   630.000   0.000   0.000   0.000   3.000   
630.000   630.000   0.000   0.000   0.000   4.000   
630.000   630.000   0.000   0.000   0.000   4.000   
630.000   630.000   0.000   0.000   0.000   3.000   
630.000   630.000   0.000   0.000   0.000   5.000   
630.000   630.000   0.000   0.000   0.000   4.000   
630.000   630.000   0.000   0.000   0.000   6.000   
630.000   630.000   0.000   0.000   0.000   4.000   
630.000   630.000   0.000   0.000   0.000   4.000   
630.000   630.000   0.000   0.000   0.000   2.000   
630.000   630.000   -0.000   0.000   0.105   3.000   
630.000   630.000   0.000   0.000   -0.105   3.000   
630.000   630.000   0.000   0.000   0.105   -1.000   
630.000   630.000   -0.000   0.000   -0.105   4.000   
630.000   630.000   0.000   0.000   -0.105   5.000   
630.000   630.000   -0.000   0.000   0.105   4.000   
630.000   630.000   0.000   0.000   -0.105   5.000   
630.000   630.000   -0.000   0.000   0.000   3.000   
630.000   630.000   -0.000   0.000   0.000   4.000   
630.000   630.000   -0.000   0.000   0.105   2.000   
630.000   630.000   0.000   0.000   -0.105   4.000   
630.000   630.000   0.000   0.000   0.000   4.000   
630.000   630.000   0.000   0.000   0.000   4.000   
630.000   630.000   0.000   0.000   0.000   3.000   
630.000   630.000   0.000   0.000   0.000   3.000   
630.000   630.000   0.000   0.000   0.000   2.000   
630.000   630.000   0.000   0.000   0.000   1.000   
630.000   630.000   0.000   0.000   0.000   1.000   
630.000   630.000   0.000   0.000   0.000   4.000   
630.000   630.000   0.000   0.000   0.000   4.000   
630.000   630.000   0.000   0.000   0.000   4.000   
630.000   630.000   0.000   0.000   0.000   15.000   
630.000   630.000   0.000   0.000   0.000   13.000   
630.000   630.000   0.000   0.000   0.000   13.000   
630.000   630.000   0.000   0.000   0.000   13.000   
630.000   630.000   0.000   0.000   0.000   14.000   
630.000   630.000   0.000   0.000   0.000   12.000   
630.000   630.000   0.000   0.000   0.000   12.000   
630.000   630.000   0.000   0.000   0.000   13.000   
630.000   630.000   -0.000   0.000   0.000   13.000   
630.000   630.000   0.000   0.000   0.000   13.000   
630.000   630.000   0.000   0.000   0.000   15.000   
630.000   630.000   0.000   0.000   0.000   13.000   
630.000   630.000   0.000   0.000   0.000   13.000   
630.000   630.000   0.000   0.000   0.000   15.000   
630.000   630.000   0.000   0.000   0.000   12.000   
630.000   630.000   0.000   0.000   0.000   11.000   
630.000   630.000   0.000   0.000   0.000   13.000   
630.000   630.000   0.000   0.000   0.000   14.000   
630.000   630.000   0.000   0.000   0.000   11.000   
630.000   630.000   0.000   0.000   0.000   13.000   
630.000   630.000   -0.000   0.000   0.105   16.000   
630.000   630.000   0.000   0.000   -0.105   13.000   
630.000   630.000   0.000   0.000   0.105   13.000   
630.000   630.000   -0.000   0.000   -0.105   13.000   
630.000   630.000   0.000   0.000   0.000   13.000   
630.000   630.000   0.000   0.000   0.000   10.000   
630.000   630.000   0.000   0.000   0.000   15.000   
630.000   630.000   -0.000   0.000   0.000   12.000   
630.000   630.000   0.000   0.000   0.000   14.000   
630.000   630.000   -0.000   0.000   0.105   13.000   
630.000   630.000   -0.000   0.000   0.000   12.000   
630.000   630.000   -0.000   0.000   -0.105   11.000   
630.000   630.000   -0.000   0.000   0.000   14.000   
630.000   630.000   0.000   0.000   0.000   12.000   
630.000   630.000   -0.000   0.000   0.105   14.000   
630.000   630.000   -0.000   0.000   -0.105   13.000   
630.000   630.000   0.000   0.000   0.000   12.000   
630.000   630.000   0.000   0.000   0.000   13.000   
630.000   630.000   0.000   0.000   0.000   12.000   
630.000   630.000   0.000   0.000   0.000   14.000   
630.000   630.000   0.000   0.000   0.000   12.000   
630.000   630.000   0.000   0.000   0.000   13.000   
630.000   630.000   0.000   0.000   0.000   13.000   
630.000   630.000   0.000   0.000   0.000   12.000   
630.000   630.000   0.000   0.000   0.000   8.000   
630.000   630.000   0.000   0.000   0.000   15.000   
630.000   630.000   0.000   0.000   0.000   11.000   
630.000   630.000   0.000   0.000   0.000   13.000   
630.000   630.000   0.000   0.000   0.000   14.000   
630.000   630.000   0.000   0.000   0.000   10.000   
630.000   630.000   0.000   0.000   0.000   11.000   
630.000   630.000   0.000   0.000   0.000   12.000   
630.000   630.000   0.000   0.000   0.000   13.000   
630.000   630.000   0.000   0.000   0.000   13.000   
630.000   630.000   0.000   0.000   0.000   10.000   
630.000   630.000   0.000   0.000   0.000   15.000   
630.000   630.000   0.000   0.000   0.000   14.000   
630.000   630.000   0.000   0.000   0.000   10.000   
630.000   630.000   0.000   0.000   0.000   14.000   
630.000   630.000   0.000   0.000   0.000   13.000   
630.000   630.000   0.000   0.000   0.000   16.000   
630.000   630.000   0.000   0.000   0.000   14.000   
630.000   630.000   0.000   0.000   0.000   11.000   
630.000   630.000   0.000   0.000   0.000   14.000   
630.000   630.000   0.000   0.000   0.000   14.000   
630.000   630.000   0.000   0.000   0.000   16.000   
630.000   630.000   0.000   0.000   0.000   10.000   
630.000   630.000   0.000   0.000   0.000   16.000   
630.000   630.000   0.000   0.000   0.000   13.000   
630.000   630.000   0.000   0.000   0.000   14.000   
630.000   630.000   0.000   0.000   0.000   14.000   
630.000   630.000   0.000   0.000   0.000   13.000   
630.000   630.000   0.000   0.000   0.000   18.000   
630.000   630.000   0.000   0.000   0.000   12.000   
630.000   630.000   0.000   0.000   -0.105   13.000   
630.000   630.000   0.000   0.000   0.000   12.000   
630.000   630.000   0.000   0.000   0.000   10.000   
630.000   630.000   0.000   0.000   0.105   10.000   
630.000   630.000   0.000   0.000   -0.105   11.000   
630.000   630.000   0.000   0.000   0.000   13.000   
630.000   630.000   0.000   0.000   0.105   14.000   
630.000   630.000   0.000   0.000   0.000   13.000   
630.000   630.000   0.000   0.000   -0.105   14.000   
630.000   630.000   0.000   0.000   0.000   12.000   
630.000   630.000   0.000   0.000   0.000   15.000   
630.000   630.000   0.000   0.000   0.000   12.000   
630.000   630.000   0.000   0.000   0.000   13.000   
630.000   630.000   0.000   0.000   0.000   14.000   
630.000   630.000   0.000   0.000   0.000   14.000   
630.000   630.000   0.000   0.000   0.000   11.000   
630.000   630.000   0.000   0.000   0.000   13.000   
630.000   630.000   0.000   0.000   0.000   11.000   
630.000   630.000   0.000   0.000   0.000   15.000   
630.000   630.000   0.000   0.000   0.000   14.000   
630.000   630.000   0.000   0.000   0.000   13.000   
630.000   630.000   0.000   0.000   0.000   14.000   
630.000   630.000   0.000   0.000   0.000   12.000   
630.000   630.000   0.000   0.000   0.000   13.000   
630.000   630.000   0.000   0.000   0.000   12.000   
630.000   630.000   0.000   0.000   0.000   14.000   
630.000   630.000   0.000   0.000   0.000   15.000   
630.000   630.000   0.000   0.000   0.000   13.000   
630.000   630.000   0.000   0.000   0.000   10.000   
630.000   630.000   0.000   0.000   0.000   13.000   
630.000   630.000   -0.000   0.000   0.000   12.000   
630.000   630.000   0.000   0.000   -0.105   15.000   
630.000   630.000   0.000   0.000   0.000   13.000   
630.000   630.000   0.000   0.000   0.000   15.000   
630.000   630.000   0.000   0.000   0.000   12.000   
630.000   630.000   0.000   0.000   0.000   13.000   
630.000   630.000   0.000   0.000   0.000   13.000   
630.000   630.000   0.000   0.000   0.000   14.000   
630.000   630.000   0.000   0.000   0.000   12.000   
630.000   630.000   0.000   0.000   0.000   10.000   
630.000   630.000   0.000   0.000   0.000   11.000   
630.000   630.000   0.000   0.000   0.000   14.000   
630.000   630.000   0.000   0.000   0.000   12.000   
630.000   630.000   0.000   0.000   0.000   13.000   
630.000   630.000   0.000   0.000   -0.105   21.000   
629.995   630.000   -0.002   -0.980   0.105   22.000   
629.995   630.000   -0.008   -3.270   -0.105   23.000   
629.955   630.000   -0.022   -9.160   0.000   17.000   
629.910   630.000   -0.098   -14.725   0.000   10.000   
629.790   630.000   -0.198   -25.525   -0.105   -10.000   
629.670   629.995   -0.345   -34.360   -0.950   -61.000   
629.420   629.975   -0.659   -50.070   -2.955   -139.000   
629.195   629.940   -0.927   -62.180   -5.915   -220.000   
628.760   629.850   -1.414   -82.800   -16.580   -343.000   
628.400   629.755   -1.801   -98.180   -23.865   -437.000   
627.975   629.550   -2.472   -114.870   -32.210   -616.000   
627.205   629.355   -2.977   -142.360   -42.245   -744.000   
626.595   629.120   -3.527   -162.325   -53.650   -958.000   
625.525   628.660   -4.446   -194.725   -80.260   -1105.000   
624.700   628.275   -5.113   -217.960   -96.105   -1264.000   
623.280   627.565   -6.197   -254.315   -113.635   -1446.000   
622.215   626.995   -6.975   -278.555   -132.010   -1563.000   
620.435   625.990   -8.199   -314.920   -173.515   -1750.000   
619.130   625.205   -9.045   -339.160   -195.795   -1876.000   
617.720   624.335   -10.366   -363.405   -218.080   -1317.000   
615.435   622.945   -11.301   -399.765   -224.100   -2049.000   
613.785   621.875   -12.204   -424.010   -253.245   -2032.000   
611.135   620.085   -13.564   -460.045   -303.835   -1989.000   
609.245   618.770   -14.465   -482.650   -328.545   -2069.000   
606.255   616.590   -15.787   -514.105   -355.900   -2023.000   
604.160   615.000   -16.628   -533.440   -384.200   -1982.000   
600.880   612.430   -17.828   -559.985   -434.260   -1930.000   
598.605   610.590   -18.567   -576.045   -459.815   -1896.000   
596.270   608.645   -19.560   -590.795   -486.325   -1975.000   
592.665   605.540   -20.145   -610.470   -512.410   -1928.000   
590.200   603.355   -20.673   -621.950   -534.905   -1919.000   
586.425   599.930   -21.360   -636.710   -576.300   -1775.000   
583.860   597.545   -21.739   -644.915   -595.415   -1510.000   
579.960   593.865   -22.224   -654.770   -610.625   -1293.000   
577.330   591.345   -22.489   -659.705   -623.825   -1161.000   
574.685   587.480   -22.802   -663.330   -646.215   -955.000   
570.695   584.860   -22.956   -666.310   -655.825   -747.000   
568.030   582.205   -23.058   -666.665   -663.320   -436.000   
564.030   578.185   -23.142   -666.665   -669.235   -254.000   
561.360   575.490   -23.156   -666.665   -672.825   -41.000   
557.360   571.430   -23.127   -666.665   -676.310   101.000   
554.695   568.730   -23.097   -666.665   -675.465   157.000   
550.695   564.685   -23.055   -666.665   -674.200   232.000   
548.030   562.000   -23.036   -666.665   -672.720   276.000   
545.360   557.985   -23.021   -666.665   -668.495   268.000   
541.360   555.320   -23.024   -666.665   -665.645   141.000   
538.695   552.665   -23.032   -666.665   -664.590   85.000   
534.695   548.685   -23.053   -666.665   -663.535   -2.000   
532.030   546.040   -23.074   -666.665   -662.055   -120.000   
528.030   542.065   -23.102   -666.665   -662.160   -187.000   
525.360   539.420   -23.122   -666.665   -661.735   -280.000   
521.360   535.445   -23.149   -666.665   -662.055   -391.000   
518.695   532.795   -23.162   -666.665   -662.475   -401.000   
516.030   528.810   -23.177   -666.665   -663.425   -413.000   
512.030   526.145   -23.179   -666.665   -666.065   -388.000   
509.360   523.475   -23.180   -666.665   -667.020   -321.000   
505.360   519.465   -23.169   -666.665   -668.285   -218.000   
502.695   516.790   -23.158   -666.665   -668.705   -191.000   
498.695   512.775   -23.141   -666.665   -669.445   -104.000   
496.030   510.095   -23.128   -666.665   -669.975   -4.000   
492.030   506.075   -23.112   -666.665   -669.660   52.000   
489.360   503.405   -23.106   -666.665   -668.705   64.000   
486.695   500.730   -23.096   -666.665   -668.600   129.000   
482.695   496.730   -23.096   -666.665   -666.175   49.000   
480.030   494.065   -23.098   -666.665   -666.175   15.000   
476.030   490.070   -23.105   -666.665   -665.750   26.000   
473.360   487.415   -23.116   -666.665   -664.905   -67.000   
469.360   483.430   -23.134   -666.665   -663.745   -174.000   
466.695   480.775   -23.142   -666.665   -664.165   -176.000   
462.695   476.790   -23.158   -666.665   -664.060   -244.000   
460.030   474.130   -23.163   -666.665   -664.375   -266.000   
457.360   471.465   -23.167   -666.665   -666.385   -217.000   
453.360   467.470   -23.172   -666.665   -665.855   -235.000   
450.695   464.805   -23.177   -666.665   -665.330   -315.000   
446.695   460.805   -23.174   -666.665   -666.805   -221.000   
444.030   458.130   -23.163   -666.665   -668.285   -132.000   
440.030   454.110   -23.145   -666.665   -669.660   -23.000   
437.360   451.430   -23.133   -666.665   -669.550   36.000   
434.695   447.430   -23.133   -666.665   -667.970   -79.000   
430.695   444.770   -23.142   -666.665   -664.485   -205.000   
428.030   442.110   -23.148   -666.665   -665.115   -208.000   
424.030   438.115   -23.147   -666.665   -666.385   -176.000   
421.360   435.445   -23.147   -666.665   -666.805   -152.000   
417.360   431.450   -23.152   -666.665   -665.960   -208.000   
414.695   428.790   -23.161   -666.665   -665.115   -278.000   
410.695   424.800   -23.170   -666.665   -665.220   -325.000   
408.030   422.135   -23.170   -666.665   -666.280   -317.000   
405.360   418.130   -23.164   -666.665   -667.440   -229.000   
401.360   415.455   -23.158   -666.665   -667.970   -198.000   
398.695   412.785   -23.153   -666.665   -668.285   -129.000   
394.695   408.775   -23.144   -666.665   -668.285   -104.000   
392.030   406.100   -23.137   -666.665   -668.075   -94.000   
388.030   402.090   -23.126   -666.665   -668.390   -31.000   
385.360   399.420   -23.119   -666.665   -668.495   18.000   
381.360   395.415   -23.115   -666.665   -667.230   11.000   
378.695   392.750   -23.118   -666.665   -666.385   -26.000   
376.030   388.750   -23.119   -666.665   -666.385   -41.000   
372.030   386.090   -23.128   -666.665   -665.330   -112.000   
369.360   383.430   -23.130   -666.665   -665.115   -95.000   
365.360   379.435   -23.137   -666.665   -665.435   -132.000   
362.695   376.775   -23.143   -666.665   -665.010   -181.000   
358.695   372.790   -23.156   -666.665   -664.485   -240.000   
356.030   370.125   -23.164   -666.665   -665.010   -258.000   
353.360   366.135   -23.171   -666.665   -665.540   -270.000   
349.360   363.470   -23.171   -666.665   -666.280   -277.000   
346.695   360.800   -23.167   -666.665   -667.440   -212.000   
342.695   356.800   -23.166   -666.665   -666.805   -232.000   
340.030   354.130   -23.164   -666.665   -667.440   -202.000   
336.030   350.125   -23.159   -666.665   -667.650   -169.000   
333.360   347.455   -23.155   -666.665   -667.230   -174.000   
329.360   343.445   -23.148   -666.665   -667.755   -133.000   
326.695   340.775   -23.143   -666.665   -667.970   -109.000   
324.030   336.770   -23.137   -666.665   -667.440   -81.000   
320.030   334.100   -23.136   -666.665   -667.440   -84.000   
317.360   331.430   -23.133   -666.665   -667.230   -82.000   
313.360   327.430   -23.132   -666.665   -666.805   -96.000   
310.695   324.765   -23.134   -666.665   -666.280   -115.000   
306.695   320.770   -23.136   -666.665   -666.280   -114.000   
304.030   318.105   -23.141   -666.665   -665.855   -198.000   
300.030   314.110   -23.144   -666.665   -665.960   -203.000   
297.360   311.440   -23.143   -666.665   -666.385   -173.000   
294.695   307.445   -23.147   -666.665   -666.065   -223.000   
290.695   304.780   -23.147   -666.665   -666.385   -193.000   
288.030   302.115   -23.151   -666.665   -666.280   -207.000   
284.030   298.115   -23.153   -666.665   -666.175   -233.000   
281.360   295.450   -23.151   -666.665   -666.595   -201.000   
277.360   291.445   -23.148   -666.665   -667.020   -177.000   
274.695   288.780   -23.145   -666.665   -667.335   -147.000   
270.695   284.775   -23.145   -666.665   -666.910   -157.000   
268.030   282.110   -23.147   -666.665   -666.700   -178.000   
265.360   278.110   -23.148   -666.665   -666.490   -180.000   
261.360   275.445   -23.150   -666.665   -666.280   -216.000   
258.695   272.780   -23.147   -666.665   -666.805   -188.000   
254.695   268.780   -23.147   -666.665   -666.595   -196.000   
252.030   266.115   -23.147   -666.665   -666.805   -179.000   
248.030   262.115   -23.149   -666.665   -666.385   -212.000   
245.360   259.450   -23.151   -666.665   -666.490   -209.000   
241.360   255.450   -23.153   -666.665   -666.385   -224.000   
238.695   252.785   -23.153   -666.665   -666.175   -242.000   
236.030   250.115   -23.151   -666.665   -666.910   -202.000   
232.030   246.115   -23.150   -666.665   -666.700   -214.000   
229.360   243.445   -23.150   -666.665   -667.125   -191.000   
225.360   239.445   -23.147   -666.665   -667.230   -170.000   
222.695   236.775   -23.143   -666.665   -667.125   -162.000   
218.695   232.775   -23.142   -666.665   -666.805   -187.000   
216.030   230.105   -23.141   -666.665   -667.020   -159.000   
212.030   226.105   -23.141   -666.665   -666.595   -172.000   
209.360   223.440   -23.142   -666.665   -666.805   -161.000   
206.695   220.770   -23.139   -666.665   -666.910   -134.000   
202.695   216.770   -23.138   -666.665   -666.595   -143.000   
200.030   214.105   -23.140   -666.665   -666.175   -180.000   
196.030   210.110   -23.144   -666.665   -666.065   -195.000   
193.360   207.445   -23.149   -666.665   -665.855   -226.000   
189.360   203.450   -23.152   -666.665   -666.175   -214.000   
186.695   200.785   -23.153   -666.665   -666.385   -215.000   
184.030   196.785   -23.155   -666.665   -666.280   -250.000   
180.030   194.120   -23.154   -666.665   -666.490   -229.000   
177.360   191.455   -23.154   -666.665   -666.385   -227.000   
173.360   187.455   -23.154   -666.665   -666.595   -242.000   
170.695   184.785   -23.156   -666.665   -666.700   -206.000   
166.695   180.785   -23.156   -666.665   -666.805   -187.000   
164.030   178.115   -23.151   -666.665   -666.910   -220.000   
160.030   174.115   -23.149   -666.665   -667.020   -211.000   
157.360   171.445   -23.147   -666.665   -667.230   -144.000   
154.695   167.445   -23.145   -666.665   -667.020   -164.000   
150.695   164.775   -23.146   -666.665   -666.910   -182.000   
148.030   162.110   -23.144   -666.665   -666.595   -146.000   
144.030   158.110   -23.144   -666.665   -666.595   -193.000   
141.360   155.440   -23.143   -666.665   -666.700   -170.000   
137.360   151.445   -23.144   -666.665   -666.490   -166.000   
134.695   148.775   -23.146   -666.665   -666.700   -203.000   
130.695   144.780   -23.149   -666.665   -666.175   -234.000   
128.030   142.115   -23.150   -666.665   -666.065   -206.000   
125.360   139.450   -23.151   -666.665   -666.700   -204.000   
121.360   135.450   -23.153   -666.665   -666.065   -275.000   
118.695   132.785   -23.154   -666.665   -666.385   -215.000   
114.695   128.785   -23.152   -666.665   -667.125   -185.000   
112.030   126.115   -23.152   -666.665   -666.805   -221.000   
108.030   122.115   -23.150   -666.665   -666.910   -184.000   
105.360   119.445   -23.147   -666.665   -667.020   -194.000   
101.360   115.445   -23.146   -666.665   -666.700   -232.000   
98.695   112.775   -23.145   -666.665   -667.020   -161.000   
96.030   110.110   -23.142   -666.665   -666.910   -144.000   
92.030   106.105   -23.143   -666.665   -667.125   -176.000   
89.360   103.440   -23.140   -666.665   -667.020   -158.000   
85.360   99.435   -23.138   -666.665   -666.910   -129.000   
82.695   96.770   -23.139   -666.665   -666.280   -202.000   
78.695   92.775   -23.142   -666.665   -666.175   -191.000   
76.030   90.105   -23.144   -666.665   -666.595   -163.000   
73.360   86.110   -23.146   -666.665   -666.280   -218.000   
69.365   83.445   -23.145   -666.665   -666.595   -167.000   
66.695   80.775   -23.144   -666.665   -666.490   -172.000   
62.695   76.780   -23.146   -666.665   -666.280   -243.000   
60.030   74.115   -23.146   -666.665   -666.065   -239.000   
56.030   70.120   -23.150   -666.665   -666.280   -202.000   
53.365   67.450   -23.152   -666.665   -666.385   -248.000   
49.365   63.450   -23.151   -666.665   -666.700   -222.000   
46.695   60.785   -23.151   -666.665   -666.700   -186.000   
44.030   56.785   -23.150   -666.665   -666.805   -150.000   
40.030   54.115   -23.152   -666.665   -666.805   -168.000   
37.365   51.450   -23.150   -666.665   -667.020   -147.000   
33.365   47.450   -23.150   -666.665   -666.805   -152.000   
30.695   44.780   -23.148   -666.665   -666.700   -155.000   
26.695   40.780   -23.147   -666.665   -666.805   -139.000   
24.030   38.110   -23.145   -666.665   -667.020   -149.000   
20.030   34.110   -23.144   -666.665   -666.805   -134.000   
17.365   31.445   -23.145   -666.665   -666.700   -128.000   
14.695   27.445   -23.144   -666.665   -667.125   -110.000   
10.695   24.775   -23.143   -666.665   -666.595   -142.000   
8.030   22.110   -23.141   -666.665   -667.020   -115.000   
4.030   18.105   -23.140   -666.665   -666.910   -98.000   
1.365   15.440   -23.140   -666.665   -667.020   -104.000   
-2.635   11.440   -23.139   -666.665   -666.700   -85.000   
-5.305   8.770   -23.138   -666.665   -666.700   -99.000   
-9.305   4.775   -23.142   -666.665   -665.960   -163.000   
-11.970   2.110   -23.143   -666.665   -666.065   -131.000   
-14.635   -0.555   -23.146   -666.665   -666.175   -124.000   
-18.635   -4.550   -23.149   -666.665   -666.280   -162.000   
-21.305   -7.215   -23.149   -666.665   -666.280   -176.000   
-25.305   -11.215   -23.151   -666.665   -666.280   -150.000   
-27.970   -13.880   -23.154   -666.665   -666.280   -194.000   
-31.970   -17.880   -23.155   -666.665   -666.595   -184.000   
-34.635   -20.545   -23.157   -666.665   -666.595   -166.000   
-38.635   -24.545   -23.158   -666.665   -666.385   -207.000   
-41.305   -27.210   -23.156   -666.665   -666.910   -174.000   
-43.970   -29.880   -23.153   -666.665   -666.700   -150.000   
-47.970   -33.880   -23.150   -666.665   -667.125   -162.000   
-50.635   -36.550   -23.150   -666.665   -667.125   -144.000   
-54.635   -40.550   -23.150   -666.665   -666.910   -143.000   
-57.305   -43.220   -23.147   -666.665   -666.805   -172.000   
-61.305   -47.220   -23.145   -666.665   -667.020   -153.000   
-63.970   -49.890   -23.143   -666.665   -667.125   -106.000   
-66.635   -53.895   -23.139   -666.665   -667.230   -94.000   
-70.635   -56.560   -23.141   -666.665   -667.020   -122.000   
-73.305   -59.230   -23.139   -666.665   -666.700   -87.000   
-77.305   -63.230   -23.139   -666.665   -666.700   -102.000   
-79.970   -65.895   -23.138   -666.665   -666.595   -114.000   
-83.970   -69.895   -23.140   -666.665   -666.175   -160.000   
-86.635   -72.560   -23.140   -666.665   -666.700   -132.000   
-90.635   -76.560   -23.141   -666.665   -666.490   -140.000   
-93.305   -79.225   -23.145   -666.665   -666.280   -160.000   
-95.970   -83.225   -23.145   -666.665   -666.910   -140.000   
-99.970   -85.890   -23.145   -666.665   -665.960   -169.000   
-102.635   -88.550   -23.147   -666.665   -666.280   -185.000   
-106.635   -92.550   -23.149   -666.665   -666.490   -166.000   
-109.305   -95.215   -23.152   -666.665   -666.280   -189.000   
-113.305   -99.215   -23.153   -666.665   -666.595   -173.000   
-115.970   -101.880   -23.151   -666.665   -666.595   -179.000   
-119.970   -105.880   -23.154   -666.665   -666.065   -214.000   
-122.635   -108.545   -23.154   -666.665   -666.595   -199.000   
-125.305   -112.545   -23.154   -666.665   -666.595   -199.000   
-129.305   -115.210   -23.156   -666.665   -666.805   -196.000   
-131.970   -117.880   -23.153   -666.665   -666.700   -170.000   
-135.970   -121.885   -23.150   -666.665   -667.020   -164.000   
-138.635   -124.550   -23.149   -666.665   -666.910   -175.000   
-142.635   -128.550   -23.147   -666.665   -666.910   -170.000   
-145.305   -131.220   -23.147   -666.665   -666.910   -155.000   
-149.305   -135.220   -23.146   -666.665   -666.910   -157.000   
-151.970   -137.890   -23.145   -666.665   -667.020   -143.000   
-154.635   -140.555   -23.143   -666.665   -666.805   -149.000   
-158.635   -144.560   -23.142   -666.665   -666.805   -152.000   
-161.305   -147.225   -23.139   -666.665   -667.020   -136.000   
-165.305   -151.225   -23.139   -666.665   -666.805   -138.000   
-167.970   -153.895   -23.141   -666.665   -666.595   -140.000   
-171.970   -157.895   -23.142   -666.665   -666.595   -130.000   
-174.635   -160.555   -23.142   -666.665   -666.385   -158.000   
-177.305   -164.555   -23.143   -666.665   -666.595   -153.000   
-181.305   -167.220   -23.144   -666.665   -666.385   -157.000   
-183.970   -169.890   -23.144   -666.665   -666.700   -146.000   
-187.970   -173.890   -23.147   -666.665   -666.490   -155.000   
-190.635   -176.555   -23.146   -666.665   -666.385   -171.000   
-194.635   -180.550   -23.149   -666.665   -666.175   -190.000   
-197.305   -183.215   -23.149   -666.665   -666.595   -163.000   
-201.305   -187.215   -23.150   -666.665   -666.385   -183.000   
-203.970   -189.880   -23.153   -666.665   -666.490   -194.000   
-206.635   -193.885   -23.151   -666.665   -666.805   -152.000   
-210.635   -196.550   -23.150   -666.665   -666.700   -183.000   
-213.305   -199.215   -23.149   -666.665   -666.805   -203.000   
-217.305   -203.220   -23.148   -666.665   -666.805   -213.000   
-219.970   -205.885   -23.150   -666.665   -666.700   -206.000   
-223.970   -209.885   -23.150   -666.665   -666.805   -212.000   
-226.635   -212.555   -23.149   -666.665   -666.910   -211.000   
-230.635   -216.555   -23.148   -666.665   -667.020   -204.000   
-233.305   -219.220   -23.146   -666.665   -666.490   -207.000   
-235.970   -223.220   -23.145   -666.665   -666.700   -199.000   
-239.970   -225.885   -23.145   -666.665   -666.595   -211.000   
-242.635   -228.555   -23.148   -666.665   -666.490   -211.000   
-246.635   -232.555   -23.148   -666.665   -666.490   -205.000   
-249.305   -235.220   -23.147   -666.665   -666.595   -218.000   
-253.305   -239.220   -23.148   -666.665   -666.490   -209.000   
-255.970   -241.885   -23.147   -666.665   -666.700   -207.000   
-259.970   -245.885   -23.148   -666.665   -666.595   -220.000   
-262.635   -248.550   -23.150   -666.665   -666.595   -222.000   
-265.305   -251.215   -23.150   -666.665   -666.280   -217.000   
-269.305   -255.220   -23.147   -666.665   -667.020   -207.000   
-271.970   -257.885   -23.146   -666.665   -667.020   -200.000   
-275.970   -261.885   -23.146   -666.665   -666.595   -223.000   
-278.635   -264.555   -23.147   -666.665   -666.805   -193.000   
-282.635   -268.555   -23.146   -666.665   -666.805   -197.000   
-285.305   -271.220   -23.145   -666.665   -666.700   -201.000   
-289.305   -275.225   -23.143   -666.665   -666.910   -180.000   
-291.970   -277.890   -23.145   -666.665   -666.595   -207.000   
-294.635   -280.555   -23.145   -666.665   -666.175   -202.000   
-298.635   -284.555   -23.146   -666.665   -666.805   -190.000   
-301.305   -287.220   -23.145   -666.665   -666.700   -196.000   
-305.305   -291.220   -23.147   -666.665   -666.065   -241.000   
-307.970   -293.885   -23.147   -666.665   -666.490   -208.000   
-311.970   -297.885   -23.149   -666.665   -666.385   -231.000   
-314.635   -300.550   -23.153   -666.665   -665.960   -262.000   
-317.305   -304.550   -23.152   -666.665   -667.020   -208.000   
-321.305   -307.215   -23.151   -666.665   -666.490   -236.000   
-323.970   -309.880   -23.152   -666.665   -666.805   -241.000   
-327.970   -313.880   -23.150   -666.665   -666.910   -227.000   
-330.635   -316.550   -23.152   -666.665   -666.700   -228.000   
-334.635   -320.550   -23.153   -666.665   -666.595   -242.000   
-337.305   -323.215   -23.150   -666.665   -666.700   -229.000   
-341.305   -327.215   -23.149   -666.665   -666.700   -230.000   
-343.970   -329.885   -23.148   -666.665   -666.805   -216.000   
-346.635   -333.885   -23.147   -666.665   -666.805   -240.000   
-350.635   -336.555   -23.147   -666.665   -666.910   -187.000   
-353.305   -339.220   -23.148   -666.665   -666.805   -177.000   
-357.305   -343.220   -23.147   -666.665   -666.910   -236.000   
-359.970   -345.890   -23.145   -666.665   -666.805   -180.000   
-363.970   -349.890   -23.144   -666.665   -666.805   -173.000   
-366.635   -352.555   -23.142   -666.665   -666.910   -210.000   
-370.635   -356.560   -23.140   -666.665   -666.910   -185.000   
-373.305   -359.225   -23.141   -666.665   -667.020   -137.000   
-375.970   -363.225   -23.141   -666.665   -666.595   -182.000   
-379.970   -365.895   -23.139   -666.665   -666.700   -173.000   
-382.635   -368.560   -23.139   -666.665   -666.805   -155.000   
-386.635   -372.560   -23.139   -666.665   -666.700   -174.000   
-389.305   -375.225   -23.141   -666.665   -666.595   -156.000   
-393.305   -379.225   -23.143   -666.665   -666.385   -162.000   
-395.970   -381.890   -23.144   -666.665   -665.960   -233.000   
-399.970   -385.885   -23.146   -666.665   -666.385   -221.000   
-402.635   -388.550   -23.148   -666.665   -665.960   -200.000   
-405.305   -391.215   -23.150   -666.665   -666.385   -213.000   
-409.305   -395.215   -23.153   -666.665   -666.490   -238.000   
-411.970   -397.880   -23.151   -666.665   -666.490   -207.000   
-415.970   -401.880   -23.155   -666.665   -666.280   -248.000   
-418.635   -404.545   -23.153   -666.665   -666.910   -218.000   
-422.635   -408.545   -23.153   -666.665   -666.490   -221.000   
-425.305   -411.215   -23.153   -666.665   -666.595   -249.000   
-427.970   -415.215   -23.150   -666.665   -667.230   -225.000   
-431.970   -417.885   -23.151   -666.665   -666.805   -190.000   
-434.635   -420.550   -23.149   -666.665   -667.020   -165.000   
-438.635   -424.555   -23.145   -666.665   -667.230   -206.000   
-441.305   -427.225   -23.143   -666.665   -667.230   -179.000   
-445.305   -431.225   -23.142   -666.665   -666.805   -174.000   
-447.970   -433.895   -23.142   -666.665   -667.230   -182.000   
-451.970   -437.895   -23.142   -666.665   -666.805   -163.000   
-454.635   -440.560   -23.140   -666.665   -666.490   -167.000   
-457.305   -444.560   -23.139   -666.665   -666.805   -172.000   
-461.305   -447.230   -23.138   -666.665   -666.700   -146.000   
-463.970   -449.895   -23.142   -666.665   -666.280   -149.000   
-467.970   -453.895   -23.142   -666.665   -666.700   -198.000   
-470.635   -456.555   -23.143   -666.665   -666.280   -138.000   
-474.635   -460.555   -23.145   -666.665   -666.175   -138.000   
-477.305   -463.220   -23.145   -666.665   -666.595   -160.000   
-481.305   -467.220   -23.147   -666.665   -666.280   -166.000   
-483.970   -469.885   -23.151   -666.665   -666.490   -144.000   
-486.635   -473.880   -23.152   -666.665   -666.595   -165.000   
-490.635   -476.550   -23.153   -666.665   -666.490   -169.000   
-493.305   -479.215   -23.153   -666.665   -666.385   -177.000   
-497.305   -483.215   -23.153   -666.665   -666.595   -174.000   
-499.970   -485.880   -23.151   -666.665   -666.805   -156.000   
-503.970   -489.880   -23.152   -666.665   -666.595   -166.000   
-506.635   -492.550   -23.154   -666.665   -666.595   -190.000   
-510.635   -496.550   -23.152   -666.665   -666.910   -170.000   
-513.305   -499.215   -23.151   -666.665   -666.805   -156.000   
-515.970   -503.215   -23.149   -666.665   -666.700   -160.000   
-519.970   -505.885   -23.147   -666.665   -667.230   -134.000   
-522.635   -508.555   -23.148   -666.665   -666.805   -147.000   
-526.635   -512.555   -23.148   -666.665   -666.700   -156.000   
-529.305   -515.220   -23.145   -666.665   -666.910   -149.000   
-533.305   -519.225   -23.143   -666.665   -666.910   -131.000   
-535.970   -521.890   -23.144   -666.665   -666.385   -155.000   
-539.970   -525.890   -23.142   -666.665   -667.230   -137.000   
-542.635   -528.555   -23.144   -666.665   -666.595   -119.000   
-545.305   -531.225   -23.145   -666.665   -666.595   -120.000   
-549.305   -535.225   -23.142   -666.665   -666.910   -133.000   
-551.970   -537.890   -23.142   -666.665   -666.700   -136.000   
-555.970   -541.890   -23.142   -666.665   -666.595   -116.000   
-558.635   -544.560   -23.144   -666.665   -666.595   -133.000   
-562.635   -548.555   -23.145   -666.665   -666.385   -142.000   
-565.305   -551.220   -23.144   -666.665   -666.490   -139.000   
-569.305   -555.220   -23.144   -666.665   -666.490   -140.000   
-571.970   -557.890   -23.145   -666.665   -666.700   -136.000   
-574.635   -560.555   -23.145   -666.665   -666.700   -121.000   
-578.635   -564.555   -23.146   -666.665   -666.700   -149.000   
-581.305   -567.220   -23.146   -666.665   -666.280   -173.000   
-585.305   -571.220   -23.148   -666.665   -666.385   -147.000   
-587.970   -573.885   -23.148   -666.665   -666.490   -169.000   
-591.970   -577.885   -23.148   -666.665   -666.595   -165.000   
-594.635   -580.550   -23.149   -666.665   -666.910   -115.000   
-597.300   -584.550   -23.146   -666.665   -666.490   -152.000   
-601.300   -587.220   -23.146   -666.665   -666.700   -173.000   
-603.970   -589.885   -23.146   -666.665   -666.595   -172.000   
-607.970   -593.885   -23.145   -666.665   -666.700   -161.000   
-610.635   -596.550   -23.145   -666.665   -666.700   -168.000   
-614.635   -600.555   -23.144   -666.665   -667.020   -144.000   
-617.300   -603.220   -23.147   -666.665   -666.595   -172.000   
-621.300   -607.220   -23.147   -666.665   -666.805   -151.000   
-623.970   -609.885   -23.146   -666.665   -666.595   -176.000   
-626.635   -613.885   -23.146   -666.665   -666.595   -161.000   
-630.635   -616.550   -23.146   -666.665   -666.700   -162.000   
-633.300   -619.220   -23.147   -666.665   -666.700   -150.000   
-637.300   -623.220   -23.148   -666.665   -666.385   -188.000   
-639.970   -625.885   -23.146   -666.665   -666.805   -148.000   
-643.970   -629.885   -23.146   -666.665   -666.700   -157.000   
-646.635   -632.550   -23.147   -666.665   -666.595   -176.000   
-650.635   -636.555   -23.145   -666.665   -666.910   -146.000   
-653.300   -639.220   -23.147   -666.665   -666.700   -167.000   
-655.970   -641.885   -23.147   -666.665   -666.595   -160.000   
-659.970   -645.885   -23.144   -666.665   -666.805   -148.000   
-662.635   -648.555   -23.143   -666.665   -667.020   -137.000   
-666.635   -652.555   -23.142   -666.665   -666.700   -130.000   
-669.300   -655.220   -23.145   -666.665   -666.595   -142.000   
-673.300   -659.220   -23.145   -666.665   -666.595   -144.000   
-675.970   -661.885   -23.145   -666.665   -666.385   -163.000   
-679.970   -665.885   -23.146   -666.665   -666.490   -169.000   
-682.635   -668.550   -23.146   -666.665   -666.700   -157.000   
-685.300   -671.220   -23.147   -666.665   -666.595   -156.000   
-689.300   -675.215   -23.148   -666.665   -666.385   -177.000   
-691.970   -677.880   -23.151   -666.665   -666.490   -182.000   
-695.970   -681.880   -23.152   -666.665   -666.490   -190.000   
-698.635   -684.545   -23.151   -666.665   -666.595   -195.000   
-702.635   -688.545   -23.151   -666.665   -666.385   -199.000   
-705.300   -691.215   -23.151   -666.665   -667.125   -159.000   
-707.970   -695.215   -23.150   -666.665   -667.020   -176.000   
-711.970   -697.880   -23.151   -666.665   -666.805   -178.000   
-714.635   -700.550   -23.150   -666.665   -667.020   -164.000   
-718.635   -704.550   -23.149   -666.665   -666.490   -185.000   
-721.300   -707.215   -23.147   -666.665   -666.805   -160.000   
-725.300   -711.220   -23.146   -666.665   -666.910   -159.000   
-727.970   -713.885   -23.147   -666.665   -666.805   -158.000   
-731.970   -717.885   -23.146   -666.665   -666.910   -180.000   
-734.635   -720.555   -23.144   -666.665   -666.805   -205.000   
-737.300   -724.555   -23.144   -666.665   -666.700   -200.000   
-741.300   -727.220   -23.143   -666.665   -666.910   -189.000   
-743.970   -729.890   -23.144   -666.665   -666.805   -174.000   
-747.970   -733.890   -23.144   -666.665   -666.700   -200.000   
-750.635   -736.555   -23.142   -666.665   -666.700   -176.000   
-754.635   -740.560   -23.140   -666.665   -666.805   -164.000   
-757.300   -743.225   -23.142   -666.665   -666.280   -193.000   
-761.300   -747.225   -23.142   -666.665   -666.910   -164.000   
-763.965   -749.890   -23.142   -665.680   -666.490   -189.000   
-766.625   -752.555   -23.136   -663.390   -666.490   -195.000   
-770.590   -756.555   -23.116   -657.500   -666.700   -183.000   
-773.210   -759.220   -23.071   -651.935   -666.595   -178.000   
-777.090   -763.215   -22.944   -641.135   -666.065   -173.000   
-779.635   -765.875   -22.803   -632.300   -665.220   -163.000   
-783.385   -769.845   -22.498   -616.590   -661.210   -106.000   
-785.825   -772.475   -22.234   -604.480   -657.620   -67.000   
-789.395   -776.385   -21.744   -583.865   -652.550   71.000   
-791.700   -778.955   -21.366   -568.480   -646.320   146.000   
-793.940   -781.490   -20.698   -551.790   -638.290   298.000   
-797.170   -785.215   -20.193   -524.300   -618.650   399.000   
-799.225   -787.645   -19.643   -504.335   -606.820   607.000   
-802.155   -791.175   -18.728   -471.935   -592.775   692.000   
-804.000   -793.450   -18.068   -448.700   -577.145   778.000   
-806.580   -796.740   -16.992   -412.345   -543.140   955.000   
-808.180   -798.840   -16.214   -388.105   -525.185   1103.000   
-810.400   -801.840   -14.982   -351.740   -505.330   1352.000   
-811.760   -803.725   -14.135   -327.500   -483.050   1450.000   
-813.020   -805.515   -12.849   -303.255   -459.605   1591.000   
-814.730   -808.015   -11.995   -266.895   -410.600   1689.000   
-815.750   -809.555   -11.141   -242.650   -385.470   1797.000   
-817.100   -811.680   -9.871   -206.615   -360.440   1866.000   
-817.880   -812.970   -9.030   -184.010   -334.880   1895.000   
-818.890   -814.710   -7.794   -152.555   -283.770   1869.000   
-819.460   -815.740   -6.998   -133.220   -257.685   1816.000   
-819.955   -817.100   -5.868   -115.195   -232.335   1685.000   
-820.570   -817.880   -5.172   -90.615   -207.835   1581.000   
-820.905   -818.570   -4.528   -75.865   -183.650   1378.000   
-821.300   -819.440   -3.647   -56.190   -140.035   1258.000   
-821.500   -819.920   -3.123   -44.710   -120.285   1074.000   
-821.725   -820.510   -2.422   -29.950   -102.230   841.000   
-821.825   -820.830   -2.011   -21.745   -86.495   740.000   
-821.925   -821.200   -1.466   -11.890   -59.245   577.000   
-821.965   -821.390   -1.156   -6.955   -47.630   490.000   
-821.985   -821.605   -0.771   -3.330   -37.490   384.000   
-821.995   -821.700   -0.567   -0.350   -28.195   317.000   
-821.995   -821.770   -0.407   0.000   -20.595   231.000   
-821.995   -821.830   -0.245   0.000   -8.975   183.000   
-821.995   -821.850   -0.181   0.000   -5.070   145.000   
-821.995   -821.860   -0.141   0.000   -2.430   100.000   
-821.995   -821.860   -0.136   0.000   -0.635   68.000   
-821.995   -821.860   -0.134   0.000   0.210   29.000   
-821.995   -821.860   -0.134   0.000   0.105   -14.000   
-821.995   -821.860   -0.134   0.000   0.000   -54.000   
-821.995   -821.860   -0.133   0.000   -0.210   -84.000   
-821.995   -821.865   -0.131   0.000   -0.420   -118.000   
-821.995   -821.870   -0.125   0.000   -0.950   -132.000   
-821.995   -821.875   -0.120   0.000   -1.265   -141.000   
-821.995   -821.885   -0.109   0.000   -1.690   -136.000   
-821.995   -821.895   -0.101   0.000   -1.900   -121.000   
-821.995   -821.910   -0.086   0.000   -2.535   -89.000   
-821.995   -821.920   -0.075   0.000   -2.745   -59.000   
-821.995   -821.930   -0.058   0.000   -2.850   -19.000   
-821.995   -821.950   -0.047   0.000   -2.850   11.000   
-821.995   -821.960   -0.037   0.000   -2.745   40.000   
-821.995   -821.970   -0.025   0.000   -1.795   38.000   
-821.995   -821.975   -0.020   0.000   -1.265   30.000   
-821.995   -821.980   -0.016   0.000   -0.845   13.000   
-821.995   -821.980   -0.014   0.000   -0.420   -15.000   
-821.995   -821.980   -0.015   0.000   0.105   -36.000   
-821.995   -821.980   -0.015   0.000   0.105   -49.000   
-821.995   -821.980   -0.016   0.000   0.210   -65.000   
-821.995   -821.975   -0.018   0.000   0.210   -77.000   
-821.995   -821.975   -0.018   0.000   0.315   -85.000   
-821.995   -821.975   -0.018   0.000   0.000   -84.000   
-821.995   -821.980   -0.017   0.000   -0.210   -83.000   
-821.995   -821.980   -0.015   0.000   -0.315   -71.000   
-821.995   -821.980   -0.013   0.000   -0.530   -59.000   
-821.995   -821.985   -0.008   0.000   -0.845   -36.000   
-821.995   -821.990   -0.004   0.000   -0.950   -18.000   
-821.995   -821.995   -0.001   0.000   -0.845   4.000   
-821.995   -822.000   0.003   0.000   -0.740   8.000   
-821.995   -822.000   0.005   0.000   -0.635   10.000   
-821.995   -822.000   0.005   0.000   0.105   -9.000   
-821.995   -822.000   0.005   0.000   0.105   -16.000   
-821.995   -822.000   0.003   0.000   0.315   -23.000   
-821.995   -821.995   0.001   0.000   0.315   -39.000   
-821.995   -821.995   -0.001   0.000   0.420   -45.000   
-821.995   -821.995   -0.002   0.000   0.315   -47.000   
-821.995   -821.990   -0.003   0.000   0.105   -45.000   
-821.995   -821.990   -0.003   0.000   0.105   -41.000   
-821.995   -821.995   -0.003   0.000   -0.105   -36.000   
-821.995   -821.995   -0.002   0.000   -0.105   -36.000   
-821.995   -821.995   -0.001   0.000   -0.105   -30.000   
-821.995   -821.995   -0.000   0.000   -0.210   -23.000   
-821.995   -821.995   0.001   0.000   -0.315   -15.000   
-821.995   -821.995   0.002   0.000   -0.210   -13.000   
-821.995   -822.000   0.003   0.000   -0.105   -12.000   
-821.995   -822.000   0.003   0.000   0.000   -16.000   
-821.995   -821.995   0.002   0.000   0.000   -19.000   
-821.995   -821.995   0.002   0.000   0.105   -22.000   
-821.995   -821.995   0.001   0.000   0.105   -23.000   
-821.995   -821.995   0.000   0.000   0.105   -27.000   
-821.995   -821.995   0.000   0.000   0.105   -27.000   
-821.995   -821.995   0.000   0.000   0.105   -28.000   
-821.995   -821.995   -0.000   0.000   0.105   -25.000   
-821.995   -821.995   -0.000   0.000   0.000   -25.000   
-821.995   -821.995   0.000   0.000   -0.105   -22.000   
-821.995   -821.995   0.000   0.000   0.000   -20.000   
-821.995   -821.995   0.001   0.000   -0.105   -18.000   
-821.995   -821.995   0.001   0.000   0.000   -16.000   
-821.995   -821.995   0.001   0.000   -0.105   -14.000   
-821.995   -821.995   0.001   0.000   0.000   -17.000   
-821.995   -821.995   0.001   0.000   0.105   -19.000   
-821.995   -821.995   0.000   0.000   0.105   -22.000   
-821.995   -821.995   0.000   0.000   0.105   -23.000   
-821.995   -821.995   -0.000   0.000   0.000   -25.000   
-821.995   -821.995   -0.000   0.000   0.105   -27.000   
-821.995   -821.995   -0.001   0.000   0.000   -28.000   
-821.995   -821.995   -0.001   0.000   0.105   -29.000   
-821.995   -821.995   -0.001   0.000   0.000   -27.000   
-821.995   -821.995   -0.001   0.000   0.000   -25.000   
-821.995   -821.995   -0.001   0.000   -0.105   -22.000   
-821.995   -821.995   0.000   0.000   -0.105   -21.000   
-821.995   -821.995   0.000   0.000   -0.105   -18.000   
-821.995   -821.995   0.001   0.000   -0.105   -15.000   
-821.995   -821.995   0.001   0.000   -0.105   -15.000   
-821.995   -821.995   0.001   0.000   0.000   -14.000   
-821.995   -821.995   0.001   0.000   0.000   -16.000   
-821.995   -821.995   0.001   0.000   0.000   -16.000   
-821.995   -821.995   0.001   0.000   0.105   -20.000   
-821.995   -821.995   0.001   0.000   0.000   -21.000   
-821.995   -821.995   0.000   0.000   0.105   -22.000   
-821.995   -821.995   -0.000   0.000   0.105   -27.000   
-821.995   -821.995   -0.001   0.000   0.105   -29.000   
-821.995   -821.995   -0.001   0.000   0.105   -27.000   
-821.995   -821.995   -0.001   0.000   0.000   -26.000   
-821.995   -821.995   -0.001   0.000   0.000   -25.000   
-821.995   -821.995   -0.001   0.000   -0.105   -23.000   
-821.995   -821.995   -0.001   0.000   0.000   -22.000   
-821.995   -821.995   -0.000   0.000   -0.105   -20.000   
-821.995   -821.995   -0.000   0.000   0.000   -21.000   
-821.995   -821.995   0.000   0.000   -0.105   -21.000   
-821.995   -821.995   0.000   0.000   0.000   -22.000   
-821.995   -821.995   0.000   0.000   0.000   -22.000   
-821.995   -821.995   0.000   0.000   0.000   -22.000   
-821.995   -821.995   0.000   0.000   0.000   -22.000   
-821.995   -821.995   -0.000   0.000   0.105   -24.000   
-821.995   -821.995   -0.000   0.000   0.000   -25.000   
-821.995   -821.995   -0.000   0.000   0.000   -24.000   
-821.995   -821.995   -0.000   0.000   0.000   -23.000   
-821.995   -821.995   -0.000   0.000   0.000   -22.000   
-821.995   -821.995   0.000   0.000   0.000   -21.000   
-821.995   -821.995   0.000   0.000   -0.105   -20.000   
-821.995   -821.995   0.000   0.000   0.000   -21.000   
-821.995   -821.995   0.000   0.000   0.000   -21.000   
-821.995   -821.995   0.000   0.000   0.000   -22.000   
-821.995   -821.995   0.000   0.000   0.000   -22.000   
-821.995   -821.995   0.000   0.000   0.000   -24.000   
-821.995   -821.995   -0.000   0.000   0.105   -24.000   
-821.995   -821.995   -0.000   0.000   0.000   -26.000   
-821.995   -821.995   -0.001   0.000   0.105   -27.000   
-821.995   -821.995   -0.001   0.000   0.000   -29.000   
-821.995   -821.995   -0.001   0.000   0.000   -29.000   
-821.995   -821.995   -0.001   0.000   0.000   -26.000   
-821.995   -821.995   -0.001   0.000   0.000   -26.000   
-821.995   -821.995   -0.001   0.000   0.000   -25.000   
-821.995   -821.995   -0.000   0.000   -0.105   -25.000   
-821.995   -821.995   0.000   0.000   -0.105   -23.000   
-821.995   -821.995   0.000   0.000   0.000   -22.000   
-821.995   -821.995   0.000   0.000   0.000   -22.000   
-821.995   -821.995   0.000   0.000   -0.105   -21.000   
-821.995   -821.995   0.000   0.000   0.000   -21.000   
-821.995   -821.995   0.000   0.000   0.000   -21.000   
-821.995   -821.995   0.000   0.000   0.000   -23.000   
-821.995   -821.995   0.000   0.000   0.000   -23.000   
-821.995   -821.995   0.000   0.000   0.105   -25.000   
-821.995   -821.995   0.000   0.000   0.000   -25.000   
-821.995   -821.995   -0.000   0.000   0.105   -25.000   
-821.995   -821.995   -0.000   0.000   0.000   -25.000   
-821.995   -821.995   -0.000   0.000   0.000   -25.000   
-821.995   -821.995   -0.000   0.000   0.000   -24.000   
-821.995   -821.995   -0.000   0.000   0.000   -25.000   
-821.995   -821.995   -0.000   0.000   0.000   -24.000   
-821.995   -821.995   -0.000   0.000   0.000   -23.000   
-821.995   -821.995   -0.000   0.000   0.000   -22.000   
-821.995   -821.995   0.000   0.000   0.000   -23.000   
-821.995   -821.995   0.000   0.000   0.000   -22.000   
-821.995   -821.995   0.000   0.000   0.000   -23.000   
-821.995   -821.995   0.000   0.000   0.000   -23.000   
-821.995   -821.995   0.000   0.000   0.000   -25.000   
-821.995   -821.995   -0.000   0.000   0.105   -25.000   
-821.995   -821.995   -0.000   0.000   0.000   -24.000   
-821.995   -821.995   0.000   0.000   0.000   -23.000   
-821.995   -821.995   0.000   0.000   -0.105   -23.000   
-821.995   -821.995   0.000   0.000   0.000   -23.000   
-821.995   -821.995   0.000   0.000   0.000   -23.000   
-821.995   -821.995   0.000   0.000   0.000   -23.000   
-821.995   -821.995   0.000   0.000   0.000   -23.000   
-821.995   -821.995   0.000   0.000   0.000   -21.000   
-821.995   -821.995   0.000   0.000   0.000   -21.000   
-821.995   -821.995   0.000   0.000   0.000   -22.000   
-821.995   -821.995   0.000   0.000   0.000   -22.000   
-821.995   -821.995   0.000   0.000   0.000   -24.000   
-821.995   -821.995   0.000   0.000   0.000   -25.000   
-821.995   -821.995   -0.000   0.000   0.105   -25.000   
-821.995   -821.995   -0.000   0.000   0.000   -26.000   
-821.995   -821.995   -0.000   0.000   0.000   -26.000   
-821.995   -821.995   -0.000   0.000   0.000   -26.000   
-821.995   -821.995   -0.000   0.000   0.000   -26.000   
-821.995   -821.995   -0.000   0.000   0.000   -26.000   
-821.995   -821.995   -0.000   0.000   0.000   -27.000   
-821.995   -821.995   -0.000   0.000   0.000   -26.000   
-821.995   -821.995   -0.000   0.000   0.000   -24.000   
-821.995   -821.995   0.000   0.000   -0.105   -23.000   
-821.995   -821.995   0.000   0.000   0.000   -22.000   
-821.995   -821.995   0.000   0.000   0.000   -23.000   
-821.995   -821.995   0.000   0.000   0.000   -23.000   
-821.995   -821.995   0.000   0.000   0.000   -23.000   
-821.995   -821.995   0.000   0.000   0.000   -23.000   
-821.995   -821.995   0.000   0.000   0.000   -23.000   
-821.995   -821.995   0.000   0.000   0.000   -23.000   
-821.995   -821.995   0.000   0.000   0.000   -23.000   
-821.995   -821.995   0.000   0.000   0.000   -24.000   
-821.995   -821.995   0.000   0.000   0.000   -25.000   
-821.995   -821.995   -0.000   0.000   0.000   -25.000   
-821.995   -821.995   -0.000   0.000   0.105   -25.000   
-821.995   -821.995   -0.000   0.000   0.000   -23.000   
-821.995   -821.995   -0.000   0.000   0.000   -22.000   
-821.995   -821.995   -0.000   0.000   0.000   -24.000   
-821.995   -821.995   -0.000   0.000   0.000   -23.000   
-821.995   -821.995   -0.000   0.000   0.000   -24.000   
-821.995   -821.995   -0.000   0.000   0.000   -23.000   
-821.995   -821.995   -0.000   0.000   0.000   -25.000   
-821.995   -821.995   -0.000   0.000   0.000   -22.000   
-821.995   -821.995   -0.000   0.000   0.000   -25.000   
-821.995   -821.995   0.000   0.000   -0.105   -20.000   
-821.995   -821.995   0.000   0.000   0.000   -20.000   
-821.995   -821.995   0.000   0.000   0.000   -20.000   
-821.995   -821.995   0.000   0.000   0.000   -20.000   
-821.995   -821.995   0.000   0.000   0.000   -20.000   
-821.995   -821.995   0.000   0.000   0.000   -20.000   
-821.995   -821.995   0.000   0.000   0.000   -18.000   
-821.995   -821.995   0.000   0.000   0.000   -19.000   
-821.995   -821.995   0.000   0.000   0.000   -20.000   
-821.995   -821.995   0.000   0.000   0.000   -20.000   
-821.995   -821.995   0.000   0.000   0.000   -20.000   
-821.995   -821.995   0.000   0.000   0.000   -19.000   
-821.995   -821.995   0.000   0.000   0.000   -20.000   
-821.995   -821.995   0.000   0.000   0.000   -20.000   
-821.995   -821.995   0.000   0.000   0.000   -21.000   
-821.995   -821.995   -0.000   0.000   0.105   -22.000   
-821.995   -821.995   -0.000   0.000   0.000   -22.000   
-821.995   -821.995   -0.000   0.000   0.000   -22.000   
-821.995   -821.995   -0.000   0.000   0.000   -22.000   
-821.995   -821.995   -0.000   0.000   0.000   -21.000   
-821.995   -821.995   -0.000   0.000   0.000   -21.000   
-821.995   -821.995   -0.000   0.000   0.000   -21.000   
-821.995   -821.995   -0.000   0.000   0.000   -21.000   
-821.995   -821.995   -0.000   0.000   0.000   -21.000   
-821.995   -821.995   -0.000   0.000   0.000   -20.000   
-821.995   -821.995   0.000   0.000   -0.105   -20.000   
-821.995   -821.995   0.000   0.000   0.000   -20.000   
-821.995   -821.995   0.000   0.000   0.000   -20.000   
-821.995   -821.995   0.000   0.000   0.000   -19.000   
-821.995   -821.995   0.000   0.000   0.000   -20.000   
-821.995   -821.995   0.000   0.000   0.000   -20.000   
-821.995   -821.995   0.000   0.000   0.000   -20.000   
-821.995   -821.995   0.000   0.000   0.000   -20.000   
-821.995   -821.995   0.000   0.000   0.000   -19.000   
-821.995   -821.995   0.000   0.000   0.000   -20.000   
-821.995   -821.995   0.000   0.000   0.000   -20.000   
-821.995   -821.995   0.000   0.000   0.000   -20.000   
-821.995   -821.995   0.000   0.000   0.000   -20.000   
-821.995   -821.995   -0.000   0.000   0.105   -21.000   
-821.995   -821.995   -0.000   0.000   0.000   -21.000   
-821.995   -821.995   -0.000   0.000   0.000   -21.000   
-821.995   -821.995   -0.000   0.000   0.000   -20.000   
-821.995   -821.995   -0.000   0.000   0.000   -21.000   
-821.995   -821.995   -0.000   0.000   0.000   -21.000   
-821.995   -821.995   -0.000   0.000   0.000   -22.000   
-821.995   -821.995   -0.000   0.000   0.000   -21.000   
-821.995   -821.995   -0.000   0.000   0.000   -22.000   
-821.995   -821.995   -0.000   0.000   0.000   -20.000   
-821.995   -821.995   0.000   0.000   0.000   -20.000   
-821.995   -821.995   0.000   0.000   -0.105   -19.000   
-821.995   -821.995   0.000   0.000   0.000   -20.000   
-821.995   -821.995   0.000   0.000   0.000   -20.000   
-821.995   -821.995   0.000   0.000   0.000   -20.000   
-821.995   -821.995   0.000   0.000   0.000   -20.000   
-821.995   -821.995   0.000   0.000   0.000   -19.000   
-821.995   -821.995   0.000   0.000   0.000   -20.000   
-821.995   -821.995   0.000   0.000   0.000   -20.000   
-821.995   -821.995   0.000   0.000   0.000   -21.000   
-821.995   -821.995   0.000   0.000   0.000   -21.000   
-821.995   -821.995   0.000   0.000   0.000   -21.000   
-821.995   -821.995   -0.000   0.000   0.105   -21.000   
-821.995   -821.995   -0.000   0.000   0.000   -22.000   
-821.995   -821.995   -0.000   0.000   0.000   -21.000   
-821.995   -821.995   -0.000   0.000   0.000   -22.000   
-821.995   -821.995   -0.000   0.000   0.000   -22.000   
-821.995   -821.995   -0.000   0.000   0.000   -21.000   
-821.995   -821.995   -0.000   0.000   0.000   -21.000   
-821.995   -821.995   -0.000   0.000   0.000   -22.000   
-821.995   -821.995   -0.000   0.000   0.000   -21.000   
-821.995   -821.995   0.000   0.000   -0.105   -20.000   
-821.995   -821.995   0.000   0.000   0.000   -20.000   
-821.995   -821.995   0.000   0.000   0.000   -20.000   
-821.995   -821.995   0.000   0.000   0.000   -21.000   
-821.995   -821.995   0.000   0.000   0.000   -20.000   
-821.995   -821.995   0.000   0.000   0.000   -20.000   
-821.995   -821.995   0.000   0.000   0.000   -20.000   
-821.995   -821.995   0.000   0.000   0.000   -20.000   
-821.995   -821.995   0.000   0.000   0.000   -20.000   
-821.995   -821.995   0.000   0.000   0.000   -20.000   
-821.995   -821.995   0.000   0.000   0.000   -20.000   
-821.995   -821.995   0.000   0.000   0.000   -20.000   
-821.995   -821.995   0.000   0.000   0.000   -20.000   
-821.990   -821.995   0.000   0.325   0.000   -20.000   
-821.990   -821.995   0.005   1.960   0.000   -20.000   
-821.970   -821.995   0.014   6.870   0.000   -20.000   
-821.930   -821.995   0.040   11.780   0.105   -16.000   
-821.830   -821.995   0.144   21.600   0.105   -2.000   
-821.730   -821.990   0.264   29.780   0.530   26.000   
-821.510   -821.975   0.543   44.505   2.005   103.000   
-821.305   -821.950   0.784   55.960   4.330   174.000   
-821.060   -821.910   1.239   68.725   8.025   301.000   
-820.580   -821.800   1.601   90.325   19.750   398.000   
-820.190   -821.690   2.014   106.360   27.775   561.000   
-819.475   -821.455   2.720   132.870   36.855   693.000   
-818.905   -821.240   3.249   152.180   47.205   848.000   
-817.895   -820.825   4.132   183.600   72.765   1063.000   
-817.120   -820.475   4.781   206.180   87.445   1223.000   
-815.775   -819.825   5.835   242.190   104.235   1417.000   
-814.755   -819.300   6.596   266.435   122.190   1590.000   
-813.640   -818.690   7.802   290.675   141.410   1773.000   
-811.790   -817.615   8.634   327.040   184.710   1879.000   
-810.430   -816.785   9.480   351.280   208.155   1590.000   
-808.215   -815.450   10.856   387.645   218.715   2051.000   
-806.615   -814.425   11.758   411.890   239.200   1857.000   
-804.035   -812.695   13.107   448.250   294.115   1822.000   
-802.195   -811.430   14.012   471.510   316.715   2031.000   
-800.265   -809.315   15.329   493.465   344.600   1998.000   
-797.210   -807.755   16.165   523.935   375.330   1931.000   
-795.080   -806.090   16.964   542.615   403.740   1648.000   
-791.745   -803.450   18.137   568.180   445.030   1974.000   
-789.440   -801.560   18.847   583.585   472.700   1870.000   
-785.875   -798.540   19.808   604.240   497.305   1974.000   
-783.435   -796.415   20.376   616.370   520.540   2014.000   
-779.690   -793.050   21.113   632.120   565.530   1857.000   
-777.140   -790.710   21.523   640.980   585.805   1613.000   
-774.560   -787.075   22.047   648.530   602.385   1394.000   
-770.645   -784.580   22.342   657.400   616.325   1276.000   
-768.005   -782.045   22.586   661.680   628.575   1069.000   
-764.020   -778.155   22.871   665.645   650.330   887.000   
-761.355   -775.520   23.001   666.650   658.990   680.000   
-757.355   -771.520   23.118   666.665   665.540   447.000   
-754.690   -768.830   23.148   666.665   670.715   235.000   
-750.690   -764.780   23.140   666.665   675.045   68.000   
-748.025   -762.075   23.115   666.665   675.785   21.000   
-745.355   -758.030   23.071   666.665   674.835   -108.000   
-741.355   -755.340   23.045   666.665   673.670   -167.000   
-738.690   -752.655   23.029   666.665   671.665   -151.000   
-734.690   -748.645   23.020   666.665   667.755   -142.000   
-732.025   -745.985   23.026   666.665   665.540   -84.000   
-728.025   -742.000   23.042   666.665   664.165   65.000   
-725.355   -739.345   23.054   666.665   663.535   68.000   
-721.355   -735.375   23.080   666.665   662.370   174.000   
-718.690   -732.725   23.097   666.665   662.475   270.000   
-716.025   -730.075   23.123   666.665   662.475   351.000   
-712.025   -726.100   23.141   666.665   662.160   374.000   
-709.355   -723.445   23.152   666.665   663.005   415.000   
-705.355   -719.455   23.164   666.665   665.010   430.000   
-702.690   -716.795   23.167   666.665   666.065   359.000   
-698.690   -712.790   23.162   666.665   667.020   307.000   
-696.025   -710.115   23.158   666.665   668.180   264.000   
-692.025   -706.105   23.145   666.665   668.920   165.000   
-689.355   -703.430   23.137   666.665   668.920   141.000   
-686.690   -700.755   23.124   666.665   668.815   107.000   
-682.690   -696.740   23.116   666.665   668.495   33.000   
-680.025   -694.070   23.110   666.665   668.285   17.000   
-676.025   -690.070   23.108   666.665   666.805   66.000   
-673.355   -687.405   23.112   666.665   666.065   54.000   
-669.355   -683.410   23.117   666.665   666.065   79.000   
-666.690   -680.750   23.123   666.665   664.905   193.000   
-664.025   -676.765   23.137   666.665   664.165   233.000   
-660.025   -674.105   23.146   666.665   664.590   264.000   
-657.355   -671.450   23.156   666.665   664.375   359.000   
-653.355   -667.460   23.168   666.665   664.485   344.000   
-650.690   -664.795   23.171   666.665   665.435   337.000   
-646.690   -660.800   23.173   666.665   666.385   362.000   
-644.025   -658.130   23.172   666.665   666.805   311.000   
-640.025   -654.125   23.165   666.665   667.755   234.000   
-637.355   -651.450   23.161   666.665   668.075   252.000   
-634.690   -647.440   23.150   666.665   668.285   143.000   
-630.690   -644.765   23.140   666.665   668.815   56.000   
-628.025   -642.095   23.133   666.665   668.495   40.000   
-624.025   -638.085   23.125   666.665   668.180   36.000   
-621.355   -635.415   23.123   666.665   667.755   7.000   
-617.355   -631.415   23.121   666.665   666.700   35.000   
-614.690   -628.745   23.121   666.665   666.595   30.000   
-610.690   -624.755   23.128   666.665   665.435   90.000   
-608.025   -622.090   23.131   666.665   665.750   114.000   
-605.355   -619.430   23.139   666.665   665.330   154.000   
-601.355   -615.440   23.146   666.665   664.905   182.000   
-598.690   -612.780   23.154   666.665   665.010   220.000   
-594.690   -608.785   23.162   666.665   665.330   246.000   
-592.025   -606.125   23.164   666.665   665.540   242.000   
-588.025   -602.125   23.166   666.665   666.490   241.000   
-585.355   -599.460   23.165   666.665   666.910   230.000   
-581.355   -595.455   23.160   666.665   667.440   178.000   
-578.690   -592.780   23.157   666.665   667.755   152.000   
-576.025   -590.110   23.151   666.665   667.860   160.000   
-572.025   -586.105   23.144   666.665   667.970   94.000   
-569.355   -583.430   23.139   666.665   668.075   53.000   
-565.355   -579.425   23.132   666.665   667.970   56.000   
-562.690   -576.755   23.131   666.665   667.440   55.000   
-558.690   -572.755   23.128   666.665   667.020   31.000   
-556.025   -570.090   23.128   666.665   666.385   77.000   
-553.355   -566.095   23.133   666.665   665.960   115.000   
-549.355   -563.430   23.138   666.665   665.435   132.000   
-546.690   -560.770   23.144   666.665   665.645   158.000   
-542.690   -556.775   23.150   666.665   665.540   185.000   
-540.025   -554.115   23.153   666.665   665.540   203.000   
-536.025   -550.120   23.159   666.665   665.540   250.000   
-533.355   -547.455   23.163   666.665   665.750   233.000   
-529.355   -543.455   23.163   666.665   666.595   207.000   
-526.690   -540.790   23.163   666.665   667.020   223.000   
-524.025   -536.785   23.161   666.665   667.125   203.000   
-520.025   -534.115   23.156   666.665   667.230   156.000   
-517.355   -531.445   23.151   666.665   667.650   126.000   
-513.355   -527.435   23.144   666.665   667.860   107.000   
-510.690   -524.765   23.141   666.665   667.650   77.000   
-506.690   -520.760   23.134   666.665   667.755   53.000   
-504.025   -518.090   23.129   666.665   667.755   62.000   
-500.025   -514.090   23.128   666.665   666.805   94.000   
-497.355   -511.420   23.129   666.665   666.595   85.000   
-494.690   -507.425   23.129   666.665   666.700   83.000   
-490.690   -504.760   23.132   666.665   666.175   123.000   
-488.025   -502.095   23.137   666.665   665.960   140.000   
-484.025   -498.100   23.143   666.665   665.435   162.000   
-481.355   -495.440   23.147   666.665   665.220   203.000   
-477.355   -491.450   23.155   666.665   665.220   232.000   
-474.690   -488.785   23.158   666.665   666.175   211.000   
-470.690   -484.785   23.161   666.665   666.385   225.000   
-468.025   -482.120   23.163   666.665   666.385   230.000   
-465.355   -479.455   23.164   666.665   666.490   243.000   
-461.355   -475.455   23.162   666.665   666.805   228.000   
-458.690   -472.785   23.161   666.665   666.700   220.000   
-454.690   -468.785   23.156   666.665   667.545   186.000   
-452.025   -466.115   23.155   666.665   667.335   184.000   
-448.025   -462.105   23.148   666.665   667.755   124.000   
-445.355   -459.435   23.144   666.665   667.545   150.000   
-441.355   -455.435   23.142   666.665   667.020   141.000   
-438.690   -452.765   23.139   666.665   667.230   137.000   
-436.025   -450.100   23.138   666.665   666.910   141.000   
-432.025   -446.095   23.138   666.665   667.020   119.000   
-429.355   -443.430   23.137   666.665   666.700   138.000   
-425.355   -439.430   23.137   666.665   666.595   136.000   
-422.690   -436.765   23.138   666.665   666.385   150.000   
-418.690   -432.765   23.139   666.665   666.595   149.000   
-416.025   -430.100   23.139   666.665   666.385   154.000   
-413.355   -426.100   23.141   666.665   666.280   156.000   
-409.355   -423.435   23.144   666.665   666.280   159.000   
-406.690   -420.770   23.143   666.665   666.490   159.000   
-402.690   -416.770   23.145   666.665   666.385   164.000   
-400.025   -414.105   23.145   666.665   666.595   149.000   
-396.025   -410.105   23.147   666.665   666.490   168.000   
-393.355   -407.440   23.148   666.665   666.700   151.000   
-389.355   -403.445   23.151   666.665   665.855   209.000   
-386.690   -400.775   23.150   666.665   666.595   179.000   
-384.025   -396.775   23.150   666.665   666.490   174.000   
-380.025   -394.110   23.152   666.665   666.385   200.000   
-377.355   -391.445   23.153   666.665   666.595   197.000   
-373.355   -387.445   23.153   666.665   666.595   228.000   
-370.690   -384.780   23.153   666.665   666.700   243.000   
-366.690   -380.780   23.152   666.665   666.805   236.000   
-364.025   -378.110   23.152   666.665   666.805   222.000   
-360.025   -374.110   23.150   666.665   666.805   224.000   
-357.355   -371.440   23.150   666.665   667.125   213.000   
-354.690   -368.775   23.149   666.665   667.020   222.000   
-350.690   -364.775   23.147   666.665   666.700   221.000   
-348.025   -362.105   23.146   666.665   666.910   209.000   
-344.025   -358.105   23.144   666.665   667.230   192.000   
-341.355   -355.435   23.143   666.665   666.805   195.000   
-337.355   -351.435   23.139   666.665   667.335   152.000   
-334.690   -348.765   23.141   666.665   666.700   187.000   
-330.690   -344.765   23.142   666.665   666.595   180.000   
-328.025   -342.100   23.139   666.665   666.595   181.000   
-325.355   -339.435   23.139   666.665   666.700   178.000   
-321.355   -335.435   23.141   666.665   666.280   191.000   
-318.690   -332.770   23.144   666.665   666.280   207.000   
-314.690   -328.770   23.146   666.665   666.385   209.000   
-312.025   -326.105   23.147   666.665   666.280   227.000   
-308.025   -322.105   23.147   666.665   666.490   223.000   
-305.355   -319.440   23.148   666.665   666.595   220.000   
-302.690   -315.445   23.151   666.665   666.280   246.000   
-298.690   -312.780   23.153   666.665   666.175   250.000   
-296.025   -310.115   23.155   666.665   666.385   250.000   
-292.025   -306.115   23.153   666.665   666.700   238.000   
-289.355   -303.445   23.153   666.665   666.595   247.000   
-285.355   -299.445   23.151   666.665   667.125   220.000   
-282.690   -296.775   23.151   666.665   667.020   219.000   
-278.690   -292.775   23.151   666.665   666.700   239.000   
-276.025   -290.110   23.149   666.665   666.910   224.000   
-273.355   -286.105   23.147   666.665   666.910   218.000   
-269.355   -283.440   23.147   666.665   666.700   229.000   
-266.690   -280.770   23.147   666.665   667.125   192.000   
-262.690   -276.770   23.145   666.665   666.805   212.000   
-260.025   -274.105   23.143   666.665   666.490   232.000   
-256.025   -270.105   23.141   666.665   666.595   218.000   
-253.360   -267.435   23.142   666.665   667.125   188.000   
-249.360   -263.435   23.141   666.665   666.700   203.000   
-246.690   -260.770   23.143   666.665   666.595   225.000   
-244.025   -256.775   23.145   666.665   666.490   203.000   
-240.025   -254.105   23.146   666.665   666.280   211.000   
-237.360   -251.440   23.144   666.665   666.910   228.000   
-233.360   -247.440   23.144   666.665   666.595   180.000   
-230.690   -244.775   23.146   666.665   666.280   227.000   
-226.690   -240.775   23.145   666.665   666.805   213.000   
-224.025   -238.105   23.146   666.665   666.805   172.000   
-220.025   -234.105   23.146   666.665   666.595   165.000   
-217.360   -231.440   23.143   666.665   667.020   211.000   
-214.690   -228.770   23.144   666.665   666.595   210.000   
-210.690   -224.775   23.145   666.665   666.490   185.000   
-208.025   -222.105   23.146   666.665   666.595   204.000   
-204.025   -218.105   23.145   666.665   666.910   176.000   
-201.360   -215.440   23.144   666.665   666.490   197.000   
-197.360   -211.440   23.144   666.665   666.805   211.000   
-194.690   -208.770   23.144   666.665   666.700   178.000   
-190.690   -204.775   23.145   666.665   666.385   185.000   
-188.025   -202.110   23.147   666.665   666.490   227.000   
-185.360   -199.440   23.149   666.665   666.490   231.000   
-181.360   -195.445   23.147   666.665   666.490   189.000   
-178.690   -192.775   23.147   666.665   666.700   196.000   
-174.690   -188.775   23.148   666.665   666.490   237.000   
-172.025   -186.110   23.149   666.665   666.910   169.000   
-168.025   -182.110   23.150   666.665   666.175   230.000   
-165.360   -179.445   23.148   666.665   666.805   213.000   
-162.690   -175.445   23.147   666.665   666.910   181.000   
-158.690   -172.775   23.148   666.665   666.595   233.000   
-156.025   -170.110   23.148   666.665   666.595   239.000   
-152.025   -166.110   23.147   666.665   666.910   173.000   
-149.360   -163.440   23.147   666.665   666.805   231.000   
-145.360   -159.440   23.146   666.665   666.910   218.000   
-142.690   -156.770   23.144   666.665   666.805   155.000   
-138.690   -152.770   23.144   666.665   666.490   186.000   
-136.025   -150.105   23.142   666.665   667.335   182.000   
-133.360   -146.100   23.141   666.665   666.805   168.000   
-129.360   -143.435   23.142   666.665   666.700   170.000   
-126.690   -140.770   23.139   666.665   666.910   184.000   
-122.690   -136.765   23.139   666.665   666.910   148.000   
-120.025   -134.100   23.139   666.665   666.700   168.000   
-116.025   -130.100   23.139   666.665   666.700   115.000   
-113.360   -127.435   23.142   666.665   666.280   118.000   
-109.360   -123.440   23.145   666.665   666.065   135.000   
-106.690   -120.775   23.145   666.665   666.280   152.000   
-104.025   -116.775   23.145   666.665   666.595   152.000   
-100.025   -114.110   23.147   666.665   666.175   137.000   
-97.360   -111.445   23.150   666.665   666.280   162.000   
-93.360   -107.445   23.152   666.665   666.280   168.000   
-90.690   -104.780   23.152   666.665   666.385   172.000   
-86.690   -100.780   23.152   666.665   666.595   181.000   
-84.025   -98.110   23.151   666.665   666.910   156.000   
-80.025   -94.115   23.151   666.665   666.700   166.000   
-77.360   -91.445   23.151   666.665   666.595   170.000   
-74.690   -88.780   23.152   666.665   666.595   187.000   
-70.690   -84.780   23.153   666.665   666.700   154.000   
-68.025   -82.115   23.151   666.665   666.700   158.000   
-64.025   -78.110   23.149   666.665   667.125   164.000   
-61.360   -75.440   23.146   666.665   667.230   114.000   
-57.360   -71.440   23.146   666.665   666.700   161.000   
-54.690   -68.775   23.146   666.665   667.020   133.000   
-52.025   -64.770   23.143   666.665   667.125   111.000   
-48.025   -62.105   23.141   666.665   666.910   132.000   
-45.360   -59.435   23.139   666.665   666.910   123.000   
-41.360   -55.430   23.137   666.665   667.020   77.000   
-38.690   -52.765   23.139   666.665   666.700   89.000   
-34.690   -48.765   23.138   666.665   666.700   110.000   
-32.025   -46.100   23.136   666.665   667.020   79.000   
-28.025   -42.100   23.137   666.665   666.490   99.000   
-25.360   -39.435   23.139   666.665   666.385   127.000   
-22.690   -35.435   23.142   666.665   666.280   125.000   
-18.690   -32.770   23.145   666.665   666.065   136.000   
-16.025   -30.105   23.145   666.665   666.280   159.000   
-12.025   -26.110   23.147   666.665   666.280   141.000   
-9.360   -23.445   23.151   666.665   665.855   174.000   
-5.360   -19.450   23.153   666.665   666.280   175.000   
-2.690   -16.785   23.156   666.665   666.175   187.000   
1.310   -12.785   23.157   666.665   666.280   171.000   
3.975   -10.120   23.158   666.665   666.700   207.000   
6.640   -6.120   23.158   666.665   666.595   204.000   
10.640   -3.450   23.156   666.665   666.805   167.000   
13.310   -0.785   23.155   666.665   666.910   194.000   
17.310   3.220   23.152   666.665   667.230   183.000   
19.975   5.890   23.152   666.665   667.020   180.000   
23.975   9.890   23.148   666.665   667.440   154.000   
26.640   12.560   23.144   666.665   667.020   160.000   
30.640   16.565   23.141   666.665   667.125   140.000   
33.310   19.235   23.139   666.665   667.125   128.000   
35.975   21.900   23.138   666.665   666.910   128.000   
39.975   25.900   23.139   666.665   666.700   145.000   
42.640   28.570   23.137   666.665   666.700   143.000   
46.640   32.565   23.138   666.665   666.595   130.000   
49.310   35.235   23.137   666.665   666.910   119.000   
53.310   39.230   23.140   666.665   666.175   159.000   
55.975   41.895   23.143   666.665   666.280   156.000   
59.975   45.895   23.145   666.665   666.490   153.000   
62.640   48.560   23.144   666.665   666.385   161.000   
65.310   51.225   23.146   666.665   666.280   181.000   
69.310   55.225   23.147   666.665   666.490   157.000   
71.975   57.890   23.149   666.665   666.385   163.000   
75.975   61.890   23.150   666.665   666.595   177.000   
78.640   64.560   23.147   666.665   666.805   157.000   
82.640   68.555   23.148   666.665   666.490   169.000   
85.310   71.225   23.148   666.665   666.805   157.000   
87.975   75.225   23.148   666.665   666.595   166.000   
91.975   77.890   23.150   666.665   666.595   169.000   
94.640   80.555   23.150   666.665   666.700   174.000   
98.640   84.560   23.147   666.665   666.700   153.000   
101.310   87.225   23.147   666.665   667.020   155.000   
105.310   91.225   23.146   666.665   667.020   151.000   
111.975   97.890   23.148   666.665   666.595   166.000   
114.640   100.560   23.147   666.665   666.595   173.000   
117.310   104.560   23.146   666.665   666.910   143.000   
121.310   107.225   23.145   666.665   666.700   150.000   
123.975   109.895   23.145   666.665   666.490   171.000   
127.975   113.895   23.145   666.665   666.595   163.000   
130.640   116.560   23.147   666.665   666.700   160.000   
134.640   120.560   23.147   666.665   666.700   155.000   
137.310   123.225   23.145   666.665   666.910   145.000   
141.305   127.225   23.145   665.680   666.700   200.000   
143.965   129.895   23.140   663.390   666.595   203.000   
146.610   133.895   23.118   659.790   666.595   196.000   
150.550   136.560   23.073   651.935   666.700   183.000   
153.145   139.225   22.998   645.065   666.175   183.000   
156.975   143.215   22.802   632.300   665.645   140.000   
159.485   145.870   22.608   622.155   664.375   98.000   
163.165   149.820   22.230   604.480   657.620   53.000   
165.560   152.435   21.914   591.065   652.760   -42.000   
169.040   156.300   21.358   568.480   646.320   -185.000   
171.280   158.835   20.928   551.790   638.505   -279.000   
173.450   161.330   20.190   533.790   628.790   -411.000   
176.565   164.985   19.642   504.335   605.870   -514.000   
178.540   167.355   19.044   483.065   592.355   -682.000   
181.340   170.790   18.069   448.700   577.040   -766.000   
183.085   173.000   17.363   424.470   560.775   -906.000   
185.520   176.175   16.220   388.105   524.445   -1078.000   
187.025   178.195   15.404   363.865   504.910   -1238.000   
188.435   181.060   14.137   339.620   483.260   -1449.000   
190.360   182.855   13.279   303.255   460.130   -1572.000   
191.525   184.545   11.994   279.015   435.735   -1683.000   
193.090   186.895   11.142   242.650   385.470   -1763.000   
194.015   188.340   10.293   218.410   360.230   -1840.000   
195.220   190.310   9.031   184.010   334.775   -1879.000   
195.910   191.495   8.202   162.710   309.220   -1883.000   
196.800   193.080   6.997   133.220   257.685   -1813.000   
197.295   194.010   6.234   115.195   232.020   -1705.000   
197.720   195.210   5.178   98.480   206.570   -1466.000   
198.245   195.895   4.540   75.865   182.385   -1326.000   
198.520   196.495   3.946   62.420   160.525   -1140.000   
198.840   197.245   3.139   44.710   120.815   -1011.000   
199.000   197.660   2.660   34.545   103.285   -888.000   
199.165   198.160   2.018   21.745   87.550   -726.000   
199.240   198.425   1.640   14.845   72.765   -616.000   
199.305   198.735   1.154   6.955   48.685   -510.000   
199.325   198.890   0.884   3.330   38.230   -448.000   
199.330   199.050   0.556   1.015   29.150   -368.000   
199.335   199.125   0.393   0.000   21.335   -320.000   
199.335   199.170   0.274   0.000   14.680   -250.000   
199.335   199.205   0.165   0.000   4.965   -200.000   
199.335   199.215   0.133   0.000   2.005   -156.000   
199.335   199.215   0.121   0.000   0.315   -104.000   
199.335   199.215   0.121   0.000   -0.315   -90.000   
199.335   199.210   0.125   0.000   -0.635   -34.000   
199.335   199.210   0.127   0.000   -0.420   15.000   
199.335   199.205   0.128   0.000   -0.420   73.000   
199.335   199.205   0.128   0.000   0.000   102.000   
199.335   199.210   0.128   0.000   0.105   154.000   
199.335   199.210   0.125   0.000   0.530   177.000   
199.335   199.215   0.121   0.000   1.055   183.000   
199.335   199.225   0.110   0.000   1.585   166.000   
199.335   199.235   0.101   0.000   2.110   141.000   
199.335   199.250   0.084   0.000   2.955   86.000   
199.335   199.265   0.071   0.000   3.275   48.000   
199.335   199.280   0.051   0.000   3.380   -11.000   
199.335   199.295   0.038   0.000   3.170   -38.000   
199.335   199.310   0.027   0.000   2.955   -71.000   
199.335   199.320   0.015   0.000   1.900   -74.000   
199.335   199.325   0.009   0.000   1.375   -62.000   
199.335   199.330   0.005   0.000   0.740   -38.000   
199.335   199.330   0.005   0.000   0.210   -17.000   
199.335   199.330   0.006   0.000   -0.210   11.000   
199.335   199.330   0.007   0.000   -0.210   17.000   
199.335   199.325   0.010   0.000   -0.420   40.000   
199.335   199.325   0.012   0.000   -0.530   56.000   
199.335   199.320   0.014   0.000   -0.530   70.000   
199.335   199.320   0.015   0.000   -0.105   69.000   
199.335   199.320   0.015   0.000   0.105   62.000   
199.335   199.320   0.014   0.000   0.105   58.000   
199.335   199.325   0.012   0.000   0.315   54.000   
199.335   199.325   0.010   0.000   0.420   41.000   
199.335   199.330   0.007   0.000   0.740   27.000   
199.335   199.330   0.004   0.000   0.740   9.000   
199.335   199.335   -0.001   0.000   0.740   -11.000   
199.335   199.340   -0.003   0.000   0.740   -19.000   
199.335   199.340   -0.004   0.000   0.105   -10.000   
199.335   199.340   -0.004   0.000   -0.105   12.000   
199.335   199.340   -0.003   0.000   -0.105   15.000   
199.335   199.340   -0.003   0.000   -0.105   16.000   
199.335   199.335   -0.001   0.000   -0.210   23.000   
199.335   199.335   0.000   0.000   -0.315   34.000   
199.335   199.335   0.001   0.000   -0.210   40.000   
199.335   199.335   0.002   0.000   -0.210   38.000   
199.335   199.335   0.002   0.000   0.000   33.000   
199.335   199.335   0.001   0.000   0.105   31.000   
199.335   199.335   0.001   0.000   0.000   27.000   
199.335   199.335   0.000   0.000   0.105   25.000   
199.335   199.335   -0.000   0.000   0.210   19.000   
199.335   199.335   -0.001   0.000   0.210   12.000   
199.335   199.335   -0.002   0.000   0.210   12.000   
199.335   199.335   -0.002   0.000   0.000   15.000   
199.335   199.335   -0.002   0.000   0.000   18.000   
199.335   199.335   -0.002   0.000   -0.105   20.000   
199.335   199.335   -0.001   0.000   -0.105   22.000   
199.335   199.335   -0.000   0.000   -0.105   24.000   
199.335   199.335   0.000   0.000   -0.105   29.000   
199.335   199.335   0.000   0.000   -0.105   29.000   
199.335   199.335   0.001   0.000   -0.105   31.000   
199.335   199.335   0.001   0.000   0.000   28.000   
199.335   199.335   0.001   0.000   0.000   23.000   
199.335   199.335   0.000   0.000   0.105   23.000   
199.335   199.335   0.000   0.000   0.000   21.000   
199.335   199.335   -0.000   0.000   0.105   17.000   
199.335   199.335   -0.001   0.000   0.210   13.000   
199.335   199.335   -0.002   0.000   0.105   13.000   
199.335   199.335   -0.002   0.000   0.000   15.000   
199.335   199.335   -0.002   0.000   0.000   18.000   
199.335   199.335   -0.001   0.000   0.000   18.000   
199.335   199.335   -0.001   0.000   -0.105   22.000   
199.335   199.335   -0.000   0.000   0.000   23.000   
199.335   199.335   0.000   0.000   -0.105   26.000   
199.335   199.335   0.000   0.000   -0.105   27.000   
199.335   199.335   0.000   0.000   0.000   28.000   
199.335   199.335   0.001   0.000   -0.105   27.000   
199.335   199.335   0.001   0.000   0.000   25.000   
199.335   199.335   0.000   0.000   0.105   23.000   
199.335   199.335   0.000   0.000   0.105   23.000   
199.335   199.335   0.000   0.000   0.000   22.000   
199.335   199.335   -0.000   0.000   0.105   19.000   
199.335   199.335   -0.001   0.000   0.000   19.000   
199.335   199.335   -0.001   0.000   0.000   22.000   
199.335   199.335   -0.001   0.000   0.000   22.000   
199.335   199.335   -0.000   0.000   -0.105   23.000   
199.335   199.335   -0.000   0.000   0.000   22.000   
199.335   199.335   -0.000   0.000   0.000   25.000   
199.335   199.335   0.000   0.000   0.000   28.000   
199.335   199.335   0.000   0.000   0.000   26.000   
199.335   199.335   0.000   0.000   -0.105   26.000   
199.335   199.335   0.000   0.000   0.000   26.000   
199.335   199.335   0.000   0.000   0.105   23.000   
199.335   199.335   0.000   0.000   0.000   23.000   
199.335   199.335   0.000   0.000   0.000   22.000   
199.335   199.335   -0.000   0.000   0.105   21.000   
199.335   199.335   -0.000   0.000   0.000   22.000   
199.335   199.335   -0.000   0.000   0.000   20.000   
199.335   199.335   -0.000   0.000   0.000   22.000   
199.335   199.335   -0.000   0.000   0.000   23.000   
199.335   199.335   -0.000   0.000   0.000   23.000   
199.335   199.335   0.000   0.000   -0.105   24.000   
199.335   199.335   0.000   0.000   0.000   25.000   
199.335   199.335   0.000   0.000   0.000   27.000   
199.335   199.335   0.000   0.000   -0.105   27.000   
199.335   199.335   0.000   0.000   0.000   26.000   
199.335   199.335   0.000   0.000   0.000   24.000   
199.335   199.335   0.000   0.000   0.105   24.000   
199.335   199.335   0.000   0.000   0.000   23.000   
199.335   199.335   0.000   0.000   0.000   23.000   
199.335   199.335   -0.000   0.000   0.000   21.000   
199.335   199.335   -0.000   0.000   0.000   18.000   
199.335   199.335   -0.001   0.000   0.105   21.000   
199.335   199.335   -0.001   0.000   0.000   21.000   
199.335   199.335   -0.000   0.000   0.000   23.000   
199.335   199.335   -0.000   0.000   0.000   22.000   
199.335   199.335   -0.000   0.000   0.000   25.000   
199.335   199.335   0.000   0.000   -0.105   24.000   
199.335   199.335   0.000   0.000   0.000   25.000   
199.335   199.335   0.000   0.000   0.000   26.000   
199.335   199.335   0.000   0.000   -0.105   26.000   
199.335   199.335   0.000   0.000   0.000   24.000   
199.335   199.335   0.000   0.000   0.105   24.000   
199.335   199.335   0.000   0.000   0.000   23.000   
199.335   199.335   0.000   0.000   0.000   24.000   
199.335   199.335   0.000   0.000   0.000   23.000   
199.335   199.335   -0.000   0.000   0.105   22.000   
199.335   199.335   -0.000   0.000   0.000   21.000   
199.335   199.335   -0.000   0.000   0.000   24.000   
199.335   199.335   -0.000   0.000   0.000   23.000   
199.335   199.335   -0.000   0.000   0.000   23.000   
199.335   199.335   0.000   0.000   -0.105   26.000   
199.335   199.335   0.000   0.000   0.000   27.000   
199.335   199.335   0.000   0.000   0.000   25.000   
199.335   199.335   0.000   0.000   0.000   27.000   
199.335   199.335   0.000   0.000   0.000   25.000   
199.335   199.335   0.000   0.000   0.000   26.000   
199.335   199.335   0.000   0.000   0.000   24.000   
199.335   199.335   0.000   0.000   0.000   24.000   
199.335   199.335   -0.000   0.000   0.105   23.000   
199.335   199.335   -0.000   0.000   0.000   24.000   
199.335   199.335   -0.000   0.000   0.000   23.000   
199.335   199.335   -0.000   0.000   0.000   23.000   
199.335   199.335   -0.000   0.000   0.000   22.000   
199.335   199.335   -0.000   0.000   0.000   25.000   
199.335   199.335   0.000   0.000   0.000   23.000   
199.335   199.335   0.000   0.000   -0.105   27.000   
199.335   199.335   0.000   0.000   0.000   26.000   
199.335   199.335   0.000   0.000   0.000   26.000   
199.335   199.335   0.000   0.000   0.000   26.000   
199.335   199.335   0.000   0.000   0.000   25.000   
199.335   199.335   0.000   0.000   0.000   25.000   
199.335   199.335   0.000   0.000   0.000   23.000   
199.335   199.335   0.000   0.000   0.000   24.000   
199.335   199.335   0.000   0.000   0.000   22.000   
199.335   199.335   -0.000   0.000   0.105   24.000   
199.335   199.335   -0.000   0.000   0.000   22.000   
199.335   199.335   -0.000   0.000   0.000   22.000   
199.335   199.335   -0.000   0.000   0.000   22.000   
199.335   199.335   -0.000   0.000   0.000   24.000   
199.335   199.335   -0.000   0.000   0.000   23.000   
199.335   199.335   -0.000   0.000   0.000   24.000   
199.335   199.335   0.000   0.000   -0.105   29.000   
199.335   199.335   0.000   0.000   0.000   30.000   
199.335   199.335   0.000   0.000   0.000   29.000   
199.335   199.335   0.000   0.000   0.000   29.000   
199.335   199.335   0.000   0.000   0.000   29.000   
199.335   199.335   0.000   0.000   0.000   30.000   
199.335   199.335   0.000   0.000   0.000   28.000   
199.335   199.335   0.000   0.000   0.000   27.000   
199.335   199.335   -0.000   0.000   0.105   26.000   
199.335   199.335   -0.000   0.000   0.000   27.000   
199.335   199.335   -0.000   0.000   0.000   30.000   
199.335   199.335   -0.000   0.000   0.000   30.000   
199.335   199.335   -0.000   0.000   0.000   29.000   
199.335   199.335   0.000   0.000   -0.105   27.000   
199.335   199.335   0.000   0.000   0.000   32.000   
199.335   199.335   0.000   0.000   0.000   30.000   
199.335   199.335   0.000   0.000   0.000   31.000   
199.335   199.335   0.000   0.000   0.000   29.000   
199.335   199.335   0.000   0.000   0.000   31.000   
199.335   199.335   0.000   0.000   0.000   29.000   
199.335   199.335   0.000   0.000   0.000   27.000   
199.335   199.335   -0.000   0.000   0.105   28.000   
199.335   199.335   -0.000   0.000   0.000   30.000   
199.335   199.335   -0.000   0.000   0.000   28.000   
199.335   199.335   -0.000   0.000   0.000   27.000   
199.335   199.335   -0.000   0.000   0.000   25.000   
199.335   199.335   -0.000   0.000   0.000   27.000   
199.335   199.335   -0.000   0.000   0.000   29.000   
199.335   199.335   0.000   0.000   -0.105   27.000   
199.335   199.335   0.000   0.000   0.000   26.000   
199.335   199.335   0.000   0.000   0.000   29.000   
199.335   199.335   0.000   0.000   0.000   30.000   
199.335   199.335   0.000   0.000   0.000   30.000   
199.335   199.335   0.000   0.000   0.000   30.000   
199.335   199.335   0.000   0.000   0.000   29.000   
199.335   199.335   0.000   0.000   0.000   26.000   
199.335   199.335   0.000   0.000   0.000   27.000   
199.335   199.335   -0.000   0.000   0.000   27.000   
199.335   199.335   -0.000   0.000   0.105   28.000   
199.335   199.335   -0.000   0.000   0.000   19.000   
199.335   199.335   -0.000   0.000   0.000   22.000   
199.335   199.335   -0.000   0.000   0.000   22.000   
199.335   199.335   -0.000   0.000   0.000   23.000   
199.335   199.335   -0.000   0.000   -0.105   22.000   
199.335   199.335   0.000   0.000   -0.105   22.000   
199.335   199.335   0.000   0.000   0.000   23.000   
199.335   199.335   0.000   0.000   0.000   23.000   
199.335   199.335   0.000   0.000   0.000   22.000   
199.335   199.335   0.000   0.000   0.000   22.000   
199.335   199.335   0.000   0.000   0.000   22.000   
199.335   199.335   0.000   0.000   0.000   22.000   
199.335   199.335   -0.000   0.000   0.000   22.000   
199.335   199.335   0.000   0.000   0.000   22.000   
199.335   199.335   0.000   0.000   0.000   20.000   
199.335   199.335   0.000   0.000   0.000   23.000   
199.335   199.335   0.000   0.000   0.000   23.000   
199.335   199.335   0.000   0.000   0.000   21.000   
199.335   199.335   0.000   0.000   0.000   22.000   
199.335   199.335   0.000   0.000   0.000   21.000   
199.335   199.335   0.000   0.000   0.000   23.000   
199.335   199.335   0.000   0.000   0.000   22.000   
199.335   199.335   0.000   0.000   0.000   22.000   
199.335   199.335   0.000   0.000   0.000   23.000   
199.335   199.335   0.000   0.000   0.000   23.000   
199.335   199.335   0.000   0.000   0.000   23.000   
199.335   199.335   -0.000   0.000   0.105   21.000   
199.335   199.335   -0.000   0.000   0.000   20.000   
199.335   199.335   -0.000   0.000   0.000   20.000   
199.335   199.335   -0.000   0.000   0.000   22.000   
199.335   199.335   -0.000   0.000   0.000   21.000   
199.335   199.335   -0.000   0.000   0.000   21.000   
199.335   199.335   -0.000   0.000   0.000   22.000   
199.335   199.335   0.000   0.000   -0.105   23.000   
199.335   199.335   0.000   0.000   0.000   22.000   
199.335   199.335   0.000   0.000   0.000   22.000   
199.335   199.335   0.000   0.000   0.000   22.000   
199.335   199.335   0.000   0.000   0.000   22.000   
199.335   199.335   0.000   0.000   0.000   22.000   
199.335   199.335   0.000   0.000   0.000   22.000   
199.335   199.335   0.000   0.000   0.000   21.000   
199.335   199.335   0.000   0.000   0.000   21.000   
199.335   199.335   0.000   0.000   0.000   22.000   
199.335   199.335   0.000   0.000   0.000   21.000   
199.335   199.335   0.000   0.000   0.000   22.000   
199.335   199.335   0.000   0.000   0.000   22.000   
199.335   199.335   -0.000   0.000   0.105   23.000   
199.335   199.335   0.000   0.000   -0.105   21.000   
199.335   199.335   0.000   0.000   0.000   24.000   
199.335   199.335   0.000   0.000   0.000   21.000   
199.335   199.335   0.000   0.000   0.000   23.000   
199.335   199.335   0.000   0.000   0.000   22.000   
199.335   199.335   0.000   0.000   0.000   22.000   
199.335   199.335   0.000   0.000   0.000   22.000   
199.335   199.335   0.000   0.000   0.000   22.000   
199.335   199.335   -0.000   0.000   0.105   22.000   
199.335   199.335   -0.000   0.000   0.000   22.000   
199.335   199.335   0.000   0.000   0.000   20.000   
199.335   199.335   -0.000   0.000   0.000   23.000   
199.335   199.335   0.000   0.000   -0.105   23.000   
199.335   199.335   0.000   0.000   0.000   22.000   
199.335   199.335   0.000   0.000   0.000   23.000   
199.335   199.335   0.000   0.000   0.000   22.000   
199.335   199.335   0.000   0.000   0.000   23.000   
199.335   199.335   0.000   0.000   0.000   24.000   
199.335   199.335   0.000   0.000   0.000   23.000   
199.335   199.335   0.000   0.000   0.000   23.000   
199.335   199.335   0.000   0.000   0.000   22.000   
199.335   199.335   0.000   0.000   0.000   22.000   
199.335   199.335   0.000   0.000   0.000   22.000   
199.335   199.335   0.000   0.000   0.000   24.000   
199.335   199.335   0.000   0.000   0.000   22.000   
199.335   199.335   -0.000   0.000   0.000   23.000   
199.335   199.335   -0.000   0.000   0.000   23.000   
199.335   199.335   -0.000   0.000   0.000   22.000   
199.335   199.335   -0.000   0.000   0.000   20.000   
199.335   199.335   -0.000   0.000   0.000   23.000   
199.335   199.335   0.000   0.000   -0.105   23.000   
199.335   199.335   0.000   0.000   0.000   23.000   
199.335   199.335   0.000   0.000   0.000   22.000   
199.335   199.335   0.000   0.000   0.000   23.000   
199.335   199.335   0.000   0.000   0.000   23.000   
199.335   199.335   0.000   0.000   0.000   23.000   
199.335   199.335   0.000   0.000   0.000   22.000   
199.335   199.335   0.000   0.000   0.000   22.000   
199.335   199.335   0.000   0.000   0.000   24.000   
199.335   199.335   0.000   0.000   0.000   23.000   
199.335   199.335   0.000   0.000   0.000   22.000   
199.335   199.335   0.000   0.000   0.000   23.000   
199.335   199.335   0.000   0.000   0.000   23.000   
199.335   199.335   0.000   0.000   0.000   23.000   
199.335   199.335   0.000   0.000   0.000   23.000   
199.335   199.335   0.000   0.000   0.000   24.000   
199.335   199.335   0.000   0.000   0.000   23.000   
199.335   199.335   0.000   0.000   0.000   23.000   
199.335   199.335   0.000   0.000   0.000   23.000   
199.335   199.335   0.000   0.000   0.000   23.000   
199.335   199.335   -0.000   0.000   0.000   22.000   
199.335   199.335   -0.000   0.000   0.000   22.000   
199.335   199.335   -0.000   0.000   0.105   23.000   
199.335   199.335   0.000   0.000   -0.105   22.000   
199.335   199.335   -0.000   0.000   0.105   23.000   
199.335   199.335   -0.000   0.000   0.000   22.000   
199.335   199.335   -0.000   0.000   0.000   22.000   
199.335   199.335   0.000   0.000   0.000   23.000   
199.335   199.335   0.000   0.000   0.000   23.000   
199.335   199.335   0.000   0.000   0.000   22.000   
199.335   199.335   0.000   0.000   0.000   23.000   
199.335   199.335   0.000   0.000   0.000   23.000   
199.335   199.335   0.000   0.000   0.000   23.000   
199.335   199.335   0.000   0.000   0.000   23.000   
199.335   199.335   0.000   0.000   0.000   24.000   
199.335   199.335   0.000   0.000   0.000   23.000   
199.335   199.335   0.000   0.000   0.000   23.000   
199.335   199.335   0.000   0.000   0.000   22.000   
199.335   199.335   0.000   0.000   0.000   23.000   
199.335   199.335   0.000   0.000   0.000   22.000   
199.335   199.335   0.000   0.000   0.105   23.000   
199.335   199.335   0.000   0.000   -0.105   23.000   
199.335   199.335   -0.000   0.000   0.105   23.000   
199.335   199.335   -0.000   0.000   -0.105   22.000   
199.335   199.335   -0.000   0.000   0.000   23.000   
199.335   199.335   -0.000   0.000   0.000   20.000   
199.335   199.335   0.000   0.000   -0.105   20.000   
199.335   199.335   0.000   0.000   0.105   20.000   
199.335   199.335   0.000   0.000   -0.105   22.000   
199.335   199.335   0.000   0.000   0.000   23.000   
199.335   199.335   0.000   0.000   0.000   23.000   
199.335   199.335   0.000   0.000   0.000   23.000   
199.335   199.335   0.000   0.000   0.000   22.000   
199.335   199.335   0.000   0.000   0.000   22.000   
199.335   199.335   0.000   0.000   0.000   22.000   
199.335   199.335   0.000   0.000   0.000   23.000   
199.335   199.335   0.000   0.000   0.000   22.000   
199.335   199.335   0.000   0.000   0.000   22.000   
199.335   199.335   0.000   0.000   0.000   20.000   
199.335   199.335   0.000   0.000   0.000   23.000   
199.335   199.335   0.000   0.000   0.000   22.000   
199.335   199.335   0.000   0.000   0.000   23.000   
199.335   199.335   0.000   0.000   0.000   23.000   
199.335   199.335   0.000   0.000   0.000   23.000   
199.335   199.335   0.000   0.000   0.000   22.000   
199.335   199.335   0.000   0.000   0.000   20.000   
199.335   199.335   -0.000   0.000   0.105   20.000   
199.335   199.335   -0.000   0.000   0.000   23.000   
199.335   199.335   -0.000   0.000   0.000   19.000   
199.335   199.335   -0.000   0.000   0.000   21.000   
199.335   199.335   -0.000   0.000   0.000   21.000   
199.335   199.335   -0.000   0.000   0.000   20.000   
199.335   199.335   -0.000   0.000   0.000   23.000   
199.335   199.335   0.000   0.000   -0.105   21.000   
199.335   199.335   0.000   0.000   0.000   23.000   
199.335   199.335   0.000   0.000   0.000   21.000   
199.335   199.335   0.000   0.000   0.000   21.000   
199.335   199.335   0.000   0.000   0.000   22.000   
199.335   199.335   0.000   0.000   0.000   21.000   
199.335   199.335   0.000   0.000   0.000   23.000   
199.335   199.335   0.000   0.000   0.000   22.000   
199.335   199.335   0.000   0.000   0.000   21.000   
199.335   199.335   0.000   0.000   0.000   24.000   
199.335   199.335   0.000   0.000   0.000   26.000   
199.335   199.335   0.000   0.000   0.000   24.000   
199.335   199.335   0.000   0.000   0.000   25.000   
199.335   199.335   0.000   0.000   0.000   24.000   
199.335   199.335   0.000   0.000   0.000   25.000   
199.335   199.335   0.000   0.000   0.000   24.000   
199.335   199.335   0.000   0.000   0.105   26.000   
199.335   199.335   0.000   0.000   -0.105   24.000   
199.335   199.335   0.000   0.000   0.000   25.000   
199.335   199.335   0.000   0.000   0.000   24.000   
199.335   199.335   0.000   0.000   0.105   25.000   
199.335   199.335   -0.000   0.000   0.000   25.000   
199.335   199.335   0.000   0.000   0.000   24.000   
199.335   199.335   0.000   0.000   0.000   25.000   
199.335   199.335   0.000   0.000   0.000   25.000   
199.335   199.335   0.000   0.000   0.000   24.000   
199.335   199.335   0.000   0.000   0.000   24.000   
199.335   199.335   0.000   0.000   0.000   26.000   
199.335   199.335   0.000   0.000   0.000   24.000   
199.335   199.335   0.000   0.000   0.000   26.000   
199.335   199.335   0.000   0.000   0.000   24.000   
199.335   199.335   0.000   0.000   0.000   25.000   
199.335   199.335   0.000   0.000   0.000   24.000   
199.335   199.335   0.000   0.000   0.000   26.000   
199.335   199.335   0.000   0.000   0.000   27.000   
199.335   199.335   0.000   0.000   0.000   26.000   
199.335   199.335   0.000   0.000   0.000   25.000   
199.335   199.335   0.000   0.000   0.000   24.000   
199.335   199.335   0.000   0.000   0.000   24.000   
199.335   199.335   0.000   0.000   0.105   24.000   
199.335   199.335   -0.000   0.000   0.000   26.000   
199.335   199.335   -0.000   0.000   0.000   24.000   
199.335   199.335   -0.000   0.000   0.000   24.000   
199.335   199.335   -0.000   0.000   0.000   24.000   
199.335   199.335   -0.000   0.000   0.000   25.000   
199.335   199.335   -0.000   0.000   0.000   24.000   
199.335   199.335   0.000   0.000   -0.105   23.000   
199.335   199.335   0.000   0.000   0.000   24.000   
199.335   199.335   0.000   0.000   0.000   23.000   
199.335   199.335   0.000   0.000   0.000   24.000   
199.335   199.335   0.000   0.000   0.000   25.000   
199.335   199.335   0.000   0.000   0.000   24.000   
199.335   199.335   0.000   0.000   0.000   26.000   
199.335   199.335   0.000   0.000   0.000   24.000   
199.335   199.335   0.000   0.000   0.000   25.000   
199.335   199.335   0.000   0.000   0.000   27.000   
199.335   199.335   0.000   0.000   0.000   24.000   
199.335   199.335   0.000   0.000   0.000   28.000   
199.335   199.335   0.000   0.000   0.000   24.000   
199.335   199.335   0.000   0.000   0.000   26.000   
199.335   199.335   0.000   0.000   0.000   24.000   
199.335   199.335   0.000   0.000   0.000   26.000   
199.335   199.335   0.000   0.000   0.105   24.000   
199.335   199.335   0.000   0.000   0.000   26.000   
199.335   199.335   -0.000   0.000   0.105   26.000   
199.335   199.335   -0.000   0.000   -0.105   26.000   
199.335   199.335   -0.000   0.000   0.105   26.000   
199.335   199.335   0.000   0.000   -0.105   27.000   
199.335   199.335   -0.000   0.000   0.105   26.000   
199.335   199.335   0.000   0.000   -0.105   26.000   
199.335   199.335   0.000   0.000   0.000   26.000   
199.335   199.335   0.000   0.000   0.000   23.000   
199.335   199.335   0.000   0.000   0.000   24.000   
199.335   199.335   0.000   0.000   0.000   26.000   
199.335   199.335   0.000   0.000   0.000   25.000   
199.335   199.335   0.000   0.000   0.000   26.000   
199.335   199.335   0.000   0.000   0.000   27.000   
199.335   199.335   0.000   0.000   0.000   26.000   
199.335   199.335   0.000   0.000   0.000   24.000   
199.335   199.335   0.000   0.000   0.000   25.000   
199.335   199.335   0.000   0.000   0.000   28.000   
199.335   199.335   0.000   0.000   0.000   28.000   
199.335   199.335   0.000   0.000   0.000   25.000   
199.335   199.335   0.000   0.000   0.000   25.000   
199.335   199.335   -0.000   0.000   0.000   24.000   
199.335   199.335   -0.000   0.000   0.000   25.000   
199.335   199.335   -0.000   0.000   0.000   26.000   
199.335   199.335   -0.000   0.000   0.000   25.000   
199.335   199.335   0.000   0.000   0.000   24.000   
199.335   199.335   -0.000   0.000   0.000   25.000   
199.335   199.335   -0.000   0.000   0.000   25.000   
199.335   199.335   -0.000   0.000   0.000   26.000   
199.335   199.335   0.000   0.000   0.000   25.000   
199.335   199.335   -0.000   0.000   0.000   24.000   
199.335   199.335   0.000   0.000   -0.105   24.000   
199.335   199.335   0.000   0.000   0.000   25.000   
199.335   199.335   0.000   0.000   0.000   26.000   
199.335   199.335   0.000   0.000   0.000   24.000   
199.335   199.335   0.000   0.000   0.000   26.000   
199.335   199.335   0.000   0.000   0.000   25.000   
199.335   199.335   0.000   0.000   0.000   27.000   
199.335   199.335   0.000   0.000   0.000   28.000   
199.335   199.335   0.000   0.000   0.000   26.000   
199.335   199.335   0.000   0.000   0.000   26.000   
199.335   199.335   0.000   0.000   0.000   28.000   
199.335   199.335   0.000   0.000   0.000   25.000   
199.335   199.335   0.000   0.000   0.000   26.000   
199.335   199.335   0.000   0.000   0.000   25.000   
199.335   199.335   0.000   0.000   0.000   26.000   
199.335   199.335   0.000   0.000   0.000   26.000   
199.335   199.335   -0.000   0.000   0.000   27.000   
199.335   199.335   -0.000   0.000   0.000   27.000   
199.335   199.335   0.000   0.000   0.105   26.000   
199.335   199.335   -0.000   0.000   0.000   27.000   
199.335   199.335   -0.000   0.000   0.000   26.000   
199.335   199.335   0.000   0.000   0.000   26.000   
199.335   199.335   -0.000   0.000   -0.105   27.000   
199.335   199.335   0.000   0.000   0.000   26.000   
199.335   199.335   0.000   0.000   0.000   26.000   
199.335   199.335   0.000   0.000   0.000   26.000   
199.335   199.335   0.000   0.000   0.000   26.000   
199.335   199.335   0.000   0.000   0.000   25.000   
199.335   199.335   0.000   0.000   0.000   27.000   
199.335   199.335   0.000   0.000   0.000   26.000   
199.335   199.335   0.000   0.000   0.000   27.000   
199.335   199.335   0.000   0.000   0.000   26.000   
199.335   199.335   0.000   0.000   0.000   25.000   
199.335   199.335   0.000   0.000   0.000   26.000   
199.335   199.335   0.000   0.000   0.000   30.000   
199.335   199.335   0.000   0.000   0.000   29.000   
199.335   199.335   0.000   0.000   0.000   30.000   
199.335   199.335   0.000   0.000   0.000   30.000   
199.335   199.335   0.000   0.000   0.000   29.000   
199.335   199.335   -0.000   0.000   0.105   30.000   
199.335   199.335   -0.000   0.000   0.000   29.000   
199.335   199.335   -0.000   0.000   0.000   29.000   
199.335   199.335   -0.000   0.000   0.000   29.000   
199.335   199.335   -0.000   0.000   0.000   30.000   
199.335   199.335   -0.000   0.000   0.000   29.000   
199.335   199.335   0.000   0.000   0.000   29.000   
199.335   199.335   -0.000   0.000   0.105   29.000   
199.335   199.335   -0.000   0.000   0.000   30.000   
199.335   199.335   0.000   0.000   0.000   31.000   
199.335   199.335   0.000   0.000   0.000   29.000   
199.335   199.335   0.000   0.000   0.000   32.000   
199.335   199.335   0.000   0.000   0.000   29.000   
199.335   199.335   0.000   0.000   0.000   32.000   
199.335   199.335   0.000   0.000   0.000   30.000   
199.335   199.335   0.000   0.000   0.000   30.000   
199.335   199.335   0.000   0.000   0.000   30.000   
199.335   199.335   0.000   0.000   0.000   31.000   
199.335   199.335   0.000   0.000   0.000   32.000   
199.335   199.335   0.000   0.000   0.000   31.000   
199.335   199.335   0.000   0.000   0.000   32.000   
199.335   199.335   0.000   0.000   0.000   30.000   
199.335   199.335   0.000   0.000   0.105   30.000   
199.335   199.335   -0.000   0.000   -0.105   32.000   
199.335   199.335   -0.000   0.000   0.000   31.000   
199.335   199.335   -0.000   0.000   0.000   32.000   
199.335   199.335   -0.000   0.000   -0.105   32.000   
199.335   199.335   0.000   0.000   0.000   31.000   
199.335   199.335   0.000   0.000   0.105   32.000   
199.335   199.335   0.000   0.000   0.000   31.000   
199.335   199.335   0.000   0.000   0.000   30.000   
199.335   199.335   0.000   0.000   0.000   32.000   
199.335   199.335   0.000   0.000   0.000   30.000   
199.335   199.335   0.000   0.000   0.000   32.000   
199.335   199.335   0.000   0.000   0.000   23.000   
199.335   199.335   0.000   0.000   0.000   23.000   
199.335   199.335   0.000   0.000   0.000   23.000   
199.335   199.335   0.000   0.000   0.000   24.000   
199.335   199.335   0.000   0.000   0.000   24.000   
199.335   199.335   0.000   0.000   0.000   24.000   
199.335   199.335   0.000   0.000   0.000   23.000   
199.335   199.335   0.000   0.000   0.000   22.000   
199.335   199.335   0.000   0.000   0.000   23.000   
199.335   199.335   -0.000   0.000   0.105   23.000   
199.335   199.335   0.000   0.000   -0.105   23.000   
199.335   199.335   0.000   0.000   0.000   24.000   
199.335   199.335   0.000   0.000   0.000   23.000   
199.335   199.335   -0.000   0.000   0.105   23.000   
199.335   199.335   -0.000   0.000   0.000   22.000   
199.335   199.335   -0.000   0.000   0.000   23.000   
199.335   199.335   -0.000   0.000   0.000   23.000   
199.335   199.335   0.000   0.000   -0.105   22.000   
199.335   199.335   -0.000   0.000   0.105   24.000   
199.335   199.335   -0.000   0.000   0.000   23.000   
199.335   199.335   0.000   0.000   -0.105   23.000   
199.335   199.335   0.000   0.000   0.000   23.000   
199.335   199.335   0.000   0.000   0.000   24.000   
199.335   199.335   0.000   0.000   0.000   23.000   
199.335   199.335   0.000   0.000   0.000   24.000   
199.335   199.335   0.000   0.000   0.000   23.000   
199.335   199.335   0.000   0.000   0.000   24.000   
199.335   199.335   0.000   0.000   0.000   23.000   
199.335   199.335   0.000   0.000   0.000   23.000   
199.335   199.335   0.000   0.000   0.000   24.000   
199.335   199.335   0.000   0.000   0.000   23.000   
199.335   199.335   0.000   0.000   0.000   24.000   
199.335   199.335   0.000   0.000   0.000   23.000   
199.335   199.335   0.000   0.000   0.000   23.000   
199.335   199.335   0.000   0.000   0.000   23.000   
199.335   199.335   -0.000   0.000   0.105   23.000   
199.335   199.335   -0.000   0.000   0.000   23.000   
199.335   199.335   -0.000   0.000   -0.105   23.000   
199.335   199.335   0.000   0.000   0.000   23.000   
199.335   199.335   0.000   0.000   0.105   24.000   
199.335   199.335   0.000   0.000   0.000   23.000   
199.335   199.335   0.000   0.000   0.000   22.000   
199.335   199.335   0.000   0.000   0.000   24.000   
199.335   199.335   -0.000   0.000   0.000   23.000   
199.335   199.335   0.000   0.000   0.000   23.000   
199.335   199.335   0.000   0.000   0.000   23.000   
199.335   199.335   0.000   0.000   0.000   23.000   
199.335   199.335   0.000   0.000   0.000   23.000   
199.335   199.335   0.000   0.000   0.000   23.000   
199.335   199.335   0.000   0.000   0.000   23.000   
199.335   199.335   0.000   0.000   0.000   24.000   
199.335   199.335   0.000   0.000   0.000   24.000   
199.335   199.335   0.000   0.000   0.000   23.000   
199.335   199.335   0.000   0.000   0.000   23.000   
199.335   199.335   0.000   0.000   0.000   24.000   
199.335   199.335   0.000   0.000   0.000   22.000   
199.335   199.335   0.000   0.000   0.000   24.000   
199.335   199.335   -0.000   0.000   0.105   23.000   
199.335   199.335   0.000   0.000   0.000   23.000   
199.335   199.335   -0.000   0.000   0.105   24.000   
199.335   199.335   -0.000   0.000   0.000   22.000   
199.335   199.335   -0.000   0.000   0.000   23.000   
199.335   199.335   -0.000   0.000   0.000   24.000   
199.335   199.335   -0.000   0.000   0.000   24.000   
199.335   199.335   -0.000   0.000   0.000   23.000   
199.335   199.335   0.000   0.000   0.000   23.000   
199.335   199.335   0.000   0.000   -0.105   24.000   
199.335   199.335   0.000   0.000   0.000   24.000   
199.335   199.335   0.000   0.000   0.000   24.000   
199.335   199.335   0.000   0.000   0.000   24.000   
199.335   199.335   0.000   0.000   0.000   24.000   
199.335   199.335   0.000   0.000   0.000   24.000   
199.335   199.335   0.000   0.000   0.000   24.000   
199.335   199.335   0.000   0.000   0.000   24.000   
199.335   199.335   0.000   0.000   0.000   25.000   
199.335   199.335   0.000   0.000   0.000   25.000   
199.335   199.335   0.000   0.000   0.000   23.000   
199.335   199.335   0.000   0.000   0.000   24.000   
199.335   199.335   0.000   0.000   0.000   23.000   
199.335   199.335   0.000   0.000   0.000   23.000   
199.335   199.335   0.000   0.000   0.000   23.000   
199.335   199.335   0.000   0.000   0.000   23.000   
199.335   199.335   0.000   0.000   0.000   24.000   
199.335   199.335   -0.000   0.000   0.000   23.000   
199.335   199.335   0.000   0.000   0.105   23.000   
199.335   199.335   0.000   0.000   -0.105   23.000   
199.335   199.335   -0.000   0.000   0.105   23.000   
199.335   199.335   -0.000   0.000   0.000   23.000   
199.335   199.335   -0.000   0.000   -0.105   23.000   
199.335   199.335   0.000   0.000   0.000   24.000   
199.335   199.335   0.000   0.000   0.000   23.000   
199.335   199.335   0.000   0.000   0.000   24.000   
199.335   199.335   0.000   0.000   0.000   23.000   
199.335   199.335   0.000   0.000   0.000   23.000   
199.335   199.335   0.000   0.000   0.000   24.000   
199.335   199.335   0.000   0.000   0.000   24.000   
199.335   199.335   0.000   0.000   0.000   25.000   
199.335   199.335   0.000   0.000   0.000   24.000   
199.335   199.335   0.000   0.000   0.000   24.000   
199.335   199.335   0.000   0.000   0.000   24.000   
199.335   199.335   0.000   0.000   0.000   24.000   
199.335   199.335   0.000   0.000   0.000   24.000   
199.335   199.335   0.000   0.000   0.000   24.000   
199.335   199.335   0.000   0.000   0.000   23.000   
199.335   199.335   -0.000   0.000   0.105   25.000   
199.335   199.335   -0.000   0.000   -0.105   24.000   
199.335   199.335   -0.000   0.000   0.105   24.000   
199.335   199.335   -0.000   0.000   0.000   24.000   
199.335   199.335   -0.000   0.000   0.000   24.000   
199.335   199.335   -0.000   0.000   0.000   23.000   
199.335   199.335   -0.000   0.000   -0.105   24.000   
199.335   199.335   0.000   0.000   0.105   23.000   
199.335   199.335   -0.000   0.000   0.000   24.000   
199.335   199.335   -0.000   0.000   0.000   24.000   
199.335   199.335   0.000   0.000   -0.105   24.000   
199.335   199.335   0.000   0.000   0.000   24.000   
199.335   199.335   0.000   0.000   0.000   25.000   
199.335   199.335   0.000   0.000   0.000   24.000   
199.335   199.335   0.000   0.000   0.000   24.000   
199.335   199.335   0.000   0.000   0.000   24.000   
199.335   199.335   0.000   0.000   0.000   23.000   
199.335   199.335   0.000   0.000   0.000   22.000   
199.335   199.335   0.000   0.000   0.000   22.000   
199.335   199.335   0.000   0.000   0.000   23.000   
199.335   199.335   0.000   0.000   0.000   23.000   
199.335   199.335   0.000   0.000   0.000   23.000   
199.335   199.335   0.000   0.000   0.000   23.000   
199.335   199.335   0.000   0.000   0.000   22.000   
199.335   199.335   0.000   0.000   0.000   23.000   
199.335   199.335   0.000   0.000   0.105   21.000   
199.335   199.335   0.000   0.000   -0.105   21.000   
199.335   199.335   0.000   0.000   0.000   21.000   
199.335   199.335   -0.000   0.000   0.105   23.000   
199.335   199.335   0.000   0.000   -0.105   21.000   
199.335   199.335   0.000   0.000   0.105   22.000   
199.335   199.335   0.000   0.000   -0.105   22.000   
199.335   199.335   0.000   0.000   0.000   23.000   
199.335   199.335   0.000   0.000   0.000   22.000   
199.335   199.335   0.000   0.000   0.000   23.000   
199.335   199.335   0.000   0.000   0.000   22.000   
199.335   199.335   0.000   0.000   0.000   23.000   
199.335   199.335   0.000   0.000   0.000   21.000   
199.335   199.335   0.000   0.000   0.000   23.000   
199.335   199.335   0.000   0.000   0.000   23.000   
199.335   199.335   0.000   0.000   0.000   22.000   
199.335   199.335   0.000   0.000   0.000   23.000   
199.335   199.335   0.000   0.000   0.000   21.000   
199.335   199.335   0.000   0.000   0.000   23.000   
199.335   199.335   0.000   0.000   0.000   23.000   
199.335   199.335   0.000   0.000   0.000   23.000   
199.335   199.335   0.000   0.000   0.000   23.000   
199.335   199.335   0.000   0.000   0.105   22.000   
199.335   199.335   0.000   0.000   -0.105   22.000   
199.335   199.335   -0.000   0.000   0.000   22.000   
199.335   199.335   -0.000   0.000   0.000   22.000   
199.335   199.335   -0.000   0.000   0.000   22.000   
199.335   199.335   -0.000   0.000   0.000   22.000   
199.335   199.335   -0.000   0.000   -0.105   23.000   
199.335   199.335   -0.000   0.000   0.000   23.000   
199.335   199.335   -0.000   0.000   0.000   25.000   
199.335   199.335   -0.000   0.000   -0.105   27.000   
199.335   199.335   0.000   0.000   0.000   26.000   
199.335   199.335   0.000   0.000   0.000   26.000   
199.335   199.335   0.000   0.000   0.000   24.000   
199.335   199.335   0.000   0.000   0.000   26.000   
199.335   199.335   0.000   0.000   0.000   25.000   
199.335   199.335   0.000   0.000   0.000   27.000   
199.335   199.335   0.000   0.000   0.000   25.000   
199.335   199.335   0.000   0.000   0.000   26.000   
199.335   199.335   0.000   0.000   0.000   25.000   
199.335   199.335   0.000   0.000   0.000   26.000   
199.335   199.335   0.000   0.000   0.000   25.000   
199.335   199.335   0.000   0.000   0.000   26.000   
199.335   199.335   0.000   0.000   0.000   24.000   
199.335   199.335   0.000   0.000   0.105   25.000   
199.335   199.335   -0.000   0.000   0.000   26.000   
199.335   199.335   0.000   0.000   -0.105   25.000   
199.335   199.335   -0.000   0.000   0.105   25.000   
199.335   199.335   0.000   0.000   0.000   25.000   
199.335   199.335   -0.000   0.000   -0.105   26.000   
199.335   199.335   0.000   0.000   -0.105   24.000   
199.335   199.335   0.000   0.000   0.000   26.000   
199.335   199.335   0.000   0.000   0.105   25.000   
199.335   199.335   0.000   0.000   -0.105   26.000   
199.335   199.335   0.000   0.000   0.000   25.000   
199.335   199.335   0.000   0.000   0.000   26.000   
199.335   199.335   0.000   0.000   0.000   26.000   
199.335   199.335   0.000   0.000   0.000   26.000   
199.335   199.335   0.000   0.000   0.000   26.000   
199.335   199.335   0.000   0.000   0.000   26.000   
199.335   199.335   0.000   0.000   0.000   27.000   
199.335   199.335   0.000   0.000   0.000   27.000   
199.335   199.335   0.000   0.000   0.000   26.000   
199.335   199.335   0.000   0.000   0.000   26.000   
199.335   199.335   0.000   0.000   0.000   26.000   
199.335   199.335   -0.000   0.000   0.105   26.000   
199.335   199.335   0.000   0.000   0.000   27.000   
199.335   199.335   0.000   0.000   -0.105   25.000   
199.335   199.335   0.000   0.000   -0.105   26.000   
199.335   199.335   0.000   0.000   0.000   26.000   
199.335   199.335   -0.000   0.000   0.105   27.000   
199.335   199.335   -0.000   0.000   0.000   25.000   
199.335   199.335   -0.000   0.000   0.000   26.000   
199.335   199.335   -0.000   0.000   0.105   26.000   
199.335   199.335   0.000   0.000   -0.105   26.000   
199.335   199.335   0.000   0.000   0.000   26.000   
199.335   199.335   0.000   0.000   0.000   26.000   
199.335   199.335   0.000   0.000   0.000   25.000   
199.335   199.335   0.000   0.000   0.000   26.000   
199.335   199.335   0.000   0.000   0.000   26.000   
199.335   199.335   0.000   0.000   0.000   26.000   
199.335   199.335   0.000   0.000   0.000   27.000   
199.335   199.335   0.000   0.000   0.000   26.000   
199.335   199.335   0.000   0.000   0.000   26.000   
199.335   199.335   0.000   0.000   0.000   25.000   
199.335   199.335   0.000   0.000   0.000   24.000   
199.335   199.335   0.000   0.000   0.000   26.000   
199.335   199.335   0.000   0.000   0.000   26.000   
199.335   199.335   0.000   0.000   0.000   25.000   
199.335   199.335   0.000   0.000   0.000   26.000   
199.335   199.335   0.000   0.000   0.000   27.000   
199.335   199.335   0.000   0.000   0.000   25.000   
199.335   199.335   0.000   0.000   0.000   27.000   
199.335   199.335   0.000   0.000   0.105   26.000   
199.335   199.335   0.000   0.000   -0.105   26.000   
199.335   199.335   0.000   0.000   0.105   27.000   
199.335   199.335   0.000   0.000   0.000   27.000   
199.335   199.335   0.000   0.000   0.000   25.000   
199.335   199.335   0.000   0.000   0.000   26.000   
199.335   199.335   0.000   0.000   0.000   25.000   
199.335   199.335   0.000   0.000   0.000   26.000   
199.335   199.335   0.000   0.000   0.000   26.000   
199.335   199.335   0.000   0.000   0.000   28.000   
199.335   199.335   0.000   0.000   0.000   26.000   
199.335   199.335   0.000   0.000   0.000   27.000   
199.335   199.335   0.000   0.000   0.000   27.000   
199.335   199.335   0.000   0.000   0.000   26.000   
199.335   199.335   0.000   0.000   0.000   27.000   
199.335   199.335   0.000   0.000   0.000   29.000   
199.335   199.335   0.000   0.000   0.000   27.000   
199.335   199.335   0.000   0.000   0.000   27.000   
199.335   199.335   0.000   0.000   0.000   27.000   
199.335   199.335   0.000   0.000   0.000   27.000   
199.335   199.335   0.000   0.000   0.000   27.000   
199.335   199.335   -0.000   0.000   0.105   26.000   
199.335   199.335   0.000   0.000   -0.105   27.000   
199.335   199.335   -0.000   0.000   0.105   26.000   
199.335   199.335   -0.000   0.000   -0.105   26.000   
199.335   199.335   -0.000   0.000   0.000   26.000   
199.335   199.335   -0.000   0.000   0.000   26.000   
199.335   199.335   -0.000   0.000   0.000   27.000   
199.335   199.335   -0.000   0.000   -0.105   26.000   
199.335   199.335   -0.000   0.000   0.000   26.000   
199.335   199.335   0.000   0.000   -0.105   27.000   
199.335   199.335   0.000   0.000   0.000   25.000   
199.335   199.335   0.000   0.000   0.000   26.000   
199.335   199.335   0.000   0.000   0.000   26.000   
199.335   199.335   0.000   0.000   0.000   26.000   
199.335   199.335   0.000   0.000   0.000   26.000   
199.335   199.335   0.000   0.000   0.000   26.000   
199.335   199.335   0.000   0.000   0.000   26.000   
199.335   199.335   0.000   0.000   0.000   26.000   
199.335   199.335   0.000   0.000   0.000   26.000   
199.335   199.335   0.000   0.000   0.000   28.000   
199.335   199.335   0.000   0.000   0.000   26.000   
199.335   199.335   0.000   0.000   0.000   27.000   
199.335   199.335   0.000   0.000   0.000   26.000   
199.335   199.335   0.000   0.000   0.000   27.000   
199.335   199.335   0.000   0.000   0.000   26.000   
199.335   199.335   0.000   0.000   0.000   28.000   
199.335   199.335   0.000   0.000   0.000   26.000   
199.335   199.335   -0.000   0.000   0.105   28.000   
199.335   199.335   0.000   0.000   -0.105   27.000   
199.335   199.335   0.000   0.000   0.105   26.000   
199.335   199.335   0.000   0.000   -0.105   27.000   
199.335   199.335   0.000   0.000   0.000   28.000   
199.335   199.335   0.000   0.000   0.000   27.000   
199.335   199.335   0.000   0.000   0.000   33.000   
199.335   199.335   0.000   0.000   0.000   33.000   
199.335   199.335   0.000   0.000   0.000   33.000   
199.335   199.335   0.000   0.000   0.000   32.000   
199.335   199.335   0.000   0.000   0.000   32.000   
199.335   199.335   0.000   0.000   0.000   33.000   
199.335   199.335   0.000   0.000   0.000   32.000   
199.335   199.335   0.000   0.000   0.000   32.000   
199.335   199.335   0.000   0.000   0.000   32.000   
199.335   199.335   0.000   0.000   0.000   32.000   
199.335   199.335   0.000   0.000   0.000   32.000   
199.335   199.335   0.000   0.000   0.000   32.000   
199.335   199.335   0.000   0.000   0.000   33.000   
199.335   199.335   0.000   0.000   0.000   33.000   
199.335   199.335   -0.000   0.000   0.000   32.000   
199.335   199.335   -0.000   0.000   0.000   32.000   
199.335   199.335   -0.000   0.000   0.000   33.000   
199.335   199.335   -0.000   0.000   0.000   32.000   
199.335   199.335   -0.000   0.000   0.000   32.000   
199.335   199.335   -0.000   0.000   0.000   31.000   
199.335   199.335   0.000   0.000   0.000   31.000   
199.335   199.335   0.000   0.000   -0.105   33.000   
199.335   199.335   0.000   0.000   0.000   31.000   
199.335   199.335   0.000   0.000   0.000   33.000   
199.335   199.335   0.000   0.000   0.000   31.000   
199.335   199.335   0.000   0.000   0.000   31.000   
199.335   199.335   0.000   0.000   0.000   32.000   
199.335   199.335   0.000   0.000   0.000   32.000   
199.335   199.335   0.000   0.000   0.000   32.000   
199.335   199.335   0.000   0.000   0.000   32.000   
199.335   199.335   0.000   0.000   0.000   31.000   
199.335   199.335   0.000   0.000   0.000   32.000   
199.335   199.335   0.000   0.000   0.000   32.000   
199.335   199.335   0.000   0.000   0.000   33.000   
199.335   199.335   0.000   0.000   0.000   32.000   
199.335   199.335   0.000   0.000   0.000   33.000   
199.335   199.335   0.000   0.000   0.000   30.000   
199.335   199.335   0.000   0.000   0.105   33.000   
199.335   199.335   0.000   0.000   -0.105   31.000   
199.335   199.335   0.000   0.000   -0.105   33.000   
199.335   199.335   0.000   0.000   0.000   25.000   
199.335   199.335   -0.000   0.000   0.105   24.000   
199.335   199.335   0.000   0.000   -0.105   24.000   
199.335   199.335   -0.000   0.000   0.105   23.000   
199.335   199.335   -0.000   0.000   0.000   23.000   
199.335   199.335   0.000   0.000   -0.105   24.000   
199.335   199.335   0.000   0.000   0.000   24.000   
199.335   199.335   0.000   0.000   0.000   23.000   
199.335   199.335   0.000   0.000   0.000   23.000   
199.335   199.335   0.000   0.000   0.000   24.000   
199.335   199.335   0.000   0.000   0.000   24.000   
199.335   199.335   0.000   0.000   0.000   23.000   
199.335   199.335   0.000   0.000   0.000   23.000   
199.335   199.335   0.000   0.000   0.000   23.000   
199.335   199.335   0.000   0.000   0.000   23.000   
199.335   199.335   0.000   0.000   0.000   23.000   
199.335   199.335   0.000   0.000   0.000   24.000   
199.335   199.335   0.000   0.000   0.000   23.000   
199.335   199.335   0.000   0.000   0.000   23.000   
199.335   199.335   0.000   0.000   0.000   23.000   
199.335   199.335   0.000   0.000   0.000   23.000   
199.335   199.335   0.000   0.000   0.000   24.000   
199.335   199.335   0.000   0.000   0.000   23.000   
199.335   199.335   -0.000   0.000   0.105   23.000   
199.335   199.335   -0.000   0.000   0.000   23.000   
199.335   199.335   0.000   0.000   0.000   23.000   
199.335   199.335   -0.000   0.000   0.000   23.000   
199.335   199.335   0.000   0.000   -0.105   23.000   
199.335   199.335   -0.000   0.000   0.000   23.000   
199.335   199.335   0.000   0.000   0.105   23.000   
199.335   199.335   0.000   0.000   -0.105   23.000   
199.335   199.335   0.000   0.000   0.000   22.000   
199.335   199.335   0.000   0.000   0.000   24.000   
199.335   199.335   0.000   0.000   0.000   24.000   
199.335   199.335   0.000   0.000   0.000   24.000   
199.335   199.335   0.000   0.000   0.000   23.000   
199.335   199.335   0.000   0.000   0.000   24.000   
199.335   199.335   0.000   0.000   0.000   23.000   
199.335   199.335   0.000   0.000   0.000   25.000   
199.335   199.335   0.000   0.000   0.000   23.000   
199.335   199.335   0.000   0.000   0.000   24.000   
199.335   199.335   0.000   0.000   0.000   24.000   
199.335   199.335   0.000   0.000   0.000   24.000   
199.335   199.335   0.000   0.000   0.000   24.000   
199.335   199.335   0.000   0.000   0.000   24.000   
199.335   199.335   0.000   0.000   0.000   24.000   
199.335   199.335   -0.000   0.000   0.000   24.000   
199.335   199.335   0.000   0.000   0.105   24.000   
199.335   199.335   0.000   0.000   0.000   24.000   
199.335   199.335   -0.000   0.000   0.105   24.000   
199.335   199.335   0.000   0.000   -0.105   26.000   
199.335   199.335   0.000   0.000   0.000   23.000   
199.335   199.335   0.000   0.000   0.000   24.000   
199.335   199.335   0.000   0.000   0.000   24.000   
199.335   199.335   0.000   0.000   0.000   25.000   
199.335   199.335   0.000   0.000   0.000   25.000   
199.335   199.335   0.000   0.000   0.000   25.000   
199.335   199.335   0.000   0.000   0.000   23.000   
199.335   199.335   0.000   0.000   0.000   24.000   
199.335   199.335   0.000   0.000   0.000   24.000   
199.335   199.335   0.000   0.000   0.000   24.000   
199.335   199.335   0.000   0.000   0.000   24.000   
199.335   199.335   0.000   0.000   0.000   24.000   
199.335   199.335   0.000   0.000   0.000   24.000   
199.335   199.335   0.000   0.000   0.000   24.000   
199.335   199.335   0.000   0.000   0.000   23.000   
199.335   199.335   0.000   0.000   0.000   23.000   
199.335   199.335   0.000   0.000   0.000   23.000   
199.335   199.335   0.000   0.000   0.000   23.000   
199.335   199.335   0.000   0.000   0.105   23.000   
199.335   199.335   -0.000   0.000   0.000   23.000   
199.335   199.335   -0.000   0.000   -0.105   24.000   
199.335   199.335   -0.000   0.000   0.000   23.000   
199.335   199.335   0.000   0.000   -0.105   23.000   
199.335   199.335   -0.000   0.000   0.105   24.000   
199.335   199.335   0.000   0.000   -0.105   24.000   
199.335   199.335   -0.000   0.000   0.105   23.000   
199.335   199.335   0.000   0.000   -0.105   24.000   
199.335   199.335   0.000   0.000   0.000   23.000   
199.335   199.335   0.000   0.000   0.000   24.000   
199.335   199.335   0.000   0.000   0.000   24.000   
199.335   199.335   0.000   0.000   0.000   24.000   
199.335   199.335   0.000   0.000   0.000   24.000   
199.335   199.335   0.000   0.000   0.000   24.000   
199.335   199.335   0.000   0.000   0.000   24.000   
199.335   199.335   0.000   0.000   0.000   23.000   
199.335   199.335   0.000   0.000   0.000   24.000   
199.335   199.335   0.000   0.000   0.000   24.000   
199.335   199.335   0.000   0.000   0.000   24.000   
199.335   199.335   0.000   0.000   0.000   26.000   
199.335   199.335   0.000   0.000   0.000   24.000   
199.335   199.335   0.000   0.000   0.000   24.000   
199.335   199.335   0.000   0.000   0.000   24.000   
199.335   199.335   0.000   0.000   0.000   24.000   
199.335   199.335   -0.000   0.000   0.000   24.000   
199.335   199.335   -0.000   0.000   0.000   24.000   
199.335   199.335   0.000   0.000   -0.105   24.000   
199.335   199.335   0.000   0.000   0.000   23.000   
199.335   199.335   0.000   0.000   0.105   24.000   
199.335   199.335   0.000   0.000   -0.105   24.000   
199.335   199.335   0.000   0.000   0.000   23.000   
199.335   199.335   0.000   0.000   0.000   24.000   
199.335   199.335   0.000   0.000   0.000   23.000   
199.335   199.335   0.000   0.000   0.000   23.000   
199.335   199.335   0.000   0.000   0.000   23.000   
199.335   199.335   0.000   0.000   0.000   24.000   
199.335   199.335   0.000   0.000   0.000   23.000   
199.335   199.335   0.000   0.000   0.000   24.000   
199.335   199.335   0.000   0.000   0.000   24.000   
199.335   199.335   0.000   0.000   0.000   23.000   
199.335   199.335   0.000   0.000   0.000   23.000   
199.335   199.335   0.000   0.000   0.000   23.000   
199.335   199.335   0.000   0.000   0.000   23.000   
199.335   199.335   0.000   0.000   0.000   23.000   
199.335   199.335   -0.000   0.000   0.105   23.000   
199.335   199.335   -0.000   0.000   0.000   24.000   
199.335   199.335   -0.000   0.000   0.000   23.000   
199.335   199.335   -0.000   0.000   0.000   23.000   
199.335   199.335   -0.000   0.000   0.000   24.000   
199.335   199.335   -0.000   0.000   0.000   23.000   
199.335   199.335   -0.000   0.000   0.000   24.000   
199.335   199.335   -0.000   0.000   0.000   23.000   
199.335   199.335   -0.000   0.000   0.000   23.000   
199.335   199.335   -0.000   0.000   -0.105   24.000   
199.335   199.335   0.000   0.000   0.105   25.000   
199.335   199.335   0.000   0.000   -0.105   24.000   
199.335   199.335   0.000   0.000   0.000   23.000   
199.335   199.335   0.000   0.000   0.000   25.000   
199.335   199.335   0.000   0.000   0.000   24.000   
199.335   199.335   0.000   0.000   0.000   25.000   
199.335   199.335   0.000   0.000   0.000   24.000   
199.335   199.335   0.000   0.000   0.000   23.000   
199.335   199.335   0.000   0.000   0.000   24.000   
199.335   199.335   0.000   0.000   0.000   24.000   
199.335   199.335   0.000   0.000   0.000   25.000   
199.335   199.335   -0.000   0.000   0.105   24.000   
199.335   199.335   -0.000   0.000   0.000   24.000   
199.335   199.335   0.000   0.000   -0.105   23.000   
199.335   199.335   0.000   0.000   0.000   23.000   
199.335   199.335   0.000   0.000   0.000   24.000   
199.335   199.335   0.000   0.000   0.000   25.000   
199.335   199.335   0.000   0.000   0.000   23.000   
199.335   199.335   0.000   0.000   0.000   23.000   
199.335   199.335   0.000   0.000   0.000   23.000   
199.335   199.335   0.000   0.000   0.000   24.000   
199.335   199.335   0.000   0.000   0.000   23.000   
199.335   199.335   0.000   0.000   0.000   23.000   
199.335   199.335   0.000   0.000   0.000   23.000   
199.335   199.335   0.000   0.000   0.000   23.000   
199.335   199.335   0.000   0.000   0.000   22.000   
199.335   199.335   0.000   0.000   0.000   23.000   
199.335   199.335   0.000   0.000   0.000   24.000   
199.335   199.335   0.000   0.000   0.000   24.000   
199.335   199.335   0.000   0.000   0.000   23.000   
199.335   199.335   0.000   0.000   0.000   23.000   
199.335   199.335   0.000   0.000   0.000   24.000   
199.335   199.335   0.000   0.000   0.000   24.000   
199.335   199.335   0.000   0.000   0.000   23.000   
199.335   199.335   0.000   0.000   0.000   23.000   
199.335   199.335   0.000   0.000   0.000   26.000   
199.335   199.335   0.000   0.000   0.105   25.000   
199.335   199.335   0.000   0.000   -0.105   26.000   
199.335   199.335   0.000   0.000   -0.105   26.000   
199.335   199.335   -0.000   0.000   0.105   28.000   
199.335   199.335   -0.000   0.000   0.000   26.000   
199.335   199.335   -0.000   0.000   0.000   27.000   
199.335   199.335   -0.000   0.000   0.000   26.000   
199.335   199.335   -0.000   0.000   0.000   26.000   
199.335   199.335   -0.000   0.000   0.000   27.000   
199.335   199.335   -0.000   0.000   -0.105   26.000   
199.335   199.335   0.000   0.000   0.000   26.000   
199.335   199.335   0.000   0.000   0.000   26.000   
199.335   199.335   -0.000   0.000   0.105   27.000   
199.335   199.335   0.000   0.000   -0.105   26.000   
199.335   199.335   0.000   0.000   0.000   27.000   
199.335   199.335   0.000   0.000   0.000   27.000   
199.335   199.335   0.000   0.000   0.000   26.000   
199.335   199.335   0.000   0.000   0.000   26.000   
199.335   199.335   0.000   0.000   0.000   28.000   
199.335   199.335   0.000   0.000   0.000   26.000   
199.335   199.335   0.000   0.000   0.000   25.000   
199.335   199.335   0.000   0.000   0.000   26.000   
199.335   199.335   0.000   0.000   0.000   26.000   
199.335   199.335   0.000   0.000   0.000   26.000   
199.335   199.335   0.000   0.000   0.000   26.000   
199.335   199.335   -0.000   0.000   0.105   26.000   
199.335   199.335   0.000   0.000   -0.105   24.000   
199.335   199.335   0.000   0.000   0.105   25.000   
199.335   199.335   0.000   0.000   0.000   25.000   
199.335   199.335   0.000   0.000   0.000   26.000   
199.335   199.335   0.000   0.000   0.000   25.000   
199.335   199.335   0.000   0.000   0.000   26.000   
199.335   199.335   -0.000   0.000   0.000   25.000   
199.335   199.335   0.000   0.000   0.000   27.000   
199.335   199.335   0.000   0.000   0.000   25.000   
199.335   199.335   0.000   0.000   0.000   26.000   
199.335   199.335   0.000   0.000   0.000   24.000   
199.335   199.335   0.000   0.000   0.000   26.000   
199.335   199.335   0.000   0.000   0.000   26.000   
199.335   199.335   0.000   0.000   0.000   26.000   
199.340   199.335   0.003   0.980   0.000   27.000   
199.340   199.335   0.006   3.270   0.000   27.000   
199.380   199.335   0.022   9.160   0.105   30.000   
199.425   199.335   0.066   14.725   0.000   37.000   
199.545   199.335   0.196   25.525   0.105   59.000   
199.665   199.340   0.344   34.360   0.530   105.000   
199.820   199.365   0.658   44.060   4.540   172.000   
200.130   199.395   0.921   58.605   8.345   239.000   
200.385   199.450   1.217   68.300   13.730   356.000   
200.835   199.585   1.718   82.845   20.490   433.000   
201.190   199.715   2.069   92.545   28.195   514.000   
201.785   199.980   2.602   107.090   46.680   632.000   
202.235   200.210   2.955   116.785   56.395   718.000   
202.980   200.625   3.483   131.330   66.535   821.000   
203.525   200.950   3.831   141.025   77.095   873.000   
204.105   201.520   4.348   150.725   96.950   985.000   
205.055   201.950   4.697   165.270   107.190   1049.000   
205.735   202.415   5.039   174.965   117.330   1093.000   
206.825   203.205   5.544   187.550   128.420   1103.000   
207.590   203.780   5.870   194.300   139.085   1066.000   
208.780   204.730   6.320   201.970   160.420   1018.000   
209.595   205.410   6.587   205.450   170.555   971.000   
210.835   206.505   6.901   207.885   180.485   855.000   
211.665   207.280   7.046   206.515   189.670   751.000   
212.485   208.090   7.166   203.570   197.910   547.000   
213.690   209.340   7.169   196.700   209.735   392.000   
214.460   210.190   7.119   190.480   212.590   214.000   
215.570   211.475   6.927   178.700   213.855   92.000   
216.265   212.320   6.737   169.270   213.220   -16.000   
217.240   213.565   6.363   154.725   206.570   -177.000   
217.840   214.370   6.067   145.025   201.075   -289.000   
218.665   215.525   5.573   130.480   194.000   -461.000   
219.170   216.250   5.220   120.785   186.080   -571.000   
219.630   216.935   4.690   111.090   176.680   -685.000   
220.255   217.885   4.340   96.540   155.455   -739.000   
220.620   218.465   3.997   86.845   144.790   -794.000   
221.100   219.250   3.489   72.300   133.910   -827.000   
221.370   219.725   3.157   62.605   123.455   -844.000   
221.700   220.355   2.663   48.060   102.125   -844.000   
221.875   220.720   2.336   38.360   91.140   -786.000   
222.010   221.185   1.860   28.990   80.365   -682.000   
222.145   221.445   1.544   17.390   69.595   -605.000   
222.205   221.665   1.239   11.295   59.880   -516.000   
222.250   221.920   0.829   4.605   40.660   -468.000   
222.260   222.045   0.589   1.780   31.365   -370.000   
222.265   222.175   0.308   0.000   23.020   -317.000   
222.265   222.225   0.177   0.000   15.735   -265.000   
222.265   222.255   0.056   0.000   4.435   -177.000   
222.265   222.260   0.024   0.000   1.055   -146.000   
222.265   222.255   0.014   0.000   -0.950   -125.000   
222.265   222.245   0.022   0.000   -1.900   -100.000   
222.265   222.235   0.031   0.000   -2.430   -52.000   
222.265   222.220   0.045   0.000   -2.220   -12.000   
222.265   222.210   0.053   0.000   -1.900   18.000   
222.265   222.205   0.061   0.000   -1.480   59.000   
222.265   222.200   0.065   0.000   -1.055   76.000   
222.265   222.200   0.067   0.000   -0.315   94.000   
222.265   222.200   0.067   0.000   0.000   99.000   
222.265   222.200   0.064   0.000   0.315   105.000   
222.265   222.205   0.060   0.000   0.845   89.000   
222.265   222.210   0.055   0.000   1.160   59.000   
222.265   222.220   0.044   0.000   1.795   34.000   
222.265   222.230   0.036   0.000   2.005   2.000   
222.265   222.240   0.024   0.000   2.110   -40.000   
222.265   222.250   0.016   0.000   2.005   -56.000   
222.265   222.255   0.008   0.000   1.265   -60.000   
222.265   222.260   0.005   0.000   0.740   -50.000   
222.265   222.260   0.004   0.000   0.420   -29.000   
222.265   222.260   0.004   0.000   0.000   -15.000   
222.265   222.260   0.004   0.000   -0.105   3.000   
222.265   222.260   0.007   0.000   -0.420   17.000   
222.265   222.255   0.009   0.000   -0.530   36.000   
222.265   222.250   0.013   0.000   -0.635   62.000   
222.265   222.250   0.015   0.000   -0.635   71.000   
222.265   222.250   0.016   0.000   -0.105   69.000   
222.265   222.250   0.015   0.000   0.105   62.000   
222.265   222.250   0.014   0.000   0.210   54.000   
222.265   222.255   0.012   0.000   0.420   39.000   
222.265   222.255   0.009   0.000   0.530   25.000   
222.265   222.260   0.005   0.000   0.740   10.000   
222.265   222.265   0.002   0.000   0.740   -16.000   
222.265   222.270   -0.003   0.000   0.845   -27.000   
222.265   222.270   -0.005   0.000   0.635   -32.000   
222.265   222.270   -0.006   0.000   0.210   -22.000   
222.265   222.270   -0.006   0.000   -0.105   -18.000   
222.265   222.270   -0.005   0.000   -0.105   -11.000   
222.265   222.270   -0.004   0.000   -0.210   8.000   
222.265   222.270   -0.003   0.000   -0.315   12.000   
222.265   222.265   0.000   0.000   -0.420   27.000   
222.265   222.265   0.002   0.000   -0.420   32.000   
222.265   222.260   0.003   0.000   -0.210   33.000   
222.265   222.260   0.003   0.000   -0.105   29.000   
222.265   222.260   0.003   0.000   0.000   25.000   
222.265   222.265   0.003   0.000   0.105   22.000   
222.265   222.265   0.002   0.000   0.105   16.000   
222.265   222.265   0.001   0.000   0.210   13.000   
222.265   222.265   -0.000   0.000   0.210   9.000   
222.265   222.265   -0.002   0.000   0.210   -12.000   
222.265   222.265   -0.002   0.000   0.105   -11.000   
222.265   222.265   -0.002   0.000   0.000   8.000   
222.265   222.265   -0.002   0.000   0.000   7.000   
222.265   222.265   -0.001   0.000   -0.105   10.000   
222.265   222.265   -0.001   0.000   -0.105   12.000   
222.265   222.265   -0.000   0.000   -0.105   15.000   
222.265   222.265   0.000   0.000   -0.210   21.000   
222.265   222.265   0.001   0.000   -0.105   22.000   
222.265   222.265   0.001   0.000   0.000   18.000   
222.265   222.265   0.001   0.000   0.000   15.000   
222.265   222.265   0.000   0.000   0.105   13.000   
222.265   222.265   0.000   0.000   0.000   10.000   
222.265   222.265   -0.001   0.000   0.210   9.000   
222.265   222.265   -0.002   0.000   0.210   8.000   
222.265   222.265   -0.002   0.000   0.105   9.000   
222.265   222.265   -0.002   0.000   0.000   8.000   
222.265   222.265   -0.002   0.000   0.000   8.000   
222.265   222.265   -0.002   0.000   0.000   7.000   
222.265   222.265   -0.001   0.000   -0.105   8.000   
222.265   222.265   -0.000   0.000   -0.105   17.000   
222.265   222.265   0.000   0.000   -0.210   18.000   
222.265   222.265   0.001   0.000   -0.105   24.000   
222.265   222.265   0.002   0.000   -0.105   26.000   
222.265   222.265   0.002   0.000   0.000   24.000   
222.265   222.265   0.002   0.000   0.000   22.000   
222.265   222.265   0.002   0.000   0.000   20.000   
222.265   222.265   0.001   0.000   0.105   14.000   
222.265   222.265   0.000   0.000   0.105   15.000   
222.265   222.265   -0.000   0.000   0.105   8.000   
222.265   222.265   -0.001   0.000   0.210   7.000   
222.265   222.265   -0.001   0.000   0.105   8.000   
222.265   222.265   -0.001   0.000   0.000   10.000   
222.265   222.265   -0.001   0.000   0.000   11.000   
222.265   222.265   -0.001   0.000   0.000   11.000   
222.265   222.265   -0.001   0.000   0.000   14.000   
222.265   222.265   -0.001   0.000   0.000   15.000   
222.265   222.265   -0.000   0.000   -0.105   18.000   
222.265   222.265   0.000   0.000   -0.105   19.000   
222.265   222.265   0.000   0.000   -0.105   20.000   
222.265   222.265   0.000   0.000   0.000   14.000   
222.265   222.265   0.000   0.000   0.000   16.000   
222.265   222.265   0.000   0.000   0.000   15.000   
222.265   222.265   0.000   0.000   0.105   16.000   
222.265   222.265   0.000   0.000   0.000   14.000   
222.265   222.265   0.000   0.000   0.000   14.000   
222.265   222.265   0.000   0.000   0.000   15.000   
222.265   222.265   -0.000   0.000   0.105   14.000   
222.265   222.265   -0.000   0.000   0.000   15.000   
222.265   222.265   0.000   0.000   -0.105   16.000   
222.265   222.265   0.000   0.000   0.000   16.000   
222.265   222.265   0.000   0.000   0.000   16.000   
222.265   222.265   0.000   0.000   -0.105   17.000   
222.265   222.265   0.000   0.000   0.000   16.000   
222.265   222.265   0.000   0.000   0.000   17.000   
222.265   222.265   0.000   0.000   0.105   16.000   
222.265   222.265   0.000   0.000   0.000   15.000   
222.265   222.265   -0.000   0.000   0.000   14.000   
222.265   222.265   -0.000   0.000   0.105   12.000   
222.265   222.265   -0.000   0.000   0.000   14.000   
222.265   222.265   -0.001   0.000   0.105   14.000   
222.265   222.265   -0.001   0.000   0.000   10.000   
222.265   222.265   -0.001   0.000   0.000   14.000   
222.265   222.265   -0.001   0.000   0.000   14.000   
222.265   222.265   -0.000   0.000   -0.105   15.000   
222.265   222.265   -0.000   0.000   0.000   18.000   
222.265   222.265   0.000   0.000   -0.105   19.000   
222.265   222.265   0.000   0.000   0.000   20.000   
222.265   222.265   0.000   0.000   0.000   19.000   
222.265   222.265   0.000   0.000   0.000   20.000   
222.265   222.265   0.000   0.000   0.000   18.000   
222.265   222.265   0.000   0.000   0.000   20.000   
222.265   222.265   0.000   0.000   0.000   18.000   
222.265   222.265   0.000   0.000   0.105   16.000   
222.265   222.265   0.000   0.000   0.000   15.000   
222.265   222.265   -0.000   0.000   0.105   14.000   
222.265   222.265   -0.000   0.000   0.000   10.000   
222.265   222.265   -0.001   0.000   0.000   13.000   
222.265   222.265   -0.001   0.000   0.000   13.000   
222.265   222.265   -0.001   0.000   0.000   14.000   
222.265   222.265   -0.000   0.000   -0.105   16.000   
222.265   222.265   -0.000   0.000   0.000   17.000   
222.265   222.265   -0.000   0.000   0.000   14.000   
222.265   222.265   -0.000   0.000   0.000   17.000   
222.265   222.265   -0.000   0.000   0.000   17.000   
222.265   222.265   -0.000   0.000   0.000   16.000   
222.265   222.265   -0.000   0.000   0.000   16.000   
222.265   222.265   -0.000   0.000   0.000   14.000   
222.265   222.265   -0.000   0.000   0.000   15.000   
222.265   222.265   -0.000   0.000   0.000   13.000   
222.265   222.265   -0.000   0.000   0.000   14.000   
222.265   222.265   -0.000   0.000   0.000   13.000   
222.265   222.265   -0.000   0.000   0.000   15.000   
222.265   222.265   -0.000   0.000   0.000   15.000   
222.265   222.265   0.000   0.000   -0.105   14.000   
222.265   222.265   0.000   0.000   0.000   16.000   
222.265   222.265   0.000   0.000   0.000   16.000   
222.265   222.265   0.000   0.000   0.000   16.000   
222.265   222.265   0.000   0.000   0.000   14.000   
222.265   222.265   0.000   0.000   0.000   16.000   
222.265   222.265   0.000   0.000   0.000   16.000   
222.265   222.265   0.000   0.000   0.000   14.000   
222.265   222.265   -0.000   0.000   0.105   14.000   
222.265   222.265   -0.000   0.000   0.000   14.000   
222.265   222.265   -0.001   0.000   0.105   12.000   
222.265   222.265   -0.001   0.000   0.000   10.000   
222.265   222.265   -0.001   0.000   0.000   12.000   
222.265   222.265   -0.000   0.000   0.000   14.000   
222.265   222.265   -0.000   0.000   -0.105   14.000   
222.265   222.265   -0.000   0.000   0.000   15.000   
222.265   222.265   -0.000   0.000   0.000   16.000   
222.265   222.265   0.000   0.000   0.000   16.000   
222.265   222.265   0.000   0.000   -0.105   16.000   
222.265   222.265   0.000   0.000   0.000   18.000   
222.265   222.265   0.000   0.000   0.000   16.000   
222.265   222.265   0.000   0.000   0.000   16.000   
222.265   222.265   0.000   0.000   0.000   16.000   
222.265   222.265   0.000   0.000   0.000   15.000   
222.265   222.265   0.000   0.000   0.000   15.000   
222.265   222.265   0.000   0.000   0.000   16.000   
222.265   222.265   0.000   0.000   0.000   15.000   
222.265   222.265   0.000   0.000   0.000   15.000   
222.270   222.265   0.005   1.960   0.000   15.000   
222.280   222.265   0.008   4.905   0.105   16.000   
222.310   222.265   0.040   9.160   0.000   21.000   
222.390   222.265   0.098   18.000   0.105   29.000   
222.475   222.265   0.196   25.525   0.105   62.000   
222.670   222.275   0.436   39.210   2.005   102.000   
222.845   222.295   0.657   48.905   4.540   161.000   
223.180   222.355   1.063   63.450   8.345   263.000   
223.455   222.420   1.378   73.150   13.730   344.000   
223.935   222.580   1.892   87.695   28.195   464.000   
224.310   222.725   2.246   97.390   36.750   555.000   
224.715   222.910   2.781   107.090   46.360   695.000   
225.405   223.260   3.135   121.635   56.080   796.000   
225.910   223.545   3.490   131.330   65.795   916.000   
226.740   224.050   4.016   145.875   86.385   994.000   
227.345   224.435   4.361   155.575   96.840   1070.000   
228.320   225.100   4.876   170.120   107.825   1101.000   
229.020   225.590   5.214   179.815   117.750   1127.000   
229.760   226.415   5.713   189.510   139.510   1113.000   
230.940   227.015   6.039   204.055   150.810   1034.000   
231.775   227.660   6.518   213.755   161.475   946.000   
233.100   228.710   6.835   228.300   171.930   869.000   
234.035   229.460   7.152   237.670   182.385   750.000   
235.495   230.655   7.624   249.270   201.815   672.000   
236.505   231.500   7.929   255.365   211.005   607.000   
238.060   232.835   8.353   262.055   220.405   522.000   
239.115   233.770   8.597   264.880   229.275   507.000   
240.175   235.225   8.894   266.395   244.905   479.000   
241.775   236.230   9.037   266.665   251.345   473.000   
242.840   237.260   9.138   266.665   256.730   465.000   
244.440   238.830   9.216   266.665   261.485   440.000   
245.510   239.895   9.231   266.665   264.655   419.000   
247.110   241.505   9.230   266.665   268.245   357.000   
248.175   242.580   9.222   266.665   268.665   305.000   
249.775   244.190   9.210   266.665   268.875   225.000   
250.840   245.270   9.199   266.665   269.090   178.000   
251.910   246.885   9.183   266.665   269.195   67.000   
253.510   247.960   9.174   266.665   268.770   7.000   
254.575   249.035   9.167   266.665   268.455   -52.000   
256.175   250.640   9.160   266.665   267.925   -63.000   
257.240   251.710   9.159   266.665   267.400   -84.000   
258.840   253.305   9.162   266.665   266.025   -84.000   
259.910   254.365   9.168   266.665   265.075   -49.000   
261.510   255.950   9.185   266.665   264.020   48.000   
262.575   257.000   9.200   266.665   263.280   100.000   
263.640   258.055   9.222   266.665   262.855   185.000   
265.240   259.630   9.236   266.665   263.175   229.000   
266.310   260.685   9.249   266.665   263.490   289.000   
267.910   262.270   9.266   266.665   263.700   326.000   
268.975   263.325   9.276   266.665   264.020   356.000   
270.575   264.915   9.284   266.665   265.605   341.000   
271.640   265.985   9.285   266.665   266.555   303.000   
273.240   267.590   9.280   266.665   267.400   253.000   
274.310   268.660   9.273   266.665   267.925   220.000   
275.375   269.735   9.261   266.665   268.560   132.000   
276.975   271.350   9.252   266.665   268.770   95.000   
278.040   272.425   9.244   266.665   268.665   15.000   
279.640   274.035   9.235   266.665   268.455   -11.000   
280.710   275.105   9.229   266.665   268.140   -22.000   
282.310   276.710   9.226   266.665   266.975   -9.000   
283.375   277.775   9.228   266.665   266.235   12.000   
284.440   279.365   9.234   266.665   265.710   65.000   
286.040   280.425   9.240   266.665   265.390   86.000   
287.110   281.485   9.247   266.665   265.075   142.000   
288.710   283.075   9.258   266.665   264.865   171.000   
289.775   284.135   9.264   266.665   265.075   193.000   
291.375   285.730   9.273   266.665   265.075   235.000   
292.440   286.790   9.278   266.665   265.390   243.000   
294.040   288.385   9.280   266.665   266.450   224.000   
295.110   289.455   9.279   266.665   266.975   207.000   
296.175   291.060   9.273   266.665   267.610   152.000   
297.775   292.135   9.268   266.665   267.820   131.000   
298.840   293.205   9.262   266.665   268.030   92.000   
300.440   294.815   9.253   266.665   268.245   58.000   
301.510   295.885   9.249   266.665   268.140   40.000   
303.110   297.495   9.240   266.665   268.030   5.000   
304.175   298.565   9.237   266.665   267.610   2.000   
305.775   300.165   9.236   266.665   266.765   22.000   
306.840   301.230   9.236   266.665   266.450   26.000   
307.910   302.295   9.241   266.665   266.025   58.000   
309.510   303.890   9.245   266.665   266.025   66.000   
310.575   304.950   9.250   266.665   265.500   109.000   
312.175   306.545   9.257   266.665   265.285   145.000   
313.240   307.605   9.261   266.665   265.605   148.000   
314.840   309.200   9.267   266.665   265.500   172.000   
315.910   310.265   9.270   266.665   265.815   183.000   
317.510   311.860   9.273   266.665   266.450   161.000   
318.575   312.930   9.272   266.665   266.660   167.000   
319.640   314.000   9.269   266.665   267.185   138.000   
321.240   315.600   9.266   266.665   267.295   119.000   
322.310   316.670   9.263   266.665   267.400   98.000   
323.910   318.275   9.258   266.665   267.400   81.000   
324.975   319.345   9.255   266.665   267.400   76.000   
326.575   320.950   9.250   266.665   267.610   47.000   
327.640   322.020   9.248   266.665   267.295   43.000   
328.710   323.620   9.247   266.665   266.765   53.000   
330.310   324.685   9.247   266.665   266.660   67.000   
331.375   325.755   9.249   266.665   266.340   92.000   
332.975   327.350   9.251   266.665   266.235   103.000   
334.040   328.415   9.254   266.665   266.025   122.000   
335.640   330.010   9.258   266.665   266.130   126.000   
336.710   331.075   9.260   266.665   266.130   139.000   
338.310   332.670   9.263   266.665   266.235   143.000   
339.375   333.735   9.265   266.665   266.235   150.000   
340.440   335.335   9.265   266.665   266.555   142.000   
342.040   336.405   9.264   266.665   266.765   141.000   
343.110   337.470   9.264   266.665   266.765   138.000   
344.710   339.070   9.262   266.665   266.975   119.000   
345.775   340.140   9.260   266.665   267.080   112.000   
347.375   341.745   9.259   266.665   266.975   99.000   
348.440   342.810   9.257   266.665   267.080   96.000   
350.040   344.415   9.255   266.665   266.870   103.000   
351.110   345.480   9.254   266.665   266.975   88.000   
352.175   347.080   9.254   266.665   266.660   101.000   
353.775   348.145   9.255   266.665   266.450   107.000   
354.840   349.210   9.256   266.665   266.340   119.000   
356.440   350.810   9.259   266.665   266.235   134.000   
357.510   351.875   9.260   266.665   266.235   136.000   
359.110   353.470   9.263   266.665   266.235   150.000   
360.175   354.535   9.264   266.665   266.340   160.000   
361.775   356.135   9.266   266.665   266.450   164.000   
362.840   357.200   9.267   266.665   266.235   178.000   
363.910   358.265   9.267   266.665   266.555   174.000   
365.510   359.870   9.266   266.665   266.975   152.000   
366.575   360.935   9.265   266.665   266.870   149.000   
368.175   362.540   9.263   266.665   267.080   137.000   
369.240   363.605   9.263   266.665   266.975   140.000   
370.840   365.210   9.260   266.665   266.975   133.000   
371.910   366.275   9.258   266.665   267.080   119.000   
373.510   367.875   9.257   266.665   266.765   134.000   
374.575   368.945   9.257   266.665   266.765   124.000   
375.640   370.010   9.257   266.665   266.765   130.000   
377.240   371.610   9.258   266.665   266.660   131.000   
378.310   372.675   9.258   266.665   266.555   140.000   
379.910   374.275   9.258   266.665   266.555   142.000   
380.975   375.340   9.260   266.665   266.340   158.000   
382.575   376.940   9.261   266.665   266.340   176.000   
383.640   378.005   9.261   266.665   266.555   177.000   
384.710   379.605   9.263   266.665   266.660   166.000   
386.310   380.670   9.262   266.665   266.765   176.000   
387.375   381.740   9.263   266.665   266.340   185.000   
388.975   383.340   9.262   266.665   266.870   170.000   
390.040   384.410   9.260   266.665   267.185   155.000   
391.640   386.010   9.256   266.665   267.185   132.000   
392.710   387.080   9.255   266.665   267.080   141.000   
394.310   388.680   9.255   266.665   266.660   147.000   
395.375   389.745   9.254   266.665   266.975   138.000   
396.440   391.350   9.252   266.665   266.975   117.000   
398.040   392.415   9.251   266.665   267.185   109.000   
399.110   393.485   9.250   266.665   266.870   112.000   
400.710   395.085   9.251   266.665   266.450   124.000   
401.775   396.150   9.252   266.665   266.340   139.000   
403.375   397.745   9.253   266.665   266.340   136.000   
404.440   398.815   9.254   266.665   266.660   131.000   
406.040   400.415   9.255   266.665   266.555   124.000   
407.110   401.480   9.257   266.665   266.340   141.000   
408.175   402.545   9.258   266.665   266.235   160.000   
409.775   404.140   9.259   266.665   266.340   154.000   
410.840   405.210   9.259   266.665   266.660   146.000   
412.440   406.810   9.259   266.665   266.660   142.000   
413.510   407.875   9.258   266.665   266.765   135.000   
415.110   409.475   9.261   266.665   266.555   156.000   
416.175   410.540   9.260   266.665   266.660   144.000   
417.775   412.145   9.258   266.665   266.870   142.000   
418.840   413.210   9.257   266.665   267.080   121.000   
419.910   414.280   9.256   266.665   266.870   125.000   
421.510   415.880   9.256   266.665   266.555   132.000   
422.575   416.945   9.256   266.665   266.765   132.000   
424.175   418.545   9.257   266.665   266.555   140.000   
425.240   419.610   9.257   266.665   266.660   131.000   
426.840   421.210   9.255   266.665   266.870   115.000   
427.910   422.280   9.255   266.665   266.765   119.000   
428.975   423.880   9.255   266.665   266.765   117.000   
430.575   424.945   9.255   266.665   266.660   117.000   
431.640   426.010   9.256   266.665   266.450   131.000   
433.240   427.610   9.256   266.665   266.660   116.000   
434.310   428.680   9.256   266.665   266.555   118.000   
435.910   430.275   9.257   266.665   266.555   135.000   
436.975   431.345   9.257   266.665   266.555   124.000   
438.575   432.945   9.258   266.665   266.450   130.000   
439.640   434.010   9.258   266.665   266.660   134.000   
440.710   435.610   9.259   266.665   266.660   140.000   
442.310   436.675   9.260   266.665   266.450   152.000   
443.375   437.740   9.260   266.665   266.555   143.000   
444.975   439.340   9.263   266.665   266.555   155.000   
446.040   440.405   9.263   266.665   266.450   141.000   
447.640   442.005   9.263   266.665   266.555   173.000   
448.710   443.070   9.263   266.665   266.660   164.000   
450.310   444.670   9.262   266.665   266.765   138.000   
451.375   445.740   9.261   266.665   266.870   146.000   
452.440   447.340   9.263   266.665   266.765   162.000   
454.040   448.405   9.264   266.665   266.450   177.000   
455.110   449.470   9.262   266.665   266.765   149.000   
456.710   451.075   9.259   266.665   267.185   130.000   
457.775   452.145   9.257   266.665   267.185   117.000   
459.375   453.745   9.256   266.665   266.660   135.000   
460.440   454.810   9.258   266.665   266.025   167.000   
462.040   456.405   9.262   266.665   266.025   187.000   
463.110   457.470   9.264   266.665   266.130   192.000   
464.175   458.535   9.266   266.665   266.340   189.000   
465.775   460.135   9.268   266.665   266.235   216.000   
466.840   461.195   9.271   266.665   265.920   261.000   
468.440   462.790   9.277   266.665   265.500   282.000   
469.510   463.850   9.283   266.665   265.500   332.000   
471.110   465.450   9.286   266.665   266.235   335.000   
472.175   466.515   9.285   266.665   266.975   297.000   
473.775   468.120   9.280   266.665   267.400   250.000   
474.840   469.195   9.276   266.665   267.925   236.000   
475.910   470.265   9.265   266.665   268.030   186.000   
477.510   471.875   9.258   266.665   268.455   134.000   
478.575   472.950   9.250   266.665   268.770   67.000   
480.175   474.565   9.237   266.665   268.665   52.000   
481.240   475.635   9.230   266.665   268.560   7.000   
482.840   477.240   9.226   266.665   267.295   10.000   
483.910   478.310   9.227   266.665   266.450   30.000   
484.975   479.905   9.232   266.665   265.605   65.000   
486.575   480.965   9.236   266.665   265.710   76.000   
487.640   482.025   9.243   266.665   265.605   106.000   
489.240   483.620   9.249   266.665   265.180   128.000   
490.310   484.680   9.255   266.665   265.180   163.000   
491.910   486.270   9.267   266.665   264.760   212.000   
492.975   487.330   9.271   266.665   265.285   223.000   
494.575   488.925   9.272   266.665   266.340   207.000   
495.640   489.995   9.269   266.665   266.975   185.000   
496.705   491.600   9.262   266.665   267.505   131.000   
498.305   492.670   9.261   266.665   267.400   115.000   
499.375   493.740   9.258   266.665   267.715   86.000   
500.975   495.345   9.252   266.665   267.820   60.000   
502.040   496.420   9.248   266.665   267.715   44.000   
503.640   498.025   9.242   266.665   267.715   22.000   
504.705   499.095   9.241   266.665   267.400   8.000   
506.305   500.695   9.240   266.665   266.660   31.000   
507.375   501.760   9.242   266.665   266.235   48.000   
508.440   502.820   9.245   266.665   266.130   63.000   
510.040   504.415   9.248   266.665   265.815   90.000   
511.105   505.480   9.252   266.665   265.815   116.000   
512.705   507.075   9.261   266.665   265.500   142.000   
513.775   508.135   9.265   266.665   265.390   164.000   
515.375   509.730   9.269   266.665   265.815   169.000   
516.440   510.795   9.270   266.665   266.340   156.000   
518.040   512.395   9.269   266.665   266.870   138.000   
519.105   513.465   9.267   266.665   266.975   131.000   
520.175   514.535   9.266   266.665   267.185   112.000   
521.775   516.140   9.261   266.665   267.295   91.000   
522.840   517.210   9.258   266.665   267.505   68.000   
524.440   518.815   9.252   266.665   267.505   46.000   
525.505   519.885   9.250   266.665   267.295   44.000   
527.105   521.485   9.247   266.665   267.080   45.000   
528.175   522.550   9.247   266.665   266.765   56.000   
529.240   524.150   9.248   266.665   266.555   61.000   
530.840   525.215   9.249   266.665   266.450   64.000   
531.905   526.280   9.253   266.665   266.130   88.000   
533.505   527.875   9.256   266.665   265.815   116.000   
534.575   528.940   9.261   266.665   265.815   136.000   
536.175   530.535   9.264   266.665   265.920   147.000   
537.240   531.600   9.266   266.665   266.130   169.000   
538.840   533.200   9.267   266.665   266.450   158.000   
539.905   534.265   9.268   266.665   266.450   160.000   
540.975   535.865   9.267   266.665   266.765   144.000   
542.575   536.930   9.268   266.665   266.660   158.000   
543.640   538.000   9.267   266.665   266.870   153.000   
545.240   539.605   9.263   266.665   267.080   124.000   
546.305   540.670   9.261   266.665   267.295   113.000   
547.905   542.275   9.257   266.665   267.185   94.000   
548.975   543.345   9.254   266.665   267.295   88.000   
550.575   544.945   9.254   266.665   266.975   89.000   
551.640   546.015   9.252   266.665   266.975   85.000   
552.705   547.615   9.253   266.665   266.660   99.000   
554.305   548.680   9.255   266.665   266.235   122.000   
555.375   549.740   9.257   266.665   266.130   139.000   
556.975   551.340   9.259   266.665   266.235   134.000   
558.040   552.405   9.261   266.665   266.450   143.000   
559.640   554.000   9.263   266.665   266.235   163.000   
560.705   555.065   9.266   266.665   266.130   179.000   
562.305   556.665   9.267   266.665   266.555   168.000   
563.375   557.730   9.268   266.665   266.340   183.000   
564.440   558.795   9.269   266.665   266.450   191.000   
566.040   560.400   9.268   266.665   266.975   169.000   
567.105   561.465   9.266   266.665   267.185   146.000   
568.705   563.070   9.262   266.665   267.400   133.000   
569.775   564.140   9.261   266.665   266.975   138.000   
571.375   565.740   9.258   266.665   267.080   123.000   
572.440   566.810   9.258   266.665   267.080   121.000   
574.040   568.410   9.254   266.665   266.975   110.000   
575.105   569.480   9.253   266.665   267.080   103.000   
576.175   570.550   9.251   266.665   266.975   102.000   
577.775   572.145   9.252   266.665   266.555   110.000   
578.840   573.215   9.252   266.665   266.450   118.000   
580.440   574.810   9.255   266.665   266.555   115.000   
581.505   575.880   9.254   266.665   266.660   110.000   
583.105   577.480   9.255   266.665   266.235   125.000   
584.175   578.540   9.258   266.665   266.025   151.000   
585.240   580.140   9.259   266.665   266.235   150.000   
586.840   581.205   9.259   266.665   266.555   136.000   
587.905   582.275   9.260   266.665   266.870   147.000   
589.505   583.875   9.257   266.665   267.080   128.000   
590.575   584.940   9.258   266.665   266.555   144.000   
592.175   586.540   9.258   266.665   266.660   144.000   
593.240   587.610   9.258   266.665   266.555   143.000   
594.840   589.210   9.257   266.665   266.870   136.000   
595.905   590.275   9.255   266.665   266.975   120.000   
596.975   591.880   9.255   266.665   266.870   126.000   
598.575   592.945   9.255   266.665   266.765   122.000   
599.640   594.010   9.255   266.665   266.555   134.000   
601.240   595.610   9.255   266.665   266.660   127.000   
602.305   596.675   9.257   266.665   266.660   122.000   
603.905   598.275   9.255   266.665   266.660   122.000   
604.975   599.345   9.256   266.665   266.660   129.000   
606.575   600.945   9.256   266.665   266.660   132.000   
607.640   602.010   9.257   266.665   266.555   130.000   
608.705   603.075   9.258   266.665   266.555   148.000   
610.305   604.675   9.259   266.665   266.555   127.000   
611.375   605.740   9.258   266.665   266.765   123.000   
612.970   607.345   9.256   264.700   266.870   110.000   
614.020   608.410   9.250   261.755   266.450   133.000   
615.575   610.010   9.213   254.880   266.450   134.000   
616.580   611.075   9.153   249.315   266.660   120.000   
618.985   613.730   8.830   229.740   264.230   54.000   
619.885   614.775   8.514   220.215   261.590   -14.000   
621.160   616.315   8.252   205.670   257.790   -55.000   
621.965   617.315   7.956   195.975   252.720   -162.000   
623.095   618.765   7.457   181.430   239.835   -245.000   
623.805   619.690   7.104   171.730   231.810   -348.000   
624.790   621.010   6.573   157.185   222.725   -489.000   
625.400   621.840   6.222   147.490   212.695   -549.000   
625.970   623.010   5.699   137.790   192.310   -644.000   
626.755   623.740   5.347   123.245   182.175   -710.000   
627.225   624.430   4.830   113.550   171.930   -775.000   
627.865   625.380   4.489   99.005   161.370   -810.000   
628.240   625.960   4.154   89.310   150.810   -808.000   
628.735   626.755   3.656   74.765   129.370   -776.000   
629.015   627.230   3.331   65.065   118.490   -733.000   
629.360   627.860   2.849   50.520   107.930   -629.000   
629.540   628.235   2.527   40.825   97.795   -552.000   
629.685   628.715   2.043   31.455   78.255   -476.000   
629.840   628.990   1.722   19.855   68.750   -445.000   
629.905   629.230   1.412   13.755   59.245   -390.000   
629.965   629.515   0.982   6.740   50.060   -368.000   
629.985   629.665   0.732   3.260   41.185   -371.000   
629.995   629.825   0.425   0.000   24.925   -354.000   
630.000   629.900   0.267   0.000   18.165   -353.000   
630.000   629.965   0.113   0.000   12.355   -340.000   
630.000   629.985   0.053   0.000   7.395   -319.000   
630.000   629.995   0.017   0.000   3.590   -266.000   
630.000   629.990   0.014   0.000   -0.635   -237.000   
630.000   629.985   0.016   0.000   -1.585   -179.000   
630.000   629.970   0.029   0.000   -2.325   -121.000   
630.000   629.960   0.041   0.000   -2.640   -59.000   
630.000   629.940   0.058   0.000   -2.850   42.000   
630.000   629.930   0.068   0.000   -2.640   103.000   
630.000   629.920   0.082   0.000   -2.430   181.000   
630.000   629.910   0.088   0.000   -1.795   201.000   
630.000   629.910   0.089   0.000   -0.950   195.000   
630.000   629.915   0.087   0.000   0.420   187.000   
630.000   629.920   0.082   0.000   1.265   156.000   
630.000   629.930   0.071   0.000   1.795   122.000   
630.000   629.940   0.060   0.000   2.325   79.000   
630.000   629.960   0.041   0.000   3.380   -8.000   
630.000   629.975   0.027   0.000   3.380   -62.000   
630.000   629.995   0.007   0.000   3.380   -129.000   
630.000   630.005   -0.003   0.000   2.955   -151.000   
630.000   630.010   -0.012   0.000   2.220   -137.000   
630.000   630.015   -0.014   0.000   0.420   -107.000   
630.000   630.015   -0.013   0.000   -0.105   -80.000   
630.000   630.010   -0.011   0.000   -0.210   -68.000   
630.000   630.010   -0.008   0.000   -0.635   -48.000   
630.000   630.000   0.000   0.000   -1.375   12.000   
630.000   629.995   0.006   0.000   -1.585   54.000   
630.000   629.985   0.016   0.000   -1.585   95.000   
630.000   629.980   0.020   0.000   -1.375   108.000   
630.000   629.980   0.022   0.000   -0.740   91.000   
630.000   629.980   0.022   0.000   0.105   76.000   
630.000   629.980   0.020   0.000   0.315   72.000   
630.000   629.985   0.017   0.000   0.530   62.000   
630.000   629.985   0.013   0.000   0.740   39.000   
630.000   629.995   0.005   0.000   1.265   -7.000   
630.000   630.000   -0.000   0.000   1.480   -33.000   
630.000   630.010   -0.008   0.000   1.265   -59.000   
630.000   630.010   -0.011   0.000   0.950   -60.000   
630.000   630.010   -0.011   0.000   0.530   -40.000   
630.000   630.010   -0.011   0.000   -0.105   -31.000   
630.000   630.010   -0.010   0.000   -0.210   -26.000   
630.000   630.010   -0.008   0.000   -0.315   -16.000   
630.000   630.005   -0.006   0.000   -0.420   -1.000   
630.000   630.000   -0.001   0.000   -0.845   26.000   
630.000   630.000   0.002   0.000   -0.845   43.000   
630.000   629.995   0.005   0.000   -0.635   51.000   
630.000   629.995   0.006   0.000   -0.315   42.000   
630.000   629.995   0.006   0.000   -0.105   29.000   
630.000   629.995   0.005   0.000   0.105   27.000   
630.000   629.995   0.005   0.000   0.210   23.000   
630.000   629.995   0.003   0.000   0.210   15.000   
630.000   630.000   0.001   0.000   0.315   3.000   
630.000   630.000   -0.001   0.000   0.530   -9.000   
630.000   630.005   -0.003   0.000   0.315   -13.000   
630.000   630.005   -0.003   0.000   0.210   -6.000   
630.000   630.005   -0.003   0.000   0.000   0.000   
630.000   630.005   -0.003   0.000   -0.105   6.000   
630.000   630.000   -0.002   0.000   -0.210   7.000   
630.000   630.000   -0.001   0.000   -0.105   9.000   
630.000   630.000   0.000   0.000   -0.210   14.000   
630.000   630.000   0.001   0.000   -0.210   24.000   
630.000   630.000   0.002   0.000   -0.210   24.000   
630.000   630.000   0.002   0.000   0.000   20.000   
630.000   630.000   0.002   0.000   0.105   12.000   
630.000   630.000   0.001   0.000   0.105   12.000   
630.000   630.000   0.000   0.000   0.105   8.000   
630.000   630.000   -0.000   0.000   0.210   4.000   
630.000   630.000   -0.001   0.000   0.105   1.000   
630.000   630.000   -0.002   0.000   0.210   -4.000   
630.000   630.005   -0.003   0.000   0.105   -4.000   
630.000   630.000   -0.002   0.000   -0.105   2.000   
630.000   630.000   -0.002   0.000   0.000   4.000   
630.000   630.000   -0.002   0.000   -0.105   7.000   
630.000   630.000   -0.001   0.000   -0.210   12.000   
630.000   630.000   0.000   0.000   -0.105   17.000   
630.000   630.000   0.001   0.000   -0.210   21.000   
630.000   630.000   0.002   0.000   -0.105   24.000   
630.000   630.000   0.002   0.000   -0.105   22.000   
630.000   630.000   0.002   0.000   0.000   18.000   
630.000   630.000   0.002   0.000   0.000   16.000   
630.000   630.000   0.001   0.000   0.105   17.000   
630.000   630.000   0.001   0.000   0.105   10.000   
630.000   630.000   0.000   0.000   0.210   7.000   
630.000   630.000   -0.001   0.000   0.105   3.000   
630.000   630.000   -0.002   0.000   0.210   1.000   
630.000   630.000   -0.002   0.000   0.000   2.000   
630.000   630.000   -0.002   0.000   0.000   6.000   
630.000   630.000   -0.001   0.000   0.000   7.000   
630.000   630.000   -0.001   0.000   -0.105   9.000   
630.000   630.000   -0.000   0.000   -0.105   9.000   
630.000   630.000   -0.000   0.000   0.000   12.000   
630.000   630.000   0.000   0.000   -0.105   17.000   
630.000   630.000   0.000   0.000   -0.105   17.000   
630.000   630.000   0.000   0.000   0.000   13.000   
630.000   630.000   0.000   0.000   0.000   13.000   
630.000   630.000   0.000   0.000   0.000   9.000   
630.000   630.000   0.000   0.000   0.000   9.000   
630.000   630.000   0.000   0.000   0.105   9.000   
630.000   630.000   -0.000   0.000   0.105   7.000   
630.000   630.000   -0.000   0.000   0.000   7.000   
630.000   630.000   -0.000   0.000   0.105   7.000   
630.000   630.000   -0.000   0.000   -0.105   10.000   
630.000   630.000   -0.000   0.000   0.000   11.000   
630.000   630.000   -0.000   0.000   0.000   15.000   
630.000   630.000   0.000   0.000   -0.105   14.000   
630.000   630.000   0.000   0.000   0.000   15.000   
630.000   630.000   0.000   0.000   -0.105   16.000   
630.000   630.000   0.000   0.000   0.000   12.000   
630.000   630.000   0.000   0.000   0.000   11.000   
630.000   630.000   0.000   0.000   0.105   12.000   
630.000   630.000   0.000   0.000   0.000   11.000   
630.000   630.000   -0.000   0.000   0.000   8.000   
630.000   630.000   -0.001   0.000   0.105   7.000   
630.000   630.000   -0.001   0.000   0.000   7.000   
630.000   630.000   -0.001   0.000   0.000   7.000   
630.000   630.000   -0.001   0.000   0.000   8.000   
630.000   630.000   -0.001   0.000   0.000   9.000   
630.000   630.000   -0.000   0.000   -0.105   10.000   
630.000   630.000   -0.000   0.000   0.000   12.000   
630.000   630.000   0.000   0.000   -0.105   12.000   
630.000   630.000   0.000   0.000   -0.105   14.000   
630.000   630.000   0.000   0.000   0.000   16.000   
630.000   630.000   0.001   0.000   -0.105   17.000   
630.000   630.000   0.000   0.000   0.105   13.000   
630.000   630.000   0.000   0.000   0.000   12.000   
630.000   630.000   0.000   0.000   0.000   13.000   
630.000   630.000   0.000   0.000   0.105   11.000   
630.000   630.000   -0.000   0.000   0.000   10.000   
630.000   630.000   -0.000   0.000   0.105   7.000   
630.000   630.000   -0.001   0.000   0.105   8.000   
630.000   630.000   -0.001   0.000   0.000   9.000   
630.000   630.000   -0.001   0.000   0.000   9.000   
630.000   630.000   -0.000   0.000   -0.105   10.000   
630.000   630.000   -0.000   0.000   0.000   11.000   
630.000   630.000   -0.000   0.000   0.000   10.000   
630.000   630.000   0.000   0.000   -0.105   12.000   
630.000   630.000   0.000   0.000   0.000   12.000   
630.000   630.000   0.000   0.000   0.000   13.000   
630.000   630.000   0.000   0.000   0.000   10.000   
630.000   630.000   0.000   0.000   0.000   9.000   
630.000   630.000   0.000   0.000   0.000   9.000   
630.000   630.000   0.000   0.000   0.000   10.000   
630.000   630.000   -0.000   0.000   0.105   10.000   
630.000   630.000   -0.000   0.000   0.000   9.000   
630.000   630.000   -0.000   0.000   0.000   11.000   
630.000   630.000   -0.000   0.000   0.000   12.000   
630.000   630.000   -0.000   0.000   0.000   8.000   
630.000   630.000   0.000   0.000   0.000   12.000   
630.000   630.000   0.000   0.000   0.000   13.000   
630.000   630.000   0.000   0.000   0.000   11.000   
630.000   630.000   0.000   0.000   0.000   13.000   
630.000   630.000   0.000   0.000   0.000   25.000   
630.000   630.000   0.000   0.000   0.000   24.000   
630.000   630.000   0.000   0.000   0.000   24.000   
630.000   630.000   0.000   0.000   0.000   19.000   
630.000   630.000   -0.000   0.000   0.000   19.000   
630.000   630.000   -0.000   0.000   0.000   16.000   
630.000   630.000   -0.000   0.000   0.000   15.000   
630.000   630.000   -0.001   0.000   0.105   15.000   
630.000   630.000   -0.001   0.000   0.000   15.000   
630.000   630.000   -0.001   0.000   0.000   16.000   
630.000   630.000   -0.000   0.000   -0.105   18.000   
630.000   630.000   -0.000   0.000   0.000   20.000   
630.000   630.000   0.000   0.000   0.000   23.000   
630.000   630.000   0.000   0.000   -0.105   24.000   
630.000   630.000   0.000   0.000   0.000   22.000   
630.000   630.000   0.000   0.000   0.000   26.000   
630.000   630.000   0.000   0.000   0.000   26.000   
630.000   630.000   0.000   0.000   0.000   18.000   
630.000   630.000   0.000   0.000   0.000   21.000   
630.000   630.000   0.000   0.000   0.000   22.000   
630.000   630.000   0.000   0.000   0.000   20.000   
630.000   630.000   -0.000   0.000   0.000   19.000   
630.000   630.000   -0.000   0.000   0.105   18.000   
630.000   630.000   -0.000   0.000   0.000   18.000   
630.000   630.000   -0.000   0.000   0.000   18.000   
630.000   630.000   -0.000   0.000   0.000   20.000   
630.000   630.000   -0.000   0.000   0.000   22.000   
630.000   630.000   -0.000   0.000   0.000   21.000   
630.000   630.000   0.000   0.000   -0.105   23.000   
630.000   630.000   0.000   0.000   0.000   21.000   
630.000   630.000   0.000   0.000   0.000   23.000   
630.000   630.000   0.000   0.000   0.000   20.000   
630.000   630.000   0.000   0.000   0.000   22.000   
630.000   630.000   0.000   0.000   0.000   19.000   
630.000   630.000   -0.000   0.000   0.105   18.000   
630.000   630.000   -0.000   0.000   0.000   18.000   
630.000   630.000   -0.000   0.000   0.000   18.000   
630.000   630.000   -0.000   0.000   0.000   20.000   
630.000   630.000   -0.000   0.000   0.000   18.000   
630.000   630.000   -0.000   0.000   0.000   10.000   
630.000   630.000   0.000   0.000   -0.105   13.000   
630.000   630.000   0.000   0.000   0.000   13.000   
630.000   630.000   0.000   0.000   0.000   13.000   
630.000   630.000   0.000   0.000   0.000   13.000   
630.000   630.000   0.000   0.000   0.000   12.000   
630.000   630.000   0.000   0.000   0.000   12.000   
630.000   630.000   0.000   0.000   0.000   11.000   
630.000   630.000   0.000   0.000   0.000   12.000   
630.000   630.000   0.000   0.000   0.000   9.000   
630.000   630.000   0.000   0.000   0.000   10.000   
630.000   630.000   -0.000   0.000   0.105   9.000   
630.000   630.000   -0.000   0.000   0.000   8.000   
630.000   630.000   -0.000   0.000   0.000   9.000   
630.000   630.000   -0.000   0.000   0.000   9.000   
630.000   630.000   -0.000   0.000   0.000   9.000   
630.000   630.000   -0.000   0.000   0.000   9.000   
630.000   630.000   -0.000   0.000   0.000   12.000   
630.000   630.000   0.000   0.000   0.000   12.000   
630.000   630.000   0.000   0.000   -0.105   12.000   
630.000   630.000   0.000   0.000   0.000   12.000   
630.000   630.000   0.000   0.000   0.000   14.000   
630.000   630.000   0.000   0.000   0.000   13.000   
630.000   630.000   0.000   0.000   0.000   12.000   
630.000   630.000   0.000   0.000   0.000   12.000   
630.000   630.000   0.000   0.000   0.000   13.000   
630.000   630.000   0.000   0.000   0.000   12.000   
630.000   630.000   -0.000   0.000   0.000   11.000   
630.000   630.000   0.000   0.000   0.000   12.000   
630.000   630.000   -0.000   0.000   0.105   9.000   
630.000   630.000   -0.000   0.000   0.000   12.000   
630.000   630.000   -0.000   0.000   0.000   11.000   
630.000   630.000   -0.000   0.000   -0.105   11.000   
630.000   630.000   0.000   0.000   0.000   10.000   
630.000   630.000   0.000   0.000   0.000   8.000   
630.000   630.000   0.000   0.000   0.000   13.000   
630.000   630.000   0.000   0.000   0.000   12.000   
630.000   630.000   0.000   0.000   0.000   8.000   
630.000   630.000   -0.000   0.000   0.105   9.000   
630.000   630.000   -0.000   0.000   0.105   11.000   
630.000   630.000   -0.000   0.000   0.000   9.000   
630.000   630.000   -0.000   0.000   0.000   12.000   
630.000   630.000   -0.000   0.000   0.000   10.000   
630.000   630.000   -0.000   0.000   0.000   10.000   
630.000   630.000   -0.000   0.000   0.000   13.000   
630.000   630.000   0.000   0.000   -0.105   10.000   
630.000   630.000   0.000   0.000   0.000   10.000   
630.000   630.000   0.000   0.000   0.000   14.000   
630.000   630.000   0.000   0.000   0.000   12.000   
630.000   630.000   0.000   0.000   0.000   15.000   
630.000   630.000   0.000   0.000   0.000   13.000   
630.000   630.000   0.000   0.000   0.000   10.000   
630.000   630.000   0.000   0.000   0.000   10.000   
630.000   630.000   0.000   0.000   0.000   9.000   
630.000   630.000   0.000   0.000   0.000   11.000   
630.000   630.000   -0.000   0.000   0.000   13.000   
630.000   630.000   -0.000   0.000   0.105   10.000   
630.000   630.000   -0.000   0.000   0.000   10.000   
630.000   630.000   -0.000   0.000   0.000   10.000   
630.000   630.000   -0.000   0.000   0.000   12.000   
630.000   630.000   -0.000   0.000   0.000   11.000   
630.000   630.000   -0.000   0.000   0.000   9.000   
630.000   630.000   -0.000   0.000   0.000   10.000   
630.000   630.000   -0.000   0.000   0.000   10.000   
630.000   630.000   0.000   0.000   -0.105   14.000   
630.000   630.000   0.000   0.000   0.000   10.000   
630.000   630.000   0.000   0.000   0.000   10.000   
630.000   630.000   0.000   0.000   0.000   11.000   
630.000   630.000   0.000   0.000   0.000   11.000   
630.000   630.000   0.000   0.000   0.000   11.000   
630.000   630.000   0.000   0.000   0.000   14.000   
630.000   630.000   0.000   0.000   0.000   11.000   
630.000   630.000   0.000   0.000   0.000   10.000   
630.000   630.000   0.000   0.000   0.000   13.000   
630.000   630.000   0.000   0.000   0.000   12.000   
630.000   630.000   0.000   0.000   0.000   11.000   
630.000   630.000   0.000   0.000   0.000   13.000   
630.000   630.000   0.000   0.000   0.000   9.000   
630.000   630.000   0.000   0.000   0.000   12.000   
630.000   630.000   0.000   0.000   0.000   13.000   
630.000   630.000   0.000   0.000   0.000   11.000   
630.000   630.000   -0.000   0.000   0.105   11.000   
630.000   630.000   -0.000   0.000   0.000   12.000   
630.000   630.000   -0.000   0.000   0.000   10.000   
630.000   630.000   -0.000   0.000   0.000   11.000   
630.000   630.000   -0.000   0.000   0.000   10.000   
630.000   630.000   -0.000   0.000   0.000   9.000   
630.000   630.000   -0.000   0.000   0.000   11.000   
630.000   630.000   -0.000   0.000   0.000   10.000   
630.000   630.000   -0.000   0.000   0.000   13.000   
630.000   630.000   0.000   0.000   -0.105   12.000   
630.000   630.000   0.000   0.000   0.000   12.000   
630.000   630.000   0.000   0.000   0.000   11.000   
630.000   630.000   0.000   0.000   0.000   12.000   
630.000   630.000   0.000   0.000   0.000   12.000   
630.000   630.000   0.000   0.000   0.000   14.000   
630.000   630.000   0.000   0.000   0.000   12.000   
630.000   630.000   0.000   0.000   0.000   15.000   
630.000   630.000   0.000   0.000   0.000   12.000   
630.000   630.000   0.000   0.000   0.000   14.000   
630.000   630.000   -0.000   0.000   0.000   12.000   
630.000   630.000   -0.000   0.000   0.105   9.000   
630.000   630.000   -0.000   0.000   0.000   12.000   
630.000   630.000   -0.000   0.000   0.000   12.000   
630.000   630.000   -0.000   0.000   0.000   10.000   
630.000   630.000   -0.000   0.000   0.000   10.000   
630.000   630.000   -0.000   0.000   0.000   11.000   
630.000   630.000   0.000   0.000   -0.105   13.000   
630.000   630.000   -0.000   0.000   0.105   12.000   
630.000   630.000   -0.000   0.000   0.000   12.000   
630.000   630.000   0.000   0.000   -0.105   13.000   
630.000   630.000   0.000   0.000   -0.105   11.000   
630.000   630.000   0.000   0.000   0.000   11.000   
630.000   630.000   -0.000   0.000   0.105   9.000   
630.000   630.000   -0.000   0.000   -0.105   12.000   
630.000   630.000   0.000   0.000   0.000   12.000   
630.000   630.000   0.000   0.000   -0.105   10.000   
630.000   630.000   0.000   0.000   0.000   12.000   
630.000   630.000   0.000   0.000   0.000   12.000   
630.000   630.000   0.000   0.000   0.000   4.000   
630.000   630.000   0.000   0.000   0.000   5.000   
630.000   630.000   0.000   0.000   0.000   4.000   
630.000   630.000   0.000   0.000   0.000   2.000   
630.000   630.000   0.000   0.000   0.000   3.000   
630.000   630.000   0.000   0.000   0.000   4.000   
630.000   630.000   0.000   0.000   0.000   2.000   
630.000   630.000   0.000   0.000   0.000   2.000   
630.000   630.000   -0.000   0.000   0.105   1.000   
630.000   630.000   -0.000   0.000   0.000   1.000   
630.000   630.000   -0.000   0.000   0.000   4.000   
630.000   630.000   -0.000   0.000   0.000   1.000   
630.000   630.000   -0.000   0.000   0.000   1.000   
630.000   630.000   -0.000   0.000   0.000   -3.000   
630.000   630.000   -0.000   0.000   0.000   -1.000   
630.000   630.000   -0.000   0.000   0.000   2.000   
630.000   630.000   -0.000   0.000   0.000   4.000   
630.000   630.000   0.000   0.000   -0.105   6.000   
630.000   630.000   0.000   0.000   0.000   -1.000   
630.000   630.000   0.000   0.000   0.000   5.000   
630.000   630.000   0.000   0.000   0.000   4.000   
630.000   630.000   0.000   0.000   0.000   4.000   
630.000   630.000   0.000   0.000   0.000   3.000   
630.000   630.000   0.000   0.000   0.000   4.000   
630.000   630.000   0.000   0.000   0.000   -2.000   
630.000   630.000   0.000   0.000   0.000   1.000   
630.000   630.000   0.000   0.000   0.000   2.000   
630.000   630.000   0.000   0.000   0.000   2.000   
630.000   630.000   -0.000   0.000   0.000   1.000   
630.000   630.000   -0.000   0.000   0.105   2.000   
630.000   630.000   0.000   0.000   -0.105   3.000   
630.000   630.000   0.000   0.000   0.105   2.000   
630.000   630.000   -0.000   0.000   0.000   2.000   
630.000   630.000   -0.000   0.000   0.000   2.000   
630.000   630.000   -0.000   0.000   0.000   3.000   
630.000   630.000   -0.000   0.000   0.000   3.000   
630.000   630.000   -0.000   0.000   0.000   2.000   
630.000   630.000   -0.000   0.000   -0.105   2.000   
630.000   630.000   -0.000   0.000   0.000   4.000   
630.000   630.000   -0.000   0.000   0.000   1.000   
630.000   630.000   -0.000   0.000   0.000   10.000   
630.000   630.000   -0.000   0.000   -0.105   13.000   
630.000   630.000   0.000   0.000   -0.105   14.000   
630.000   630.000   0.000   0.000   0.000   10.000   
630.000   630.000   0.000   0.000   0.000   12.000   
630.000   630.000   0.000   0.000   0.000   13.000   
630.000   630.000   0.000   0.000   0.000   14.000   
630.000   630.000   0.000   0.000   0.000   13.000   
630.000   630.000   0.000   0.000   0.000   16.000   
630.000   630.000   0.000   0.000   0.000   12.000   
630.000   630.000   0.000   0.000   0.000   11.000   
630.000   630.000   0.000   0.000   0.000   14.000   
630.000   630.000   0.000   0.000   0.000   12.000   
630.000   630.000   0.000   0.000   0.000   12.000   
630.000   630.000   -0.000   0.000   0.105   11.000   
630.000   630.000   -0.000   0.000   0.000   10.000   
630.000   630.000   -0.000   0.000   0.000   12.000   
630.000   630.000   -0.000   0.000   0.000   12.000   
630.000   630.000   -0.000   0.000   0.000   10.000   
630.000   630.000   -0.000   0.000   0.000   10.000   
630.000   630.000   -0.000   0.000   0.000   12.000   
630.000   630.000   -0.000   0.000   0.000   14.000   
630.000   630.000   0.000   0.000   0.000   10.000   
630.000   630.000   -0.000   0.000   -0.105   15.000   
630.000   630.000   0.000   0.000   0.000   12.000   
630.000   630.000   0.000   0.000   0.000   12.000   
630.000   630.000   0.000   0.000   0.000   12.000   
630.000   630.000   0.000   0.000   0.000   13.000   
630.000   630.000   0.000   0.000   0.000   14.000   
630.000   630.000   0.000   0.000   0.000   12.000   
630.000   630.000   0.000   0.000   0.000   12.000   
630.000   630.000   0.000   0.000   0.000   14.000   
630.000   630.000   0.000   0.000   0.000   13.000   
630.000   630.000   0.000   0.000   0.000   10.000   
630.000   630.000   0.000   0.000   0.000   10.000   
630.000   630.000   0.000   0.000   0.000   12.000   
630.000   630.000   0.000   0.000   0.000   14.000   
630.000   630.000   0.000   0.000   0.000   14.000   
630.000   630.000   0.000   0.000   -0.105   12.000   
630.000   630.000   -0.000   0.000   0.105   10.000   
630.000   630.000   -0.000   0.000   0.000   12.000   
630.000   630.000   -0.000   0.000   0.000   13.000   
630.000   630.000   -0.000   0.000   0.000   11.000   
630.000   630.000   -0.000   0.000   0.000   10.000   
630.000   630.000   -0.000   0.000   0.000   9.000   
630.000   630.000   -0.000   0.000   0.000   10.000   
630.000   630.000   -0.000   0.000   0.000   11.000   
630.000   630.000   -0.000   0.000   0.000   13.000   
630.000   630.000   0.000   0.000   -0.105   15.000   
630.000   630.000   0.000   0.000   0.000   13.000   
630.000   630.000   0.000   0.000   0.000   15.000   
630.000   630.000   0.000   0.000   0.000   12.000   
630.000   630.000   0.000   0.000   0.000   12.000   
630.000   630.000   0.000   0.000   0.000   14.000   
630.000   630.000   0.000   0.000   0.000   11.000   
630.000   630.000   0.000   0.000   0.000   12.000   
630.000   630.000   0.000   0.000   0.000   15.000   
630.000   630.000   0.000   0.000   0.000   11.000   
630.000   630.000   0.000   0.000   0.000   11.000   
630.000   630.000   -0.000   0.000   0.000   15.000   
630.000   630.000   -0.000   0.000   0.000   12.000   
630.000   630.000   -0.000   0.000   0.000   11.000   
630.000   630.000   -0.000   0.000   0.000   8.000   
630.000   630.000   -0.000   0.000   0.000   10.000   
630.000   630.000   -0.000   0.000   0.000   11.000   
630.000   630.000   -0.000   0.000   0.000   10.000   
630.000   630.000   -0.000   0.000   0.000   10.000   
630.000   630.000   -0.000   0.000   0.000   12.000   
630.000   630.000   -0.000   0.000   -0.105   10.000   
630.000   630.000   0.000   0.000   0.105   11.000   
630.000   630.000   0.000   0.000   -0.105   8.000   
630.000   630.000   0.000   0.000   0.000   12.000   
630.000   630.000   0.000   0.000   0.000   13.000   
630.000   630.000   0.000   0.000   0.000   13.000   
630.000   630.000   0.000   0.000   0.000   13.000   
630.000   630.000   0.000   0.000   0.000   11.000   
630.000   630.000   0.000   0.000   0.000   9.000   
630.000   630.000   0.000   0.000   0.000   10.000   
630.000   630.000   0.000   0.000   0.000   13.000   
630.000   630.000   0.000   0.000   0.000   14.000   
630.000   630.000   0.000   0.000   0.000   12.000   
630.000   630.000   0.000   0.000   0.000   15.000   
630.000   630.000   0.000   0.000   0.000   11.000   
630.000   630.000   0.000   0.000   0.000   14.000   
630.000   630.000   0.000   0.000   0.000   10.000   
630.000   630.000   -0.000   0.000   0.105   12.000   
630.000   630.000   -0.000   0.000   0.000   10.000   
630.000   630.000   -0.000   0.000   0.000   13.000   
630.000   630.000   -0.000   0.000   0.000   15.000   
630.000   630.000   -0.000   0.000   0.000   10.000   
630.000   630.000   -0.000   0.000   0.000   10.000   
630.000   630.000   -0.000   0.000   0.000   13.000   
630.000   630.000   -0.000   0.000   0.000   13.000   
630.000   630.000   0.000   0.000   -0.105   11.000   
630.000   630.000   0.000   0.000   0.000   13.000   
630.000   630.000   0.000   0.000   0.000   13.000   
630.000   630.000   0.000   0.000   0.000   13.000   
630.000   630.000   0.000   0.000   0.000   13.000   
630.000   630.000   0.000   0.000   0.000   15.000   
630.000   630.000   0.000   0.000   0.000   13.000   
630.000   630.000   0.000   0.000   0.000   15.000   
630.000   630.000   0.000   0.000   0.000   12.000   
630.000   630.000   0.000   0.000   0.000   12.000   
630.000   630.000   0.000   0.000   0.000   12.000   
630.000   630.000   0.000   0.000   0.000   12.000   
630.000   630.000   0.000   0.000   0.000   10.000   
630.000   630.000   0.000   0.000   0.000   12.000   
630.000   630.000   -0.000   0.000   0.105   11.000   
630.000   630.000   -0.000   0.000   0.000   13.000   
630.000   630.000   -0.000   0.000   0.000   13.000   
630.000   630.000   -0.000   0.000   0.000   13.000   
630.000   630.000   -0.000   0.000   0.000   12.000   
630.000   630.000   -0.000   0.000   0.000   13.000   
630.000   630.000   -0.000   0.000   0.000   12.000   
630.000   630.000   -0.000   0.000   0.000   15.000   
630.000   630.000   0.000   0.000   -0.105   13.000   
630.000   630.000   -0.000   0.000   0.105   11.000   
630.000   630.000   0.000   0.000   -0.105   13.000   
630.000   630.000   0.000   0.000   0.000   13.000   
630.000   630.000   0.000   0.000   0.000   24.000   
630.000   630.000   0.000   0.000   0.000   24.000   
630.000   630.000   0.000   0.000   0.000   22.000   
630.000   630.000   0.000   0.000   0.000   25.000   
630.000   630.000   0.000   0.000   0.000   21.000   
630.000   630.000   0.000   0.000   0.000   23.000   
630.000   630.000   0.000   0.000   0.000   21.000   
630.000   630.000   0.000   0.000   0.000   22.000   
630.000   630.000   0.000   0.000   0.000   23.000   
630.000   630.000   0.000   0.000   0.000   23.000   
630.000   630.000   0.000   0.000   0.000   22.000   
630.000   630.000   0.000   0.000   0.000   23.000   
630.000   630.000   -0.000   0.000   0.000   20.000   
630.000   630.000   -0.000   0.000   0.105   22.000   
630.000   630.000   -0.000   0.000   0.000   22.000   
630.000   630.000   -0.000   0.000   0.000   24.000   
630.000   630.000   -0.000   0.000   0.000   21.000   
630.000   630.000   -0.000   0.000   0.000   21.000   
630.000   630.000   -0.000   0.000   0.000   24.000   
630.000   630.000   -0.000   0.000   0.000   21.000   
630.000   630.000   0.000   0.000   -0.105   25.000   
630.000   630.000   0.000   0.000   0.105   22.000   
630.000   630.000   -0.000   0.000   0.000   23.000   
630.000   630.000   0.000   0.000   -0.105   23.000   
630.000   630.000   0.000   0.000   0.000   22.000   
630.000   630.000   0.000   0.000   0.000   23.000   
630.000   630.000   0.000   0.000   0.000   23.000   
630.000   630.000   0.000   0.000   0.000   24.000   
630.000   630.000   0.000   0.000   0.000   23.000   
630.000   630.000   0.000   0.000   0.000   25.000   
630.000   630.000   0.000   0.000   0.000   24.000   
630.000   630.000   0.000   0.000   0.000   24.000   
630.000   630.000   0.000   0.000   0.000   23.000   
630.000   630.000   0.000   0.000   0.000   26.000   
630.000   630.000   -0.000   0.000   0.105   21.000   
630.000   630.000   -0.000   0.000   -0.105   24.000   
630.000   630.000   -0.000   0.000   0.000   22.000   
630.000   630.000   -0.000   0.000   0.000   25.000   
630.000   630.000   -0.000   0.000   0.000   23.000   
630.000   630.000   -0.000   0.000   0.000   23.000   
630.000   630.000   -0.000   0.000   0.000   13.000   
630.000   630.000   -0.000   0.000   0.000   12.000   
630.000   630.000   -0.000   0.000   0.000   10.000   
630.000   630.000   -0.000   0.000   0.000   12.000   
630.000   630.000   -0.000   0.000   0.000   10.000   
630.000   630.000   0.000   0.000   -0.105   11.000   
630.000   630.000   0.000   0.000   0.000   14.000   
